dataset	sample_id	run_accession	biosample	secondary_biosample	experiment_accession	technical_unit	library_name	library_layout	fastq_1_url	fastq_2_url	fastq_1_md5	fastq_2_md5	fastq_1_bytes	fastq_2_bytes	read_count	base_count	ena_first_public	ena_query_url
PRJEB32839	x_eggs_r1	ERR11178266	SAMEA7225666	ERS4985651	ERX10611152	lane_1	NT1631279D	PAIRED	https://ftp.sra.ebi.ac.uk/vol1/fastq/ERR111/066/ERR11178266/ERR11178266_1.fastq.gz	https://ftp.sra.ebi.ac.uk/vol1/fastq/ERR111/066/ERR11178266/ERR11178266_2.fastq.gz	bfdc7f70d115a7e6dc942b324a61b08a	25d855abeeb55bc860b9e32643743a54	924170229	1011691375	74101028	7484203828	2023-03-30	https://www.ebi.ac.uk/ena/portal/api/filereport?accession=PRJEB32839&result=read_run&fields=study_accession%2Csecondary_study_accession%2Crun_accession%2Cexperiment_accession%2Csample_accession%2Csecondary_sample_accession%2Csample_alias%2Csample_title%2Csample_description%2Cexperiment_title%2Clibrary_name%2Clibrary_layout%2Clibrary_strategy%2Clibrary_source%2Clibrary_selection%2Cinstrument_platform%2Cinstrument_model%2Cfastq_ftp%2Cfastq_md5%2Cfastq_bytes%2Cread_count%2Cbase_count%2Cfirst_public&format=tsv&download=false
PRJEB32839	x_eggs_r1	ERR11178356	SAMEA7225666	ERS4985651	ERX10611242	lane_2	NT1631279D	PAIRED	https://ftp.sra.ebi.ac.uk/vol1/fastq/ERR111/056/ERR11178356/ERR11178356_1.fastq.gz	https://ftp.sra.ebi.ac.uk/vol1/fastq/ERR111/056/ERR11178356/ERR11178356_2.fastq.gz	4a8acbd74007c8c72fac3666251bb6e9	985ac8354a0a847d641f7ce53d2e0fff	908201677	1032967703	71699098	7241608898	2023-03-31	https://www.ebi.ac.uk/ena/portal/api/filereport?accession=PRJEB32839&result=read_run&fields=study_accession%2Csecondary_study_accession%2Crun_accession%2Cexperiment_accession%2Csample_accession%2Csecondary_sample_accession%2Csample_alias%2Csample_title%2Csample_description%2Cexperiment_title%2Clibrary_name%2Clibrary_layout%2Clibrary_strategy%2Clibrary_source%2Clibrary_selection%2Cinstrument_platform%2Cinstrument_model%2Cfastq_ftp%2Cfastq_md5%2Cfastq_bytes%2Cread_count%2Cbase_count%2Cfirst_public&format=tsv&download=false
PRJEB32839	x_eggs_r2	ERR11178276	SAMEA7225663	ERS4985648	ERX10611162	lane_1	NT1631280T	PAIRED	https://ftp.sra.ebi.ac.uk/vol1/fastq/ERR111/076/ERR11178276/ERR11178276_1.fastq.gz	https://ftp.sra.ebi.ac.uk/vol1/fastq/ERR111/076/ERR11178276/ERR11178276_2.fastq.gz	07848694b80c27af1e6d91f5dac858a6	fe5cfeec91e8ecd7555e9e3695758adc	773766596	851570093	60812518	6142064318	2023-03-31	https://www.ebi.ac.uk/ena/portal/api/filereport?accession=PRJEB32839&result=read_run&fields=study_accession%2Csecondary_study_accession%2Crun_accession%2Cexperiment_accession%2Csample_accession%2Csecondary_sample_accession%2Csample_alias%2Csample_title%2Csample_description%2Cexperiment_title%2Clibrary_name%2Clibrary_layout%2Clibrary_strategy%2Clibrary_source%2Clibrary_selection%2Cinstrument_platform%2Cinstrument_model%2Cfastq_ftp%2Cfastq_md5%2Cfastq_bytes%2Cread_count%2Cbase_count%2Cfirst_public&format=tsv&download=false
PRJEB32839	x_eggs_r2	ERR11178366	SAMEA7225663	ERS4985648	ERX10611252	lane_2	NT1631280T	PAIRED	https://ftp.sra.ebi.ac.uk/vol1/fastq/ERR111/066/ERR11178366/ERR11178366_1.fastq.gz	https://ftp.sra.ebi.ac.uk/vol1/fastq/ERR111/066/ERR11178366/ERR11178366_2.fastq.gz	5f804f08add3d58633176e320cc8d5d8	51681faaaed5b706cf8c1f601c88c98c	746844126	868993658	58472156	5905687756	2023-03-31	https://www.ebi.ac.uk/ena/portal/api/filereport?accession=PRJEB32839&result=read_run&fields=study_accession%2Csecondary_study_accession%2Crun_accession%2Cexperiment_accession%2Csample_accession%2Csecondary_sample_accession%2Csample_alias%2Csample_title%2Csample_description%2Cexperiment_title%2Clibrary_name%2Clibrary_layout%2Clibrary_strategy%2Clibrary_source%2Clibrary_selection%2Cinstrument_platform%2Cinstrument_model%2Cfastq_ftp%2Cfastq_md5%2Cfastq_bytes%2Cread_count%2Cbase_count%2Cfirst_public&format=tsv&download=false
PRJEB32839	x_eggs_r3	ERR11178286	SAMEA7225668	ERS4985653	ERX10611172	lane_1	NT1631281U	PAIRED	https://ftp.sra.ebi.ac.uk/vol1/fastq/ERR111/086/ERR11178286/ERR11178286_1.fastq.gz	https://ftp.sra.ebi.ac.uk/vol1/fastq/ERR111/086/ERR11178286/ERR11178286_2.fastq.gz	fa41a1f25953a31f191c92a7d7d077a0	a288c8e941f08da36a4b0c70bfd53cde	980417848	1104462436	79725068	8052231868	2023-03-31	https://www.ebi.ac.uk/ena/portal/api/filereport?accession=PRJEB32839&result=read_run&fields=study_accession%2Csecondary_study_accession%2Crun_accession%2Cexperiment_accession%2Csample_accession%2Csecondary_sample_accession%2Csample_alias%2Csample_title%2Csample_description%2Cexperiment_title%2Clibrary_name%2Clibrary_layout%2Clibrary_strategy%2Clibrary_source%2Clibrary_selection%2Cinstrument_platform%2Cinstrument_model%2Cfastq_ftp%2Cfastq_md5%2Cfastq_bytes%2Cread_count%2Cbase_count%2Cfirst_public&format=tsv&download=false
PRJEB32839	x_eggs_r3	ERR11178376	SAMEA7225668	ERS4985653	ERX10611262	lane_2	NT1631281U	PAIRED	https://ftp.sra.ebi.ac.uk/vol1/fastq/ERR111/076/ERR11178376/ERR11178376_1.fastq.gz	https://ftp.sra.ebi.ac.uk/vol1/fastq/ERR111/076/ERR11178376/ERR11178376_2.fastq.gz	5cb407bc874f08a4aca1bcb7713647c9	a3ad00b3cbcaab586c425bbd9ffa61b3	959452934	1123446277	76782158	7754997958	2023-03-31	https://www.ebi.ac.uk/ena/portal/api/filereport?accession=PRJEB32839&result=read_run&fields=study_accession%2Csecondary_study_accession%2Crun_accession%2Cexperiment_accession%2Csample_accession%2Csecondary_sample_accession%2Csample_alias%2Csample_title%2Csample_description%2Cexperiment_title%2Clibrary_name%2Clibrary_layout%2Clibrary_strategy%2Clibrary_source%2Clibrary_selection%2Cinstrument_platform%2Cinstrument_model%2Cfastq_ftp%2Cfastq_md5%2Cfastq_bytes%2Cread_count%2Cbase_count%2Cfirst_public&format=tsv&download=false
PRJEB32839	x_eggs_r4	ERR11178295	SAMEA7225670	ERS4985655	ERX10611181	lane_1	NT1631282V	PAIRED	https://ftp.sra.ebi.ac.uk/vol1/fastq/ERR111/095/ERR11178295/ERR11178295_1.fastq.gz	https://ftp.sra.ebi.ac.uk/vol1/fastq/ERR111/095/ERR11178295/ERR11178295_2.fastq.gz	237ddcd06c4c4ef8590e4707f2cfb90f	ede07b6c7abd09d2ecdf20b5f9b3fc7f	973801898	1099535603	79824956	8062320556	2023-03-31	https://www.ebi.ac.uk/ena/portal/api/filereport?accession=PRJEB32839&result=read_run&fields=study_accession%2Csecondary_study_accession%2Crun_accession%2Cexperiment_accession%2Csample_accession%2Csecondary_sample_accession%2Csample_alias%2Csample_title%2Csample_description%2Cexperiment_title%2Clibrary_name%2Clibrary_layout%2Clibrary_strategy%2Clibrary_source%2Clibrary_selection%2Cinstrument_platform%2Cinstrument_model%2Cfastq_ftp%2Cfastq_md5%2Cfastq_bytes%2Cread_count%2Cbase_count%2Cfirst_public&format=tsv&download=false
PRJEB32839	x_eggs_r4	ERR11178385	SAMEA7225670	ERS4985655	ERX10611271	lane_2	NT1631282V	PAIRED	https://ftp.sra.ebi.ac.uk/vol1/fastq/ERR111/085/ERR11178385/ERR11178385_1.fastq.gz	https://ftp.sra.ebi.ac.uk/vol1/fastq/ERR111/085/ERR11178385/ERR11178385_2.fastq.gz	b160dd6710f62ee0b429d445b35c894f	6ca2c5fd69c2203db206e2caf1363f86	966314684	1113544054	76694008	7746094808	2023-03-31	https://www.ebi.ac.uk/ena/portal/api/filereport?accession=PRJEB32839&result=read_run&fields=study_accession%2Csecondary_study_accession%2Crun_accession%2Cexperiment_accession%2Csample_accession%2Csecondary_sample_accession%2Csample_alias%2Csample_title%2Csample_description%2Cexperiment_title%2Clibrary_name%2Clibrary_layout%2Clibrary_strategy%2Clibrary_source%2Clibrary_selection%2Cinstrument_platform%2Cinstrument_model%2Cfastq_ftp%2Cfastq_md5%2Cfastq_bytes%2Cread_count%2Cbase_count%2Cfirst_public&format=tsv&download=false
PRJEB32839	x_eggs_r5	ERR11178304	SAMEA7225672	ERS4985657	ERX10611190	lane_1	NT1631283W	PAIRED	https://ftp.sra.ebi.ac.uk/vol1/fastq/ERR111/004/ERR11178304/ERR11178304_1.fastq.gz	https://ftp.sra.ebi.ac.uk/vol1/fastq/ERR111/004/ERR11178304/ERR11178304_2.fastq.gz	7a3a7e913b85255a435650baf5c192c7	a9b8ec923dc823c5f675a43c5ac84836	861691711	926219039	68414170	6909831170	2023-03-31	https://www.ebi.ac.uk/ena/portal/api/filereport?accession=PRJEB32839&result=read_run&fields=study_accession%2Csecondary_study_accession%2Crun_accession%2Cexperiment_accession%2Csample_accession%2Csecondary_sample_accession%2Csample_alias%2Csample_title%2Csample_description%2Cexperiment_title%2Clibrary_name%2Clibrary_layout%2Clibrary_strategy%2Clibrary_source%2Clibrary_selection%2Cinstrument_platform%2Cinstrument_model%2Cfastq_ftp%2Cfastq_md5%2Cfastq_bytes%2Cread_count%2Cbase_count%2Cfirst_public&format=tsv&download=false
PRJEB32839	x_eggs_r5	ERR11178394	SAMEA7225672	ERS4985657	ERX10611280	lane_2	NT1631283W	PAIRED	https://ftp.sra.ebi.ac.uk/vol1/fastq/ERR111/094/ERR11178394/ERR11178394_1.fastq.gz	https://ftp.sra.ebi.ac.uk/vol1/fastq/ERR111/094/ERR11178394/ERR11178394_2.fastq.gz	886d3f7ea1d371f63bc8d73fe693d7f4	152319731927bd96af432653bc0c713f	853890058	956960855	66970878	6764058678	2023-03-30	https://www.ebi.ac.uk/ena/portal/api/filereport?accession=PRJEB32839&result=read_run&fields=study_accession%2Csecondary_study_accession%2Crun_accession%2Cexperiment_accession%2Csample_accession%2Csecondary_sample_accession%2Csample_alias%2Csample_title%2Csample_description%2Cexperiment_title%2Clibrary_name%2Clibrary_layout%2Clibrary_strategy%2Clibrary_source%2Clibrary_selection%2Cinstrument_platform%2Cinstrument_model%2Cfastq_ftp%2Cfastq_md5%2Cfastq_bytes%2Cread_count%2Cbase_count%2Cfirst_public&format=tsv&download=false
PRJEB32839	x_miracidia_r1	ERR11178313	SAMEA7225674	ERS4985659	ERX10611199	lane_1	NT1631284A	PAIRED	https://ftp.sra.ebi.ac.uk/vol1/fastq/ERR111/013/ERR11178313/ERR11178313_1.fastq.gz	https://ftp.sra.ebi.ac.uk/vol1/fastq/ERR111/013/ERR11178313/ERR11178313_2.fastq.gz	c0241fbc357d3191b4060f251b523545	3fbaaa9d406b8c7eeb03da760ca288d6	311592860	344152275	24967084	2521675484	2023-03-31	https://www.ebi.ac.uk/ena/portal/api/filereport?accession=PRJEB32839&result=read_run&fields=study_accession%2Csecondary_study_accession%2Crun_accession%2Cexperiment_accession%2Csample_accession%2Csecondary_sample_accession%2Csample_alias%2Csample_title%2Csample_description%2Cexperiment_title%2Clibrary_name%2Clibrary_layout%2Clibrary_strategy%2Clibrary_source%2Clibrary_selection%2Cinstrument_platform%2Cinstrument_model%2Cfastq_ftp%2Cfastq_md5%2Cfastq_bytes%2Cread_count%2Cbase_count%2Cfirst_public&format=tsv&download=false
PRJEB32839	x_miracidia_r1	ERR11178403	SAMEA7225674	ERS4985659	ERX10611289	lane_2	NT1631284A	PAIRED	https://ftp.sra.ebi.ac.uk/vol1/fastq/ERR111/003/ERR11178403/ERR11178403_1.fastq.gz	https://ftp.sra.ebi.ac.uk/vol1/fastq/ERR111/003/ERR11178403/ERR11178403_2.fastq.gz	3dc771f21d49c443564aeda8119c905b	ba4adbcaa4f72d7b953865e5a635b9e9	293533466	345701957	23597266	2383323866	2023-03-31	https://www.ebi.ac.uk/ena/portal/api/filereport?accession=PRJEB32839&result=read_run&fields=study_accession%2Csecondary_study_accession%2Crun_accession%2Cexperiment_accession%2Csample_accession%2Csecondary_sample_accession%2Csample_alias%2Csample_title%2Csample_description%2Cexperiment_title%2Clibrary_name%2Clibrary_layout%2Clibrary_strategy%2Clibrary_source%2Clibrary_selection%2Cinstrument_platform%2Cinstrument_model%2Cfastq_ftp%2Cfastq_md5%2Cfastq_bytes%2Cread_count%2Cbase_count%2Cfirst_public&format=tsv&download=false
PRJEB32839	x_miracidia_r2	ERR11178322	SAMEA7225677	ERS4985662	ERX10611208	lane_1	NT1631285B	PAIRED	https://ftp.sra.ebi.ac.uk/vol1/fastq/ERR111/022/ERR11178322/ERR11178322_1.fastq.gz	https://ftp.sra.ebi.ac.uk/vol1/fastq/ERR111/022/ERR11178322/ERR11178322_2.fastq.gz	9a4cf254ca5669afc04f3f0fb0273f58	aca3352253354e530d3747f727699d90	2114024398	2451476098	183890442	18572934642	2023-03-31	https://www.ebi.ac.uk/ena/portal/api/filereport?accession=PRJEB32839&result=read_run&fields=study_accession%2Csecondary_study_accession%2Crun_accession%2Cexperiment_accession%2Csample_accession%2Csecondary_sample_accession%2Csample_alias%2Csample_title%2Csample_description%2Cexperiment_title%2Clibrary_name%2Clibrary_layout%2Clibrary_strategy%2Clibrary_source%2Clibrary_selection%2Cinstrument_platform%2Cinstrument_model%2Cfastq_ftp%2Cfastq_md5%2Cfastq_bytes%2Cread_count%2Cbase_count%2Cfirst_public&format=tsv&download=false
PRJEB32839	x_miracidia_r2	ERR11178412	SAMEA7225677	ERS4985662	ERX10611298	lane_2	NT1631285B	PAIRED	https://ftp.sra.ebi.ac.uk/vol1/fastq/ERR111/012/ERR11178412/ERR11178412_1.fastq.gz	https://ftp.sra.ebi.ac.uk/vol1/fastq/ERR111/012/ERR11178412/ERR11178412_2.fastq.gz	c2106c0de78cba4c20613c7a98b09c1f	d85e9f750c0295755629d6bcf2542b95	2194723943	2559023030	182140596	18396200196	2023-03-31	https://www.ebi.ac.uk/ena/portal/api/filereport?accession=PRJEB32839&result=read_run&fields=study_accession%2Csecondary_study_accession%2Crun_accession%2Cexperiment_accession%2Csample_accession%2Csecondary_sample_accession%2Csample_alias%2Csample_title%2Csample_description%2Cexperiment_title%2Clibrary_name%2Clibrary_layout%2Clibrary_strategy%2Clibrary_source%2Clibrary_selection%2Cinstrument_platform%2Cinstrument_model%2Cfastq_ftp%2Cfastq_md5%2Cfastq_bytes%2Cread_count%2Cbase_count%2Cfirst_public&format=tsv&download=false
PRJEB32839	x_miracidia_r3	ERR11178330	SAMEA7225678	ERS4985663	ERX10611216	lane_1	NT1631286C	PAIRED	https://ftp.sra.ebi.ac.uk/vol1/fastq/ERR111/030/ERR11178330/ERR11178330_1.fastq.gz	https://ftp.sra.ebi.ac.uk/vol1/fastq/ERR111/030/ERR11178330/ERR11178330_2.fastq.gz	72fd19cc08f0f12a08accdade7669172	27f281fb29986114a408214a08d28241	697975014	927902302	57697766	5827474366	2023-03-31	https://www.ebi.ac.uk/ena/portal/api/filereport?accession=PRJEB32839&result=read_run&fields=study_accession%2Csecondary_study_accession%2Crun_accession%2Cexperiment_accession%2Csample_accession%2Csecondary_sample_accession%2Csample_alias%2Csample_title%2Csample_description%2Cexperiment_title%2Clibrary_name%2Clibrary_layout%2Clibrary_strategy%2Clibrary_source%2Clibrary_selection%2Cinstrument_platform%2Cinstrument_model%2Cfastq_ftp%2Cfastq_md5%2Cfastq_bytes%2Cread_count%2Cbase_count%2Cfirst_public&format=tsv&download=false
PRJEB32839	x_miracidia_r3	ERR11178420	SAMEA7225678	ERS4985663	ERX10611306	lane_2	NT1631286C	PAIRED	https://ftp.sra.ebi.ac.uk/vol1/fastq/ERR111/020/ERR11178420/ERR11178420_1.fastq.gz	https://ftp.sra.ebi.ac.uk/vol1/fastq/ERR111/020/ERR11178420/ERR11178420_2.fastq.gz	75ccdafa8083adc7c89381fd91b750ee	ce424a91467dfd1d9abd6c5665f44f0e	577456357	857883849	50160306	5066190906	2023-03-31	https://www.ebi.ac.uk/ena/portal/api/filereport?accession=PRJEB32839&result=read_run&fields=study_accession%2Csecondary_study_accession%2Crun_accession%2Cexperiment_accession%2Csample_accession%2Csecondary_sample_accession%2Csample_alias%2Csample_title%2Csample_description%2Cexperiment_title%2Clibrary_name%2Clibrary_layout%2Clibrary_strategy%2Clibrary_source%2Clibrary_selection%2Cinstrument_platform%2Cinstrument_model%2Cfastq_ftp%2Cfastq_md5%2Cfastq_bytes%2Cread_count%2Cbase_count%2Cfirst_public&format=tsv&download=false
PRJEB32839	x_miracidia_r4	ERR11178268	SAMEA7225681	ERS4985666	ERX10611154	lane_1	NT1631287D	PAIRED	https://ftp.sra.ebi.ac.uk/vol1/fastq/ERR111/068/ERR11178268/ERR11178268_1.fastq.gz	https://ftp.sra.ebi.ac.uk/vol1/fastq/ERR111/068/ERR11178268/ERR11178268_2.fastq.gz	1b69a48c9a65ba0b01a55370a62c1c22	cdcdb04c15ec305cc053b6a30e75994c	784646951	864507210	64130710	6477201710	2023-03-31	https://www.ebi.ac.uk/ena/portal/api/filereport?accession=PRJEB32839&result=read_run&fields=study_accession%2Csecondary_study_accession%2Crun_accession%2Cexperiment_accession%2Csample_accession%2Csecondary_sample_accession%2Csample_alias%2Csample_title%2Csample_description%2Cexperiment_title%2Clibrary_name%2Clibrary_layout%2Clibrary_strategy%2Clibrary_source%2Clibrary_selection%2Cinstrument_platform%2Cinstrument_model%2Cfastq_ftp%2Cfastq_md5%2Cfastq_bytes%2Cread_count%2Cbase_count%2Cfirst_public&format=tsv&download=false
PRJEB32839	x_miracidia_r4	ERR11178358	SAMEA7225681	ERS4985666	ERX10611244	lane_2	NT1631287D	PAIRED	https://ftp.sra.ebi.ac.uk/vol1/fastq/ERR111/058/ERR11178358/ERR11178358_1.fastq.gz	https://ftp.sra.ebi.ac.uk/vol1/fastq/ERR111/058/ERR11178358/ERR11178358_2.fastq.gz	5a14e2ef5fd5ccfeb7a89aed7259b2e2	c50a98c0f3c898faa2b91f985deebece	778919176	887252757	62508462	6313354662	2023-03-31	https://www.ebi.ac.uk/ena/portal/api/filereport?accession=PRJEB32839&result=read_run&fields=study_accession%2Csecondary_study_accession%2Crun_accession%2Cexperiment_accession%2Csample_accession%2Csecondary_sample_accession%2Csample_alias%2Csample_title%2Csample_description%2Cexperiment_title%2Clibrary_name%2Clibrary_layout%2Clibrary_strategy%2Clibrary_source%2Clibrary_selection%2Cinstrument_platform%2Cinstrument_model%2Cfastq_ftp%2Cfastq_md5%2Cfastq_bytes%2Cread_count%2Cbase_count%2Cfirst_public&format=tsv&download=false
PRJEB32839	x_miracidia_r5	ERR11178278	SAMEA7225682	ERS4985667	ERX10611164	lane_1	NT1631288E	PAIRED	https://ftp.sra.ebi.ac.uk/vol1/fastq/ERR111/078/ERR11178278/ERR11178278_1.fastq.gz	https://ftp.sra.ebi.ac.uk/vol1/fastq/ERR111/078/ERR11178278/ERR11178278_2.fastq.gz	a9c2090b4e5883cd2c24883b60b55d9a	00e3863ecf792d1c83550c4a88b27c16	937307049	1038408448	76800756	7756876356	2023-03-31	https://www.ebi.ac.uk/ena/portal/api/filereport?accession=PRJEB32839&result=read_run&fields=study_accession%2Csecondary_study_accession%2Crun_accession%2Cexperiment_accession%2Csample_accession%2Csecondary_sample_accession%2Csample_alias%2Csample_title%2Csample_description%2Cexperiment_title%2Clibrary_name%2Clibrary_layout%2Clibrary_strategy%2Clibrary_source%2Clibrary_selection%2Cinstrument_platform%2Cinstrument_model%2Cfastq_ftp%2Cfastq_md5%2Cfastq_bytes%2Cread_count%2Cbase_count%2Cfirst_public&format=tsv&download=false
PRJEB32839	x_miracidia_r5	ERR11178368	SAMEA7225682	ERS4985667	ERX10611254	lane_2	NT1631288E	PAIRED	https://ftp.sra.ebi.ac.uk/vol1/fastq/ERR111/068/ERR11178368/ERR11178368_1.fastq.gz	https://ftp.sra.ebi.ac.uk/vol1/fastq/ERR111/068/ERR11178368/ERR11178368_2.fastq.gz	2c5b1d20453a96040334994e8e2de14d	de682d200ec4618dc7d0d0fa0795a684	917279414	1047476750	73318998	7405218798	2023-03-31	https://www.ebi.ac.uk/ena/portal/api/filereport?accession=PRJEB32839&result=read_run&fields=study_accession%2Csecondary_study_accession%2Crun_accession%2Cexperiment_accession%2Csample_accession%2Csecondary_sample_accession%2Csample_alias%2Csample_title%2Csample_description%2Cexperiment_title%2Clibrary_name%2Clibrary_layout%2Clibrary_strategy%2Clibrary_source%2Clibrary_selection%2Cinstrument_platform%2Cinstrument_model%2Cfastq_ftp%2Cfastq_md5%2Cfastq_bytes%2Cread_count%2Cbase_count%2Cfirst_public&format=tsv&download=false
PRJEB32839	x_1d_sporocysts_r1	ERR11178288	SAMEA7225686	ERS4985671	ERX10611174	lane_1	NT1631289F	PAIRED	https://ftp.sra.ebi.ac.uk/vol1/fastq/ERR111/088/ERR11178288/ERR11178288_1.fastq.gz	https://ftp.sra.ebi.ac.uk/vol1/fastq/ERR111/088/ERR11178288/ERR11178288_2.fastq.gz	d32f5a43f58bf1ab794c32a504e12928	71c6dde6cb924a222993489d3fa3b3b7	829372095	913220498	67756394	6843395794	2023-03-31	https://www.ebi.ac.uk/ena/portal/api/filereport?accession=PRJEB32839&result=read_run&fields=study_accession%2Csecondary_study_accession%2Crun_accession%2Cexperiment_accession%2Csample_accession%2Csecondary_sample_accession%2Csample_alias%2Csample_title%2Csample_description%2Cexperiment_title%2Clibrary_name%2Clibrary_layout%2Clibrary_strategy%2Clibrary_source%2Clibrary_selection%2Cinstrument_platform%2Cinstrument_model%2Cfastq_ftp%2Cfastq_md5%2Cfastq_bytes%2Cread_count%2Cbase_count%2Cfirst_public&format=tsv&download=false
PRJEB32839	x_1d_sporocysts_r1	ERR11178378	SAMEA7225686	ERS4985671	ERX10611264	lane_2	NT1631289F	PAIRED	https://ftp.sra.ebi.ac.uk/vol1/fastq/ERR111/078/ERR11178378/ERR11178378_1.fastq.gz	https://ftp.sra.ebi.ac.uk/vol1/fastq/ERR111/078/ERR11178378/ERR11178378_2.fastq.gz	36b589b9efc777b23993bfefec21a8b7	4c18b7d7bb82964ebae65fbb005bbef7	804117505	922785689	64488462	6513334662	2023-03-31	https://www.ebi.ac.uk/ena/portal/api/filereport?accession=PRJEB32839&result=read_run&fields=study_accession%2Csecondary_study_accession%2Crun_accession%2Cexperiment_accession%2Csample_accession%2Csecondary_sample_accession%2Csample_alias%2Csample_title%2Csample_description%2Cexperiment_title%2Clibrary_name%2Clibrary_layout%2Clibrary_strategy%2Clibrary_source%2Clibrary_selection%2Cinstrument_platform%2Cinstrument_model%2Cfastq_ftp%2Cfastq_md5%2Cfastq_bytes%2Cread_count%2Cbase_count%2Cfirst_public&format=tsv&download=false
PRJEB32839	x_1d_sporocysts_r2	ERR11178297	SAMEA7225684	ERS4985669	ERX10611183	lane_1	NT1631290V	PAIRED	https://ftp.sra.ebi.ac.uk/vol1/fastq/ERR111/097/ERR11178297/ERR11178297_1.fastq.gz	https://ftp.sra.ebi.ac.uk/vol1/fastq/ERR111/097/ERR11178297/ERR11178297_2.fastq.gz	040ef94fa9722e0212dee33444327813	c432be6e3a5390de19cbfd59d2d85eb6	920733614	993828253	74997784	7574776184	2023-03-30	https://www.ebi.ac.uk/ena/portal/api/filereport?accession=PRJEB32839&result=read_run&fields=study_accession%2Csecondary_study_accession%2Crun_accession%2Cexperiment_accession%2Csample_accession%2Csecondary_sample_accession%2Csample_alias%2Csample_title%2Csample_description%2Cexperiment_title%2Clibrary_name%2Clibrary_layout%2Clibrary_strategy%2Clibrary_source%2Clibrary_selection%2Cinstrument_platform%2Cinstrument_model%2Cfastq_ftp%2Cfastq_md5%2Cfastq_bytes%2Cread_count%2Cbase_count%2Cfirst_public&format=tsv&download=false
PRJEB32839	x_1d_sporocysts_r2	ERR11178387	SAMEA7225684	ERS4985669	ERX10611273	lane_2	NT1631290V	PAIRED	https://ftp.sra.ebi.ac.uk/vol1/fastq/ERR111/087/ERR11178387/ERR11178387_1.fastq.gz	https://ftp.sra.ebi.ac.uk/vol1/fastq/ERR111/087/ERR11178387/ERR11178387_2.fastq.gz	e206c12d2067ea7f1e5ad8781f475625	55f7f76a4f8cfa5949b817d06a0b09ac	877021762	1007578550	71709944	7242704344	2023-03-31	https://www.ebi.ac.uk/ena/portal/api/filereport?accession=PRJEB32839&result=read_run&fields=study_accession%2Csecondary_study_accession%2Crun_accession%2Cexperiment_accession%2Csample_accession%2Csecondary_sample_accession%2Csample_alias%2Csample_title%2Csample_description%2Cexperiment_title%2Clibrary_name%2Clibrary_layout%2Clibrary_strategy%2Clibrary_source%2Clibrary_selection%2Cinstrument_platform%2Cinstrument_model%2Cfastq_ftp%2Cfastq_md5%2Cfastq_bytes%2Cread_count%2Cbase_count%2Cfirst_public&format=tsv&download=false
PRJEB32839	x_1d_sporocysts_r3	ERR11178306	SAMEA7225688	ERS4985673	ERX10611192	lane_1	NT1631291W	PAIRED	https://ftp.sra.ebi.ac.uk/vol1/fastq/ERR111/006/ERR11178306/ERR11178306_1.fastq.gz	https://ftp.sra.ebi.ac.uk/vol1/fastq/ERR111/006/ERR11178306/ERR11178306_2.fastq.gz	7296205d64dc46c45189880bbb5e82e0	070714136a88c4be7b402142ff3ec412	907874927	1022867033	73449148	7418363948	2023-03-31	https://www.ebi.ac.uk/ena/portal/api/filereport?accession=PRJEB32839&result=read_run&fields=study_accession%2Csecondary_study_accession%2Crun_accession%2Cexperiment_accession%2Csample_accession%2Csecondary_sample_accession%2Csample_alias%2Csample_title%2Csample_description%2Cexperiment_title%2Clibrary_name%2Clibrary_layout%2Clibrary_strategy%2Clibrary_source%2Clibrary_selection%2Cinstrument_platform%2Cinstrument_model%2Cfastq_ftp%2Cfastq_md5%2Cfastq_bytes%2Cread_count%2Cbase_count%2Cfirst_public&format=tsv&download=false
PRJEB32839	x_1d_sporocysts_r3	ERR11178396	SAMEA7225688	ERS4985673	ERX10611282	lane_2	NT1631291W	PAIRED	https://ftp.sra.ebi.ac.uk/vol1/fastq/ERR111/096/ERR11178396/ERR11178396_1.fastq.gz	https://ftp.sra.ebi.ac.uk/vol1/fastq/ERR111/096/ERR11178396/ERR11178396_2.fastq.gz	1ad1b4f5b25fbe412bad5023ac62cf4f	3d4e2a60fafb68b0d796c2028ed48246	882449635	1026384115	69962116	7066173716	2023-03-31	https://www.ebi.ac.uk/ena/portal/api/filereport?accession=PRJEB32839&result=read_run&fields=study_accession%2Csecondary_study_accession%2Crun_accession%2Cexperiment_accession%2Csample_accession%2Csecondary_sample_accession%2Csample_alias%2Csample_title%2Csample_description%2Cexperiment_title%2Clibrary_name%2Clibrary_layout%2Clibrary_strategy%2Clibrary_source%2Clibrary_selection%2Cinstrument_platform%2Cinstrument_model%2Cfastq_ftp%2Cfastq_md5%2Cfastq_bytes%2Cread_count%2Cbase_count%2Cfirst_public&format=tsv&download=false
PRJEB32839	x_1d_sporocysts_r4	ERR11178315	SAMEA7225690	ERS4985675	ERX10611201	lane_1	NT1631292A	PAIRED	https://ftp.sra.ebi.ac.uk/vol1/fastq/ERR111/015/ERR11178315/ERR11178315_1.fastq.gz	https://ftp.sra.ebi.ac.uk/vol1/fastq/ERR111/015/ERR11178315/ERR11178315_2.fastq.gz	e01c3f2d4f36f7339287c8ba581a72c9	afa459832d72858f24b262ce38f4085d	739051495	831269440	61573656	6218939256	2023-03-31	https://www.ebi.ac.uk/ena/portal/api/filereport?accession=PRJEB32839&result=read_run&fields=study_accession%2Csecondary_study_accession%2Crun_accession%2Cexperiment_accession%2Csample_accession%2Csecondary_sample_accession%2Csample_alias%2Csample_title%2Csample_description%2Cexperiment_title%2Clibrary_name%2Clibrary_layout%2Clibrary_strategy%2Clibrary_source%2Clibrary_selection%2Cinstrument_platform%2Cinstrument_model%2Cfastq_ftp%2Cfastq_md5%2Cfastq_bytes%2Cread_count%2Cbase_count%2Cfirst_public&format=tsv&download=false
PRJEB32839	x_1d_sporocysts_r4	ERR11178405	SAMEA7225690	ERS4985675	ERX10611291	lane_2	NT1631292A	PAIRED	https://ftp.sra.ebi.ac.uk/vol1/fastq/ERR111/005/ERR11178405/ERR11178405_1.fastq.gz	https://ftp.sra.ebi.ac.uk/vol1/fastq/ERR111/005/ERR11178405/ERR11178405_2.fastq.gz	ec7a7c88eece1481be400cb545427d3e	09e7903ef8b2eead383662ecb7ec561b	737330893	841411093	59220646	5981285246	2023-03-31	https://www.ebi.ac.uk/ena/portal/api/filereport?accession=PRJEB32839&result=read_run&fields=study_accession%2Csecondary_study_accession%2Crun_accession%2Cexperiment_accession%2Csample_accession%2Csecondary_sample_accession%2Csample_alias%2Csample_title%2Csample_description%2Cexperiment_title%2Clibrary_name%2Clibrary_layout%2Clibrary_strategy%2Clibrary_source%2Clibrary_selection%2Cinstrument_platform%2Cinstrument_model%2Cfastq_ftp%2Cfastq_md5%2Cfastq_bytes%2Cread_count%2Cbase_count%2Cfirst_public&format=tsv&download=false
PRJEB32839	x_1d_sporocysts_r5	ERR11178264	SAMEA7225693	ERS4985678	ERX10611150	lane_1	NT1631293B	PAIRED	https://ftp.sra.ebi.ac.uk/vol1/fastq/ERR111/064/ERR11178264/ERR11178264_1.fastq.gz	https://ftp.sra.ebi.ac.uk/vol1/fastq/ERR111/064/ERR11178264/ERR11178264_2.fastq.gz	40a10ad2b5a193df6af9524f52e5e024	3f52c09bde59d82a3cdfb68c7ddcaa92	818828768	877283556	66189228	6685112028	2023-03-31	https://www.ebi.ac.uk/ena/portal/api/filereport?accession=PRJEB32839&result=read_run&fields=study_accession%2Csecondary_study_accession%2Crun_accession%2Cexperiment_accession%2Csample_accession%2Csecondary_sample_accession%2Csample_alias%2Csample_title%2Csample_description%2Cexperiment_title%2Clibrary_name%2Clibrary_layout%2Clibrary_strategy%2Clibrary_source%2Clibrary_selection%2Cinstrument_platform%2Cinstrument_model%2Cfastq_ftp%2Cfastq_md5%2Cfastq_bytes%2Cread_count%2Cbase_count%2Cfirst_public&format=tsv&download=false
PRJEB32839	x_1d_sporocysts_r5	ERR11178354	SAMEA7225693	ERS4985678	ERX10611240	lane_2	NT1631293B	PAIRED	https://ftp.sra.ebi.ac.uk/vol1/fastq/ERR111/054/ERR11178354/ERR11178354_1.fastq.gz	https://ftp.sra.ebi.ac.uk/vol1/fastq/ERR111/054/ERR11178354/ERR11178354_2.fastq.gz	053a62612fc61c9fb9dfe0fdf563c37a	8e13119cbbc750c7aaf4d40f07fb82b5	766775568	868463671	61600068	6221606868	2023-03-30	https://www.ebi.ac.uk/ena/portal/api/filereport?accession=PRJEB32839&result=read_run&fields=study_accession%2Csecondary_study_accession%2Crun_accession%2Cexperiment_accession%2Csample_accession%2Csecondary_sample_accession%2Csample_alias%2Csample_title%2Csample_description%2Cexperiment_title%2Clibrary_name%2Clibrary_layout%2Clibrary_strategy%2Clibrary_source%2Clibrary_selection%2Cinstrument_platform%2Cinstrument_model%2Cfastq_ftp%2Cfastq_md5%2Cfastq_bytes%2Cread_count%2Cbase_count%2Cfirst_public&format=tsv&download=false
PRJEB32839	x_5d_sporocysts_r1	ERR11178332	SAMEA7225692	ERS4985677	ERX10611218	lane_1	NT1631294C	PAIRED	https://ftp.sra.ebi.ac.uk/vol1/fastq/ERR111/032/ERR11178332/ERR11178332_1.fastq.gz	https://ftp.sra.ebi.ac.uk/vol1/fastq/ERR111/032/ERR11178332/ERR11178332_2.fastq.gz	e9ab79b7e5837a65c103346c95abd3f7	5c1e0eb15ea02a6098cc69476390e848	713017012	776328941	56214996	5677714596	2023-03-31	https://www.ebi.ac.uk/ena/portal/api/filereport?accession=PRJEB32839&result=read_run&fields=study_accession%2Csecondary_study_accession%2Crun_accession%2Cexperiment_accession%2Csample_accession%2Csecondary_sample_accession%2Csample_alias%2Csample_title%2Csample_description%2Cexperiment_title%2Clibrary_name%2Clibrary_layout%2Clibrary_strategy%2Clibrary_source%2Clibrary_selection%2Cinstrument_platform%2Cinstrument_model%2Cfastq_ftp%2Cfastq_md5%2Cfastq_bytes%2Cread_count%2Cbase_count%2Cfirst_public&format=tsv&download=false
PRJEB32839	x_5d_sporocysts_r1	ERR11178422	SAMEA7225692	ERS4985677	ERX10611308	lane_2	NT1631294C	PAIRED	https://ftp.sra.ebi.ac.uk/vol1/fastq/ERR111/022/ERR11178422/ERR11178422_1.fastq.gz	https://ftp.sra.ebi.ac.uk/vol1/fastq/ERR111/022/ERR11178422/ERR11178422_2.fastq.gz	169451911767929f7f05a5e5e0c79d0b	74f30785f9450c345e23d1f837127e84	695781318	800771317	54875312	5542406512	2023-03-31	https://www.ebi.ac.uk/ena/portal/api/filereport?accession=PRJEB32839&result=read_run&fields=study_accession%2Csecondary_study_accession%2Crun_accession%2Cexperiment_accession%2Csample_accession%2Csecondary_sample_accession%2Csample_alias%2Csample_title%2Csample_description%2Cexperiment_title%2Clibrary_name%2Clibrary_layout%2Clibrary_strategy%2Clibrary_source%2Clibrary_selection%2Cinstrument_platform%2Cinstrument_model%2Cfastq_ftp%2Cfastq_md5%2Cfastq_bytes%2Cread_count%2Cbase_count%2Cfirst_public&format=tsv&download=false
PRJEB32839	x_5d_sporocysts_r2	ERR11178270	SAMEA7225697	ERS4985682	ERX10611156	lane_1	NT1631295D	PAIRED	https://ftp.sra.ebi.ac.uk/vol1/fastq/ERR111/070/ERR11178270/ERR11178270_1.fastq.gz	https://ftp.sra.ebi.ac.uk/vol1/fastq/ERR111/070/ERR11178270/ERR11178270_2.fastq.gz	e90a0bcce822a9e4d7384c56284c85f9	bc08646a8d1d5a078dc06c0835b41616	746825303	839065792	60599152	6120514352	2023-03-31	https://www.ebi.ac.uk/ena/portal/api/filereport?accession=PRJEB32839&result=read_run&fields=study_accession%2Csecondary_study_accession%2Crun_accession%2Cexperiment_accession%2Csample_accession%2Csecondary_sample_accession%2Csample_alias%2Csample_title%2Csample_description%2Cexperiment_title%2Clibrary_name%2Clibrary_layout%2Clibrary_strategy%2Clibrary_source%2Clibrary_selection%2Cinstrument_platform%2Cinstrument_model%2Cfastq_ftp%2Cfastq_md5%2Cfastq_bytes%2Cread_count%2Cbase_count%2Cfirst_public&format=tsv&download=false
PRJEB32839	x_5d_sporocysts_r2	ERR11178360	SAMEA7225697	ERS4985682	ERX10611246	lane_2	NT1631295D	PAIRED	https://ftp.sra.ebi.ac.uk/vol1/fastq/ERR111/060/ERR11178360/ERR11178360_1.fastq.gz	https://ftp.sra.ebi.ac.uk/vol1/fastq/ERR111/060/ERR11178360/ERR11178360_2.fastq.gz	9b3433e43b8ee3bc4cf1906ac1ebbf53	03065e78d4d9b55af59cc5d88b1fb909	715944599	845612021	57874174	5845291574	2023-03-30	https://www.ebi.ac.uk/ena/portal/api/filereport?accession=PRJEB32839&result=read_run&fields=study_accession%2Csecondary_study_accession%2Crun_accession%2Cexperiment_accession%2Csample_accession%2Csecondary_sample_accession%2Csample_alias%2Csample_title%2Csample_description%2Cexperiment_title%2Clibrary_name%2Clibrary_layout%2Clibrary_strategy%2Clibrary_source%2Clibrary_selection%2Cinstrument_platform%2Cinstrument_model%2Cfastq_ftp%2Cfastq_md5%2Cfastq_bytes%2Cread_count%2Cbase_count%2Cfirst_public&format=tsv&download=false
PRJEB32839	x_5d_sporocysts_r3	ERR11178280	SAMEA7225696	ERS4985681	ERX10611166	lane_1	NT1631296E	PAIRED	https://ftp.sra.ebi.ac.uk/vol1/fastq/ERR111/080/ERR11178280/ERR11178280_1.fastq.gz	https://ftp.sra.ebi.ac.uk/vol1/fastq/ERR111/080/ERR11178280/ERR11178280_2.fastq.gz	9b45ddb7f50056bd127ac6baeaac2dcd	9d4552632a1e9ec264421cba41484609	874461327	985686538	71661428	7237804228	2023-03-31	https://www.ebi.ac.uk/ena/portal/api/filereport?accession=PRJEB32839&result=read_run&fields=study_accession%2Csecondary_study_accession%2Crun_accession%2Cexperiment_accession%2Csample_accession%2Csecondary_sample_accession%2Csample_alias%2Csample_title%2Csample_description%2Cexperiment_title%2Clibrary_name%2Clibrary_layout%2Clibrary_strategy%2Clibrary_source%2Clibrary_selection%2Cinstrument_platform%2Cinstrument_model%2Cfastq_ftp%2Cfastq_md5%2Cfastq_bytes%2Cread_count%2Cbase_count%2Cfirst_public&format=tsv&download=false
PRJEB32839	x_5d_sporocysts_r3	ERR11178370	SAMEA7225696	ERS4985681	ERX10611256	lane_2	NT1631296E	PAIRED	https://ftp.sra.ebi.ac.uk/vol1/fastq/ERR111/070/ERR11178370/ERR11178370_1.fastq.gz	https://ftp.sra.ebi.ac.uk/vol1/fastq/ERR111/070/ERR11178370/ERR11178370_2.fastq.gz	f5a2deb35ba02b731489b6a8be48c963	2ad27974a3252dfaaed9a102e0ac9888	871945918	1019476508	70145496	7084695096	2023-03-31	https://www.ebi.ac.uk/ena/portal/api/filereport?accession=PRJEB32839&result=read_run&fields=study_accession%2Csecondary_study_accession%2Crun_accession%2Cexperiment_accession%2Csample_accession%2Csecondary_sample_accession%2Csample_alias%2Csample_title%2Csample_description%2Cexperiment_title%2Clibrary_name%2Clibrary_layout%2Clibrary_strategy%2Clibrary_source%2Clibrary_selection%2Cinstrument_platform%2Cinstrument_model%2Cfastq_ftp%2Cfastq_md5%2Cfastq_bytes%2Cread_count%2Cbase_count%2Cfirst_public&format=tsv&download=false
PRJEB32839	x_5d_sporocysts_r4	ERR11178290	SAMEA7225699	ERS4985684	ERX10611176	lane_1	NT1631297F	PAIRED	https://ftp.sra.ebi.ac.uk/vol1/fastq/ERR111/090/ERR11178290/ERR11178290_1.fastq.gz	https://ftp.sra.ebi.ac.uk/vol1/fastq/ERR111/090/ERR11178290/ERR11178290_2.fastq.gz	56a4581a7562e7341543f2124ff63d72	59036784ad180f6dbe73191c175af63f	939932362	1003219910	76238696	7700108296	2023-03-31	https://www.ebi.ac.uk/ena/portal/api/filereport?accession=PRJEB32839&result=read_run&fields=study_accession%2Csecondary_study_accession%2Crun_accession%2Cexperiment_accession%2Csample_accession%2Csecondary_sample_accession%2Csample_alias%2Csample_title%2Csample_description%2Cexperiment_title%2Clibrary_name%2Clibrary_layout%2Clibrary_strategy%2Clibrary_source%2Clibrary_selection%2Cinstrument_platform%2Cinstrument_model%2Cfastq_ftp%2Cfastq_md5%2Cfastq_bytes%2Cread_count%2Cbase_count%2Cfirst_public&format=tsv&download=false
PRJEB32839	x_5d_sporocysts_r4	ERR11178380	SAMEA7225699	ERS4985684	ERX10611266	lane_2	NT1631297F	PAIRED	https://ftp.sra.ebi.ac.uk/vol1/fastq/ERR111/080/ERR11178380/ERR11178380_1.fastq.gz	https://ftp.sra.ebi.ac.uk/vol1/fastq/ERR111/080/ERR11178380/ERR11178380_2.fastq.gz	8b6866133c58264eaa00a267710609c9	74f2d5e749536a69ef8e2935b1e41dc6	915079516	1024530196	73849252	7458774452	2023-03-31	https://www.ebi.ac.uk/ena/portal/api/filereport?accession=PRJEB32839&result=read_run&fields=study_accession%2Csecondary_study_accession%2Crun_accession%2Cexperiment_accession%2Csample_accession%2Csecondary_sample_accession%2Csample_alias%2Csample_title%2Csample_description%2Cexperiment_title%2Clibrary_name%2Clibrary_layout%2Clibrary_strategy%2Clibrary_source%2Clibrary_selection%2Cinstrument_platform%2Cinstrument_model%2Cfastq_ftp%2Cfastq_md5%2Cfastq_bytes%2Cread_count%2Cbase_count%2Cfirst_public&format=tsv&download=false
PRJEB32839	x_5d_sporocysts_r5	ERR11178299	SAMEA7225701	ERS4985686	ERX10611185	lane_1	NT1631298G	PAIRED	https://ftp.sra.ebi.ac.uk/vol1/fastq/ERR111/099/ERR11178299/ERR11178299_1.fastq.gz	https://ftp.sra.ebi.ac.uk/vol1/fastq/ERR111/099/ERR11178299/ERR11178299_2.fastq.gz	93b99b500af0d5fc0c8e694bde2e60b6	73787958c4dd8c77699191c97c84fee5	919123865	1024159576	75756236	7651379836	2023-03-31	https://www.ebi.ac.uk/ena/portal/api/filereport?accession=PRJEB32839&result=read_run&fields=study_accession%2Csecondary_study_accession%2Crun_accession%2Cexperiment_accession%2Csample_accession%2Csecondary_sample_accession%2Csample_alias%2Csample_title%2Csample_description%2Cexperiment_title%2Clibrary_name%2Clibrary_layout%2Clibrary_strategy%2Clibrary_source%2Clibrary_selection%2Cinstrument_platform%2Cinstrument_model%2Cfastq_ftp%2Cfastq_md5%2Cfastq_bytes%2Cread_count%2Cbase_count%2Cfirst_public&format=tsv&download=false
PRJEB32839	x_5d_sporocysts_r5	ERR11178389	SAMEA7225701	ERS4985686	ERX10611275	lane_2	NT1631298G	PAIRED	https://ftp.sra.ebi.ac.uk/vol1/fastq/ERR111/089/ERR11178389/ERR11178389_1.fastq.gz	https://ftp.sra.ebi.ac.uk/vol1/fastq/ERR111/089/ERR11178389/ERR11178389_2.fastq.gz	bc9e950b20a18723b2bce95673c616c2	f8eaa4669f13d2ac0cc4f86aa5e6139a	930790616	1056200371	74480912	7522572112	2023-03-31	https://www.ebi.ac.uk/ena/portal/api/filereport?accession=PRJEB32839&result=read_run&fields=study_accession%2Csecondary_study_accession%2Crun_accession%2Cexperiment_accession%2Csample_accession%2Csecondary_sample_accession%2Csample_alias%2Csample_title%2Csample_description%2Cexperiment_title%2Clibrary_name%2Clibrary_layout%2Clibrary_strategy%2Clibrary_source%2Clibrary_selection%2Cinstrument_platform%2Cinstrument_model%2Cfastq_ftp%2Cfastq_md5%2Cfastq_bytes%2Cread_count%2Cbase_count%2Cfirst_public&format=tsv&download=false
PRJEB32839	f_32d_sporocysts_r1	ERR11178308	SAMEA7225703	ERS4985688	ERX10611194	lane_1	NT1631299H	PAIRED	https://ftp.sra.ebi.ac.uk/vol1/fastq/ERR111/008/ERR11178308/ERR11178308_1.fastq.gz	https://ftp.sra.ebi.ac.uk/vol1/fastq/ERR111/008/ERR11178308/ERR11178308_2.fastq.gz	0498d7cec2b7197c3f16256b87840dd5	beb2a9dd058380292ae5d69e9d470453	808558320	856986072	41191348	4160326148	2023-03-31	https://www.ebi.ac.uk/ena/portal/api/filereport?accession=PRJEB32839&result=read_run&fields=study_accession%2Csecondary_study_accession%2Crun_accession%2Cexperiment_accession%2Csample_accession%2Csecondary_sample_accession%2Csample_alias%2Csample_title%2Csample_description%2Cexperiment_title%2Clibrary_name%2Clibrary_layout%2Clibrary_strategy%2Clibrary_source%2Clibrary_selection%2Cinstrument_platform%2Cinstrument_model%2Cfastq_ftp%2Cfastq_md5%2Cfastq_bytes%2Cread_count%2Cbase_count%2Cfirst_public&format=tsv&download=false
PRJEB32839	f_32d_sporocysts_r1	ERR11178398	SAMEA7225703	ERS4985688	ERX10611284	lane_2	NT1631299H	PAIRED	https://ftp.sra.ebi.ac.uk/vol1/fastq/ERR111/098/ERR11178398/ERR11178398_1.fastq.gz	https://ftp.sra.ebi.ac.uk/vol1/fastq/ERR111/098/ERR11178398/ERR11178398_2.fastq.gz	81232e3c77fe5d3ea91c404fc3fb6673	03fcc252352241125eff6d6d115fb9ea	795425466	861400702	39790558	4018846358	2023-03-31	https://www.ebi.ac.uk/ena/portal/api/filereport?accession=PRJEB32839&result=read_run&fields=study_accession%2Csecondary_study_accession%2Crun_accession%2Cexperiment_accession%2Csample_accession%2Csecondary_sample_accession%2Csample_alias%2Csample_title%2Csample_description%2Cexperiment_title%2Clibrary_name%2Clibrary_layout%2Clibrary_strategy%2Clibrary_source%2Clibrary_selection%2Cinstrument_platform%2Cinstrument_model%2Cfastq_ftp%2Cfastq_md5%2Cfastq_bytes%2Cread_count%2Cbase_count%2Cfirst_public&format=tsv&download=false
PRJEB32839	f_32d_sporocysts_r2	ERR11178317	SAMEA7225705	ERS4985690	ERX10611203	lane_1	NT1631300G	PAIRED	https://ftp.sra.ebi.ac.uk/vol1/fastq/ERR111/017/ERR11178317/ERR11178317_1.fastq.gz	https://ftp.sra.ebi.ac.uk/vol1/fastq/ERR111/017/ERR11178317/ERR11178317_2.fastq.gz	ed1f64a6be6982b4ac79cf38ded0c5fd	2b42de0f74866fa50b7fa7b06db8b7bc	933665584	992373321	48320478	4880368278	2023-03-31	https://www.ebi.ac.uk/ena/portal/api/filereport?accession=PRJEB32839&result=read_run&fields=study_accession%2Csecondary_study_accession%2Crun_accession%2Cexperiment_accession%2Csample_accession%2Csecondary_sample_accession%2Csample_alias%2Csample_title%2Csample_description%2Cexperiment_title%2Clibrary_name%2Clibrary_layout%2Clibrary_strategy%2Clibrary_source%2Clibrary_selection%2Cinstrument_platform%2Cinstrument_model%2Cfastq_ftp%2Cfastq_md5%2Cfastq_bytes%2Cread_count%2Cbase_count%2Cfirst_public&format=tsv&download=false
PRJEB32839	f_32d_sporocysts_r2	ERR11178407	SAMEA7225705	ERS4985690	ERX10611293	lane_2	NT1631300G	PAIRED	https://ftp.sra.ebi.ac.uk/vol1/fastq/ERR111/007/ERR11178407/ERR11178407_1.fastq.gz	https://ftp.sra.ebi.ac.uk/vol1/fastq/ERR111/007/ERR11178407/ERR11178407_2.fastq.gz	b4bc3dcc5094e33667f59e641b717097	0e6296b7ea23495fcee236e24c59ceb7	921286230	1006830975	47183122	4765495322	2023-03-31	https://www.ebi.ac.uk/ena/portal/api/filereport?accession=PRJEB32839&result=read_run&fields=study_accession%2Csecondary_study_accession%2Crun_accession%2Cexperiment_accession%2Csample_accession%2Csecondary_sample_accession%2Csample_alias%2Csample_title%2Csample_description%2Cexperiment_title%2Clibrary_name%2Clibrary_layout%2Clibrary_strategy%2Clibrary_source%2Clibrary_selection%2Cinstrument_platform%2Cinstrument_model%2Cfastq_ftp%2Cfastq_md5%2Cfastq_bytes%2Cread_count%2Cbase_count%2Cfirst_public&format=tsv&download=false
PRJEB32839	f_32d_sporocysts_r3	ERR11178325	SAMEA7225707	ERS4985692	ERX10611211	lane_1	NT1631301H	PAIRED	https://ftp.sra.ebi.ac.uk/vol1/fastq/ERR111/025/ERR11178325/ERR11178325_1.fastq.gz	https://ftp.sra.ebi.ac.uk/vol1/fastq/ERR111/025/ERR11178325/ERR11178325_2.fastq.gz	4c203961c4ff3db8d93aa8b970e84c5f	adaaf31d7868979a3e9981cb236bf0ff	1257881008	1375044964	67114524	6778566924	2023-03-31	https://www.ebi.ac.uk/ena/portal/api/filereport?accession=PRJEB32839&result=read_run&fields=study_accession%2Csecondary_study_accession%2Crun_accession%2Cexperiment_accession%2Csample_accession%2Csecondary_sample_accession%2Csample_alias%2Csample_title%2Csample_description%2Cexperiment_title%2Clibrary_name%2Clibrary_layout%2Clibrary_strategy%2Clibrary_source%2Clibrary_selection%2Cinstrument_platform%2Cinstrument_model%2Cfastq_ftp%2Cfastq_md5%2Cfastq_bytes%2Cread_count%2Cbase_count%2Cfirst_public&format=tsv&download=false
PRJEB32839	f_32d_sporocysts_r3	ERR11178415	SAMEA7225707	ERS4985692	ERX10611301	lane_2	NT1631301H	PAIRED	https://ftp.sra.ebi.ac.uk/vol1/fastq/ERR111/015/ERR11178415/ERR11178415_1.fastq.gz	https://ftp.sra.ebi.ac.uk/vol1/fastq/ERR111/015/ERR11178415/ERR11178415_2.fastq.gz	a20140994807ed1cbd9c2ba98897beb5	33ffade6ae5262896b9469b7343befef	1224775137	1370028615	64241538	6488395338	2023-03-31	https://www.ebi.ac.uk/ena/portal/api/filereport?accession=PRJEB32839&result=read_run&fields=study_accession%2Csecondary_study_accession%2Crun_accession%2Cexperiment_accession%2Csample_accession%2Csecondary_sample_accession%2Csample_alias%2Csample_title%2Csample_description%2Cexperiment_title%2Clibrary_name%2Clibrary_layout%2Clibrary_strategy%2Clibrary_source%2Clibrary_selection%2Cinstrument_platform%2Cinstrument_model%2Cfastq_ftp%2Cfastq_md5%2Cfastq_bytes%2Cread_count%2Cbase_count%2Cfirst_public&format=tsv&download=false
PRJEB32839	f_32d_sporocysts_r4	ERR11178334	SAMEA7225709	ERS4985694	ERX10611220	lane_1	NT1631302I	PAIRED	https://ftp.sra.ebi.ac.uk/vol1/fastq/ERR111/034/ERR11178334/ERR11178334_1.fastq.gz	https://ftp.sra.ebi.ac.uk/vol1/fastq/ERR111/034/ERR11178334/ERR11178334_2.fastq.gz	89029b91dc441a873c3a2afd39a34503	3831520b5bea856c5a9f44b2f7961d8f	1154568062	1246231060	62167658	6278933458	2023-03-31	https://www.ebi.ac.uk/ena/portal/api/filereport?accession=PRJEB32839&result=read_run&fields=study_accession%2Csecondary_study_accession%2Crun_accession%2Cexperiment_accession%2Csample_accession%2Csecondary_sample_accession%2Csample_alias%2Csample_title%2Csample_description%2Cexperiment_title%2Clibrary_name%2Clibrary_layout%2Clibrary_strategy%2Clibrary_source%2Clibrary_selection%2Cinstrument_platform%2Cinstrument_model%2Cfastq_ftp%2Cfastq_md5%2Cfastq_bytes%2Cread_count%2Cbase_count%2Cfirst_public&format=tsv&download=false
PRJEB32839	f_32d_sporocysts_r4	ERR11178424	SAMEA7225709	ERS4985694	ERX10611310	lane_2	NT1631302I	PAIRED	https://ftp.sra.ebi.ac.uk/vol1/fastq/ERR111/024/ERR11178424/ERR11178424_1.fastq.gz	https://ftp.sra.ebi.ac.uk/vol1/fastq/ERR111/024/ERR11178424/ERR11178424_2.fastq.gz	d91b8702d09b4cf5cbd2ea0b4bbbd666	9deac6186ddb02e79787ceb67dd1dfc5	1117180208	1241202070	59277236	5987000836	2023-03-30	https://www.ebi.ac.uk/ena/portal/api/filereport?accession=PRJEB32839&result=read_run&fields=study_accession%2Csecondary_study_accession%2Crun_accession%2Cexperiment_accession%2Csample_accession%2Csecondary_sample_accession%2Csample_alias%2Csample_title%2Csample_description%2Cexperiment_title%2Clibrary_name%2Clibrary_layout%2Clibrary_strategy%2Clibrary_source%2Clibrary_selection%2Cinstrument_platform%2Cinstrument_model%2Cfastq_ftp%2Cfastq_md5%2Cfastq_bytes%2Cread_count%2Cbase_count%2Cfirst_public&format=tsv&download=false
PRJEB32839	f_32d_sporocysts_r5	ERR11178272	SAMEA7225711	ERS4985696	ERX10611158	lane_1	NT1631303J	PAIRED	https://ftp.sra.ebi.ac.uk/vol1/fastq/ERR111/072/ERR11178272/ERR11178272_1.fastq.gz	https://ftp.sra.ebi.ac.uk/vol1/fastq/ERR111/072/ERR11178272/ERR11178272_2.fastq.gz	18be502b6b9667269749a2c739a356b3	83377284d357ef0183808edb85146b26	929299095	1004234257	50855840	5136439840	2023-03-31	https://www.ebi.ac.uk/ena/portal/api/filereport?accession=PRJEB32839&result=read_run&fields=study_accession%2Csecondary_study_accession%2Crun_accession%2Cexperiment_accession%2Csample_accession%2Csecondary_sample_accession%2Csample_alias%2Csample_title%2Csample_description%2Cexperiment_title%2Clibrary_name%2Clibrary_layout%2Clibrary_strategy%2Clibrary_source%2Clibrary_selection%2Cinstrument_platform%2Cinstrument_model%2Cfastq_ftp%2Cfastq_md5%2Cfastq_bytes%2Cread_count%2Cbase_count%2Cfirst_public&format=tsv&download=false
PRJEB32839	f_32d_sporocysts_r5	ERR11178362	SAMEA7225711	ERS4985696	ERX10611248	lane_2	NT1631303J	PAIRED	https://ftp.sra.ebi.ac.uk/vol1/fastq/ERR111/062/ERR11178362/ERR11178362_1.fastq.gz	https://ftp.sra.ebi.ac.uk/vol1/fastq/ERR111/062/ERR11178362/ERR11178362_2.fastq.gz	4308b4f8f08c41a48c90b1413b30080c	8371fe874aa311641a08ff6ae99c819d	931956292	1027947582	50030326	5053062926	2023-03-31	https://www.ebi.ac.uk/ena/portal/api/filereport?accession=PRJEB32839&result=read_run&fields=study_accession%2Csecondary_study_accession%2Crun_accession%2Cexperiment_accession%2Csample_accession%2Csecondary_sample_accession%2Csample_alias%2Csample_title%2Csample_description%2Cexperiment_title%2Clibrary_name%2Clibrary_layout%2Clibrary_strategy%2Clibrary_source%2Clibrary_selection%2Cinstrument_platform%2Cinstrument_model%2Cfastq_ftp%2Cfastq_md5%2Cfastq_bytes%2Cread_count%2Cbase_count%2Cfirst_public&format=tsv&download=false
PRJEB32839	m_32d_sporocysts_r1	ERR11178282	SAMEA7225713	ERS4985698	ERX10611168	lane_1	NT1631304K	PAIRED	https://ftp.sra.ebi.ac.uk/vol1/fastq/ERR111/082/ERR11178282/ERR11178282_1.fastq.gz	https://ftp.sra.ebi.ac.uk/vol1/fastq/ERR111/082/ERR11178282/ERR11178282_2.fastq.gz	28235cda76283cc74f2fc8425280fc38	bb1012d10dd9658b32ce9e0454b3b23b	821946737	868907344	42810810	4323891810	2023-03-30	https://www.ebi.ac.uk/ena/portal/api/filereport?accession=PRJEB32839&result=read_run&fields=study_accession%2Csecondary_study_accession%2Crun_accession%2Cexperiment_accession%2Csample_accession%2Csecondary_sample_accession%2Csample_alias%2Csample_title%2Csample_description%2Cexperiment_title%2Clibrary_name%2Clibrary_layout%2Clibrary_strategy%2Clibrary_source%2Clibrary_selection%2Cinstrument_platform%2Cinstrument_model%2Cfastq_ftp%2Cfastq_md5%2Cfastq_bytes%2Cread_count%2Cbase_count%2Cfirst_public&format=tsv&download=false
PRJEB32839	m_32d_sporocysts_r1	ERR11178372	SAMEA7225713	ERS4985698	ERX10611258	lane_2	NT1631304K	PAIRED	https://ftp.sra.ebi.ac.uk/vol1/fastq/ERR111/072/ERR11178372/ERR11178372_1.fastq.gz	https://ftp.sra.ebi.ac.uk/vol1/fastq/ERR111/072/ERR11178372/ERR11178372_2.fastq.gz	8527dad7eb1d5c1611af1abbdfacb63b	7a3d13641efb63e4aea4721f3792d817	801195003	861758466	40971800	4138151800	2023-03-31	https://www.ebi.ac.uk/ena/portal/api/filereport?accession=PRJEB32839&result=read_run&fields=study_accession%2Csecondary_study_accession%2Crun_accession%2Cexperiment_accession%2Csample_accession%2Csecondary_sample_accession%2Csample_alias%2Csample_title%2Csample_description%2Cexperiment_title%2Clibrary_name%2Clibrary_layout%2Clibrary_strategy%2Clibrary_source%2Clibrary_selection%2Cinstrument_platform%2Cinstrument_model%2Cfastq_ftp%2Cfastq_md5%2Cfastq_bytes%2Cread_count%2Cbase_count%2Cfirst_public&format=tsv&download=false
PRJEB32839	m_32d_sporocysts_r2	ERR11178292	SAMEA7225715	ERS4985700	ERX10611178	lane_1	NT1631305L	PAIRED	https://ftp.sra.ebi.ac.uk/vol1/fastq/ERR111/092/ERR11178292/ERR11178292_1.fastq.gz	https://ftp.sra.ebi.ac.uk/vol1/fastq/ERR111/092/ERR11178292/ERR11178292_2.fastq.gz	3890b00d8806a57d30fa46a2f553c3fe	28f616182213dcedcb74d1eb0ad50e64	1293276174	1396229803	70055614	7075617014	2023-03-31	https://www.ebi.ac.uk/ena/portal/api/filereport?accession=PRJEB32839&result=read_run&fields=study_accession%2Csecondary_study_accession%2Crun_accession%2Cexperiment_accession%2Csample_accession%2Csecondary_sample_accession%2Csample_alias%2Csample_title%2Csample_description%2Cexperiment_title%2Clibrary_name%2Clibrary_layout%2Clibrary_strategy%2Clibrary_source%2Clibrary_selection%2Cinstrument_platform%2Cinstrument_model%2Cfastq_ftp%2Cfastq_md5%2Cfastq_bytes%2Cread_count%2Cbase_count%2Cfirst_public&format=tsv&download=false
PRJEB32839	m_32d_sporocysts_r2	ERR11178382	SAMEA7225715	ERS4985700	ERX10611268	lane_2	NT1631305L	PAIRED	https://ftp.sra.ebi.ac.uk/vol1/fastq/ERR111/082/ERR11178382/ERR11178382_1.fastq.gz	https://ftp.sra.ebi.ac.uk/vol1/fastq/ERR111/082/ERR11178382/ERR11178382_2.fastq.gz	855145f01c1e3c694b85c151282a3c8f	d6e7e4701237be7f5ef6f0603bfb00b6	1260191291	1395229424	67118378	6778956178	2023-03-31	https://www.ebi.ac.uk/ena/portal/api/filereport?accession=PRJEB32839&result=read_run&fields=study_accession%2Csecondary_study_accession%2Crun_accession%2Cexperiment_accession%2Csample_accession%2Csecondary_sample_accession%2Csample_alias%2Csample_title%2Csample_description%2Cexperiment_title%2Clibrary_name%2Clibrary_layout%2Clibrary_strategy%2Clibrary_source%2Clibrary_selection%2Cinstrument_platform%2Cinstrument_model%2Cfastq_ftp%2Cfastq_md5%2Cfastq_bytes%2Cread_count%2Cbase_count%2Cfirst_public&format=tsv&download=false
PRJEB32839	m_32d_sporocysts_r3	ERR11178301	SAMEA7225717	ERS4985702	ERX10611187	lane_1	NT1631306M	PAIRED	https://ftp.sra.ebi.ac.uk/vol1/fastq/ERR111/001/ERR11178301/ERR11178301_1.fastq.gz	https://ftp.sra.ebi.ac.uk/vol1/fastq/ERR111/001/ERR11178301/ERR11178301_2.fastq.gz	415da16e26e183ed42597d2533239c50	457142bb6580c772f72161f6708a806b	980046779	1028284654	50162526	5066415126	2023-03-31	https://www.ebi.ac.uk/ena/portal/api/filereport?accession=PRJEB32839&result=read_run&fields=study_accession%2Csecondary_study_accession%2Crun_accession%2Cexperiment_accession%2Csample_accession%2Csecondary_sample_accession%2Csample_alias%2Csample_title%2Csample_description%2Cexperiment_title%2Clibrary_name%2Clibrary_layout%2Clibrary_strategy%2Clibrary_source%2Clibrary_selection%2Cinstrument_platform%2Cinstrument_model%2Cfastq_ftp%2Cfastq_md5%2Cfastq_bytes%2Cread_count%2Cbase_count%2Cfirst_public&format=tsv&download=false
PRJEB32839	m_32d_sporocysts_r3	ERR11178391	SAMEA7225717	ERS4985702	ERX10611277	lane_2	NT1631306M	PAIRED	https://ftp.sra.ebi.ac.uk/vol1/fastq/ERR111/091/ERR11178391/ERR11178391_1.fastq.gz	https://ftp.sra.ebi.ac.uk/vol1/fastq/ERR111/091/ERR11178391/ERR11178391_2.fastq.gz	47719b7652ec564008bc5ac561789c12	2991fab549c4e7213dfa123918238840	947478068	1021275028	48055080	4853563080	2023-03-31	https://www.ebi.ac.uk/ena/portal/api/filereport?accession=PRJEB32839&result=read_run&fields=study_accession%2Csecondary_study_accession%2Crun_accession%2Cexperiment_accession%2Csample_accession%2Csecondary_sample_accession%2Csample_alias%2Csample_title%2Csample_description%2Cexperiment_title%2Clibrary_name%2Clibrary_layout%2Clibrary_strategy%2Clibrary_source%2Clibrary_selection%2Cinstrument_platform%2Cinstrument_model%2Cfastq_ftp%2Cfastq_md5%2Cfastq_bytes%2Cread_count%2Cbase_count%2Cfirst_public&format=tsv&download=false
PRJEB32839	m_32d_sporocysts_r4	ERR11178310	SAMEA7225718	ERS4985703	ERX10611196	lane_1	NT1631307N	PAIRED	https://ftp.sra.ebi.ac.uk/vol1/fastq/ERR111/010/ERR11178310/ERR11178310_1.fastq.gz	https://ftp.sra.ebi.ac.uk/vol1/fastq/ERR111/010/ERR11178310/ERR11178310_2.fastq.gz	d41b387425d6688863f0d797bdae36ba	07552ca4f62e8b30f922b6d4bb44831d	2160812991	2290525875	107238404	10831078804	2023-03-31	https://www.ebi.ac.uk/ena/portal/api/filereport?accession=PRJEB32839&result=read_run&fields=study_accession%2Csecondary_study_accession%2Crun_accession%2Cexperiment_accession%2Csample_accession%2Csecondary_sample_accession%2Csample_alias%2Csample_title%2Csample_description%2Cexperiment_title%2Clibrary_name%2Clibrary_layout%2Clibrary_strategy%2Clibrary_source%2Clibrary_selection%2Cinstrument_platform%2Cinstrument_model%2Cfastq_ftp%2Cfastq_md5%2Cfastq_bytes%2Cread_count%2Cbase_count%2Cfirst_public&format=tsv&download=false
PRJEB32839	m_32d_sporocysts_r4	ERR11178400	SAMEA7225718	ERS4985703	ERX10611286	lane_2	NT1631307N	PAIRED	https://ftp.sra.ebi.ac.uk/vol1/fastq/ERR111/000/ERR11178400/ERR11178400_1.fastq.gz	https://ftp.sra.ebi.ac.uk/vol1/fastq/ERR111/000/ERR11178400/ERR11178400_2.fastq.gz	4f0dd3eb035cc285a8d68384fa9a25bc	6fe9765428119e0467c1bc489a14860a	2154386513	2326993785	105043708	10609414508	2023-03-31	https://www.ebi.ac.uk/ena/portal/api/filereport?accession=PRJEB32839&result=read_run&fields=study_accession%2Csecondary_study_accession%2Crun_accession%2Cexperiment_accession%2Csample_accession%2Csecondary_sample_accession%2Csample_alias%2Csample_title%2Csample_description%2Cexperiment_title%2Clibrary_name%2Clibrary_layout%2Clibrary_strategy%2Clibrary_source%2Clibrary_selection%2Cinstrument_platform%2Cinstrument_model%2Cfastq_ftp%2Cfastq_md5%2Cfastq_bytes%2Cread_count%2Cbase_count%2Cfirst_public&format=tsv&download=false
PRJEB32839	m_32d_sporocysts_r5	ERR11178319	SAMEA7225721	ERS4985706	ERX10611205	lane_1	NT1631308O	PAIRED	https://ftp.sra.ebi.ac.uk/vol1/fastq/ERR111/019/ERR11178319/ERR11178319_1.fastq.gz	https://ftp.sra.ebi.ac.uk/vol1/fastq/ERR111/019/ERR11178319/ERR11178319_2.fastq.gz	8d7659864df59303ed2a9416f5700a8f	98496862181a923462d83759c3610582	1249506876	1334138787	68596664	6928263064	2023-03-30	https://www.ebi.ac.uk/ena/portal/api/filereport?accession=PRJEB32839&result=read_run&fields=study_accession%2Csecondary_study_accession%2Crun_accession%2Cexperiment_accession%2Csample_accession%2Csecondary_sample_accession%2Csample_alias%2Csample_title%2Csample_description%2Cexperiment_title%2Clibrary_name%2Clibrary_layout%2Clibrary_strategy%2Clibrary_source%2Clibrary_selection%2Cinstrument_platform%2Cinstrument_model%2Cfastq_ftp%2Cfastq_md5%2Cfastq_bytes%2Cread_count%2Cbase_count%2Cfirst_public&format=tsv&download=false
PRJEB32839	m_32d_sporocysts_r5	ERR11178409	SAMEA7225721	ERS4985706	ERX10611295	lane_2	NT1631308O	PAIRED	https://ftp.sra.ebi.ac.uk/vol1/fastq/ERR111/009/ERR11178409/ERR11178409_1.fastq.gz	https://ftp.sra.ebi.ac.uk/vol1/fastq/ERR111/009/ERR11178409/ERR11178409_2.fastq.gz	13284255a2c13a24be8da4e9491e588a	fab4b1d1e7db90c516f38f6327fa5828	1221407661	1339626004	66081554	6674236954	2023-03-30	https://www.ebi.ac.uk/ena/portal/api/filereport?accession=PRJEB32839&result=read_run&fields=study_accession%2Csecondary_study_accession%2Crun_accession%2Cexperiment_accession%2Csample_accession%2Csecondary_sample_accession%2Csample_alias%2Csample_title%2Csample_description%2Cexperiment_title%2Clibrary_name%2Clibrary_layout%2Clibrary_strategy%2Clibrary_source%2Clibrary_selection%2Cinstrument_platform%2Cinstrument_model%2Cfastq_ftp%2Cfastq_md5%2Cfastq_bytes%2Cread_count%2Cbase_count%2Cfirst_public&format=tsv&download=false
PRJEB32839	x_32d_sporocysts_r1	ERR11178327	SAMEA7225724	ERS4985709	ERX10611213	lane_1	NT1631309P	PAIRED	https://ftp.sra.ebi.ac.uk/vol1/fastq/ERR111/027/ERR11178327/ERR11178327_1.fastq.gz	https://ftp.sra.ebi.ac.uk/vol1/fastq/ERR111/027/ERR11178327/ERR11178327_2.fastq.gz	a02372a3b457f40949b3b97bb33c556d	a7c0df3c891cb5d9938229a31ea5a06a	1986374453	2129812390	108220500	10930270500	2023-03-30	https://www.ebi.ac.uk/ena/portal/api/filereport?accession=PRJEB32839&result=read_run&fields=study_accession%2Csecondary_study_accession%2Crun_accession%2Cexperiment_accession%2Csample_accession%2Csecondary_sample_accession%2Csample_alias%2Csample_title%2Csample_description%2Cexperiment_title%2Clibrary_name%2Clibrary_layout%2Clibrary_strategy%2Clibrary_source%2Clibrary_selection%2Cinstrument_platform%2Cinstrument_model%2Cfastq_ftp%2Cfastq_md5%2Cfastq_bytes%2Cread_count%2Cbase_count%2Cfirst_public&format=tsv&download=false
PRJEB32839	x_32d_sporocysts_r1	ERR11178417	SAMEA7225724	ERS4985709	ERX10611303	lane_2	NT1631309P	PAIRED	https://ftp.sra.ebi.ac.uk/vol1/fastq/ERR111/017/ERR11178417/ERR11178417_1.fastq.gz	https://ftp.sra.ebi.ac.uk/vol1/fastq/ERR111/017/ERR11178417/ERR11178417_2.fastq.gz	45d55cc7c2176ee832a327aa53ed6e08	eef10ce952e6b9914132044f24fd87c5	1964529813	2145934282	104718290	10576547290	2023-03-31	https://www.ebi.ac.uk/ena/portal/api/filereport?accession=PRJEB32839&result=read_run&fields=study_accession%2Csecondary_study_accession%2Crun_accession%2Cexperiment_accession%2Csample_accession%2Csecondary_sample_accession%2Csample_alias%2Csample_title%2Csample_description%2Cexperiment_title%2Clibrary_name%2Clibrary_layout%2Clibrary_strategy%2Clibrary_source%2Clibrary_selection%2Cinstrument_platform%2Cinstrument_model%2Cfastq_ftp%2Cfastq_md5%2Cfastq_bytes%2Cread_count%2Cbase_count%2Cfirst_public&format=tsv&download=false
PRJEB32839	x_32d_sporocysts_r2	ERR11178336	SAMEA7225725	ERS4985710	ERX10611222	lane_1	NT1631310I	PAIRED	https://ftp.sra.ebi.ac.uk/vol1/fastq/ERR111/036/ERR11178336/ERR11178336_1.fastq.gz	https://ftp.sra.ebi.ac.uk/vol1/fastq/ERR111/036/ERR11178336/ERR11178336_2.fastq.gz	8d04a8eb31aacc56ffa640fcbb712699	e6ae0ae3437f6cd5a86387c0cd2d31ff	1014966142	1103121550	56426578	5699084378	2023-03-30	https://www.ebi.ac.uk/ena/portal/api/filereport?accession=PRJEB32839&result=read_run&fields=study_accession%2Csecondary_study_accession%2Crun_accession%2Cexperiment_accession%2Csample_accession%2Csecondary_sample_accession%2Csample_alias%2Csample_title%2Csample_description%2Cexperiment_title%2Clibrary_name%2Clibrary_layout%2Clibrary_strategy%2Clibrary_source%2Clibrary_selection%2Cinstrument_platform%2Cinstrument_model%2Cfastq_ftp%2Cfastq_md5%2Cfastq_bytes%2Cread_count%2Cbase_count%2Cfirst_public&format=tsv&download=false
PRJEB32839	x_32d_sporocysts_r2	ERR11178426	SAMEA7225725	ERS4985710	ERX10611312	lane_2	NT1631310I	PAIRED	https://ftp.sra.ebi.ac.uk/vol1/fastq/ERR111/026/ERR11178426/ERR11178426_1.fastq.gz	https://ftp.sra.ebi.ac.uk/vol1/fastq/ERR111/026/ERR11178426/ERR11178426_2.fastq.gz	48249b624bb063ce52c146d35571583d	7c7196530c347ee4a698798c799483e0	1011135235	1120371429	55084178	5563501978	2023-03-31	https://www.ebi.ac.uk/ena/portal/api/filereport?accession=PRJEB32839&result=read_run&fields=study_accession%2Csecondary_study_accession%2Crun_accession%2Cexperiment_accession%2Csample_accession%2Csecondary_sample_accession%2Csample_alias%2Csample_title%2Csample_description%2Cexperiment_title%2Clibrary_name%2Clibrary_layout%2Clibrary_strategy%2Clibrary_source%2Clibrary_selection%2Cinstrument_platform%2Cinstrument_model%2Cfastq_ftp%2Cfastq_md5%2Cfastq_bytes%2Cread_count%2Cbase_count%2Cfirst_public&format=tsv&download=false
PRJEB32839	x_32d_sporocysts_r3	ERR11178341	SAMEA7225729	ERS4985714	ERX10611227	lane_1	NT1631312K	PAIRED	https://ftp.sra.ebi.ac.uk/vol1/fastq/ERR111/041/ERR11178341/ERR11178341_1.fastq.gz	https://ftp.sra.ebi.ac.uk/vol1/fastq/ERR111/041/ERR11178341/ERR11178341_2.fastq.gz	713a421ed2ced010e6ccda2d05a39bee	6a5e530fe431a3167b01c5277fe3f21c	801378714	847746246	41490052	4190495252	2023-03-31	https://www.ebi.ac.uk/ena/portal/api/filereport?accession=PRJEB32839&result=read_run&fields=study_accession%2Csecondary_study_accession%2Crun_accession%2Cexperiment_accession%2Csample_accession%2Csecondary_sample_accession%2Csample_alias%2Csample_title%2Csample_description%2Cexperiment_title%2Clibrary_name%2Clibrary_layout%2Clibrary_strategy%2Clibrary_source%2Clibrary_selection%2Cinstrument_platform%2Cinstrument_model%2Cfastq_ftp%2Cfastq_md5%2Cfastq_bytes%2Cread_count%2Cbase_count%2Cfirst_public&format=tsv&download=false
PRJEB32839	x_32d_sporocysts_r3	ERR11178431	SAMEA7225729	ERS4985714	ERX10611317	lane_2	NT1631312K	PAIRED	https://ftp.sra.ebi.ac.uk/vol1/fastq/ERR111/031/ERR11178431/ERR11178431_1.fastq.gz	https://ftp.sra.ebi.ac.uk/vol1/fastq/ERR111/031/ERR11178431/ERR11178431_2.fastq.gz	637e165e2241253f10342d8b764f6e03	0056328bd7a320d1d4c91a980d6bb1c2	783570841	846223952	39933038	4033236838	2023-03-31	https://www.ebi.ac.uk/ena/portal/api/filereport?accession=PRJEB32839&result=read_run&fields=study_accession%2Csecondary_study_accession%2Crun_accession%2Cexperiment_accession%2Csample_accession%2Csecondary_sample_accession%2Csample_alias%2Csample_title%2Csample_description%2Cexperiment_title%2Clibrary_name%2Clibrary_layout%2Clibrary_strategy%2Clibrary_source%2Clibrary_selection%2Cinstrument_platform%2Cinstrument_model%2Cfastq_ftp%2Cfastq_md5%2Cfastq_bytes%2Cread_count%2Cbase_count%2Cfirst_public&format=tsv&download=false
PRJEB32839	x_32d_sporocysts_r4	ERR11178345	SAMEA7225727	ERS4985712	ERX10611231	lane_1	NT1631311J	PAIRED	https://ftp.sra.ebi.ac.uk/vol1/fastq/ERR111/045/ERR11178345/ERR11178345_1.fastq.gz	https://ftp.sra.ebi.ac.uk/vol1/fastq/ERR111/045/ERR11178345/ERR11178345_2.fastq.gz	777419aff3333734c86509333787559d	84a5cbc13e35ae98f58c94fdaab0c8da	816493622	897838886	44222946	4466517546	2023-03-31	https://www.ebi.ac.uk/ena/portal/api/filereport?accession=PRJEB32839&result=read_run&fields=study_accession%2Csecondary_study_accession%2Crun_accession%2Cexperiment_accession%2Csample_accession%2Csecondary_sample_accession%2Csample_alias%2Csample_title%2Csample_description%2Cexperiment_title%2Clibrary_name%2Clibrary_layout%2Clibrary_strategy%2Clibrary_source%2Clibrary_selection%2Cinstrument_platform%2Cinstrument_model%2Cfastq_ftp%2Cfastq_md5%2Cfastq_bytes%2Cread_count%2Cbase_count%2Cfirst_public&format=tsv&download=false
PRJEB32839	x_32d_sporocysts_r4	ERR11178435	SAMEA7225727	ERS4985712	ERX10611321	lane_2	NT1631311J	PAIRED	https://ftp.sra.ebi.ac.uk/vol1/fastq/ERR111/035/ERR11178435/ERR11178435_1.fastq.gz	https://ftp.sra.ebi.ac.uk/vol1/fastq/ERR111/035/ERR11178435/ERR11178435_2.fastq.gz	a6ecf9015bff3f9afeaf3567f5781236	ae369c157eb6d695b7f8a8333dcd80be	802014550	885601876	42165726	4258738326	2023-03-31	https://www.ebi.ac.uk/ena/portal/api/filereport?accession=PRJEB32839&result=read_run&fields=study_accession%2Csecondary_study_accession%2Crun_accession%2Cexperiment_accession%2Csample_accession%2Csecondary_sample_accession%2Csample_alias%2Csample_title%2Csample_description%2Cexperiment_title%2Clibrary_name%2Clibrary_layout%2Clibrary_strategy%2Clibrary_source%2Clibrary_selection%2Cinstrument_platform%2Cinstrument_model%2Cfastq_ftp%2Cfastq_md5%2Cfastq_bytes%2Cread_count%2Cbase_count%2Cfirst_public&format=tsv&download=false
PRJEB32839	x_32d_sporocysts_r5	ERR11178342	SAMEA7225731	ERS4985716	ERX10611228	lane_1	NT1631313L	PAIRED	https://ftp.sra.ebi.ac.uk/vol1/fastq/ERR111/042/ERR11178342/ERR11178342_1.fastq.gz	https://ftp.sra.ebi.ac.uk/vol1/fastq/ERR111/042/ERR11178342/ERR11178342_2.fastq.gz	30bf2632bbd51daf3f681c3862c8b1dd	51b9e7a0ac0cc3375e7dd88aeba7e070	478047054	509286172	26726666	2699393266	2023-03-31	https://www.ebi.ac.uk/ena/portal/api/filereport?accession=PRJEB32839&result=read_run&fields=study_accession%2Csecondary_study_accession%2Crun_accession%2Cexperiment_accession%2Csample_accession%2Csecondary_sample_accession%2Csample_alias%2Csample_title%2Csample_description%2Cexperiment_title%2Clibrary_name%2Clibrary_layout%2Clibrary_strategy%2Clibrary_source%2Clibrary_selection%2Cinstrument_platform%2Cinstrument_model%2Cfastq_ftp%2Cfastq_md5%2Cfastq_bytes%2Cread_count%2Cbase_count%2Cfirst_public&format=tsv&download=false
PRJEB32839	x_32d_sporocysts_r5	ERR11178432	SAMEA7225731	ERS4985716	ERX10611318	lane_2	NT1631313L	PAIRED	https://ftp.sra.ebi.ac.uk/vol1/fastq/ERR111/032/ERR11178432/ERR11178432_1.fastq.gz	https://ftp.sra.ebi.ac.uk/vol1/fastq/ERR111/032/ERR11178432/ERR11178432_2.fastq.gz	5a85eb8beed26a26a12fed07ff6f90e6	9d3962683780b9fb94ffe6836403b931	470819122	509539347	25843924	2610236324	2023-03-30	https://www.ebi.ac.uk/ena/portal/api/filereport?accession=PRJEB32839&result=read_run&fields=study_accession%2Csecondary_study_accession%2Crun_accession%2Cexperiment_accession%2Csample_accession%2Csecondary_sample_accession%2Csample_alias%2Csample_title%2Csample_description%2Cexperiment_title%2Clibrary_name%2Clibrary_layout%2Clibrary_strategy%2Clibrary_source%2Clibrary_selection%2Cinstrument_platform%2Cinstrument_model%2Cfastq_ftp%2Cfastq_md5%2Cfastq_bytes%2Cread_count%2Cbase_count%2Cfirst_public&format=tsv&download=false
PRJEB32839	f_cercariae_r1	ERR11178343	SAMEA7225733	ERS4985718	ERX10611229	lane_1	NT1631314M	PAIRED	https://ftp.sra.ebi.ac.uk/vol1/fastq/ERR111/043/ERR11178343/ERR11178343_1.fastq.gz	https://ftp.sra.ebi.ac.uk/vol1/fastq/ERR111/043/ERR11178343/ERR11178343_2.fastq.gz	3c869a9b7570dcc85a7aa1d0edd528c5	a39c6be6c748d7feba62991984a5dc2e	399747963	467585891	32358174	3268175574	2023-03-31	https://www.ebi.ac.uk/ena/portal/api/filereport?accession=PRJEB32839&result=read_run&fields=study_accession%2Csecondary_study_accession%2Crun_accession%2Cexperiment_accession%2Csample_accession%2Csecondary_sample_accession%2Csample_alias%2Csample_title%2Csample_description%2Cexperiment_title%2Clibrary_name%2Clibrary_layout%2Clibrary_strategy%2Clibrary_source%2Clibrary_selection%2Cinstrument_platform%2Cinstrument_model%2Cfastq_ftp%2Cfastq_md5%2Cfastq_bytes%2Cread_count%2Cbase_count%2Cfirst_public&format=tsv&download=false
PRJEB32839	f_cercariae_r1	ERR11178433	SAMEA7225733	ERS4985718	ERX10611319	lane_2	NT1631314M	PAIRED	https://ftp.sra.ebi.ac.uk/vol1/fastq/ERR111/033/ERR11178433/ERR11178433_1.fastq.gz	https://ftp.sra.ebi.ac.uk/vol1/fastq/ERR111/033/ERR11178433/ERR11178433_2.fastq.gz	79af5851c885f57c2d8b8fe5cde05927	dee248388abee10f14b48aa49e7c183f	388737078	482613297	31542588	3185801388	2023-03-30	https://www.ebi.ac.uk/ena/portal/api/filereport?accession=PRJEB32839&result=read_run&fields=study_accession%2Csecondary_study_accession%2Crun_accession%2Cexperiment_accession%2Csample_accession%2Csecondary_sample_accession%2Csample_alias%2Csample_title%2Csample_description%2Cexperiment_title%2Clibrary_name%2Clibrary_layout%2Clibrary_strategy%2Clibrary_source%2Clibrary_selection%2Cinstrument_platform%2Cinstrument_model%2Cfastq_ftp%2Cfastq_md5%2Cfastq_bytes%2Cread_count%2Cbase_count%2Cfirst_public&format=tsv&download=false
PRJEB32839	f_cercariae_r2	ERR11178347	SAMEA7225735	ERS4985720	ERX10611233	lane_1	NT1631315N	PAIRED	https://ftp.sra.ebi.ac.uk/vol1/fastq/ERR111/047/ERR11178347/ERR11178347_1.fastq.gz	https://ftp.sra.ebi.ac.uk/vol1/fastq/ERR111/047/ERR11178347/ERR11178347_2.fastq.gz	6ea94c5e9ffd1947c8937b7ecf0d7556	138b9bee9a656e4fca070dab853cd4c1	465914000	519127466	36715096	3708224696	2023-03-31	https://www.ebi.ac.uk/ena/portal/api/filereport?accession=PRJEB32839&result=read_run&fields=study_accession%2Csecondary_study_accession%2Crun_accession%2Cexperiment_accession%2Csample_accession%2Csecondary_sample_accession%2Csample_alias%2Csample_title%2Csample_description%2Cexperiment_title%2Clibrary_name%2Clibrary_layout%2Clibrary_strategy%2Clibrary_source%2Clibrary_selection%2Cinstrument_platform%2Cinstrument_model%2Cfastq_ftp%2Cfastq_md5%2Cfastq_bytes%2Cread_count%2Cbase_count%2Cfirst_public&format=tsv&download=false
PRJEB32839	f_cercariae_r2	ERR11178437	SAMEA7225735	ERS4985720	ERX10611323	lane_2	NT1631315N	PAIRED	https://ftp.sra.ebi.ac.uk/vol1/fastq/ERR111/037/ERR11178437/ERR11178437_1.fastq.gz	https://ftp.sra.ebi.ac.uk/vol1/fastq/ERR111/037/ERR11178437/ERR11178437_2.fastq.gz	e583e69b7dcb2cfec0bc03fa58473d02	4d39b7cc77b3582b82981fd89afcd4a3	453752041	530266145	35475432	3583018632	2023-03-30	https://www.ebi.ac.uk/ena/portal/api/filereport?accession=PRJEB32839&result=read_run&fields=study_accession%2Csecondary_study_accession%2Crun_accession%2Cexperiment_accession%2Csample_accession%2Csecondary_sample_accession%2Csample_alias%2Csample_title%2Csample_description%2Cexperiment_title%2Clibrary_name%2Clibrary_layout%2Clibrary_strategy%2Clibrary_source%2Clibrary_selection%2Cinstrument_platform%2Cinstrument_model%2Cfastq_ftp%2Cfastq_md5%2Cfastq_bytes%2Cread_count%2Cbase_count%2Cfirst_public&format=tsv&download=false
PRJEB32839	f_cercariae_r3	ERR11178349	SAMEA7225736	ERS4985721	ERX10611235	lane_1	NT1631316O	PAIRED	https://ftp.sra.ebi.ac.uk/vol1/fastq/ERR111/049/ERR11178349/ERR11178349_1.fastq.gz	https://ftp.sra.ebi.ac.uk/vol1/fastq/ERR111/049/ERR11178349/ERR11178349_2.fastq.gz	1dea9e5d014b3728746e38ac452adc60	3b3ab58135cebbb1f31ef17e798c314c	400025581	443882855	31573058	3188878858	2023-03-31	https://www.ebi.ac.uk/ena/portal/api/filereport?accession=PRJEB32839&result=read_run&fields=study_accession%2Csecondary_study_accession%2Crun_accession%2Cexperiment_accession%2Csample_accession%2Csecondary_sample_accession%2Csample_alias%2Csample_title%2Csample_description%2Cexperiment_title%2Clibrary_name%2Clibrary_layout%2Clibrary_strategy%2Clibrary_source%2Clibrary_selection%2Cinstrument_platform%2Cinstrument_model%2Cfastq_ftp%2Cfastq_md5%2Cfastq_bytes%2Cread_count%2Cbase_count%2Cfirst_public&format=tsv&download=false
PRJEB32839	f_cercariae_r3	ERR11178439	SAMEA7225736	ERS4985721	ERX10611325	lane_2	NT1631316O	PAIRED	https://ftp.sra.ebi.ac.uk/vol1/fastq/ERR111/039/ERR11178439/ERR11178439_1.fastq.gz	https://ftp.sra.ebi.ac.uk/vol1/fastq/ERR111/039/ERR11178439/ERR11178439_2.fastq.gz	045200d9a13a033ac59fee725270a9b1	ab19513fa713458eb4175370dbc527f0	392433045	454620278	30689190	3099608190	2023-03-31	https://www.ebi.ac.uk/ena/portal/api/filereport?accession=PRJEB32839&result=read_run&fields=study_accession%2Csecondary_study_accession%2Crun_accession%2Cexperiment_accession%2Csample_accession%2Csecondary_sample_accession%2Csample_alias%2Csample_title%2Csample_description%2Cexperiment_title%2Clibrary_name%2Clibrary_layout%2Clibrary_strategy%2Clibrary_source%2Clibrary_selection%2Cinstrument_platform%2Cinstrument_model%2Cfastq_ftp%2Cfastq_md5%2Cfastq_bytes%2Cread_count%2Cbase_count%2Cfirst_public&format=tsv&download=false
PRJEB32839	f_cercariae_r4	ERR11178351	SAMEA7225739	ERS4985724	ERX10611237	lane_1	NT1631317P	PAIRED	https://ftp.sra.ebi.ac.uk/vol1/fastq/ERR111/051/ERR11178351/ERR11178351_1.fastq.gz	https://ftp.sra.ebi.ac.uk/vol1/fastq/ERR111/051/ERR11178351/ERR11178351_2.fastq.gz	f4435544352ec475313a833b6e41d489	8ff683f920dc8c3a3258a9c50722d112	471007908	541738982	37194164	3756610564	2023-03-30	https://www.ebi.ac.uk/ena/portal/api/filereport?accession=PRJEB32839&result=read_run&fields=study_accession%2Csecondary_study_accession%2Crun_accession%2Cexperiment_accession%2Csample_accession%2Csecondary_sample_accession%2Csample_alias%2Csample_title%2Csample_description%2Cexperiment_title%2Clibrary_name%2Clibrary_layout%2Clibrary_strategy%2Clibrary_source%2Clibrary_selection%2Cinstrument_platform%2Cinstrument_model%2Cfastq_ftp%2Cfastq_md5%2Cfastq_bytes%2Cread_count%2Cbase_count%2Cfirst_public&format=tsv&download=false
PRJEB32839	f_cercariae_r4	ERR11178441	SAMEA7225739	ERS4985724	ERX10611327	lane_2	NT1631317P	PAIRED	https://ftp.sra.ebi.ac.uk/vol1/fastq/ERR111/041/ERR11178441/ERR11178441_1.fastq.gz	https://ftp.sra.ebi.ac.uk/vol1/fastq/ERR111/041/ERR11178441/ERR11178441_2.fastq.gz	778a6581f6038ab29ae88c778acca54a	e78e7361f68a56b521c00ad11576f720	468947771	554609831	36408264	3677234664	2023-03-30	https://www.ebi.ac.uk/ena/portal/api/filereport?accession=PRJEB32839&result=read_run&fields=study_accession%2Csecondary_study_accession%2Crun_accession%2Cexperiment_accession%2Csample_accession%2Csecondary_sample_accession%2Csample_alias%2Csample_title%2Csample_description%2Cexperiment_title%2Clibrary_name%2Clibrary_layout%2Clibrary_strategy%2Clibrary_source%2Clibrary_selection%2Cinstrument_platform%2Cinstrument_model%2Cfastq_ftp%2Cfastq_md5%2Cfastq_bytes%2Cread_count%2Cbase_count%2Cfirst_public&format=tsv&download=false
PRJEB32839	f_cercariae_r5	ERR11178353	SAMEA7225743	ERS4985728	ERX10611239	lane_1	NT1631318Q	PAIRED	https://ftp.sra.ebi.ac.uk/vol1/fastq/ERR111/053/ERR11178353/ERR11178353_1.fastq.gz	https://ftp.sra.ebi.ac.uk/vol1/fastq/ERR111/053/ERR11178353/ERR11178353_2.fastq.gz	f08378c4e430fb39c6be27e100333890	f236f1d22d1cf5e26c26b3a186a8d7ff	578543828	652214726	45592026	4604794626	2023-03-30	https://www.ebi.ac.uk/ena/portal/api/filereport?accession=PRJEB32839&result=read_run&fields=study_accession%2Csecondary_study_accession%2Crun_accession%2Cexperiment_accession%2Csample_accession%2Csecondary_sample_accession%2Csample_alias%2Csample_title%2Csample_description%2Cexperiment_title%2Clibrary_name%2Clibrary_layout%2Clibrary_strategy%2Clibrary_source%2Clibrary_selection%2Cinstrument_platform%2Cinstrument_model%2Cfastq_ftp%2Cfastq_md5%2Cfastq_bytes%2Cread_count%2Cbase_count%2Cfirst_public&format=tsv&download=false
PRJEB32839	f_cercariae_r5	ERR11178443	SAMEA7225743	ERS4985728	ERX10611329	lane_2	NT1631318Q	PAIRED	https://ftp.sra.ebi.ac.uk/vol1/fastq/ERR111/043/ERR11178443/ERR11178443_1.fastq.gz	https://ftp.sra.ebi.ac.uk/vol1/fastq/ERR111/043/ERR11178443/ERR11178443_2.fastq.gz	1e35ce644f433b8f9573a345e680b40a	eec8f1bd61e2ff950014c8fc082e7840	561146464	663231017	44047076	4448754676	2023-03-31	https://www.ebi.ac.uk/ena/portal/api/filereport?accession=PRJEB32839&result=read_run&fields=study_accession%2Csecondary_study_accession%2Crun_accession%2Cexperiment_accession%2Csample_accession%2Csecondary_sample_accession%2Csample_alias%2Csample_title%2Csample_description%2Cexperiment_title%2Clibrary_name%2Clibrary_layout%2Clibrary_strategy%2Clibrary_source%2Clibrary_selection%2Cinstrument_platform%2Cinstrument_model%2Cfastq_ftp%2Cfastq_md5%2Cfastq_bytes%2Cread_count%2Cbase_count%2Cfirst_public&format=tsv&download=false
PRJEB32839	m_cercariae_r1	ERR11178274	SAMEA7225745	ERS4985730	ERX10611160	lane_1	NT1631319R	PAIRED	https://ftp.sra.ebi.ac.uk/vol1/fastq/ERR111/074/ERR11178274/ERR11178274_1.fastq.gz	https://ftp.sra.ebi.ac.uk/vol1/fastq/ERR111/074/ERR11178274/ERR11178274_2.fastq.gz	59caf5c8c26b30827f15ca41277019a2	74593987f8e4596a580eb6a1fdf3d88e	420628058	476162746	32213160	3253529160	2023-03-31	https://www.ebi.ac.uk/ena/portal/api/filereport?accession=PRJEB32839&result=read_run&fields=study_accession%2Csecondary_study_accession%2Crun_accession%2Cexperiment_accession%2Csample_accession%2Csecondary_sample_accession%2Csample_alias%2Csample_title%2Csample_description%2Cexperiment_title%2Clibrary_name%2Clibrary_layout%2Clibrary_strategy%2Clibrary_source%2Clibrary_selection%2Cinstrument_platform%2Cinstrument_model%2Cfastq_ftp%2Cfastq_md5%2Cfastq_bytes%2Cread_count%2Cbase_count%2Cfirst_public&format=tsv&download=false
PRJEB32839	m_cercariae_r1	ERR11178364	SAMEA7225745	ERS4985730	ERX10611250	lane_2	NT1631319R	PAIRED	https://ftp.sra.ebi.ac.uk/vol1/fastq/ERR111/064/ERR11178364/ERR11178364_1.fastq.gz	https://ftp.sra.ebi.ac.uk/vol1/fastq/ERR111/064/ERR11178364/ERR11178364_2.fastq.gz	a6164aafe15f7291a314e4acb7abb4e9	2882c433b32206279816a33fe07ca0f8	383922726	473200435	30215472	3051762672	2023-03-31	https://www.ebi.ac.uk/ena/portal/api/filereport?accession=PRJEB32839&result=read_run&fields=study_accession%2Csecondary_study_accession%2Crun_accession%2Cexperiment_accession%2Csample_accession%2Csecondary_sample_accession%2Csample_alias%2Csample_title%2Csample_description%2Cexperiment_title%2Clibrary_name%2Clibrary_layout%2Clibrary_strategy%2Clibrary_source%2Clibrary_selection%2Cinstrument_platform%2Cinstrument_model%2Cfastq_ftp%2Cfastq_md5%2Cfastq_bytes%2Cread_count%2Cbase_count%2Cfirst_public&format=tsv&download=false
PRJEB32839	m_cercariae_r2	ERR11178284	SAMEA7225747	ERS4985732	ERX10611170	lane_1	NT1631320K	PAIRED	https://ftp.sra.ebi.ac.uk/vol1/fastq/ERR111/084/ERR11178284/ERR11178284_1.fastq.gz	https://ftp.sra.ebi.ac.uk/vol1/fastq/ERR111/084/ERR11178284/ERR11178284_2.fastq.gz	d292b210513294e9b156dd8db01bdc3a	f55ce040b6ac6f43faaab3aecad49647	579009231	714350213	48714184	4920132584	2023-03-30	https://www.ebi.ac.uk/ena/portal/api/filereport?accession=PRJEB32839&result=read_run&fields=study_accession%2Csecondary_study_accession%2Crun_accession%2Cexperiment_accession%2Csample_accession%2Csecondary_sample_accession%2Csample_alias%2Csample_title%2Csample_description%2Cexperiment_title%2Clibrary_name%2Clibrary_layout%2Clibrary_strategy%2Clibrary_source%2Clibrary_selection%2Cinstrument_platform%2Cinstrument_model%2Cfastq_ftp%2Cfastq_md5%2Cfastq_bytes%2Cread_count%2Cbase_count%2Cfirst_public&format=tsv&download=false
PRJEB32839	m_cercariae_r2	ERR11178374	SAMEA7225747	ERS4985732	ERX10611260	lane_2	NT1631320K	PAIRED	https://ftp.sra.ebi.ac.uk/vol1/fastq/ERR111/074/ERR11178374/ERR11178374_1.fastq.gz	https://ftp.sra.ebi.ac.uk/vol1/fastq/ERR111/074/ERR11178374/ERR11178374_2.fastq.gz	4a243c67a9feb8a09d36270ce4e68419	74b8d235cb23796a8da20319496cfd22	566708227	708167679	45947400	4640687400	2023-03-31	https://www.ebi.ac.uk/ena/portal/api/filereport?accession=PRJEB32839&result=read_run&fields=study_accession%2Csecondary_study_accession%2Crun_accession%2Cexperiment_accession%2Csample_accession%2Csecondary_sample_accession%2Csample_alias%2Csample_title%2Csample_description%2Cexperiment_title%2Clibrary_name%2Clibrary_layout%2Clibrary_strategy%2Clibrary_source%2Clibrary_selection%2Cinstrument_platform%2Cinstrument_model%2Cfastq_ftp%2Cfastq_md5%2Cfastq_bytes%2Cread_count%2Cbase_count%2Cfirst_public&format=tsv&download=false
PRJEB32839	m_cercariae_r3	ERR11178293	SAMEA7225749	ERS4985734	ERX10611179	lane_1	NT1631321L	PAIRED	https://ftp.sra.ebi.ac.uk/vol1/fastq/ERR111/093/ERR11178293/ERR11178293_1.fastq.gz	https://ftp.sra.ebi.ac.uk/vol1/fastq/ERR111/093/ERR11178293/ERR11178293_2.fastq.gz	48cb1bee76e91a13f16c26f2679a9c66	6a4b06f0354525d6a2ca19ea49058cf0	558065579	634878930	46050856	4651136456	2023-03-30	https://www.ebi.ac.uk/ena/portal/api/filereport?accession=PRJEB32839&result=read_run&fields=study_accession%2Csecondary_study_accession%2Crun_accession%2Cexperiment_accession%2Csample_accession%2Csecondary_sample_accession%2Csample_alias%2Csample_title%2Csample_description%2Cexperiment_title%2Clibrary_name%2Clibrary_layout%2Clibrary_strategy%2Clibrary_source%2Clibrary_selection%2Cinstrument_platform%2Cinstrument_model%2Cfastq_ftp%2Cfastq_md5%2Cfastq_bytes%2Cread_count%2Cbase_count%2Cfirst_public&format=tsv&download=false
PRJEB32839	m_cercariae_r3	ERR11178383	SAMEA7225749	ERS4985734	ERX10611269	lane_2	NT1631321L	PAIRED	https://ftp.sra.ebi.ac.uk/vol1/fastq/ERR111/083/ERR11178383/ERR11178383_1.fastq.gz	https://ftp.sra.ebi.ac.uk/vol1/fastq/ERR111/083/ERR11178383/ERR11178383_2.fastq.gz	ba1e103d6b6394a78f9eb3b56ce70848	6a701cd0c35c0e17b73f2fdb609bc964	548894103	643941155	44174948	4461669748	2023-03-30	https://www.ebi.ac.uk/ena/portal/api/filereport?accession=PRJEB32839&result=read_run&fields=study_accession%2Csecondary_study_accession%2Crun_accession%2Cexperiment_accession%2Csample_accession%2Csecondary_sample_accession%2Csample_alias%2Csample_title%2Csample_description%2Cexperiment_title%2Clibrary_name%2Clibrary_layout%2Clibrary_strategy%2Clibrary_source%2Clibrary_selection%2Cinstrument_platform%2Cinstrument_model%2Cfastq_ftp%2Cfastq_md5%2Cfastq_bytes%2Cread_count%2Cbase_count%2Cfirst_public&format=tsv&download=false
PRJEB32839	m_cercariae_r4	ERR11178302	SAMEA7225751	ERS4985736	ERX10611188	lane_1	NT1631322M	PAIRED	https://ftp.sra.ebi.ac.uk/vol1/fastq/ERR111/002/ERR11178302/ERR11178302_1.fastq.gz	https://ftp.sra.ebi.ac.uk/vol1/fastq/ERR111/002/ERR11178302/ERR11178302_2.fastq.gz	fbcd1291cbc2b1eed6e7faf25fd7b23d	771979e2efbaba708c9c4bbcb2460b2b	754579182	846932191	59436510	6003087510	2023-03-30	https://www.ebi.ac.uk/ena/portal/api/filereport?accession=PRJEB32839&result=read_run&fields=study_accession%2Csecondary_study_accession%2Crun_accession%2Cexperiment_accession%2Csample_accession%2Csecondary_sample_accession%2Csample_alias%2Csample_title%2Csample_description%2Cexperiment_title%2Clibrary_name%2Clibrary_layout%2Clibrary_strategy%2Clibrary_source%2Clibrary_selection%2Cinstrument_platform%2Cinstrument_model%2Cfastq_ftp%2Cfastq_md5%2Cfastq_bytes%2Cread_count%2Cbase_count%2Cfirst_public&format=tsv&download=false
PRJEB32839	m_cercariae_r4	ERR11178392	SAMEA7225751	ERS4985736	ERX10611278	lane_2	NT1631322M	PAIRED	https://ftp.sra.ebi.ac.uk/vol1/fastq/ERR111/092/ERR11178392/ERR11178392_1.fastq.gz	https://ftp.sra.ebi.ac.uk/vol1/fastq/ERR111/092/ERR11178392/ERR11178392_2.fastq.gz	12fe43ec959286d7f1e43a1e6bba6e68	7c25064591dad46172dfcb180cb51639	697631344	839844906	55439902	5599430102	2023-03-31	https://www.ebi.ac.uk/ena/portal/api/filereport?accession=PRJEB32839&result=read_run&fields=study_accession%2Csecondary_study_accession%2Crun_accession%2Cexperiment_accession%2Csample_accession%2Csecondary_sample_accession%2Csample_alias%2Csample_title%2Csample_description%2Cexperiment_title%2Clibrary_name%2Clibrary_layout%2Clibrary_strategy%2Clibrary_source%2Clibrary_selection%2Cinstrument_platform%2Cinstrument_model%2Cfastq_ftp%2Cfastq_md5%2Cfastq_bytes%2Cread_count%2Cbase_count%2Cfirst_public&format=tsv&download=false
PRJEB32839	m_cercariae_r5	ERR11178311	SAMEA7225753	ERS4985738	ERX10611197	lane_1	NT1631323N	PAIRED	https://ftp.sra.ebi.ac.uk/vol1/fastq/ERR111/011/ERR11178311/ERR11178311_1.fastq.gz	https://ftp.sra.ebi.ac.uk/vol1/fastq/ERR111/011/ERR11178311/ERR11178311_2.fastq.gz	2915e664aa1863beaffa20487444de8f	67275ac8898f15e7c115776229854306	615397629	708963153	50068672	5056935872	2023-03-31	https://www.ebi.ac.uk/ena/portal/api/filereport?accession=PRJEB32839&result=read_run&fields=study_accession%2Csecondary_study_accession%2Crun_accession%2Cexperiment_accession%2Csample_accession%2Csecondary_sample_accession%2Csample_alias%2Csample_title%2Csample_description%2Cexperiment_title%2Clibrary_name%2Clibrary_layout%2Clibrary_strategy%2Clibrary_source%2Clibrary_selection%2Cinstrument_platform%2Cinstrument_model%2Cfastq_ftp%2Cfastq_md5%2Cfastq_bytes%2Cread_count%2Cbase_count%2Cfirst_public&format=tsv&download=false
PRJEB32839	m_cercariae_r5	ERR11178401	SAMEA7225753	ERS4985738	ERX10611287	lane_2	NT1631323N	PAIRED	https://ftp.sra.ebi.ac.uk/vol1/fastq/ERR111/001/ERR11178401/ERR11178401_1.fastq.gz	https://ftp.sra.ebi.ac.uk/vol1/fastq/ERR111/001/ERR11178401/ERR11178401_2.fastq.gz	83dd702e4f301e28dcc108ae15ffef86	17629dd0c28c2043c2e035c96f9af412	598568731	715978671	48007126	4848719726	2023-03-31	https://www.ebi.ac.uk/ena/portal/api/filereport?accession=PRJEB32839&result=read_run&fields=study_accession%2Csecondary_study_accession%2Crun_accession%2Cexperiment_accession%2Csample_accession%2Csecondary_sample_accession%2Csample_alias%2Csample_title%2Csample_description%2Cexperiment_title%2Clibrary_name%2Clibrary_layout%2Clibrary_strategy%2Clibrary_source%2Clibrary_selection%2Cinstrument_platform%2Cinstrument_model%2Cfastq_ftp%2Cfastq_md5%2Cfastq_bytes%2Cread_count%2Cbase_count%2Cfirst_public&format=tsv&download=false
PRJEB32839	x_cercariae_r1	ERR11178320	SAMEA7225755	ERS4985740	ERX10611206	lane_1	NT1631324O	PAIRED	https://ftp.sra.ebi.ac.uk/vol1/fastq/ERR111/020/ERR11178320/ERR11178320_1.fastq.gz	https://ftp.sra.ebi.ac.uk/vol1/fastq/ERR111/020/ERR11178320/ERR11178320_2.fastq.gz	7a953b46af9c4a95e19664f617d06530	456aff30f6c37f11b2d34fbd70e321c8	831939373	898088126	62254852	6287740052	2023-03-31	https://www.ebi.ac.uk/ena/portal/api/filereport?accession=PRJEB32839&result=read_run&fields=study_accession%2Csecondary_study_accession%2Crun_accession%2Cexperiment_accession%2Csample_accession%2Csecondary_sample_accession%2Csample_alias%2Csample_title%2Csample_description%2Cexperiment_title%2Clibrary_name%2Clibrary_layout%2Clibrary_strategy%2Clibrary_source%2Clibrary_selection%2Cinstrument_platform%2Cinstrument_model%2Cfastq_ftp%2Cfastq_md5%2Cfastq_bytes%2Cread_count%2Cbase_count%2Cfirst_public&format=tsv&download=false
PRJEB32839	x_cercariae_r1	ERR11178410	SAMEA7225755	ERS4985740	ERX10611296	lane_2	NT1631324O	PAIRED	https://ftp.sra.ebi.ac.uk/vol1/fastq/ERR111/010/ERR11178410/ERR11178410_1.fastq.gz	https://ftp.sra.ebi.ac.uk/vol1/fastq/ERR111/010/ERR11178410/ERR11178410_2.fastq.gz	1a174d5eed1560210920a6b4bf35651b	d19b7738aeae0553bd1a280c38e4d810	816591117	933685902	61613126	6222925726	2023-03-30	https://www.ebi.ac.uk/ena/portal/api/filereport?accession=PRJEB32839&result=read_run&fields=study_accession%2Csecondary_study_accession%2Crun_accession%2Cexperiment_accession%2Csample_accession%2Csecondary_sample_accession%2Csample_alias%2Csample_title%2Csample_description%2Cexperiment_title%2Clibrary_name%2Clibrary_layout%2Clibrary_strategy%2Clibrary_source%2Clibrary_selection%2Cinstrument_platform%2Cinstrument_model%2Cfastq_ftp%2Cfastq_md5%2Cfastq_bytes%2Cread_count%2Cbase_count%2Cfirst_public&format=tsv&download=false
PRJEB32839	x_cercariae_r2	ERR11178328	SAMEA7225757	ERS4985742	ERX10611214	lane_1	NT1631325P	PAIRED	https://ftp.sra.ebi.ac.uk/vol1/fastq/ERR111/028/ERR11178328/ERR11178328_1.fastq.gz	https://ftp.sra.ebi.ac.uk/vol1/fastq/ERR111/028/ERR11178328/ERR11178328_2.fastq.gz	32fd4d67911b44790fe59e3b0dd4a5ca	68767a8aafe1624b1b2d7edb94c69957	588081761	661213762	44807250	4525532250	2023-03-30	https://www.ebi.ac.uk/ena/portal/api/filereport?accession=PRJEB32839&result=read_run&fields=study_accession%2Csecondary_study_accession%2Crun_accession%2Cexperiment_accession%2Csample_accession%2Csecondary_sample_accession%2Csample_alias%2Csample_title%2Csample_description%2Cexperiment_title%2Clibrary_name%2Clibrary_layout%2Clibrary_strategy%2Clibrary_source%2Clibrary_selection%2Cinstrument_platform%2Cinstrument_model%2Cfastq_ftp%2Cfastq_md5%2Cfastq_bytes%2Cread_count%2Cbase_count%2Cfirst_public&format=tsv&download=false
PRJEB32839	x_cercariae_r2	ERR11178418	SAMEA7225757	ERS4985742	ERX10611304	lane_2	NT1631325P	PAIRED	https://ftp.sra.ebi.ac.uk/vol1/fastq/ERR111/018/ERR11178418/ERR11178418_1.fastq.gz	https://ftp.sra.ebi.ac.uk/vol1/fastq/ERR111/018/ERR11178418/ERR11178418_2.fastq.gz	9cffa06ceb4876ee646a900fe9203307	f657c128dff4c2b4cc9afc8bb3b51ae0	570094585	664856128	42850694	4327920094	2023-03-31	https://www.ebi.ac.uk/ena/portal/api/filereport?accession=PRJEB32839&result=read_run&fields=study_accession%2Csecondary_study_accession%2Crun_accession%2Cexperiment_accession%2Csample_accession%2Csecondary_sample_accession%2Csample_alias%2Csample_title%2Csample_description%2Cexperiment_title%2Clibrary_name%2Clibrary_layout%2Clibrary_strategy%2Clibrary_source%2Clibrary_selection%2Cinstrument_platform%2Cinstrument_model%2Cfastq_ftp%2Cfastq_md5%2Cfastq_bytes%2Cread_count%2Cbase_count%2Cfirst_public&format=tsv&download=false
PRJEB32839	x_cercariae_r3	ERR11178337	SAMEA7225740	ERS4985725	ERX10611223	lane_1	NT1631326Q	PAIRED	https://ftp.sra.ebi.ac.uk/vol1/fastq/ERR111/037/ERR11178337/ERR11178337_1.fastq.gz	https://ftp.sra.ebi.ac.uk/vol1/fastq/ERR111/037/ERR11178337/ERR11178337_2.fastq.gz	4d2c16895905651351335ff121ab6f77	0e37908cbed67414eced15125e3b43cb	688910028	786613745	52708954	5323604354	2023-03-31	https://www.ebi.ac.uk/ena/portal/api/filereport?accession=PRJEB32839&result=read_run&fields=study_accession%2Csecondary_study_accession%2Crun_accession%2Cexperiment_accession%2Csample_accession%2Csecondary_sample_accession%2Csample_alias%2Csample_title%2Csample_description%2Cexperiment_title%2Clibrary_name%2Clibrary_layout%2Clibrary_strategy%2Clibrary_source%2Clibrary_selection%2Cinstrument_platform%2Cinstrument_model%2Cfastq_ftp%2Cfastq_md5%2Cfastq_bytes%2Cread_count%2Cbase_count%2Cfirst_public&format=tsv&download=false
PRJEB32839	x_cercariae_r3	ERR11178427	SAMEA7225740	ERS4985725	ERX10611313	lane_2	NT1631326Q	PAIRED	https://ftp.sra.ebi.ac.uk/vol1/fastq/ERR111/027/ERR11178427/ERR11178427_1.fastq.gz	https://ftp.sra.ebi.ac.uk/vol1/fastq/ERR111/027/ERR11178427/ERR11178427_2.fastq.gz	6e6fa6836234179a35d7ed592d15580e	512f8d51ed6c0fedf34f12c9e09f60a5	682677663	800268144	51100272	5161127472	2023-03-31	https://www.ebi.ac.uk/ena/portal/api/filereport?accession=PRJEB32839&result=read_run&fields=study_accession%2Csecondary_study_accession%2Crun_accession%2Cexperiment_accession%2Csample_accession%2Csecondary_sample_accession%2Csample_alias%2Csample_title%2Csample_description%2Cexperiment_title%2Clibrary_name%2Clibrary_layout%2Clibrary_strategy%2Clibrary_source%2Clibrary_selection%2Cinstrument_platform%2Cinstrument_model%2Cfastq_ftp%2Cfastq_md5%2Cfastq_bytes%2Cread_count%2Cbase_count%2Cfirst_public&format=tsv&download=false
PRJEB32839	x_cercariae_r4	ERR11178265	SAMEA7225741	ERS4985726	ERX10611151	lane_1	NT1631327R	PAIRED	https://ftp.sra.ebi.ac.uk/vol1/fastq/ERR111/065/ERR11178265/ERR11178265_1.fastq.gz	https://ftp.sra.ebi.ac.uk/vol1/fastq/ERR111/065/ERR11178265/ERR11178265_2.fastq.gz	a8ac254e73073f8ad38fbefadc3975e4	af40c3a57412bb241bd510c76e5454d8	727210612	830177336	54624076	5517031676	2023-03-31	https://www.ebi.ac.uk/ena/portal/api/filereport?accession=PRJEB32839&result=read_run&fields=study_accession%2Csecondary_study_accession%2Crun_accession%2Cexperiment_accession%2Csample_accession%2Csecondary_sample_accession%2Csample_alias%2Csample_title%2Csample_description%2Cexperiment_title%2Clibrary_name%2Clibrary_layout%2Clibrary_strategy%2Clibrary_source%2Clibrary_selection%2Cinstrument_platform%2Cinstrument_model%2Cfastq_ftp%2Cfastq_md5%2Cfastq_bytes%2Cread_count%2Cbase_count%2Cfirst_public&format=tsv&download=false
PRJEB32839	x_cercariae_r4	ERR11178355	SAMEA7225741	ERS4985726	ERX10611241	lane_2	NT1631327R	PAIRED	https://ftp.sra.ebi.ac.uk/vol1/fastq/ERR111/055/ERR11178355/ERR11178355_1.fastq.gz	https://ftp.sra.ebi.ac.uk/vol1/fastq/ERR111/055/ERR11178355/ERR11178355_2.fastq.gz	48bbb767edbf98723a486080d7cf40a1	93427c6ab0563d3e8c71d8c6169bab02	680214422	805822898	50136390	5063775390	2023-03-31	https://www.ebi.ac.uk/ena/portal/api/filereport?accession=PRJEB32839&result=read_run&fields=study_accession%2Csecondary_study_accession%2Crun_accession%2Cexperiment_accession%2Csample_accession%2Csecondary_sample_accession%2Csample_alias%2Csample_title%2Csample_description%2Cexperiment_title%2Clibrary_name%2Clibrary_layout%2Clibrary_strategy%2Clibrary_source%2Clibrary_selection%2Cinstrument_platform%2Cinstrument_model%2Cfastq_ftp%2Cfastq_md5%2Cfastq_bytes%2Cread_count%2Cbase_count%2Cfirst_public&format=tsv&download=false
PRJEB32839	x_cercariae_r5	ERR11178275	SAMEA7225759	ERS4985744	ERX10611161	lane_1	NT1631328S	PAIRED	https://ftp.sra.ebi.ac.uk/vol1/fastq/ERR111/075/ERR11178275/ERR11178275_1.fastq.gz	https://ftp.sra.ebi.ac.uk/vol1/fastq/ERR111/075/ERR11178275/ERR11178275_2.fastq.gz	97f5384c4d49bde437ea8306a97de0da	fe95aa789565352185f004cd47003e45	799374446	878121177	58311476	5889459076	2023-03-31	https://www.ebi.ac.uk/ena/portal/api/filereport?accession=PRJEB32839&result=read_run&fields=study_accession%2Csecondary_study_accession%2Crun_accession%2Cexperiment_accession%2Csample_accession%2Csecondary_sample_accession%2Csample_alias%2Csample_title%2Csample_description%2Cexperiment_title%2Clibrary_name%2Clibrary_layout%2Clibrary_strategy%2Clibrary_source%2Clibrary_selection%2Cinstrument_platform%2Cinstrument_model%2Cfastq_ftp%2Cfastq_md5%2Cfastq_bytes%2Cread_count%2Cbase_count%2Cfirst_public&format=tsv&download=false
PRJEB32839	x_cercariae_r5	ERR11178365	SAMEA7225759	ERS4985744	ERX10611251	lane_2	NT1631328S	PAIRED	https://ftp.sra.ebi.ac.uk/vol1/fastq/ERR111/065/ERR11178365/ERR11178365_1.fastq.gz	https://ftp.sra.ebi.ac.uk/vol1/fastq/ERR111/065/ERR11178365/ERR11178365_2.fastq.gz	24db58386713264116d3a8049ec5692c	8b10220fc1c1101091c872716c9219c8	755970673	869170849	55059376	5560996976	2023-03-31	https://www.ebi.ac.uk/ena/portal/api/filereport?accession=PRJEB32839&result=read_run&fields=study_accession%2Csecondary_study_accession%2Crun_accession%2Cexperiment_accession%2Csample_accession%2Csecondary_sample_accession%2Csample_alias%2Csample_title%2Csample_description%2Cexperiment_title%2Clibrary_name%2Clibrary_layout%2Clibrary_strategy%2Clibrary_source%2Clibrary_selection%2Cinstrument_platform%2Cinstrument_model%2Cfastq_ftp%2Cfastq_md5%2Cfastq_bytes%2Cread_count%2Cbase_count%2Cfirst_public&format=tsv&download=false
PRJEB32839	f_2d_somules_r1	ERR11178285	SAMEA7225761	ERS4985746	ERX10611171	lane_1	NT1631329T	PAIRED	https://ftp.sra.ebi.ac.uk/vol1/fastq/ERR111/085/ERR11178285/ERR11178285_1.fastq.gz	https://ftp.sra.ebi.ac.uk/vol1/fastq/ERR111/085/ERR11178285/ERR11178285_2.fastq.gz	d238a30590f8d59298fbbe8b07f96b67	9453bed66089324e46888723bd8090d9	923892443	1116853434	78473026	7925775626	2023-03-31	https://www.ebi.ac.uk/ena/portal/api/filereport?accession=PRJEB32839&result=read_run&fields=study_accession%2Csecondary_study_accession%2Crun_accession%2Cexperiment_accession%2Csample_accession%2Csecondary_sample_accession%2Csample_alias%2Csample_title%2Csample_description%2Cexperiment_title%2Clibrary_name%2Clibrary_layout%2Clibrary_strategy%2Clibrary_source%2Clibrary_selection%2Cinstrument_platform%2Cinstrument_model%2Cfastq_ftp%2Cfastq_md5%2Cfastq_bytes%2Cread_count%2Cbase_count%2Cfirst_public&format=tsv&download=false
PRJEB32839	f_2d_somules_r1	ERR11178375	SAMEA7225761	ERS4985746	ERX10611261	lane_2	NT1631329T	PAIRED	https://ftp.sra.ebi.ac.uk/vol1/fastq/ERR111/075/ERR11178375/ERR11178375_1.fastq.gz	https://ftp.sra.ebi.ac.uk/vol1/fastq/ERR111/075/ERR11178375/ERR11178375_2.fastq.gz	afdd0b4042240abfbdf9a716376fca7b	923d83914a4a67a38480926d50153de8	882275452	1117271393	74356536	7510010136	2023-03-31	https://www.ebi.ac.uk/ena/portal/api/filereport?accession=PRJEB32839&result=read_run&fields=study_accession%2Csecondary_study_accession%2Crun_accession%2Cexperiment_accession%2Csample_accession%2Csecondary_sample_accession%2Csample_alias%2Csample_title%2Csample_description%2Cexperiment_title%2Clibrary_name%2Clibrary_layout%2Clibrary_strategy%2Clibrary_source%2Clibrary_selection%2Cinstrument_platform%2Cinstrument_model%2Cfastq_ftp%2Cfastq_md5%2Cfastq_bytes%2Cread_count%2Cbase_count%2Cfirst_public&format=tsv&download=false
PRJEB32839	f_2d_somules_r2	ERR11178294	SAMEA7225763	ERS4985748	ERX10611180	lane_1	NT1631330M	PAIRED	https://ftp.sra.ebi.ac.uk/vol1/fastq/ERR111/094/ERR11178294/ERR11178294_1.fastq.gz	https://ftp.sra.ebi.ac.uk/vol1/fastq/ERR111/094/ERR11178294/ERR11178294_2.fastq.gz	69b5c00607fc1b16aa15e165904a4a1c	106e03e4379614d64ce5c6234af29e79	627564752	703766383	45306518	4575958318	2023-03-31	https://www.ebi.ac.uk/ena/portal/api/filereport?accession=PRJEB32839&result=read_run&fields=study_accession%2Csecondary_study_accession%2Crun_accession%2Cexperiment_accession%2Csample_accession%2Csecondary_sample_accession%2Csample_alias%2Csample_title%2Csample_description%2Cexperiment_title%2Clibrary_name%2Clibrary_layout%2Clibrary_strategy%2Clibrary_source%2Clibrary_selection%2Cinstrument_platform%2Cinstrument_model%2Cfastq_ftp%2Cfastq_md5%2Cfastq_bytes%2Cread_count%2Cbase_count%2Cfirst_public&format=tsv&download=false
PRJEB32839	f_2d_somules_r2	ERR11178384	SAMEA7225763	ERS4985748	ERX10611270	lane_2	NT1631330M	PAIRED	https://ftp.sra.ebi.ac.uk/vol1/fastq/ERR111/084/ERR11178384/ERR11178384_1.fastq.gz	https://ftp.sra.ebi.ac.uk/vol1/fastq/ERR111/084/ERR11178384/ERR11178384_2.fastq.gz	4e1189e09bc408369b25a83328c0c848	62c9d5812631ecb9eab68e8d989baf05	594426761	692754521	42394484	4281842884	2023-03-31	https://www.ebi.ac.uk/ena/portal/api/filereport?accession=PRJEB32839&result=read_run&fields=study_accession%2Csecondary_study_accession%2Crun_accession%2Cexperiment_accession%2Csample_accession%2Csecondary_sample_accession%2Csample_alias%2Csample_title%2Csample_description%2Cexperiment_title%2Clibrary_name%2Clibrary_layout%2Clibrary_strategy%2Clibrary_source%2Clibrary_selection%2Cinstrument_platform%2Cinstrument_model%2Cfastq_ftp%2Cfastq_md5%2Cfastq_bytes%2Cread_count%2Cbase_count%2Cfirst_public&format=tsv&download=false
PRJEB32839	f_2d_somules_r3	ERR11178303	SAMEA7225765	ERS4985750	ERX10611189	lane_1	NT1631331N	PAIRED	https://ftp.sra.ebi.ac.uk/vol1/fastq/ERR111/003/ERR11178303/ERR11178303_1.fastq.gz	https://ftp.sra.ebi.ac.uk/vol1/fastq/ERR111/003/ERR11178303/ERR11178303_2.fastq.gz	44eb51ec8288c99a937e9cdbff7b385f	f547b2acf460e1183e631580a3e6a525	596679630	665624767	46078726	4653951326	2023-03-31	https://www.ebi.ac.uk/ena/portal/api/filereport?accession=PRJEB32839&result=read_run&fields=study_accession%2Csecondary_study_accession%2Crun_accession%2Cexperiment_accession%2Csample_accession%2Csecondary_sample_accession%2Csample_alias%2Csample_title%2Csample_description%2Cexperiment_title%2Clibrary_name%2Clibrary_layout%2Clibrary_strategy%2Clibrary_source%2Clibrary_selection%2Cinstrument_platform%2Cinstrument_model%2Cfastq_ftp%2Cfastq_md5%2Cfastq_bytes%2Cread_count%2Cbase_count%2Cfirst_public&format=tsv&download=false
PRJEB32839	f_2d_somules_r3	ERR11178393	SAMEA7225765	ERS4985750	ERX10611279	lane_2	NT1631331N	PAIRED	https://ftp.sra.ebi.ac.uk/vol1/fastq/ERR111/093/ERR11178393/ERR11178393_1.fastq.gz	https://ftp.sra.ebi.ac.uk/vol1/fastq/ERR111/093/ERR11178393/ERR11178393_2.fastq.gz	e007217e63db129c6ce99d0d6b7f9d51	180ebca81eb77d8bc70c4d5801fd4ad8	550781502	649758596	42424612	4284885812	2023-03-31	https://www.ebi.ac.uk/ena/portal/api/filereport?accession=PRJEB32839&result=read_run&fields=study_accession%2Csecondary_study_accession%2Crun_accession%2Cexperiment_accession%2Csample_accession%2Csecondary_sample_accession%2Csample_alias%2Csample_title%2Csample_description%2Cexperiment_title%2Clibrary_name%2Clibrary_layout%2Clibrary_strategy%2Clibrary_source%2Clibrary_selection%2Cinstrument_platform%2Cinstrument_model%2Cfastq_ftp%2Cfastq_md5%2Cfastq_bytes%2Cread_count%2Cbase_count%2Cfirst_public&format=tsv&download=false
PRJEB32839	f_2d_somules_r4	ERR11178312	SAMEA7225767	ERS4985752	ERX10611198	lane_1	NT1631332O	PAIRED	https://ftp.sra.ebi.ac.uk/vol1/fastq/ERR111/012/ERR11178312/ERR11178312_1.fastq.gz	https://ftp.sra.ebi.ac.uk/vol1/fastq/ERR111/012/ERR11178312/ERR11178312_2.fastq.gz	e2e64baca846075b7ad996d924bc729b	fa4b6a007a742efc2de1530df22a317c	909134548	1065648553	70748686	7145617286	2023-03-31	https://www.ebi.ac.uk/ena/portal/api/filereport?accession=PRJEB32839&result=read_run&fields=study_accession%2Csecondary_study_accession%2Crun_accession%2Cexperiment_accession%2Csample_accession%2Csecondary_sample_accession%2Csample_alias%2Csample_title%2Csample_description%2Cexperiment_title%2Clibrary_name%2Clibrary_layout%2Clibrary_strategy%2Clibrary_source%2Clibrary_selection%2Cinstrument_platform%2Cinstrument_model%2Cfastq_ftp%2Cfastq_md5%2Cfastq_bytes%2Cread_count%2Cbase_count%2Cfirst_public&format=tsv&download=false
PRJEB32839	f_2d_somules_r4	ERR11178402	SAMEA7225767	ERS4985752	ERX10611288	lane_2	NT1631332O	PAIRED	https://ftp.sra.ebi.ac.uk/vol1/fastq/ERR111/002/ERR11178402/ERR11178402_1.fastq.gz	https://ftp.sra.ebi.ac.uk/vol1/fastq/ERR111/002/ERR11178402/ERR11178402_2.fastq.gz	b6eb7017fe6d5ad8bf57116e748da4ef	c6b2ca8d3b6985ba5e9c864e9234b4b1	828508008	1059919566	66200210	6686221210	2023-03-31	https://www.ebi.ac.uk/ena/portal/api/filereport?accession=PRJEB32839&result=read_run&fields=study_accession%2Csecondary_study_accession%2Crun_accession%2Cexperiment_accession%2Csample_accession%2Csecondary_sample_accession%2Csample_alias%2Csample_title%2Csample_description%2Cexperiment_title%2Clibrary_name%2Clibrary_layout%2Clibrary_strategy%2Clibrary_source%2Clibrary_selection%2Cinstrument_platform%2Cinstrument_model%2Cfastq_ftp%2Cfastq_md5%2Cfastq_bytes%2Cread_count%2Cbase_count%2Cfirst_public&format=tsv&download=false
PRJEB32839	f_2d_somules_r5	ERR11178321	SAMEA7225769	ERS4985754	ERX10611207	lane_1	NT1631333P	PAIRED	https://ftp.sra.ebi.ac.uk/vol1/fastq/ERR111/021/ERR11178321/ERR11178321_1.fastq.gz	https://ftp.sra.ebi.ac.uk/vol1/fastq/ERR111/021/ERR11178321/ERR11178321_2.fastq.gz	ca1707093fe9cc9b126f7d555c444bdd	1f468e65dbc0e08e3e78e5d2b824b19b	763741204	905137772	59404492	5999853692	2023-03-31	https://www.ebi.ac.uk/ena/portal/api/filereport?accession=PRJEB32839&result=read_run&fields=study_accession%2Csecondary_study_accession%2Crun_accession%2Cexperiment_accession%2Csample_accession%2Csecondary_sample_accession%2Csample_alias%2Csample_title%2Csample_description%2Cexperiment_title%2Clibrary_name%2Clibrary_layout%2Clibrary_strategy%2Clibrary_source%2Clibrary_selection%2Cinstrument_platform%2Cinstrument_model%2Cfastq_ftp%2Cfastq_md5%2Cfastq_bytes%2Cread_count%2Cbase_count%2Cfirst_public&format=tsv&download=false
PRJEB32839	f_2d_somules_r5	ERR11178411	SAMEA7225769	ERS4985754	ERX10611297	lane_2	NT1631333P	PAIRED	https://ftp.sra.ebi.ac.uk/vol1/fastq/ERR111/011/ERR11178411/ERR11178411_1.fastq.gz	https://ftp.sra.ebi.ac.uk/vol1/fastq/ERR111/011/ERR11178411/ERR11178411_2.fastq.gz	fed61517235086998542acdd0109ba7e	543f5157ce6f9116a43b2fb6168f6d5b	686524566	868113671	53837176	5437554776	2023-03-31	https://www.ebi.ac.uk/ena/portal/api/filereport?accession=PRJEB32839&result=read_run&fields=study_accession%2Csecondary_study_accession%2Crun_accession%2Cexperiment_accession%2Csample_accession%2Csecondary_sample_accession%2Csample_alias%2Csample_title%2Csample_description%2Cexperiment_title%2Clibrary_name%2Clibrary_layout%2Clibrary_strategy%2Clibrary_source%2Clibrary_selection%2Cinstrument_platform%2Cinstrument_model%2Cfastq_ftp%2Cfastq_md5%2Cfastq_bytes%2Cread_count%2Cbase_count%2Cfirst_public&format=tsv&download=false
PRJEB32839	m_2d_somules_r1	ERR11178329	SAMEA7225771	ERS4985756	ERX10611215	lane_1	NT1631334Q	PAIRED	https://ftp.sra.ebi.ac.uk/vol1/fastq/ERR111/029/ERR11178329/ERR11178329_1.fastq.gz	https://ftp.sra.ebi.ac.uk/vol1/fastq/ERR111/029/ERR11178329/ERR11178329_2.fastq.gz	06829ec5055cd8bb75275db549b9dc34	7b21cc67098c4ccb894008ff707c0c51	1322330048	1458028214	105150502	10620200702	2023-03-30	https://www.ebi.ac.uk/ena/portal/api/filereport?accession=PRJEB32839&result=read_run&fields=study_accession%2Csecondary_study_accession%2Crun_accession%2Cexperiment_accession%2Csample_accession%2Csecondary_sample_accession%2Csample_alias%2Csample_title%2Csample_description%2Cexperiment_title%2Clibrary_name%2Clibrary_layout%2Clibrary_strategy%2Clibrary_source%2Clibrary_selection%2Cinstrument_platform%2Cinstrument_model%2Cfastq_ftp%2Cfastq_md5%2Cfastq_bytes%2Cread_count%2Cbase_count%2Cfirst_public&format=tsv&download=false
PRJEB32839	m_2d_somules_r1	ERR11178419	SAMEA7225771	ERS4985756	ERX10611305	lane_2	NT1631334Q	PAIRED	https://ftp.sra.ebi.ac.uk/vol1/fastq/ERR111/019/ERR11178419/ERR11178419_1.fastq.gz	https://ftp.sra.ebi.ac.uk/vol1/fastq/ERR111/019/ERR11178419/ERR11178419_2.fastq.gz	102277d0c3119a652796365dbcd77d90	93f7759a32c1da97db5cb94781098386	1177654402	1438950319	95251990	9620450990	2023-03-31	https://www.ebi.ac.uk/ena/portal/api/filereport?accession=PRJEB32839&result=read_run&fields=study_accession%2Csecondary_study_accession%2Crun_accession%2Cexperiment_accession%2Csample_accession%2Csecondary_sample_accession%2Csample_alias%2Csample_title%2Csample_description%2Cexperiment_title%2Clibrary_name%2Clibrary_layout%2Clibrary_strategy%2Clibrary_source%2Clibrary_selection%2Cinstrument_platform%2Cinstrument_model%2Cfastq_ftp%2Cfastq_md5%2Cfastq_bytes%2Cread_count%2Cbase_count%2Cfirst_public&format=tsv&download=false
PRJEB32839	m_2d_somules_r2	ERR11178267	SAMEA7225773	ERS4985758	ERX10611153	lane_1	NT1631335R	PAIRED	https://ftp.sra.ebi.ac.uk/vol1/fastq/ERR111/067/ERR11178267/ERR11178267_1.fastq.gz	https://ftp.sra.ebi.ac.uk/vol1/fastq/ERR111/067/ERR11178267/ERR11178267_2.fastq.gz	26bc9bef3928acd8ed152d800bb9b64f	34a1e93f00c940fddd894c526cad8a43	757832577	838460338	62845654	6347411054	2023-03-31	https://www.ebi.ac.uk/ena/portal/api/filereport?accession=PRJEB32839&result=read_run&fields=study_accession%2Csecondary_study_accession%2Crun_accession%2Cexperiment_accession%2Csample_accession%2Csecondary_sample_accession%2Csample_alias%2Csample_title%2Csample_description%2Cexperiment_title%2Clibrary_name%2Clibrary_layout%2Clibrary_strategy%2Clibrary_source%2Clibrary_selection%2Cinstrument_platform%2Cinstrument_model%2Cfastq_ftp%2Cfastq_md5%2Cfastq_bytes%2Cread_count%2Cbase_count%2Cfirst_public&format=tsv&download=false
PRJEB32839	m_2d_somules_r2	ERR11178357	SAMEA7225773	ERS4985758	ERX10611243	lane_2	NT1631335R	PAIRED	https://ftp.sra.ebi.ac.uk/vol1/fastq/ERR111/057/ERR11178357/ERR11178357_1.fastq.gz	https://ftp.sra.ebi.ac.uk/vol1/fastq/ERR111/057/ERR11178357/ERR11178357_2.fastq.gz	e3880a30d377caf2d5328dc01d0950e2	95753cd6eb271927d12df2bc050196ae	721797414	836909341	59422450	6001667450	2023-03-31	https://www.ebi.ac.uk/ena/portal/api/filereport?accession=PRJEB32839&result=read_run&fields=study_accession%2Csecondary_study_accession%2Crun_accession%2Cexperiment_accession%2Csample_accession%2Csecondary_sample_accession%2Csample_alias%2Csample_title%2Csample_description%2Cexperiment_title%2Clibrary_name%2Clibrary_layout%2Clibrary_strategy%2Clibrary_source%2Clibrary_selection%2Cinstrument_platform%2Cinstrument_model%2Cfastq_ftp%2Cfastq_md5%2Cfastq_bytes%2Cread_count%2Cbase_count%2Cfirst_public&format=tsv&download=false
PRJEB32839	m_2d_somules_r3	ERR11178277	SAMEA7225775	ERS4985760	ERX10611163	lane_1	NT1631336S	PAIRED	https://ftp.sra.ebi.ac.uk/vol1/fastq/ERR111/077/ERR11178277/ERR11178277_1.fastq.gz	https://ftp.sra.ebi.ac.uk/vol1/fastq/ERR111/077/ERR11178277/ERR11178277_2.fastq.gz	d71078c6ad934802d054f457374a3593	d332cfd321a135b9988ac2aa5c12a099	621407147	723467252	51826402	5234466602	2023-03-31	https://www.ebi.ac.uk/ena/portal/api/filereport?accession=PRJEB32839&result=read_run&fields=study_accession%2Csecondary_study_accession%2Crun_accession%2Cexperiment_accession%2Csample_accession%2Csecondary_sample_accession%2Csample_alias%2Csample_title%2Csample_description%2Cexperiment_title%2Clibrary_name%2Clibrary_layout%2Clibrary_strategy%2Clibrary_source%2Clibrary_selection%2Cinstrument_platform%2Cinstrument_model%2Cfastq_ftp%2Cfastq_md5%2Cfastq_bytes%2Cread_count%2Cbase_count%2Cfirst_public&format=tsv&download=false
PRJEB32839	m_2d_somules_r3	ERR11178367	SAMEA7225775	ERS4985760	ERX10611253	lane_2	NT1631336S	PAIRED	https://ftp.sra.ebi.ac.uk/vol1/fastq/ERR111/067/ERR11178367/ERR11178367_1.fastq.gz	https://ftp.sra.ebi.ac.uk/vol1/fastq/ERR111/067/ERR11178367/ERR11178367_2.fastq.gz	9dbd9c6b3edefdde32c88af2334ede17	fe8d835e648db7bd54ba30942975cba6	606676590	722682799	49145678	4963713478	2023-03-30	https://www.ebi.ac.uk/ena/portal/api/filereport?accession=PRJEB32839&result=read_run&fields=study_accession%2Csecondary_study_accession%2Crun_accession%2Cexperiment_accession%2Csample_accession%2Csecondary_sample_accession%2Csample_alias%2Csample_title%2Csample_description%2Cexperiment_title%2Clibrary_name%2Clibrary_layout%2Clibrary_strategy%2Clibrary_source%2Clibrary_selection%2Cinstrument_platform%2Cinstrument_model%2Cfastq_ftp%2Cfastq_md5%2Cfastq_bytes%2Cread_count%2Cbase_count%2Cfirst_public&format=tsv&download=false
PRJEB32839	m_2d_somules_r4	ERR11178287	SAMEA7225777	ERS4985762	ERX10611173	lane_1	NT1631337T	PAIRED	https://ftp.sra.ebi.ac.uk/vol1/fastq/ERR111/087/ERR11178287/ERR11178287_1.fastq.gz	https://ftp.sra.ebi.ac.uk/vol1/fastq/ERR111/087/ERR11178287/ERR11178287_2.fastq.gz	d58c25323f4aa7dedd980101ae5d751d	627a896ee87401e2ab65e252eb5ff0a0	367246669	424902655	30582478	3088830278	2023-03-30	https://www.ebi.ac.uk/ena/portal/api/filereport?accession=PRJEB32839&result=read_run&fields=study_accession%2Csecondary_study_accession%2Crun_accession%2Cexperiment_accession%2Csample_accession%2Csecondary_sample_accession%2Csample_alias%2Csample_title%2Csample_description%2Cexperiment_title%2Clibrary_name%2Clibrary_layout%2Clibrary_strategy%2Clibrary_source%2Clibrary_selection%2Cinstrument_platform%2Cinstrument_model%2Cfastq_ftp%2Cfastq_md5%2Cfastq_bytes%2Cread_count%2Cbase_count%2Cfirst_public&format=tsv&download=false
PRJEB32839	m_2d_somules_r4	ERR11178377	SAMEA7225777	ERS4985762	ERX10611263	lane_2	NT1631337T	PAIRED	https://ftp.sra.ebi.ac.uk/vol1/fastq/ERR111/077/ERR11178377/ERR11178377_1.fastq.gz	https://ftp.sra.ebi.ac.uk/vol1/fastq/ERR111/077/ERR11178377/ERR11178377_2.fastq.gz	d105d26b222e51810badb05ee372cde5	12abb714708bf4e05e9d9439ef263824	363659304	422064994	28862042	2915066242	2023-03-31	https://www.ebi.ac.uk/ena/portal/api/filereport?accession=PRJEB32839&result=read_run&fields=study_accession%2Csecondary_study_accession%2Crun_accession%2Cexperiment_accession%2Csample_accession%2Csecondary_sample_accession%2Csample_alias%2Csample_title%2Csample_description%2Cexperiment_title%2Clibrary_name%2Clibrary_layout%2Clibrary_strategy%2Clibrary_source%2Clibrary_selection%2Cinstrument_platform%2Cinstrument_model%2Cfastq_ftp%2Cfastq_md5%2Cfastq_bytes%2Cread_count%2Cbase_count%2Cfirst_public&format=tsv&download=false
PRJEB32839	m_2d_somules_r5	ERR11178296	SAMEA7225779	ERS4985764	ERX10611182	lane_1	NT1631338U	PAIRED	https://ftp.sra.ebi.ac.uk/vol1/fastq/ERR111/096/ERR11178296/ERR11178296_1.fastq.gz	https://ftp.sra.ebi.ac.uk/vol1/fastq/ERR111/096/ERR11178296/ERR11178296_2.fastq.gz	80c85e9ac896b4f9d1ffa6cf86c52b09	8363766a7a5a0eb5e9019d8702014d1a	582570949	652915406	48066264	4854692664	2023-03-30	https://www.ebi.ac.uk/ena/portal/api/filereport?accession=PRJEB32839&result=read_run&fields=study_accession%2Csecondary_study_accession%2Crun_accession%2Cexperiment_accession%2Csample_accession%2Csecondary_sample_accession%2Csample_alias%2Csample_title%2Csample_description%2Cexperiment_title%2Clibrary_name%2Clibrary_layout%2Clibrary_strategy%2Clibrary_source%2Clibrary_selection%2Cinstrument_platform%2Cinstrument_model%2Cfastq_ftp%2Cfastq_md5%2Cfastq_bytes%2Cread_count%2Cbase_count%2Cfirst_public&format=tsv&download=false
PRJEB32839	m_2d_somules_r5	ERR11178386	SAMEA7225779	ERS4985764	ERX10611272	lane_2	NT1631338U	PAIRED	https://ftp.sra.ebi.ac.uk/vol1/fastq/ERR111/086/ERR11178386/ERR11178386_1.fastq.gz	https://ftp.sra.ebi.ac.uk/vol1/fastq/ERR111/086/ERR11178386/ERR11178386_2.fastq.gz	1b31e235f81a2d2ab1a39b9501852c23	455635d3128a1c4899855d15337b0283	583388290	672514950	47196490	4766845490	2023-03-31	https://www.ebi.ac.uk/ena/portal/api/filereport?accession=PRJEB32839&result=read_run&fields=study_accession%2Csecondary_study_accession%2Crun_accession%2Cexperiment_accession%2Csample_accession%2Csecondary_sample_accession%2Csample_alias%2Csample_title%2Csample_description%2Cexperiment_title%2Clibrary_name%2Clibrary_layout%2Clibrary_strategy%2Clibrary_source%2Clibrary_selection%2Cinstrument_platform%2Cinstrument_model%2Cfastq_ftp%2Cfastq_md5%2Cfastq_bytes%2Cread_count%2Cbase_count%2Cfirst_public&format=tsv&download=false
PRJEB32839	x_2d_somules_r1	ERR11178305	SAMEA7225782	ERS4985767	ERX10611191	lane_1	NT1631339V	PAIRED	https://ftp.sra.ebi.ac.uk/vol1/fastq/ERR111/005/ERR11178305/ERR11178305_1.fastq.gz	https://ftp.sra.ebi.ac.uk/vol1/fastq/ERR111/005/ERR11178305/ERR11178305_2.fastq.gz	0f2f6a70141b5a9043a7de3314026d59	718dc27040b9d7fc274adbb87a74acd3	988104910	1088620951	81119230	8193042230	2023-03-31	https://www.ebi.ac.uk/ena/portal/api/filereport?accession=PRJEB32839&result=read_run&fields=study_accession%2Csecondary_study_accession%2Crun_accession%2Cexperiment_accession%2Csample_accession%2Csecondary_sample_accession%2Csample_alias%2Csample_title%2Csample_description%2Cexperiment_title%2Clibrary_name%2Clibrary_layout%2Clibrary_strategy%2Clibrary_source%2Clibrary_selection%2Cinstrument_platform%2Cinstrument_model%2Cfastq_ftp%2Cfastq_md5%2Cfastq_bytes%2Cread_count%2Cbase_count%2Cfirst_public&format=tsv&download=false
PRJEB32839	x_2d_somules_r1	ERR11178395	SAMEA7225782	ERS4985767	ERX10611281	lane_2	NT1631339V	PAIRED	https://ftp.sra.ebi.ac.uk/vol1/fastq/ERR111/095/ERR11178395/ERR11178395_1.fastq.gz	https://ftp.sra.ebi.ac.uk/vol1/fastq/ERR111/095/ERR11178395/ERR11178395_2.fastq.gz	dc15c4e1bb07cbcb781122ea9a4bee99	abd235576a7bb4ed28e72504257c5d26	954573958	1112375302	78081620	7886243620	2023-03-31	https://www.ebi.ac.uk/ena/portal/api/filereport?accession=PRJEB32839&result=read_run&fields=study_accession%2Csecondary_study_accession%2Crun_accession%2Cexperiment_accession%2Csample_accession%2Csecondary_sample_accession%2Csample_alias%2Csample_title%2Csample_description%2Cexperiment_title%2Clibrary_name%2Clibrary_layout%2Clibrary_strategy%2Clibrary_source%2Clibrary_selection%2Cinstrument_platform%2Cinstrument_model%2Cfastq_ftp%2Cfastq_md5%2Cfastq_bytes%2Cread_count%2Cbase_count%2Cfirst_public&format=tsv&download=false
PRJEB32839	x_2d_somules_r2	ERR11178314	SAMEA7225783	ERS4985768	ERX10611200	lane_1	NT1631340O	PAIRED	https://ftp.sra.ebi.ac.uk/vol1/fastq/ERR111/014/ERR11178314/ERR11178314_1.fastq.gz	https://ftp.sra.ebi.ac.uk/vol1/fastq/ERR111/014/ERR11178314/ERR11178314_2.fastq.gz	4294c2d567e0dc7277cc516d529e882d	36a5b180568c2d6483755b01c16ace8b	1057229371	1152489772	87114028	8798516828	2023-03-31	https://www.ebi.ac.uk/ena/portal/api/filereport?accession=PRJEB32839&result=read_run&fields=study_accession%2Csecondary_study_accession%2Crun_accession%2Cexperiment_accession%2Csample_accession%2Csecondary_sample_accession%2Csample_alias%2Csample_title%2Csample_description%2Cexperiment_title%2Clibrary_name%2Clibrary_layout%2Clibrary_strategy%2Clibrary_source%2Clibrary_selection%2Cinstrument_platform%2Cinstrument_model%2Cfastq_ftp%2Cfastq_md5%2Cfastq_bytes%2Cread_count%2Cbase_count%2Cfirst_public&format=tsv&download=false
PRJEB32839	x_2d_somules_r2	ERR11178404	SAMEA7225783	ERS4985768	ERX10611290	lane_2	NT1631340O	PAIRED	https://ftp.sra.ebi.ac.uk/vol1/fastq/ERR111/004/ERR11178404/ERR11178404_1.fastq.gz	https://ftp.sra.ebi.ac.uk/vol1/fastq/ERR111/004/ERR11178404/ERR11178404_2.fastq.gz	c9c29680561e0c4764b005e6f42f6c35	611a2aab349c3e17516b6d540cea0a6d	1035707268	1168111442	83471894	8430661294	2023-03-31	https://www.ebi.ac.uk/ena/portal/api/filereport?accession=PRJEB32839&result=read_run&fields=study_accession%2Csecondary_study_accession%2Crun_accession%2Cexperiment_accession%2Csample_accession%2Csecondary_sample_accession%2Csample_alias%2Csample_title%2Csample_description%2Cexperiment_title%2Clibrary_name%2Clibrary_layout%2Clibrary_strategy%2Clibrary_source%2Clibrary_selection%2Cinstrument_platform%2Cinstrument_model%2Cfastq_ftp%2Cfastq_md5%2Cfastq_bytes%2Cread_count%2Cbase_count%2Cfirst_public&format=tsv&download=false
PRJEB32839	x_2d_somules_r3	ERR11178323	SAMEA7225784	ERS4985769	ERX10611209	lane_1	NT1631341P	PAIRED	https://ftp.sra.ebi.ac.uk/vol1/fastq/ERR111/023/ERR11178323/ERR11178323_1.fastq.gz	https://ftp.sra.ebi.ac.uk/vol1/fastq/ERR111/023/ERR11178323/ERR11178323_2.fastq.gz	729c488e31acd3b1aac8d6663d5c07af	9b1e3af7a70c1cc02b01f5bef9fb7fe4	1412992479	1561406929	119730508	12092781308	2023-03-30	https://www.ebi.ac.uk/ena/portal/api/filereport?accession=PRJEB32839&result=read_run&fields=study_accession%2Csecondary_study_accession%2Crun_accession%2Cexperiment_accession%2Csample_accession%2Csecondary_sample_accession%2Csample_alias%2Csample_title%2Csample_description%2Cexperiment_title%2Clibrary_name%2Clibrary_layout%2Clibrary_strategy%2Clibrary_source%2Clibrary_selection%2Cinstrument_platform%2Cinstrument_model%2Cfastq_ftp%2Cfastq_md5%2Cfastq_bytes%2Cread_count%2Cbase_count%2Cfirst_public&format=tsv&download=false
PRJEB32839	x_2d_somules_r3	ERR11178413	SAMEA7225784	ERS4985769	ERX10611299	lane_2	NT1631341P	PAIRED	https://ftp.sra.ebi.ac.uk/vol1/fastq/ERR111/013/ERR11178413/ERR11178413_1.fastq.gz	https://ftp.sra.ebi.ac.uk/vol1/fastq/ERR111/013/ERR11178413/ERR11178413_2.fastq.gz	f84bf091d9bff05611cce23784b57cd1	69db67f07f4678252990b5a04ad08b3d	1375381717	1566414378	113379852	11451365052	2023-03-31	https://www.ebi.ac.uk/ena/portal/api/filereport?accession=PRJEB32839&result=read_run&fields=study_accession%2Csecondary_study_accession%2Crun_accession%2Cexperiment_accession%2Csample_accession%2Csecondary_sample_accession%2Csample_alias%2Csample_title%2Csample_description%2Cexperiment_title%2Clibrary_name%2Clibrary_layout%2Clibrary_strategy%2Clibrary_source%2Clibrary_selection%2Cinstrument_platform%2Cinstrument_model%2Cfastq_ftp%2Cfastq_md5%2Cfastq_bytes%2Cread_count%2Cbase_count%2Cfirst_public&format=tsv&download=false
PRJEB32839	x_2d_somules_r4	ERR11178281	SAMEA7225806	ERS4985791	ERX10611167	lane_1	NT1631352S	PAIRED	https://ftp.sra.ebi.ac.uk/vol1/fastq/ERR111/081/ERR11178281/ERR11178281_1.fastq.gz	https://ftp.sra.ebi.ac.uk/vol1/fastq/ERR111/081/ERR11178281/ERR11178281_2.fastq.gz	e76a95cc33a502e46e3cd6d58d395ad1	5896b6ddc80eb71f629be2e4b133d588	589460726	691462251	47096866	4756783466	2023-03-30	https://www.ebi.ac.uk/ena/portal/api/filereport?accession=PRJEB32839&result=read_run&fields=study_accession%2Csecondary_study_accession%2Crun_accession%2Cexperiment_accession%2Csample_accession%2Csecondary_sample_accession%2Csample_alias%2Csample_title%2Csample_description%2Cexperiment_title%2Clibrary_name%2Clibrary_layout%2Clibrary_strategy%2Clibrary_source%2Clibrary_selection%2Cinstrument_platform%2Cinstrument_model%2Cfastq_ftp%2Cfastq_md5%2Cfastq_bytes%2Cread_count%2Cbase_count%2Cfirst_public&format=tsv&download=false
PRJEB32839	x_2d_somules_r4	ERR11178371	SAMEA7225806	ERS4985791	ERX10611257	lane_2	NT1631352S	PAIRED	https://ftp.sra.ebi.ac.uk/vol1/fastq/ERR111/071/ERR11178371/ERR11178371_1.fastq.gz	https://ftp.sra.ebi.ac.uk/vol1/fastq/ERR111/071/ERR11178371/ERR11178371_2.fastq.gz	969ccffba2a47ac71efd608bea0daddf	dfda5a7ab1768714e140ac375920b112	565691356	697297054	44563552	4500918752	2023-03-31	https://www.ebi.ac.uk/ena/portal/api/filereport?accession=PRJEB32839&result=read_run&fields=study_accession%2Csecondary_study_accession%2Crun_accession%2Cexperiment_accession%2Csample_accession%2Csecondary_sample_accession%2Csample_alias%2Csample_title%2Csample_description%2Cexperiment_title%2Clibrary_name%2Clibrary_layout%2Clibrary_strategy%2Clibrary_source%2Clibrary_selection%2Cinstrument_platform%2Cinstrument_model%2Cfastq_ftp%2Cfastq_md5%2Cfastq_bytes%2Cread_count%2Cbase_count%2Cfirst_public&format=tsv&download=false
PRJEB32839	x_2d_somules_r5	ERR11178291	SAMEA7225809	ERS4985794	ERX10611177	lane_1	NT1631353T	PAIRED	https://ftp.sra.ebi.ac.uk/vol1/fastq/ERR111/091/ERR11178291/ERR11178291_1.fastq.gz	https://ftp.sra.ebi.ac.uk/vol1/fastq/ERR111/091/ERR11178291/ERR11178291_2.fastq.gz	067f8d662725e45ac295d35c0402dc3d	1eaa3e9fd4d217d1578e83c7e35288a4	392522705	435667976	30277908	3058068708	2023-03-31	https://www.ebi.ac.uk/ena/portal/api/filereport?accession=PRJEB32839&result=read_run&fields=study_accession%2Csecondary_study_accession%2Crun_accession%2Cexperiment_accession%2Csample_accession%2Csecondary_sample_accession%2Csample_alias%2Csample_title%2Csample_description%2Cexperiment_title%2Clibrary_name%2Clibrary_layout%2Clibrary_strategy%2Clibrary_source%2Clibrary_selection%2Cinstrument_platform%2Cinstrument_model%2Cfastq_ftp%2Cfastq_md5%2Cfastq_bytes%2Cread_count%2Cbase_count%2Cfirst_public&format=tsv&download=false
PRJEB32839	x_2d_somules_r5	ERR11178381	SAMEA7225809	ERS4985794	ERX10611267	lane_2	NT1631353T	PAIRED	https://ftp.sra.ebi.ac.uk/vol1/fastq/ERR111/081/ERR11178381/ERR11178381_1.fastq.gz	https://ftp.sra.ebi.ac.uk/vol1/fastq/ERR111/081/ERR11178381/ERR11178381_2.fastq.gz	715e0686e6b49e65e4969818726179ec	ca8a2ffd0c875caec51c98753fd6b79d	383576293	448350094	29369586	2966328186	2023-03-30	https://www.ebi.ac.uk/ena/portal/api/filereport?accession=PRJEB32839&result=read_run&fields=study_accession%2Csecondary_study_accession%2Crun_accession%2Cexperiment_accession%2Csample_accession%2Csecondary_sample_accession%2Csample_alias%2Csample_title%2Csample_description%2Cexperiment_title%2Clibrary_name%2Clibrary_layout%2Clibrary_strategy%2Clibrary_source%2Clibrary_selection%2Cinstrument_platform%2Cinstrument_model%2Cfastq_ftp%2Cfastq_md5%2Cfastq_bytes%2Cread_count%2Cbase_count%2Cfirst_public&format=tsv&download=false
PRJEB32839	f_26d_juveniles_r1	ERR11178331	SAMEA7225787	ERS4985772	ERX10611217	lane_1	NT1631342Q	PAIRED	https://ftp.sra.ebi.ac.uk/vol1/fastq/ERR111/031/ERR11178331/ERR11178331_1.fastq.gz	https://ftp.sra.ebi.ac.uk/vol1/fastq/ERR111/031/ERR11178331/ERR11178331_2.fastq.gz	0056600757a45380f3bc198c79d4c0f8	f0f7c38ec694051860121c6008e2bd84	988456960	1123190956	78395660	7917961660	2023-03-31	https://www.ebi.ac.uk/ena/portal/api/filereport?accession=PRJEB32839&result=read_run&fields=study_accession%2Csecondary_study_accession%2Crun_accession%2Cexperiment_accession%2Csample_accession%2Csecondary_sample_accession%2Csample_alias%2Csample_title%2Csample_description%2Cexperiment_title%2Clibrary_name%2Clibrary_layout%2Clibrary_strategy%2Clibrary_source%2Clibrary_selection%2Cinstrument_platform%2Cinstrument_model%2Cfastq_ftp%2Cfastq_md5%2Cfastq_bytes%2Cread_count%2Cbase_count%2Cfirst_public&format=tsv&download=false
PRJEB32839	f_26d_juveniles_r1	ERR11178421	SAMEA7225787	ERS4985772	ERX10611307	lane_2	NT1631342Q	PAIRED	https://ftp.sra.ebi.ac.uk/vol1/fastq/ERR111/021/ERR11178421/ERR11178421_1.fastq.gz	https://ftp.sra.ebi.ac.uk/vol1/fastq/ERR111/021/ERR11178421/ERR11178421_2.fastq.gz	640a5324a7705a0d4d817a75ff617964	be9f219e86d357f8d7c6e31a7eee2642	928789201	1153559215	75156916	7590848516	2023-03-31	https://www.ebi.ac.uk/ena/portal/api/filereport?accession=PRJEB32839&result=read_run&fields=study_accession%2Csecondary_study_accession%2Crun_accession%2Cexperiment_accession%2Csample_accession%2Csecondary_sample_accession%2Csample_alias%2Csample_title%2Csample_description%2Cexperiment_title%2Clibrary_name%2Clibrary_layout%2Clibrary_strategy%2Clibrary_source%2Clibrary_selection%2Cinstrument_platform%2Cinstrument_model%2Cfastq_ftp%2Cfastq_md5%2Cfastq_bytes%2Cread_count%2Cbase_count%2Cfirst_public&format=tsv&download=false
PRJEB32839	f_26d_juveniles_r2	ERR11178269	SAMEA7225789	ERS4985774	ERX10611155	lane_1	NT1631343R	PAIRED	https://ftp.sra.ebi.ac.uk/vol1/fastq/ERR111/069/ERR11178269/ERR11178269_1.fastq.gz	https://ftp.sra.ebi.ac.uk/vol1/fastq/ERR111/069/ERR11178269/ERR11178269_2.fastq.gz	d1c221a20f4990d43a71febb2bd72605	0dcea74969eac2a10afc4a0ebdc2945f	478072794	533655835	39234410	3962675410	2023-03-30	https://www.ebi.ac.uk/ena/portal/api/filereport?accession=PRJEB32839&result=read_run&fields=study_accession%2Csecondary_study_accession%2Crun_accession%2Cexperiment_accession%2Csample_accession%2Csecondary_sample_accession%2Csample_alias%2Csample_title%2Csample_description%2Cexperiment_title%2Clibrary_name%2Clibrary_layout%2Clibrary_strategy%2Clibrary_source%2Clibrary_selection%2Cinstrument_platform%2Cinstrument_model%2Cfastq_ftp%2Cfastq_md5%2Cfastq_bytes%2Cread_count%2Cbase_count%2Cfirst_public&format=tsv&download=false
PRJEB32839	f_26d_juveniles_r2	ERR11178359	SAMEA7225789	ERS4985774	ERX10611245	lane_2	NT1631343R	PAIRED	https://ftp.sra.ebi.ac.uk/vol1/fastq/ERR111/059/ERR11178359/ERR11178359_1.fastq.gz	https://ftp.sra.ebi.ac.uk/vol1/fastq/ERR111/059/ERR11178359/ERR11178359_2.fastq.gz	d67ea85e480d1e984933c55e1fb84471	6b6a00fbf2d793a1aa0db169d1854b0a	474012712	540895716	37595288	3797124088	2023-03-31	https://www.ebi.ac.uk/ena/portal/api/filereport?accession=PRJEB32839&result=read_run&fields=study_accession%2Csecondary_study_accession%2Crun_accession%2Cexperiment_accession%2Csample_accession%2Csecondary_sample_accession%2Csample_alias%2Csample_title%2Csample_description%2Cexperiment_title%2Clibrary_name%2Clibrary_layout%2Clibrary_strategy%2Clibrary_source%2Clibrary_selection%2Cinstrument_platform%2Cinstrument_model%2Cfastq_ftp%2Cfastq_md5%2Cfastq_bytes%2Cread_count%2Cbase_count%2Cfirst_public&format=tsv&download=false
PRJEB32839	f_26d_juveniles_r3	ERR11178279	SAMEA7225790	ERS4985775	ERX10611165	lane_1	NT1631344S	PAIRED	https://ftp.sra.ebi.ac.uk/vol1/fastq/ERR111/079/ERR11178279/ERR11178279_1.fastq.gz	https://ftp.sra.ebi.ac.uk/vol1/fastq/ERR111/079/ERR11178279/ERR11178279_2.fastq.gz	d4c964587df7b8e247bf4bc7a6fbbf4c	00f1db13456f9bcd3067c07d6a96dbda	431603925	482490650	34431632	3477594832	2023-03-30	https://www.ebi.ac.uk/ena/portal/api/filereport?accession=PRJEB32839&result=read_run&fields=study_accession%2Csecondary_study_accession%2Crun_accession%2Cexperiment_accession%2Csample_accession%2Csecondary_sample_accession%2Csample_alias%2Csample_title%2Csample_description%2Cexperiment_title%2Clibrary_name%2Clibrary_layout%2Clibrary_strategy%2Clibrary_source%2Clibrary_selection%2Cinstrument_platform%2Cinstrument_model%2Cfastq_ftp%2Cfastq_md5%2Cfastq_bytes%2Cread_count%2Cbase_count%2Cfirst_public&format=tsv&download=false
PRJEB32839	f_26d_juveniles_r3	ERR11178369	SAMEA7225790	ERS4985775	ERX10611255	lane_2	NT1631344S	PAIRED	https://ftp.sra.ebi.ac.uk/vol1/fastq/ERR111/069/ERR11178369/ERR11178369_1.fastq.gz	https://ftp.sra.ebi.ac.uk/vol1/fastq/ERR111/069/ERR11178369/ERR11178369_2.fastq.gz	90eba73af700c7113cdee708b93599ad	2098f794498082569f86d6ef12e027cb	420794162	489980647	33105214	3343626614	2023-03-31	https://www.ebi.ac.uk/ena/portal/api/filereport?accession=PRJEB32839&result=read_run&fields=study_accession%2Csecondary_study_accession%2Crun_accession%2Cexperiment_accession%2Csample_accession%2Csecondary_sample_accession%2Csample_alias%2Csample_title%2Csample_description%2Cexperiment_title%2Clibrary_name%2Clibrary_layout%2Clibrary_strategy%2Clibrary_source%2Clibrary_selection%2Cinstrument_platform%2Cinstrument_model%2Cfastq_ftp%2Cfastq_md5%2Cfastq_bytes%2Cread_count%2Cbase_count%2Cfirst_public&format=tsv&download=false
PRJEB32839	f_26d_juveniles_r4	ERR11178289	SAMEA7225793	ERS4985778	ERX10611175	lane_1	NT1631345T	PAIRED	https://ftp.sra.ebi.ac.uk/vol1/fastq/ERR111/089/ERR11178289/ERR11178289_1.fastq.gz	https://ftp.sra.ebi.ac.uk/vol1/fastq/ERR111/089/ERR11178289/ERR11178289_2.fastq.gz	3b62a342072eaa194aaab0a06883d592	c1debdc3a2f29d2681b3807af959a37d	283410370	309370544	21598970	2181495970	2023-03-30	https://www.ebi.ac.uk/ena/portal/api/filereport?accession=PRJEB32839&result=read_run&fields=study_accession%2Csecondary_study_accession%2Crun_accession%2Cexperiment_accession%2Csample_accession%2Csecondary_sample_accession%2Csample_alias%2Csample_title%2Csample_description%2Cexperiment_title%2Clibrary_name%2Clibrary_layout%2Clibrary_strategy%2Clibrary_source%2Clibrary_selection%2Cinstrument_platform%2Cinstrument_model%2Cfastq_ftp%2Cfastq_md5%2Cfastq_bytes%2Cread_count%2Cbase_count%2Cfirst_public&format=tsv&download=false
PRJEB32839	f_26d_juveniles_r4	ERR11178379	SAMEA7225793	ERS4985778	ERX10611265	lane_2	NT1631345T	PAIRED	https://ftp.sra.ebi.ac.uk/vol1/fastq/ERR111/079/ERR11178379/ERR11178379_1.fastq.gz	https://ftp.sra.ebi.ac.uk/vol1/fastq/ERR111/079/ERR11178379/ERR11178379_2.fastq.gz	bb2facdf4b6b175e887ae28a13b35af8	3f79a5b6870a044a79c364f826388808	278149612	315234439	20955772	2116532972	2023-03-31	https://www.ebi.ac.uk/ena/portal/api/filereport?accession=PRJEB32839&result=read_run&fields=study_accession%2Csecondary_study_accession%2Crun_accession%2Cexperiment_accession%2Csample_accession%2Csecondary_sample_accession%2Csample_alias%2Csample_title%2Csample_description%2Cexperiment_title%2Clibrary_name%2Clibrary_layout%2Clibrary_strategy%2Clibrary_source%2Clibrary_selection%2Cinstrument_platform%2Cinstrument_model%2Cfastq_ftp%2Cfastq_md5%2Cfastq_bytes%2Cread_count%2Cbase_count%2Cfirst_public&format=tsv&download=false
PRJEB32839	f_26d_juveniles_r5	ERR11178298	SAMEA7225796	ERS4985781	ERX10611184	lane_1	NT1631346U	PAIRED	https://ftp.sra.ebi.ac.uk/vol1/fastq/ERR111/098/ERR11178298/ERR11178298_1.fastq.gz	https://ftp.sra.ebi.ac.uk/vol1/fastq/ERR111/098/ERR11178298/ERR11178298_2.fastq.gz	d288acceb7fc0d8e766d2d0d2fbf7876	e4fb4585eb733d142c055334999459fc	805879453	902867605	66931162	6760047362	2023-03-31	https://www.ebi.ac.uk/ena/portal/api/filereport?accession=PRJEB32839&result=read_run&fields=study_accession%2Csecondary_study_accession%2Crun_accession%2Cexperiment_accession%2Csample_accession%2Csecondary_sample_accession%2Csample_alias%2Csample_title%2Csample_description%2Cexperiment_title%2Clibrary_name%2Clibrary_layout%2Clibrary_strategy%2Clibrary_source%2Clibrary_selection%2Cinstrument_platform%2Cinstrument_model%2Cfastq_ftp%2Cfastq_md5%2Cfastq_bytes%2Cread_count%2Cbase_count%2Cfirst_public&format=tsv&download=false
PRJEB32839	f_26d_juveniles_r5	ERR11178388	SAMEA7225796	ERS4985781	ERX10611274	lane_2	NT1631346U	PAIRED	https://ftp.sra.ebi.ac.uk/vol1/fastq/ERR111/088/ERR11178388/ERR11178388_1.fastq.gz	https://ftp.sra.ebi.ac.uk/vol1/fastq/ERR111/088/ERR11178388/ERR11178388_2.fastq.gz	466ae4f9f4150ccf04aad1ff9569bea3	31b121da2d1c45b9f0c39949dfe578c0	806570971	923537352	64754406	6540195006	2023-03-31	https://www.ebi.ac.uk/ena/portal/api/filereport?accession=PRJEB32839&result=read_run&fields=study_accession%2Csecondary_study_accession%2Crun_accession%2Cexperiment_accession%2Csample_accession%2Csecondary_sample_accession%2Csample_alias%2Csample_title%2Csample_description%2Cexperiment_title%2Clibrary_name%2Clibrary_layout%2Clibrary_strategy%2Clibrary_source%2Clibrary_selection%2Cinstrument_platform%2Cinstrument_model%2Cfastq_ftp%2Cfastq_md5%2Cfastq_bytes%2Cread_count%2Cbase_count%2Cfirst_public&format=tsv&download=false
PRJEB32839	m_26d_juveniles_r1	ERR11178307	SAMEA7225797	ERS4985782	ERX10611193	lane_1	NT1631347V	PAIRED	https://ftp.sra.ebi.ac.uk/vol1/fastq/ERR111/007/ERR11178307/ERR11178307_1.fastq.gz	https://ftp.sra.ebi.ac.uk/vol1/fastq/ERR111/007/ERR11178307/ERR11178307_2.fastq.gz	1d7f016f32e2ac61b4af80a73cd4a83c	324ac549b209730de5f38866180c455c	343221718	387910240	27927420	2820669420	2023-03-31	https://www.ebi.ac.uk/ena/portal/api/filereport?accession=PRJEB32839&result=read_run&fields=study_accession%2Csecondary_study_accession%2Crun_accession%2Cexperiment_accession%2Csample_accession%2Csecondary_sample_accession%2Csample_alias%2Csample_title%2Csample_description%2Cexperiment_title%2Clibrary_name%2Clibrary_layout%2Clibrary_strategy%2Clibrary_source%2Clibrary_selection%2Cinstrument_platform%2Cinstrument_model%2Cfastq_ftp%2Cfastq_md5%2Cfastq_bytes%2Cread_count%2Cbase_count%2Cfirst_public&format=tsv&download=false
PRJEB32839	m_26d_juveniles_r1	ERR11178397	SAMEA7225797	ERS4985782	ERX10611283	lane_2	NT1631347V	PAIRED	https://ftp.sra.ebi.ac.uk/vol1/fastq/ERR111/097/ERR11178397/ERR11178397_1.fastq.gz	https://ftp.sra.ebi.ac.uk/vol1/fastq/ERR111/097/ERR11178397/ERR11178397_2.fastq.gz	0a5997fe4350e93ae95ffb09e603e797	7ff789127922dd746899b58d3a18f811	344242031	392931972	26841938	2711035738	2023-03-31	https://www.ebi.ac.uk/ena/portal/api/filereport?accession=PRJEB32839&result=read_run&fields=study_accession%2Csecondary_study_accession%2Crun_accession%2Cexperiment_accession%2Csample_accession%2Csecondary_sample_accession%2Csample_alias%2Csample_title%2Csample_description%2Cexperiment_title%2Clibrary_name%2Clibrary_layout%2Clibrary_strategy%2Clibrary_source%2Clibrary_selection%2Cinstrument_platform%2Cinstrument_model%2Cfastq_ftp%2Cfastq_md5%2Cfastq_bytes%2Cread_count%2Cbase_count%2Cfirst_public&format=tsv&download=false
PRJEB32839	m_26d_juveniles_r2	ERR11178316	SAMEA7225798	ERS4985783	ERX10611202	lane_1	NT1631348W	PAIRED	https://ftp.sra.ebi.ac.uk/vol1/fastq/ERR111/016/ERR11178316/ERR11178316_1.fastq.gz	https://ftp.sra.ebi.ac.uk/vol1/fastq/ERR111/016/ERR11178316/ERR11178316_2.fastq.gz	1aba65a412ee16854df81872e019ec7f	0f9abf04b47d5494dd2f33f43a5c707f	518349054	567384690	41638042	4205442242	2023-03-30	https://www.ebi.ac.uk/ena/portal/api/filereport?accession=PRJEB32839&result=read_run&fields=study_accession%2Csecondary_study_accession%2Crun_accession%2Cexperiment_accession%2Csample_accession%2Csecondary_sample_accession%2Csample_alias%2Csample_title%2Csample_description%2Cexperiment_title%2Clibrary_name%2Clibrary_layout%2Clibrary_strategy%2Clibrary_source%2Clibrary_selection%2Cinstrument_platform%2Cinstrument_model%2Cfastq_ftp%2Cfastq_md5%2Cfastq_bytes%2Cread_count%2Cbase_count%2Cfirst_public&format=tsv&download=false
PRJEB32839	m_26d_juveniles_r2	ERR11178406	SAMEA7225798	ERS4985783	ERX10611292	lane_2	NT1631348W	PAIRED	https://ftp.sra.ebi.ac.uk/vol1/fastq/ERR111/006/ERR11178406/ERR11178406_1.fastq.gz	https://ftp.sra.ebi.ac.uk/vol1/fastq/ERR111/006/ERR11178406/ERR11178406_2.fastq.gz	e859646a6670c86019bc4960bc6fa8da	6ca411038ab91e170ebdbcc8a3c77928	520477588	599248788	41717354	4213452754	2023-03-31	https://www.ebi.ac.uk/ena/portal/api/filereport?accession=PRJEB32839&result=read_run&fields=study_accession%2Csecondary_study_accession%2Crun_accession%2Cexperiment_accession%2Csample_accession%2Csecondary_sample_accession%2Csample_alias%2Csample_title%2Csample_description%2Cexperiment_title%2Clibrary_name%2Clibrary_layout%2Clibrary_strategy%2Clibrary_source%2Clibrary_selection%2Cinstrument_platform%2Cinstrument_model%2Cfastq_ftp%2Cfastq_md5%2Cfastq_bytes%2Cread_count%2Cbase_count%2Cfirst_public&format=tsv&download=false
PRJEB32839	m_26d_juveniles_r3	ERR11178324	SAMEA7225801	ERS4985786	ERX10611210	lane_1	NT1631349A	PAIRED	https://ftp.sra.ebi.ac.uk/vol1/fastq/ERR111/024/ERR11178324/ERR11178324_1.fastq.gz	https://ftp.sra.ebi.ac.uk/vol1/fastq/ERR111/024/ERR11178324/ERR11178324_2.fastq.gz	a6f3db0d4a8fab3738d10a541fcc7165	4d42ad8cd1b0ce1ef12948ad30c528a6	833183234	920238568	68098958	6877994758	2023-03-31	https://www.ebi.ac.uk/ena/portal/api/filereport?accession=PRJEB32839&result=read_run&fields=study_accession%2Csecondary_study_accession%2Crun_accession%2Cexperiment_accession%2Csample_accession%2Csecondary_sample_accession%2Csample_alias%2Csample_title%2Csample_description%2Cexperiment_title%2Clibrary_name%2Clibrary_layout%2Clibrary_strategy%2Clibrary_source%2Clibrary_selection%2Cinstrument_platform%2Cinstrument_model%2Cfastq_ftp%2Cfastq_md5%2Cfastq_bytes%2Cread_count%2Cbase_count%2Cfirst_public&format=tsv&download=false
PRJEB32839	m_26d_juveniles_r3	ERR11178414	SAMEA7225801	ERS4985786	ERX10611300	lane_2	NT1631349A	PAIRED	https://ftp.sra.ebi.ac.uk/vol1/fastq/ERR111/014/ERR11178414/ERR11178414_1.fastq.gz	https://ftp.sra.ebi.ac.uk/vol1/fastq/ERR111/014/ERR11178414/ERR11178414_2.fastq.gz	9140733d31b21baad19aac3c5278b969	182354602c1f2b7f91fa1b7a1bb1b8fd	835597653	961387209	67311622	6798473822	2023-03-30	https://www.ebi.ac.uk/ena/portal/api/filereport?accession=PRJEB32839&result=read_run&fields=study_accession%2Csecondary_study_accession%2Crun_accession%2Cexperiment_accession%2Csample_accession%2Csecondary_sample_accession%2Csample_alias%2Csample_title%2Csample_description%2Cexperiment_title%2Clibrary_name%2Clibrary_layout%2Clibrary_strategy%2Clibrary_source%2Clibrary_selection%2Cinstrument_platform%2Cinstrument_model%2Cfastq_ftp%2Cfastq_md5%2Cfastq_bytes%2Cread_count%2Cbase_count%2Cfirst_public&format=tsv&download=false
PRJEB32839	m_26d_juveniles_r4	ERR11178333	SAMEA7225804	ERS4985789	ERX10611219	lane_1	NT1631350Q	PAIRED	https://ftp.sra.ebi.ac.uk/vol1/fastq/ERR111/033/ERR11178333/ERR11178333_1.fastq.gz	https://ftp.sra.ebi.ac.uk/vol1/fastq/ERR111/033/ERR11178333/ERR11178333_2.fastq.gz	63aeea3bed34c30f278eca38979f30b5	81aa8a65290e4aec0322be393d624334	723487670	829464790	58603048	5918907848	2023-03-31	https://www.ebi.ac.uk/ena/portal/api/filereport?accession=PRJEB32839&result=read_run&fields=study_accession%2Csecondary_study_accession%2Crun_accession%2Cexperiment_accession%2Csample_accession%2Csecondary_sample_accession%2Csample_alias%2Csample_title%2Csample_description%2Cexperiment_title%2Clibrary_name%2Clibrary_layout%2Clibrary_strategy%2Clibrary_source%2Clibrary_selection%2Cinstrument_platform%2Cinstrument_model%2Cfastq_ftp%2Cfastq_md5%2Cfastq_bytes%2Cread_count%2Cbase_count%2Cfirst_public&format=tsv&download=false
PRJEB32839	m_26d_juveniles_r4	ERR11178423	SAMEA7225804	ERS4985789	ERX10611309	lane_2	NT1631350Q	PAIRED	https://ftp.sra.ebi.ac.uk/vol1/fastq/ERR111/023/ERR11178423/ERR11178423_1.fastq.gz	https://ftp.sra.ebi.ac.uk/vol1/fastq/ERR111/023/ERR11178423/ERR11178423_2.fastq.gz	b39a3f600fbf7ead2318883fd1bf54b3	81726950a9e80bcbb951938115da5b30	719176174	871253173	58151394	5873290794	2023-03-31	https://www.ebi.ac.uk/ena/portal/api/filereport?accession=PRJEB32839&result=read_run&fields=study_accession%2Csecondary_study_accession%2Crun_accession%2Cexperiment_accession%2Csample_accession%2Csecondary_sample_accession%2Csample_alias%2Csample_title%2Csample_description%2Cexperiment_title%2Clibrary_name%2Clibrary_layout%2Clibrary_strategy%2Clibrary_source%2Clibrary_selection%2Cinstrument_platform%2Cinstrument_model%2Cfastq_ftp%2Cfastq_md5%2Cfastq_bytes%2Cread_count%2Cbase_count%2Cfirst_public&format=tsv&download=false
PRJEB32839	m_26d_juveniles_r5	ERR11178271	SAMEA7225805	ERS4985790	ERX10611157	lane_1	NT1631351R	PAIRED	https://ftp.sra.ebi.ac.uk/vol1/fastq/ERR111/071/ERR11178271/ERR11178271_1.fastq.gz	https://ftp.sra.ebi.ac.uk/vol1/fastq/ERR111/071/ERR11178271/ERR11178271_2.fastq.gz	19b480028ec55a269fa4fdeb8313a011	b9867d7b206194027029177778498d8a	803679704	893473600	66841990	6751040990	2023-03-31	https://www.ebi.ac.uk/ena/portal/api/filereport?accession=PRJEB32839&result=read_run&fields=study_accession%2Csecondary_study_accession%2Crun_accession%2Cexperiment_accession%2Csample_accession%2Csecondary_sample_accession%2Csample_alias%2Csample_title%2Csample_description%2Cexperiment_title%2Clibrary_name%2Clibrary_layout%2Clibrary_strategy%2Clibrary_source%2Clibrary_selection%2Cinstrument_platform%2Cinstrument_model%2Cfastq_ftp%2Cfastq_md5%2Cfastq_bytes%2Cread_count%2Cbase_count%2Cfirst_public&format=tsv&download=false
PRJEB32839	m_26d_juveniles_r5	ERR11178361	SAMEA7225805	ERS4985790	ERX10611247	lane_2	NT1631351R	PAIRED	https://ftp.sra.ebi.ac.uk/vol1/fastq/ERR111/061/ERR11178361/ERR11178361_1.fastq.gz	https://ftp.sra.ebi.ac.uk/vol1/fastq/ERR111/061/ERR11178361/ERR11178361_2.fastq.gz	1c7e16e8b7a3abb5d3d0306654a99e0d	16e58abb40c22f657bfc700574e8daf4	790489478	901118839	63670752	6430745952	2023-03-31	https://www.ebi.ac.uk/ena/portal/api/filereport?accession=PRJEB32839&result=read_run&fields=study_accession%2Csecondary_study_accession%2Crun_accession%2Cexperiment_accession%2Csample_accession%2Csecondary_sample_accession%2Csample_alias%2Csample_title%2Csample_description%2Cexperiment_title%2Clibrary_name%2Clibrary_layout%2Clibrary_strategy%2Clibrary_source%2Clibrary_selection%2Cinstrument_platform%2Cinstrument_model%2Cfastq_ftp%2Cfastq_md5%2Cfastq_bytes%2Cread_count%2Cbase_count%2Cfirst_public&format=tsv&download=false
