analysis_id	variable	contrast	level_a	level_b	gene_id	group	gene_name	gene_display_label	description	baseMean	log2FoldChange	lfcSE	stat	pvalue	padj	biotype	source_file	result_dir	deg_project	deg_mode	contrast_label	padj_num	log2FoldChange_num	neg_log10_padj	significant
smansoni_prjeb32839_primary	condition	condition__miracidium_mixed_vs_egg_mixed	miracidium_mixed	egg_mixed	Smp_000700	Writers	Smp_000700	Smp_000700		2324.15466325394	-1.2327884590729	0.132635242987196	-9.29457685082918	1.47792895583715e-20	1.12992287201737e-18	protein_coding	DEGs_all_results.tsv	.	.	unknown	. | condition__miracidium_mixed_vs_egg_mixed	1.12992287201737e-18	-1.2327884590729	17.94695120023379	TRUE
smansoni_prjeb32839_primary	condition	condition__miracidium_mixed_vs_egg_mixed	miracidium_mixed	egg_mixed	Smp_179650	Grupo HP1; Readers	Smp_179650	Smp_179650		19222.6291106233	1.42224947638734	0.164458964996858	8.6480507548768	5.23865321571958e-18	2.51301276318783e-16	protein_coding	DEGs_all_results.tsv	.	.	unknown	. | condition__miracidium_mixed_vs_egg_mixed	2.51301276318783e-16	1.42224947638734	15.599805305689967	TRUE
smansoni_prjeb32839_primary	condition	condition__miracidium_mixed_vs_egg_mixed	miracidium_mixed	egg_mixed	Smp_001500	Grupo HP1	Smp_001500	Smp_001500		7803.69738487252	2.27693812493369	0.269140800992409	8.46002581748249	2.67318336572239e-17	1.06340538280323e-15	protein_coding	DEGs_all_results.tsv	.	.	unknown	. | condition__miracidium_mixed_vs_egg_mixed	1.06340538280323e-15	2.27693812493369	14.973301145680837	TRUE
smansoni_prjeb32839_primary	condition	condition__miracidium_mixed_vs_egg_mixed	miracidium_mixed	egg_mixed	Smp_170390	Readers	Smp_170390	Smp_170390		2105.04043966555	-1.00167402439802	0.153896459307031	-6.50875289079676	7.57772556077968e-11	5.8161272421796e-10	protein_coding	DEGs_all_results.tsv	.	.	unknown	. | condition__miracidium_mixed_vs_egg_mixed	5.8161272421796e-10	-1.00167402439802	9.23536610077832	TRUE
smansoni_prjeb32839_primary	condition	condition__miracidium_mixed_vs_egg_mixed	miracidium_mixed	egg_mixed	Smp_175680	Readers	Smp_175680	Smp_175680		3526.19745209693	1.14073155625356	0.193066636322737	5.90848619927613	3.45265731849018e-09	1.90783198863608e-08	protein_coding	DEGs_all_results.tsv	.	.	unknown	. | condition__miracidium_mixed_vs_egg_mixed	1.90783198863608e-8	1.14073155625356	7.719459873668093	TRUE
smansoni_prjeb32839_primary	condition	condition__miracidium_mixed_vs_egg_mixed	miracidium_mixed	egg_mixed	Smp_140390	Writers	Smp_140390	Smp_140390		6169.75930938339	0.583537231402851	0.107197435974548	5.44357452300817	5.22218710703981e-08	2.33994153065437e-07	protein_coding	DEGs_all_results.tsv	.	.	unknown	. | condition__miracidium_mixed_vs_egg_mixed	2.33994153065437e-7	0.583537231402851	6.630794994398156	FALSE
smansoni_prjeb32839_primary	condition	condition__miracidium_mixed_vs_egg_mixed	miracidium_mixed	egg_mixed	Smp_041760	Readers	Smp_041760	Smp_041760		10038.6207043123	-1.25065143169668	0.278174914926114	-4.49591736921666	6.92706355189771e-06	2.16161492088236e-05	protein_coding	DEGs_all_results.tsv	.	.	unknown	. | condition__miracidium_mixed_vs_egg_mixed	2.1616149208823598e-05	-1.25065143169668	4.665221670526657	TRUE
smansoni_prjeb32839_primary	condition	condition__miracidium_mixed_vs_egg_mixed	miracidium_mixed	egg_mixed	Smp_121610	Writers	Smp_121610	Smp_121610		1473.81819604994	0.631657412125147	0.146273711687085	4.31832490500014	1.57217875258654e-05	4.592639185914e-05	protein_coding	DEGs_all_results.tsv	.	.	unknown	. | condition__miracidium_mixed_vs_egg_mixed	4.592639185914e-5	0.631657412125147	4.3379376729626165	FALSE
smansoni_prjeb32839_primary	condition	condition__miracidium_mixed_vs_egg_mixed	miracidium_mixed	egg_mixed	Smp_029240	Writers	PRMT1	PRMT1 | Smp_029240		11423.8059699232	0.691263618830767	0.169485089849426	4.07861021547617	4.53057229558604e-05	0.00012223926243343	protein_coding	DEGs_all_results.tsv	.	.	unknown	. | condition__miracidium_mixed_vs_egg_mixed	1.2223926243343e-4	0.691263618830767	3.912789279204067	FALSE
smansoni_prjeb32839_primary	condition	condition__miracidium_mixed_vs_egg_mixed	miracidium_mixed	egg_mixed	Smp_160810	Erasers	Smp_160810	Smp_160810		2978.31204166108	-0.721470755910302	0.179651289559247	-4.01595088841469	5.92065853061241e-05	0.000156003135111936	protein_coding	DEGs_all_results.tsv	.	.	unknown	. | condition__miracidium_mixed_vs_egg_mixed	1.56003135111936e-4	-0.721470755910302	3.806866673772894	FALSE
smansoni_prjeb32839_primary	condition	condition__miracidium_mixed_vs_egg_mixed	miracidium_mixed	egg_mixed	Smp_149240	Readers	Smp_149240	Smp_149240		1851.74953481769	-1.02808752102499	0.300798534029542	-3.41786080953446	0.000631153756348297	0.00139109699541091	protein_coding	DEGs_all_results.tsv	.	.	unknown	. | condition__miracidium_mixed_vs_egg_mixed	0.00139109699541091	-1.02808752102499	2.856642587403275	TRUE
smansoni_prjeb32839_primary	condition	condition__miracidium_mixed_vs_egg_mixed	miracidium_mixed	egg_mixed	Smp_043580	Writers	Smp_043580	Smp_043580		1578.01657255372	0.488617513008606	0.147952011584254	3.30254051821631	0.000958132445212457	0.00204633001066109	protein_coding	DEGs_all_results.tsv	.	.	unknown	. | condition__miracidium_mixed_vs_egg_mixed	0.00204633001066109	0.488617513008606	2.689024326512549	FALSE
smansoni_prjeb32839_primary	condition	condition__miracidium_mixed_vs_egg_mixed	miracidium_mixed	egg_mixed	Smp_144180	Writers	Smp_144180	Smp_144180		2917.87617118486	-0.971451920907641	0.297659672174927	-3.26363297321898	0.00109993554718873	0.00232232346597388	protein_coding	DEGs_all_results.tsv	.	.	unknown	. | condition__miracidium_mixed_vs_egg_mixed	0.00232232346597388	-0.971451920907641	2.6340772894623425	FALSE
smansoni_prjeb32839_primary	condition	condition__miracidium_mixed_vs_egg_mixed	miracidium_mixed	egg_mixed	Smp_078900	Writers	Smp_078900	Smp_078900		2009.81033749387	-0.652313957564953	0.20093596341773	-3.24637733569298	0.00116883805592083	0.00245930965711486	protein_coding	DEGs_all_results.tsv	.	.	unknown	. | condition__miracidium_mixed_vs_egg_mixed	0.00245930965711486	-0.652313957564953	2.6091867848402077	FALSE
smansoni_prjeb32839_primary	condition	condition__miracidium_mixed_vs_egg_mixed	miracidium_mixed	egg_mixed	Smp_171150	Writers	Smp_171150	Smp_171150		2852.5025064119	0.419053705303611	0.129894853838544	3.22609936360131	0.00125489782761794	0.00262682997669928	protein_coding	DEGs_all_results.tsv	.	.	unknown	. | condition__miracidium_mixed_vs_egg_mixed	0.00262682997669928	0.419053705303611	2.5805680363006918	FALSE
smansoni_prjeb32839_primary	condition	condition__miracidium_mixed_vs_egg_mixed	miracidium_mixed	egg_mixed	Smp_165000	Writers	Smp_165000	Smp_165000		4224.12638846006	-0.700293918353548	0.21843083984089	-3.20602126908297	0.00134584040327203	0.00280161544063392	protein_coding	DEGs_all_results.tsv	.	.	unknown	. | condition__miracidium_mixed_vs_egg_mixed	0.00280161544063392	-0.700293918353548	2.552591477712789	FALSE
smansoni_prjeb32839_primary	condition	condition__miracidium_mixed_vs_egg_mixed	miracidium_mixed	egg_mixed	Smp_160700	Writers	Smp_160700	Smp_160700		2877.4654408921	-0.768694553314135	0.243216797217074	-3.16053234032214	0.00157481121504078	0.00323694655542724	protein_coding	DEGs_all_results.tsv	.	.	unknown	. | condition__miracidium_mixed_vs_egg_mixed	0.00323694655542724	-0.768694553314135	2.4898644710869697	FALSE
smansoni_prjeb32839_primary	condition	condition__miracidium_mixed_vs_egg_mixed	miracidium_mixed	egg_mixed	Smp_074050	Readers	Smp_074050	Smp_074050		2224.11599618866	-0.734529075970118	0.257695201794021	-2.85037932742433	0.00436671166957754	0.00826390261042077	protein_coding	DEGs_all_results.tsv	.	.	unknown	. | condition__miracidium_mixed_vs_egg_mixed	0.00826390261042077	-0.734529075970118	2.0828148095917856	FALSE
smansoni_prjeb32839_primary	condition	condition__miracidium_mixed_vs_egg_mixed	miracidium_mixed	egg_mixed	Smp_062530	Writers	Smp_062530	Smp_062530		3786.4864984404	-0.561735697958587	0.242456299042692	-2.31685338832825	0.0205117196149803	0.0337754817688369	protein_coding	DEGs_all_results.tsv	.	.	unknown	. | condition__miracidium_mixed_vs_egg_mixed	0.0337754817688369	-0.561735697958587	1.47139844754486	FALSE
smansoni_prjeb32839_primary	condition	condition__miracidium_mixed_vs_egg_mixed	miracidium_mixed	egg_mixed	Smp_156290	Erasers	Smp_156290	Smp_156290		4982.27006344466	-0.501915693547887	0.241091686043414	-2.08184571515048	0.037356564548937	0.0582955414887414	protein_coding	DEGs_all_results.tsv	.	.	unknown	. | condition__miracidium_mixed_vs_egg_mixed	0.0582955414887414	-0.501915693547887	1.234364659321273	FALSE
smansoni_prjeb32839_primary	condition	condition__miracidium_mixed_vs_egg_mixed	miracidium_mixed	egg_mixed	Smp_132170	Erasers	Smp_132170	Smp_132170		2212.38725938966	-0.423947857726859	0.20409110926379	-2.07724804503317	0.0377786715842994	0.058841648913569	protein_coding	DEGs_all_results.tsv	.	.	unknown	. | condition__miracidium_mixed_vs_egg_mixed	0.058841648913569	-0.423947857726859	1.2303151655836941	FALSE
smansoni_prjeb32839_primary	condition	condition__miracidium_mixed_vs_egg_mixed	miracidium_mixed	egg_mixed	Smp_150850	Readers; Writers	Smp_150850	Smp_150850		2849.62204563661	-0.521336239410493	0.276069693998604	-1.88842256409763	0.0589692445119983	0.0879684492064657	protein_coding	DEGs_all_results.tsv	.	.	unknown	. | condition__miracidium_mixed_vs_egg_mixed	0.0879684492064657	-0.521336239410493	1.0556730641280136	FALSE
smansoni_prjeb32839_primary	condition	condition__miracidium_mixed_vs_egg_mixed	miracidium_mixed	egg_mixed	Smp_130470	Readers	Smp_130470	Smp_130470		4406.54504313159	-0.541688565109155	0.312181651221305	-1.73517105502512	0.0827105117140205	0.119012655143862	protein_coding	DEGs_all_results.tsv	.	.	unknown	. | condition__miracidium_mixed_vs_egg_mixed	0.119012655143862	-0.541688565109155	0.9244068556921212	FALSE
smansoni_prjeb32839_primary	condition	condition__miracidium_mixed_vs_egg_mixed	miracidium_mixed	egg_mixed	Smp_027300	Readers; Writers	Smp_027300	Smp_027300		1296.29458990007	0.273657730189106	0.158131148169878	1.73057448425733	0.0835276858491835	0.120004525736795	protein_coding	DEGs_all_results.tsv	.	.	unknown	. | condition__miracidium_mixed_vs_egg_mixed	0.120004525736795	0.273657730189106	0.9208023750735952	FALSE
smansoni_prjeb32839_primary	condition	condition__miracidium_mixed_vs_egg_mixed	miracidium_mixed	egg_mixed	Smp_055310	Writers	Smp_055310	Smp_055310		1119.11714353247	-0.236927140157498	0.143547095720425	-1.65051852124505	0.0988369283544766	0.139228182075271	protein_coding	DEGs_all_results.tsv	.	.	unknown	. | condition__miracidium_mixed_vs_egg_mixed	0.139228182075271	-0.236927140157498	0.8562728474770708	FALSE
smansoni_prjeb32839_primary	condition	condition__miracidium_mixed_vs_egg_mixed	miracidium_mixed	egg_mixed	Smp_105690	Readers	Smp_105690	Smp_105690		3486.66851744267	-0.340666050012665	0.206932840207273	-1.64626382971131	0.0997094528704756	0.140336071593625	protein_coding	DEGs_all_results.tsv	.	.	unknown	. | condition__miracidium_mixed_vs_egg_mixed	0.140336071593625	-0.340666050012665	0.8528306847766363	FALSE
smansoni_prjeb32839_primary	condition	condition__miracidium_mixed_vs_egg_mixed	miracidium_mixed	egg_mixed	Smp_034000	Erasers	Smp_034000	Smp_034000		5261.5773278667	-0.293712467891681	0.195005103929089	-1.50617836135451	0.132021392724659	0.180315610495954	protein_coding	DEGs_all_results.tsv	.	.	unknown	. | condition__miracidium_mixed_vs_egg_mixed	0.180315610495954	-0.293712467891681	0.7439666733952884	FALSE
smansoni_prjeb32839_primary	condition	condition__miracidium_mixed_vs_egg_mixed	miracidium_mixed	egg_mixed	Smp_070170	Writers	Smp_070170	Smp_070170		2067.50396203447	-0.342185127909341	0.238895402943796	-1.43236380312368	0.152039732035823	0.204404563498086	protein_coding	DEGs_all_results.tsv	.	.	unknown	. | condition__miracidium_mixed_vs_egg_mixed	0.204404563498086	-0.342185127909341	0.689509412451645	FALSE
smansoni_prjeb32839_primary	condition	condition__miracidium_mixed_vs_egg_mixed	miracidium_mixed	egg_mixed	Smp_041750	Readers	Smp_041750	Smp_041750		3557.60311615714	-0.367521157866052	0.271313807306134	-1.35459806308848	0.175545650928472	0.231959187143671	protein_coding	DEGs_all_results.tsv	.	.	unknown	. | condition__miracidium_mixed_vs_egg_mixed	0.231959187143671	-0.367521157866052	0.634588421822584	FALSE
smansoni_prjeb32839_primary	condition	condition__miracidium_mixed_vs_egg_mixed	miracidium_mixed	egg_mixed	Smp_078280	Readers	Smp_078280	Smp_078280		1064.43362120423	0.257195422769663	0.197358466095958	1.30318920620619	0.192510174230585	0.251825232591967	protein_coding	DEGs_all_results.tsv	.	.	unknown	. | condition__miracidium_mixed_vs_egg_mixed	0.251825232591967	0.257195422769663	0.59890075625187	FALSE
smansoni_prjeb32839_primary	condition	condition__miracidium_mixed_vs_egg_mixed	miracidium_mixed	egg_mixed	Smp_070340	Writers	Smp_070340	Smp_070340		4500.55093089513	0.268267222538427	0.207261831108149	1.29433973010904	0.195548098802615	0.255287312551013	protein_coding	DEGs_all_results.tsv	.	.	unknown	. | condition__miracidium_mixed_vs_egg_mixed	0.255287312551013	0.268267222538427	0.592970768533017	FALSE
smansoni_prjeb32839_primary	condition	condition__miracidium_mixed_vs_egg_mixed	miracidium_mixed	egg_mixed	Smp_079650	Readers	Smp_079650	Smp_079650		7141.36997642743	0.336218486379448	0.265405042532968	1.26681272959493	0.205222259329432	0.266424121756145	protein_coding	DEGs_all_results.tsv	.	.	unknown	. | condition__miracidium_mixed_vs_egg_mixed	0.266424121756145	0.336218486379448	0.5744264571618987	FALSE
smansoni_prjeb32839_primary	condition	condition__miracidium_mixed_vs_egg_mixed	miracidium_mixed	egg_mixed	Smp_162940	Erasers	Smp_162940	Smp_162940		1232.13731224705	-0.247172032103154	0.204347768406031	-1.20956560490562	0.226445622917061	0.289938095756426	protein_coding	DEGs_all_results.tsv	.	.	unknown	. | condition__miracidium_mixed_vs_egg_mixed	0.289938095756426	-0.247172032103154	0.537694717760489	FALSE
smansoni_prjeb32839_primary	condition	condition__miracidium_mixed_vs_egg_mixed	miracidium_mixed	egg_mixed	Smp_210650	Writers	Smp_210650	Smp_210650		2584.66291222506	-0.249811683663679	0.252321720340664	-0.990052236986988	0.322148587250702	0.394759087757997	protein_coding	DEGs_all_results.tsv	.	.	unknown	. | condition__miracidium_mixed_vs_egg_mixed	0.394759087757997	-0.249811683663679	0.40366786330137466	FALSE
smansoni_prjeb32839_primary	condition	condition__miracidium_mixed_vs_egg_mixed	miracidium_mixed	egg_mixed	Smp_144550	Readers	Smp_144550	Smp_144550		2174.17282964795	0.256012561664584	0.258622142435076	0.989909677702298	0.322218268791548	0.394795039238023	protein_coding	DEGs_all_results.tsv	.	.	unknown	. | condition__miracidium_mixed_vs_egg_mixed	0.394795039238023	0.256012561664584	0.40362831305682906	FALSE
smansoni_prjeb32839_primary	condition	condition__miracidium_mixed_vs_egg_mixed	miracidium_mixed	egg_mixed	Smp_006250	Readers	Smp_006250	Smp_006250		3422.78105474812	-0.221766596660861	0.228441897370632	-0.970778999883105	0.33165834220933	0.404658754024699	protein_coding	DEGs_all_results.tsv	.	.	unknown	. | condition__miracidium_mixed_vs_egg_mixed	0.404658754024699	-0.221766596660861	0.3929110600323378	FALSE
smansoni_prjeb32839_primary	condition	condition__miracidium_mixed_vs_egg_mixed	miracidium_mixed	egg_mixed	Smp_149380	Writers	Smp_149380	Smp_149380		973.408907422443	0.157168783165035	0.167921862621654	0.935963791201824	0.349291830880674	0.423670036811883	protein_coding	DEGs_all_results.tsv	.	.	unknown	. | condition__miracidium_mixed_vs_egg_mixed	0.423670036811883	0.157168783165035	0.3729722494929966	FALSE
smansoni_prjeb32839_primary	condition	condition__miracidium_mixed_vs_egg_mixed	miracidium_mixed	egg_mixed	Smp_150560	Erasers	Smp_150560	Smp_150560		1710.56171763612	-0.173383265835238	0.20395071042798	-0.850123372806117	0.395256498291004	0.471474901545071	protein_coding	DEGs_all_results.tsv	.	.	unknown	. | condition__miracidium_mixed_vs_egg_mixed	0.471474901545071	-0.173383265835238	0.3265414215069346	FALSE
smansoni_prjeb32839_primary	condition	condition__miracidium_mixed_vs_egg_mixed	miracidium_mixed	egg_mixed	Smp_210660	Writers	Smp_210660	Smp_210660		3236.48500527467	-0.125421634941308	0.214489000732641	-0.584746231801628	0.558718362827951	0.633486026953346	protein_coding	DEGs_all_results.tsv	.	.	unknown	. | condition__miracidium_mixed_vs_egg_mixed	0.633486026953346	-0.125421634941308	0.19826296007648844	FALSE
smansoni_prjeb32839_primary	condition	condition__miracidium_mixed_vs_egg_mixed	miracidium_mixed	egg_mixed	Smp_019170	Erasers	Smp_019170	Smp_019170		4714.66907905883	-0.129298491116744	0.224147477723945	-0.576845621595551	0.56404374760394	0.638414540140198	protein_coding	DEGs_all_results.tsv	.	.	unknown	. | condition__miracidium_mixed_vs_egg_mixed	0.638414540140198	-0.129298491116744	0.1948972303184428	FALSE
smansoni_prjeb32839_primary	condition	condition__miracidium_mixed_vs_egg_mixed	miracidium_mixed	egg_mixed	Smp_138030	Writers	Smp_138030	Smp_138030		6320.32292692495	-0.172249809843337	0.306157303500065	-0.562618653463871	0.573694587280399	0.647764535724701	protein_coding	DEGs_all_results.tsv	.	.	unknown	. | condition__miracidium_mixed_vs_egg_mixed	0.647764535724701	-0.172249809843337	0.18858283273936075	FALSE
smansoni_prjeb32839_primary	condition	condition__miracidium_mixed_vs_egg_mixed	miracidium_mixed	egg_mixed	Smp_025550	Writers	Smp_025550	Smp_025550		3109.91939540225	-0.0590078311032716	0.133836983678331	-0.440893312756459	0.659290235124542	0.72852464328464	protein_coding	DEGs_all_results.tsv	.	.	unknown	. | condition__miracidium_mixed_vs_egg_mixed	0.72852464328464	-0.0590078311032716	0.1375557530751563	FALSE
smansoni_prjeb32839_primary	condition	condition__miracidium_mixed_vs_egg_mixed	miracidium_mixed	egg_mixed	Smp_159100	Readers	Smp_159100	Smp_159100		5410.19369593177	-0.0962341622454522	0.24122928124403	-0.3989323424966	0.689943057326314	0.756078696416048	protein_coding	DEGs_all_results.tsv	.	.	unknown	. | condition__miracidium_mixed_vs_egg_mixed	0.756078696416048	-0.0962341622454522	0.12143299862512158	FALSE
smansoni_prjeb32839_primary	condition	condition__miracidium_mixed_vs_egg_mixed	miracidium_mixed	egg_mixed	Smp_125340	Readers	Smp_125340	Smp_125340		2437.82035409337	-0.0871194381645315	0.296297234980515	-0.294027172309794	0.768737140111523	0.825146611070678	protein_coding	DEGs_all_results.tsv	.	.	unknown	. | condition__miracidium_mixed_vs_egg_mixed	0.825146611070678	-0.087119438164531507	0.08346887966579616	FALSE
smansoni_prjeb32839_primary	condition	condition__miracidium_mixed_vs_egg_mixed	miracidium_mixed	egg_mixed	Smp_161400	Erasers	Smp_161400	Smp_161400		2441.58736390014	-0.0161495586352691	0.287141562845378	-0.0562424975166881	0.955148626598571	0.973147783435046	protein_coding	DEGs_all_results.tsv	.	.	unknown	. | condition__miracidium_mixed_vs_egg_mixed	0.973147783435046	-0.0161495586352691	0.011821202222124032	FALSE
smansoni_prjeb32839_primary	condition	condition__sporocyst_1d_mixed_vs_miracidium_mixed	sporocyst_1d_mixed	miracidium_mixed	Smp_055310	Writers	Smp_055310	Smp_055310		1119.11714353247	1.05358961710079	0.143205314182739	7.35719636602551	1.87812973146345e-13	1.92858106527821e-12	protein_coding	DEGs_all_results.tsv	.	.	unknown	. | condition__sporocyst_1d_mixed_vs_miracidium_mixed	1.92858106527821e-12	1.05358961710079	11.71476210143726	TRUE
smansoni_prjeb32839_primary	condition	condition__sporocyst_1d_mixed_vs_miracidium_mixed	sporocyst_1d_mixed	miracidium_mixed	Smp_070340	Writers	Smp_070340	Smp_070340		4500.55093089513	1.16339334474593	0.207164538766434	5.61579385967012	1.95661816938795e-08	9.17903423088711e-08	protein_coding	DEGs_all_results.tsv	.	.	unknown	. | condition__sporocyst_1d_mixed_vs_miracidium_mixed	9.17903423088711e-8	1.16339334474593	7.037203010548295	TRUE
smansoni_prjeb32839_primary	condition	condition__sporocyst_1d_mixed_vs_miracidium_mixed	sporocyst_1d_mixed	miracidium_mixed	Smp_162940	Erasers	Smp_162940	Smp_162940		1232.13731224705	-1.14362491408843	0.205150484176959	-5.57456600054603	2.48147715378922e-08	1.14545921825383e-07	protein_coding	DEGs_all_results.tsv	.	.	unknown	. | condition__sporocyst_1d_mixed_vs_miracidium_mixed	1.14545921825383e-7	-1.14362491408843	6.9410203683712295	TRUE
smansoni_prjeb32839_primary	condition	condition__sporocyst_1d_mixed_vs_miracidium_mixed	sporocyst_1d_mixed	miracidium_mixed	Smp_160810	Erasers	Smp_160810	Smp_160810		2978.31204166108	0.999679048396173	0.179679939175188	5.56366533172903	2.64166344956912e-08	1.2148175995058e-07	protein_coding	DEGs_all_results.tsv	.	.	unknown	. | condition__sporocyst_1d_mixed_vs_miracidium_mixed	1.2148175995058e-7	0.999679048396173	6.915488924925581	FALSE
smansoni_prjeb32839_primary	condition	condition__sporocyst_1d_mixed_vs_miracidium_mixed	sporocyst_1d_mixed	miracidium_mixed	Smp_171150	Writers	Smp_171150	Smp_171150		2852.5025064119	0.706314917626916	0.129764436826157	5.44305462191579	5.23745781153237e-08	2.29528715376873e-07	protein_coding	DEGs_all_results.tsv	.	.	unknown	. | condition__sporocyst_1d_mixed_vs_miracidium_mixed	2.29528715376873e-7	0.706314917626916	6.639162973962902	FALSE
smansoni_prjeb32839_primary	condition	condition__sporocyst_1d_mixed_vs_miracidium_mixed	sporocyst_1d_mixed	miracidium_mixed	Smp_041760	Readers	Smp_041760	Smp_041760		10038.6207043123	1.47358511346401	0.278179639973622	5.29724286652948	1.17564284833449e-07	4.85231586410853e-07	protein_coding	DEGs_all_results.tsv	.	.	unknown	. | condition__sporocyst_1d_mixed_vs_miracidium_mixed	4.85231586410853e-7	1.47358511346401	6.314050936252614	TRUE
smansoni_prjeb32839_primary	condition	condition__sporocyst_1d_mixed_vs_miracidium_mixed	sporocyst_1d_mixed	miracidium_mixed	Smp_078280	Readers	Smp_078280	Smp_078280		1064.43362120423	0.996692473108717	0.197049418584992	5.05808380590994	4.23490326806761e-07	1.57879275050064e-06	protein_coding	DEGs_all_results.tsv	.	.	unknown	. | condition__sporocyst_1d_mixed_vs_miracidium_mixed	1.57879275050064e-6	0.996692473108717	5.801674876465018	FALSE
smansoni_prjeb32839_primary	condition	condition__sporocyst_1d_mixed_vs_miracidium_mixed	sporocyst_1d_mixed	miracidium_mixed	Smp_062530	Writers	Smp_062530	Smp_062530		3786.4864984404	1.20125666292087	0.24243741412446	4.95491451787297	7.23620947674593e-07	2.60535489107563e-06	protein_coding	DEGs_all_results.tsv	.	.	unknown	. | condition__sporocyst_1d_mixed_vs_miracidium_mixed	2.60535489107563e-6	1.20125666292087	5.584133110468853	TRUE
smansoni_prjeb32839_primary	condition	condition__sporocyst_1d_mixed_vs_miracidium_mixed	sporocyst_1d_mixed	miracidium_mixed	Smp_140390	Writers	Smp_140390	Smp_140390		6169.75930938339	-0.517999785205181	0.107267496234233	-4.82904704025213	1.37188000518859e-06	4.71556646672831e-06	protein_coding	DEGs_all_results.tsv	.	.	unknown	. | condition__sporocyst_1d_mixed_vs_miracidium_mixed	4.71556646672831e-6	-0.517999785205181	5.326466129311112	FALSE
smansoni_prjeb32839_primary	condition	condition__sporocyst_1d_mixed_vs_miracidium_mixed	sporocyst_1d_mixed	miracidium_mixed	Smp_001500	Grupo HP1	Smp_001500	Smp_001500		7803.69738487252	-1.26256341058056	0.269116255676678	-4.69151671052317	2.71187117350273e-06	8.85497874671261e-06	protein_coding	DEGs_all_results.tsv	.	.	unknown	. | condition__sporocyst_1d_mixed_vs_miracidium_mixed	8.85497874671261e-6	-1.26256341058056	5.052812476845054	TRUE
smansoni_prjeb32839_primary	condition	condition__sporocyst_1d_mixed_vs_miracidium_mixed	sporocyst_1d_mixed	miracidium_mixed	Smp_006250	Readers	Smp_006250	Smp_006250		3422.78105474812	1.06696859104434	0.228396729556921	4.67155809592463	2.98923524390264e-06	9.66391017404403e-06	protein_coding	DEGs_all_results.tsv	.	.	unknown	. | condition__sporocyst_1d_mixed_vs_miracidium_mixed	9.66391017404403e-6	1.06696859104434	5.014847115467388	TRUE
smansoni_prjeb32839_primary	condition	condition__sporocyst_1d_mixed_vs_miracidium_mixed	sporocyst_1d_mixed	miracidium_mixed	Smp_019170	Erasers	Smp_019170	Smp_019170		4714.66907905883	-1.04285360776032	0.224490121103494	-4.64543206905546	3.39365432711758e-06	1.08957681250566e-05	protein_coding	DEGs_all_results.tsv	.	.	unknown	. | condition__sporocyst_1d_mixed_vs_miracidium_mixed	1.08957681250566e-5	-1.04285360776032	4.962742147637598	TRUE
smansoni_prjeb32839_primary	condition	condition__sporocyst_1d_mixed_vs_miracidium_mixed	sporocyst_1d_mixed	miracidium_mixed	Smp_144550	Readers	Smp_144550	Smp_144550		2174.17282964795	-1.15947444926227	0.258795626609419	-4.48027064619672	7.45484488811686e-06	2.23439853216268e-05	protein_coding	DEGs_all_results.tsv	.	.	unknown	. | condition__sporocyst_1d_mixed_vs_miracidium_mixed	2.23439853216268e-5	-1.15947444926227	4.6508393626068445	TRUE
smansoni_prjeb32839_primary	condition	condition__sporocyst_1d_mixed_vs_miracidium_mixed	sporocyst_1d_mixed	miracidium_mixed	Smp_159100	Readers	Smp_159100	Smp_159100		5410.19369593177	1.04273724881022	0.241201451183737	4.32309691211563	1.53854108512531e-05	4.37043920436466e-05	protein_coding	DEGs_all_results.tsv	.	.	unknown	. | condition__sporocyst_1d_mixed_vs_miracidium_mixed	4.37043920436466e-5	1.04273724881022	4.359474916702958	TRUE
smansoni_prjeb32839_primary	condition	condition__sporocyst_1d_mixed_vs_miracidium_mixed	sporocyst_1d_mixed	miracidium_mixed	Smp_150560	Erasers	Smp_150560	Smp_150560		1710.56171763612	0.858700918595645	0.203895144442783	4.21148292149063	2.5369973740096e-05	6.92719204856527e-05	protein_coding	DEGs_all_results.tsv	.	.	unknown	. | condition__sporocyst_1d_mixed_vs_miracidium_mixed	6.92719204856527e-5	0.858700918595645	4.159442771872909	FALSE
smansoni_prjeb32839_primary	condition	condition__sporocyst_1d_mixed_vs_miracidium_mixed	sporocyst_1d_mixed	miracidium_mixed	Smp_165000	Writers	Smp_165000	Smp_165000		4224.12638846006	0.909642719706097	0.218454140476861	4.16399852948746	3.12722128212666e-05	8.4259326726023e-05	protein_coding	DEGs_all_results.tsv	.	.	unknown	. | condition__sporocyst_1d_mixed_vs_miracidium_mixed	8.4259326726023e-5	0.909642719706097	4.074382015424471	FALSE
smansoni_prjeb32839_primary	condition	condition__sporocyst_1d_mixed_vs_miracidium_mixed	sporocyst_1d_mixed	miracidium_mixed	Smp_074050	Readers	Smp_074050	Smp_074050		2224.11599618866	0.986377157087979	0.257720545038566	3.82731286300971	0.000129549808153292	0.0003156022958895	protein_coding	DEGs_all_results.tsv	.	.	unknown	. | condition__sporocyst_1d_mixed_vs_miracidium_mixed	3.156022958895e-4	0.986377157087979	3.50085984612005	FALSE
smansoni_prjeb32839_primary	condition	condition__sporocyst_1d_mixed_vs_miracidium_mixed	sporocyst_1d_mixed	miracidium_mixed	Smp_034000	Erasers	Smp_034000	Smp_034000		5261.5773278667	0.706423783526602	0.195006550707518	3.62256437521494	0.00029169683503509	0.000671499700694753	protein_coding	DEGs_all_results.tsv	.	.	unknown	. | condition__sporocyst_1d_mixed_vs_miracidium_mixed	6.71499700694753e-4	0.706423783526602	3.172954176571805	FALSE
smansoni_prjeb32839_primary	condition	condition__sporocyst_1d_mixed_vs_miracidium_mixed	sporocyst_1d_mixed	miracidium_mixed	Smp_130470	Readers	Smp_130470	Smp_130470		4406.54504313159	1.09090880829549	0.31217388164389	3.49455502987896	0.000474852706457999	0.00105252742591121	protein_coding	DEGs_all_results.tsv	.	.	unknown	. | condition__sporocyst_1d_mixed_vs_miracidium_mixed	0.00105252742591121	1.09090880829549	2.9777665788493337	TRUE
smansoni_prjeb32839_primary	condition	condition__sporocyst_1d_mixed_vs_miracidium_mixed	sporocyst_1d_mixed	miracidium_mixed	Smp_000700	Writers	Smp_000700	Smp_000700		2324.15466325394	0.429019537693117	0.132979538064115	3.22620715892597	0.00125442526711592	0.00259270849869419	protein_coding	DEGs_all_results.tsv	.	.	unknown	. | condition__sporocyst_1d_mixed_vs_miracidium_mixed	0.00259270849869419	0.429019537693117	2.5862463087320227	FALSE
smansoni_prjeb32839_primary	condition	condition__sporocyst_1d_mixed_vs_miracidium_mixed	sporocyst_1d_mixed	miracidium_mixed	Smp_210660	Writers	Smp_210660	Smp_210660		3236.48500527467	0.678771699429798	0.214475750507316	3.16479461115882	0.00155192458980963	0.00315727920500981	protein_coding	DEGs_all_results.tsv	.	.	unknown	. | condition__sporocyst_1d_mixed_vs_miracidium_mixed	0.00315727920500981	0.678771699429798	2.500687010811804	FALSE
smansoni_prjeb32839_primary	condition	condition__sporocyst_1d_mixed_vs_miracidium_mixed	sporocyst_1d_mixed	miracidium_mixed	Smp_043580	Writers	Smp_043580	Smp_043580		1578.01657255372	-0.435696696526048	0.14811641711452	-2.94158274291214	0.00326539592058356	0.00632274722572829	protein_coding	DEGs_all_results.tsv	.	.	unknown	. | condition__sporocyst_1d_mixed_vs_miracidium_mixed	0.00632274722572829	-0.435696696526048	2.1990941803037725	FALSE
smansoni_prjeb32839_primary	condition	condition__sporocyst_1d_mixed_vs_miracidium_mixed	sporocyst_1d_mixed	miracidium_mixed	Smp_078900	Writers	Smp_078900	Smp_078900		2009.81033749387	-0.559029248317571	0.201380414930608	-2.7759861777532	0.00550345481183412	0.0102408839681705	protein_coding	DEGs_all_results.tsv	.	.	unknown	. | condition__sporocyst_1d_mixed_vs_miracidium_mixed	0.0102408839681705	-0.559029248317571	1.9896625544998965	FALSE
smansoni_prjeb32839_primary	condition	condition__sporocyst_1d_mixed_vs_miracidium_mixed	sporocyst_1d_mixed	miracidium_mixed	Smp_150850	Readers; Writers	Smp_150850	Smp_150850		2849.62204563661	0.709100914789971	0.276097111814077	2.56830254445935	0.0102197916764229	0.0180362274743867	protein_coding	DEGs_all_results.tsv	.	.	unknown	. | condition__sporocyst_1d_mixed_vs_miracidium_mixed	0.0180362274743867	0.709100914789971	1.743854295973144	FALSE
smansoni_prjeb32839_primary	condition	condition__sporocyst_1d_mixed_vs_miracidium_mixed	sporocyst_1d_mixed	miracidium_mixed	Smp_027300	Readers; Writers	Smp_027300	Smp_027300		1296.29458990007	0.392037657652419	0.158052953663833	2.48041968571024	0.0131227823159532	0.0227050119773546	protein_coding	DEGs_all_results.tsv	.	.	unknown	. | condition__sporocyst_1d_mixed_vs_miracidium_mixed	0.0227050119773546	0.392037657652419	1.6438782646638013	FALSE
smansoni_prjeb32839_primary	condition	condition__sporocyst_1d_mixed_vs_miracidium_mixed	sporocyst_1d_mixed	miracidium_mixed	Smp_041750	Readers	Smp_041750	Smp_041750		3557.60311615714	0.616871836434235	0.271327946655095	2.27352856216609	0.022994346927264	0.0378762294277404	protein_coding	DEGs_all_results.tsv	.	.	unknown	. | condition__sporocyst_1d_mixed_vs_miracidium_mixed	0.0378762294277404	0.616871836434235	1.4216332614594613	FALSE
smansoni_prjeb32839_primary	condition	condition__sporocyst_1d_mixed_vs_miracidium_mixed	sporocyst_1d_mixed	miracidium_mixed	Smp_144180	Writers	Smp_144180	Smp_144180		2917.87617118486	0.652877387648245	0.297741323278931	2.19276713241653	0.0283241611348186	0.0456338888484252	protein_coding	DEGs_all_results.tsv	.	.	unknown	. | condition__sporocyst_1d_mixed_vs_miracidium_mixed	0.0456338888484252	0.652877387648245	1.3407125197557843	FALSE
smansoni_prjeb32839_primary	condition	condition__sporocyst_1d_mixed_vs_miracidium_mixed	sporocyst_1d_mixed	miracidium_mixed	Smp_121610	Writers	Smp_121610	Smp_121610		1473.81819604994	-0.315774493138723	0.14632919024821	-2.15797335174952	0.0309299037248252	0.0493768414112788	protein_coding	DEGs_all_results.tsv	.	.	unknown	. | condition__sporocyst_1d_mixed_vs_miracidium_mixed	0.0493768414112788	-0.315774493138723	1.3064766949129218	FALSE
smansoni_prjeb32839_primary	condition	condition__sporocyst_1d_mixed_vs_miracidium_mixed	sporocyst_1d_mixed	miracidium_mixed	Smp_175680	Readers	Smp_175680	Smp_175680		3526.19745209693	-0.388895570166707	0.193030566366143	-2.0146838787648	0.0439377824288761	0.0678301212886861	protein_coding	DEGs_all_results.tsv	.	.	unknown	. | condition__sporocyst_1d_mixed_vs_miracidium_mixed	0.0678301212886861	-0.388895570166707	1.1685774063617802	FALSE
smansoni_prjeb32839_primary	condition	condition__sporocyst_1d_mixed_vs_miracidium_mixed	sporocyst_1d_mixed	miracidium_mixed	Smp_105690	Readers	Smp_105690	Smp_105690		3486.66851744267	0.400784913077055	0.206972694228884	1.93641443655288	0.0528169627532992	0.0801965550820459	protein_coding	DEGs_all_results.tsv	.	.	unknown	. | condition__sporocyst_1d_mixed_vs_miracidium_mixed	0.0801965550820459	0.400784913077055	1.0958442868404124	FALSE
smansoni_prjeb32839_primary	condition	condition__sporocyst_1d_mixed_vs_miracidium_mixed	sporocyst_1d_mixed	miracidium_mixed	Smp_160700	Writers	Smp_160700	Smp_160700		2877.4654408921	0.439731642028769	0.243350795484398	1.80698666364936	0.0707643586221966	0.10429217070434	protein_coding	DEGs_all_results.tsv	.	.	unknown	. | condition__sporocyst_1d_mixed_vs_miracidium_mixed	0.10429217070434	0.439731642028769	0.9817482931796794	FALSE
smansoni_prjeb32839_primary	condition	condition__sporocyst_1d_mixed_vs_miracidium_mixed	sporocyst_1d_mixed	miracidium_mixed	Smp_029240	Writers	PRMT1	PRMT1 | Smp_029240		11423.8059699232	0.294132904177486	0.169458444007626	1.73572291366164	0.0826128399534133	0.119628477624164	protein_coding	DEGs_all_results.tsv	.	.	unknown	. | condition__sporocyst_1d_mixed_vs_miracidium_mixed	0.119628477624164	0.294132904177486	0.9221654240027131	FALSE
smansoni_prjeb32839_primary	condition	condition__sporocyst_1d_mixed_vs_miracidium_mixed	sporocyst_1d_mixed	miracidium_mixed	Smp_149240	Readers	Smp_149240	Smp_149240		1851.74953481769	-0.495544322616416	0.301373982908685	-1.64428368312922	0.100117618159184	0.142157720735022	protein_coding	DEGs_all_results.tsv	.	.	unknown	. | condition__sporocyst_1d_mixed_vs_miracidium_mixed	0.142157720735022	-0.495544322616416	0.8472295483438507	FALSE
smansoni_prjeb32839_primary	condition	condition__sporocyst_1d_mixed_vs_miracidium_mixed	sporocyst_1d_mixed	miracidium_mixed	Smp_149380	Writers	Smp_149380	Smp_149380		973.408907422443	0.197644606439945	0.167956674768526	1.17675946319094	0.239291526475953	0.306185522763295	protein_coding	DEGs_all_results.tsv	.	.	unknown	. | condition__sporocyst_1d_mixed_vs_miracidium_mixed	0.306185522763295	0.197644606439945	0.5140153477091283	FALSE
smansoni_prjeb32839_primary	condition	condition__sporocyst_1d_mixed_vs_miracidium_mixed	sporocyst_1d_mixed	miracidium_mixed	Smp_070170	Writers	Smp_070170	Smp_070170		2067.50396203447	0.276942337332483	0.238985157186346	1.15882651706499	0.246526906424289	0.31419351811473	protein_coding	DEGs_all_results.tsv	.	.	unknown	. | condition__sporocyst_1d_mixed_vs_miracidium_mixed	0.31419351811473	0.276942337332483	0.5028027787996814	FALSE
smansoni_prjeb32839_primary	condition	condition__sporocyst_1d_mixed_vs_miracidium_mixed	sporocyst_1d_mixed	miracidium_mixed	Smp_025550	Writers	Smp_025550	Smp_025550		3109.91939540225	0.140812650542422	0.133891620128286	1.05169128887606	0.292941208945426	0.363843466269824	protein_coding	DEGs_all_results.tsv	.	.	unknown	. | condition__sporocyst_1d_mixed_vs_miracidium_mixed	0.363843466269824	0.140812650542422	0.43908541952895064	FALSE
smansoni_prjeb32839_primary	condition	condition__sporocyst_1d_mixed_vs_miracidium_mixed	sporocyst_1d_mixed	miracidium_mixed	Smp_132170	Erasers	Smp_132170	Smp_132170		2212.38725938966	0.20334290957707	0.204235367320839	0.995630248788561	0.319429831945998	0.392459552469998	protein_coding	DEGs_all_results.tsv	.	.	unknown	. | condition__sporocyst_1d_mixed_vs_miracidium_mixed	0.392459552469998	0.20334290957707	0.4062050957193734	FALSE
smansoni_prjeb32839_primary	condition	condition__sporocyst_1d_mixed_vs_miracidium_mixed	sporocyst_1d_mixed	miracidium_mixed	Smp_125340	Readers	Smp_125340	Smp_125340		2437.82035409337	-0.232709955445431	0.296399342925869	-0.785123047670295	0.432381427800366	0.508617457435798	protein_coding	DEGs_all_results.tsv	.	.	unknown	. | condition__sporocyst_1d_mixed_vs_miracidium_mixed	0.508617457435798	-0.232709955445431	0.29360873747938226	FALSE
smansoni_prjeb32839_primary	condition	condition__sporocyst_1d_mixed_vs_miracidium_mixed	sporocyst_1d_mixed	miracidium_mixed	Smp_138030	Writers	Smp_138030	Smp_138030		6320.32292692495	0.176200009255199	0.306179499483955	0.575479447684028	0.564967086475622	0.637836629931984	protein_coding	DEGs_all_results.tsv	.	.	unknown	. | condition__sporocyst_1d_mixed_vs_miracidium_mixed	0.637836629931984	0.176200009255199	0.19529054354314762	FALSE
smansoni_prjeb32839_primary	condition	condition__sporocyst_1d_mixed_vs_miracidium_mixed	sporocyst_1d_mixed	miracidium_mixed	Smp_161400	Erasers	Smp_161400	Smp_161400		2441.58736390014	-0.163243561394357	0.287219737634444	-0.56835774149381	0.569792078665283	0.642172668641997	protein_coding	DEGs_all_results.tsv	.	.	unknown	. | condition__sporocyst_1d_mixed_vs_miracidium_mixed	0.642172668641997	-0.163243561394357	0.1923481822801908	FALSE
smansoni_prjeb32839_primary	condition	condition__sporocyst_1d_mixed_vs_miracidium_mixed	sporocyst_1d_mixed	miracidium_mixed	Smp_210650	Writers	Smp_210650	Smp_210650		2584.66291222506	0.114125634509224	0.252445227128755	0.452080777312601	0.651210791217856	0.716844634742176	protein_coding	DEGs_all_results.tsv	.	.	unknown	. | condition__sporocyst_1d_mixed_vs_miracidium_mixed	0.716844634742176	0.114125634509224	0.14457496090910313	FALSE
smansoni_prjeb32839_primary	condition	condition__sporocyst_1d_mixed_vs_miracidium_mixed	sporocyst_1d_mixed	miracidium_mixed	Smp_170390	Readers	Smp_170390	Smp_170390		2105.04043966555	0.0454688743187642	0.154183660075132	0.29490073264967	0.768069712248453	0.820884655131437	protein_coding	DEGs_all_results.tsv	.	.	unknown	. | condition__sporocyst_1d_mixed_vs_miracidium_mixed	0.820884655131437	0.0454688743187642	0.0857178625628598	FALSE
smansoni_prjeb32839_primary	condition	condition__sporocyst_1d_mixed_vs_miracidium_mixed	sporocyst_1d_mixed	miracidium_mixed	Smp_179650	Grupo HP1; Readers	Smp_179650	Smp_179650		19222.6291106233	-0.0200109214018461	0.164415628867088	-0.121709362666628	0.903129198032396	0.933753024296808	protein_coding	DEGs_all_results.tsv	.	.	unknown	. | condition__sporocyst_1d_mixed_vs_miracidium_mixed	0.933753024296808	-0.0200109214018461	0.029767978554549296	FALSE
smansoni_prjeb32839_primary	condition	condition__sporocyst_1d_mixed_vs_miracidium_mixed	sporocyst_1d_mixed	miracidium_mixed	Smp_079650	Readers	Smp_079650	Smp_079650		7141.36997642743	0.0161992160657542	0.265410623266996	0.0610345428768246	0.951331699088021	0.971585473520703	protein_coding	DEGs_all_results.tsv	.	.	unknown	. | condition__sporocyst_1d_mixed_vs_miracidium_mixed	0.971585473520703	0.0161992160657542	0.012518987091446096	FALSE
smansoni_prjeb32839_primary	condition	condition__sporocyst_1d_mixed_vs_miracidium_mixed	sporocyst_1d_mixed	miracidium_mixed	Smp_156290	Erasers	Smp_156290	Smp_156290		4982.27006344466	0.00795263191634389	0.241191685075088	0.0329722474216641	0.973696718952679	0.988853890791918	protein_coding	DEGs_all_results.tsv	.	.	unknown	. | condition__sporocyst_1d_mixed_vs_miracidium_mixed	0.988853890791918	0.00795263191634389	0.004867873327475663	FALSE
smansoni_prjeb32839_primary	condition	condition__sporocyst_5d_mixed_vs_sporocyst_1d_mixed	sporocyst_5d_mixed	sporocyst_1d_mixed	Smp_162940	Erasers	Smp_162940	Smp_162940		1232.13731224705	1.50504627937698	0.204035215527038	7.37640448728094	1.62621452938052e-13	4.80789588656125e-12	protein_coding	DEGs_all_results.tsv	.	.	unknown	. | condition__sporocyst_5d_mixed_vs_sporocyst_1d_mixed	4.80789588656125e-12	1.50504627937698	11.318044945410788	TRUE
smansoni_prjeb32839_primary	condition	condition__sporocyst_5d_mixed_vs_sporocyst_1d_mixed	sporocyst_5d_mixed	sporocyst_1d_mixed	Smp_078900	Writers	Smp_078900	Smp_078900		2009.81033749387	1.26324074508684	0.200327268109966	6.30588514986089	2.86551471242584e-10	4.79334689971115e-09	protein_coding	DEGs_all_results.tsv	.	.	unknown	. | condition__sporocyst_5d_mixed_vs_sporocyst_1d_mixed	4.79334689971115e-9	1.26324074508684	8.319361139508398	TRUE
smansoni_prjeb32839_primary	condition	condition__sporocyst_5d_mixed_vs_sporocyst_1d_mixed	sporocyst_5d_mixed	sporocyst_1d_mixed	Smp_027300	Readers; Writers	Smp_027300	Smp_027300		1296.29458990007	-0.951482028752232	0.157200857096044	-6.05265166061345	1.42480749570008e-09	2.07796813009255e-08	protein_coding	DEGs_all_results.tsv	.	.	unknown	. | condition__sporocyst_5d_mixed_vs_sporocyst_1d_mixed	2.07796813009255e-8	-0.951482028752232	7.682361117525272	FALSE
smansoni_prjeb32839_primary	condition	condition__sporocyst_5d_mixed_vs_sporocyst_1d_mixed	sporocyst_5d_mixed	sporocyst_1d_mixed	Smp_019170	Erasers	Smp_019170	Smp_019170		4714.66907905883	1.22741348897478	0.223953316735533	5.48066671602026	4.23726022718046e-08	4.48279227926356e-07	protein_coding	DEGs_all_results.tsv	.	.	unknown	. | condition__sporocyst_5d_mixed_vs_sporocyst_1d_mixed	4.48279227926356e-7	1.22741348897478	6.34845138472548	TRUE
smansoni_prjeb32839_primary	condition	condition__sporocyst_5d_mixed_vs_sporocyst_1d_mixed	sporocyst_5d_mixed	sporocyst_1d_mixed	Smp_043580	Writers	Smp_043580	Smp_043580		1578.01657255372	-0.652393570200831	0.147655943474736	-4.41833599683345	9.9463711860188e-06	6.53256298163624e-05	protein_coding	DEGs_all_results.tsv	.	.	unknown	. | condition__sporocyst_5d_mixed_vs_sporocyst_1d_mixed	6.53256298163624e-5	-0.652393570200831	4.1849163944678045	FALSE
smansoni_prjeb32839_primary	condition	condition__sporocyst_5d_mixed_vs_sporocyst_1d_mixed	sporocyst_5d_mixed	sporocyst_1d_mixed	Smp_210650	Writers	Smp_210650	Smp_210650		2584.66291222506	0.965680293125656	0.251398534358375	3.84123278837041	0.000122417950184382	0.000607016352943998	protein_coding	DEGs_all_results.tsv	.	.	unknown	. | condition__sporocyst_5d_mixed_vs_sporocyst_1d_mixed	6.07016352943998e-4	0.965680293125656	3.2167996089285698	FALSE
smansoni_prjeb32839_primary	condition	condition__sporocyst_5d_mixed_vs_sporocyst_1d_mixed	sporocyst_5d_mixed	sporocyst_1d_mixed	Smp_170390	Readers	Smp_170390	Smp_170390		2105.04043966555	0.55175885471621	0.153083999273783	3.60428821649359	0.000313009560383958	0.00139359033572221	protein_coding	DEGs_all_results.tsv	.	.	unknown	. | condition__sporocyst_5d_mixed_vs_sporocyst_1d_mixed	0.00139359033572221	0.55175885471621	2.855864874073689	FALSE
smansoni_prjeb32839_primary	condition	condition__sporocyst_5d_mixed_vs_sporocyst_1d_mixed	sporocyst_5d_mixed	sporocyst_1d_mixed	Smp_149240	Readers	Smp_149240	Smp_149240		1851.74953481769	1.03030346654391	0.300100633358916	3.433193242587	0.000596516781274145	0.00244759464215882	protein_coding	DEGs_all_results.tsv	.	.	unknown	. | condition__sporocyst_5d_mixed_vs_sporocyst_1d_mixed	0.00244759464215882	1.03030346654391	2.611260506154996	TRUE
smansoni_prjeb32839_primary	condition	condition__sporocyst_5d_mixed_vs_sporocyst_1d_mixed	sporocyst_5d_mixed	sporocyst_1d_mixed	Smp_000700	Writers	Smp_000700	Smp_000700		2324.15466325394	0.438082228400999	0.13113516536939	3.34069223283457	0.000835698051652861	0.0032867041080926	protein_coding	DEGs_all_results.tsv	.	.	unknown	. | condition__sporocyst_5d_mixed_vs_sporocyst_1d_mixed	0.0032867041080926	0.438082228400999	2.4832393923609892	FALSE
smansoni_prjeb32839_primary	condition	condition__sporocyst_5d_mixed_vs_sporocyst_1d_mixed	sporocyst_5d_mixed	sporocyst_1d_mixed	Smp_079650	Readers	Smp_079650	Smp_079650		7141.36997642743	0.793365871309992	0.265133265697565	2.9923286661998	0.00276858023313119	0.00927535986354736	protein_coding	DEGs_all_results.tsv	.	.	unknown	. | condition__sporocyst_5d_mixed_vs_sporocyst_1d_mixed	0.00927535986354736	0.793365871309992	2.0326692317160404	FALSE
smansoni_prjeb32839_primary	condition	condition__sporocyst_5d_mixed_vs_sporocyst_1d_mixed	sporocyst_5d_mixed	sporocyst_1d_mixed	Smp_078280	Readers	Smp_078280	Smp_078280		1064.43362120423	-0.578044776856246	0.195317282027529	-2.95951679675111	0.00308121904585285	0.0101695816467845	protein_coding	DEGs_all_results.tsv	.	.	unknown	. | condition__sporocyst_5d_mixed_vs_sporocyst_1d_mixed	0.0101695816467845	-0.578044776856246	1.9926969125866016	FALSE
smansoni_prjeb32839_primary	condition	condition__sporocyst_5d_mixed_vs_sporocyst_1d_mixed	sporocyst_5d_mixed	sporocyst_1d_mixed	Smp_149380	Writers	Smp_149380	Smp_149380		973.408907422443	-0.493035922704741	0.166593332993285	-2.95951773006795	0.00308120971261331	0.0101695816467845	protein_coding	DEGs_all_results.tsv	.	.	unknown	. | condition__sporocyst_5d_mixed_vs_sporocyst_1d_mixed	0.0101695816467845	-0.493035922704741	1.9926969125866016	FALSE
smansoni_prjeb32839_primary	condition	condition__sporocyst_5d_mixed_vs_sporocyst_1d_mixed	sporocyst_5d_mixed	sporocyst_1d_mixed	Smp_156290	Erasers	Smp_156290	Smp_156290		4982.27006344466	0.673667272418531	0.240676415955116	2.7990581035749	0.00512519140960012	0.0157275393961577	protein_coding	DEGs_all_results.tsv	.	.	unknown	. | condition__sporocyst_5d_mixed_vs_sporocyst_1d_mixed	0.0157275393961577	0.673667272418531	1.8033392182706007	FALSE
smansoni_prjeb32839_primary	condition	condition__sporocyst_5d_mixed_vs_sporocyst_1d_mixed	sporocyst_5d_mixed	sporocyst_1d_mixed	Smp_029240	Writers	PRMT1	PRMT1 | Smp_029240		11423.8059699232	0.428450667180212	0.169288455215405	2.53089123316202	0.0113773122990919	0.0309143339791061	protein_coding	DEGs_all_results.tsv	.	.	unknown	. | condition__sporocyst_5d_mixed_vs_sporocyst_1d_mixed	0.0309143339791061	0.428450667180212	1.5098401055395143	FALSE
smansoni_prjeb32839_primary	condition	condition__sporocyst_5d_mixed_vs_sporocyst_1d_mixed	sporocyst_5d_mixed	sporocyst_1d_mixed	Smp_034000	Erasers	Smp_034000	Smp_034000		5261.5773278667	-0.438090804710867	0.194493229968459	-2.252473285481	0.0242923790709968	0.0586784189325906	protein_coding	DEGs_all_results.tsv	.	.	unknown	. | condition__sporocyst_5d_mixed_vs_sporocyst_1d_mixed	0.0586784189325906	-0.438090804710867	1.2315215965687358	FALSE
smansoni_prjeb32839_primary	condition	condition__sporocyst_5d_mixed_vs_sporocyst_1d_mixed	sporocyst_5d_mixed	sporocyst_1d_mixed	Smp_144550	Readers	Smp_144550	Smp_144550		2174.17282964795	0.548369733741226	0.258592957459032	2.1205903638273	0.0339562897523804	0.0777119390825056	protein_coding	DEGs_all_results.tsv	.	.	unknown	. | condition__sporocyst_5d_mixed_vs_sporocyst_1d_mixed	0.0777119390825056	0.548369733741226	1.1095122543093503	FALSE
smansoni_prjeb32839_primary	condition	condition__sporocyst_5d_mixed_vs_sporocyst_1d_mixed	sporocyst_5d_mixed	sporocyst_1d_mixed	Smp_179650	Grupo HP1; Readers	Smp_179650	Smp_179650		19222.6291106233	0.319272736970338	0.164315321287626	1.94304909894231	0.0520102262420127	0.109479904066323	protein_coding	DEGs_all_results.tsv	.	.	unknown	. | condition__sporocyst_5d_mixed_vs_sporocyst_1d_mixed	0.109479904066323	0.319272736970338	0.960665591819868	FALSE
smansoni_prjeb32839_primary	condition	condition__sporocyst_5d_mixed_vs_sporocyst_1d_mixed	sporocyst_5d_mixed	sporocyst_1d_mixed	Smp_144180	Writers	Smp_144180	Smp_144180		2917.87617118486	0.546499679290156	0.296917531213372	1.84057733828262	0.0656835212018533	0.132929317674432	protein_coding	DEGs_all_results.tsv	.	.	unknown	. | condition__sporocyst_5d_mixed_vs_sporocyst_1d_mixed	0.132929317674432	0.546499679290156	0.8763792244745556	FALSE
smansoni_prjeb32839_primary	condition	condition__sporocyst_5d_mixed_vs_sporocyst_1d_mixed	sporocyst_5d_mixed	sporocyst_1d_mixed	Smp_025550	Writers	Smp_025550	Smp_025550		3109.91939540225	0.223074241939851	0.13326402834094	1.6739269007323	0.0941449665862905	0.176867468422622	protein_coding	DEGs_all_results.tsv	.	.	unknown	. | condition__sporocyst_5d_mixed_vs_sporocyst_1d_mixed	0.176867468422622	0.223074241939851	0.752352040373401	FALSE
smansoni_prjeb32839_primary	condition	condition__sporocyst_5d_mixed_vs_sporocyst_1d_mixed	sporocyst_5d_mixed	sporocyst_1d_mixed	Smp_070340	Writers	Smp_070340	Smp_070340		4500.55093089513	-0.33895100494087	0.206629619518345	-1.64037956286697	0.100926271965255	0.186527761558448	protein_coding	DEGs_all_results.tsv	.	.	unknown	. | condition__sporocyst_5d_mixed_vs_sporocyst_1d_mixed	0.186527761558448	-0.33895100494087	0.7292565215261817	FALSE
smansoni_prjeb32839_primary	condition	condition__sporocyst_5d_mixed_vs_sporocyst_1d_mixed	sporocyst_5d_mixed	sporocyst_1d_mixed	Smp_041760	Readers	Smp_041760	Smp_041760		10038.6207043123	-0.445211138989529	0.277924523083108	-1.6019138363562	0.109174664386502	0.198363027420406	protein_coding	DEGs_all_results.tsv	.	.	unknown	. | condition__sporocyst_5d_mixed_vs_sporocyst_1d_mixed	0.198363027420406	-0.445211138989529	0.7025392721194662	FALSE
smansoni_prjeb32839_primary	condition	condition__sporocyst_5d_mixed_vs_sporocyst_1d_mixed	sporocyst_5d_mixed	sporocyst_1d_mixed	Smp_165000	Writers	Smp_165000	Smp_165000		4224.12638846006	0.333004680138043	0.217646643044678	1.53002442619657	0.126010682932484	0.223152468906494	protein_coding	DEGs_all_results.tsv	.	.	unknown	. | condition__sporocyst_5d_mixed_vs_sporocyst_1d_mixed	0.223152468906494	0.333004680138043	0.651398303864746	FALSE
smansoni_prjeb32839_primary	condition	condition__sporocyst_5d_mixed_vs_sporocyst_1d_mixed	sporocyst_5d_mixed	sporocyst_1d_mixed	Smp_160700	Writers	Smp_160700	Smp_160700		2877.4654408921	0.333966167588233	0.242274940525733	1.37845939354492	0.168061496688383	0.27940097238521	protein_coding	DEGs_all_results.tsv	.	.	unknown	. | condition__sporocyst_5d_mixed_vs_sporocyst_1d_mixed	0.27940097238521	0.333966167588233	0.5537720867658736	FALSE
smansoni_prjeb32839_primary	condition	condition__sporocyst_5d_mixed_vs_sporocyst_1d_mixed	sporocyst_5d_mixed	sporocyst_1d_mixed	Smp_161400	Erasers	Smp_161400	Smp_161400		2441.58736390014	0.372888993711232	0.286773258790051	1.30029206797216	0.193500885619782	0.311191399617944	protein_coding	DEGs_all_results.tsv	.	.	unknown	. | condition__sporocyst_5d_mixed_vs_sporocyst_1d_mixed	0.311191399617944	0.372888993711232	0.5069724140926382	FALSE
smansoni_prjeb32839_primary	condition	condition__sporocyst_5d_mixed_vs_sporocyst_1d_mixed	sporocyst_5d_mixed	sporocyst_1d_mixed	Smp_175680	Readers	Smp_175680	Smp_175680		3526.19745209693	-0.245499502485949	0.192861652565178	-1.27293061746934	0.203042663440754	0.322980413594151	protein_coding	DEGs_all_results.tsv	.	.	unknown	. | condition__sporocyst_5d_mixed_vs_sporocyst_1d_mixed	0.322980413594151	-0.245499502485949	0.4908238136623859	FALSE
smansoni_prjeb32839_primary	condition	condition__sporocyst_5d_mixed_vs_sporocyst_1d_mixed	sporocyst_5d_mixed	sporocyst_1d_mixed	Smp_055310	Writers	Smp_055310	Smp_055310		1119.11714353247	0.174649454438229	0.13838255988521	1.26207706074452	0.206921058674286	0.327446552423441	protein_coding	DEGs_all_results.tsv	.	.	unknown	. | condition__sporocyst_5d_mixed_vs_sporocyst_1d_mixed	0.327446552423441	0.174649454438229	0.4848595777542133	FALSE
smansoni_prjeb32839_primary	condition	condition__sporocyst_5d_mixed_vs_sporocyst_1d_mixed	sporocyst_5d_mixed	sporocyst_1d_mixed	Smp_062530	Writers	Smp_062530	Smp_062530		3786.4864984404	-0.279678554317937	0.241751875288509	-1.15688266733884	0.247320301065074	0.375936077387824	protein_coding	DEGs_all_results.tsv	.	.	unknown	. | condition__sporocyst_5d_mixed_vs_sporocyst_1d_mixed	0.375936077387824	-0.279678554317937	0.424885994428206	FALSE
smansoni_prjeb32839_primary	condition	condition__sporocyst_5d_mixed_vs_sporocyst_1d_mixed	sporocyst_5d_mixed	sporocyst_1d_mixed	Smp_125340	Readers	Smp_125340	Smp_125340		2437.82035409337	0.312827772174616	0.295944180455849	1.05704991965972	0.290488805389063	0.4262979486251	protein_coding	DEGs_all_results.tsv	.	.	unknown	. | condition__sporocyst_5d_mixed_vs_sporocyst_1d_mixed	0.4262979486251	0.312827772174616	0.3702867572026049	FALSE
smansoni_prjeb32839_primary	condition	condition__sporocyst_5d_mixed_vs_sporocyst_1d_mixed	sporocyst_5d_mixed	sporocyst_1d_mixed	Smp_150560	Erasers	Smp_150560	Smp_150560		1710.56171763612	-0.188005992498347	0.202687112672697	-0.927567569635978	0.353631926628718	0.493672187444884	protein_coding	DEGs_all_results.tsv	.	.	unknown	. | condition__sporocyst_5d_mixed_vs_sporocyst_1d_mixed	0.493672187444884	-0.188005992498347	0.30656133941902985	FALSE
smansoni_prjeb32839_primary	condition	condition__sporocyst_5d_mixed_vs_sporocyst_1d_mixed	sporocyst_5d_mixed	sporocyst_1d_mixed	Smp_132170	Erasers	Smp_132170	Smp_132170		2212.38725938966	0.174765431604188	0.203215937638398	0.859998647916904	0.389789787821596	0.52796081210389	protein_coding	DEGs_all_results.tsv	.	.	unknown	. | condition__sporocyst_5d_mixed_vs_sporocyst_1d_mixed	0.52796081210389	0.174765431604188	0.2773983117818	FALSE
smansoni_prjeb32839_primary	condition	condition__sporocyst_5d_mixed_vs_sporocyst_1d_mixed	sporocyst_5d_mixed	sporocyst_1d_mixed	Smp_138030	Writers	Smp_138030	Smp_138030		6320.32292692495	0.262256663411755	0.305949351853414	0.857189798974987	0.391339999224971	0.529396355047769	protein_coding	DEGs_all_results.tsv	.	.	unknown	. | condition__sporocyst_5d_mixed_vs_sporocyst_1d_mixed	0.529396355047769	0.262256663411755	0.2762190531897333	FALSE
smansoni_prjeb32839_primary	condition	condition__sporocyst_5d_mixed_vs_sporocyst_1d_mixed	sporocyst_5d_mixed	sporocyst_1d_mixed	Smp_160810	Erasers	Smp_160810	Smp_160810		2978.31204166108	-0.141008368444002	0.178286453150231	-0.790909045260906	0.428997069678783	0.566860022127541	protein_coding	DEGs_all_results.tsv	.	.	unknown	. | condition__sporocyst_5d_mixed_vs_sporocyst_1d_mixed	0.566860022127541	-0.141008368444002	0.2465241706005405	FALSE
smansoni_prjeb32839_primary	condition	condition__sporocyst_5d_mixed_vs_sporocyst_1d_mixed	sporocyst_5d_mixed	sporocyst_1d_mixed	Smp_121610	Writers	Smp_121610	Smp_121610		1473.81819604994	0.112975936993293	0.145263695327226	0.777730022210979	0.43672818934841	0.573436476715892	protein_coding	DEGs_all_results.tsv	.	.	unknown	. | condition__sporocyst_5d_mixed_vs_sporocyst_1d_mixed	0.573436476715892	0.112975936993293	0.24151468471954807	FALSE
smansoni_prjeb32839_primary	condition	condition__sporocyst_5d_mixed_vs_sporocyst_1d_mixed	sporocyst_5d_mixed	sporocyst_1d_mixed	Smp_041750	Readers	Smp_041750	Smp_041750		3557.60311615714	-0.206440166917165	0.270897640467053	-0.762059671546945	0.446024390858181	0.581507419256349	protein_coding	DEGs_all_results.tsv	.	.	unknown	. | condition__sporocyst_5d_mixed_vs_sporocyst_1d_mixed	0.581507419256349	-0.206440166917165	0.23544473988387846	FALSE
smansoni_prjeb32839_primary	condition	condition__sporocyst_5d_mixed_vs_sporocyst_1d_mixed	sporocyst_5d_mixed	sporocyst_1d_mixed	Smp_074050	Readers	Smp_074050	Smp_074050		2224.11599618866	-0.182991015366898	0.25665463171456	-0.712985439399405	0.475854767258473	0.609836924095262	protein_coding	DEGs_all_results.tsv	.	.	unknown	. | condition__sporocyst_5d_mixed_vs_sporocyst_1d_mixed	0.609836924095262	-0.182991015366898	0.21478628373360287	FALSE
smansoni_prjeb32839_primary	condition	condition__sporocyst_5d_mixed_vs_sporocyst_1d_mixed	sporocyst_5d_mixed	sporocyst_1d_mixed	Smp_070170	Writers	Smp_070170	Smp_070170		2067.50396203447	0.145462239429501	0.238131138135074	0.610849301644001	0.541299350998474	0.665185803162731	protein_coding	DEGs_all_results.tsv	.	.	unknown	. | condition__sporocyst_5d_mixed_vs_sporocyst_1d_mixed	0.665185803162731	0.145462239429501	0.17705702835492543	FALSE
smansoni_prjeb32839_primary	condition	condition__sporocyst_5d_mixed_vs_sporocyst_1d_mixed	sporocyst_5d_mixed	sporocyst_1d_mixed	Smp_140390	Writers	Smp_140390	Smp_140390		6169.75930938339	-0.0619859874115299	0.106929113189795	-0.579692336001207	0.562122112566178	0.683005586487784	protein_coding	DEGs_all_results.tsv	.	.	unknown	. | condition__sporocyst_5d_mixed_vs_sporocyst_1d_mixed	0.683005586487784	-0.0619859874115299	0.16557574409168035	FALSE
smansoni_prjeb32839_primary	condition	condition__sporocyst_5d_mixed_vs_sporocyst_1d_mixed	sporocyst_5d_mixed	sporocyst_1d_mixed	Smp_210660	Writers	Smp_210660	Smp_210660		3236.48500527467	0.10571114341242	0.21390553405969	0.494195458182591	0.621168147032871	0.7325562167828	protein_coding	DEGs_all_results.tsv	.	.	unknown	. | condition__sporocyst_5d_mixed_vs_sporocyst_1d_mixed	0.7325562167828	0.10571114341242	0.13515904168820136	FALSE
smansoni_prjeb32839_primary	condition	condition__sporocyst_5d_mixed_vs_sporocyst_1d_mixed	sporocyst_5d_mixed	sporocyst_1d_mixed	Smp_105690	Readers	Smp_105690	Smp_105690		3486.66851744267	0.0892881934337298	0.206428759011596	0.43253756822088	0.665350753735303	0.768194349295878	protein_coding	DEGs_all_results.tsv	.	.	unknown	. | condition__sporocyst_5d_mixed_vs_sporocyst_1d_mixed	0.768194349295878	0.0892881934337298	0.11452889175382217	FALSE
smansoni_prjeb32839_primary	condition	condition__sporocyst_5d_mixed_vs_sporocyst_1d_mixed	sporocyst_5d_mixed	sporocyst_1d_mixed	Smp_159100	Readers	Smp_159100	Smp_159100		5410.19369593177	0.0784111523211383	0.240858492862434	0.32554862977542	0.744765883955502	0.830667761612554	protein_coding	DEGs_all_results.tsv	.	.	unknown	. | condition__sporocyst_5d_mixed_vs_sporocyst_1d_mixed	0.830667761612554	0.0784111523211383	0.08057264426626629	FALSE
smansoni_prjeb32839_primary	condition	condition__sporocyst_5d_mixed_vs_sporocyst_1d_mixed	sporocyst_5d_mixed	sporocyst_1d_mixed	Smp_006250	Readers	Smp_006250	Smp_006250		3422.78105474812	-0.0586762453401458	0.227685202933058	-0.257707767497729	0.796632450952946	0.869683753349568	protein_coding	DEGs_all_results.tsv	.	.	unknown	. | condition__sporocyst_5d_mixed_vs_sporocyst_1d_mixed	0.869683753349568	-0.0586762453401458	0.06063864294883896	FALSE
smansoni_prjeb32839_primary	condition	condition__sporocyst_5d_mixed_vs_sporocyst_1d_mixed	sporocyst_5d_mixed	sporocyst_1d_mixed	Smp_150850	Readers; Writers	Smp_150850	Smp_150850		2849.62204563661	0.0657123584701838	0.275380005870853	0.238624290323392	0.811396928206423	0.880909761919679	protein_coding	DEGs_all_results.tsv	.	.	unknown	. | condition__sporocyst_5d_mixed_vs_sporocyst_1d_mixed	0.880909761919679	0.0657123584701838	0.05506857729456687	FALSE
smansoni_prjeb32839_primary	condition	condition__sporocyst_5d_mixed_vs_sporocyst_1d_mixed	sporocyst_5d_mixed	sporocyst_1d_mixed	Smp_130470	Readers	Smp_130470	Smp_130470		4406.54504313159	-0.0572413731000656	0.311692816988167	-0.183646750840071	0.854290584938432	0.912673325786844	protein_coding	DEGs_all_results.tsv	.	.	unknown	. | condition__sporocyst_5d_mixed_vs_sporocyst_1d_mixed	0.912673325786844	-0.0572413731000656	0.039684642175967906	FALSE
smansoni_prjeb32839_primary	condition	condition__sporocyst_5d_mixed_vs_sporocyst_1d_mixed	sporocyst_5d_mixed	sporocyst_1d_mixed	Smp_171150	Writers	Smp_171150	Smp_171150		2852.5025064119	-0.0102947821472518	0.128959596655889	-0.079829515710428	0.936372849088546	0.968641088919716	protein_coding	DEGs_all_results.tsv	.	.	unknown	. | condition__sporocyst_5d_mixed_vs_sporocyst_1d_mixed	0.968641088919716	-0.0102947821472518	0.01383711250131459	FALSE
smansoni_prjeb32839_primary	condition	condition__sporocyst_5d_mixed_vs_sporocyst_1d_mixed	sporocyst_5d_mixed	sporocyst_1d_mixed	Smp_001500	Grupo HP1	Smp_001500	Smp_001500		7803.69738487252	0.0110633259168939	0.269100408342925	0.0411122598624801	0.967206400910893	0.987695068278618	protein_coding	DEGs_all_results.tsv	.	.	unknown	. | condition__sporocyst_5d_mixed_vs_sporocyst_1d_mixed	0.987695068278618	0.0110633259168939	0.005377114728641177	FALSE
smansoni_prjeb32839_primary	condition	condition__sporocyst_32d_mixed_vs_sporocyst_5d_mixed	sporocyst_32d_mixed	sporocyst_5d_mixed	Smp_055310	Writers	Smp_055310	Smp_055310		1119.11714353247	1.24597149452556	0.13852928824862	8.99428207766002	2.37781144297887e-19	2.96801821186113e-18	protein_coding	DEGs_all_results.tsv	.	.	unknown	. | condition__sporocyst_32d_mixed_vs_sporocyst_5d_mixed	2.96801821186113e-18	1.24597149452556	17.52753343853906	TRUE
smansoni_prjeb32839_primary	condition	condition__sporocyst_32d_mixed_vs_sporocyst_5d_mixed	sporocyst_32d_mixed	sporocyst_5d_mixed	Smp_025550	Writers	Smp_025550	Smp_025550		3109.91939540225	-0.685459311902964	0.134076877367221	-5.11243493555991	3.18032542857241e-07	1.3490535172956e-06	protein_coding	DEGs_all_results.tsv	.	.	unknown	. | condition__sporocyst_32d_mixed_vs_sporocyst_5d_mixed	1.3490535172956e-6	-0.685459311902964	5.869970821413977	FALSE
smansoni_prjeb32839_primary	condition	condition__sporocyst_32d_mixed_vs_sporocyst_5d_mixed	sporocyst_32d_mixed	sporocyst_5d_mixed	Smp_171150	Writers	Smp_171150	Smp_171150		2852.5025064119	-0.627646216993979	0.129739173459875	-4.83775408965508	1.31314462319676e-06	5.18580842720075e-06	protein_coding	DEGs_all_results.tsv	.	.	unknown	. | condition__sporocyst_32d_mixed_vs_sporocyst_5d_mixed	5.18580842720075e-6	-0.627646216993979	5.285183530865228	FALSE
smansoni_prjeb32839_primary	condition	condition__sporocyst_32d_mixed_vs_sporocyst_5d_mixed	sporocyst_32d_mixed	sporocyst_5d_mixed	Smp_019170	Erasers	Smp_019170	Smp_019170		4714.66907905883	1.03670151031619	0.223764687096081	4.63299872634081	3.60406757158222e-06	1.35495218038815e-05	protein_coding	DEGs_all_results.tsv	.	.	unknown	. | condition__sporocyst_32d_mixed_vs_sporocyst_5d_mixed	1.35495218038815e-5	1.03670151031619	4.868076031844942	TRUE
smansoni_prjeb32839_primary	condition	condition__sporocyst_32d_mixed_vs_sporocyst_5d_mixed	sporocyst_32d_mixed	sporocyst_5d_mixed	Smp_170390	Readers	Smp_170390	Smp_170390		2105.04043966555	-0.592850085912565	0.154068323165032	-3.84796870462158	0.000119101263250427	0.000364682403682315	protein_coding	DEGs_all_results.tsv	.	.	unknown	. | condition__sporocyst_32d_mixed_vs_sporocyst_5d_mixed	3.64682403682315e-4	-0.592850085912565	3.43808519135591	FALSE
smansoni_prjeb32839_primary	condition	condition__sporocyst_32d_mixed_vs_sporocyst_5d_mixed	sporocyst_32d_mixed	sporocyst_5d_mixed	Smp_175680	Readers	Smp_175680	Smp_175680		3526.19745209693	-0.690455477008124	0.193547293690075	-3.56737345092379	0.000360577420406166	0.00101747711536757	protein_coding	DEGs_all_results.tsv	.	.	unknown	. | condition__sporocyst_32d_mixed_vs_sporocyst_5d_mixed	0.00101747711536757	-0.690455477008124	2.992475349946823	FALSE
smansoni_prjeb32839_primary	condition	condition__sporocyst_32d_mixed_vs_sporocyst_5d_mixed	sporocyst_32d_mixed	sporocyst_5d_mixed	Smp_027300	Readers; Writers	Smp_027300	Smp_027300		1296.29458990007	0.510600166043591	0.158550769073355	3.2204206200183	0.0012800263628756	0.00325106098808736	protein_coding	DEGs_all_results.tsv	.	.	unknown	. | condition__sporocyst_32d_mixed_vs_sporocyst_5d_mixed	0.00325106098808736	0.510600166043591	2.487974883305669	FALSE
smansoni_prjeb32839_primary	condition	condition__sporocyst_32d_mixed_vs_sporocyst_5d_mixed	sporocyst_32d_mixed	sporocyst_5d_mixed	Smp_144550	Readers	Smp_144550	Smp_144550		2174.17282964795	-0.756839126497895	0.259312677789689	-2.91863526669419	0.00351567307538515	0.0081973735324563	protein_coding	DEGs_all_results.tsv	.	.	unknown	. | condition__sporocyst_32d_mixed_vs_sporocyst_5d_mixed	0.0081973735324563	-0.756839126497895	2.0863252748208474	FALSE
smansoni_prjeb32839_primary	condition	condition__sporocyst_32d_mixed_vs_sporocyst_5d_mixed	sporocyst_32d_mixed	sporocyst_5d_mixed	Smp_001500	Grupo HP1	Smp_001500	Smp_001500		7803.69738487252	-0.783493991941864	0.26930501913208	-2.90931819416853	0.00362217992533116	0.00842538505294726	protein_coding	DEGs_all_results.tsv	.	.	unknown	. | condition__sporocyst_32d_mixed_vs_sporocyst_5d_mixed	0.00842538505294726	-0.783493991941864	2.074410242082864	FALSE
smansoni_prjeb32839_primary	condition	condition__sporocyst_32d_mixed_vs_sporocyst_5d_mixed	sporocyst_32d_mixed	sporocyst_5d_mixed	Smp_159100	Readers	Smp_159100	Smp_159100		5410.19369593177	-0.681016245960082	0.241090705445393	-2.82473040469133	0.00473204127356251	0.0107417666209888	protein_coding	DEGs_all_results.tsv	.	.	unknown	. | condition__sporocyst_32d_mixed_vs_sporocyst_5d_mixed	0.0107417666209888	-0.681016245960082	1.9689242874769766	FALSE
smansoni_prjeb32839_primary	condition	condition__sporocyst_32d_mixed_vs_sporocyst_5d_mixed	sporocyst_32d_mixed	sporocyst_5d_mixed	Smp_121610	Writers	Smp_121610	Smp_121610		1473.81819604994	0.382469600121604	0.146116768035441	2.61756131937462	0.00885605749798365	0.0189432521694575	protein_coding	DEGs_all_results.tsv	.	.	unknown	. | condition__sporocyst_32d_mixed_vs_sporocyst_5d_mixed	0.0189432521694575	0.382469600121604	1.7225454594403158	FALSE
smansoni_prjeb32839_primary	condition	condition__sporocyst_32d_mixed_vs_sporocyst_5d_mixed	sporocyst_32d_mixed	sporocyst_5d_mixed	Smp_078900	Writers	Smp_078900	Smp_078900		2009.81033749387	0.455409372933274	0.200275551873083	2.27391395841401	0.02297116028128	0.0445052018437153	protein_coding	DEGs_all_results.tsv	.	.	unknown	. | condition__sporocyst_32d_mixed_vs_sporocyst_5d_mixed	0.0445052018437153	0.455409372933274	1.3515892249743373	FALSE
smansoni_prjeb32839_primary	condition	condition__sporocyst_32d_mixed_vs_sporocyst_5d_mixed	sporocyst_32d_mixed	sporocyst_5d_mixed	Smp_041760	Readers	Smp_041760	Smp_041760		10038.6207043123	-0.618025371606981	0.278115741248077	-2.22218767205884	0.0262706252419581	0.050035877504438	protein_coding	DEGs_all_results.tsv	.	.	unknown	. | condition__sporocyst_32d_mixed_vs_sporocyst_5d_mixed	0.050035877504438	-0.618025371606981	1.3007184793708542	FALSE
smansoni_prjeb32839_primary	condition	condition__sporocyst_32d_mixed_vs_sporocyst_5d_mixed	sporocyst_32d_mixed	sporocyst_5d_mixed	Smp_078280	Readers	Smp_078280	Smp_078280		1064.43362120423	0.374779658421768	0.196316389822263	1.90905944613732	0.0562544234652556	0.0982695087524083	protein_coding	DEGs_all_results.tsv	.	.	unknown	. | condition__sporocyst_32d_mixed_vs_sporocyst_5d_mixed	0.0982695087524083	0.374779658421768	1.0075812149732286	FALSE
smansoni_prjeb32839_primary	condition	condition__sporocyst_32d_mixed_vs_sporocyst_5d_mixed	sporocyst_32d_mixed	sporocyst_5d_mixed	Smp_210660	Writers	Smp_210660	Smp_210660		3236.48500527467	-0.406211577471652	0.214303702157666	-1.89549491390866	0.058026864921675	0.100951271133069	protein_coding	DEGs_all_results.tsv	.	.	unknown	. | condition__sporocyst_32d_mixed_vs_sporocyst_5d_mixed	0.100951271133069	-0.406211577471652	0.9958882082448386	FALSE
smansoni_prjeb32839_primary	condition	condition__sporocyst_32d_mixed_vs_sporocyst_5d_mixed	sporocyst_32d_mixed	sporocyst_5d_mixed	Smp_105690	Readers	Smp_105690	Smp_105690		3486.66851744267	-0.374831385368923	0.206907367069762	-1.81159032990131	0.0700495202251121	0.118661001371464	protein_coding	DEGs_all_results.tsv	.	.	unknown	. | condition__sporocyst_32d_mixed_vs_sporocyst_5d_mixed	0.118661001371464	-0.374831385368923	0.9256919910039068	FALSE
smansoni_prjeb32839_primary	condition	condition__sporocyst_32d_mixed_vs_sporocyst_5d_mixed	sporocyst_32d_mixed	sporocyst_5d_mixed	Smp_000700	Writers	Smp_000700	Smp_000700		2324.15466325394	-0.228174114045129	0.132107747552789	-1.7271819274184	0.0841349955167806	0.13912556034593	protein_coding	DEGs_all_results.tsv	.	.	unknown	. | condition__sporocyst_32d_mixed_vs_sporocyst_5d_mixed	0.13912556034593	-0.228174114045129	0.856593073477323	FALSE
smansoni_prjeb32839_primary	condition	condition__sporocyst_32d_mixed_vs_sporocyst_5d_mixed	sporocyst_32d_mixed	sporocyst_5d_mixed	Smp_162940	Erasers	Smp_162940	Smp_162940		1232.13731224705	0.325577815832488	0.203868360608445	1.59700021553517	0.110265659179492	0.175714010866392	protein_coding	DEGs_all_results.tsv	.	.	unknown	. | condition__sporocyst_32d_mixed_vs_sporocyst_5d_mixed	0.175714010866392	0.325577815832488	0.7551936078879635	FALSE
smansoni_prjeb32839_primary	condition	condition__sporocyst_32d_mixed_vs_sporocyst_5d_mixed	sporocyst_32d_mixed	sporocyst_5d_mixed	Smp_041750	Readers	Smp_041750	Smp_041750		3557.60311615714	-0.422126931434216	0.271347366917983	-1.55566990101587	0.119786607393419	0.189191694633957	protein_coding	DEGs_all_results.tsv	.	.	unknown	. | condition__sporocyst_32d_mixed_vs_sporocyst_5d_mixed	0.189191694633957	-0.422126931434216	0.7230979327006805	FALSE
smansoni_prjeb32839_primary	condition	condition__sporocyst_32d_mixed_vs_sporocyst_5d_mixed	sporocyst_32d_mixed	sporocyst_5d_mixed	Smp_149240	Readers	Smp_149240	Smp_149240		1851.74953481769	0.42838484821907	0.300181115794486	1.42708793351397	0.153554550111558	0.233808126247349	protein_coding	DEGs_all_results.tsv	.	.	unknown	. | condition__sporocyst_32d_mixed_vs_sporocyst_5d_mixed	0.233808126247349	0.42838484821907	0.6311403985503494	FALSE
smansoni_prjeb32839_primary	condition	condition__sporocyst_32d_mixed_vs_sporocyst_5d_mixed	sporocyst_32d_mixed	sporocyst_5d_mixed	Smp_149380	Writers	Smp_149380	Smp_149380		973.408907422443	-0.230676377899335	0.16939217003036	-1.36178890593343	0.17326451373879	0.258549333859073	protein_coding	DEGs_all_results.tsv	.	.	unknown	. | condition__sporocyst_32d_mixed_vs_sporocyst_5d_mixed	0.258549333859073	-0.230676377899335	0.5874565768310003	FALSE
smansoni_prjeb32839_primary	condition	condition__sporocyst_32d_mixed_vs_sporocyst_5d_mixed	sporocyst_32d_mixed	sporocyst_5d_mixed	Smp_029240	Writers	PRMT1	PRMT1 | Smp_029240		11423.8059699232	0.191206525901221	0.169343606944054	1.1291038932718	0.258854009150589	0.360436160151915	protein_coding	DEGs_all_results.tsv	.	.	unknown	. | condition__sporocyst_32d_mixed_vs_sporocyst_5d_mixed	0.360436160151915	0.191206525901221	0.4431716456433945	FALSE
smansoni_prjeb32839_primary	condition	condition__sporocyst_32d_mixed_vs_sporocyst_5d_mixed	sporocyst_32d_mixed	sporocyst_5d_mixed	Smp_034000	Erasers	Smp_034000	Smp_034000		5261.5773278667	0.202227459339197	0.194860239000889	1.03780771478103	0.299359584411305	0.406315241754373	protein_coding	DEGs_all_results.tsv	.	.	unknown	. | condition__sporocyst_32d_mixed_vs_sporocyst_5d_mixed	0.406315241754373	0.202227459339197	0.3911368860524635	FALSE
smansoni_prjeb32839_primary	condition	condition__sporocyst_32d_mixed_vs_sporocyst_5d_mixed	sporocyst_32d_mixed	sporocyst_5d_mixed	Smp_070340	Writers	Smp_070340	Smp_070340		4500.55093089513	0.212559465654109	0.206853859652155	1.02758278724675	0.304146124405111	0.412125221618525	protein_coding	DEGs_all_results.tsv	.	.	unknown	. | condition__sporocyst_32d_mixed_vs_sporocyst_5d_mixed	0.412125221618525	0.212559465654109	0.3849708063087806	FALSE
smansoni_prjeb32839_primary	condition	condition__sporocyst_32d_mixed_vs_sporocyst_5d_mixed	sporocyst_32d_mixed	sporocyst_5d_mixed	Smp_160810	Erasers	Smp_160810	Smp_160810		2978.31204166108	-0.168509858590185	0.179092664890438	-0.940908767499063	0.346751614231482	0.45701546043408	protein_coding	DEGs_all_results.tsv	.	.	unknown	. | condition__sporocyst_32d_mixed_vs_sporocyst_5d_mixed	0.45701546043408	-0.168509858590185	0.3400691078784284	FALSE
smansoni_prjeb32839_primary	condition	condition__sporocyst_32d_mixed_vs_sporocyst_5d_mixed	sporocyst_32d_mixed	sporocyst_5d_mixed	Smp_043580	Writers	Smp_043580	Smp_043580		1578.01657255372	-0.131109093585261	0.150617522732583	-0.870477028214316	0.384039767699129	0.495414337820152	protein_coding	DEGs_all_results.tsv	.	.	unknown	. | condition__sporocyst_32d_mixed_vs_sporocyst_5d_mixed	0.495414337820152	-0.131109093585261	0.3050314286220671	FALSE
smansoni_prjeb32839_primary	condition	condition__sporocyst_32d_mixed_vs_sporocyst_5d_mixed	sporocyst_32d_mixed	sporocyst_5d_mixed	Smp_179650	Grupo HP1; Readers	Smp_179650	Smp_179650		19222.6291106233	0.134447855581905	0.164370004013135	0.817958583070673	0.413380837043097	0.525028536184782	protein_coding	DEGs_all_results.tsv	.	.	unknown	. | condition__sporocyst_32d_mixed_vs_sporocyst_5d_mixed	0.525028536184782	0.134447855581905	0.27981709131635524	FALSE
smansoni_prjeb32839_primary	condition	condition__sporocyst_32d_mixed_vs_sporocyst_5d_mixed	sporocyst_32d_mixed	sporocyst_5d_mixed	Smp_070170	Writers	Smp_070170	Smp_070170		2067.50396203447	-0.190381120814907	0.238792098234931	-0.797267255583993	0.425295833109354	0.537371855753149	protein_coding	DEGs_all_results.tsv	.	.	unknown	. | condition__sporocyst_32d_mixed_vs_sporocyst_5d_mixed	0.537371855753149	-0.190381120814907	0.26972508299250275	FALSE
smansoni_prjeb32839_primary	condition	condition__sporocyst_32d_mixed_vs_sporocyst_5d_mixed	sporocyst_32d_mixed	sporocyst_5d_mixed	Smp_165000	Writers	Smp_165000	Smp_165000		4224.12638846006	-0.170797227582151	0.217931742028484	-0.783718911216835	0.433205063440814	0.545253344158432	protein_coding	DEGs_all_results.tsv	.	.	unknown	. | condition__sporocyst_32d_mixed_vs_sporocyst_5d_mixed	0.545253344158432	-0.170797227582151	0.26340166211771726	FALSE
smansoni_prjeb32839_primary	condition	condition__sporocyst_32d_mixed_vs_sporocyst_5d_mixed	sporocyst_32d_mixed	sporocyst_5d_mixed	Smp_132170	Erasers	Smp_132170	Smp_132170		2212.38725938966	-0.14748458985258	0.204003547988859	-0.72295110210845	0.469709926193445	0.581330635857981	protein_coding	DEGs_all_results.tsv	.	.	unknown	. | condition__sporocyst_32d_mixed_vs_sporocyst_5d_mixed	0.581330635857981	-0.14748458985258	0.23557678932043954	FALSE
smansoni_prjeb32839_primary	condition	condition__sporocyst_32d_mixed_vs_sporocyst_5d_mixed	sporocyst_32d_mixed	sporocyst_5d_mixed	Smp_150560	Erasers	Smp_150560	Smp_150560		1710.56171763612	0.146761565750192	0.203291142893745	0.721927987914856	0.470338752806839	0.581814566422416	protein_coding	DEGs_all_results.tsv	.	.	unknown	. | condition__sporocyst_32d_mixed_vs_sporocyst_5d_mixed	0.581814566422416	0.146761565750192	0.23521540987190093	FALSE
smansoni_prjeb32839_primary	condition	condition__sporocyst_32d_mixed_vs_sporocyst_5d_mixed	sporocyst_32d_mixed	sporocyst_5d_mixed	Smp_150850	Readers; Writers	Smp_150850	Smp_150850		2849.62204563661	0.196925771980359	0.275654606012031	0.714393185114286	0.474984084825563	0.586153121576666	protein_coding	DEGs_all_results.tsv	.	.	unknown	. | condition__sporocyst_32d_mixed_vs_sporocyst_5d_mixed	0.586153121576666	0.196925771980359	0.23198891782299116	FALSE
smansoni_prjeb32839_primary	condition	condition__sporocyst_32d_mixed_vs_sporocyst_5d_mixed	sporocyst_32d_mixed	sporocyst_5d_mixed	Smp_156290	Erasers	Smp_156290	Smp_156290		4982.27006344466	0.164601368255283	0.240824462160675	0.683491065560704	0.494296593892563	0.604119703738307	protein_coding	DEGs_all_results.tsv	.	.	unknown	. | condition__sporocyst_32d_mixed_vs_sporocyst_5d_mixed	0.604119703738307	0.164601368255283	0.21887699925601858	FALSE
smansoni_prjeb32839_primary	condition	condition__sporocyst_32d_mixed_vs_sporocyst_5d_mixed	sporocyst_32d_mixed	sporocyst_5d_mixed	Smp_144180	Writers	Smp_144180	Smp_144180		2917.87617118486	-0.201126240105892	0.297199008249514	-0.676739270734832	0.498571395420965	0.608129088319776	protein_coding	DEGs_all_results.tsv	.	.	unknown	. | condition__sporocyst_32d_mixed_vs_sporocyst_5d_mixed	0.608129088319776	-0.201126240105892	0.21600422271028502	FALSE
smansoni_prjeb32839_primary	condition	condition__sporocyst_32d_mixed_vs_sporocyst_5d_mixed	sporocyst_32d_mixed	sporocyst_5d_mixed	Smp_130470	Readers	Smp_130470	Smp_130470		4406.54504313159	-0.147020802045942	0.311913414045857	-0.47135132836681	0.637389866956021	0.734860654810511	protein_coding	DEGs_all_results.tsv	.	.	unknown	. | condition__sporocyst_32d_mixed_vs_sporocyst_5d_mixed	0.734860654810511	-0.147020802045942	0.13379500456771262	FALSE
smansoni_prjeb32839_primary	condition	condition__sporocyst_32d_mixed_vs_sporocyst_5d_mixed	sporocyst_32d_mixed	sporocyst_5d_mixed	Smp_079650	Readers	Smp_079650	Smp_079650		7141.36997642743	0.123100554114237	0.265200397905069	0.464179371851101	0.642519239057774	0.739469705496668	protein_coding	DEGs_all_results.tsv	.	.	unknown	. | condition__sporocyst_32d_mixed_vs_sporocyst_5d_mixed	0.739469705496668	0.123100554114237	0.13107961342520524	FALSE
smansoni_prjeb32839_primary	condition	condition__sporocyst_32d_mixed_vs_sporocyst_5d_mixed	sporocyst_32d_mixed	sporocyst_5d_mixed	Smp_210650	Writers	Smp_210650	Smp_210650		2584.66291222506	0.0792167405291558	0.251578965061657	0.314878235188468	0.752854107449909	0.828806483163505	protein_coding	DEGs_all_results.tsv	.	.	unknown	. | condition__sporocyst_32d_mixed_vs_sporocyst_5d_mixed	0.828806483163505	0.0792167405291558	0.08154686040878036	FALSE
smansoni_prjeb32839_primary	condition	condition__sporocyst_32d_mixed_vs_sporocyst_5d_mixed	sporocyst_32d_mixed	sporocyst_5d_mixed	Smp_138030	Writers	Smp_138030	Smp_138030		6320.32292692495	-0.0864041399273087	0.306096724931103	-0.282277244053352	0.77773093299399	0.848291898158625	protein_coding	DEGs_all_results.tsv	.	.	unknown	. | condition__sporocyst_32d_mixed_vs_sporocyst_5d_mixed	0.848291898158625	-0.0864041399273087	0.07145468082552575	FALSE
smansoni_prjeb32839_primary	condition	condition__sporocyst_32d_mixed_vs_sporocyst_5d_mixed	sporocyst_32d_mixed	sporocyst_5d_mixed	Smp_062530	Writers	Smp_062530	Smp_062530		3786.4864984404	-0.0484721657368955	0.242087641446664	-0.200225692840974	0.84130407403387	0.898021032385703	protein_coding	DEGs_all_results.tsv	.	.	unknown	. | condition__sporocyst_32d_mixed_vs_sporocyst_5d_mixed	0.898021032385703	-0.0484721657368955	0.04671349168226641	FALSE
smansoni_prjeb32839_primary	condition	condition__sporocyst_32d_mixed_vs_sporocyst_5d_mixed	sporocyst_32d_mixed	sporocyst_5d_mixed	Smp_160700	Writers	Smp_160700	Smp_160700		2877.4654408921	-0.0357764709099178	0.242757774512776	-0.147375180802026	0.882835894451531	0.92588490655907	protein_coding	DEGs_all_results.tsv	.	.	unknown	. | condition__sporocyst_32d_mixed_vs_sporocyst_5d_mixed	0.92588490655907	-0.0357764709099178	0.03344299555658005	FALSE
smansoni_prjeb32839_primary	condition	condition__sporocyst_32d_mixed_vs_sporocyst_5d_mixed	sporocyst_32d_mixed	sporocyst_5d_mixed	Smp_074050	Readers	Smp_074050	Smp_074050		2224.11599618866	-0.0357648098574287	0.257215559592006	-0.139046058932666	0.8894137527645	0.929737643560964	protein_coding	DEGs_all_results.tsv	.	.	unknown	. | condition__sporocyst_32d_mixed_vs_sporocyst_5d_mixed	0.929737643560964	-0.0357648098574287	0.031639584809752465	FALSE
smansoni_prjeb32839_primary	condition	condition__sporocyst_32d_mixed_vs_sporocyst_5d_mixed	sporocyst_32d_mixed	sporocyst_5d_mixed	Smp_125340	Readers	Smp_125340	Smp_125340		2437.82035409337	-0.0410736127646105	0.296326625824349	-0.13860925473824	0.889758929688031	0.929956305236257	protein_coding	DEGs_all_results.tsv	.	.	unknown	. | condition__sporocyst_32d_mixed_vs_sporocyst_5d_mixed	0.929956305236257	-0.0410736127646105	0.031537456650995443	FALSE
smansoni_prjeb32839_primary	condition	condition__sporocyst_32d_mixed_vs_sporocyst_5d_mixed	sporocyst_32d_mixed	sporocyst_5d_mixed	Smp_006250	Readers	Smp_006250	Smp_006250		3422.78105474812	0.00812163787867023	0.227974120825772	0.0356252624168564	0.971581164608464	0.987831095824798	protein_coding	DEGs_all_results.tsv	.	.	unknown	. | condition__sporocyst_32d_mixed_vs_sporocyst_5d_mixed	0.987831095824798	0.00812163787867023	0.00531730685177309	FALSE
smansoni_prjeb32839_primary	condition	condition__sporocyst_32d_mixed_vs_sporocyst_5d_mixed	sporocyst_32d_mixed	sporocyst_5d_mixed	Smp_161400	Erasers	Smp_161400	Smp_161400		2441.58736390014	-0.0054690545512684	0.287081408640948	-0.0190505354462313	0.984800791254806	0.997439509751556	protein_coding	DEGs_all_results.tsv	.	.	unknown	. | condition__sporocyst_32d_mixed_vs_sporocyst_5d_mixed	0.997439509751556	-0.0054690545512684	0.0011134328619547443	FALSE
smansoni_prjeb32839_primary	condition	condition__sporocyst_32d_mixed_vs_sporocyst_5d_mixed	sporocyst_32d_mixed	sporocyst_5d_mixed	Smp_140390	Writers	Smp_140390	Smp_140390		6169.75930938339	-0.00172549290016842	0.107609920705125	-0.0160347009723821	0.987206707876771	0.99910047699229	protein_coding	DEGs_all_results.tsv	.	.	unknown	. | condition__sporocyst_32d_mixed_vs_sporocyst_5d_mixed	0.99910047699229	-0.00172549290016842	3.908336869054315e-4	FALSE
smansoni_prjeb32839_primary	condition	condition__cercaria_mixed_vs_sporocyst_32d_mixed	cercaria_mixed	sporocyst_32d_mixed	Smp_055310	Writers	Smp_055310	Smp_055310		1119.11714353247	-2.96256082037102	0.143173556795457	-20.6920948719842	4.08092456324425e-95	3.83999305537579e-93	protein_coding	DEGs_all_results.tsv	.	.	unknown	. | condition__cercaria_mixed_vs_sporocyst_32d_mixed	3.83999305537579e-93	-2.96256082037102	92.41566956105297	TRUE
smansoni_prjeb32839_primary	condition	condition__cercaria_mixed_vs_sporocyst_32d_mixed	cercaria_mixed	sporocyst_32d_mixed	Smp_162940	Erasers	Smp_162940	Smp_162940		1232.13731224705	-2.93666868345045	0.207599869151303	-14.1458118227914	1.98215912951328e-45	3.33862465428863e-44	protein_coding	DEGs_all_results.tsv	.	.	unknown	. | condition__cercaria_mixed_vs_sporocyst_32d_mixed	3.33862465428863e-44	-2.93666868345045	43.47643240386691	TRUE
smansoni_prjeb32839_primary	condition	condition__cercaria_mixed_vs_sporocyst_32d_mixed	cercaria_mixed	sporocyst_32d_mixed	Smp_029240	Writers	PRMT1	PRMT1 | Smp_029240		11423.8059699232	-2.37378187976197	0.169629604987483	-13.9939126777848	1.69806848684364e-44	2.72862039610047e-43	protein_coding	DEGs_all_results.tsv	.	.	unknown	. | condition__cercaria_mixed_vs_sporocyst_32d_mixed	2.72862039610047e-43	-2.37378187976197	42.56405687889439	TRUE
smansoni_prjeb32839_primary	condition	condition__cercaria_mixed_vs_sporocyst_32d_mixed	cercaria_mixed	sporocyst_32d_mixed	Smp_140390	Writers	Smp_140390	Smp_140390		6169.75930938339	1.39303130439909	0.107511034381694	12.9571007516627	2.14191024289697e-38	2.63989088627075e-37	protein_coding	DEGs_all_results.tsv	.	.	unknown	. | condition__cercaria_mixed_vs_sporocyst_32d_mixed	2.63989088627075e-37	1.39303130439909	36.578414023308135	TRUE
smansoni_prjeb32839_primary	condition	condition__cercaria_mixed_vs_sporocyst_32d_mixed	cercaria_mixed	sporocyst_32d_mixed	Smp_043580	Writers	Smp_043580	Smp_043580		1578.01657255372	1.88691702147808	0.150120905479125	12.5693154824494	3.11408428934659e-36	3.57261768529259e-35	protein_coding	DEGs_all_results.tsv	.	.	unknown	. | condition__cercaria_mixed_vs_sporocyst_32d_mixed	3.57261768529259e-35	1.88691702147808	34.4470134562441	TRUE
smansoni_prjeb32839_primary	condition	condition__cercaria_mixed_vs_sporocyst_32d_mixed	cercaria_mixed	sporocyst_32d_mixed	Smp_027300	Readers; Writers	Smp_027300	Smp_027300		1296.29458990007	-1.72190824413906	0.161056790790304	-10.6913110319017	1.11779600199798e-26	8.61319029571044e-26	protein_coding	DEGs_all_results.tsv	.	.	unknown	. | condition__cercaria_mixed_vs_sporocyst_32d_mixed	8.61319029571044e-26	-1.72190824413906	25.064835957583085	TRUE
smansoni_prjeb32839_primary	condition	condition__cercaria_mixed_vs_sporocyst_32d_mixed	cercaria_mixed	sporocyst_32d_mixed	Smp_078900	Writers	Smp_078900	Smp_078900		2009.81033749387	-1.95558794712526	0.201338311630556	-9.71294499932855	2.65551414578444e-22	1.69185295772439e-21	protein_coding	DEGs_all_results.tsv	.	.	unknown	. | condition__cercaria_mixed_vs_sporocyst_32d_mixed	1.69185295772439e-21	-1.95558794712526	20.77163738504635	TRUE
smansoni_prjeb32839_primary	condition	condition__cercaria_mixed_vs_sporocyst_32d_mixed	cercaria_mixed	sporocyst_32d_mixed	Smp_150560	Erasers	Smp_150560	Smp_150560		1710.56171763612	-1.9445899485648	0.204906448583428	-9.4901354350156	2.30734288881184e-21	1.40683224360827e-20	protein_coding	DEGs_all_results.tsv	.	.	unknown	. | condition__cercaria_mixed_vs_sporocyst_32d_mixed	1.40683224360827e-20	-1.9445899485648	19.851757686516116	TRUE
smansoni_prjeb32839_primary	condition	condition__cercaria_mixed_vs_sporocyst_32d_mixed	cercaria_mixed	sporocyst_32d_mixed	Smp_078280	Readers	Smp_078280	Smp_078280		1064.43362120423	-1.4920920042241	0.197963480387088	-7.53720838463	4.80138758797327e-14	1.98506036907082e-13	protein_coding	DEGs_all_results.tsv	.	.	unknown	. | condition__cercaria_mixed_vs_sporocyst_32d_mixed	1.98506036907082e-13	-1.4920920042241	12.70222628106426	TRUE
smansoni_prjeb32839_primary	condition	condition__cercaria_mixed_vs_sporocyst_32d_mixed	cercaria_mixed	sporocyst_32d_mixed	Smp_160700	Writers	Smp_160700	Smp_160700		2877.4654408921	1.80913053981352	0.242639481682112	7.4560435394587	8.91592927502555e-14	3.62791201186695e-13	protein_coding	DEGs_all_results.tsv	.	.	unknown	. | condition__cercaria_mixed_vs_sporocyst_32d_mixed	3.62791201186695e-13	1.80913053981352	12.440343254474136	TRUE
smansoni_prjeb32839_primary	condition	condition__cercaria_mixed_vs_sporocyst_32d_mixed	cercaria_mixed	sporocyst_32d_mixed	Smp_070340	Writers	Smp_070340	Smp_070340		4500.55093089513	-1.54208423561698	0.207264052228618	-7.44019148055647	1.00539461142785e-13	4.07572148609484e-13	protein_coding	DEGs_all_results.tsv	.	.	unknown	. | condition__cercaria_mixed_vs_sporocyst_32d_mixed	4.07572148609484e-13	-1.54208423561698	12.38979550110939	TRUE
smansoni_prjeb32839_primary	condition	condition__cercaria_mixed_vs_sporocyst_32d_mixed	cercaria_mixed	sporocyst_32d_mixed	Smp_160810	Erasers	Smp_160810	Smp_160810		2978.31204166108	1.24706020209105	0.179046571321536	6.96500465150796	3.28392900410163e-12	1.21960262748154e-11	protein_coding	DEGs_all_results.tsv	.	.	unknown	. | condition__cercaria_mixed_vs_sporocyst_32d_mixed	1.21960262748154e-11	1.24706020209105	10.913781648672428	TRUE
smansoni_prjeb32839_primary	condition	condition__cercaria_mixed_vs_sporocyst_32d_mixed	cercaria_mixed	sporocyst_32d_mixed	Smp_025550	Writers	Smp_025550	Smp_025550		3109.91939540225	-0.898214327130979	0.134990173444348	-6.65392379469222	2.85380476282063e-11	9.9883166698722e-11	protein_coding	DEGs_all_results.tsv	.	.	unknown	. | condition__cercaria_mixed_vs_sporocyst_32d_mixed	9.9883166698722e-11	-0.898214327130979	10.00050769721797	FALSE
smansoni_prjeb32839_primary	condition	condition__cercaria_mixed_vs_sporocyst_32d_mixed	cercaria_mixed	sporocyst_32d_mixed	Smp_171150	Writers	Smp_171150	Smp_171150		2852.5025064119	-0.854413056245537	0.130545621200722	-6.54493845436471	5.95198922928328e-11	2.04300829876416e-10	protein_coding	DEGs_all_results.tsv	.	.	unknown	. | condition__cercaria_mixed_vs_sporocyst_32d_mixed	2.04300829876416e-10	-0.854413056245537	9.689729869246083	FALSE
smansoni_prjeb32839_primary	condition	condition__cercaria_mixed_vs_sporocyst_32d_mixed	cercaria_mixed	sporocyst_32d_mixed	Smp_161400	Erasers	Smp_161400	Smp_161400		2441.58736390014	-1.86117221955431	0.288010542221387	-6.46216699291399	1.03214103038203e-10	3.47216642259146e-10	protein_coding	DEGs_all_results.tsv	.	.	unknown	. | condition__cercaria_mixed_vs_sporocyst_32d_mixed	3.47216642259146e-10	-1.86117221955431	9.459399467055169	TRUE
smansoni_prjeb32839_primary	condition	condition__cercaria_mixed_vs_sporocyst_32d_mixed	cercaria_mixed	sporocyst_32d_mixed	Smp_121610	Writers	Smp_121610	Smp_121610		1473.81819604994	-0.728231873016687	0.146957077593346	-4.95540524446071	7.21796920912723e-07	1.81955297992063e-06	protein_coding	DEGs_all_results.tsv	.	.	unknown	. | condition__cercaria_mixed_vs_sporocyst_32d_mixed	1.81955297992063e-6	-0.728231873016687	5.740035294542047	FALSE
smansoni_prjeb32839_primary	condition	condition__cercaria_mixed_vs_sporocyst_32d_mixed	cercaria_mixed	sporocyst_32d_mixed	Smp_159100	Readers	Smp_159100	Smp_159100		5410.19369593177	-1.14905462766113	0.241403275911442	-4.7598965810334	1.93692182086507e-06	4.68944011355408e-06	protein_coding	DEGs_all_results.tsv	.	.	unknown	. | condition__cercaria_mixed_vs_sporocyst_32d_mixed	4.68944011355408e-6	-1.14905462766113	5.328879005922213	TRUE
smansoni_prjeb32839_primary	condition	condition__cercaria_mixed_vs_sporocyst_32d_mixed	cercaria_mixed	sporocyst_32d_mixed	Smp_019170	Erasers	Smp_019170	Smp_019170		4714.66907905883	-0.953705740401795	0.223909815661516	-4.25932975552759	2.05040795936243e-05	4.55201730724154e-05	protein_coding	DEGs_all_results.tsv	.	.	unknown	. | condition__cercaria_mixed_vs_sporocyst_32d_mixed	4.55201730724154e-5	-0.953705740401795	4.3417960953772186	FALSE
smansoni_prjeb32839_primary	condition	condition__cercaria_mixed_vs_sporocyst_32d_mixed	cercaria_mixed	sporocyst_32d_mixed	Smp_144550	Readers	Smp_144550	Smp_144550		2174.17282964795	-1.09427502924395	0.260336881800744	-4.20330389484145	2.6304705187491e-05	5.77947563908367e-05	protein_coding	DEGs_all_results.tsv	.	.	unknown	. | condition__cercaria_mixed_vs_sporocyst_32d_mixed	5.77947563908367e-5	-1.09427502924395	4.238111562510751	TRUE
smansoni_prjeb32839_primary	condition	condition__cercaria_mixed_vs_sporocyst_32d_mixed	cercaria_mixed	sporocyst_32d_mixed	Smp_132170	Erasers	Smp_132170	Smp_132170		2212.38725938966	0.855394127564156	0.204036992565972	4.19234824433896	2.76081759796335e-05	6.04550481397838e-05	protein_coding	DEGs_all_results.tsv	.	.	unknown	. | condition__cercaria_mixed_vs_sporocyst_32d_mixed	6.04550481397838e-5	0.855394127564156	4.21856742867062	FALSE
smansoni_prjeb32839_primary	condition	condition__cercaria_mixed_vs_sporocyst_32d_mixed	cercaria_mixed	sporocyst_32d_mixed	Smp_034000	Erasers	Smp_034000	Smp_034000		5261.5773278667	0.767802825897968	0.194844865289961	3.94058537162554	8.12830160560523e-05	0.00016909770304518	protein_coding	DEGs_all_results.tsv	.	.	unknown	. | condition__cercaria_mixed_vs_sporocyst_32d_mixed	1.6909770304518e-4	0.767802825897968	3.771862291642818	FALSE
smansoni_prjeb32839_primary	condition	condition__cercaria_mixed_vs_sporocyst_32d_mixed	cercaria_mixed	sporocyst_32d_mixed	Smp_149240	Readers	Smp_149240	Smp_149240		1851.74953481769	0.940108647592163	0.300070323960214	3.13296108453834	0.00173052384575626	0.00307237052876828	protein_coding	DEGs_all_results.tsv	.	.	unknown	. | condition__cercaria_mixed_vs_sporocyst_32d_mixed	0.00307237052876828	0.940108647592163	2.5125264094427244	FALSE
smansoni_prjeb32839_primary	condition	condition__cercaria_mixed_vs_sporocyst_32d_mixed	cercaria_mixed	sporocyst_32d_mixed	Smp_041760	Readers	Smp_041760	Smp_041760		10038.6207043123	0.855304891335559	0.278140041706119	3.07508723335588	0.00210440993263738	0.00369455625304751	protein_coding	DEGs_all_results.tsv	.	.	unknown	. | condition__cercaria_mixed_vs_sporocyst_32d_mixed	0.00369455625304751	0.855304891335559	2.432437716518361	FALSE
smansoni_prjeb32839_primary	condition	condition__cercaria_mixed_vs_sporocyst_32d_mixed	cercaria_mixed	sporocyst_32d_mixed	Smp_079650	Readers	Smp_079650	Smp_079650		7141.36997642743	-0.801490501309528	0.265314049069481	-3.02091240219108	0.0025201425696951	0.00438281769806935	protein_coding	DEGs_all_results.tsv	.	.	unknown	. | condition__cercaria_mixed_vs_sporocyst_32d_mixed	0.00438281769806935	-0.801490501309528	2.3582465933134333	FALSE
smansoni_prjeb32839_primary	condition	condition__cercaria_mixed_vs_sporocyst_32d_mixed	cercaria_mixed	sporocyst_32d_mixed	Smp_001500	Grupo HP1	Smp_001500	Smp_001500		7803.69738487252	-0.789132954719369	0.269505705777859	-2.92807513088355	0.00341067618563894	0.00582493493065666	protein_coding	DEGs_all_results.tsv	.	.	unknown	. | condition__cercaria_mixed_vs_sporocyst_32d_mixed	0.00582493493065666	-0.789132954719369	2.2347089217035903	FALSE
smansoni_prjeb32839_primary	condition	condition__cercaria_mixed_vs_sporocyst_32d_mixed	cercaria_mixed	sporocyst_32d_mixed	Smp_006250	Readers	Smp_006250	Smp_006250		3422.78105474812	-0.526035304117656	0.228184330821247	-2.30530861704846	0.0211492952829427	0.0320928831817145	protein_coding	DEGs_all_results.tsv	.	.	unknown	. | condition__cercaria_mixed_vs_sporocyst_32d_mixed	0.0320928831817145	-0.526035304117656	1.4935912647162282	FALSE
smansoni_prjeb32839_primary	condition	condition__cercaria_mixed_vs_sporocyst_32d_mixed	cercaria_mixed	sporocyst_32d_mixed	Smp_150850	Readers; Writers	Smp_150850	Smp_150850		2849.62204563661	-0.558655322025397	0.275868268658757	-2.02508003092027	0.0428591470393088	0.0616340356982625	protein_coding	DEGs_all_results.tsv	.	.	unknown	. | condition__cercaria_mixed_vs_sporocyst_32d_mixed	0.0616340356982625	-0.558655322025397	1.2101793944289323	FALSE
smansoni_prjeb32839_primary	condition	condition__cercaria_mixed_vs_sporocyst_32d_mixed	cercaria_mixed	sporocyst_32d_mixed	Smp_210660	Writers	Smp_210660	Smp_210660		3236.48500527467	-0.39003489968319	0.214576555263386	-1.81769578323426	0.0691106426083531	0.0956195035438066	protein_coding	DEGs_all_results.tsv	.	.	unknown	. | condition__cercaria_mixed_vs_sporocyst_32d_mixed	0.0956195035438066	-0.39003489968319	1.019453515490104	FALSE
smansoni_prjeb32839_primary	condition	condition__cercaria_mixed_vs_sporocyst_32d_mixed	cercaria_mixed	sporocyst_32d_mixed	Smp_175680	Readers	Smp_175680	Smp_175680		3526.19745209693	0.314168559640743	0.193761861936214	1.6214158787562	0.104928477599004	0.139770580923052	protein_coding	DEGs_all_results.tsv	.	.	unknown	. | condition__cercaria_mixed_vs_sporocyst_32d_mixed	0.139770580923052	0.314168559640743	0.8545842297870312	FALSE
smansoni_prjeb32839_primary	condition	condition__cercaria_mixed_vs_sporocyst_32d_mixed	cercaria_mixed	sporocyst_32d_mixed	Smp_105690	Readers	Smp_105690	Smp_105690		3486.66851744267	-0.286722188572988	0.207199749091835	-1.38379602209801	0.166420921429273	0.21274920145093	protein_coding	DEGs_all_results.tsv	.	.	unknown	. | condition__cercaria_mixed_vs_sporocyst_32d_mixed	0.21274920145093	-0.286722188572988	0.6721320613543287	FALSE
smansoni_prjeb32839_primary	condition	condition__cercaria_mixed_vs_sporocyst_32d_mixed	cercaria_mixed	sporocyst_32d_mixed	Smp_062530	Writers	Smp_062530	Smp_062530		3786.4864984404	-0.334929278139605	0.242273171074693	-1.38244476948851	0.166835177786407	0.213167391280556	protein_coding	DEGs_all_results.tsv	.	.	unknown	. | condition__cercaria_mixed_vs_sporocyst_32d_mixed	0.213167391280556	-0.334929278139605	0.6712792296175208	FALSE
smansoni_prjeb32839_primary	condition	condition__cercaria_mixed_vs_sporocyst_32d_mixed	cercaria_mixed	sporocyst_32d_mixed	Smp_074050	Readers	Smp_074050	Smp_074050		2224.11599618866	-0.213260807016919	0.257487448874179	-0.828237678960143	0.407535909090432	0.476424131687846	protein_coding	DEGs_all_results.tsv	.	.	unknown	. | condition__cercaria_mixed_vs_sporocyst_32d_mixed	0.476424131687846	-0.213260807016919	0.32200624888228147	FALSE
smansoni_prjeb32839_primary	condition	condition__cercaria_mixed_vs_sporocyst_32d_mixed	cercaria_mixed	sporocyst_32d_mixed	Smp_138030	Writers	Smp_138030	Smp_138030		6320.32292692495	-0.249005321450233	0.306184561125873	-0.813252374759246	0.416073376391921	0.485245389270807	protein_coding	DEGs_all_results.tsv	.	.	unknown	. | condition__cercaria_mixed_vs_sporocyst_32d_mixed	0.485245389270807	-0.249005321450233	0.3140385825212778	FALSE
smansoni_prjeb32839_primary	condition	condition__cercaria_mixed_vs_sporocyst_32d_mixed	cercaria_mixed	sporocyst_32d_mixed	Smp_149380	Writers	Smp_149380	Smp_149380		973.408907422443	-0.126362763759317	0.170611932112948	-0.740644351156299	0.458909109083368	0.528582701109033	protein_coding	DEGs_all_results.tsv	.	.	unknown	. | condition__cercaria_mixed_vs_sporocyst_32d_mixed	0.528582701109033	-0.126362763759317	0.2768870540984142	FALSE
smansoni_prjeb32839_primary	condition	condition__cercaria_mixed_vs_sporocyst_32d_mixed	cercaria_mixed	sporocyst_32d_mixed	Smp_130470	Readers	Smp_130470	Smp_130470		4406.54504313159	0.228703738724626	0.311974451293896	0.733084833633303	0.463506689707249	0.532942834622857	protein_coding	DEGs_all_results.tsv	.	.	unknown	. | condition__cercaria_mixed_vs_sporocyst_32d_mixed	0.532942834622857	0.228703738724626	0.27331937247304766	FALSE
smansoni_prjeb32839_primary	condition	condition__cercaria_mixed_vs_sporocyst_32d_mixed	cercaria_mixed	sporocyst_32d_mixed	Smp_156290	Erasers	Smp_156290	Smp_156290		4982.27006344466	0.139162876885023	0.240882127042025	0.57772188660865	0.563451900144863	0.629229749494195	protein_coding	DEGs_all_results.tsv	.	.	unknown	. | condition__cercaria_mixed_vs_sporocyst_32d_mixed	0.629229749494195	0.139162876885023	0.20119075245730336	FALSE
smansoni_prjeb32839_primary	condition	condition__cercaria_mixed_vs_sporocyst_32d_mixed	cercaria_mixed	sporocyst_32d_mixed	Smp_144180	Writers	Smp_144180	Smp_144180		2917.87617118486	0.146605314840121	0.297313387768626	0.493100280281397	0.621941732838926	0.683779552585297	protein_coding	DEGs_all_results.tsv	.	.	unknown	. | condition__cercaria_mixed_vs_sporocyst_32d_mixed	0.683779552585297	0.146605314840121	0.1650838902784531	FALSE
smansoni_prjeb32839_primary	condition	condition__cercaria_mixed_vs_sporocyst_32d_mixed	cercaria_mixed	sporocyst_32d_mixed	Smp_165000	Writers	Smp_165000	Smp_165000		4224.12638846006	-0.103106914135883	0.218079304967591	-0.472795500477248	0.636359084531893	0.696890107568163	protein_coding	DEGs_all_results.tsv	.	.	unknown	. | condition__cercaria_mixed_vs_sporocyst_32d_mixed	0.696890107568163	-0.103106914135883	0.15683570029435373	FALSE
smansoni_prjeb32839_primary	condition	condition__cercaria_mixed_vs_sporocyst_32d_mixed	cercaria_mixed	sporocyst_32d_mixed	Smp_170390	Readers	Smp_170390	Smp_170390		2105.04043966555	0.0629099927968316	0.154549902805047	0.407052943127293	0.683969103852985	0.742053398038283	protein_coding	DEGs_all_results.tsv	.	.	unknown	. | condition__cercaria_mixed_vs_sporocyst_32d_mixed	0.742053398038283	0.0629099927968316	0.12956484183827827	FALSE
smansoni_prjeb32839_primary	condition	condition__cercaria_mixed_vs_sporocyst_32d_mixed	cercaria_mixed	sporocyst_32d_mixed	Smp_041750	Readers	Smp_041750	Smp_041750		3557.60311615714	0.0972100261061816	0.271514696541128	0.358028597879071	0.720321912196667	0.775229858993902	protein_coding	DEGs_all_results.tsv	.	.	unknown	. | condition__cercaria_mixed_vs_sporocyst_32d_mixed	0.775229858993902	0.0972100261061816	0.11056950821406146	FALSE
smansoni_prjeb32839_primary	condition	condition__cercaria_mixed_vs_sporocyst_32d_mixed	cercaria_mixed	sporocyst_32d_mixed	Smp_070170	Writers	Smp_070170	Smp_070170		2067.50396203447	0.0674966461927846	0.239047659239022	0.282356440584492	0.777670211985215	0.827024635349632	protein_coding	DEGs_all_results.tsv	.	.	unknown	. | condition__cercaria_mixed_vs_sporocyst_32d_mixed	0.827024635349632	0.0674966461927846	0.08248155352235914	FALSE
smansoni_prjeb32839_primary	condition	condition__cercaria_mixed_vs_sporocyst_32d_mixed	cercaria_mixed	sporocyst_32d_mixed	Smp_125340	Readers	Smp_125340	Smp_125340		2437.82035409337	0.0757408939065697	0.296472631349285	0.255473476799066	0.798357426537117	0.844619002820781	protein_coding	DEGs_all_results.tsv	.	.	unknown	. | condition__cercaria_mixed_vs_sporocyst_32d_mixed	0.844619002820781	0.0757408939065697	0.07333915174444493	FALSE
smansoni_prjeb32839_primary	condition	condition__cercaria_mixed_vs_sporocyst_32d_mixed	cercaria_mixed	sporocyst_32d_mixed	Smp_210650	Writers	Smp_210650	Smp_210650		2584.66291222506	-0.053167443086257	0.251721877435462	-0.211215026790384	0.832719485569303	0.874824786449941	protein_coding	DEGs_all_results.tsv	.	.	unknown	. | condition__cercaria_mixed_vs_sporocyst_32d_mixed	0.874824786449941	-0.053167443086257	0.05807892057503076	FALSE
smansoni_prjeb32839_primary	condition	condition__cercaria_mixed_vs_sporocyst_32d_mixed	cercaria_mixed	sporocyst_32d_mixed	Smp_000700	Writers	Smp_000700	Smp_000700		2324.15466325394	0.0113722259236366	0.132568058120028	0.0857840575241746	0.931638080009115	0.95766914400937	protein_coding	DEGs_all_results.tsv	.	.	unknown	. | condition__cercaria_mixed_vs_sporocyst_32d_mixed	0.95766914400937	0.0113722259236366	0.018784505273269192	FALSE
smansoni_prjeb32839_primary	condition	condition__cercaria_mixed_vs_sporocyst_32d_mixed	cercaria_mixed	sporocyst_32d_mixed	Smp_179650	Grupo HP1; Readers	Smp_179650	Smp_179650		19222.6291106233	0.0123659909757207	0.164391351774453	0.0752228802929183	0.940037380085108	0.964397342058771	protein_coding	DEGs_all_results.tsv	.	.	unknown	. | condition__cercaria_mixed_vs_sporocyst_32d_mixed	0.964397342058771	0.0123659909757207	0.0157439952365164	FALSE
smansoni_prjeb32839_primary	condition	condition__schistosomulum_2d_mixed_vs_cercaria_mixed	schistosomulum_2d_mixed	cercaria_mixed	Smp_027300	Readers; Writers	Smp_027300	Smp_027300		1296.29458990007	1.70298839119225	0.15975570699738	10.6599533950933	1.56675935387651e-26	2.33013784757379e-25	protein_coding	DEGs_all_results.tsv	.	.	unknown	. | condition__schistosomulum_2d_mixed_vs_cercaria_mixed	2.33013784757379e-25	1.70298839119225	24.63261838598265	TRUE
smansoni_prjeb32839_primary	condition	condition__schistosomulum_2d_mixed_vs_cercaria_mixed	schistosomulum_2d_mixed	cercaria_mixed	Smp_160700	Writers	Smp_160700	Smp_160700		2877.4654408921	-2.31109969352182	0.242121083867261	-9.54522281417193	1.35815334310998e-21	1.53651891510685e-20	protein_coding	DEGs_all_results.tsv	.	.	unknown	. | condition__schistosomulum_2d_mixed_vs_cercaria_mixed	1.53651891510685e-20	-2.31109969352182	19.813462089051622	TRUE
smansoni_prjeb32839_primary	condition	condition__schistosomulum_2d_mixed_vs_cercaria_mixed	schistosomulum_2d_mixed	cercaria_mixed	Smp_140390	Writers	Smp_140390	Smp_140390		6169.75930938339	-0.957078150476959	0.106702295050009	-8.96961166606959	2.97561660082027e-19	2.9032287194045e-18	protein_coding	DEGs_all_results.tsv	.	.	unknown	. | condition__schistosomulum_2d_mixed_vs_cercaria_mixed	2.9032287194045e-18	-0.957078150476959	17.537118748645607	FALSE
smansoni_prjeb32839_primary	condition	condition__schistosomulum_2d_mixed_vs_cercaria_mixed	schistosomulum_2d_mixed	cercaria_mixed	Smp_179650	Grupo HP1; Readers	Smp_179650	Smp_179650		19222.6291106233	-1.29437704242779	0.164353652760143	-7.87555993243911	3.39220220373198e-15	2.46444623353535e-14	protein_coding	DEGs_all_results.tsv	.	.	unknown	. | condition__schistosomulum_2d_mixed_vs_cercaria_mixed	2.46444623353535e-14	-1.29437704242779	13.60828065234538	TRUE
smansoni_prjeb32839_primary	condition	condition__schistosomulum_2d_mixed_vs_cercaria_mixed	schistosomulum_2d_mixed	cercaria_mixed	Smp_162940	Erasers	Smp_162940	Smp_162940		1232.13731224705	1.5671382745978	0.207279519760151	7.5605070699275	4.01501060341835e-14	2.69300162885894e-13	protein_coding	DEGs_all_results.tsv	.	.	unknown	. | condition__schistosomulum_2d_mixed_vs_cercaria_mixed	2.69300162885894e-13	1.5671382745978	12.569763383905892	TRUE
smansoni_prjeb32839_primary	condition	condition__schistosomulum_2d_mixed_vs_cercaria_mixed	schistosomulum_2d_mixed	cercaria_mixed	Smp_160810	Erasers	Smp_160810	Smp_160810		2978.31204166108	-1.3126934026548	0.178241631662943	-7.36468461608967	1.7756616050118e-13	1.13424441688286e-12	protein_coding	DEGs_all_results.tsv	.	.	unknown	. | condition__schistosomulum_2d_mixed_vs_cercaria_mixed	1.13424441688286e-12	-1.3126934026548	11.945293349794309	TRUE
smansoni_prjeb32839_primary	condition	condition__schistosomulum_2d_mixed_vs_cercaria_mixed	schistosomulum_2d_mixed	cercaria_mixed	Smp_055310	Writers	Smp_055310	Smp_055310		1119.11714353247	1.04457059440128	0.143125295972386	7.29829473752019	2.91437681117789e-13	1.82587013279045e-12	protein_coding	DEGs_all_results.tsv	.	.	unknown	. | condition__schistosomulum_2d_mixed_vs_cercaria_mixed	1.82587013279045e-12	1.04457059440128	11.73853011542068	TRUE
smansoni_prjeb32839_primary	condition	condition__schistosomulum_2d_mixed_vs_cercaria_mixed	schistosomulum_2d_mixed	cercaria_mixed	Smp_025550	Writers	Smp_025550	Smp_025550		3109.91939540225	0.974436365817868	0.134186025948289	7.26183191529485	3.81882569167798e-13	2.36525495055447e-12	protein_coding	DEGs_all_results.tsv	.	.	unknown	. | condition__schistosomulum_2d_mixed_vs_cercaria_mixed	2.36525495055447e-12	0.974436365817868	11.626122039851621	FALSE
smansoni_prjeb32839_primary	condition	condition__schistosomulum_2d_mixed_vs_cercaria_mixed	schistosomulum_2d_mixed	cercaria_mixed	Smp_043580	Writers	Smp_043580	Smp_043580		1578.01657255372	-1.03235889901933	0.146958244695262	-7.02484505826855	2.14303928249857e-12	1.23654377467753e-11	protein_coding	DEGs_all_results.tsv	.	.	unknown	. | condition__schistosomulum_2d_mixed_vs_cercaria_mixed	1.23654377467753e-11	-1.03235889901933	10.907790504644867	TRUE
smansoni_prjeb32839_primary	condition	condition__schistosomulum_2d_mixed_vs_cercaria_mixed	schistosomulum_2d_mixed	cercaria_mixed	Smp_150560	Erasers	Smp_150560	Smp_150560		1710.56171763612	1.28530813482325	0.204380618442102	6.28879658267282	3.19936362702081e-10	1.52801232084069e-09	protein_coding	DEGs_all_results.tsv	.	.	unknown	. | condition__schistosomulum_2d_mixed_vs_cercaria_mixed	1.52801232084069e-9	1.28530813482325	8.81587314389413	TRUE
smansoni_prjeb32839_primary	condition	condition__schistosomulum_2d_mixed_vs_cercaria_mixed	schistosomulum_2d_mixed	cercaria_mixed	Smp_070340	Writers	Smp_070340	Smp_070340		4500.55093089513	1.11926406739134	0.207053363535249	5.40567923302921	6.45632513840466e-08	2.442272818107e-07	protein_coding	DEGs_all_results.tsv	.	.	unknown	. | condition__schistosomulum_2d_mixed_vs_cercaria_mixed	2.442272818107e-7	1.11926406739134	6.612205824101007	TRUE
smansoni_prjeb32839_primary	condition	condition__schistosomulum_2d_mixed_vs_cercaria_mixed	schistosomulum_2d_mixed	cercaria_mixed	Smp_078900	Writers	Smp_078900	Smp_078900		2009.81033749387	1.01154620498198	0.20103177441311	5.03177275301418	4.85965097774224e-07	1.66806539699002e-06	protein_coding	DEGs_all_results.tsv	.	.	unknown	. | condition__schistosomulum_2d_mixed_vs_cercaria_mixed	1.66806539699002e-6	1.01154620498198	5.777786926722773	TRUE
smansoni_prjeb32839_primary	condition	condition__schistosomulum_2d_mixed_vs_cercaria_mixed	schistosomulum_2d_mixed	cercaria_mixed	Smp_161400	Erasers	Smp_161400	Smp_161400		2441.58736390014	1.36852849617047	0.287668419977509	4.7573122426072	1.96187588753519e-06	6.26596522043712e-06	protein_coding	DEGs_all_results.tsv	.	.	unknown	. | condition__schistosomulum_2d_mixed_vs_cercaria_mixed	6.26596522043712e-6	1.36852849617047	5.203012020021528	TRUE
smansoni_prjeb32839_primary	condition	condition__schistosomulum_2d_mixed_vs_cercaria_mixed	schistosomulum_2d_mixed	cercaria_mixed	Smp_149240	Readers	Smp_149240	Smp_149240		1851.74953481769	-1.29482458372735	0.299491457275248	-4.32341074268887	1.53635312350703e-05	4.41808747183068e-05	protein_coding	DEGs_all_results.tsv	.	.	unknown	. | condition__schistosomulum_2d_mixed_vs_cercaria_mixed	4.41808747183068e-5	-1.29482458372735	4.354765689968132	TRUE
smansoni_prjeb32839_primary	condition	condition__schistosomulum_2d_mixed_vs_cercaria_mixed	schistosomulum_2d_mixed	cercaria_mixed	Smp_144550	Readers	Smp_144550	Smp_144550		2174.17282964795	1.10529146922316	0.259588222362484	4.2578644715235	2.06389002108759e-05	5.84579674279687e-05	protein_coding	DEGs_all_results.tsv	.	.	unknown	. | condition__schistosomulum_2d_mixed_vs_cercaria_mixed	5.84579674279687e-5	1.10529146922316	4.233156289049799	TRUE
smansoni_prjeb32839_primary	condition	condition__schistosomulum_2d_mixed_vs_cercaria_mixed	schistosomulum_2d_mixed	cercaria_mixed	Smp_149380	Writers	Smp_149380	Smp_149380		973.408907422443	0.646533226669593	0.167755497127166	3.85402110656017	0.000116193572057293	0.000297428798365857	protein_coding	DEGs_all_results.tsv	.	.	unknown	. | condition__schistosomulum_2d_mixed_vs_cercaria_mixed	2.97428798365857e-4	0.646533226669593	3.526616983474219	FALSE
smansoni_prjeb32839_primary	condition	condition__schistosomulum_2d_mixed_vs_cercaria_mixed	schistosomulum_2d_mixed	cercaria_mixed	Smp_019170	Erasers	Smp_019170	Smp_019170		4714.66907905883	0.670442294585931	0.223686686830086	2.99723825358996	0.00272437700383368	0.005617520724719	protein_coding	DEGs_all_results.tsv	.	.	unknown	. | condition__schistosomulum_2d_mixed_vs_cercaria_mixed	0.005617520724719	0.670442294585931	2.250455316663262	FALSE
smansoni_prjeb32839_primary	condition	condition__schistosomulum_2d_mixed_vs_cercaria_mixed	schistosomulum_2d_mixed	cercaria_mixed	Smp_171150	Writers	Smp_171150	Smp_171150		2852.5025064119	0.380834670972152	0.129911808822274	2.93148617069256	0.00337344385652218	0.00684055565269913	protein_coding	DEGs_all_results.tsv	.	.	unknown	. | condition__schistosomulum_2d_mixed_vs_cercaria_mixed	0.00684055565269913	0.380834670972152	2.1649086194641183	FALSE
smansoni_prjeb32839_primary	condition	condition__schistosomulum_2d_mixed_vs_cercaria_mixed	schistosomulum_2d_mixed	cercaria_mixed	Smp_029240	Writers	PRMT1	PRMT1 | Smp_029240		11423.8059699232	0.492794309538306	0.169623030275916	2.90523231861089	0.00366980600207752	0.00738033734819782	protein_coding	DEGs_all_results.tsv	.	.	unknown	. | condition__schistosomulum_2d_mixed_vs_cercaria_mixed	0.00738033734819782	0.492794309538306	2.131923786535717	FALSE
smansoni_prjeb32839_primary	condition	condition__schistosomulum_2d_mixed_vs_cercaria_mixed	schistosomulum_2d_mixed	cercaria_mixed	Smp_034000	Erasers	Smp_034000	Smp_034000		5261.5773278667	-0.549336374915346	0.194447154092936	-2.82511913058285	0.00472630400540611	0.00931365505374631	protein_coding	DEGs_all_results.tsv	.	.	unknown	. | condition__schistosomulum_2d_mixed_vs_cercaria_mixed	0.00931365505374631	-0.549336374915346	2.0308798509028247	FALSE
smansoni_prjeb32839_primary	condition	condition__schistosomulum_2d_mixed_vs_cercaria_mixed	schistosomulum_2d_mixed	cercaria_mixed	Smp_130470	Readers	Smp_130470	Smp_130470		4406.54504313159	-0.850577863424847	0.311787095670291	-2.72807269844265	0.00637055664506034	0.0122528041133177	protein_coding	DEGs_all_results.tsv	.	.	unknown	. | condition__schistosomulum_2d_mixed_vs_cercaria_mixed	0.0122528041133177	-0.850577863424847	1.9117645095379039	FALSE
smansoni_prjeb32839_primary	condition	condition__schistosomulum_2d_mixed_vs_cercaria_mixed	schistosomulum_2d_mixed	cercaria_mixed	Smp_001500	Grupo HP1	Smp_001500	Smp_001500		7803.69738487252	0.696332870738689	0.26932146881931	2.58550821734105	0.00972355550024359	0.0180012701712796	protein_coding	DEGs_all_results.tsv	.	.	unknown	. | condition__schistosomulum_2d_mixed_vs_cercaria_mixed	0.0180012701712796	0.696332870738689	1.7446968499569233	FALSE
smansoni_prjeb32839_primary	condition	condition__schistosomulum_2d_mixed_vs_cercaria_mixed	schistosomulum_2d_mixed	cercaria_mixed	Smp_132170	Erasers	Smp_132170	Smp_132170		2212.38725938966	-0.498871241525185	0.20308695826296	-2.45644154500181	0.0140320628752275	0.0251543812597501	protein_coding	DEGs_all_results.tsv	.	.	unknown	. | condition__schistosomulum_2d_mixed_vs_cercaria_mixed	0.0251543812597501	-0.498871241525185	1.5993863608578565	FALSE
smansoni_prjeb32839_primary	condition	condition__schistosomulum_2d_mixed_vs_cercaria_mixed	schistosomulum_2d_mixed	cercaria_mixed	Smp_159100	Readers	Smp_159100	Smp_159100		5410.19369593177	0.560308987052338	0.241220987334943	2.32280363845096	0.0201897035355167	0.0351309457323197	protein_coding	DEGs_all_results.tsv	.	.	unknown	. | condition__schistosomulum_2d_mixed_vs_cercaria_mixed	0.0351309457323197	0.560308987052338	1.4543101587533962	FALSE
smansoni_prjeb32839_primary	condition	condition__schistosomulum_2d_mixed_vs_cercaria_mixed	schistosomulum_2d_mixed	cercaria_mixed	Smp_170390	Readers	Smp_170390	Smp_170390		2105.04043966555	-0.318985780640653	0.153545669139938	-2.07746517650026	0.0377586460851503	0.0617696607471215	protein_coding	DEGs_all_results.tsv	.	.	unknown	. | condition__schistosomulum_2d_mixed_vs_cercaria_mixed	0.0617696607471215	-0.318985780640653	1.2092247838987915	FALSE
smansoni_prjeb32839_primary	condition	condition__schistosomulum_2d_mixed_vs_cercaria_mixed	schistosomulum_2d_mixed	cercaria_mixed	Smp_041760	Readers	Smp_041760	Smp_041760		10038.6207043123	-0.561355254537653	0.277960400375154	-2.01955117988033	0.0434299634771882	0.0700751232626157	protein_coding	DEGs_all_results.tsv	.	.	unknown	. | condition__schistosomulum_2d_mixed_vs_cercaria_mixed	0.0700751232626157	-0.561355254537653	1.1544361296400738	FALSE
smansoni_prjeb32839_primary	condition	condition__schistosomulum_2d_mixed_vs_cercaria_mixed	schistosomulum_2d_mixed	cercaria_mixed	Smp_121610	Writers	Smp_121610	Smp_121610		1473.81819604994	0.290651856532396	0.145916731319844	1.99190218903204	0.0463817907521074	0.0744695987366896	protein_coding	DEGs_all_results.tsv	.	.	unknown	. | condition__schistosomulum_2d_mixed_vs_cercaria_mixed	0.0744695987366896	0.290651856532396	1.1280209862521187	FALSE
smansoni_prjeb32839_primary	condition	condition__schistosomulum_2d_mixed_vs_cercaria_mixed	schistosomulum_2d_mixed	cercaria_mixed	Smp_210650	Writers	Smp_210650	Smp_210650		2584.66291222506	-0.419984197380482	0.251358145437985	-1.67085970756456	0.0947493917203029	0.140870050445142	protein_coding	DEGs_all_results.tsv	.	.	unknown	. | condition__schistosomulum_2d_mixed_vs_cercaria_mixed	0.140870050445142	-0.419984197380482	0.8511813298784041	FALSE
smansoni_prjeb32839_primary	condition	condition__schistosomulum_2d_mixed_vs_cercaria_mixed	schistosomulum_2d_mixed	cercaria_mixed	Smp_000700	Writers	Smp_000700	Smp_000700		2324.15466325394	-0.212019495374476	0.131458529659005	-1.61282418055672	0.106782711150858	0.156785538082865	protein_coding	DEGs_all_results.tsv	.	.	unknown	. | condition__schistosomulum_2d_mixed_vs_cercaria_mixed	0.156785538082865	-0.212019495374476	0.8046939991800769	FALSE
smansoni_prjeb32839_primary	condition	condition__schistosomulum_2d_mixed_vs_cercaria_mixed	schistosomulum_2d_mixed	cercaria_mixed	Smp_175680	Readers	Smp_175680	Smp_175680		3526.19745209693	-0.302159166206377	0.193144369245659	-1.56442130509155	0.117718660587029	0.171046000371888	protein_coding	DEGs_all_results.tsv	.	.	unknown	. | condition__schistosomulum_2d_mixed_vs_cercaria_mixed	0.171046000371888	-0.302159166206377	0.766887076619095	FALSE
smansoni_prjeb32839_primary	condition	condition__schistosomulum_2d_mixed_vs_cercaria_mixed	schistosomulum_2d_mixed	cercaria_mixed	Smp_078280	Readers	Smp_078280	Smp_078280		1064.43362120423	0.298778970216931	0.197386117217477	1.51367773189307	0.130107595426868	0.186554275288986	protein_coding	DEGs_all_results.tsv	.	.	unknown	. | condition__schistosomulum_2d_mixed_vs_cercaria_mixed	0.186554275288986	0.298778970216931	0.7291947937250578	FALSE
smansoni_prjeb32839_primary	condition	condition__schistosomulum_2d_mixed_vs_cercaria_mixed	schistosomulum_2d_mixed	cercaria_mixed	Smp_074050	Readers	Smp_074050	Smp_074050		2224.11599618866	0.382428217608284	0.256883389932044	1.48872302607596	0.136560318985449	0.19452391289543	protein_coding	DEGs_all_results.tsv	.	.	unknown	. | condition__schistosomulum_2d_mixed_vs_cercaria_mixed	0.19452391289543	0.382428217608284	0.7110270030777344	FALSE
smansoni_prjeb32839_primary	condition	condition__schistosomulum_2d_mixed_vs_cercaria_mixed	schistosomulum_2d_mixed	cercaria_mixed	Smp_062530	Writers	Smp_062530	Smp_062530		3786.4864984404	0.357744714087257	0.241932748300881	1.47869487119761	0.139221883688222	0.19785439351916	protein_coding	DEGs_all_results.tsv	.	.	unknown	. | condition__schistosomulum_2d_mixed_vs_cercaria_mixed	0.19785439351916	0.357744714087257	0.7036543014255404	FALSE
smansoni_prjeb32839_primary	condition	condition__schistosomulum_2d_mixed_vs_cercaria_mixed	schistosomulum_2d_mixed	cercaria_mixed	Smp_105690	Readers	Smp_105690	Smp_105690		3486.66851744267	0.288707402308795	0.206711902669847	1.39666559390104	0.162514155184043	0.226600908006723	protein_coding	DEGs_all_results.tsv	.	.	unknown	. | condition__schistosomulum_2d_mixed_vs_cercaria_mixed	0.226600908006723	0.288707402308795	0.6447383542187854	FALSE
smansoni_prjeb32839_primary	condition	condition__schistosomulum_2d_mixed_vs_cercaria_mixed	schistosomulum_2d_mixed	cercaria_mixed	Smp_144180	Writers	Smp_144180	Smp_144180		2917.87617118486	-0.343211707268118	0.296971195202488	-1.15570706119865	0.24780099892253	0.326884100342999	protein_coding	DEGs_all_results.tsv	.	.	unknown	. | condition__schistosomulum_2d_mixed_vs_cercaria_mixed	0.326884100342999	-0.343211707268118	0.4856062030085878	FALSE
smansoni_prjeb32839_primary	condition	condition__schistosomulum_2d_mixed_vs_cercaria_mixed	schistosomulum_2d_mixed	cercaria_mixed	Smp_041750	Readers	Smp_041750	Smp_041750		3557.60311615714	0.274783988568949	0.271056359247855	1.01375222972609	0.310700994871635	0.396831106214281	protein_coding	DEGs_all_results.tsv	.	.	unknown	. | condition__schistosomulum_2d_mixed_vs_cercaria_mixed	0.396831106214281	0.274783988568949	0.4013942923451538	FALSE
smansoni_prjeb32839_primary	condition	condition__schistosomulum_2d_mixed_vs_cercaria_mixed	schistosomulum_2d_mixed	cercaria_mixed	Smp_150850	Readers; Writers	Smp_150850	Smp_150850		2849.62204563661	0.266131031663378	0.275556585736477	0.965794488097946	0.334147027151479	0.421130494230587	protein_coding	DEGs_all_results.tsv	.	.	unknown	. | condition__schistosomulum_2d_mixed_vs_cercaria_mixed	0.421130494230587	0.266131031663378	0.37558331000082373	FALSE
smansoni_prjeb32839_primary	condition	condition__schistosomulum_2d_mixed_vs_cercaria_mixed	schistosomulum_2d_mixed	cercaria_mixed	Smp_006250	Readers	Smp_006250	Smp_006250		3422.78105474812	-0.19411990513088	0.227939271302547	-0.851629927662715	0.394419523580587	0.484289768853152	protein_coding	DEGs_all_results.tsv	.	.	unknown	. | condition__schistosomulum_2d_mixed_vs_cercaria_mixed	0.484289768853152	-0.19411990513088	0.31489470579871026	FALSE
smansoni_prjeb32839_primary	condition	condition__schistosomulum_2d_mixed_vs_cercaria_mixed	schistosomulum_2d_mixed	cercaria_mixed	Smp_210660	Writers	Smp_210660	Smp_210660		3236.48500527467	-0.179040576467387	0.214239557821485	-0.835702697895658	0.40332217714471	0.493610658521528	protein_coding	DEGs_all_results.tsv	.	.	unknown	. | condition__schistosomulum_2d_mixed_vs_cercaria_mixed	0.493610658521528	-0.179040576467387	0.30661547116462784	FALSE
smansoni_prjeb32839_primary	condition	condition__schistosomulum_2d_mixed_vs_cercaria_mixed	schistosomulum_2d_mixed	cercaria_mixed	Smp_079650	Readers	Smp_079650	Smp_079650		7141.36997642743	0.200754944546823	0.265205458353759	0.756978931704473	0.449062484711252	0.540905164545282	protein_coding	DEGs_all_results.tsv	.	.	unknown	. | condition__schistosomulum_2d_mixed_vs_cercaria_mixed	0.540905164545282	0.200754944546823	0.26687887190825954	FALSE
smansoni_prjeb32839_primary	condition	condition__schistosomulum_2d_mixed_vs_cercaria_mixed	schistosomulum_2d_mixed	cercaria_mixed	Smp_125340	Readers	Smp_125340	Smp_125340		2437.82035409337	-0.196997781847505	0.296014275442076	-0.665500951105495	0.505730135419155	0.596561608632093	protein_coding	DEGs_all_results.tsv	.	.	unknown	. | condition__schistosomulum_2d_mixed_vs_cercaria_mixed	0.596561608632093	-0.196997781847505	0.22434469883805075	FALSE
smansoni_prjeb32839_primary	condition	condition__schistosomulum_2d_mixed_vs_cercaria_mixed	schistosomulum_2d_mixed	cercaria_mixed	Smp_156290	Erasers	Smp_156290	Smp_156290		4982.27006344466	-0.156933470435391	0.240615124090834	-0.652217814771058	0.51426066914222	0.604511100087179	protein_coding	DEGs_all_results.tsv	.	.	unknown	. | condition__schistosomulum_2d_mixed_vs_cercaria_mixed	0.604511100087179	-0.156933470435391	0.21859572017566406	FALSE
smansoni_prjeb32839_primary	condition	condition__schistosomulum_2d_mixed_vs_cercaria_mixed	schistosomulum_2d_mixed	cercaria_mixed	Smp_070170	Writers	Smp_070170	Smp_070170		2067.50396203447	0.154572367773938	0.238289735594124	0.648674049633506	0.516549081194816	0.606229708928989	protein_coding	DEGs_all_results.tsv	.	.	unknown	. | condition__schistosomulum_2d_mixed_vs_cercaria_mixed	0.606229708928989	0.154572367773938	0.2173627843858008	FALSE
smansoni_prjeb32839_primary	condition	condition__schistosomulum_2d_mixed_vs_cercaria_mixed	schistosomulum_2d_mixed	cercaria_mixed	Smp_165000	Writers	Smp_165000	Smp_165000		4224.12638846006	-0.0968092936989316	0.21776048149567	-0.444567779396909	0.656632136625663	0.733120603424842	protein_coding	DEGs_all_results.tsv	.	.	unknown	. | condition__schistosomulum_2d_mixed_vs_cercaria_mixed	0.733120603424842	-0.0968092936989316	0.13482457502674616	FALSE
smansoni_prjeb32839_primary	condition	condition__schistosomulum_2d_mixed_vs_cercaria_mixed	schistosomulum_2d_mixed	cercaria_mixed	Smp_138030	Writers	Smp_138030	Smp_138030		6320.32292692495	0.115616806200068	0.306015728625928	0.377813280118674	0.705569307587981	0.775286463514033	protein_coding	DEGs_all_results.tsv	.	.	unknown	. | condition__schistosomulum_2d_mixed_vs_cercaria_mixed	0.775286463514033	0.115616806200068	0.11053779873716303	FALSE
smansoni_prjeb32839_primary	condition	condition__juvenile_26d_female_vs_schistosomulum_2d_female	juvenile_26d_female	schistosomulum_2d_female	Smp_140390	Writers	Smp_140390	Smp_140390		6169.75930938339	-0.897879560986975	0.106977700623166	-8.39314694330358	4.7329944440707e-17	7.99949630909772e-16	protein_coding	DEGs_all_results.tsv	.	.	unknown	. | condition__juvenile_26d_female_vs_schistosomulum_2d_female	7.99949630909772e-16	-0.897879560986975	15.096937357641323	FALSE
smansoni_prjeb32839_primary	condition	condition__juvenile_26d_female_vs_schistosomulum_2d_female	juvenile_26d_female	schistosomulum_2d_female	Smp_000700	Writers	Smp_000700	Smp_000700		2324.15466325394	0.730655138105648	0.131171325453237	5.57023522923941	2.543956386606e-08	1.53389754770957e-07	protein_coding	DEGs_all_results.tsv	.	.	unknown	. | condition__juvenile_26d_female_vs_schistosomulum_2d_female	1.53389754770957e-7	0.730655138105648	6.814203646873543	FALSE
smansoni_prjeb32839_primary	condition	condition__juvenile_26d_female_vs_schistosomulum_2d_female	juvenile_26d_female	schistosomulum_2d_female	Smp_171150	Writers	Smp_171150	Smp_171150		2852.5025064119	-0.626725070602158	0.129845205823259	-4.82670936234053	1.38807461424889e-06	6.54005689698587e-06	protein_coding	DEGs_all_results.tsv	.	.	unknown	. | condition__juvenile_26d_female_vs_schistosomulum_2d_female	6.54005689698587e-6	-0.626725070602158	5.184418473397519	FALSE
smansoni_prjeb32839_primary	condition	condition__juvenile_26d_female_vs_schistosomulum_2d_female	juvenile_26d_female	schistosomulum_2d_female	Smp_149240	Readers	Smp_149240	Smp_149240		1851.74953481769	-1.34419072548946	0.299888997809983	-4.48229423321883	7.38448326424928e-06	3.12562946470344e-05	protein_coding	DEGs_all_results.tsv	.	.	unknown	. | condition__juvenile_26d_female_vs_schistosomulum_2d_female	3.12562946470344e-5	-1.34419072548946	4.50506250775403	TRUE
smansoni_prjeb32839_primary	condition	condition__juvenile_26d_female_vs_schistosomulum_2d_female	juvenile_26d_female	schistosomulum_2d_female	Smp_175680	Readers	Smp_175680	Smp_175680		3526.19745209693	-0.820385004040288	0.19332713594654	-4.24350673806674	2.20053762406304e-05	8.5522085739003e-05	protein_coding	DEGs_all_results.tsv	.	.	unknown	. | condition__juvenile_26d_female_vs_schistosomulum_2d_female	8.5522085739003e-5	-0.820385004040288	4.0679217159623535	FALSE
smansoni_prjeb32839_primary	condition	condition__juvenile_26d_female_vs_schistosomulum_2d_female	juvenile_26d_female	schistosomulum_2d_female	Smp_055310	Writers	Smp_055310	Smp_055310		1119.11714353247	0.54935579075598	0.139003731171714	3.95209384759141	7.74703450433461e-05	0.000273099710588683	protein_coding	DEGs_all_results.tsv	.	.	unknown	. | condition__juvenile_26d_female_vs_schistosomulum_2d_female	2.73099710588683e-4	0.54935579075598	3.5636787600938975	FALSE
smansoni_prjeb32839_primary	condition	condition__juvenile_26d_female_vs_schistosomulum_2d_female	juvenile_26d_female	schistosomulum_2d_female	Smp_132170	Erasers	Smp_132170	Smp_132170		2212.38725938966	-0.690900703374258	0.203361433200899	-3.39740280396098	0.000680287497237237	0.00198547373932705	protein_coding	DEGs_all_results.tsv	.	.	unknown	. | condition__juvenile_26d_female_vs_schistosomulum_2d_female	0.00198547373932705	-0.690900703374258	2.7021358527153216	FALSE
smansoni_prjeb32839_primary	condition	condition__juvenile_26d_female_vs_schistosomulum_2d_female	juvenile_26d_female	schistosomulum_2d_female	Smp_070340	Writers	Smp_070340	Smp_070340		4500.55093089513	-0.688740591769092	0.206847955888568	-3.32969493853797	0.000869411812315604	0.00248483177433426	protein_coding	DEGs_all_results.tsv	.	.	unknown	. | condition__juvenile_26d_female_vs_schistosomulum_2d_female	0.00248483177433426	-0.688740591769092	2.604703008118331	FALSE
smansoni_prjeb32839_primary	condition	condition__juvenile_26d_female_vs_schistosomulum_2d_female	juvenile_26d_female	schistosomulum_2d_female	Smp_062530	Writers	Smp_062530	Smp_062530		3786.4864984404	-0.742114237720184	0.241926241823864	-3.06752269669235	0.00215841068809027	0.00566430866013715	protein_coding	DEGs_all_results.tsv	.	.	unknown	. | condition__juvenile_26d_female_vs_schistosomulum_2d_female	0.00566430866013715	-0.742114237720184	2.246853089050285	FALSE
smansoni_prjeb32839_primary	condition	condition__juvenile_26d_female_vs_schistosomulum_2d_female	juvenile_26d_female	schistosomulum_2d_female	Smp_025550	Writers	Smp_025550	Smp_025550		3109.91939540225	-0.407522773081942	0.133666130092914	-3.04881103985479	0.00229748941639142	0.00597481568663472	protein_coding	DEGs_all_results.tsv	.	.	unknown	. | condition__juvenile_26d_female_vs_schistosomulum_2d_female	0.00597481568663472	-0.407522773081942	2.2236754874529825	FALSE
smansoni_prjeb32839_primary	condition	condition__juvenile_26d_female_vs_schistosomulum_2d_female	juvenile_26d_female	schistosomulum_2d_female	Smp_043580	Writers	Smp_043580	Smp_043580		1578.01657255372	-0.443621423045809	0.147643798371358	-3.00467359915788	0.00265865990230236	0.00682340566586175	protein_coding	DEGs_all_results.tsv	.	.	unknown	. | condition__juvenile_26d_female_vs_schistosomulum_2d_female	0.00682340566586175	-0.443621423045809	2.1659988082293915	FALSE
smansoni_prjeb32839_primary	condition	condition__juvenile_26d_female_vs_schistosomulum_2d_female	juvenile_26d_female	schistosomulum_2d_female	Smp_041760	Readers	Smp_041760	Smp_041760		10038.6207043123	-0.754229816448174	0.277972012846016	-2.71333005336039	0.00666107252396344	0.0154430654720181	protein_coding	DEGs_all_results.tsv	.	.	unknown	. | condition__juvenile_26d_female_vs_schistosomulum_2d_female	0.0154430654720181	-0.754229816448174	1.8112664873267812	FALSE
smansoni_prjeb32839_primary	condition	condition__juvenile_26d_female_vs_schistosomulum_2d_female	juvenile_26d_female	schistosomulum_2d_female	Smp_162940	Erasers	Smp_162940	Smp_162940		1232.13731224705	0.534895239323381	0.204032724210943	2.62161494628857	0.00875142450087384	0.0196020691612615	protein_coding	DEGs_all_results.tsv	.	.	unknown	. | condition__juvenile_26d_female_vs_schistosomulum_2d_female	0.0196020691612615	0.534895239323381	1.7076980828329278	FALSE
smansoni_prjeb32839_primary	condition	condition__juvenile_26d_female_vs_schistosomulum_2d_female	juvenile_26d_female	schistosomulum_2d_female	Smp_144550	Readers	Smp_144550	Smp_144550		2174.17282964795	0.673844908660194	0.258744011938627	2.60429180026793	0.00920643370720283	0.0204759455133379	protein_coding	DEGs_all_results.tsv	.	.	unknown	. | condition__juvenile_26d_female_vs_schistosomulum_2d_female	0.0204759455133379	0.673844908660194	1.6887560347814996	FALSE
smansoni_prjeb32839_primary	condition	condition__juvenile_26d_female_vs_schistosomulum_2d_female	juvenile_26d_female	schistosomulum_2d_female	Smp_161400	Erasers	Smp_161400	Smp_161400		2441.58736390014	0.604904048396057	0.286744926103861	2.10955449714551	0.0348967472305762	0.0661980417348864	protein_coding	DEGs_all_results.tsv	.	.	unknown	. | condition__juvenile_26d_female_vs_schistosomulum_2d_female	0.0661980417348864	0.604904048396057	1.1791548576344992	FALSE
smansoni_prjeb32839_primary	condition	condition__juvenile_26d_female_vs_schistosomulum_2d_female	juvenile_26d_female	schistosomulum_2d_female	Smp_159100	Readers	Smp_159100	Smp_159100		5410.19369593177	0.460528763548803	0.241115007272562	1.90999626592388	0.0561336941034573	0.099786436057481	protein_coding	DEGs_all_results.tsv	.	.	unknown	. | condition__juvenile_26d_female_vs_schistosomulum_2d_female	0.099786436057481	0.460528763548803	1.0009284882290057	FALSE
smansoni_prjeb32839_primary	condition	condition__juvenile_26d_female_vs_schistosomulum_2d_female	juvenile_26d_female	schistosomulum_2d_female	Smp_074050	Readers	Smp_074050	Smp_074050		2224.11599618866	-0.441141624572139	0.256761322031863	-1.71809998905285	0.0857783788417109	0.142711189280004	protein_coding	DEGs_all_results.tsv	.	.	unknown	. | condition__juvenile_26d_female_vs_schistosomulum_2d_female	0.142711189280004	-0.441141624572139	0.8455419746635255	FALSE
smansoni_prjeb32839_primary	condition	condition__juvenile_26d_female_vs_schistosomulum_2d_female	juvenile_26d_female	schistosomulum_2d_female	Smp_170390	Readers	Smp_170390	Smp_170390		2105.04043966555	-0.246313157877659	0.153585634249632	-1.60375128234527	0.108768887041283	0.174903889222953	protein_coding	DEGs_all_results.tsv	.	.	unknown	. | condition__juvenile_26d_female_vs_schistosomulum_2d_female	0.174903889222953	-0.246313157877659	0.7572005332926905	FALSE
smansoni_prjeb32839_primary	condition	condition__juvenile_26d_female_vs_schistosomulum_2d_female	juvenile_26d_female	schistosomulum_2d_female	Smp_019170	Erasers	Smp_019170	Smp_019170		4714.66907905883	0.347177836678042	0.223479772068717	1.55350899754493	0.120301581402664	0.190867586836328	protein_coding	DEGs_all_results.tsv	.	.	unknown	. | condition__juvenile_26d_female_vs_schistosomulum_2d_female	0.190867586836328	0.347177836678042	0.7192678173021072	FALSE
smansoni_prjeb32839_primary	condition	condition__juvenile_26d_female_vs_schistosomulum_2d_female	juvenile_26d_female	schistosomulum_2d_female	Smp_150850	Readers; Writers	Smp_150850	Smp_150850		2849.62204563661	-0.404694237299987	0.275462360493495	-1.46914531834756	0.141793378094169	0.218759261868129	protein_coding	DEGs_all_results.tsv	.	.	unknown	. | condition__juvenile_26d_female_vs_schistosomulum_2d_female	0.218759261868129	-0.404694237299987	0.6600335506801897	FALSE
smansoni_prjeb32839_primary	condition	condition__juvenile_26d_female_vs_schistosomulum_2d_female	juvenile_26d_female	schistosomulum_2d_female	Smp_105690	Readers	Smp_105690	Smp_105690		3486.66851744267	0.303492929576112	0.206589474375721	1.46906288664134	0.141815732990291	0.218759262774746	protein_coding	DEGs_all_results.tsv	.	.	unknown	. | condition__juvenile_26d_female_vs_schistosomulum_2d_female	0.218759262774746	0.303492929576112	0.6600335488803173	FALSE
smansoni_prjeb32839_primary	condition	condition__juvenile_26d_female_vs_schistosomulum_2d_female	juvenile_26d_female	schistosomulum_2d_female	Smp_138030	Writers	Smp_138030	Smp_138030		6320.32292692495	0.439072058919889	0.305930704485344	1.43520101932404	0.151229823243398	0.230915127205475	protein_coding	DEGs_all_results.tsv	.	.	unknown	. | condition__juvenile_26d_female_vs_schistosomulum_2d_female	0.230915127205475	0.439072058919889	0.6365476156030876	FALSE
smansoni_prjeb32839_primary	condition	condition__juvenile_26d_female_vs_schistosomulum_2d_female	juvenile_26d_female	schistosomulum_2d_female	Smp_210650	Writers	Smp_210650	Smp_210650		2584.66291222506	0.35426487067427	0.251614249543006	1.40796823438141	0.159140476329253	0.241225015699825	protein_coding	DEGs_all_results.tsv	.	.	unknown	. | condition__juvenile_26d_female_vs_schistosomulum_2d_female	0.241225015699825	0.35426487067427	0.6175776566601917	FALSE
smansoni_prjeb32839_primary	condition	condition__juvenile_26d_female_vs_schistosomulum_2d_female	juvenile_26d_female	schistosomulum_2d_female	Smp_144180	Writers	Smp_144180	Smp_144180		2917.87617118486	-0.401319779299012	0.297036658039439	-1.35107828760222	0.176670355858482	0.263511065756913	protein_coding	DEGs_all_results.tsv	.	.	unknown	. | condition__juvenile_26d_female_vs_schistosomulum_2d_female	0.263511065756913	-0.401319779299012	0.5792011425149722	FALSE
smansoni_prjeb32839_primary	condition	condition__juvenile_26d_female_vs_schistosomulum_2d_female	juvenile_26d_female	schistosomulum_2d_female	Smp_078280	Readers	Smp_078280	Smp_078280		1064.43362120423	0.255607328237311	0.196898290911984	1.29816935969023	0.19422914450496	0.284412151447783	protein_coding	DEGs_all_results.tsv	.	.	unknown	. | condition__juvenile_26d_female_vs_schistosomulum_2d_female	0.284412151447783	0.255607328237311	0.5460518524078768	FALSE
smansoni_prjeb32839_primary	condition	condition__juvenile_26d_female_vs_schistosomulum_2d_female	juvenile_26d_female	schistosomulum_2d_female	Smp_179650	Grupo HP1; Readers	Smp_179650	Smp_179650		19222.6291106233	-0.195721979389636	0.164415959155568	-1.19040743000165	0.233886294170496	0.331087989983	protein_coding	DEGs_all_results.tsv	.	.	unknown	. | condition__juvenile_26d_female_vs_schistosomulum_2d_female	0.331087989983	-0.195721979389636	0.48005657273241076	FALSE
smansoni_prjeb32839_primary	condition	condition__juvenile_26d_female_vs_schistosomulum_2d_female	juvenile_26d_female	schistosomulum_2d_female	Smp_210660	Writers	Smp_210660	Smp_210660		3236.48500527467	-0.250587933307995	0.214291396918057	-1.16937934472384	0.24225082802859	0.340906902946187	protein_coding	DEGs_all_results.tsv	.	.	unknown	. | condition__juvenile_26d_female_vs_schistosomulum_2d_female	0.340906902946187	-0.250587933307995	0.46736420475208373	FALSE
smansoni_prjeb32839_primary	condition	condition__juvenile_26d_female_vs_schistosomulum_2d_female	juvenile_26d_female	schistosomulum_2d_female	Smp_029240	Writers	PRMT1	PRMT1 | Smp_029240		11423.8059699232	0.17344444006786	0.169466970753946	1.02347046917885	0.306085455520042	0.411902127024083	protein_coding	DEGs_all_results.tsv	.	.	unknown	. | condition__juvenile_26d_female_vs_schistosomulum_2d_female	0.411902127024083	0.17344444006786	0.3852059653816814	FALSE
smansoni_prjeb32839_primary	condition	condition__juvenile_26d_female_vs_schistosomulum_2d_female	juvenile_26d_female	schistosomulum_2d_female	Smp_160700	Writers	Smp_160700	Smp_160700		2877.4654408921	-0.236416838544568	0.242522033657915	-0.97482622497732	0.329646466181957	0.437274680213835	protein_coding	DEGs_all_results.tsv	.	.	unknown	. | condition__juvenile_26d_female_vs_schistosomulum_2d_female	0.437274680213835	-0.236416838544568	0.3592456691490132	FALSE
smansoni_prjeb32839_primary	condition	condition__juvenile_26d_female_vs_schistosomulum_2d_female	juvenile_26d_female	schistosomulum_2d_female	Smp_160810	Erasers	Smp_160810	Smp_160810		2978.31204166108	-0.151224191795167	0.178413765255148	-0.84760383583017	0.396658637404909	0.507743809763825	protein_coding	DEGs_all_results.tsv	.	.	unknown	. | condition__juvenile_26d_female_vs_schistosomulum_2d_female	0.507743809763825	-0.151224191795167	0.2943553626583606	FALSE
smansoni_prjeb32839_primary	condition	condition__juvenile_26d_female_vs_schistosomulum_2d_female	juvenile_26d_female	schistosomulum_2d_female	Smp_027300	Readers; Writers	Smp_027300	Smp_027300		1296.29458990007	-0.123328551738756	0.15779181658154	-0.78159029036227	0.434455394978169	0.545914290608161	protein_coding	DEGs_all_results.tsv	.	.	unknown	. | condition__juvenile_26d_female_vs_schistosomulum_2d_female	0.545914290608161	-0.123328551738756	0.2628755368516979	FALSE
smansoni_prjeb32839_primary	condition	condition__juvenile_26d_female_vs_schistosomulum_2d_female	juvenile_26d_female	schistosomulum_2d_female	Smp_001500	Grupo HP1	Smp_001500	Smp_001500		7803.69738487252	-0.19289528217632	0.269246764031215	-0.716425628625038	0.473728574627019	0.58423539146818	protein_coding	DEGs_all_results.tsv	.	.	unknown	. | condition__juvenile_26d_female_vs_schistosomulum_2d_female	0.58423539146818	-0.19289528217632	0.23341213812970532	FALSE
smansoni_prjeb32839_primary	condition	condition__juvenile_26d_female_vs_schistosomulum_2d_female	juvenile_26d_female	schistosomulum_2d_female	Smp_006250	Readers	Smp_006250	Smp_006250		3422.78105474812	-0.1565164200783	0.228077781535975	-0.686241417398267	0.492560884086129	0.601397481181143	protein_coding	DEGs_all_results.tsv	.	.	unknown	. | condition__juvenile_26d_female_vs_schistosomulum_2d_female	0.601397481181143	-0.1565164200783	0.22083839517700657	FALSE
smansoni_prjeb32839_primary	condition	condition__juvenile_26d_female_vs_schistosomulum_2d_female	juvenile_26d_female	schistosomulum_2d_female	Smp_079650	Readers	Smp_079650	Smp_079650		7141.36997642743	0.176588082392868	0.265122358476864	0.666062581094149	0.505371100658589	0.61306081455869	protein_coding	DEGs_all_results.tsv	.	.	unknown	. | condition__juvenile_26d_female_vs_schistosomulum_2d_female	0.61306081455869	0.176588082392868	0.21249644209295288	FALSE
smansoni_prjeb32839_primary	condition	condition__juvenile_26d_female_vs_schistosomulum_2d_female	juvenile_26d_female	schistosomulum_2d_female	Smp_034000	Erasers	Smp_034000	Smp_034000		5261.5773278667	-0.120990291945435	0.194481787273911	-0.622116310433892	0.533865390765936	0.638802014440293	protein_coding	DEGs_all_results.tsv	.	.	unknown	. | condition__juvenile_26d_female_vs_schistosomulum_2d_female	0.638802014440293	-0.120990291945435	0.19463372299860793	FALSE
smansoni_prjeb32839_primary	condition	condition__juvenile_26d_female_vs_schistosomulum_2d_female	juvenile_26d_female	schistosomulum_2d_female	Smp_070170	Writers	Smp_070170	Smp_070170		2067.50396203447	-0.127288825510358	0.238190957258926	-0.534398228107329	0.593066044636151	0.693398364732302	protein_coding	DEGs_all_results.tsv	.	.	unknown	. | condition__juvenile_26d_female_vs_schistosomulum_2d_female	0.693398364732302	-0.127288825510358	0.1590171868915851	FALSE
smansoni_prjeb32839_primary	condition	condition__juvenile_26d_female_vs_schistosomulum_2d_female	juvenile_26d_female	schistosomulum_2d_female	Smp_041750	Readers	Smp_041750	Smp_041750		3557.60311615714	-0.119321412555758	0.270952538279227	-0.440377541076188	0.659663688451757	0.754357957457826	protein_coding	DEGs_all_results.tsv	.	.	unknown	. | condition__juvenile_26d_female_vs_schistosomulum_2d_female	0.754357957457826	-0.119321412555758	0.12242252407888142	FALSE
smansoni_prjeb32839_primary	condition	condition__juvenile_26d_female_vs_schistosomulum_2d_female	juvenile_26d_female	schistosomulum_2d_female	Smp_121610	Writers	Smp_121610	Smp_121610		1473.81819604994	-0.0601956586925695	0.145674177377661	-0.413221202111285	0.679444555578832	0.769832629488763	protein_coding	DEGs_all_results.tsv	.	.	unknown	. | condition__juvenile_26d_female_vs_schistosomulum_2d_female	0.769832629488763	-0.0601956586925695	0.11360368520479913	FALSE
smansoni_prjeb32839_primary	condition	condition__juvenile_26d_female_vs_schistosomulum_2d_female	juvenile_26d_female	schistosomulum_2d_female	Smp_165000	Writers	Smp_165000	Smp_165000		4224.12638846006	-0.0778374089255526	0.21774731353223	-0.357466678522449	0.720742467208474	0.804736805049089	protein_coding	DEGs_all_results.tsv	.	.	unknown	. | condition__juvenile_26d_female_vs_schistosomulum_2d_female	0.804736805049089	-0.0778374089255526	0.09434613553871385	FALSE
smansoni_prjeb32839_primary	condition	condition__juvenile_26d_female_vs_schistosomulum_2d_female	juvenile_26d_female	schistosomulum_2d_female	Smp_149380	Writers	Smp_149380	Smp_149380		973.408907422443	-0.0412444356274796	0.167053028645545	-0.246894270411539	0.804990050642009	0.868537225532822	protein_coding	DEGs_all_results.tsv	.	.	unknown	. | condition__juvenile_26d_female_vs_schistosomulum_2d_female	0.868537225532822	-0.0412444356274796	0.06121156294281252	FALSE
smansoni_prjeb32839_primary	condition	condition__juvenile_26d_female_vs_schistosomulum_2d_female	juvenile_26d_female	schistosomulum_2d_female	Smp_156290	Erasers	Smp_156290	Smp_156290		4982.27006344466	0.056964261949563	0.240594135407528	0.236764964586833	0.812839133012943	0.87498006332248	protein_coding	DEGs_all_results.tsv	.	.	unknown	. | condition__juvenile_26d_female_vs_schistosomulum_2d_female	0.87498006332248	0.056964261949563	0.05800184239217318	FALSE
smansoni_prjeb32839_primary	condition	condition__juvenile_26d_female_vs_schistosomulum_2d_female	juvenile_26d_female	schistosomulum_2d_female	Smp_150560	Erasers	Smp_150560	Smp_150560		1710.56171763612	0.0374176693164042	0.203034556223088	0.184292122545341	0.85378429338707	0.906589962574421	protein_coding	DEGs_all_results.tsv	.	.	unknown	. | condition__juvenile_26d_female_vs_schistosomulum_2d_female	0.906589962574421	0.0374176693164042	0.04258909359706746	FALSE
smansoni_prjeb32839_primary	condition	condition__juvenile_26d_female_vs_schistosomulum_2d_female	juvenile_26d_female	schistosomulum_2d_female	Smp_125340	Readers	Smp_125340	Smp_125340		2437.82035409337	-0.0234427475928692	0.295946588947782	-0.0792127649662	0.936863391522959	0.965372765025131	protein_coding	DEGs_all_results.tsv	.	.	unknown	. | condition__juvenile_26d_female_vs_schistosomulum_2d_female	0.965372765025131	-0.0234427475928692	0.015304957605729357	FALSE
smansoni_prjeb32839_primary	condition	condition__juvenile_26d_female_vs_schistosomulum_2d_female	juvenile_26d_female	schistosomulum_2d_female	Smp_130470	Readers	Smp_130470	Smp_130470		4406.54504313159	0.0235697449058572	0.311799605968782	0.0755926064519049	0.939743218831515	0.967423431462782	protein_coding	DEGs_all_results.tsv	.	.	unknown	. | condition__juvenile_26d_female_vs_schistosomulum_2d_female	0.967423431462782	0.0235697449058572	0.014383397998057214	FALSE
smansoni_prjeb32839_primary	condition	condition__juvenile_26d_female_vs_schistosomulum_2d_female	juvenile_26d_female	schistosomulum_2d_female	Smp_078900	Writers	Smp_078900	Smp_078900		2009.81033749387	0.0102382006056831	0.200369088230934	0.0510967070623347	0.959248459950687	0.980796722294161	protein_coding	DEGs_all_results.tsv	.	.	unknown	. | condition__juvenile_26d_female_vs_schistosomulum_2d_female	0.980796722294161	0.0102382006056831	0.00842099418367173	FALSE
smansoni_prjeb32839_primary	condition	condition__juvenile_26d_male_vs_schistosomulum_2d_male	juvenile_26d_male	schistosomulum_2d_male	Smp_000700	Writers	Smp_000700	Smp_000700		2324.15466325394	0.945610561282173	0.131028286921265	7.21684289324788	5.32083882305628e-13	5.96445918928164e-12	protein_coding	DEGs_all_results.tsv	.	.	unknown	. | condition__juvenile_26d_male_vs_schistosomulum_2d_male	5.96445918928164e-12	0.945610561282173	11.224428928650564	FALSE
smansoni_prjeb32839_primary	condition	condition__juvenile_26d_male_vs_schistosomulum_2d_male	juvenile_26d_male	schistosomulum_2d_male	Smp_140390	Writers	Smp_140390	Smp_140390		6169.75930938339	-0.676753847296169	0.107090469071368	-6.31945917470171	2.62480277675028e-10	2.06647787395642e-09	protein_coding	DEGs_all_results.tsv	.	.	unknown	. | condition__juvenile_26d_male_vs_schistosomulum_2d_male	2.06647787395642e-9	-0.676753847296169	8.684769240404085	FALSE
smansoni_prjeb32839_primary	condition	condition__juvenile_26d_male_vs_schistosomulum_2d_male	juvenile_26d_male	schistosomulum_2d_male	Smp_055310	Writers	Smp_055310	Smp_055310		1119.11714353247	0.59031662022396	0.138856088425551	4.25128366294478	2.12548758643399e-05	8.04642998872072e-05	protein_coding	DEGs_all_results.tsv	.	.	unknown	. | condition__juvenile_26d_male_vs_schistosomulum_2d_male	8.04642998872072e-5	0.59031662022396	4.094396763122077	FALSE
smansoni_prjeb32839_primary	condition	condition__juvenile_26d_male_vs_schistosomulum_2d_male	juvenile_26d_male	schistosomulum_2d_male	Smp_171150	Writers	Smp_171150	Smp_171150		2852.5025064119	-0.480723295902288	0.129957203414653	-3.69908926378209	0.000216374497487937	0.000690169762847768	protein_coding	DEGs_all_results.tsv	.	.	unknown	. | condition__juvenile_26d_male_vs_schistosomulum_2d_male	6.90169762847768e-4	-0.480723295902288	3.161044071581795	FALSE
smansoni_prjeb32839_primary	condition	condition__juvenile_26d_male_vs_schistosomulum_2d_male	juvenile_26d_male	schistosomulum_2d_male	Smp_175680	Readers	Smp_175680	Smp_175680		3526.19745209693	-0.652246845792804	0.193192655035078	-3.37614722295926	0.000735085733941628	0.0021021475722831	protein_coding	DEGs_all_results.tsv	.	.	unknown	. | condition__juvenile_26d_male_vs_schistosomulum_2d_male	0.0021021475722831	-0.652246845792804	2.677336799450211	FALSE
smansoni_prjeb32839_primary	condition	condition__juvenile_26d_male_vs_schistosomulum_2d_male	juvenile_26d_male	schistosomulum_2d_male	Smp_078280	Readers	Smp_078280	Smp_078280		1064.43362120423	0.640327200215274	0.195929105181703	3.26815763090144	0.00108250057589447	0.00299331750090514	protein_coding	DEGs_all_results.tsv	.	.	unknown	. | condition__juvenile_26d_male_vs_schistosomulum_2d_male	0.00299331750090514	0.640327200215274	2.523847215141796	FALSE
smansoni_prjeb32839_primary	condition	condition__juvenile_26d_male_vs_schistosomulum_2d_male	juvenile_26d_male	schistosomulum_2d_male	Smp_161400	Erasers	Smp_161400	Smp_161400		2441.58736390014	0.87830141419075	0.286785419092815	3.06257346335483	0.00219442604076685	0.00566314695014357	protein_coding	DEGs_all_results.tsv	.	.	unknown	. | condition__juvenile_26d_male_vs_schistosomulum_2d_male	0.00566314695014357	0.87830141419075	2.2469421689388165	FALSE
smansoni_prjeb32839_primary	condition	condition__juvenile_26d_male_vs_schistosomulum_2d_male	juvenile_26d_male	schistosomulum_2d_male	Smp_070340	Writers	Smp_070340	Smp_070340		4500.55093089513	-0.623960646994692	0.206891370496616	-3.01588531941644	0.00256230149765022	0.00649771507022674	protein_coding	DEGs_all_results.tsv	.	.	unknown	. | condition__juvenile_26d_male_vs_schistosomulum_2d_male	0.00649771507022674	-0.623960646994692	2.1872393367185428	FALSE
smansoni_prjeb32839_primary	condition	condition__juvenile_26d_male_vs_schistosomulum_2d_male	juvenile_26d_male	schistosomulum_2d_male	Smp_062530	Writers	Smp_062530	Smp_062530		3786.4864984404	-0.649960574114044	0.241952142852077	-2.68631873416146	0.00722441358153429	0.0164989758013756	protein_coding	DEGs_all_results.tsv	.	.	unknown	. | condition__juvenile_26d_male_vs_schistosomulum_2d_male	0.0164989758013756	-0.649960574114044	1.7825430144295238	FALSE
smansoni_prjeb32839_primary	condition	condition__juvenile_26d_male_vs_schistosomulum_2d_male	juvenile_26d_male	schistosomulum_2d_male	Smp_159100	Readers	Smp_159100	Smp_159100		5410.19369593177	0.631891032622552	0.240981852715506	2.62215194008213	0.00873764669730848	0.0195265153185341	protein_coding	DEGs_all_results.tsv	.	.	unknown	. | condition__juvenile_26d_male_vs_schistosomulum_2d_male	0.0195265153185341	0.631891032622552	1.7093752535355824	FALSE
smansoni_prjeb32839_primary	condition	condition__juvenile_26d_male_vs_schistosomulum_2d_male	juvenile_26d_male	schistosomulum_2d_male	Smp_001500	Grupo HP1	Smp_001500	Smp_001500		7803.69738487252	-0.671959624617609	0.26918835495138	-2.49624328934651	0.012551648223404	0.0269779111606044	protein_coding	DEGs_all_results.tsv	.	.	unknown	. | condition__juvenile_26d_male_vs_schistosomulum_2d_male	0.0269779111606044	-0.671959624617609	1.5689916798139407	FALSE
smansoni_prjeb32839_primary	condition	condition__juvenile_26d_male_vs_schistosomulum_2d_male	juvenile_26d_male	schistosomulum_2d_male	Smp_160810	Erasers	Smp_160810	Smp_160810		2978.31204166108	0.443049985445946	0.178507803878389	2.48196423808888	0.0130660387764347	0.0279606943945309	protein_coding	DEGs_all_results.tsv	.	.	unknown	. | condition__juvenile_26d_male_vs_schistosomulum_2d_male	0.0279606943945309	0.443049985445946	1.5534520472336422	FALSE
smansoni_prjeb32839_primary	condition	condition__juvenile_26d_male_vs_schistosomulum_2d_male	juvenile_26d_male	schistosomulum_2d_male	Smp_043580	Writers	Smp_043580	Smp_043580		1578.01657255372	-0.358164410061621	0.14753585886111	-2.42764310199865	0.0151972901160622	0.0318937767694155	protein_coding	DEGs_all_results.tsv	.	.	unknown	. | condition__juvenile_26d_male_vs_schistosomulum_2d_male	0.0318937767694155	-0.358164410061621	1.4962940498069917	FALSE
smansoni_prjeb32839_primary	condition	condition__juvenile_26d_male_vs_schistosomulum_2d_male	juvenile_26d_male	schistosomulum_2d_male	Smp_132170	Erasers	Smp_132170	Smp_132170		2212.38725938966	-0.469255220051933	0.203314986858345	-2.30802080703906	0.0209979792433704	0.0422203050905328	protein_coding	DEGs_all_results.tsv	.	.	unknown	. | condition__juvenile_26d_male_vs_schistosomulum_2d_male	0.0422203050905328	-0.469255220051933	1.3744786327371226	FALSE
smansoni_prjeb32839_primary	condition	condition__juvenile_26d_male_vs_schistosomulum_2d_male	juvenile_26d_male	schistosomulum_2d_male	Smp_179650	Grupo HP1; Readers	Smp_179650	Smp_179650		19222.6291106233	-0.374581979394577	0.164420288317817	-2.27819804494277	0.0227147807188069	0.0452538363424764	protein_coding	DEGs_all_results.tsv	.	.	unknown	. | condition__juvenile_26d_male_vs_schistosomulum_2d_male	0.0452538363424764	-0.374581979394577	1.3443445980776678	FALSE
smansoni_prjeb32839_primary	condition	condition__juvenile_26d_male_vs_schistosomulum_2d_male	juvenile_26d_male	schistosomulum_2d_male	Smp_121610	Writers	Smp_121610	Smp_121610		1473.81819604994	-0.272044892637585	0.14527139917852	-1.87266656875299	0.0611144426064552	0.106531160553397	protein_coding	DEGs_all_results.tsv	.	.	unknown	. | condition__juvenile_26d_male_vs_schistosomulum_2d_male	0.106531160553397	-0.272044892637585	0.9725233417369044	FALSE
smansoni_prjeb32839_primary	condition	condition__juvenile_26d_male_vs_schistosomulum_2d_male	juvenile_26d_male	schistosomulum_2d_male	Smp_144550	Readers	Smp_144550	Smp_144550		2174.17282964795	0.464276222854663	0.258660238961983	1.79492690766013	0.0726653461989869	0.123691612089631	protein_coding	DEGs_all_results.tsv	.	.	unknown	. | condition__juvenile_26d_male_vs_schistosomulum_2d_male	0.123691612089631	0.464276222854663	0.9076597502229465	FALSE
smansoni_prjeb32839_primary	condition	condition__juvenile_26d_male_vs_schistosomulum_2d_male	juvenile_26d_male	schistosomulum_2d_male	Smp_025550	Writers	Smp_025550	Smp_025550		3109.91939540225	-0.235275557085804	0.133705973343745	-1.75964881150773	0.078467369944674	0.131779935177378	protein_coding	DEGs_all_results.tsv	.	.	unknown	. | condition__juvenile_26d_male_vs_schistosomulum_2d_male	0.131779935177378	-0.235275557085804	0.8801507104181224	FALSE
smansoni_prjeb32839_primary	condition	condition__juvenile_26d_male_vs_schistosomulum_2d_male	juvenile_26d_male	schistosomulum_2d_male	Smp_079650	Readers	Smp_079650	Smp_079650		7141.36997642743	0.452151359290275	0.265147746037012	1.70528079551224	0.0881420675364204	0.144967776959901	protein_coding	DEGs_all_results.tsv	.	.	unknown	. | condition__juvenile_26d_male_vs_schistosomulum_2d_male	0.144967776959901	0.452151359290275	0.8387285208249973	FALSE
smansoni_prjeb32839_primary	condition	condition__juvenile_26d_male_vs_schistosomulum_2d_male	juvenile_26d_male	schistosomulum_2d_male	Smp_210650	Writers	Smp_210650	Smp_210650		2584.66291222506	0.397810197135024	0.251278985351864	1.58314152923681	0.113389209861317	0.179871422872888	protein_coding	DEGs_all_results.tsv	.	.	unknown	. | condition__juvenile_26d_male_vs_schistosomulum_2d_male	0.179871422872888	0.397810197135024	0.7450378298420698	FALSE
smansoni_prjeb32839_primary	condition	condition__juvenile_26d_male_vs_schistosomulum_2d_male	juvenile_26d_male	schistosomulum_2d_male	Smp_162940	Erasers	Smp_162940	Smp_162940		1232.13731224705	0.322509882342155	0.20400630324518	1.5808819492923	0.113905032305165	0.180514112734954	protein_coding	DEGs_all_results.tsv	.	.	unknown	. | condition__juvenile_26d_male_vs_schistosomulum_2d_male	0.180514112734954	0.322509882342155	0.7434888389476829	FALSE
smansoni_prjeb32839_primary	condition	condition__juvenile_26d_male_vs_schistosomulum_2d_male	juvenile_26d_male	schistosomulum_2d_male	Smp_138030	Writers	Smp_138030	Smp_138030		6320.32292692495	0.419978341488588	0.305971042679427	1.37260813249118	0.169874202325229	0.252489207769547	protein_coding	DEGs_all_results.tsv	.	.	unknown	. | condition__juvenile_26d_male_vs_schistosomulum_2d_male	0.252489207769547	0.419978341488588	0.597757180342551	FALSE
smansoni_prjeb32839_primary	condition	condition__juvenile_26d_male_vs_schistosomulum_2d_male	juvenile_26d_male	schistosomulum_2d_male	Smp_019170	Erasers	Smp_019170	Smp_019170		4714.66907905883	0.296702645348141	0.223475186908718	1.32767601384459	0.1842851608258	0.269972243090011	protein_coding	DEGs_all_results.tsv	.	.	unknown	. | condition__juvenile_26d_male_vs_schistosomulum_2d_male	0.269972243090011	0.296702645348141	0.568680885072553	FALSE
smansoni_prjeb32839_primary	condition	condition__juvenile_26d_male_vs_schistosomulum_2d_male	juvenile_26d_male	schistosomulum_2d_male	Smp_130470	Readers	Smp_130470	Smp_130470		4406.54504313159	0.378924345875087	0.311894869080911	1.21491048247026	0.224400235317761	0.318165850886643	protein_coding	DEGs_all_results.tsv	.	.	unknown	. | condition__juvenile_26d_male_vs_schistosomulum_2d_male	0.318165850886643	0.378924345875087	0.4973464355233983	FALSE
smansoni_prjeb32839_primary	condition	condition__juvenile_26d_male_vs_schistosomulum_2d_male	juvenile_26d_male	schistosomulum_2d_male	Smp_144180	Writers	Smp_144180	Smp_144180		2917.87617118486	-0.283599582540334	0.297093096963949	-0.954581528276801	0.339789362051544	0.444720970581304	protein_coding	DEGs_all_results.tsv	.	.	unknown	. | condition__juvenile_26d_male_vs_schistosomulum_2d_male	0.444720970581304	-0.283599582540334	0.3519123911424489	FALSE
smansoni_prjeb32839_primary	condition	condition__juvenile_26d_male_vs_schistosomulum_2d_male	juvenile_26d_male	schistosomulum_2d_male	Smp_027300	Readers; Writers	Smp_027300	Smp_027300		1296.29458990007	-0.143724498192701	0.157423016450006	-0.912982748226938	0.361251614939423	0.465833219633311	protein_coding	DEGs_all_results.tsv	.	.	unknown	. | condition__juvenile_26d_male_vs_schistosomulum_2d_male	0.465833219633311	-0.143724498192701	0.3317695441632731	FALSE
smansoni_prjeb32839_primary	condition	condition__juvenile_26d_male_vs_schistosomulum_2d_male	juvenile_26d_male	schistosomulum_2d_male	Smp_149380	Writers	Smp_149380	Smp_149380		973.408907422443	-0.15019828470964	0.166512430788413	-0.902024455462411	0.367043876833539	0.472182381844749	protein_coding	DEGs_all_results.tsv	.	.	unknown	. | condition__juvenile_26d_male_vs_schistosomulum_2d_male	0.472182381844749	-0.15019828470964	0.3258902214299973	FALSE
smansoni_prjeb32839_primary	condition	condition__juvenile_26d_male_vs_schistosomulum_2d_male	juvenile_26d_male	schistosomulum_2d_male	Smp_078900	Writers	Smp_078900	Smp_078900		2009.81033749387	-0.171018993120063	0.200303265459477	-0.853800324861214	0.393215634469639	0.499481853442353	protein_coding	DEGs_all_results.tsv	.	.	unknown	. | condition__juvenile_26d_male_vs_schistosomulum_2d_male	0.499481853442353	-0.171018993120063	0.30148028540198357	FALSE
smansoni_prjeb32839_primary	condition	condition__juvenile_26d_male_vs_schistosomulum_2d_male	juvenile_26d_male	schistosomulum_2d_male	Smp_105690	Readers	Smp_105690	Smp_105690		3486.66851744267	0.170148365225371	0.206562238820502	0.823714761211637	0.410101650084804	0.516439936652926	protein_coding	DEGs_all_results.tsv	.	.	unknown	. | condition__juvenile_26d_male_vs_schistosomulum_2d_male	0.516439936652926	0.170148365225371	0.286980180818181	FALSE
smansoni_prjeb32839_primary	condition	condition__juvenile_26d_male_vs_schistosomulum_2d_male	juvenile_26d_male	schistosomulum_2d_male	Smp_165000	Writers	Smp_165000	Smp_165000		4224.12638846006	0.17863107740336	0.217708510747236	0.820505715602247	0.411927872284253	0.51805783712462	protein_coding	DEGs_all_results.tsv	.	.	unknown	. | condition__juvenile_26d_male_vs_schistosomulum_2d_male	0.51805783712462	0.17863107740336	0.28562175194996847	FALSE
smansoni_prjeb32839_primary	condition	condition__juvenile_26d_male_vs_schistosomulum_2d_male	juvenile_26d_male	schistosomulum_2d_male	Smp_125340	Readers	Smp_125340	Smp_125340		2437.82035409337	0.206581079860384	0.296071789334229	0.697739829670769	0.485339914558849	0.591253131317427	protein_coding	DEGs_all_results.tsv	.	.	unknown	. | condition__juvenile_26d_male_vs_schistosomulum_2d_male	0.591253131317427	0.206581079860384	0.22822654619446434	FALSE
smansoni_prjeb32839_primary	condition	condition__juvenile_26d_male_vs_schistosomulum_2d_male	juvenile_26d_male	schistosomulum_2d_male	Smp_034000	Erasers	Smp_034000	Smp_034000		5261.5773278667	-0.117631560067729	0.194537119499004	-0.604674112429895	0.545395552261888	0.646311561447668	protein_coding	DEGs_all_results.tsv	.	.	unknown	. | condition__juvenile_26d_male_vs_schistosomulum_2d_male	0.646311561447668	-0.117631560067729	0.18955807519597895	FALSE
smansoni_prjeb32839_primary	condition	condition__juvenile_26d_male_vs_schistosomulum_2d_male	juvenile_26d_male	schistosomulum_2d_male	Smp_074050	Readers	Smp_074050	Smp_074050		2224.11599618866	-0.149187075651125	0.256828012795554	-0.580883191156737	0.56131918170467	0.661496810231443	protein_coding	DEGs_all_results.tsv	.	.	unknown	. | condition__juvenile_26d_male_vs_schistosomulum_2d_male	0.661496810231443	-0.149187075651125	0.17947224565973469	FALSE
smansoni_prjeb32839_primary	condition	condition__juvenile_26d_male_vs_schistosomulum_2d_male	juvenile_26d_male	schistosomulum_2d_male	Smp_160700	Writers	Smp_160700	Smp_160700		2877.4654408921	-0.137982300501623	0.24266367175428	-0.568615398852708	0.569617172297199	0.669100185824078	protein_coding	DEGs_all_results.tsv	.	.	unknown	. | condition__juvenile_26d_male_vs_schistosomulum_2d_male	0.669100185824078	-0.137982300501623	0.17450884950726694	FALSE
smansoni_prjeb32839_primary	condition	condition__juvenile_26d_male_vs_schistosomulum_2d_male	juvenile_26d_male	schistosomulum_2d_male	Smp_150850	Readers; Writers	Smp_150850	Smp_150850		2849.62204563661	-0.106477130421558	0.275470478540491	-0.386528280582732	0.699105462054682	0.782953313305918	protein_coding	DEGs_all_results.tsv	.	.	unknown	. | condition__juvenile_26d_male_vs_schistosomulum_2d_male	0.782953313305918	-0.106477130421558	0.10626413369955058	FALSE
smansoni_prjeb32839_primary	condition	condition__juvenile_26d_male_vs_schistosomulum_2d_male	juvenile_26d_male	schistosomulum_2d_male	Smp_029240	Writers	PRMT1	PRMT1 | Smp_029240		11423.8059699232	0.0560148552207898	0.169474077937309	0.330521669759493	0.741005821687258	0.817990182857474	protein_coding	DEGs_all_results.tsv	.	.	unknown	. | condition__juvenile_26d_male_vs_schistosomulum_2d_male	0.817990182857474	0.0560148552207898	0.08725190850032914	FALSE
smansoni_prjeb32839_primary	condition	condition__juvenile_26d_male_vs_schistosomulum_2d_male	juvenile_26d_male	schistosomulum_2d_male	Smp_210660	Writers	Smp_210660	Smp_210660		3236.48500527467	-0.0702491446985919	0.214325431341112	-0.327768591244714	0.743086637121879	0.819455243506278	protein_coding	DEGs_all_results.tsv	.	.	unknown	. | condition__juvenile_26d_male_vs_schistosomulum_2d_male	0.819455243506278	-0.0702491446985919	0.08647476146999915	FALSE
smansoni_prjeb32839_primary	condition	condition__juvenile_26d_male_vs_schistosomulum_2d_male	juvenile_26d_male	schistosomulum_2d_male	Smp_170390	Readers	Smp_170390	Smp_170390		2105.04043966555	-0.0384814257183523	0.153715166636073	-0.250342412921808	0.802322559653596	0.866423368877741	protein_coding	DEGs_all_results.tsv	.	.	unknown	. | condition__juvenile_26d_male_vs_schistosomulum_2d_male	0.866423368877741	-0.0384814257183523	0.06226984258104794	FALSE
smansoni_prjeb32839_primary	condition	condition__juvenile_26d_male_vs_schistosomulum_2d_male	juvenile_26d_male	schistosomulum_2d_male	Smp_156290	Erasers	Smp_156290	Smp_156290		4982.27006344466	0.058503443383387	0.240602887814563	0.243153537826515	0.807886458249646	0.870490536217158	protein_coding	DEGs_all_results.tsv	.	.	unknown	. | condition__juvenile_26d_male_vs_schistosomulum_2d_male	0.870490536217158	0.058503443383387	0.06023594607566552	FALSE
smansoni_prjeb32839_primary	condition	condition__juvenile_26d_male_vs_schistosomulum_2d_male	juvenile_26d_male	schistosomulum_2d_male	Smp_041760	Readers	Smp_041760	Smp_041760		10038.6207043123	0.048830779990088	0.278029641877619	0.175631560938319	0.860583405705658	0.911633384740806	protein_coding	DEGs_all_results.tsv	.	.	unknown	. | condition__juvenile_26d_male_vs_schistosomulum_2d_male	0.911633384740806	0.048830779990088	0.04017977899053257	FALSE
smansoni_prjeb32839_primary	condition	condition__juvenile_26d_male_vs_schistosomulum_2d_male	juvenile_26d_male	schistosomulum_2d_male	Smp_041750	Readers	Smp_041750	Smp_041750		3557.60311615714	0.0446866029430077	0.271015510002782	0.164885776989475	0.869033887486007	0.917209407133095	protein_coding	DEGs_all_results.tsv	.	.	unknown	. | condition__juvenile_26d_male_vs_schistosomulum_2d_male	0.917209407133095	0.0446866029430077	0.037531499684529186	FALSE
smansoni_prjeb32839_primary	condition	condition__juvenile_26d_male_vs_schistosomulum_2d_male	juvenile_26d_male	schistosomulum_2d_male	Smp_149240	Readers	Smp_149240	Smp_149240		1851.74953481769	0.0438273020382372	0.299942864467494	0.146118835385687	0.88382757751428	0.928616778350306	protein_coding	DEGs_all_results.tsv	.	.	unknown	. | condition__juvenile_26d_male_vs_schistosomulum_2d_male	0.928616778350306	0.0438273020382372	0.03216347371838655	FALSE
smansoni_prjeb32839_primary	condition	condition__juvenile_26d_male_vs_schistosomulum_2d_male	juvenile_26d_male	schistosomulum_2d_male	Smp_150560	Erasers	Smp_150560	Smp_150560		1710.56171763612	0.0151359476646794	0.20310574983588	0.0745224971568262	0.940594640794213	0.970273290975587	protein_coding	DEGs_all_results.tsv	.	.	unknown	. | condition__juvenile_26d_male_vs_schistosomulum_2d_male	0.970273290975587	0.0151359476646794	0.013105923418383054	FALSE
smansoni_prjeb32839_primary	condition	condition__juvenile_26d_male_vs_schistosomulum_2d_male	juvenile_26d_male	schistosomulum_2d_male	Smp_006250	Readers	Smp_006250	Smp_006250		3422.78105474812	0.016428924690737	0.227975148537532	0.072064542105265	0.942550544130574	0.971082843175293	protein_coding	DEGs_all_results.tsv	.	.	unknown	. | condition__juvenile_26d_male_vs_schistosomulum_2d_male	0.971082843175293	0.016428924690737	0.012743718805494809	FALSE
smansoni_prjeb32839_primary	condition	condition__juvenile_26d_male_vs_schistosomulum_2d_male	juvenile_26d_male	schistosomulum_2d_male	Smp_070170	Writers	Smp_070170	Smp_070170		2067.50396203447	0.00515397248019816	0.238274985855321	0.0216303547839789	0.9827428195763	1	protein_coding	DEGs_all_results.tsv	.	.	unknown	. | condition__juvenile_26d_male_vs_schistosomulum_2d_male	1	0.00515397248019816	-0	FALSE
smansoni_prjeb32839_primary	condition	condition__sporocyst_32d_female_vs_sporocyst_32d_male	sporocyst_32d_female	sporocyst_32d_male	Smp_078280	Readers	Smp_078280	Smp_078280		1064.43362120423	-0.350824593660958	0.19707829138856	-1.78012804550488	0.0750550077272121	0.997946067416437	protein_coding	DEGs_all_results.tsv	.	.	unknown	. | condition__sporocyst_32d_female_vs_sporocyst_32d_male	0.997946067416437	-0.350824593660958	8.929289093684458e-4	FALSE
smansoni_prjeb32839_primary	condition	condition__sporocyst_32d_female_vs_sporocyst_32d_male	sporocyst_32d_female	sporocyst_32d_male	Smp_000700	Writers	Smp_000700	Smp_000700		2324.15466325394	0.0456920603553454	0.133463741800381	0.342355607140749	0.732083292506453	1	protein_coding	DEGs_all_results.tsv	.	.	unknown	. | condition__sporocyst_32d_female_vs_sporocyst_32d_male	1	0.0456920603553454	-0	FALSE
smansoni_prjeb32839_primary	condition	condition__sporocyst_32d_female_vs_sporocyst_32d_male	sporocyst_32d_female	sporocyst_32d_male	Smp_001500	Grupo HP1	Smp_001500	Smp_001500		7803.69738487252	-0.109052157088078	0.269564781445595	-0.404548978925452	0.685809068533185	1	protein_coding	DEGs_all_results.tsv	.	.	unknown	. | condition__sporocyst_32d_female_vs_sporocyst_32d_male	1	-0.109052157088078	-0	FALSE
smansoni_prjeb32839_primary	condition	condition__sporocyst_32d_female_vs_sporocyst_32d_male	sporocyst_32d_female	sporocyst_32d_male	Smp_006250	Readers	Smp_006250	Smp_006250		3422.78105474812	-0.301172592699664	0.228255175861927	-1.31945569936099	0.187016811154229	1	protein_coding	DEGs_all_results.tsv	.	.	unknown	. | condition__sporocyst_32d_female_vs_sporocyst_32d_male	1	-0.301172592699664	-0	FALSE
smansoni_prjeb32839_primary	condition	condition__sporocyst_32d_female_vs_sporocyst_32d_male	sporocyst_32d_female	sporocyst_32d_male	Smp_019170	Erasers	Smp_019170	Smp_019170		4714.66907905883	-0.139966756015735	0.223787855354099	-0.625443931236868	0.5316797367141	1	protein_coding	DEGs_all_results.tsv	.	.	unknown	. | condition__sporocyst_32d_female_vs_sporocyst_32d_male	1	-0.139966756015735	-0	FALSE
smansoni_prjeb32839_primary	condition	condition__sporocyst_32d_female_vs_sporocyst_32d_male	sporocyst_32d_female	sporocyst_32d_male	Smp_025550	Writers	Smp_025550	Smp_025550		3109.91939540225	0.0138620400447776	0.135251219742377	0.102491053841745	0.918366913456605	1	protein_coding	DEGs_all_results.tsv	.	.	unknown	. | condition__sporocyst_32d_female_vs_sporocyst_32d_male	1	0.0138620400447776	-0	FALSE
smansoni_prjeb32839_primary	condition	condition__sporocyst_32d_female_vs_sporocyst_32d_male	sporocyst_32d_female	sporocyst_32d_male	Smp_027300	Readers; Writers	Smp_027300	Smp_027300		1296.29458990007	0.017033564654733	0.159610553057392	0.106719539080904	0.915011481185683	1	protein_coding	DEGs_all_results.tsv	.	.	unknown	. | condition__sporocyst_32d_female_vs_sporocyst_32d_male	1	0.017033564654733	-0	FALSE
smansoni_prjeb32839_primary	condition	condition__sporocyst_32d_female_vs_sporocyst_32d_male	sporocyst_32d_female	sporocyst_32d_male	Smp_029240	Writers	PRMT1	PRMT1 | Smp_029240		11423.8059699232	-0.120175224160684	0.169456999535482	-0.709178284108119	0.478213847722657	1	protein_coding	DEGs_all_results.tsv	.	.	unknown	. | condition__sporocyst_32d_female_vs_sporocyst_32d_male	1	-0.120175224160684	-0	FALSE
smansoni_prjeb32839_primary	condition	condition__sporocyst_32d_female_vs_sporocyst_32d_male	sporocyst_32d_female	sporocyst_32d_male	Smp_034000	Erasers	Smp_034000	Smp_034000		5261.5773278667	-0.11113595990194	0.195070394495555	-0.569722331209377	0.568866041470339	1	protein_coding	DEGs_all_results.tsv	.	.	unknown	. | condition__sporocyst_32d_female_vs_sporocyst_32d_male	1	-0.11113595990194	-0	FALSE
smansoni_prjeb32839_primary	condition	condition__sporocyst_32d_female_vs_sporocyst_32d_male	sporocyst_32d_female	sporocyst_32d_male	Smp_041750	Readers	Smp_041750	Smp_041750		3557.60311615714	-0.103621778896988	0.27181977080788	-0.381215018278516	0.703043706057127	1	protein_coding	DEGs_all_results.tsv	.	.	unknown	. | condition__sporocyst_32d_female_vs_sporocyst_32d_male	1	-0.103621778896988	-0	FALSE
smansoni_prjeb32839_primary	condition	condition__sporocyst_32d_female_vs_sporocyst_32d_male	sporocyst_32d_female	sporocyst_32d_male	Smp_041760	Readers	Smp_041760	Smp_041760		10038.6207043123	0.0455593037383198	0.278298227239887	0.163706769497488	0.869961988161424	1	protein_coding	DEGs_all_results.tsv	.	.	unknown	. | condition__sporocyst_32d_female_vs_sporocyst_32d_male	1	0.0455593037383198	-0	FALSE
smansoni_prjeb32839_primary	condition	condition__sporocyst_32d_female_vs_sporocyst_32d_male	sporocyst_32d_female	sporocyst_32d_male	Smp_043580	Writers	Smp_043580	Smp_043580		1578.01657255372	0.161318475878942	0.154077049686774	1.04699873347062	0.295100162330982	1	protein_coding	DEGs_all_results.tsv	.	.	unknown	. | condition__sporocyst_32d_female_vs_sporocyst_32d_male	1	0.161318475878942	-0	FALSE
smansoni_prjeb32839_primary	condition	condition__sporocyst_32d_female_vs_sporocyst_32d_male	sporocyst_32d_female	sporocyst_32d_male	Smp_055310	Writers	Smp_055310	Smp_055310		1119.11714353247	0.0728398213000366	0.138394997286055	0.526318311560644	0.598667062200731	1	protein_coding	DEGs_all_results.tsv	.	.	unknown	. | condition__sporocyst_32d_female_vs_sporocyst_32d_male	1	0.0728398213000366	-0	FALSE
smansoni_prjeb32839_primary	condition	condition__sporocyst_32d_female_vs_sporocyst_32d_male	sporocyst_32d_female	sporocyst_32d_male	Smp_062530	Writers	Smp_062530	Smp_062530		3786.4864984404	-0.0771115123603383	0.242285370514112	-0.318267306840331	0.750282181302352	1	protein_coding	DEGs_all_results.tsv	.	.	unknown	. | condition__sporocyst_32d_female_vs_sporocyst_32d_male	1	-0.0771115123603383	-0	FALSE
smansoni_prjeb32839_primary	condition	condition__sporocyst_32d_female_vs_sporocyst_32d_male	sporocyst_32d_female	sporocyst_32d_male	Smp_070170	Writers	Smp_070170	Smp_070170		2067.50396203447	-0.223639386651247	0.239585813357403	-0.933441690546308	0.350591963344737	1	protein_coding	DEGs_all_results.tsv	.	.	unknown	. | condition__sporocyst_32d_female_vs_sporocyst_32d_male	1	-0.223639386651247	-0	FALSE
smansoni_prjeb32839_primary	condition	condition__sporocyst_32d_female_vs_sporocyst_32d_male	sporocyst_32d_female	sporocyst_32d_male	Smp_070340	Writers	Smp_070340	Smp_070340		4500.55093089513	-0.114575725501644	0.207093729362088	-0.553255406885433	0.580088531672796	1	protein_coding	DEGs_all_results.tsv	.	.	unknown	. | condition__sporocyst_32d_female_vs_sporocyst_32d_male	1	-0.114575725501644	-0	FALSE
smansoni_prjeb32839_primary	condition	condition__sporocyst_32d_female_vs_sporocyst_32d_male	sporocyst_32d_female	sporocyst_32d_male	Smp_074050	Readers	Smp_074050	Smp_074050		2224.11599618866	0.014849397895197	0.257603688907616	0.0576443526805332	0.954031920057038	1	protein_coding	DEGs_all_results.tsv	.	.	unknown	. | condition__sporocyst_32d_female_vs_sporocyst_32d_male	1	0.014849397895197	-0	FALSE
smansoni_prjeb32839_primary	condition	condition__sporocyst_32d_female_vs_sporocyst_32d_male	sporocyst_32d_female	sporocyst_32d_male	Smp_078900	Writers	Smp_078900	Smp_078900		2009.81033749387	-0.0397783952597106	0.200925035331011	-0.197976300933223	0.843063605846086	1	protein_coding	DEGs_all_results.tsv	.	.	unknown	. | condition__sporocyst_32d_female_vs_sporocyst_32d_male	1	-0.0397783952597106	-0	FALSE
smansoni_prjeb32839_primary	condition	condition__sporocyst_32d_female_vs_sporocyst_32d_male	sporocyst_32d_female	sporocyst_32d_male	Smp_079650	Readers	Smp_079650	Smp_079650		7141.36997642743	-0.2123540356531	0.265276615554872	-0.800500395441657	0.423420934536161	1	protein_coding	DEGs_all_results.tsv	.	.	unknown	. | condition__sporocyst_32d_female_vs_sporocyst_32d_male	1	-0.2123540356531	-0	FALSE
smansoni_prjeb32839_primary	condition	condition__sporocyst_32d_female_vs_sporocyst_32d_male	sporocyst_32d_female	sporocyst_32d_male	Smp_105690	Readers	Smp_105690	Smp_105690		3486.66851744267	-0.0997986630767641	0.207182311340993	-0.481694901610155	0.630022698407066	1	protein_coding	DEGs_all_results.tsv	.	.	unknown	. | condition__sporocyst_32d_female_vs_sporocyst_32d_male	1	-0.0997986630767641	-0	FALSE
smansoni_prjeb32839_primary	condition	condition__sporocyst_32d_female_vs_sporocyst_32d_male	sporocyst_32d_female	sporocyst_32d_male	Smp_121610	Writers	Smp_121610	Smp_121610		1473.81819604994	0.0263016275957852	0.147235610849164	0.178636319325832	0.858223274465188	1	protein_coding	DEGs_all_results.tsv	.	.	unknown	. | condition__sporocyst_32d_female_vs_sporocyst_32d_male	1	0.0263016275957852	-0	FALSE
smansoni_prjeb32839_primary	condition	condition__sporocyst_32d_female_vs_sporocyst_32d_male	sporocyst_32d_female	sporocyst_32d_male	Smp_125340	Readers	Smp_125340	Smp_125340		2437.82035409337	-0.0275004930164299	0.296680607466	-0.0926939352434132	0.926146715242764	1	protein_coding	DEGs_all_results.tsv	.	.	unknown	. | condition__sporocyst_32d_female_vs_sporocyst_32d_male	1	-0.0275004930164299	-0	FALSE
smansoni_prjeb32839_primary	condition	condition__sporocyst_32d_female_vs_sporocyst_32d_male	sporocyst_32d_female	sporocyst_32d_male	Smp_130470	Readers	Smp_130470	Smp_130470		4406.54504313159	-0.0997607141573965	0.312098480731574	-0.319644984889233	0.749237468963582	1	protein_coding	DEGs_all_results.tsv	.	.	unknown	. | condition__sporocyst_32d_female_vs_sporocyst_32d_male	1	-0.0997607141573965	-0	FALSE
smansoni_prjeb32839_primary	condition	condition__sporocyst_32d_female_vs_sporocyst_32d_male	sporocyst_32d_female	sporocyst_32d_male	Smp_132170	Erasers	Smp_132170	Smp_132170		2212.38725938966	0.0518085396589311	0.204849349261128	0.252910442946485	0.800337419460351	1	protein_coding	DEGs_all_results.tsv	.	.	unknown	. | condition__sporocyst_32d_female_vs_sporocyst_32d_male	1	0.0518085396589311	-0	FALSE
smansoni_prjeb32839_primary	condition	condition__sporocyst_32d_female_vs_sporocyst_32d_male	sporocyst_32d_female	sporocyst_32d_male	Smp_138030	Writers	Smp_138030	Smp_138030		6320.32292692495	-0.161610839745337	0.306248392664224	-0.527711634139188	0.597699497094211	1	protein_coding	DEGs_all_results.tsv	.	.	unknown	. | condition__sporocyst_32d_female_vs_sporocyst_32d_male	1	-0.161610839745337	-0	FALSE
smansoni_prjeb32839_primary	condition	condition__sporocyst_32d_female_vs_sporocyst_32d_male	sporocyst_32d_female	sporocyst_32d_male	Smp_140390	Writers	Smp_140390	Smp_140390		6169.75930938339	0.0413563895523403	0.108226806300131	0.382127043808832	0.702367133149759	1	protein_coding	DEGs_all_results.tsv	.	.	unknown	. | condition__sporocyst_32d_female_vs_sporocyst_32d_male	1	0.0413563895523403	-0	FALSE
smansoni_prjeb32839_primary	condition	condition__sporocyst_32d_female_vs_sporocyst_32d_male	sporocyst_32d_female	sporocyst_32d_male	Smp_144180	Writers	Smp_144180	Smp_144180		2917.87617118486	-0.0408912059338702	0.297593599356767	-0.137406201014586	0.890709729839474	1	protein_coding	DEGs_all_results.tsv	.	.	unknown	. | condition__sporocyst_32d_female_vs_sporocyst_32d_male	1	-0.0408912059338702	-0	FALSE
smansoni_prjeb32839_primary	condition	condition__sporocyst_32d_female_vs_sporocyst_32d_male	sporocyst_32d_female	sporocyst_32d_male	Smp_144550	Readers	Smp_144550	Smp_144550		2174.17282964795	-0.271809083233231	0.260099870037503	-1.0450181432003	0.296014584203059	1	protein_coding	DEGs_all_results.tsv	.	.	unknown	. | condition__sporocyst_32d_female_vs_sporocyst_32d_male	1	-0.271809083233231	-0	FALSE
smansoni_prjeb32839_primary	condition	condition__sporocyst_32d_female_vs_sporocyst_32d_male	sporocyst_32d_female	sporocyst_32d_male	Smp_149240	Readers	Smp_149240	Smp_149240		1851.74953481769	-0.0825367966640731	0.300420558855658	-0.274737511235805	0.783517909881895	1	protein_coding	DEGs_all_results.tsv	.	.	unknown	. | condition__sporocyst_32d_female_vs_sporocyst_32d_male	1	-0.0825367966640731	-0	FALSE
smansoni_prjeb32839_primary	condition	condition__sporocyst_32d_female_vs_sporocyst_32d_male	sporocyst_32d_female	sporocyst_32d_male	Smp_149380	Writers	Smp_149380	Smp_149380		973.408907422443	0.191444507562045	0.171177295705999	1.11839894871838	0.263396643135346	1	protein_coding	DEGs_all_results.tsv	.	.	unknown	. | condition__sporocyst_32d_female_vs_sporocyst_32d_male	1	0.191444507562045	-0	FALSE
smansoni_prjeb32839_primary	condition	condition__sporocyst_32d_female_vs_sporocyst_32d_male	sporocyst_32d_female	sporocyst_32d_male	Smp_150560	Erasers	Smp_150560	Smp_150560		1710.56171763612	-0.0490765415058823	0.204006288805223	-0.240563865914637	0.809893158609566	1	protein_coding	DEGs_all_results.tsv	.	.	unknown	. | condition__sporocyst_32d_female_vs_sporocyst_32d_male	1	-0.0490765415058823	-0	FALSE
smansoni_prjeb32839_primary	condition	condition__sporocyst_32d_female_vs_sporocyst_32d_male	sporocyst_32d_female	sporocyst_32d_male	Smp_150850	Readers; Writers	Smp_150850	Smp_150850		2849.62204563661	-0.136590474917618	0.276066411799451	-0.494773971332826	0.620759679534315	1	protein_coding	DEGs_all_results.tsv	.	.	unknown	. | condition__sporocyst_32d_female_vs_sporocyst_32d_male	1	-0.136590474917618	-0	FALSE
smansoni_prjeb32839_primary	condition	condition__sporocyst_32d_female_vs_sporocyst_32d_male	sporocyst_32d_female	sporocyst_32d_male	Smp_156290	Erasers	Smp_156290	Smp_156290		4982.27006344466	-0.023873022215958	0.241062364418993	-0.0990325564651975	0.921112420831336	1	protein_coding	DEGs_all_results.tsv	.	.	unknown	. | condition__sporocyst_32d_female_vs_sporocyst_32d_male	1	-0.023873022215958	-0	FALSE
smansoni_prjeb32839_primary	condition	condition__sporocyst_32d_female_vs_sporocyst_32d_male	sporocyst_32d_female	sporocyst_32d_male	Smp_159100	Readers	Smp_159100	Smp_159100		5410.19369593177	-0.398720045382771	0.241329845473121	-1.65217876222931	0.098498114545829	1	protein_coding	DEGs_all_results.tsv	.	.	unknown	. | condition__sporocyst_32d_female_vs_sporocyst_32d_male	1	-0.398720045382771	-0	FALSE
smansoni_prjeb32839_primary	condition	condition__sporocyst_32d_female_vs_sporocyst_32d_male	sporocyst_32d_female	sporocyst_32d_male	Smp_160700	Writers	Smp_160700	Smp_160700		2877.4654408921	0.087899472877064	0.243376817134278	0.361166169859833	0.717975230239681	1	protein_coding	DEGs_all_results.tsv	.	.	unknown	. | condition__sporocyst_32d_female_vs_sporocyst_32d_male	1	0.087899472877064	-0	FALSE
smansoni_prjeb32839_primary	condition	condition__sporocyst_32d_female_vs_sporocyst_32d_male	sporocyst_32d_female	sporocyst_32d_male	Smp_160810	Erasers	Smp_160810	Smp_160810		2978.31204166108	0.0202285168014089	0.179278258501368	0.112833072847227	0.910162897426118	1	protein_coding	DEGs_all_results.tsv	.	.	unknown	. | condition__sporocyst_32d_female_vs_sporocyst_32d_male	1	0.0202285168014089	-0	FALSE
smansoni_prjeb32839_primary	condition	condition__sporocyst_32d_female_vs_sporocyst_32d_male	sporocyst_32d_female	sporocyst_32d_male	Smp_161400	Erasers	Smp_161400	Smp_161400		2441.58736390014	-0.180977083837244	0.287453963746927	-0.629586322200016	0.528965274795855	1	protein_coding	DEGs_all_results.tsv	.	.	unknown	. | condition__sporocyst_32d_female_vs_sporocyst_32d_male	1	-0.180977083837244	-0	FALSE
smansoni_prjeb32839_primary	condition	condition__sporocyst_32d_female_vs_sporocyst_32d_male	sporocyst_32d_female	sporocyst_32d_male	Smp_162940	Erasers	Smp_162940	Smp_162940		1232.13731224705	-0.136732906864283	0.204693988169384	-0.667986920803636	0.504141941341871	1	protein_coding	DEGs_all_results.tsv	.	.	unknown	. | condition__sporocyst_32d_female_vs_sporocyst_32d_male	1	-0.136732906864283	-0	FALSE
smansoni_prjeb32839_primary	condition	condition__sporocyst_32d_female_vs_sporocyst_32d_male	sporocyst_32d_female	sporocyst_32d_male	Smp_165000	Writers	Smp_165000	Smp_165000		4224.12638846006	-0.0137067880708446	0.21810725067239	-0.0628442567983813	0.949890523667049	1	protein_coding	DEGs_all_results.tsv	.	.	unknown	. | condition__sporocyst_32d_female_vs_sporocyst_32d_male	1	-0.0137067880708446	-0	FALSE
smansoni_prjeb32839_primary	condition	condition__sporocyst_32d_female_vs_sporocyst_32d_male	sporocyst_32d_female	sporocyst_32d_male	Smp_170390	Readers	Smp_170390	Smp_170390		2105.04043966555	-0.151750799325444	0.156038900971767	-0.97251902173357	0.33079240648016	1	protein_coding	DEGs_all_results.tsv	.	.	unknown	. | condition__sporocyst_32d_female_vs_sporocyst_32d_male	1	-0.151750799325444	-0	FALSE
smansoni_prjeb32839_primary	condition	condition__sporocyst_32d_female_vs_sporocyst_32d_male	sporocyst_32d_female	sporocyst_32d_male	Smp_171150	Writers	Smp_171150	Smp_171150		2852.5025064119	-0.127614528579155	0.131105390372044	-0.97337362115331	0.330367644392793	1	protein_coding	DEGs_all_results.tsv	.	.	unknown	. | condition__sporocyst_32d_female_vs_sporocyst_32d_male	1	-0.127614528579155	-0	FALSE
smansoni_prjeb32839_primary	condition	condition__sporocyst_32d_female_vs_sporocyst_32d_male	sporocyst_32d_female	sporocyst_32d_male	Smp_175680	Readers	Smp_175680	Smp_175680		3526.19745209693	0.0587177114273074	0.194257230637518	0.302267829282886	0.762447900507557	1	protein_coding	DEGs_all_results.tsv	.	.	unknown	. | condition__sporocyst_32d_female_vs_sporocyst_32d_male	1	0.0587177114273074	-0	FALSE
smansoni_prjeb32839_primary	condition	condition__sporocyst_32d_female_vs_sporocyst_32d_male	sporocyst_32d_female	sporocyst_32d_male	Smp_179650	Grupo HP1; Readers	Smp_179650	Smp_179650		19222.6291106233	-0.0784753495758246	0.164457392160172	-0.477177392545505	0.633235808141989	1	protein_coding	DEGs_all_results.tsv	.	.	unknown	. | condition__sporocyst_32d_female_vs_sporocyst_32d_male	1	-0.0784753495758246	-0	FALSE
smansoni_prjeb32839_primary	condition	condition__sporocyst_32d_female_vs_sporocyst_32d_male	sporocyst_32d_female	sporocyst_32d_male	Smp_210650	Writers	Smp_210650	Smp_210650		2584.66291222506	-0.365470548953558	0.251826198824646	-1.4512808860211	0.146701661485767	1	protein_coding	DEGs_all_results.tsv	.	.	unknown	. | condition__sporocyst_32d_female_vs_sporocyst_32d_male	1	-0.365470548953558	-0	FALSE
smansoni_prjeb32839_primary	condition	condition__sporocyst_32d_female_vs_sporocyst_32d_male	sporocyst_32d_female	sporocyst_32d_male	Smp_210660	Writers	Smp_210660	Smp_210660		3236.48500527467	-0.0805730435107165	0.214856025262335	-0.375009466978356	0.707653425978799	1	protein_coding	DEGs_all_results.tsv	.	.	unknown	. | condition__sporocyst_32d_female_vs_sporocyst_32d_male	1	-0.0805730435107165	-0	FALSE
smansoni_prjeb32839_primary	condition	condition__cercaria_female_vs_cercaria_male	cercaria_female	cercaria_male	Smp_006250	Readers	Smp_006250	Smp_006250		3422.78105474812	-0.747002236318615	0.22831093491036	-3.27186359519706	0.00106841109811417	0.0112666713428289	protein_coding	DEGs_all_results.tsv	.	.	unknown	. | condition__cercaria_female_vs_cercaria_male	0.0112666713428289	-0.747002236318615	1.9482043741907327	FALSE
smansoni_prjeb32839_primary	condition	condition__cercaria_female_vs_cercaria_male	cercaria_female	cercaria_male	Smp_055310	Writers	Smp_055310	Smp_055310		1119.11714353247	0.482427187344169	0.151597072248696	3.18229884118569	0.00146110973344986	0.0143270739995394	protein_coding	DEGs_all_results.tsv	.	.	unknown	. | condition__cercaria_female_vs_cercaria_male	0.0143270739995394	0.482427187344169	1.843842495967392	FALSE
smansoni_prjeb32839_primary	condition	condition__cercaria_female_vs_cercaria_male	cercaria_female	cercaria_male	Smp_210650	Writers	Smp_210650	Smp_210650		2584.66291222506	-0.799678199288267	0.251733966523725	-3.17667977163066	0.00148971428573387	0.0145637802199717	protein_coding	DEGs_all_results.tsv	.	.	unknown	. | condition__cercaria_female_vs_cercaria_male	0.0145637802199717	-0.799678199288267	1.8367258835676548	FALSE
smansoni_prjeb32839_primary	condition	condition__cercaria_female_vs_cercaria_male	cercaria_female	cercaria_male	Smp_161400	Erasers	Smp_161400	Smp_161400		2441.58736390014	0.763844245149394	0.288850220090732	2.644430199532	0.00818285817450132	0.0559929157671728	protein_coding	DEGs_all_results.tsv	.	.	unknown	. | condition__cercaria_female_vs_cercaria_male	0.0559929157671728	0.763844245149394	1.2518669165267615	FALSE
smansoni_prjeb32839_primary	condition	condition__cercaria_female_vs_cercaria_male	cercaria_female	cercaria_male	Smp_159100	Readers	Smp_159100	Smp_159100		5410.19369593177	-0.628753991433	0.241618122381469	-2.60226337840801	0.00926106986503744	0.06169423396818	protein_coding	DEGs_all_results.tsv	.	.	unknown	. | condition__cercaria_female_vs_cercaria_male	0.06169423396818	-0.628753991433	1.2097554238568597	FALSE
smansoni_prjeb32839_primary	condition	condition__cercaria_female_vs_cercaria_male	cercaria_female	cercaria_male	Smp_162940	Erasers	Smp_162940	Smp_162940		1232.13731224705	0.52827488841562	0.210505184961294	2.50955760786963	0.012088249656289	0.0753955456573893	protein_coding	DEGs_all_results.tsv	.	.	unknown	. | condition__cercaria_female_vs_cercaria_male	0.0753955456573893	0.52827488841562	1.122654311339243	FALSE
smansoni_prjeb32839_primary	condition	condition__cercaria_female_vs_cercaria_male	cercaria_female	cercaria_male	Smp_179650	Grupo HP1; Readers	Smp_179650	Smp_179650		19222.6291106233	-0.376291170292881	0.164386612573525	-2.28906213469529	0.0220757424805426	0.118699569183841	protein_coding	DEGs_all_results.tsv	.	.	unknown	. | condition__cercaria_female_vs_cercaria_male	0.118699569183841	-0.376291170292881	0.9255508573000011	FALSE
smansoni_prjeb32839_primary	condition	condition__cercaria_female_vs_cercaria_male	cercaria_female	cercaria_male	Smp_150560	Erasers	Smp_150560	Smp_150560		1710.56171763612	0.438325486700499	0.205818360603491	2.12967145115363	0.0331987475441863	0.160816949411649	protein_coding	DEGs_all_results.tsv	.	.	unknown	. | condition__cercaria_female_vs_cercaria_male	0.160816949411649	0.438325486700499	0.7936681804132744	FALSE
smansoni_prjeb32839_primary	condition	condition__cercaria_female_vs_cercaria_male	cercaria_female	cercaria_male	Smp_027300	Readers; Writers	Smp_027300	Smp_027300		1296.29458990007	0.323922203837425	0.162672797511223	1.99124997413952	0.0464534122409862	0.204311502107996	protein_coding	DEGs_all_results.tsv	.	.	unknown	. | condition__cercaria_female_vs_cercaria_male	0.204311502107996	0.323922203837425	0.6897071832382317	FALSE
smansoni_prjeb32839_primary	condition	condition__cercaria_female_vs_cercaria_male	cercaria_female	cercaria_male	Smp_160700	Writers	Smp_160700	Smp_160700		2877.4654408921	0.448725418199694	0.242117901567679	1.85333432717804	0.0638344539134345	0.255047962414464	protein_coding	DEGs_all_results.tsv	.	.	unknown	. | condition__cercaria_female_vs_cercaria_male	0.255047962414464	0.448725418199694	0.5933781417100908	FALSE
smansoni_prjeb32839_primary	condition	condition__cercaria_female_vs_cercaria_male	cercaria_female	cercaria_male	Smp_000700	Writers	Smp_000700	Smp_000700		2324.15466325394	0.236099698130898	0.132160581753434	1.78646079639221	0.0740246794001862	0.280995156171537	protein_coding	DEGs_all_results.tsv	.	.	unknown	. | condition__cercaria_female_vs_cercaria_male	0.280995156171537	0.236099698130898	0.5513011664511627	FALSE
smansoni_prjeb32839_primary	condition	condition__cercaria_female_vs_cercaria_male	cercaria_female	cercaria_male	Smp_034000	Erasers	Smp_034000	Smp_034000		5261.5773278667	0.322542082022276	0.194628124336511	1.65722237277796	0.0974745249000249	0.338062298994168	protein_coding	DEGs_all_results.tsv	.	.	unknown	. | condition__cercaria_female_vs_cercaria_male	0.338062298994168	0.322542082022276	0.4710032594375605	FALSE
smansoni_prjeb32839_primary	condition	condition__cercaria_female_vs_cercaria_male	cercaria_female	cercaria_male	Smp_160810	Erasers	Smp_160810	Smp_160810		2978.31204166108	0.27817716742602	0.178435118249077	1.55898216761183	0.119000600850652	0.387018903265033	protein_coding	DEGs_all_results.tsv	.	.	unknown	. | condition__cercaria_female_vs_cercaria_male	0.387018903265033	0.27817716742602	0.4122678221046051	FALSE
smansoni_prjeb32839_primary	condition	condition__cercaria_female_vs_cercaria_male	cercaria_female	cercaria_male	Smp_029240	Writers	PRMT1	PRMT1 | Smp_029240		11423.8059699232	-0.253931682636079	0.169944423122178	-1.49420426967185	0.13512223698377	0.419380339715565	protein_coding	DEGs_all_results.tsv	.	.	unknown	. | condition__cercaria_female_vs_cercaria_male	0.419380339715565	-0.253931682636079	0.37739193284343586	FALSE
smansoni_prjeb32839_primary	condition	condition__cercaria_female_vs_cercaria_male	cercaria_female	cercaria_male	Smp_079650	Readers	Smp_079650	Smp_079650		7141.36997642743	0.380921225630917	0.265384592831848	1.43535546493566	0.151185829877908	0.448926022957494	protein_coding	DEGs_all_results.tsv	.	.	unknown	. | condition__cercaria_female_vs_cercaria_male	0.448926022957494	0.380921225630917	0.3478252190597536	FALSE
smansoni_prjeb32839_primary	condition	condition__cercaria_female_vs_cercaria_male	cercaria_female	cercaria_male	Smp_019170	Erasers	Smp_019170	Smp_019170		4714.66907905883	0.320143626906302	0.223978710581412	1.4293484683221	0.152904101719453	0.451106282612774	protein_coding	DEGs_all_results.tsv	.	.	unknown	. | condition__cercaria_female_vs_cercaria_male	0.451106282612774	0.320143626906302	0.34572112438741587	FALSE
smansoni_prjeb32839_primary	condition	condition__cercaria_female_vs_cercaria_male	cercaria_female	cercaria_male	Smp_156290	Erasers	Smp_156290	Smp_156290		4982.27006344466	0.330534702271845	0.240756680745019	1.37289939888276	0.169783623498673	0.475907709590187	protein_coding	DEGs_all_results.tsv	.	.	unknown	. | condition__cercaria_female_vs_cercaria_male	0.475907709590187	0.330534702271845	0.3224772596783269	FALSE
smansoni_prjeb32839_primary	condition	condition__cercaria_female_vs_cercaria_male	cercaria_female	cercaria_male	Smp_078280	Readers	Smp_078280	Smp_078280		1064.43362120423	-0.260174983380639	0.199763596790341	-1.30241439161561	0.192774765475715	0.515999413278267	protein_coding	DEGs_all_results.tsv	.	.	unknown	. | condition__cercaria_female_vs_cercaria_male	0.515999413278267	-0.260174983380639	0.28735079219092025	FALSE
smansoni_prjeb32839_primary	condition	condition__cercaria_female_vs_cercaria_male	cercaria_female	cercaria_male	Smp_074050	Readers	Smp_074050	Smp_074050		2224.11599618866	0.294662722987737	0.257317321262533	1.14513364876475	0.252153798620234	0.592882526020568	protein_coding	DEGs_all_results.tsv	.	.	unknown	. | condition__cercaria_female_vs_cercaria_male	0.592882526020568	0.294662722987737	0.2270313493930628	FALSE
smansoni_prjeb32839_primary	condition	condition__cercaria_female_vs_cercaria_male	cercaria_female	cercaria_male	Smp_210660	Writers	Smp_210660	Smp_210660		3236.48500527467	0.243680044588193	0.214530998499756	1.13587335299924	0.256009571954585	0.59673402752954	protein_coding	DEGs_all_results.tsv	.	.	unknown	. | condition__cercaria_female_vs_cercaria_male	0.59673402752954	0.243680044588193	0.22421919670096252	FALSE
smansoni_prjeb32839_primary	condition	condition__cercaria_female_vs_cercaria_male	cercaria_female	cercaria_male	Smp_144180	Writers	Smp_144180	Smp_144180		2917.87617118486	0.301175579152711	0.297115612330596	1.0136646027796	0.310742819896015	0.658780163670365	protein_coding	DEGs_all_results.tsv	.	.	unknown	. | condition__cercaria_female_vs_cercaria_male	0.658780163670365	0.301175579152711	0.18125948621478985	FALSE
smansoni_prjeb32839_primary	condition	condition__cercaria_female_vs_cercaria_male	cercaria_female	cercaria_male	Smp_041750	Readers	Smp_041750	Smp_041750		3557.60311615714	0.247114009042691	0.271223247357216	0.911109248379539	0.362237813986993	0.705909501861711	protein_coding	DEGs_all_results.tsv	.	.	unknown	. | condition__cercaria_female_vs_cercaria_male	0.705909501861711	0.247114009042691	0.1512509722644866	FALSE
smansoni_prjeb32839_primary	condition	condition__cercaria_female_vs_cercaria_male	cercaria_female	cercaria_male	Smp_150850	Readers; Writers	Smp_150850	Smp_150850		2849.62204563661	0.240795909640902	0.275921231206105	0.872698010908175	0.382827702175405	0.7239136155188	protein_coding	DEGs_all_results.tsv	.	.	unknown	. | condition__cercaria_female_vs_cercaria_male	0.7239136155188	0.240795909640902	0.14031325499321923	FALSE
smansoni_prjeb32839_primary	condition	condition__cercaria_female_vs_cercaria_male	cercaria_female	cercaria_male	Smp_132170	Erasers	Smp_132170	Smp_132170		2212.38725938966	0.177065199341782	0.203485011488838	0.870163350343349	0.384211141407519	0.725007757387965	protein_coding	DEGs_all_results.tsv	.	.	unknown	. | condition__cercaria_female_vs_cercaria_male	0.725007757387965	0.177065199341782	0.1396573465700222	FALSE
smansoni_prjeb32839_primary	condition	condition__cercaria_female_vs_cercaria_male	cercaria_female	cercaria_male	Smp_078900	Writers	Smp_078900	Smp_078900		2009.81033749387	-0.169838497562084	0.202212710683661	-0.839900207004182	0.400964341563506	0.741016054603922	protein_coding	DEGs_all_results.tsv	.	.	unknown	. | condition__cercaria_female_vs_cercaria_male	0.741016054603922	-0.169838497562084	0.13017238264096764	FALSE
smansoni_prjeb32839_primary	condition	condition__cercaria_female_vs_cercaria_male	cercaria_female	cercaria_male	Smp_070170	Writers	Smp_070170	Smp_070170		2067.50396203447	0.188142329524662	0.238685656147466	0.788243133506201	0.43055450346253	0.763211307949672	protein_coding	DEGs_all_results.tsv	.	.	unknown	. | condition__cercaria_female_vs_cercaria_male	0.763211307949672	0.188142329524662	0.11735520362921972	FALSE
smansoni_prjeb32839_primary	condition	condition__cercaria_female_vs_cercaria_male	cercaria_female	cercaria_male	Smp_149380	Writers	Smp_149380	Smp_149380		973.408907422443	-0.120666704638596	0.169298284798483	-0.712746173313134	0.476002838879351	0.794265243044496	protein_coding	DEGs_all_results.tsv	.	.	unknown	. | condition__cercaria_female_vs_cercaria_male	0.794265243044496	-0.120666704638596	0.10003444171127963	FALSE
smansoni_prjeb32839_primary	condition	condition__cercaria_female_vs_cercaria_male	cercaria_female	cercaria_male	Smp_105690	Readers	Smp_105690	Smp_105690		3486.66851744267	0.144142624847363	0.207090376741609	0.696037291135034	0.486405476331345	0.802610080257131	protein_coding	DEGs_all_results.tsv	.	.	unknown	. | condition__cercaria_female_vs_cercaria_male	0.802610080257131	0.144142624847363	0.09549539011357193	FALSE
smansoni_prjeb32839_primary	condition	condition__cercaria_female_vs_cercaria_male	cercaria_female	cercaria_male	Smp_062530	Writers	Smp_062530	Smp_062530		3786.4864984404	0.158997259808213	0.242190265124244	0.656497319273536	0.511504191823592	0.816922126223624	protein_coding	DEGs_all_results.tsv	.	.	unknown	. | condition__cercaria_female_vs_cercaria_male	0.816922126223624	0.158997259808213	0.08781934097466011	FALSE
smansoni_prjeb32839_primary	condition	condition__cercaria_female_vs_cercaria_male	cercaria_female	cercaria_male	Smp_130470	Readers	Smp_130470	Smp_130470		4406.54504313159	0.176815719729295	0.31183936484687	0.567008978536501	0.570708081556293	0.851992182317604	protein_coding	DEGs_all_results.tsv	.	.	unknown	. | condition__cercaria_female_vs_cercaria_male	0.851992182317604	0.176815719729295	0.06956439020032158	FALSE
smansoni_prjeb32839_primary	condition	condition__cercaria_female_vs_cercaria_male	cercaria_female	cercaria_male	Smp_140390	Writers	Smp_140390	Smp_140390		6169.75930938339	-0.0604907166152777	0.106771834574208	-0.56654188678603	0.57102546706533	0.851992182317604	protein_coding	DEGs_all_results.tsv	.	.	unknown	. | condition__cercaria_female_vs_cercaria_male	0.851992182317604	-0.0604907166152777	0.06956439020032158	FALSE
smansoni_prjeb32839_primary	condition	condition__cercaria_female_vs_cercaria_male	cercaria_female	cercaria_male	Smp_001500	Grupo HP1	Smp_001500	Smp_001500		7803.69738487252	-0.144010762035823	0.269650629741551	-0.534064252599193	0.593297080925816	0.863868331091026	protein_coding	DEGs_all_results.tsv	.	.	unknown	. | condition__cercaria_female_vs_cercaria_male	0.863868331091026	-0.144010762035823	0.0635524466857408	FALSE
smansoni_prjeb32839_primary	condition	condition__cercaria_female_vs_cercaria_male	cercaria_female	cercaria_male	Smp_070340	Writers	Smp_070340	Smp_070340		4500.55093089513	-0.098887676054456	0.207502479088175	-0.4765614198394	0.633674461320268	0.887271180208921	protein_coding	DEGs_all_results.tsv	.	.	unknown	. | condition__cercaria_female_vs_cercaria_male	0.887271180208921	-0.098887676054456	0.05194362473543276	FALSE
smansoni_prjeb32839_primary	condition	condition__cercaria_female_vs_cercaria_male	cercaria_female	cercaria_male	Smp_125340	Readers	Smp_125340	Smp_125340		2437.82035409337	0.12960940095477	0.296212250416877	0.437555843056333	0.66170828675118	0.899682763374669	protein_coding	DEGs_all_results.tsv	.	.	unknown	. | condition__cercaria_female_vs_cercaria_male	0.899682763374669	0.12960940095477	0.045910599897575705	FALSE
smansoni_prjeb32839_primary	condition	condition__cercaria_female_vs_cercaria_male	cercaria_female	cercaria_male	Smp_025550	Writers	Smp_025550	Smp_025550		3109.91939540225	0.0494407138903009	0.135210238939812	0.365658061682069	0.714620243932828	0.92132688920165	protein_coding	DEGs_all_results.tsv	.	.	unknown	. | condition__cercaria_female_vs_cercaria_male	0.92132688920165	0.0494407138903009	0.03558625363756478	FALSE
smansoni_prjeb32839_primary	condition	condition__cercaria_female_vs_cercaria_male	cercaria_female	cercaria_male	Smp_043580	Writers	Smp_043580	Smp_043580		1578.01657255372	0.0447410914306053	0.147278634023854	0.303785350313331	0.761291428375483	0.942257573321876	protein_coding	DEGs_all_results.tsv	.	.	unknown	. | condition__cercaria_female_vs_cercaria_male	0.942257573321876	0.0447410914306053	0.02583036325624798	FALSE
smansoni_prjeb32839_primary	condition	condition__cercaria_female_vs_cercaria_male	cercaria_female	cercaria_male	Smp_041760	Readers	Smp_041760	Smp_041760		10038.6207043123	0.0800799420015834	0.277996614727016	0.288060853115853	0.773300157752133	0.947360458658284	protein_coding	DEGs_all_results.tsv	.	.	unknown	. | condition__cercaria_female_vs_cercaria_male	0.947360458658284	0.0800799420015834	0.023484746001230548	FALSE
smansoni_prjeb32839_primary	condition	condition__cercaria_female_vs_cercaria_male	cercaria_female	cercaria_male	Smp_149240	Readers	Smp_149240	Smp_149240		1851.74953481769	0.0717104463558865	0.299539781370725	0.239402078841521	0.810793818187908	0.9633837184054	protein_coding	DEGs_all_results.tsv	.	.	unknown	. | condition__cercaria_female_vs_cercaria_male	0.9633837184054	0.0717104463558865	0.016200697721026867	FALSE
smansoni_prjeb32839_primary	condition	condition__cercaria_female_vs_cercaria_male	cercaria_female	cercaria_male	Smp_171150	Writers	Smp_171150	Smp_171150		2852.5025064119	-0.0253325097310361	0.130799221720342	-0.193674774190926	0.846430545110084	0.976360008168934	protein_coding	DEGs_all_results.tsv	.	.	unknown	. | condition__cercaria_female_vs_cercaria_male	0.976360008168934	-0.0253325097310361	0.01039001764818249	FALSE
smansoni_prjeb32839_primary	condition	condition__cercaria_female_vs_cercaria_male	cercaria_female	cercaria_male	Smp_170390	Readers	Smp_170390	Smp_170390		2105.04043966555	-0.0283661442661098	0.154049242924598	-0.184136862522551	0.853906088768409	0.978184290869888	protein_coding	DEGs_all_results.tsv	.	.	unknown	. | condition__cercaria_female_vs_cercaria_male	0.978184290869888	-0.0283661442661098	0.009579316001860624	FALSE
smansoni_prjeb32839_primary	condition	condition__cercaria_female_vs_cercaria_male	cercaria_female	cercaria_male	Smp_165000	Writers	Smp_165000	Smp_165000		4224.12638846006	0.0387331934445747	0.218065723850699	0.177621648925871	0.859020121510998	0.97903477261363	protein_coding	DEGs_all_results.tsv	.	.	unknown	. | condition__cercaria_female_vs_cercaria_male	0.97903477261363	0.0387331934445747	0.009201882981300443	FALSE
smansoni_prjeb32839_primary	condition	condition__cercaria_female_vs_cercaria_male	cercaria_female	cercaria_male	Smp_121610	Writers	Smp_121610	Smp_121610		1473.81819604994	0.0119099048585035	0.147289722137581	0.0808603932824218	0.93555297836172	1	protein_coding	DEGs_all_results.tsv	.	.	unknown	. | condition__cercaria_female_vs_cercaria_male	1	0.0119099048585035	-0	FALSE
smansoni_prjeb32839_primary	condition	condition__cercaria_female_vs_cercaria_male	cercaria_female	cercaria_male	Smp_138030	Writers	Smp_138030	Smp_138030		6320.32292692495	0.00278163887828923	0.306107582744035	0.0090871283009517	0.992749620411211	1	protein_coding	DEGs_all_results.tsv	.	.	unknown	. | condition__cercaria_female_vs_cercaria_male	1	0.00278163887828923	-0	FALSE
smansoni_prjeb32839_primary	condition	condition__cercaria_female_vs_cercaria_male	cercaria_female	cercaria_male	Smp_144550	Readers	Smp_144550	Smp_144550		2174.17282964795	-0.0232775246495853	0.260126734146388	-0.0894853223217175	0.928696217874698	1	protein_coding	DEGs_all_results.tsv	.	.	unknown	. | condition__cercaria_female_vs_cercaria_male	1	-0.0232775246495853	-0	FALSE
smansoni_prjeb32839_primary	condition	condition__cercaria_female_vs_cercaria_male	cercaria_female	cercaria_male	Smp_175680	Readers	Smp_175680	Smp_175680		3526.19745209693	-0.00442750342394023	0.193485949023355	-0.0228828162783324	0.981743747430877	1	protein_coding	DEGs_all_results.tsv	.	.	unknown	. | condition__cercaria_female_vs_cercaria_male	1	-0.00442750342394023	-0	FALSE
smansoni_prjeb32839_primary	condition	condition__schistosomulum_2d_female_vs_schistosomulum_2d_male	schistosomulum_2d_female	schistosomulum_2d_male	Smp_140390	Writers	Smp_140390	Smp_140390		6169.75930938339	0.564056173742929	0.106802133920361	5.28131932423303	1.28256924251583e-07	6.30714703882409e-06	protein_coding	DEGs_all_results.tsv	.	.	unknown	. | condition__schistosomulum_2d_female_vs_schistosomulum_2d_male	6.30714703882409e-6	0.564056173742929	5.200167044160389	FALSE
smansoni_prjeb32839_primary	condition	condition__schistosomulum_2d_female_vs_schistosomulum_2d_male	schistosomulum_2d_female	schistosomulum_2d_male	Smp_041760	Readers	Smp_041760	Smp_041760		10038.6207043123	1.20085643358898	0.277977002325377	4.31998483163496	1.56039925937166e-05	0.000324895045791725	protein_coding	DEGs_all_results.tsv	.	.	unknown	. | condition__schistosomulum_2d_female_vs_schistosomulum_2d_male	3.24895045791725e-4	1.20085643358898	3.488256911005649	TRUE
smansoni_prjeb32839_primary	condition	condition__schistosomulum_2d_female_vs_schistosomulum_2d_male	schistosomulum_2d_female	schistosomulum_2d_male	Smp_149240	Readers	Smp_149240	Smp_149240		1851.74953481769	1.15972712493277	0.299671661967638	3.86999263566674	0.000108838640929466	0.00157189508730621	protein_coding	DEGs_all_results.tsv	.	.	unknown	. | condition__schistosomulum_2d_female_vs_schistosomulum_2d_male	0.00157189508730621	1.15972712493277	2.8035764433630628	TRUE
smansoni_prjeb32839_primary	condition	condition__schistosomulum_2d_female_vs_schistosomulum_2d_male	schistosomulum_2d_female	schistosomulum_2d_male	Smp_160810	Erasers	Smp_160810	Smp_160810		2978.31204166108	0.672721474626823	0.17846068223482	3.76957807289816	0.000163523752003688	0.00214509844116366	protein_coding	DEGs_all_results.tsv	.	.	unknown	. | condition__schistosomulum_2d_female_vs_schistosomulum_2d_male	0.00214509844116366	0.672721474626823	2.6685527727225327	FALSE
smansoni_prjeb32839_primary	condition	condition__schistosomulum_2d_female_vs_schistosomulum_2d_male	schistosomulum_2d_female	schistosomulum_2d_male	Smp_171150	Writers	Smp_171150	Smp_171150		2852.5025064119	0.407532484825915	0.129574910345233	3.14514965698303	0.00166001887267024	0.0128013748526013	protein_coding	DEGs_all_results.tsv	.	.	unknown	. | condition__schistosomulum_2d_female_vs_schistosomulum_2d_male	0.0128013748526013	0.407532484825915	1.892743385130757	FALSE
smansoni_prjeb32839_primary	condition	condition__schistosomulum_2d_female_vs_schistosomulum_2d_male	schistosomulum_2d_female	schistosomulum_2d_male	Smp_170390	Readers	Smp_170390	Smp_170390		2105.04043966555	0.452938319574489	0.15351219213422	2.9505038868735	0.00317256052642224	0.0206977848743787	protein_coding	DEGs_all_results.tsv	.	.	unknown	. | condition__schistosomulum_2d_female_vs_schistosomulum_2d_male	0.0206977848743787	0.452938319574489	1.6840761312730759	FALSE
smansoni_prjeb32839_primary	condition	condition__schistosomulum_2d_female_vs_schistosomulum_2d_male	schistosomulum_2d_female	schistosomulum_2d_male	Smp_025550	Writers	Smp_025550	Smp_025550		3109.91939540225	0.362853811311293	0.133539038662419	2.71721149819396	0.00658345232432781	0.0359718952796605	protein_coding	DEGs_all_results.tsv	.	.	unknown	. | condition__schistosomulum_2d_female_vs_schistosomulum_2d_male	0.0359718952796605	0.362853811311293	1.4440366795622526	FALSE
smansoni_prjeb32839_primary	condition	condition__schistosomulum_2d_female_vs_schistosomulum_2d_male	schistosomulum_2d_female	schistosomulum_2d_male	Smp_130470	Readers	Smp_130470	Smp_130470		4406.54504313159	0.793397585320541	0.311854215037666	2.54412974737158	0.0109550383704169	0.0529151063637215	protein_coding	DEGs_all_results.tsv	.	.	unknown	. | condition__schistosomulum_2d_female_vs_schistosomulum_2d_male	0.0529151063637215	0.793397585320541	1.2764203265688718	FALSE
smansoni_prjeb32839_primary	condition	condition__schistosomulum_2d_female_vs_schistosomulum_2d_male	schistosomulum_2d_female	schistosomulum_2d_male	Smp_210650	Writers	Smp_210650	Smp_210650		2584.66291222506	-0.582301676942864	0.251490944565516	-2.31539818639938	0.0205911506891238	0.0841356996424909	protein_coding	DEGs_all_results.tsv	.	.	unknown	. | condition__schistosomulum_2d_female_vs_schistosomulum_2d_male	0.0841356996424909	-0.582301676942864	1.0750196894816644	FALSE
smansoni_prjeb32839_primary	condition	condition__schistosomulum_2d_female_vs_schistosomulum_2d_male	schistosomulum_2d_female	schistosomulum_2d_male	Smp_125340	Readers	Smp_125340	Smp_125340		2437.82035409337	0.671255889013666	0.29599859542867	2.26776714275128	0.0233434030466408	0.0922611236730317	protein_coding	DEGs_all_results.tsv	.	.	unknown	. | condition__schistosomulum_2d_female_vs_schistosomulum_2d_male	0.0922611236730317	0.671255889013666	1.0349812603062765	FALSE
smansoni_prjeb32839_primary	condition	condition__schistosomulum_2d_female_vs_schistosomulum_2d_male	schistosomulum_2d_female	schistosomulum_2d_male	Smp_034000	Erasers	Smp_034000	Smp_034000		5261.5773278667	0.433101668605769	0.1944756953523	2.22702208531092	0.0259457977959658	0.0993384817876962	protein_coding	DEGs_all_results.tsv	.	.	unknown	. | condition__schistosomulum_2d_female_vs_schistosomulum_2d_male	0.0993384817876962	0.433101668605769	1.0028824817100765	FALSE
smansoni_prjeb32839_primary	condition	condition__schistosomulum_2d_female_vs_schistosomulum_2d_male	schistosomulum_2d_female	schistosomulum_2d_male	Smp_074050	Readers	Smp_074050	Smp_074050		2224.11599618866	0.527019751488403	0.256701318489305	2.05304653123689	0.0400680648767342	0.134421008873404	protein_coding	DEGs_all_results.tsv	.	.	unknown	. | condition__schistosomulum_2d_female_vs_schistosomulum_2d_male	0.134421008873404	0.527019751488403	0.8715328494016279	FALSE
smansoni_prjeb32839_primary	condition	condition__schistosomulum_2d_female_vs_schistosomulum_2d_male	schistosomulum_2d_female	schistosomulum_2d_male	Smp_079650	Readers	Smp_079650	Smp_079650		7141.36997642743	0.542157553162158	0.265144536027202	2.04476230694996	0.0408782975275309	0.136530723414477	protein_coding	DEGs_all_results.tsv	.	.	unknown	. | condition__schistosomulum_2d_female_vs_schistosomulum_2d_male	0.136530723414477	0.542157553162158	0.864769608638054	FALSE
smansoni_prjeb32839_primary	condition	condition__schistosomulum_2d_female_vs_schistosomulum_2d_male	schistosomulum_2d_female	schistosomulum_2d_male	Smp_041750	Readers	Smp_041750	Smp_041750		3557.60311615714	0.552339604197634	0.270960906684199	2.0384475788656	0.0415051921842499	0.137852695019709	protein_coding	DEGs_all_results.tsv	.	.	unknown	. | condition__schistosomulum_2d_female_vs_schistosomulum_2d_male	0.137852695019709	0.552339604197634	0.8605847390195989	FALSE
smansoni_prjeb32839_primary	condition	condition__schistosomulum_2d_female_vs_schistosomulum_2d_male	schistosomulum_2d_female	schistosomulum_2d_male	Smp_160700	Writers	Smp_160700	Smp_160700		2877.4654408921	0.481962020238666	0.242485366649396	1.98759218710103	0.046856811096123	0.150588096350299	protein_coding	DEGs_all_results.tsv	.	.	unknown	. | condition__schistosomulum_2d_female_vs_schistosomulum_2d_male	0.150588096350299	0.481962020238666	0.8222093567787474	FALSE
smansoni_prjeb32839_primary	condition	condition__schistosomulum_2d_female_vs_schistosomulum_2d_male	schistosomulum_2d_female	schistosomulum_2d_male	Smp_121610	Writers	Smp_121610	Smp_121610		1473.81819604994	-0.281803174240761	0.145298121423636	-1.9394825719675	0.0524426046537	0.162098335167754	protein_coding	DEGs_all_results.tsv	.	.	unknown	. | condition__schistosomulum_2d_female_vs_schistosomulum_2d_male	0.162098335167754	-0.281803174240761	0.7902214455535248	FALSE
smansoni_prjeb32839_primary	condition	condition__schistosomulum_2d_female_vs_schistosomulum_2d_male	schistosomulum_2d_female	schistosomulum_2d_male	Smp_070170	Writers	Smp_070170	Smp_070170		2067.50396203447	0.448036224438657	0.238180740247777	1.88107663101798	0.0599614953932748	0.177759222635137	protein_coding	DEGs_all_results.tsv	.	.	unknown	. | condition__schistosomulum_2d_female_vs_schistosomulum_2d_male	0.177759222635137	0.448036224438657	0.7501678576269285	FALSE
smansoni_prjeb32839_primary	condition	condition__schistosomulum_2d_female_vs_schistosomulum_2d_male	schistosomulum_2d_female	schistosomulum_2d_male	Smp_138030	Writers	Smp_138030	Smp_138030		6320.32292692495	0.560214711479278	0.30596523221697	1.83097506674226	0.0671042646776439	0.190897973408415	protein_coding	DEGs_all_results.tsv	.	.	unknown	. | condition__schistosomulum_2d_female_vs_schistosomulum_2d_male	0.190897973408415	0.560214711479278	0.7191986820946215	FALSE
smansoni_prjeb32839_primary	condition	condition__schistosomulum_2d_female_vs_schistosomulum_2d_male	schistosomulum_2d_female	schistosomulum_2d_male	Smp_070340	Writers	Smp_070340	Smp_070340		4500.55093089513	0.377080473566039	0.206744148723919	1.82389913278553	0.0681673228197411	0.192854993094532	protein_coding	DEGs_all_results.tsv	.	.	unknown	. | condition__schistosomulum_2d_female_vs_schistosomulum_2d_male	0.192854993094532	0.377080473566039	0.7147691125908805	FALSE
smansoni_prjeb32839_primary	condition	condition__schistosomulum_2d_female_vs_schistosomulum_2d_male	schistosomulum_2d_female	schistosomulum_2d_male	Smp_001500	Grupo HP1	Smp_001500	Smp_001500		7803.69738487252	-0.489930777657497	0.26917686989555	-1.82010726942329	0.0687426707962058	0.194089952801982	protein_coding	DEGs_all_results.tsv	.	.	unknown	. | condition__schistosomulum_2d_female_vs_schistosomulum_2d_male	0.194089952801982	-0.489930777657497	0.7119969455781191	FALSE
smansoni_prjeb32839_primary	condition	condition__schistosomulum_2d_female_vs_schistosomulum_2d_male	schistosomulum_2d_female	schistosomulum_2d_male	Smp_210660	Writers	Smp_210660	Smp_210660		3236.48500527467	0.371064240023665	0.214233128103194	1.73205817097031	0.0832632057500182	0.218859449763545	protein_coding	DEGs_all_results.tsv	.	.	unknown	. | condition__schistosomulum_2d_female_vs_schistosomulum_2d_male	0.218859449763545	0.371064240023665	0.6598346969761028	FALSE
smansoni_prjeb32839_primary	condition	condition__schistosomulum_2d_female_vs_schistosomulum_2d_male	schistosomulum_2d_female	schistosomulum_2d_male	Smp_149380	Writers	Smp_149380	Smp_149380		973.408907422443	-0.284785247330772	0.166623560972823	-1.70915352947728	0.0874225142302519	0.225670462742613	protein_coding	DEGs_all_results.tsv	.	.	unknown	. | condition__schistosomulum_2d_female_vs_schistosomulum_2d_male	0.225670462742613	-0.284785247330772	0.6465252805649302	FALSE
smansoni_prjeb32839_primary	condition	condition__schistosomulum_2d_female_vs_schistosomulum_2d_male	schistosomulum_2d_female	schistosomulum_2d_male	Smp_078280	Readers	Smp_078280	Smp_078280		1064.43362120423	-0.318317536364489	0.196586576787088	-1.61922315127976	0.105399258486405	0.254801665896235	protein_coding	DEGs_all_results.tsv	.	.	unknown	. | condition__schistosomulum_2d_female_vs_schistosomulum_2d_male	0.254801665896235	-0.318317536364489	0.5937977369050655	FALSE
smansoni_prjeb32839_primary	condition	condition__schistosomulum_2d_female_vs_schistosomulum_2d_male	schistosomulum_2d_female	schistosomulum_2d_male	Smp_161400	Erasers	Smp_161400	Smp_161400		2441.58736390014	0.460241046304477	0.286842370867411	1.60450858397492	0.108601993873848	0.259706410765464	protein_coding	DEGs_all_results.tsv	.	.	unknown	. | condition__schistosomulum_2d_female_vs_schistosomulum_2d_male	0.259706410765464	0.460241046304477	0.5855173298250581	FALSE
smansoni_prjeb32839_primary	condition	condition__schistosomulum_2d_female_vs_schistosomulum_2d_male	schistosomulum_2d_female	schistosomulum_2d_male	Smp_144180	Writers	Smp_144180	Smp_144180		2917.87617118486	0.436182873020562	0.296981478255834	1.46872079559391	0.141908534597132	0.309428903646955	protein_coding	DEGs_all_results.tsv	.	.	unknown	. | condition__schistosomulum_2d_female_vs_schistosomulum_2d_male	0.309428903646955	0.436182873020562	0.5094391214443766	FALSE
smansoni_prjeb32839_primary	condition	condition__schistosomulum_2d_female_vs_schistosomulum_2d_male	schistosomulum_2d_female	schistosomulum_2d_male	Smp_159100	Readers	Smp_159100	Smp_159100		5410.19369593177	-0.351047163139019	0.24108756649994	-1.45609816480978	0.145365484811531	0.314166659533048	protein_coding	DEGs_all_results.tsv	.	.	unknown	. | condition__schistosomulum_2d_female_vs_schistosomulum_2d_male	0.314166659533048	-0.351047163139019	0.5028399057031304	FALSE
smansoni_prjeb32839_primary	condition	condition__schistosomulum_2d_female_vs_schistosomulum_2d_male	schistosomulum_2d_female	schistosomulum_2d_male	Smp_150560	Erasers	Smp_150560	Smp_150560		1710.56171763612	0.292042652966348	0.203023386825096	1.43846803825582	0.150301299831121	0.32163755087412	protein_coding	DEGs_all_results.tsv	.	.	unknown	. | condition__schistosomulum_2d_female_vs_schistosomulum_2d_male	0.32163755087412	0.292042652966348	0.4926332535013095	FALSE
smansoni_prjeb32839_primary	condition	condition__schistosomulum_2d_female_vs_schistosomulum_2d_male	schistosomulum_2d_female	schistosomulum_2d_male	Smp_150850	Readers; Writers	Smp_150850	Smp_150850		2849.62204563661	0.396068787468121	0.27540461075668	1.4381341923794	0.150395982695911	0.321699472494466	protein_coding	DEGs_all_results.tsv	.	.	unknown	. | condition__schistosomulum_2d_female_vs_schistosomulum_2d_male	0.321699472494466	0.396068787468121	0.4925496512302354	FALSE
smansoni_prjeb32839_primary	condition	condition__schistosomulum_2d_female_vs_schistosomulum_2d_male	schistosomulum_2d_female	schistosomulum_2d_male	Smp_062530	Writers	Smp_062530	Smp_062530		3786.4864984404	0.340892235273959	0.241810390559893	1.40975015376572	0.158613469750735	0.332659968919993	protein_coding	DEGs_all_results.tsv	.	.	unknown	. | condition__schistosomulum_2d_female_vs_schistosomulum_2d_male	0.332659968919993	0.340892235273959	0.47799945739132155	FALSE
smansoni_prjeb32839_primary	condition	condition__schistosomulum_2d_female_vs_schistosomulum_2d_male	schistosomulum_2d_female	schistosomulum_2d_male	Smp_132170	Erasers	Smp_132170	Smp_132170		2212.38725938966	0.258074602677426	0.203120556400973	1.27054891563004	0.20388917033505	0.389342737881645	protein_coding	DEGs_all_results.tsv	.	.	unknown	. | condition__schistosomulum_2d_female_vs_schistosomulum_2d_male	0.389342737881645	0.258074602677426	0.40966792146184094	FALSE
smansoni_prjeb32839_primary	condition	condition__schistosomulum_2d_female_vs_schistosomulum_2d_male	schistosomulum_2d_female	schistosomulum_2d_male	Smp_043580	Writers	Smp_043580	Smp_043580		1578.01657255372	0.157814390955837	0.147255545481172	1.07170422981465	0.283852900374547	0.481335034320797	protein_coding	DEGs_all_results.tsv	.	.	unknown	. | condition__schistosomulum_2d_female_vs_schistosomulum_2d_male	0.481335034320797	0.157814390955837	0.3175525267322389	FALSE
smansoni_prjeb32839_primary	condition	condition__schistosomulum_2d_female_vs_schistosomulum_2d_male	schistosomulum_2d_female	schistosomulum_2d_male	Smp_029240	Writers	PRMT1	PRMT1 | Smp_029240		11423.8059699232	0.175859087002194	0.169465604771486	1.03772731486917	0.29939702446253	0.49554447508749	protein_coding	DEGs_all_results.tsv	.	.	unknown	. | condition__schistosomulum_2d_female_vs_schistosomulum_2d_male	0.49554447508749	0.175859087002194	0.30491736152526433	FALSE
smansoni_prjeb32839_primary	condition	condition__schistosomulum_2d_female_vs_schistosomulum_2d_male	schistosomulum_2d_female	schistosomulum_2d_male	Smp_156290	Erasers	Smp_156290	Smp_156290		4982.27006344466	0.247782548768711	0.240588782144858	1.02990067350489	0.303056634552832	0.49865622139569	protein_coding	DEGs_all_results.tsv	.	.	unknown	. | condition__schistosomulum_2d_female_vs_schistosomulum_2d_male	0.49865622139569	0.247782548768711	0.3021987581920039	FALSE
smansoni_prjeb32839_primary	condition	condition__schistosomulum_2d_female_vs_schistosomulum_2d_male	schistosomulum_2d_female	schistosomulum_2d_male	Smp_055310	Writers	Smp_055310	Smp_055310		1119.11714353247	0.136804148669288	0.139301913975488	0.982069411432213	0.326065653734412	0.522067815354213	protein_coding	DEGs_all_results.tsv	.	.	unknown	. | condition__schistosomulum_2d_female_vs_schistosomulum_2d_male	0.522067815354213	0.136804148669288	0.28227307952421493	FALSE
smansoni_prjeb32839_primary	condition	condition__schistosomulum_2d_female_vs_schistosomulum_2d_male	schistosomulum_2d_female	schistosomulum_2d_male	Smp_027300	Readers; Writers	Smp_027300	Smp_027300		1296.29458990007	-0.138297005295529	0.157440642434166	-0.878407272463704	0.379722739151657	0.572568062455796	protein_coding	DEGs_all_results.tsv	.	.	unknown	. | condition__schistosomulum_2d_female_vs_schistosomulum_2d_male	0.572568062455796	-0.138297005295529	0.24217288035571452	FALSE
smansoni_prjeb32839_primary	condition	condition__schistosomulum_2d_female_vs_schistosomulum_2d_male	schistosomulum_2d_female	schistosomulum_2d_male	Smp_165000	Writers	Smp_165000	Smp_165000		4224.12638846006	0.182079723074459	0.21771227573614	0.836331908519175	0.402968207120575	0.59184254463184	protein_coding	DEGs_all_results.tsv	.	.	unknown	. | condition__schistosomulum_2d_female_vs_schistosomulum_2d_male	0.59184254463184	0.182079723074459	0.22779381877200558	FALSE
smansoni_prjeb32839_primary	condition	condition__schistosomulum_2d_female_vs_schistosomulum_2d_male	schistosomulum_2d_female	schistosomulum_2d_male	Smp_179650	Grupo HP1; Readers	Smp_179650	Smp_179650		19222.6291106233	0.129229499646017	0.164389915693875	0.786115736482688	0.431799685858416	0.618855058937358	protein_coding	DEGs_all_results.tsv	.	.	unknown	. | condition__schistosomulum_2d_female_vs_schistosomulum_2d_male	0.618855058937358	0.129229499646017	0.20841105449280914	FALSE
smansoni_prjeb32839_primary	condition	condition__schistosomulum_2d_female_vs_schistosomulum_2d_male	schistosomulum_2d_female	schistosomulum_2d_male	Smp_019170	Erasers	Smp_019170	Smp_019170		4714.66907905883	0.148317496324519	0.22349086071497	0.663640096288665	0.506920687981436	0.681886715132142	protein_coding	DEGs_all_results.tsv	.	.	unknown	. | condition__schistosomulum_2d_female_vs_schistosomulum_2d_male	0.681886715132142	0.148317496324519	0.16628777062151393	FALSE
smansoni_prjeb32839_primary	condition	condition__schistosomulum_2d_female_vs_schistosomulum_2d_male	schistosomulum_2d_female	schistosomulum_2d_male	Smp_000700	Writers	Smp_000700	Smp_000700		2324.15466325394	0.0760096225868756	0.131326412270066	0.578783972492644	0.562734947021661	0.727082676466065	protein_coding	DEGs_all_results.tsv	.	.	unknown	. | condition__schistosomulum_2d_female_vs_schistosomulum_2d_male	0.727082676466065	0.0760096225868756	0.13841620277027625	FALSE
smansoni_prjeb32839_primary	condition	condition__schistosomulum_2d_female_vs_schistosomulum_2d_male	schistosomulum_2d_female	schistosomulum_2d_male	Smp_162940	Erasers	Smp_162940	Smp_162940		1232.13731224705	0.0772320371140462	0.204155981157356	0.378299164571223	0.705208365967558	0.827914672637088	protein_coding	DEGs_all_results.tsv	.	.	unknown	. | condition__schistosomulum_2d_female_vs_schistosomulum_2d_male	0.827914672637088	0.0772320371140462	0.08201442059726423	FALSE
smansoni_prjeb32839_primary	condition	condition__schistosomulum_2d_female_vs_schistosomulum_2d_male	schistosomulum_2d_female	schistosomulum_2d_male	Smp_144550	Readers	Smp_144550	Smp_144550		2174.17282964795	-0.0977813046789429	0.258784949122287	-0.377847726502584	0.705543716741497	0.828107789438012	protein_coding	DEGs_all_results.tsv	.	.	unknown	. | condition__schistosomulum_2d_female_vs_schistosomulum_2d_male	0.828107789438012	-0.0977813046789429	0.08191313023037004	FALSE
smansoni_prjeb32839_primary	condition	condition__schistosomulum_2d_female_vs_schistosomulum_2d_male	schistosomulum_2d_female	schistosomulum_2d_male	Smp_105690	Readers	Smp_105690	Smp_105690		3486.66851744267	0.0526796137519505	0.20658826814888	0.254998089794656	0.798724574598773	0.892885388053872	protein_coding	DEGs_all_results.tsv	.	.	unknown	. | condition__schistosomulum_2d_female_vs_schistosomulum_2d_male	0.892885388053872	0.0526796137519505	0.04920428414643767	FALSE
smansoni_prjeb32839_primary	condition	condition__schistosomulum_2d_female_vs_schistosomulum_2d_male	schistosomulum_2d_female	schistosomulum_2d_male	Smp_006250	Readers	Smp_006250	Smp_006250		3422.78105474812	0.0482061196316221	0.227975630396947	0.211452950245982	0.832533842355812	0.913975340059903	protein_coding	DEGs_all_results.tsv	.	.	unknown	. | condition__schistosomulum_2d_female_vs_schistosomulum_2d_male	0.913975340059903	0.0482061196316221	0.03906552179394277	FALSE
smansoni_prjeb32839_primary	condition	condition__schistosomulum_2d_female_vs_schistosomulum_2d_male	schistosomulum_2d_female	schistosomulum_2d_male	Smp_175680	Readers	Smp_175680	Smp_175680		3526.19745209693	0.0291672939915178	0.193046060468837	0.151089817221244	0.879904864967928	0.942508669554705	protein_coding	DEGs_all_results.tsv	.	.	unknown	. | condition__schistosomulum_2d_female_vs_schistosomulum_2d_male	0.942508669554705	0.0291672939915178	0.025714646297286457	FALSE
smansoni_prjeb32839_primary	condition	condition__schistosomulum_2d_female_vs_schistosomulum_2d_male	schistosomulum_2d_female	schistosomulum_2d_male	Smp_078900	Writers	Smp_078900	Smp_078900		2009.81033749387	-0.00248471992564578	0.200259044865018	-0.0124075290947311	0.99010047809817	1	protein_coding	DEGs_all_results.tsv	.	.	unknown	. | condition__schistosomulum_2d_female_vs_schistosomulum_2d_male	1	-0.00248471992564578	-0	FALSE
smansoni_prjeb32839_primary	condition	condition__juvenile_26d_female_vs_juvenile_26d_male	juvenile_26d_female	juvenile_26d_male	Smp_078280	Readers	Smp_078280	Smp_078280		1064.43362120423	-0.703037408342452	0.196241863649166	-3.58250474832077	0.000340315428834179	0.00367106028974693	protein_coding	DEGs_all_results.tsv	.	.	unknown	. | condition__juvenile_26d_female_vs_juvenile_26d_male	0.00367106028974693	-0.703037408342452	2.4352084830281844	FALSE
smansoni_prjeb32839_primary	condition	condition__juvenile_26d_female_vs_juvenile_26d_male	juvenile_26d_female	juvenile_26d_male	Smp_140390	Writers	Smp_140390	Smp_140390		6169.75930938339	0.342930460052123	0.107265563843214	3.19702286330559	0.00138853920206255	0.0115888154646754	protein_coding	DEGs_all_results.tsv	.	.	unknown	. | condition__juvenile_26d_female_vs_juvenile_26d_male	0.0115888154646754	0.342930460052123	1.9359609525994284	FALSE
smansoni_prjeb32839_primary	condition	condition__juvenile_26d_female_vs_juvenile_26d_male	juvenile_26d_female	juvenile_26d_male	Smp_210650	Writers	Smp_210650	Smp_210650		2584.66291222506	-0.625847003403618	0.251402394288712	-2.48942340097562	0.0127950486885642	0.0686847759003234	protein_coding	DEGs_all_results.tsv	.	.	unknown	. | condition__juvenile_26d_female_vs_juvenile_26d_male	0.0686847759003234	-0.625847003403618	1.1631395143986658	FALSE
smansoni_prjeb32839_primary	condition	condition__juvenile_26d_female_vs_juvenile_26d_male	juvenile_26d_female	juvenile_26d_male	Smp_034000	Erasers	Smp_034000	Smp_034000		5261.5773278667	0.429742936728064	0.194543209497182	2.20898451217486	0.0271757181849219	0.123235207672681	protein_coding	DEGs_all_results.tsv	.	.	unknown	. | condition__juvenile_26d_female_vs_juvenile_26d_male	0.123235207672681	0.429742936728064	0.9092651987174604	FALSE
smansoni_prjeb32839_primary	condition	condition__juvenile_26d_female_vs_juvenile_26d_male	juvenile_26d_female	juvenile_26d_male	Smp_159100	Readers	Smp_159100	Smp_159100		5410.19369593177	-0.522409432212769	0.24100930552446	-2.16759029729559	0.0301898726403096	0.132973441254735	protein_coding	DEGs_all_results.tsv	.	.	unknown	. | condition__juvenile_26d_female_vs_juvenile_26d_male	0.132973441254735	-0.522409432212769	0.8762350918773575	FALSE
smansoni_prjeb32839_primary	condition	condition__juvenile_26d_female_vs_juvenile_26d_male	juvenile_26d_female	juvenile_26d_male	Smp_171150	Writers	Smp_171150	Smp_171150		2852.5025064119	0.261530710126046	0.130226705416619	2.00827249134009	0.0446143434152318	0.174928338683111	protein_coding	DEGs_all_results.tsv	.	.	unknown	. | condition__juvenile_26d_female_vs_juvenile_26d_male	0.174928338683111	0.261530710126046	0.757139828390155	FALSE
smansoni_prjeb32839_primary	condition	condition__juvenile_26d_female_vs_juvenile_26d_male	juvenile_26d_female	juvenile_26d_male	Smp_138030	Writers	Smp_138030	Smp_138030		6320.32292692495	0.579308428910579	0.305936515603566	1.89355764795743	0.0582837495564634	0.210777817132133	protein_coding	DEGs_all_results.tsv	.	.	unknown	. | condition__juvenile_26d_female_vs_juvenile_26d_male	0.210777817132133	0.579308428910579	0.6761750974634723	FALSE
smansoni_prjeb32839_primary	condition	condition__juvenile_26d_female_vs_juvenile_26d_male	juvenile_26d_female	juvenile_26d_male	Smp_179650	Grupo HP1; Readers	Smp_179650	Smp_179650		19222.6291106233	0.308089499650959	0.16444632696938	1.87349578022697	0.0609999549064167	0.218665196029829	protein_coding	DEGs_all_results.tsv	.	.	unknown	. | condition__juvenile_26d_female_vs_juvenile_26d_male	0.218665196029829	0.308089499650959	0.6602203361897853	FALSE
smansoni_prjeb32839_primary	condition	condition__juvenile_26d_female_vs_juvenile_26d_male	juvenile_26d_female	juvenile_26d_male	Smp_029240	Writers	PRMT1	PRMT1 | Smp_029240		11423.8059699232	0.293288671849264	0.169475443851475	1.73056736235072	0.083528957030018	0.271656488366818	protein_coding	DEGs_all_results.tsv	.	.	unknown	. | condition__juvenile_26d_female_vs_juvenile_26d_male	0.271656488366818	0.293288671849264	0.5659799176199389	FALSE
smansoni_prjeb32839_primary	condition	condition__juvenile_26d_female_vs_juvenile_26d_male	juvenile_26d_female	juvenile_26d_male	Smp_170390	Readers	Smp_170390	Smp_170390		2105.04043966555	0.245106587415182	0.153788511820499	1.59378996853334	0.110983085118805	0.329215056372423	protein_coding	DEGs_all_results.tsv	.	.	unknown	. | condition__juvenile_26d_female_vs_juvenile_26d_male	0.329215056372423	0.245106587415182	0.48252031091440634	FALSE
smansoni_prjeb32839_primary	condition	condition__juvenile_26d_female_vs_juvenile_26d_male	juvenile_26d_female	juvenile_26d_male	Smp_160700	Writers	Smp_160700	Smp_160700		2877.4654408921	0.383527482195722	0.242700311824579	1.58025129556871	0.114049328801648	0.334366270124127	protein_coding	DEGs_all_results.tsv	.	.	unknown	. | condition__juvenile_26d_female_vs_juvenile_26d_male	0.334366270124127	0.383527482195722	0.47577753936041567	FALSE
smansoni_prjeb32839_primary	condition	condition__juvenile_26d_female_vs_juvenile_26d_male	juvenile_26d_female	juvenile_26d_male	Smp_150560	Erasers	Smp_150560	Smp_150560		1710.56171763612	0.314324374618073	0.20311691470473	1.54750467273986	0.121741598582565	0.3491686060167	protein_coding	DEGs_all_results.tsv	.	.	unknown	. | condition__juvenile_26d_female_vs_juvenile_26d_male	0.3491686060167	0.314324374618073	0.45696481091900315	FALSE
smansoni_prjeb32839_primary	condition	condition__juvenile_26d_female_vs_juvenile_26d_male	juvenile_26d_female	juvenile_26d_male	Smp_070340	Writers	Smp_070340	Smp_070340		4500.55093089513	0.312300528791638	0.206995103830186	1.50873389279701	0.131366800497337	0.367137635768092	protein_coding	DEGs_all_results.tsv	.	.	unknown	. | condition__juvenile_26d_female_vs_juvenile_26d_male	0.367137635768092	0.312300528791638	0.4351710931081033	FALSE
smansoni_prjeb32839_primary	condition	condition__juvenile_26d_female_vs_juvenile_26d_male	juvenile_26d_female	juvenile_26d_male	Smp_125340	Readers	Smp_125340	Smp_125340		2437.82035409337	0.441232061560413	0.296019795712472	1.49054917255935	0.13607989729433	0.375861663822272	protein_coding	DEGs_all_results.tsv	.	.	unknown	. | condition__juvenile_26d_female_vs_juvenile_26d_male	0.375861663822272	0.441232061560413	0.4249719680863644	FALSE
smansoni_prjeb32839_primary	condition	condition__juvenile_26d_female_vs_juvenile_26d_male	juvenile_26d_female	juvenile_26d_male	Smp_041750	Readers	Smp_041750	Smp_041750		3557.60311615714	0.388331588698869	0.271007143283901	1.43292012156322	0.151880666223895	0.403591870044005	protein_coding	DEGs_all_results.tsv	.	.	unknown	. | condition__juvenile_26d_female_vs_juvenile_26d_male	0.403591870044005	0.388331588698869	0.39405759077652625	FALSE
smansoni_prjeb32839_primary	condition	condition__juvenile_26d_female_vs_juvenile_26d_male	juvenile_26d_female	juvenile_26d_male	Smp_041760	Readers	Smp_041760	Smp_041760		10038.6207043123	0.397795837150722	0.278024653342937	1.43079339320334	0.152489437153473	0.404297380651284	protein_coding	DEGs_all_results.tsv	.	.	unknown	. | condition__juvenile_26d_female_vs_juvenile_26d_male	0.404297380651284	0.397795837150722	0.39329907235017075	FALSE
smansoni_prjeb32839_primary	condition	condition__juvenile_26d_female_vs_juvenile_26d_male	juvenile_26d_female	juvenile_26d_male	Smp_025550	Writers	Smp_025550	Smp_025550		3109.91939540225	0.190606595315155	0.133832906248541	1.42421322721021	0.15438475706153	0.407555768169444	protein_coding	DEGs_all_results.tsv	.	.	unknown	. | condition__juvenile_26d_female_vs_juvenile_26d_male	0.407555768169444	0.190606595315155	0.38981295587832887	FALSE
smansoni_prjeb32839_primary	condition	condition__juvenile_26d_female_vs_juvenile_26d_male	juvenile_26d_female	juvenile_26d_male	Smp_162940	Erasers	Smp_162940	Smp_162940		1232.13731224705	0.289617394095272	0.203882955811367	1.42050811919377	0.155459806556967	0.408739835294595	protein_coding	DEGs_all_results.tsv	.	.	unknown	. | condition__juvenile_26d_female_vs_juvenile_26d_male	0.408739835294595	0.289617394095272	0.3885530344059268	FALSE
smansoni_prjeb32839_primary	condition	condition__juvenile_26d_female_vs_juvenile_26d_male	juvenile_26d_female	juvenile_26d_male	Smp_130470	Readers	Smp_130470	Smp_130470		4406.54504313159	0.438042984351312	0.311840267131311	1.40470308206496	0.16010958890445	0.416079966138612	protein_coding	DEGs_all_results.tsv	.	.	unknown	. | condition__juvenile_26d_female_vs_juvenile_26d_male	0.416079966138612	0.438042984351312	0.3808231945769432	FALSE
smansoni_prjeb32839_primary	condition	condition__juvenile_26d_female_vs_juvenile_26d_male	juvenile_26d_female	juvenile_26d_male	Smp_070170	Writers	Smp_070170	Smp_070170		2067.50396203447	0.315593426448101	0.238285198825479	1.32443570982872	0.185358381455786	0.455431473133867	protein_coding	DEGs_all_results.tsv	.	.	unknown	. | condition__juvenile_26d_female_vs_juvenile_26d_male	0.455431473133867	0.315593426448101	0.34157696024686846	FALSE
smansoni_prjeb32839_primary	condition	condition__juvenile_26d_female_vs_juvenile_26d_male	juvenile_26d_female	juvenile_26d_male	Smp_144180	Writers	Smp_144180	Smp_144180		2917.87617118486	0.318462676261884	0.297148256020204	1.07172991868487	0.283841358545598	0.591261449212216	protein_coding	DEGs_all_results.tsv	.	.	unknown	. | condition__juvenile_26d_female_vs_juvenile_26d_male	0.591261449212216	0.318462676261884	0.22822043647562035	FALSE
smansoni_prjeb32839_primary	condition	condition__juvenile_26d_female_vs_juvenile_26d_male	juvenile_26d_female	juvenile_26d_male	Smp_000700	Writers	Smp_000700	Smp_000700		2324.15466325394	-0.138945800589649	0.130872846820694	-1.06168547536844	0.288378495331531	0.59638037939864	protein_coding	DEGs_all_results.tsv	.	.	unknown	. | condition__juvenile_26d_female_vs_juvenile_26d_male	0.59638037939864	-0.138945800589649	0.224476653044447	FALSE
smansoni_prjeb32839_primary	condition	condition__juvenile_26d_female_vs_juvenile_26d_male	juvenile_26d_female	juvenile_26d_male	Smp_149380	Writers	Smp_149380	Smp_149380		973.408907422443	-0.175831398248611	0.166942184349706	-1.05324726002317	0.292227683547192	0.600631699563146	protein_coding	DEGs_all_results.tsv	.	.	unknown	. | condition__juvenile_26d_female_vs_juvenile_26d_male	0.600631699563146	-0.175831398248611	0.22139175075499087	FALSE
smansoni_prjeb32839_primary	condition	condition__juvenile_26d_female_vs_juvenile_26d_male	juvenile_26d_female	juvenile_26d_male	Smp_062530	Writers	Smp_062530	Smp_062530		3786.4864984404	0.248738571667819	0.242067926274842	1.02755691551388	0.304158299710174	0.612637749305455	protein_coding	DEGs_all_results.tsv	.	.	unknown	. | condition__juvenile_26d_female_vs_juvenile_26d_male	0.612637749305455	0.248738571667819	0.21279624649458695	FALSE
smansoni_prjeb32839_primary	condition	condition__juvenile_26d_female_vs_juvenile_26d_male	juvenile_26d_female	juvenile_26d_male	Smp_156290	Erasers	Smp_156290	Smp_156290		4982.27006344466	0.246243367334887	0.240608240763397	1.0234203390275	0.30610914689486	0.614226801622534	protein_coding	DEGs_all_results.tsv	.	.	unknown	. | condition__juvenile_26d_female_vs_juvenile_26d_male	0.614226801622534	0.246243367334887	0.21167123715569958	FALSE
smansoni_prjeb32839_primary	condition	condition__juvenile_26d_female_vs_juvenile_26d_male	juvenile_26d_female	juvenile_26d_male	Smp_079650	Readers	Smp_079650	Smp_079650		7141.36997642743	0.266594276264751	0.265125568755189	1.00553966754869	0.314637058661673	0.624054593906482	protein_coding	DEGs_all_results.tsv	.	.	unknown	. | condition__juvenile_26d_female_vs_juvenile_26d_male	0.624054593906482	0.266594276264751	0.2047774154534706	FALSE
smansoni_prjeb32839_primary	condition	condition__juvenile_26d_female_vs_juvenile_26d_male	juvenile_26d_female	juvenile_26d_male	Smp_074050	Readers	Smp_074050	Smp_074050		2224.11599618866	0.235065202567389	0.256887986745032	0.915049417241521	0.360165687876777	0.669436167438203	protein_coding	DEGs_all_results.tsv	.	.	unknown	. | condition__juvenile_26d_female_vs_juvenile_26d_male	0.669436167438203	0.235065202567389	0.1742908278394292	FALSE
smansoni_prjeb32839_primary	condition	condition__juvenile_26d_female_vs_juvenile_26d_male	juvenile_26d_female	juvenile_26d_male	Smp_105690	Readers	Smp_105690	Smp_105690		3486.66851744267	0.186024178102692	0.206563445199341	0.900566786747637	0.367818700441046	0.67705439971337	protein_coding	DEGs_all_results.tsv	.	.	unknown	. | condition__juvenile_26d_female_vs_juvenile_26d_male	0.67705439971337	0.186024178102692	0.16937643538253358	FALSE
smansoni_prjeb32839_primary	condition	condition__juvenile_26d_female_vs_juvenile_26d_male	juvenile_26d_female	juvenile_26d_male	Smp_078900	Writers	Smp_078900	Smp_078900		2009.81033749387	0.178772473800101	0.200413284544654	0.892019080502964	0.372382705355146	0.681147131701956	protein_coding	DEGs_all_results.tsv	.	.	unknown	. | condition__juvenile_26d_female_vs_juvenile_26d_male	0.681147131701956	0.178772473800101	0.1667590678455774	FALSE
smansoni_prjeb32839_primary	condition	condition__juvenile_26d_female_vs_juvenile_26d_male	juvenile_26d_female	juvenile_26d_male	Smp_019170	Erasers	Smp_019170	Smp_019170		4714.66907905883	0.19879268765442	0.223464097484705	0.889595643738819	0.37368304617836	0.681632045204915	protein_coding	DEGs_all_results.tsv	.	.	unknown	. | condition__juvenile_26d_female_vs_juvenile_26d_male	0.681632045204915	0.19879268765441999	0.16645000050584666	FALSE
smansoni_prjeb32839_primary	condition	condition__juvenile_26d_female_vs_juvenile_26d_male	juvenile_26d_female	juvenile_26d_male	Smp_210660	Writers	Smp_210660	Smp_210660		3236.48500527467	0.190725451414262	0.214383675068244	0.889645404919704	0.373656317649584	0.681632045204915	protein_coding	DEGs_all_results.tsv	.	.	unknown	. | condition__juvenile_26d_female_vs_juvenile_26d_male	0.681632045204915	0.190725451414262	0.16645000050584666	FALSE
smansoni_prjeb32839_primary	condition	condition__juvenile_26d_female_vs_juvenile_26d_male	juvenile_26d_female	juvenile_26d_male	Smp_149240	Readers	Smp_149240	Smp_149240		1851.74953481769	-0.228290902594926	0.300160003941223	-0.760564031174621	0.446917510435838	0.740358491652842	protein_coding	DEGs_all_results.tsv	.	.	unknown	. | condition__juvenile_26d_female_vs_juvenile_26d_male	0.740358491652842	-0.228290902594926	0.13055793804373314	FALSE
smansoni_prjeb32839_primary	condition	condition__juvenile_26d_female_vs_juvenile_26d_male	juvenile_26d_female	juvenile_26d_male	Smp_027300	Readers; Writers	Smp_027300	Smp_027300		1296.29458990007	-0.117901058841584	0.15777422982933	-0.747277036111171	0.454896351166161	0.747128564125171	protein_coding	DEGs_all_results.tsv	.	.	unknown	. | condition__juvenile_26d_female_vs_juvenile_26d_male	0.747128564125171	-0.117901058841584	0.12660465938151436	FALSE
smansoni_prjeb32839_primary	condition	condition__juvenile_26d_female_vs_juvenile_26d_male	juvenile_26d_female	juvenile_26d_male	Smp_175680	Readers	Smp_175680	Smp_175680		3526.19745209693	-0.138970864255966	0.193473517542471	-0.718293986800852	0.472576037056782	0.762762510083732	protein_coding	DEGs_all_results.tsv	.	.	unknown	. | condition__juvenile_26d_female_vs_juvenile_26d_male	0.762762510083732	-0.138970864255966	0.11761066075434744	FALSE
smansoni_prjeb32839_primary	condition	condition__juvenile_26d_female_vs_juvenile_26d_male	juvenile_26d_female	juvenile_26d_male	Smp_055310	Writers	Smp_055310	Smp_055310		1119.11714353247	0.0958433192013079	0.138556946181951	0.691725112615052	0.48910997326338	0.773319073845304	protein_coding	DEGs_all_results.tsv	.	.	unknown	. | condition__juvenile_26d_female_vs_juvenile_26d_male	0.773319073845304	0.0958433192013079	0.11164127785556613	FALSE
smansoni_prjeb32839_primary	condition	condition__juvenile_26d_female_vs_juvenile_26d_male	juvenile_26d_female	juvenile_26d_male	Smp_161400	Erasers	Smp_161400	Smp_161400		2441.58736390014	0.186843680509784	0.286687954971452	0.651731882242454	0.514574151418783	0.791889077808494	protein_coding	DEGs_all_results.tsv	.	.	unknown	. | condition__juvenile_26d_female_vs_juvenile_26d_male	0.791889077808494	0.186843680509784	0.10133564703347682	FALSE
smansoni_prjeb32839_primary	condition	condition__juvenile_26d_female_vs_juvenile_26d_male	juvenile_26d_female	juvenile_26d_male	Smp_006250	Readers	Smp_006250	Smp_006250		3422.78105474812	-0.124739225137414	0.228077299892374	-0.54691644103239	0.584436139888103	0.838027622240175	protein_coding	DEGs_all_results.tsv	.	.	unknown	. | condition__juvenile_26d_female_vs_juvenile_26d_male	0.838027622240175	-0.124739225137414	0.0767416663473125	FALSE
smansoni_prjeb32839_primary	condition	condition__juvenile_26d_female_vs_juvenile_26d_male	juvenile_26d_female	juvenile_26d_male	Smp_043580	Writers	Smp_043580	Smp_043580		1578.01657255372	0.0723573779716485	0.14792337601762	0.489154452255264	0.624732353234118	0.86143874999987	protein_coding	DEGs_all_results.tsv	.	.	unknown	. | condition__juvenile_26d_female_vs_juvenile_26d_male	0.86143874999987	0.0723573779716485	0.06477559631546057	FALSE
smansoni_prjeb32839_primary	condition	condition__juvenile_26d_female_vs_juvenile_26d_male	juvenile_26d_female	juvenile_26d_male	Smp_121610	Writers	Smp_121610	Smp_121610		1473.81819604994	-0.0699539402957457	0.145647524128305	-0.480296117042961	0.631016849516767	0.86486427022004	protein_coding	DEGs_all_results.tsv	.	.	unknown	. | condition__juvenile_26d_female_vs_juvenile_26d_male	0.86486427022004	-0.0699539402957457	0.06305204434987127	FALSE
smansoni_prjeb32839_primary	condition	condition__juvenile_26d_female_vs_juvenile_26d_male	juvenile_26d_female	juvenile_26d_male	Smp_160810	Erasers	Smp_160810	Smp_160810		2978.31204166108	0.0784472973857102	0.178460899286895	0.439576947662904	0.660243539847999	0.880384695592386	protein_coding	DEGs_all_results.tsv	.	.	unknown	. | condition__juvenile_26d_female_vs_juvenile_26d_male	0.880384695592386	0.0784472973857102	0.055327515729715206	FALSE
smansoni_prjeb32839_primary	condition	condition__juvenile_26d_female_vs_juvenile_26d_male	juvenile_26d_female	juvenile_26d_male	Smp_144550	Readers	Smp_144550	Smp_144550		2174.17282964795	0.111787381126588	0.25861928203779	0.432246892984003	0.665561980811103	0.882426438723405	protein_coding	DEGs_all_results.tsv	.	.	unknown	. | condition__juvenile_26d_female_vs_juvenile_26d_male	0.882426438723405	0.111787381126588	0.05432148830622663	FALSE
smansoni_prjeb32839_primary	condition	condition__juvenile_26d_female_vs_juvenile_26d_male	juvenile_26d_female	juvenile_26d_male	Smp_150850	Readers; Writers	Smp_150850	Smp_150850		2849.62204563661	0.0978516805896925	0.275528214471652	0.355142143164289	0.722483106069442	0.9063222248424	protein_coding	DEGs_all_results.tsv	.	.	unknown	. | condition__juvenile_26d_female_vs_juvenile_26d_male	0.9063222248424	0.0978516805896925	0.04271737010297486	FALSE
smansoni_prjeb32839_primary	condition	condition__juvenile_26d_female_vs_juvenile_26d_male	juvenile_26d_female	juvenile_26d_male	Smp_165000	Writers	Smp_165000	Smp_165000		4224.12638846006	-0.0743887632544537	0.217743549149162	-0.341634751271069	0.732625781334033	0.91123913559518	protein_coding	DEGs_all_results.tsv	.	.	unknown	. | condition__juvenile_26d_female_vs_juvenile_26d_male	0.91123913559518	-0.0743887632544537	0.04036763659351909	FALSE
smansoni_prjeb32839_primary	condition	condition__juvenile_26d_female_vs_juvenile_26d_male	juvenile_26d_female	juvenile_26d_male	Smp_132170	Erasers	Smp_132170	Smp_132170		2212.38725938966	0.0364291193551007	0.203555633579844	0.178963945700926	0.857966011760993	0.968850148983738	protein_coding	DEGs_all_results.tsv	.	.	unknown	. | condition__juvenile_26d_female_vs_juvenile_26d_male	0.968850148983738	0.0364291193551007	0.013743389618065106	FALSE
smansoni_prjeb32839_primary	condition	condition__juvenile_26d_female_vs_juvenile_26d_male	juvenile_26d_female	juvenile_26d_male	Smp_001500	Grupo HP1	Smp_001500	Smp_001500		7803.69738487252	-0.0108664352162084	0.26925824610575	-0.0403569263833823	0.967808570018788	1	protein_coding	DEGs_all_results.tsv	.	.	unknown	. | condition__juvenile_26d_female_vs_juvenile_26d_male	1	-0.0108664352162084	-0	FALSE
