task_id	hash	native_id	name	status	exit	submit	duration	realtime	%cpu	peak_rss	peak_vmem	rchar	wchar	workdir
2	e7/f6f385	23758	RNASEQ:RNASEQ_NATIVE_FOUNDATION:RNASEQ_CONTEXT (rnaseq:context)	COMPLETED	0	2026-09-29 08:55:31.880	4.2s	412ms	11.8%	3.6 MB	7.1 MB	136.3 KB	27.3 KB	${HF_WORK_ROOT}/e7/f6f38540f097cc4c23ee3a9daf71cd
1	49/b329a2	23757	RNASEQ:RNASEQ_DIFFERENTIAL_EXPRESSION:RNASEQ_DE_CONTEXT (rnaseq:de:context)	COMPLETED	0	2026-09-29 08:55:31.836	4.2s	2.8s	14.7%	6 MB	13.7 MB	131.6 MB	130.7 MB	${HF_WORK_ROOT}/49/b329a2a65661c27b40af1bb086e018
3	c0/9aa561	23759	RNASEQ:RNASEQ_NATIVE_FOUNDATION:RNASEQ_METADATA (rnaseq:metadata)	COMPLETED	0	2026-09-29 08:55:36.240	4.8s	754ms	35.4%	13.2 MB	25.7 MB	941.1 KB	143.7 KB	${HF_WORK_ROOT}/c0/9aa5612b97bb7c3f660fbcf91f5ca2
9	d3/e72ade	23760	RNASEQ:RNASEQ_NATIVE_FOUNDATION:REFERENCE_BUNDLE (reference:Schistosoma_mansoni_SM_V10_WBPS19)	COMPLETED	0	2026-09-29 08:55:50.927	30.1s	9.4s	66.5%	24 MB	38.6 MB	971 MB	1.9 KB	${HF_WORK_ROOT}/d3/e72ade2dfdd021ff2ddd3d353a4975
5	71/34ed51	23762	RNASEQ:RNASEQ_QC:FASTQC_RAW (E-ERAD-478.d21_female_paired_r1.ERR1328179.raw.R1)	COMPLETED	0	2026-09-29 08:55:53.037	1m 3s	50.3s	104.2%	1.3 GB	5 GB	472.7 MB	3 MB	${HF_WORK_ROOT}/71/34ed515de1b6ba08e062ae2b0cd276
8	a3/fd49c5	23761	RNASEQ:RNASEQ_QC:FASTQC_RAW (E-ERAD-478.d21_female_paired_r1.ERR1328203.raw.R2)	COMPLETED	0	2026-09-29 08:55:52.744	1m 8s	51.3s	105.2%	1.3 GB	4.8 GB	478.6 MB	3 MB	${HF_WORK_ROOT}/a3/fd49c50100347cdaba58aa9083fbc1
6	93/de1ab3	23763	RNASEQ:RNASEQ_QC:FASTQC_RAW (E-ERAD-478.d21_female_paired_r1.ERR1328179.raw.R2)	COMPLETED	0	2026-09-29 08:55:53.205	1m 8s	52.6s	103.7%	1.3 GB	4.8 GB	495.2 MB	3 MB	${HF_WORK_ROOT}/93/de1ab3d7ad5e12059c1e9fbb5adab7
7	cf/9e0554	23764	RNASEQ:RNASEQ_QC:FASTQC_RAW (E-ERAD-478.d21_female_paired_r1.ERR1328203.raw.R1)	COMPLETED	0	2026-09-29 08:55:53.394	1m 8s	48.5s	103.3%	1.4 GB	5 GB	456.1 MB	3 MB	${HF_WORK_ROOT}/cf/9e0554d7f302ad1cabcded8e08e4a6
12	0d/ce9ac1	23767	RNASEQ:RNASEQ_QC:FASTQC_RAW (E-ERAD-478.d21_female_paired_r2.ERR1328204.raw.R1)	COMPLETED	0	2026-09-29 08:55:54.104	1m 7s	57s	102.2%	1.3 GB	5 GB	541.8 MB	2.9 MB	${HF_WORK_ROOT}/0d/ce9ac1f537eaf20b79344961cf1fd2
49	d9/2d8211	23768	RNASEQ:RNASEQ_QC:FASTQC_RAW (E-ERAD-478.d21_female_unpaired_r4.ERR1328139.raw.R1)	COMPLETED	0	2026-09-29 08:56:21.490	1m 10s	51.8s	104.4%	1.3 GB	4.8 GB	462.2 MB	2.9 MB	${HF_WORK_ROOT}/d9/2d8211b7f1b9d6347d8f629182f8d4
74	b5/92c2ff	23770	RNASEQ:RNASEQ_QC:FASTQC_RAW (E-ERAD-478.d21_male_paired_r3.ERR1328143.raw.R1)	COMPLETED	0	2026-09-29 08:57:01.415	1m 10s	56.6s	103.7%	1.3 GB	4.9 GB	558.2 MB	2.9 MB	${HF_WORK_ROOT}/b5/92c2ff8bd52616ed187145beb2672a
76	65/6e4356	23771	RNASEQ:RNASEQ_QC:FASTQC_RAW (E-ERAD-478.d21_male_paired_r3.ERR1328143.raw.R2)	COMPLETED	0	2026-09-29 08:57:01.871	1m 9s	1m 3s	100.9%	1.3 GB	4.8 GB	583.6 MB	3 MB	${HF_WORK_ROOT}/65/6e4356e6c0662cf444c8c1c1cf175c
84	f3/85751d	23773	RNASEQ:RNASEQ_QC:FASTQC_RAW (E-ERAD-478.d21_male_paired_r4.ERR1328264.raw.R1)	COMPLETED	0	2026-09-29 08:57:02.245	1m 9s	53.6s	105.3%	1.3 GB	4.9 GB	519.5 MB	2.9 MB	${HF_WORK_ROOT}/f3/85751d2c14ad49d9cefdca8a3db7bb
99	9e/fd4fd3	23774	RNASEQ:RNASEQ_QC:FASTQC_RAW (E-ERAD-478.d21_male_unpaired_r3.ERR1328238.raw.R2)	COMPLETED	0	2026-09-29 08:57:31.530	1m 5s	54.5s	101.6%	1.3 GB	5 GB	506.3 MB	3 MB	${HF_WORK_ROOT}/9e/fd4fd3d97cf80d0b52620fcf6aff42
13	56/dcfc24	23766	RNASEQ:RNASEQ_QC:TRIM_GALORE (E-ERAD-478.d21_female_paired_r1.ERR1328203.trim_galore)	COMPLETED	0	2026-09-29 08:55:53.868	3m 12s	2m 57s	527.9%	319.6 MB	2 GB	22.3 GB	22.2 GB	${HF_WORK_ROOT}/56/dcfc24b367daf26552cb16bc91d090
111	f2/911ec7	23775	RNASEQ:RNASEQ_QC:FASTQC_RAW (E-ERAD-478.d28_female_paired_r1.ERR1328184.raw.R1)	COMPLETED	0	2026-09-29 08:58:11.715	1m 4s	55.1s	104.2%	1.4 GB	5 GB	514.1 MB	2.9 MB	${HF_WORK_ROOT}/f2/911ec75236299c7c4554a990cb4c8b
106	fa/ff90f1	23777	RNASEQ:RNASEQ_QC:FASTQC_RAW (E-ERAD-478.d21_male_unpaired_r4.ERR1328239.raw.R2)	COMPLETED	0	2026-09-29 08:58:12.163	1m 4s	58.8s	84.3%	1.3 GB	4.9 GB	621.3 MB	3 MB	${HF_WORK_ROOT}/fa/ff90f1e56135a381a82692614fd6fb
203	5e/fa4ec1	23778	RNASEQ:RNASEQ_QC:FASTQC_RAW (E-ERAD-478.d35_female_paired_r2.ERR1328151.raw.R1)	COMPLETED	0	2026-09-29 08:58:36.707	1m 5s	56.8s	99.9%	1.4 GB	4.9 GB	479.3 MB	3 MB	${HF_WORK_ROOT}/5e/fa4ec14e4792a2ea45586928fdede8
4	0b/47e7a5	23765	RNASEQ:RNASEQ_QC:TRIM_GALORE (E-ERAD-478.d21_female_paired_r1.ERR1328179.trim_galore)	COMPLETED	0	2026-09-29 08:55:53.595	4m 12s	4m 6s	471.0%	319.3 MB	2.1 GB	23.1 GB	23 GB	${HF_WORK_ROOT}/0b/47e7a5b65a25f9af2fbb7b1353dded
141	f1/68bf46	23779	RNASEQ:RNASEQ_QC:FASTQC_RAW (E-ERAD-478.d28_female_unpaired_r2.ERR1328144.raw.R1)	COMPLETED	0	2026-09-29 08:59:06.661	1m 5s	42.9s	89.1%	1.3 GB	4.9 GB	453.8 MB	3 MB	${HF_WORK_ROOT}/f1/68bf4624eafe38812c9ebe6ff912eb
19	85/f79296	23780	RNASEQ:RNASEQ_QC:FASTQC_RAW (E-ERAD-478.d21_female_paired_r2.ERR1328204.raw.R2)	COMPLETED	0	2026-09-29 08:59:16.622	1m 4s	58.4s	95.9%	1.3 GB	4.9 GB	565 MB	3 MB	${HF_WORK_ROOT}/85/f79296db31e601c929f7aa1066c0fb
18	ba/e95dce	23769	RNASEQ:RNASEQ_QC:TRIM_GALORE (E-ERAD-478.d21_female_paired_r4.ERR1328240.trim_galore)	COMPLETED	0	2026-09-29 08:56:56.386	4m 20s	4m 8s	532.0%	316.1 MB	2.1 GB	25.8 GB	25.7 GB	${HF_WORK_ROOT}/ba/e95dce667977977778d88b39b82532
53	7d/45764c	23782	RNASEQ:RNASEQ_QC:FASTQC_RAW (E-ERAD-478.d21_female_unpaired_r4.ERR1328162.raw.R1)	COMPLETED	0	2026-09-29 08:59:42.101	1m 34s	1m 5s	86.0%	1.4 GB	5 GB	463 MB	2.9 MB	${HF_WORK_ROOT}/7d/45764c31704a0f0ce88bda4b5e5ad8
68	d1/ae95ec	23772	RNASEQ:RNASEQ_QC:TRIM_GALORE (E-ERAD-478.d21_male_paired_r3.ERR1328143.trim_galore)	COMPLETED	0	2026-09-29 08:57:02.113	4m 19s	4m 4s	448.1%	338 MB	2.1 GB	29.1 GB	29 GB	${HF_WORK_ROOT}/d1/ae95eca93fe6df7933df97c3587c27
220	29/cb4ad2	23785	RNASEQ:RNASEQ_QC:FASTQC_RAW (E-ERAD-478.d35_female_unpaired_r2.ERR1328148.raw.R2)	COMPLETED	0	2026-09-29 09:00:21.403	1m 1s	44.1s	71.4%	1.4 GB	5 GB	242.9 MB	3 MB	${HF_WORK_ROOT}/29/cb4ad2dd0ce27c191c799d31dbd65b
221	d4/0931f6	23786	RNASEQ:RNASEQ_QC:FASTQC_RAW (E-ERAD-478.d35_female_unpaired_r2.ERR1328171.raw.R1)	COMPLETED	0	2026-09-29 09:01:16.627	1m 4s	31.3s	100.5%	1.3 GB	5 GB	235.6 MB	3 MB	${HF_WORK_ROOT}/d4/0931f67c0cb1907c03dbcf2f89f0f0
275	3a/ce12d5	23789	RNASEQ:RNASEQ_QC:FASTQC_RAW (E-ERAD-478.d38_female_paired_r1.ERR1328194.raw.R1)	COMPLETED	0	2026-09-29 09:01:22.637	1m 33s	1m 2s	92.9%	1.3 GB	4.8 GB	501.6 MB	3 MB	${HF_WORK_ROOT}/3a/ce12d5cae190d615437f0b53b805c9
15	bf/82d3bc	23781	RNASEQ:RNASEQ_QC:TRIM_GALORE (E-ERAD-478.d21_female_paired_r2.ERR1328204.trim_galore)	COMPLETED	0	2026-09-29 08:59:16.908	3m 44s	3m 36s	515.4%	321.5 MB	2.1 GB	26.7 GB	26.6 GB	${HF_WORK_ROOT}/bf/82d3bc63f3e19b37f8ac1da2d1c6b2
241	58/09dc06	23790	RNASEQ:RNASEQ_QC:FASTQC_RAW (E-ERAD-478.d35_male_paired_r2.ERR1328129.raw.R2)	COMPLETED	0	2026-09-29 09:02:21.108	1m 5s	1m 3s	96.6%	1.3 GB	5 GB	513.3 MB	3 MB	${HF_WORK_ROOT}/58/09dc06645cf66bf037e6637063785b
101	27/cae814	23776	RNASEQ:RNASEQ_QC:TRIM_GALORE (E-ERAD-478.d21_male_unpaired_r4.ERR1328239.trim_galore)	COMPLETED	0	2026-09-29 08:58:11.947	5m 14s	5m 13s	468.3%	309.1 MB	2.1 GB	29.4 GB	29.3 GB	${HF_WORK_ROOT}/27/cae81471410d4d1d540558ae447672
213	34/195bf7	23787	RNASEQ:RNASEQ_QC:TRIM_GALORE (E-ERAD-478.d35_female_unpaired_r2.ERR1328148.trim_galore)	COMPLETED	0	2026-09-29 09:01:16.906	2m 14s	2m 1s	478.4%	316.3 MB	2.1 GB	11.8 GB	11.7 GB	${HF_WORK_ROOT}/34/195bf7577050dae0f66006ee887dff
110	78/0f0ec8	23784	RNASEQ:RNASEQ_QC:TRIM_GALORE (E-ERAD-478.d28_female_paired_r2.ERR1328146.trim_galore)	COMPLETED	0	2026-09-29 09:00:12.031	3m 39s	3m 8s	467.8%	328.2 MB	2.1 GB	22.5 GB	22.5 GB	${HF_WORK_ROOT}/78/0f0ec87b23b64d4164e8eb1e540e5e
311	8e/c920cb	23792	RNASEQ:RNASEQ_QC:FASTQC_RAW (E-ERAD-478.d38_female_unpaired_r3.ERR1328251.raw.R1)	COMPLETED	0	2026-09-29 09:03:02.415	1m 4s	50.5s	93.6%	1.3 GB	4.9 GB	578.3 MB	2.9 MB	${HF_WORK_ROOT}/8e/c920cb4c33e5041e2d9dca9ad714c0
258	c3/553930	23788	RNASEQ:RNASEQ_QC:TRIM_GALORE (E-ERAD-478.d35_male_unpaired_r3.ERR1328173.trim_galore)	COMPLETED	0	2026-09-29 09:01:22.451	3m 9s	3m 6s	528.9%	320.2 MB	2.1 GB	26.2 GB	26.1 GB	${HF_WORK_ROOT}/c3/553930839d39988b2e66951f4b30bb
250	6a/495923	23791	RNASEQ:RNASEQ_QC:FASTQC_RAW (E-ERAD-478.d35_male_unpaired_r1.ERR1328188.raw.R1)	COMPLETED	0	2026-09-29 09:02:56.254	1m 35s	1m 8s	89.0%	1.4 GB	4.9 GB	582.4 MB	2.9 MB	${HF_WORK_ROOT}/6a/49592387e54cb23c9a4e704e961e98
211	fa/681587	23794	RNASEQ:RNASEQ_QC:FASTQC_RAW (E-ERAD-478.d35_female_paired_r3.ERR1328249.raw.R2)	COMPLETED	0	2026-09-29 09:03:26.239	1m 5s	54s	103.9%	1.4 GB	5 GB	542.5 MB	3 MB	${HF_WORK_ROOT}/fa/681587725996ef43e786987d90781b
262	5a/3f2dc2	23795	RNASEQ:RNASEQ_QC:FASTQC_RAW (E-ERAD-478.d35_male_unpaired_r2.ERR1328172.raw.R2)	COMPLETED	0	2026-09-29 09:03:31.152	1m 5s	41.2s	108.7%	1.3 GB	4.8 GB	383 MB	3 MB	${HF_WORK_ROOT}/5a/3f2dc2f72b6346054e429bfdc6fb19
45	20/6b1ece	23783	RNASEQ:RNASEQ_QC:TRIM_GALORE (E-ERAD-478.d21_female_unpaired_r4.ERR1328162.trim_galore)	COMPLETED	0	2026-09-29 09:00:06.483	4m 45s	4m 12s	447.9%	317.1 MB	2.1 GB	24.2 GB	24.1 GB	${HF_WORK_ROOT}/20/6b1ecef45353442146f570cdafaa16
115	6f/99a458	23796	RNASEQ:RNASEQ_QC:FASTQC_RAW (E-ERAD-478.d28_female_paired_r1.ERR1328208.raw.R1)	COMPLETED	0	2026-09-29 09:03:51.184	1m 5s	53.3s	106.3%	1.3 GB	4.9 GB	497.7 MB	2.9 MB	${HF_WORK_ROOT}/6f/99a458fdad7307247179a3fce43290
171	63/cdaa4a	23800	RNASEQ:RNASEQ_QC:FASTQC_RAW (E-ERAD-478.d28_male_paired_r4.ERR1328223.raw.R2)	COMPLETED	0	2026-09-29 09:04:31.376	1m 5s	1m 1s	92.5%	1.3 GB	4.8 GB	534.4 MB	3 MB	${HF_WORK_ROOT}/63/cdaa4a67b5c542ae0c6818791b015b
226	9f/6a41d7	23801	RNASEQ:RNASEQ_QC:FASTQC_RAW (E-ERAD-478.d35_female_unpaired_r3.ERR1328224.raw.R2)	COMPLETED	0	2026-09-29 09:04:36.140	1m 5s	36.6s	104.2%	1.3 GB	4.9 GB	512.7 MB	3 MB	${HF_WORK_ROOT}/9f/6a41d7d3cc2aa3b785a5e95cd99efc
382	f8/d43b94	23802	RNASEQ:RNASEQ_QC:FASTQC_TRIMMED (E-ERAD-478.d35_male_unpaired_r3.ERR1328173.trimmed.R1)	COMPLETED	0	2026-09-29 09:04:51.174	1m 5s	1m 2s	93.9%	1.3 GB	4.8 GB	479.3 MB	3.1 MB	${HF_WORK_ROOT}/f8/d43b9441cf84da97a2fb81131aff5a
143	fd/425c30	23804	RNASEQ:RNASEQ_QC:FASTQC_RAW (E-ERAD-478.d28_female_unpaired_r2.ERR1328167.raw.R1)	COMPLETED	0	2026-09-29 09:05:36.365	1m 5s	51.2s	104.6%	1.3 GB	4.9 GB	454.8 MB	3 MB	${HF_WORK_ROOT}/fd/425c30b91f5dc79bdb8ce47adfdc23
361	31/1cd7f3	23806	RNASEQ:RNASEQ_QC:FASTQC_RAW (E-ERAD-478.d38_male_unpaired_r4.ERR1328155.raw.R1)	COMPLETED	0	2026-09-29 09:05:56.187	1m	54.3s	104.9%	1.3 GB	4.8 GB	503.3 MB	3 MB	${HF_WORK_ROOT}/31/1cd7f3e2bb734a2db57a36b06c79a1
260	3c/bbc7db	23797	RNASEQ:RNASEQ_QC:TRIM_GALORE (E-ERAD-478.d35_male_unpaired_r4.ERR1328225.trim_galore)	COMPLETED	0	2026-09-29 09:04:06.177	3m 5s	2m 54s	590.7%	310 MB	2.1 GB	26.5 GB	26.4 GB	${HF_WORK_ROOT}/3c/bbc7db97c203d5ff4948d6968b050d
191	e7/1b3e43	23805	RNASEQ:RNASEQ_QC:FASTQC_RAW (E-ERAD-478.d28_male_unpaired_r3.ERR1328266.raw.R1)	COMPLETED	0	2026-09-29 09:05:41.138	1m 35s	1m 9s	94.3%	1.3 GB	4.9 GB	862.5 MB	2.9 MB	${HF_WORK_ROOT}/e7/1b3e43f13d6c9ff6b8d7068506cf91
196	91/ac0d72	23793	RNASEQ:RNASEQ_QC:TRIM_GALORE (E-ERAD-478.d35_female_paired_r2.ERR1328151.trim_galore)	COMPLETED	0	2026-09-29 09:03:26.211	4m 10s	3m 54s	524.8%	316.6 MB	2.1 GB	25.9 GB	25.8 GB	${HF_WORK_ROOT}/91/ac0d72f889c9111e35255b3ee8392e
54	47/9d193b	23803	RNASEQ:RNASEQ_QC:TRIM_GALORE (E-ERAD-478.d21_male_paired_r1.ERR1328181.trim_galore)	COMPLETED	0	2026-09-29 09:04:56.139	3m 5s	2m 53s	598.4%	337.2 MB	2.1 GB	25 GB	24.9 GB	${HF_WORK_ROOT}/47/9d193b8c70edc5a7c2dfd558fd068f
287	07/053ad1	23808	RNASEQ:RNASEQ_QC:FASTQC_RAW (E-ERAD-478.d38_female_paired_r3.ERR1328232.raw.R2)	COMPLETED	0	2026-09-29 09:06:56.704	1m 4s	58s	89.9%	1.3 GB	4.9 GB	499 MB	3 MB	${HF_WORK_ROOT}/07/053ad1963d970a5d45e955d3b1d044
67	69/d14f50	23809	RNASEQ:RNASEQ_QC:FASTQC_RAW (E-ERAD-478.d21_male_paired_r1.ERR1328205.raw.R2)	COMPLETED	0	2026-09-29 09:07:11.198	1m 5s	55.1s	97.2%	1.3 GB	4.9 GB	514 MB	3 MB	${HF_WORK_ROOT}/69/d14f504b3fa474facf893b3465e56e
160	a1/6585cd	23798	RNASEQ:RNASEQ_QC:TRIM_GALORE (E-ERAD-478.d28_male_paired_r3.ERR1328170.trim_galore)	COMPLETED	0	2026-09-29 09:04:31.251	4m 10s	3m 42s	508.4%	313.5 MB	2.1 GB	23.6 GB	23.5 GB	${HF_WORK_ROOT}/a1/6585cd3e12bd95a1f34971e20da067
355	f8/ba541f	23811	RNASEQ:RNASEQ_QC:FASTQC_RAW (E-ERAD-478.d38_male_unpaired_r3.ERR1328131.raw.R2)	COMPLETED	0	2026-09-29 09:07:36.146	1m 6s	47.4s	102.5%	1.3 GB	4.9 GB	368.3 MB	3 MB	${HF_WORK_ROOT}/f8/ba541fd923e21c0685a3abf5be74e4
165	75/f3b0ab	23799	RNASEQ:RNASEQ_QC:TRIM_GALORE (E-ERAD-478.d28_male_paired_r4.ERR1328223.trim_galore)	COMPLETED	0	2026-09-29 09:04:31.286	4m 35s	4m 10s	497.5%	308.5 MB	2.1 GB	24.8 GB	24.7 GB	${HF_WORK_ROOT}/75/f3b0ab1c198f0ded0f91f24439b373
264	ec/ea935e	23813	RNASEQ:RNASEQ_QC:FASTQC_RAW (E-ERAD-478.d35_male_unpaired_r3.ERR1328150.raw.R2)	COMPLETED	0	2026-09-29 09:08:01.350	1m 5s	52.6s	103.3%	1.3 GB	4.9 GB	506.5 MB	3 MB	${HF_WORK_ROOT}/ec/ea935e313de655adfe75049ca0de48
46	3e/330e03	23814	RNASEQ:RNASEQ_QC:FASTQC_RAW (E-ERAD-478.d21_female_unpaired_r3.ERR1328138.raw.R2)	COMPLETED	0	2026-09-29 09:08:16.143	1m 5s	55.7s	105.4%	1.4 GB	5 GB	492.2 MB	3 MB	${HF_WORK_ROOT}/3e/330e032540bd2e3c87c6ddf465a4d7
273	9c/1ba4a0	23812	RNASEQ:RNASEQ_QC:FASTQC_RAW (E-ERAD-478.d35_male_unpaired_r4.ERR1328248.raw.R1)	COMPLETED	0	2026-09-29 09:08:01.177	1m 40s	1m 3s	89.4%	1.3 GB	4.9 GB	507.7 MB	3 MB	${HF_WORK_ROOT}/9c/1ba4a037021b3aabc41ea2d763482b
107	da/a1976f	23807	RNASEQ:RNASEQ_QC:TRIM_GALORE (E-ERAD-478.d28_female_paired_r1.ERR1328208.trim_galore)	COMPLETED	0	2026-09-29 09:06:41.178	3m 5s	3m	560.2%	317.6 MB	2.1 GB	24.6 GB	24.5 GB	${HF_WORK_ROOT}/da/a1976fc0cb97443fbce7e2cd4c4920
333	8a/dd1940	23816	RNASEQ:RNASEQ_QC:FASTQC_RAW (E-ERAD-478.d38_male_paired_r3.ERR1328233.raw.R2)	COMPLETED	0	2026-09-29 09:08:42.018	1m 4s	57.6s	99.2%	1.3 GB	4.8 GB	571.1 MB	3 MB	${HF_WORK_ROOT}/8a/dd19401d9fbd2e602632c9fea2c51d
247	71/23f99b	23818	RNASEQ:RNASEQ_QC:FASTQC_RAW (E-ERAD-478.d35_male_paired_r3.ERR1328250.raw.R1)	COMPLETED	0	2026-09-29 09:09:06.276	1m 5s	52.3s	99.7%	1.3 GB	4.8 GB	462.2 MB	2.9 MB	${HF_WORK_ROOT}/71/23f99bc066e9d77961a2a98ea35234
27	7b/8bfca7	23819	RNASEQ:RNASEQ_QC:FASTQC_RAW (E-ERAD-478.d21_female_paired_r4.ERR1328240.raw.R2)	COMPLETED	0	2026-09-29 09:09:21.209	1m 5s	53.9s	108.3%	1.4 GB	5 GB	552.7 MB	3 MB	${HF_WORK_ROOT}/7b/8bfca7149e76b78f9e1ba0d07fc3c1
319	64/af6548	23821	RNASEQ:RNASEQ_QC:FASTQC_RAW (E-ERAD-478.d38_male_paired_r1.ERR1328195.raw.R1)	COMPLETED	0	2026-09-29 09:09:46.248	1m 5s	1m	100.0%	1.3 GB	4.9 GB	564 MB	2.9 MB	${HF_WORK_ROOT}/64/af6548f2174c1fd915533ff82b0189
123	1c/de9c52	23810	RNASEQ:RNASEQ_QC:TRIM_GALORE (E-ERAD-478.d28_female_paired_r4.ERR1328244.trim_galore)	COMPLETED	0	2026-09-29 09:07:16.168	3m 50s	3m 29s	577.0%	308.3 MB	2.1 GB	30.4 GB	30.3 GB	${HF_WORK_ROOT}/1c/de9c52c72d470ecd2cca1f10382ad0
321	a1/bb35e5	23822	RNASEQ:RNASEQ_QC:FASTQC_RAW (E-ERAD-478.d38_male_paired_r1.ERR1328195.raw.R2)	COMPLETED	0	2026-09-29 09:09:46.319	1m 40s	1m 3s	98.4%	1.3 GB	5 GB	585.9 MB	3 MB	${HF_WORK_ROOT}/a1/bb35e5bae0b3ea1c086123e1dda847
390	1d/c4b8ef	23824	RNASEQ:RNASEQ_QC:FASTQC_TRIMMED (E-ERAD-478.d21_male_paired_r1.ERR1328181.trimmed.R1)	COMPLETED	0	2026-09-29 09:10:26.156	1m 5s	1m 3s	92.0%	1.3 GB	4.9 GB	500.3 MB	3.1 MB	${HF_WORK_ROOT}/1d/c4b8efa53916b1795b972eb730a99b
215	68/ec3e7d	23823	RNASEQ:RNASEQ_QC:FASTQC_RAW (E-ERAD-478.d35_female_unpaired_r1.ERR1328187.raw.R2)	COMPLETED	0	2026-09-29 09:10:11.161	1m 35s	1m 14s	86.2%	1.4 GB	4.9 GB	587.9 MB	3 MB	${HF_WORK_ROOT}/68/ec3e7d2bb3b51c6cd7c5c685976454
306	1b/a1b7fe	23825	RNASEQ:RNASEQ_QC:FASTQC_RAW (E-ERAD-478.d38_female_unpaired_r3.ERR1328228.raw.R1)	COMPLETED	0	2026-09-29 09:10:51.140	1m 35s	1m 10s	89.9%	1.3 GB	5 GB	589.3 MB	2.9 MB	${HF_WORK_ROOT}/1b/a1b7fe8ab44c6f4f8c604c091d6665
257	e8/61f07d	23820	RNASEQ:RNASEQ_QC:TRIM_GALORE (E-ERAD-478.d35_male_unpaired_r3.ERR1328150.trim_galore)	COMPLETED	0	2026-09-29 09:09:41.860	3m 4s	2m 50s	577.8%	314.4 MB	2.1 GB	26.2 GB	26.1 GB	${HF_WORK_ROOT}/e8/61f07dbad1e8e46789f82ab05b6adb
182	af/53df48	23829	RNASEQ:RNASEQ_QC:FASTQC_RAW (E-ERAD-478.d28_male_unpaired_r2.ERR1328145.raw.R1)	COMPLETED	0	2026-09-29 09:11:46.142	1m 5s	57s	87.6%	1.3 GB	4.9 GB	412.7 MB	3 MB	${HF_WORK_ROOT}/af/53df48f2fbad762ed86cc33c184c70
330	c4/c890ed	23827	RNASEQ:RNASEQ_QC:FASTQC_RAW (E-ERAD-478.d38_male_paired_r2.ERR1328157.raw.R2)	COMPLETED	0	2026-09-29 09:11:26.189	1m 35s	1m 17s	93.0%	1.3 GB	4.9 GB	644.5 MB	3 MB	${HF_WORK_ROOT}/c4/c890ed8230132ce800436d27a74828
324	0c/e06e7a	23815	RNASEQ:RNASEQ_QC:TRIM_GALORE (E-ERAD-478.d38_male_paired_r3.ERR1328233.trim_galore)	COMPLETED	0	2026-09-29 09:08:41.862	4m 24s	4m 15s	530.3%	309.4 MB	2.1 GB	27.1 GB	27 GB	${HF_WORK_ROOT}/0c/e06e7aef38d3ba22388702c19f592a
230	5c/a7c9c1	23817	RNASEQ:RNASEQ_QC:TRIM_GALORE (E-ERAD-478.d35_male_paired_r2.ERR1328129.trim_galore)	COMPLETED	0	2026-09-29 09:09:06.147	4m	3m 50s	534.8%	318.3 MB	2.1 GB	25.9 GB	25.8 GB	${HF_WORK_ROOT}/5c/a7c9c1caf04c1af073bb5aba8ff49f
381	70/0feff0	23828	RNASEQ:RNASEQ_QC:FASTQC_TRIMMED (E-ERAD-478.d28_female_paired_r2.ERR1328146.trimmed.R2)	COMPLETED	0	2026-09-29 09:11:31.169	1m 35s	1m 7s	79.6%	1.3 GB	4.9 GB	440.6 MB	3.1 MB	${HF_WORK_ROOT}/70/0feff06902601df1e6eccab170fa0d
170	0d/ead7bc	23832	RNASEQ:RNASEQ_QC:FASTQC_RAW (E-ERAD-478.d28_male_paired_r4.ERR1328223.raw.R1)	COMPLETED	0	2026-09-29 09:12:51.194	1m 5s	54.1s	98.5%	1.3 GB	4.9 GB	505.7 MB	2.9 MB	${HF_WORK_ROOT}/0d/ead7bca6fb13e66d40c39bac87490b
271	81/87fc68	23830	RNASEQ:RNASEQ_QC:FASTQC_RAW (E-ERAD-478.d35_male_unpaired_r4.ERR1328225.raw.R2)	COMPLETED	0	2026-09-29 09:12:26.767	1m 34s	1m 9s	79.9%	1.3 GB	4.8 GB	547.2 MB	3 MB	${HF_WORK_ROOT}/81/87fc68a0663d633a28f2cb14d41c06
82	59/d40e24	23826	RNASEQ:RNASEQ_QC:TRIM_GALORE (E-ERAD-478.d21_male_unpaired_r1.ERR1328202.trim_galore)	COMPLETED	0	2026-09-29 09:11:06.154	3m	2m 42s	636.7%	313.5 MB	2.1 GB	24.5 GB	24.4 GB	${HF_WORK_ROOT}/59/d40e240180466831dddd3b7bb1a080
350	ed/a3c17c	23835	RNASEQ:RNASEQ_QC:FASTQC_RAW (E-ERAD-478.d38_male_unpaired_r2.ERR1328217.raw.R2)	COMPLETED	0	2026-09-29 09:13:06.327	1m 5s	44.9s	93.3%	1.3 GB	4.9 GB	514.6 MB	3 MB	${HF_WORK_ROOT}/ed/a3c17c7da0ad8dd94aa3b23c24bb64
291	69/37bc2c	23839	RNASEQ:RNASEQ_QC:FASTQC_TRIMMED (E-ERAD-478.d21_female_paired_r1.ERR1328179.trimmed.R1)	COMPLETED	0	2026-09-29 09:14:06.248	1m 5s	36.8s	102.9%	1.3 GB	4.8 GB	465.2 MB	3.1 MB	${HF_WORK_ROOT}/69/37bc2c99fd77242d21de381924ef71
357	59/d89994	23840	RNASEQ:RNASEQ_QC:FASTQC_RAW (E-ERAD-478.d38_male_unpaired_r3.ERR1328154.raw.R1)	COMPLETED	0	2026-09-29 09:14:11.189	1m	27.6s	108.2%	1.3 GB	4.9 GB	353.8 MB	2.9 MB	${HF_WORK_ROOT}/59/d89994bd2438e3af8a93490352d7d0
348	44/46a501	23836	RNASEQ:RNASEQ_QC:TRIM_GALORE (E-ERAD-478.d38_male_unpaired_r3.ERR1328131.trim_galore)	COMPLETED	0	2026-09-29 09:13:06.385	2m 10s	1m 59s	601.0%	311 MB	2.1 GB	18.6 GB	18.5 GB	${HF_WORK_ROOT}/44/46a50135a25dd6e9e421938600cc9c
163	59/44e68d	23837	RNASEQ:RNASEQ_QC:FASTQC_RAW (E-ERAD-478.d28_male_paired_r2.ERR1328210.raw.R2)	COMPLETED	0	2026-09-29 09:13:56.286	1m 35s	1m 2s	101.0%	1.3 GB	4.9 GB	598.1 MB	3 MB	${HF_WORK_ROOT}/59/44e68d594ea561018c1669494434d8
231	7e/304b5c	23838	RNASEQ:RNASEQ_QC:FASTQC_RAW (E-ERAD-478.d35_male_paired_r1.ERR1328190.raw.R1)	COMPLETED	0	2026-09-29 09:14:01.198	1m 35s	1m 10s	85.9%	1.3 GB	5 GB	555.7 MB	3 MB	${HF_WORK_ROOT}/7e/304b5cc22ef98c26df1fdfa2234d00
288	ef/ae09c8	23833	RNASEQ:RNASEQ_QC:TRIM_GALORE (E-ERAD-478.d38_female_unpaired_r1.ERR1328191.trim_galore)	COMPLETED	0	2026-09-29 09:13:01.177	3m 5s	2m 55s	579.4%	311.3 MB	2.1 GB	19.3 GB	19.2 GB	${HF_WORK_ROOT}/ef/ae09c8cd4d526fa87fea4fa49d9594
293	49/ff4002	23841	RNASEQ:RNASEQ_QC:FASTQC_RAW (E-ERAD-478.d38_female_paired_r3.ERR1328255.raw.R2)	COMPLETED	0	2026-09-29 09:15:11.364	1m 5s	46.9s	108.2%	1.3 GB	4.9 GB	491.9 MB	3 MB	${HF_WORK_ROOT}/49/ff400214ccabe3d9ea2900c631f2c3
358	9c/81939a	23843	RNASEQ:RNASEQ_QC:FASTQC_RAW (E-ERAD-478.d38_male_unpaired_r3.ERR1328154.raw.R2)	COMPLETED	0	2026-09-29 09:15:16.213	1m 1s	42s	102.8%	1.3 GB	4.9 GB	367.9 MB	3 MB	${HF_WORK_ROOT}/9c/81939a23e6ec8f7dc69718fe32ff5c
139	d2/09da3b	23844	RNASEQ:RNASEQ_QC:FASTQC_RAW (E-ERAD-478.d28_female_unpaired_r1.ERR1328206.raw.R2)	COMPLETED	0	2026-09-29 09:15:31.240	1m 5s	31.7s	102.6%	1.3 GB	4.9 GB	389 MB	3 MB	${HF_WORK_ROOT}/d2/09da3ba5d44d75b854a5477cffdce0
104	e1/8f62a3	23831	RNASEQ:RNASEQ_QC:TRIM_GALORE (E-ERAD-478.d28_female_paired_r1.ERR1328184.trim_galore)	COMPLETED	0	2026-09-29 09:12:46.157	4m 20s	4m 3s	538.1%	318.4 MB	2 GB	25.4 GB	25.3 GB	${HF_WORK_ROOT}/e1/8f62a3953d057e9aac84a7c73d585c
346	15/9be0ef	23834	RNASEQ:RNASEQ_QC:TRIM_GALORE (E-ERAD-478.d38_male_unpaired_r2.ERR1328217.trim_galore)	COMPLETED	0	2026-09-29 09:13:06.154	4m	3m 44s	540.8%	308.8 MB	2 GB	24.2 GB	24.2 GB	${HF_WORK_ROOT}/15/9be0ef2941cf739fa8334e3553ed4e
313	4d/07be83	23848	RNASEQ:RNASEQ_QC:FASTQC_RAW (E-ERAD-478.d38_female_unpaired_r4.ERR1328229.raw.R1)	COMPLETED	0	2026-09-29 09:16:17.070	1m 4s	54.8s	100.0%	1.3 GB	4.8 GB	525.1 MB	2.9 MB	${HF_WORK_ROOT}/4d/07be8379a64e253248aca3d69e2b2e
308	4f/c5b5d8	23847	RNASEQ:RNASEQ_QC:FASTQC_RAW (E-ERAD-478.d38_female_unpaired_r3.ERR1328228.raw.R2)	COMPLETED	0	2026-09-29 09:16:16.998	1m 4s	1m 1s	101.1%	1.4 GB	4.9 GB	620.9 MB	3 MB	${HF_WORK_ROOT}/4f/c5b5d8fc641c088be18d888b79037e
147	c7/2621d3	23849	RNASEQ:RNASEQ_QC:FASTQC_RAW (E-ERAD-478.d28_female_unpaired_r3.ERR1328242.raw.R1)	COMPLETED	0	2026-09-29 09:16:36.186	1m 5s	53.1s	102.5%	1.3 GB	4.8 GB	553.6 MB	2.9 MB	${HF_WORK_ROOT}/c7/2621d357c9445f88317925c0024fb2
168	58/744a3b	23846	RNASEQ:RNASEQ_QC:FASTQC_RAW (E-ERAD-478.d28_male_paired_r3.ERR1328170.raw.R2)	COMPLETED	0	2026-09-29 09:16:06.202	1m 35s	1m 2s	87.5%	1.3 GB	5 GB	467.6 MB	3 MB	${HF_WORK_ROOT}/58/744a3b4dfbbec2b49bfc23bac6ab68
285	e3/f7fcb1	23842	RNASEQ:RNASEQ_QC:TRIM_GALORE (E-ERAD-478.d38_female_paired_r3.ERR1328255.trim_galore)	COMPLETED	0	2026-09-29 09:15:11.440	2m 55s	2m 30s	615.5%	309.1 MB	2.1 GB	23.2 GB	23.1 GB	${HF_WORK_ROOT}/e3/f7fcb188847085afbd5d3d402410f1
124	7f/ce990d	23851	RNASEQ:RNASEQ_QC:FASTQC_RAW (E-ERAD-478.d28_female_paired_r3.ERR1328222.raw.R2)	COMPLETED	0	2026-09-29 09:17:06.455	1m 35s	1m 8s	92.3%	1.3 GB	4.9 GB	612.1 MB	3 MB	${HF_WORK_ROOT}/7f/ce990dd2a0edf27e6c3cbbb9a58a6b
164	12/f3f456	23854	RNASEQ:RNASEQ_QC:FASTQC_RAW (E-ERAD-478.d28_male_paired_r3.ERR1328147.raw.R1)	COMPLETED	0	2026-09-29 09:17:41.784	1m 4s	49.9s	105.7%	1.4 GB	5 GB	448.1 MB	2.9 MB	${HF_WORK_ROOT}/12/f3f456b96f0349381285f003f854bc
158	8b/ef0428	23855	RNASEQ:RNASEQ_QC:FASTQC_RAW (E-ERAD-478.d28_male_paired_r1.ERR1328209.raw.R2)	COMPLETED	0	2026-09-29 09:17:41.818	1m 4s	58s	104.5%	1.3 GB	4.9 GB	588.9 MB	3 MB	${HF_WORK_ROOT}/8b/ef04280231b7f981364b21c507c006
312	78/92bb38	23852	RNASEQ:RNASEQ_QC:FASTQC_RAW (E-ERAD-478.d38_female_unpaired_r3.ERR1328251.raw.R2)	COMPLETED	0	2026-09-29 09:17:21.222	1m 35s	1m 11s	93.6%	1.3 GB	4.9 GB	609.9 MB	3 MB	${HF_WORK_ROOT}/78/92bb38685210867a04f54d29694ffd
190	11/91581b	23845	RNASEQ:RNASEQ_QC:TRIM_GALORE (E-ERAD-478.d35_female_paired_r1.ERR1328189.trim_galore)	COMPLETED	0	2026-09-29 09:15:36.623	3m 30s	3m 10s	590.9%	313.7 MB	2 GB	29 GB	28.9 GB	${HF_WORK_ROOT}/11/91581ba7bbb22c10c7445c0a675b8a
64	ad/8abce6	23856	RNASEQ:RNASEQ_QC:FASTQC_RAW (E-ERAD-478.d21_male_paired_r1.ERR1328181.raw.R2)	COMPLETED	0	2026-09-29 09:18:06.203	1m 5s	42.8s	93.7%	1.3 GB	4.9 GB	532.3 MB	3 MB	${HF_WORK_ROOT}/ad/8abce689339ce16393f082076722a6
120	4b/2d4e7a	23857	RNASEQ:RNASEQ_QC:FASTQC_RAW (E-ERAD-478.d28_female_paired_r2.ERR1328169.raw.R1)	COMPLETED	0	2026-09-29 09:18:41.214	1m 5s	57.9s	92.1%	1.3 GB	4.9 GB	435.8 MB	2.9 MB	${HF_WORK_ROOT}/4b/2d4e7a18fd42882795496611154424
181	4a/696f31	23858	RNASEQ:RNASEQ_QC:FASTQC_RAW (E-ERAD-478.d28_male_unpaired_r1.ERR1328207.raw.R2)	COMPLETED	0	2026-09-29 09:18:46.427	1m 5s	54s	107.3%	1.4 GB	5 GB	544.6 MB	3 MB	${HF_WORK_ROOT}/4a/696f317c6cb795a05a099c60ff7214
317	ab/129448	23860	RNASEQ:RNASEQ_QC:FASTQC_RAW (E-ERAD-478.d38_female_unpaired_r4.ERR1328252.raw.R2)	COMPLETED	0	2026-09-29 09:18:56.214	1m 5s	37.6s	106.2%	1.4 GB	5 GB	543.7 MB	3 MB	${HF_WORK_ROOT}/ab/12944802ecb802ff8c7eb30e042b73
32	20/b0be27	23861	RNASEQ:RNASEQ_QC:FASTQC_RAW (E-ERAD-478.d21_female_unpaired_r1.ERR1328176.raw.R2)	COMPLETED	0	2026-09-29 09:19:06.229	1m 5s	31.7s	107.9%	1.4 GB	4.9 GB	441.4 MB	3 MB	${HF_WORK_ROOT}/20/b0be2749523183e31eee37a399fa3e
91	c7/796129	23862	RNASEQ:RNASEQ_QC:FASTQC_RAW (E-ERAD-478.d21_male_unpaired_r1.ERR1328202.raw.R2)	COMPLETED	0	2026-09-29 09:19:11.200	1m 5s	37.6s	106.1%	1.4 GB	5 GB	520.9 MB	3 MB	${HF_WORK_ROOT}/c7/7961293eaf83c3d6bbc6abb47db03a
208	47/3fb2d2	23864	RNASEQ:RNASEQ_QC:FASTQC_RAW (E-ERAD-478.d35_female_paired_r3.ERR1328249.raw.R1)	COMPLETED	0	2026-09-29 09:19:51.199	1m 5s	34.7s	105.3%	1.3 GB	4.9 GB	506.2 MB	3 MB	${HF_WORK_ROOT}/47/3fb2d270771760927c58df633984ba
345	57/863c3e	23865	RNASEQ:RNASEQ_QC:FASTQC_RAW (E-ERAD-478.d38_male_unpaired_r2.ERR1328193.raw.R1)	COMPLETED	0	2026-09-29 09:20:01.321	1m 5s	36.5s	105.8%	1.3 GB	4.8 GB	502.1 MB	2.9 MB	${HF_WORK_ROOT}/57/863c3e7131b139af9ef69cfb37b99d
51	fc/859e45	23866	RNASEQ:RNASEQ_QC:FASTQC_RAW (E-ERAD-478.d21_female_unpaired_r4.ERR1328139.raw.R2)	COMPLETED	0	2026-09-29 09:20:11.225	1m 5s	37.5s	103.3%	1.4 GB	5 GB	477.9 MB	3 MB	${HF_WORK_ROOT}/fc/859e4573aa2b976f4147d99d641527
135	ed/dd5a2d	23867	RNASEQ:RNASEQ_QC:FASTQC_RAW (E-ERAD-478.d28_female_unpaired_r1.ERR1328182.raw.R1)	COMPLETED	0	2026-09-29 09:20:16.217	1m	29.8s	107.9%	1.3 GB	4.9 GB	383.8 MB	2.9 MB	${HF_WORK_ROOT}/ed/dd5a2df27bd11e1e2b2b07e1911fef
114	ed/ee7826	23850	RNASEQ:RNASEQ_QC:TRIM_GALORE (E-ERAD-478.d28_female_paired_r3.ERR1328222.trim_galore)	COMPLETED	0	2026-09-29 09:17:06.302	4m 35s	4m 32s	529.4%	314.6 MB	2.1 GB	28.6 GB	28.5 GB	${HF_WORK_ROOT}/ed/ee78268071de06a3b93ce944caf0c5
253	a2/a23192	23868	RNASEQ:RNASEQ_QC:FASTQC_RAW (E-ERAD-478.d35_male_unpaired_r1.ERR1328212.raw.R1)	COMPLETED	0	2026-09-29 09:20:56.212	1m 6s	39.7s	104.0%	1.3 GB	4.8 GB	561.5 MB	3 MB	${HF_WORK_ROOT}/a2/a23192433393a1d5f8089c87c1d019
384	e0/bb865c	23869	RNASEQ:RNASEQ_QC:FASTQC_TRIMMED (E-ERAD-478.d21_female_unpaired_r4.ERR1328162.trimmed.R1)	COMPLETED	0	2026-09-29 09:21:06.224	1m 5s	38.7s	104.0%	1.3 GB	5 GB	451.4 MB	3.1 MB	${HF_WORK_ROOT}/e0/bb865c461f40d2e3aec161f0c54c22
100	bd/73c595	23871	RNASEQ:RNASEQ_QC:FASTQC_RAW (E-ERAD-478.d21_male_unpaired_r3.ERR1328261.raw.R1)	COMPLETED	0	2026-09-29 09:21:16.557	1m 5s	37.8s	103.1%	1.4 GB	4.9 GB	481.4 MB	2.9 MB	${HF_WORK_ROOT}/bd/73c595c4839bc43d822db48b99d0b7
175	16/7efef6	23859	RNASEQ:RNASEQ_QC:TRIM_GALORE (E-ERAD-478.d28_male_unpaired_r2.ERR1328145.trim_galore)	COMPLETED	0	2026-09-29 09:18:46.501	3m 40s	3m 16s	535.0%	317.7 MB	2.1 GB	21.2 GB	21.2 GB	${HF_WORK_ROOT}/16/7efef63d923485984bbd16e6c01425
310	87/f932a4	23853	RNASEQ:RNASEQ_QC:TRIM_GALORE (E-ERAD-478.d38_male_paired_r1.ERR1328195.trim_galore)	COMPLETED	0	2026-09-29 09:17:21.300	5m 20s	4m 48s	479.8%	311.8 MB	2.1 GB	28.1 GB	28 GB	${HF_WORK_ROOT}/87/f932a4d780a02af17aaf877c04b4ca
228	7c/89c8af	23876	RNASEQ:RNASEQ_QC:FASTQC_RAW (E-ERAD-478.d35_female_unpaired_r3.ERR1328247.raw.R2)	COMPLETED	0	2026-09-29 09:22:26.192	1m 5s	40.2s	97.2%	1.3 GB	4.8 GB	504.6 MB	2.9 MB	${HF_WORK_ROOT}/7c/89c8af70c429813ce8cc6279ebfd77
421	5d/90aa6c	23877	RNASEQ:RNASEQ_QC:FASTQC_TRIMMED (E-ERAD-478.d28_female_paired_r3.ERR1328222.trimmed.R2)	COMPLETED	0	2026-09-29 09:22:41.201	1m 5s	56.2s	105.9%	1.3 GB	4.9 GB	600.4 MB	3.1 MB	${HF_WORK_ROOT}/5d/90aa6c8825fedaf7b6012f4ded6b0f
136	77/ffc9a5	23863	RNASEQ:RNASEQ_QC:TRIM_GALORE (E-ERAD-478.d28_female_unpaired_r2.ERR1328167.trim_galore)	COMPLETED	0	2026-09-29 09:19:46.276	4m 5s	3m 36s	528.5%	316.3 MB	2.1 GB	23.4 GB	23.3 GB	${HF_WORK_ROOT}/77/ffc9a58c845b600b00f0286ee3ee2b
21	7e/53be90	23872	RNASEQ:RNASEQ_QC:FASTQC_RAW (E-ERAD-478.d21_female_paired_r3.ERR1328141.raw.R2)	COMPLETED	0	2026-09-29 09:21:41.333	2m 10s	1m 32s	94.0%	1.3 GB	4.9 GB	923.5 MB	3 MB	${HF_WORK_ROOT}/7e/53be90bde7378a18a28b2c11f58ef1
20	93/3502ec	23874	RNASEQ:RNASEQ_QC:FASTQC_RAW (E-ERAD-478.d21_female_paired_r3.ERR1328141.raw.R1)	COMPLETED	0	2026-09-29 09:22:11.223	1m 40s	1m 14s	93.4%	1.3 GB	4.8 GB	883 MB	2.9 MB	${HF_WORK_ROOT}/93/3502ec88121b3d13e041e9eaad18dc
94	cf/3fa536	23870	RNASEQ:RNASEQ_QC:TRIM_GALORE (E-ERAD-478.d21_male_unpaired_r3.ERR1328238.trim_galore)	COMPLETED	0	2026-09-29 09:21:16.399	2m 55s	2m 47s	601.8%	316.8 MB	2.1 GB	23.8 GB	23.7 GB	${HF_WORK_ROOT}/cf/3fa5362533c03ed769304c499f4d46
278	30/2be89b	23878	RNASEQ:RNASEQ_QC:FASTQC_RAW (E-ERAD-478.d38_female_paired_r1.ERR1328218.raw.R2)	COMPLETED	0	2026-09-29 09:23:31.275	1m 5s	46.6s	90.0%	1.3 GB	4.9 GB	528.4 MB	3 MB	${HF_WORK_ROOT}/30/2be89b86ee753fec34bdb7450754de
63	c5/9de724	23879	RNASEQ:RNASEQ_QC:FASTQC_RAW (E-ERAD-478.d21_male_paired_r1.ERR1328181.raw.R1)	COMPLETED	0	2026-09-29 09:23:46.288	1m 5s	44.3s	93.6%	1.3 GB	4.9 GB	508 MB	3 MB	${HF_WORK_ROOT}/c5/9de724a5fec07af85fe03cdeddd872
137	27/a98137	23882	RNASEQ:RNASEQ_QC:FASTQC_RAW (E-ERAD-478.d28_female_unpaired_r1.ERR1328182.raw.R2)	COMPLETED	0	2026-09-29 09:23:51.528	1m 5s	48.7s	94.1%	1.4 GB	5 GB	398.6 MB	3 MB	${HF_WORK_ROOT}/27/a98137b5a8442647f94e1896010567
309	3d/e4bf51	23873	RNASEQ:RNASEQ_QC:TRIM_GALORE (E-ERAD-478.d38_female_unpaired_r4.ERR1328252.trim_galore)	COMPLETED	0	2026-09-29 09:22:02.069	3m 9s	2m 59s	584.7%	317.6 MB	2.1 GB	25.6 GB	25.5 GB	${HF_WORK_ROOT}/3d/e4bf5153e2e4c56461ea1ce19866a8
402	66/3c496e	23883	RNASEQ:RNASEQ_QC:FASTQC_TRIMMED (E-ERAD-478.d38_male_paired_r3.ERR1328233.trimmed.R1)	COMPLETED	0	2026-09-29 09:24:11.285	1m 5s	44s	97.7%	1.3 GB	5 GB	538.5 MB	3.1 MB	${HF_WORK_ROOT}/66/3c496e6846555b9ebec61d6e5a56bb
131	04/e22eec	23880	RNASEQ:RNASEQ_QC:FASTQC_RAW (E-ERAD-478.d28_female_paired_r4.ERR1328244.raw.R2)	COMPLETED	0	2026-09-29 09:23:51.401	1m 40s	1m 10s	95.2%	1.3 GB	5 GB	635.7 MB	3 MB	${HF_WORK_ROOT}/04/e22eec963dd175349d4ad776449eae
125	c1/f6230c	23885	RNASEQ:RNASEQ_QC:FASTQC_RAW (E-ERAD-478.d28_female_paired_r3.ERR1328245.raw.R1)	COMPLETED	0	2026-09-29 09:24:51.264	1m 5s	49.3s	90.1%	1.3 GB	4.9 GB	568.7 MB	2.9 MB	${HF_WORK_ROOT}/c1/f6230cef54068539d3feed8788e4b8
202	6e/76cf72	23886	RNASEQ:RNASEQ_QC:FASTQC_RAW (E-ERAD-478.d35_female_paired_r2.ERR1328128.raw.R2)	COMPLETED	0	2026-09-29 09:24:56.303	1m 5s	51.6s	104.9%	1.3 GB	4.8 GB	515.3 MB	3 MB	${HF_WORK_ROOT}/6e/76cf723771035016f1b82e96611b7e
149	ec/9027f9	23875	RNASEQ:RNASEQ_QC:TRIM_GALORE (E-ERAD-478.d28_male_paired_r1.ERR1328209.trim_galore)	COMPLETED	0	2026-09-29 09:22:21.296	3m 50s	3m 32s	542.6%	333.8 MB	2.1 GB	28 GB	27.9 GB	${HF_WORK_ROOT}/ec/9027f9c145c7125d1c8d3d9b3f044f
404	3e/57fdeb	23887	RNASEQ:RNASEQ_QC:FASTQC_TRIMMED (E-ERAD-478.d35_male_paired_r2.ERR1328129.trimmed.R1)	COMPLETED	0	2026-09-29 09:25:11.275	1m 5s	44.9s	92.0%	1.3 GB	4.9 GB	478.5 MB	3.1 MB	${HF_WORK_ROOT}/3e/57fdebdc8f20eb8d15ffd136ff9ead
56	78/2646d6	23888	RNASEQ:RNASEQ_QC:FASTQC_RAW (E-ERAD-478.d21_female_unpaired_r5.ERR1328237.raw.R1)	COMPLETED	0	2026-09-29 09:25:18.064	1m 3s	43.6s	92.6%	1.4 GB	4.9 GB	487 MB	3 MB	${HF_WORK_ROOT}/78/2646d6620becc0158df3abc3b77ceb
265	34/65a60d	23889	RNASEQ:RNASEQ_QC:FASTQC_RAW (E-ERAD-478.d35_male_unpaired_r3.ERR1328173.raw.R1)	COMPLETED	0	2026-09-29 09:25:31.330	1m 5s	40.8s	100.6%	1.3 GB	4.8 GB	491.1 MB	2.9 MB	${HF_WORK_ROOT}/34/65a60d228d491ebcad394445ab74f4
269	40/e3c69b	23891	RNASEQ:RNASEQ_QC:FASTQC_RAW (E-ERAD-478.d35_male_unpaired_r4.ERR1328225.raw.R1)	COMPLETED	0	2026-09-29 09:26:01.277	1m 5s	38.6s	102.9%	1.3 GB	5 GB	515.3 MB	3 MB	${HF_WORK_ROOT}/40/e3c69b329275e9bc56bb857ba5c345
128	91/654d5f	23881	RNASEQ:RNASEQ_QC:TRIM_GALORE (E-ERAD-478.d28_female_unpaired_r1.ERR1328182.trim_galore)	COMPLETED	0	2026-09-29 09:23:51.437	3m 20s	2m 47s	568.2%	315.1 MB	2.1 GB	18.5 GB	18.4 GB	${HF_WORK_ROOT}/91/654d5fe3079de9bd1f7c9555ffbe0f
403	3d/a9ef53	23892	RNASEQ:RNASEQ_QC:FASTQC_TRIMMED (E-ERAD-478.d38_male_paired_r3.ERR1328233.trimmed.R2)	COMPLETED	0	2026-09-29 09:26:11.336	1m 5s	43.8s	100.3%	1.4 GB	5 GB	561.9 MB	3.1 MB	${HF_WORK_ROOT}/3d/a9ef533cfd3255aca43b03309a70d9
332	8b/703dfd	23884	RNASEQ:RNASEQ_QC:TRIM_GALORE (E-ERAD-478.d38_male_unpaired_r1.ERR1328216.trim_galore)	COMPLETED	0	2026-09-29 09:24:36.862	2m 44s	2m 28s	597.9%	311.6 MB	2.1 GB	21.2 GB	21.1 GB	${HF_WORK_ROOT}/8b/703dfd947cb7e75ecd4361b4086ce5
122	58/ea80b3	23894	RNASEQ:RNASEQ_QC:FASTQC_RAW (E-ERAD-478.d28_female_paired_r3.ERR1328222.raw.R1)	COMPLETED	0	2026-09-29 09:26:21.504	1m 5s	46.1s	93.0%	1.3 GB	4.9 GB	578.1 MB	3 MB	${HF_WORK_ROOT}/58/ea80b3e1f4a16a0953ded015698992
189	0e/72b196	23890	RNASEQ:RNASEQ_QC:FASTQC_RAW (E-ERAD-478.d28_male_unpaired_r3.ERR1328243.raw.R2)	COMPLETED	0	2026-09-29 09:25:56.259	1m 40s	1m 9s	96.8%	1.3 GB	4.9 GB	907.7 MB	3 MB	${HF_WORK_ROOT}/0e/72b1965493810035098b42ea1c7a5b
337	4c/4adafa	23895	RNASEQ:RNASEQ_QC:FASTQC_RAW (E-ERAD-478.d38_male_paired_r3.ERR1328256.raw.R2)	COMPLETED	0	2026-09-29 09:26:36.254	59.9s	51.3s	101.7%	1.3 GB	4.8 GB	562.3 MB	3 MB	${HF_WORK_ROOT}/4c/4adafa9ac059b3115072aaf231829b
359	14/cf408f	23896	RNASEQ:RNASEQ_QC:FASTQC_RAW (E-ERAD-478.d38_male_unpaired_r4.ERR1328132.raw.R1)	COMPLETED	0	2026-09-29 09:27:06.318	1m	39.6s	103.5%	1.3 GB	4.8 GB	502.5 MB	3 MB	${HF_WORK_ROOT}/14/cf408f50247160f16efac620c65ad6
415	c2/fdafef	23897	RNASEQ:RNASEQ_QC:FASTQC_TRIMMED (E-ERAD-478.d38_male_unpaired_r2.ERR1328217.trimmed.R2)	COMPLETED	0	2026-09-29 09:27:11.322	1m 5s	39.7s	98.6%	1.4 GB	5 GB	505.8 MB	3.1 MB	${HF_WORK_ROOT}/c2/fdafef3b762d39ccb396f2314ae48b
36	9f/a3e55e	23893	RNASEQ:RNASEQ_QC:TRIM_GALORE (E-ERAD-478.d21_female_unpaired_r2.ERR1328201.trim_galore)	COMPLETED	0	2026-09-29 09:26:16.216	2m 10s	2m 7s	586.0%	309.8 MB	2.1 GB	17.5 GB	17.4 GB	${HF_WORK_ROOT}/9f/a3e55e29c6df64894c19c0db2750c3
368	00/d6b23d	23901	RNASEQ:RNASEQ_QC:FASTQC_RAW (E-ERAD-478.d38_male_unpaired_r5.ERR1328253.raw.R1)	COMPLETED	0	2026-09-29 09:27:36.319	1m 5s	55.9s	106.1%	1.3 GB	4.9 GB	533.1 MB	2.9 MB	${HF_WORK_ROOT}/00/d6b23d3be0a18af7717529153a589a
362	31/a337b3	23902	RNASEQ:RNASEQ_QC:FASTQC_RAW (E-ERAD-478.d38_male_unpaired_r4.ERR1328155.raw.R2)	COMPLETED	0	2026-09-29 09:27:36.400	1m 5s	1m 1s	99.0%	1.3 GB	4.9 GB	524 MB	3 MB	${HF_WORK_ROOT}/31/a337b3ff6c58b28c2cf372961d8594
377	cb/1792a2	23903	RNASEQ:RNASEQ_QC:FASTQC_TRIMMED (E-ERAD-478.d21_male_unpaired_r4.ERR1328239.trimmed.R2)	COMPLETED	0	2026-09-29 09:28:07.030	1m 4s	50.7s	95.8%	1.3 GB	4.9 GB	611 MB	3.1 MB	${HF_WORK_ROOT}/cb/1792a271742bda47b4615cb268208d
235	6a/570df1	23905	RNASEQ:RNASEQ_QC:FASTQC_TRIMMED (E-ERAD-478.d21_female_paired_r1.ERR1328203.trimmed.R2)	COMPLETED	0	2026-09-29 09:28:26.222	1m 5s	56s	96.2%	1.3 GB	4.9 GB	469.3 MB	3.1 MB	${HF_WORK_ROOT}/6a/570df17cc4ea67aa68977473f98a86
10	37/af82a3	23906	RNASEQ:RNASEQ_QC:FASTQC_RAW (E-ERAD-478.d21_female_paired_r2.ERR1328180.raw.R1)	COMPLETED	0	2026-09-29 09:28:42.236	1m 4s	58.2s	107.8%	1.3 GB	4.9 GB	561.1 MB	2.9 MB	${HF_WORK_ROOT}/37/af82a38fc6c0230d98583370c081d0
43	87/7d15ad	23898	RNASEQ:RNASEQ_QC:TRIM_GALORE (E-ERAD-478.d21_female_unpaired_r4.ERR1328139.trim_galore)	COMPLETED	0	2026-09-29 09:27:16.250	2m 55s	2m 36s	598.8%	339.5 MB	2 GB	24.1 GB	24.1 GB	${HF_WORK_ROOT}/87/7d15ad4936af48b27eb28fb0a3751c
134	50/d07807	23899	RNASEQ:RNASEQ_QC:TRIM_GALORE (E-ERAD-478.d28_female_unpaired_r2.ERR1328144.trim_galore)	COMPLETED	0	2026-09-29 09:27:21.330	3m 10s	2m 48s	552.3%	315.3 MB	2.1 GB	23.4 GB	23.3 GB	${HF_WORK_ROOT}/50/d07807527b1670f0e2c6e55dc8b5e0
25	c7/015030	23908	RNASEQ:RNASEQ_QC:FASTQC_RAW (E-ERAD-478.d21_female_paired_r3.ERR1328164.raw.R2)	COMPLETED	0	2026-09-29 09:29:11.255	1m 35s	1m 17s	93.0%	1.3 GB	4.8 GB	922.2 MB	3 MB	${HF_WORK_ROOT}/c7/015030cf0105a5de7dc4e50d28f13d
343	71/7f81e5	23909	RNASEQ:RNASEQ_QC:FASTQC_TRIMMED (E-ERAD-478.d21_male_paired_r3.ERR1328143.trimmed.R2)	COMPLETED	0	2026-09-29 09:29:31.315	1m 35s	1m 21s	85.4%	1.3 GB	4.8 GB	560.2 MB	3.1 MB	${HF_WORK_ROOT}/71/7f81e5582dcdb2227a69831c65c27d
204	0f/96b4e0	23900	RNASEQ:RNASEQ_QC:TRIM_GALORE (E-ERAD-478.d35_female_paired_r3.ERR1328249.trim_galore)	COMPLETED	0	2026-09-29 09:27:26.235	3m 45s	3m 32s	585.3%	318.6 MB	2.1 GB	25.4 GB	25.3 GB	${HF_WORK_ROOT}/0f/96b4e0ad17067e6291f757cc6905bc
73	f8/992325	23911	RNASEQ:RNASEQ_QC:FASTQC_RAW (E-ERAD-478.d21_male_paired_r2.ERR1328165.raw.R2)	COMPLETED	0	2026-09-29 09:30:11.359	1m 5s	20.3s	108.5%	1.3 GB	4.8 GB	235.7 MB	3 MB	${HF_WORK_ROOT}/f8/992325c2c4f6ebd46f4c0054d4cc70
129	75/354b2f	23910	RNASEQ:RNASEQ_QC:FASTQC_RAW (E-ERAD-478.d28_female_paired_r4.ERR1328244.raw.R1)	COMPLETED	0	2026-09-29 09:29:46.598	1m 35s	1m 20s	83.9%	1.3 GB	4.8 GB	604.3 MB	3 MB	${HF_WORK_ROOT}/75/354b2f088f4575ac3260522a304127
385	11/2118a2	23912	RNASEQ:RNASEQ_QC:FASTQC_TRIMMED (E-ERAD-478.d21_female_unpaired_r4.ERR1328162.trimmed.R2)	COMPLETED	0	2026-09-29 09:30:31.324	1m 5s	37.7s	104.5%	1.3 GB	4.9 GB	466.6 MB	3.1 MB	${HF_WORK_ROOT}/11/2118a2bfd80959555150ffa5745cfd
30	75/67fa14	23914	RNASEQ:RNASEQ_QC:FASTQC_RAW (E-ERAD-478.d21_female_paired_r4.ERR1328263.raw.R2)	COMPLETED	0	2026-09-29 09:31:06.362	1m 5s	57s	103.0%	1.3 GB	5 GB	545 MB	3 MB	${HF_WORK_ROOT}/75/67fa14131a088e4a121c5b664b9e01
48	45/6dfca8	23918	RNASEQ:RNASEQ_QC:FASTQC_RAW (E-ERAD-478.d21_female_unpaired_r3.ERR1328161.raw.R2)	COMPLETED	0	2026-09-29 09:31:36.386	1m 5s	55.2s	97.9%	1.3 GB	4.9 GB	492 MB	3 MB	${HF_WORK_ROOT}/45/6dfca8aa65f81716f2a2abf03b3812
72	b6/3df068	23904	RNASEQ:RNASEQ_QC:TRIM_GALORE (E-ERAD-478.d21_male_paired_r3.ERR1328166.trim_galore)	COMPLETED	0	2026-09-29 09:28:17.352	4m 39s	4m 25s	520.9%	311.8 MB	2.1 GB	29.2 GB	29.1 GB	${HF_WORK_ROOT}/b6/3df068a17c9684e5a5bb77c397f342
14	97/e62f5c	23907	RNASEQ:RNASEQ_QC:TRIM_GALORE (E-ERAD-478.d21_female_paired_r2.ERR1328180.trim_galore)	COMPLETED	0	2026-09-29 09:28:42.313	4m 44s	4m 31s	510.5%	315.3 MB	2.1 GB	27.6 GB	27.5 GB	${HF_WORK_ROOT}/97/e62f5c8fd1792e2d95d4658aa5d0bb
161	aa/fc64d4	23919	RNASEQ:RNASEQ_QC:FASTQC_RAW (E-ERAD-478.d28_male_paired_r2.ERR1328186.raw.R2)	COMPLETED	0	2026-09-29 09:32:11.452	1m 35s	1m 16s	83.1%	1.3 GB	4.9 GB	618.1 MB	3 MB	${HF_WORK_ROOT}/aa/fc64d4bab983ac7f270d8d88c538e5
169	6d/298e80	23913	RNASEQ:RNASEQ_QC:TRIM_GALORE (E-ERAD-478.d28_male_paired_r4.ERR1328246.trim_galore)	COMPLETED	0	2026-09-29 09:30:46.322	3m 15s	2m 59s	569.4%	310.4 MB	2.1 GB	24.5 GB	24.4 GB	${HF_WORK_ROOT}/6d/298e80918e4c188ffe4264fe6bbf31
438	12/4ea48c	23922	RNASEQ:RNASEQ_QC:FASTQC_TRIMMED (E-ERAD-478.d21_female_unpaired_r2.ERR1328201.trimmed.R1)	COMPLETED	0	2026-09-29 09:33:26.385	1m	43.5s	95.1%	1.3 GB	4.8 GB	357.3 MB	3.1 MB	${HF_WORK_ROOT}/12/4ea48c47d0350005bb0e42c341f420
418	93/cca52a	23921	RNASEQ:RNASEQ_QC:FASTQC_TRIMMED (E-ERAD-478.d35_female_paired_r1.ERR1328189.trimmed.R1)	COMPLETED	0	2026-09-29 09:32:56.772	1m 39s	1m 7s	92.1%	1.3 GB	5 GB	565.4 MB	3.2 MB	${HF_WORK_ROOT}/93/cca52a22642482686d34a2ee5d42f2
326	a9/78ff60	23923	RNASEQ:RNASEQ_QC:FASTQC_RAW (E-ERAD-478.d38_male_paired_r2.ERR1328134.raw.R2)	COMPLETED	0	2026-09-29 09:33:46.351	1m 5s	57.8s	88.9%	1.3 GB	4.8 GB	645.1 MB	3 MB	${HF_WORK_ROOT}/a9/78ff6000d923902e5c3058fad3518b
267	7a/b36cce	23917	RNASEQ:RNASEQ_QC:TRIM_GALORE (E-ERAD-478.d35_male_unpaired_r4.ERR1328248.trim_galore)	COMPLETED	0	2026-09-29 09:31:21.366	3m 40s	3m 12s	534.1%	321 MB	2.1 GB	26.2 GB	26.1 GB	${HF_WORK_ROOT}/7a/b36cce393d853871758052dd9e005c
109	c6/b6751f	23924	RNASEQ:RNASEQ_QC:FASTQC_RAW (E-ERAD-478.d21_male_unpaired_r4.ERR1328262.raw.R2)	COMPLETED	0	2026-09-29 09:34:01.377	1m 5s	54.8s	88.1%	1.3 GB	4.8 GB	611.5 MB	3 MB	${HF_WORK_ROOT}/c6/b6751fb6bcc79072f4f0cf74a6fddc
57	ee/6833d8	23925	RNASEQ:RNASEQ_QC:FASTQC_RAW (E-ERAD-478.d21_female_unpaired_r5.ERR1328237.raw.R2)	COMPLETED	0	2026-09-29 09:34:27.375	1m 4s	49.6s	104.9%	1.4 GB	4.9 GB	507.4 MB	3 MB	${HF_WORK_ROOT}/ee/6833d8b2ed358abe3f19caa66b6bf8
239	05/e35a7a	23926	RNASEQ:RNASEQ_QC:FASTQC_RAW (E-ERAD-478.d35_male_paired_r2.ERR1328129.raw.R1)	COMPLETED	0	2026-09-29 09:34:36.322	1m 5s	40s	101.4%	1.3 GB	4.9 GB	489.9 MB	3 MB	${HF_WORK_ROOT}/05/e35a7afb4683303c6cca317e4a810c
103	33/1ffb94	23915	RNASEQ:RNASEQ_QC:TRIM_GALORE (E-ERAD-478.d21_male_unpaired_r4.ERR1328262.trim_galore)	COMPLETED	0	2026-09-29 09:31:11.335	4m 45s	4m 29s	546.6%	313.6 MB	2.1 GB	29 GB	28.9 GB	${HF_WORK_ROOT}/33/1ffb94399f3cee792f9a4e10c39b3d
442	4c/25427d	23927	RNASEQ:RNASEQ_QC:FASTQC_TRIMMED (E-ERAD-478.d28_female_unpaired_r2.ERR1328144.trimmed.R1)	COMPLETED	0	2026-09-29 09:34:51.356	1m 5s	41s	96.6%	1.4 GB	4.9 GB	443.4 MB	3.1 MB	${HF_WORK_ROOT}/4c/25427d6f339416ef37a3dd90f3dd30
193	a3/2e6129	23920	RNASEQ:RNASEQ_QC:TRIM_GALORE (E-ERAD-478.d35_female_paired_r1.ERR1328213.trim_galore)	COMPLETED	0	2026-09-29 09:32:42.678	3m 19s	3m 17s	557.9%	314.5 MB	2.1 GB	28.2 GB	28.1 GB	${HF_WORK_ROOT}/a3/2e612987a6a4ce2166ca6f57505bd3
186	35/567093	23928	RNASEQ:RNASEQ_QC:FASTQC_RAW (E-ERAD-478.d28_male_unpaired_r2.ERR1328168.raw.R1)	COMPLETED	0	2026-09-29 09:35:02.085	1m 4s	37.8s	96.8%	1.4 GB	4.9 GB	413.2 MB	3 MB	${HF_WORK_ROOT}/35/56709332792027df85ff25751937bb
184	d1/c2619f	23916	RNASEQ:RNASEQ_QC:TRIM_GALORE (E-ERAD-478.d28_male_unpaired_r3.ERR1328266.trim_galore)	COMPLETED	0	2026-09-29 09:31:16.308	5m 15s	5m 4s	583.2%	316 MB	2.1 GB	43.4 GB	43.3 GB	${HF_WORK_ROOT}/d1/c2619f21ddebf61bade51b0e5f3844
207	b6/5c691a	23930	RNASEQ:RNASEQ_QC:FASTQC_RAW (E-ERAD-478.d35_female_paired_r3.ERR1328226.raw.R2)	COMPLETED	0	2026-09-29 09:35:33.015	1m 3s	53.7s	84.2%	1.3 GB	4.9 GB	551.6 MB	3 MB	${HF_WORK_ROOT}/b6/5c691ace33fbf4ada667c5faa6a61c
159	2d/e4cddf	23932	RNASEQ:RNASEQ_QC:FASTQC_RAW (E-ERAD-478.d28_male_paired_r2.ERR1328186.raw.R1)	COMPLETED	0	2026-09-29 09:35:57.834	1m 3s	56s	87.6%	1.3 GB	4.8 GB	591 MB	2.9 MB	${HF_WORK_ROOT}/2d/e4cddf22c8b5036b0fbddb09a490ca
261	90/2476dc	23936	RNASEQ:RNASEQ_QC:FASTQC_RAW (E-ERAD-478.d35_male_unpaired_r2.ERR1328172.raw.R1)	COMPLETED	0	2026-09-29 09:36:31.252	1m 5s	49.1s	94.0%	1.3 GB	4.9 GB	373.3 MB	2.9 MB	${HF_WORK_ROOT}/90/2476dcd12033e7edf80b86cd56ae17
341	89/758aa1	23937	RNASEQ:RNASEQ_QC:FASTQC_RAW (E-ERAD-478.d38_male_unpaired_r1.ERR1328216.raw.R1)	COMPLETED	0	2026-09-29 09:36:36.306	1m 5s	55s	94.8%	1.4 GB	5 GB	432.5 MB	2.9 MB	${HF_WORK_ROOT}/89/758aa19e301e9710095740a577bc4f
303	27/4d02fd	23935	RNASEQ:RNASEQ_QC:FASTQC_RAW (E-ERAD-478.d38_female_unpaired_r2.ERR1328153.raw.R1)	COMPLETED	0	2026-09-29 09:36:06.406	1m 35s	1m 9s	95.7%	1.3 GB	4.9 GB	573.4 MB	2.9 MB	${HF_WORK_ROOT}/27/4d02fdf7b54f9a0ab8d7587ba7f96e
284	fa/d33c54	23938	RNASEQ:RNASEQ_QC:FASTQC_RAW (E-ERAD-478.d38_female_paired_r2.ERR1328156.raw.R2)	COMPLETED	0	2026-09-29 09:37:01.278	1m 5s	51s	107.1%	1.4 GB	5 GB	470.7 MB	3.1 MB	${HF_WORK_ROOT}/fa/d33c54a3d8b5de19db73ced8929470
401	d3/1351de	23939	RNASEQ:RNASEQ_QC:FASTQC_TRIMMED (E-ERAD-478.d35_male_unpaired_r3.ERR1328150.trimmed.R2)	COMPLETED	0	2026-09-29 09:37:36.426	1m 5s	1m 2s	95.2%	1.3 GB	4.9 GB	495.8 MB	3.1 MB	${HF_WORK_ROOT}/d3/1351de81bd6654ec3d2c00a11515a6
354	01/851a9a	23931	RNASEQ:RNASEQ_QC:TRIM_GALORE (E-ERAD-478.d38_male_unpaired_r4.ERR1328155.trim_galore)	COMPLETED	0	2026-09-29 09:35:41.285	3m 10s	3m	554.4%	323.1 MB	2 GB	27 GB	26.9 GB	${HF_WORK_ROOT}/01/851a9a6598ba073b937c572511180d
431	5a/f0a008	23942	RNASEQ:RNASEQ_QC:FASTQC_TRIMMED (E-ERAD-478.d38_female_unpaired_r4.ERR1328252.trimmed.R2)	COMPLETED	0	2026-09-29 09:38:06.362	1m 40s	1m 18s	82.5%	1.3 GB	4.9 GB	532.1 MB	3.1 MB	${HF_WORK_ROOT}/5a/f0a0086462a0b3ee3050afc3351e58
249	13/8fe458	23929	RNASEQ:RNASEQ_QC:TRIM_GALORE (E-ERAD-478.d35_male_unpaired_r1.ERR1328212.trim_galore)	COMPLETED	0	2026-09-29 09:35:06.373	4m 45s	4m 17s	538.8%	321.3 MB	2.1 GB	28.1 GB	28 GB	${HF_WORK_ROOT}/13/8fe458d34896d6981683add3b0a97d
210	06/5aa8ac	23934	RNASEQ:RNASEQ_QC:TRIM_GALORE (E-ERAD-478.d35_female_unpaired_r1.ERR1328211.trim_galore)	COMPLETED	0	2026-09-29 09:36:02.162	3m 49s	3m 16s	570.9%	318 MB	2.1 GB	27.2 GB	27.1 GB	${HF_WORK_ROOT}/06/5aa8ac33687747cced03f1f7642028
294	64/9acf75	23944	RNASEQ:RNASEQ_QC:FASTQC_RAW (E-ERAD-478.d38_female_unpaired_r1.ERR1328191.raw.R1)	COMPLETED	0	2026-09-29 09:38:51.394	1m 5s	35.9s	89.2%	1.3 GB	4.8 GB	391.7 MB	2.9 MB	${HF_WORK_ROOT}/64/9acf752d4ae559741380bc3157a8c0
145	13/5272ed	23933	RNASEQ:RNASEQ_QC:TRIM_GALORE (E-ERAD-478.d28_female_unpaired_r3.ERR1328265.trim_galore)	COMPLETED	0	2026-09-29 09:35:58.502	4m 13s	4m	574.6%	319.9 MB	2.1 GB	27 GB	26.9 GB	${HF_WORK_ROOT}/13/5272ed05319a8af791219ef23f4fb8
458	8c/8ae23d	23940	RNASEQ:RNASEQ_QC:FASTQC_TRIMMED (E-ERAD-478.d28_male_unpaired_r3.ERR1328266.trimmed.R1)	COMPLETED	0	2026-09-29 09:37:41.702	2m 39s	1m 48s	86.5%	1.4 GB	5 GB	850.5 MB	3.1 MB	${HF_WORK_ROOT}/8c/8ae23d572556b8f01e3d19108c636a
105	8b/f87499	23943	RNASEQ:RNASEQ_QC:FASTQC_RAW (E-ERAD-478.d21_male_unpaired_r4.ERR1328239.raw.R1)	COMPLETED	0	2026-09-29 09:38:41.814	1m 39s	1m 21s	81.3%	1.3 GB	4.9 GB	597.2 MB	3 MB	${HF_WORK_ROOT}/8b/f87499af39645b4371e4df49702cce
459	91/15c821	23941	RNASEQ:RNASEQ_QC:FASTQC_TRIMMED (E-ERAD-478.d28_male_unpaired_r3.ERR1328266.trimmed.R2)	COMPLETED	0	2026-09-29 09:37:41.829	2m 39s	1m 46s	87.7%	1.3 GB	4.8 GB	878.4 MB	3.1 MB	${HF_WORK_ROOT}/91/15c82173110a2f703b6e955d6b8d2d
292	41/94e154	23945	RNASEQ:RNASEQ_QC:FASTQC_TRIMMED (E-ERAD-478.d21_female_paired_r1.ERR1328179.trimmed.R2)	COMPLETED	0	2026-09-29 09:39:46.379	1m 5s	53.5s	100.2%	1.3 GB	4.8 GB	485.6 MB	3.1 MB	${HF_WORK_ROOT}/41/94e15493b35b682b586d9de1758d56
373	82/c57a0e	23946	RNASEQ:RNASEQ_QC:FASTQC_RAW (E-ERAD-478.d38_male_unpaired_r6.ERR1328254.raw.R2)	COMPLETED	0	2026-09-29 09:39:51.327	1m 5s	50.1s	105.4%	1.4 GB	5 GB	517.1 MB	3 MB	${HF_WORK_ROOT}/82/c57a0e6b9cb9d738fbe9bd131a5847
375	00/b856f9	23947	RNASEQ:RNASEQ_QC:FASTQC_TRIMMED (E-ERAD-478.d21_female_paired_r2.ERR1328204.trimmed.R2)	COMPLETED	0	2026-09-29 09:39:51.472	1m 5s	1m	98.5%	1.4 GB	4.9 GB	554.8 MB	3.1 MB	${HF_WORK_ROOT}/00/b856f97314617f65fa546fe169ef7a
437	b0/06e12e	23948	RNASEQ:RNASEQ_QC:FASTQC_TRIMMED (E-ERAD-478.d38_male_unpaired_r1.ERR1328216.trimmed.R2)	COMPLETED	0	2026-09-29 09:39:56.574	1m 5s	51.1s	104.0%	1.3 GB	4.8 GB	442.8 MB	3.1 MB	${HF_WORK_ROOT}/b0/06e12e4b4b991ec4a8e7c6d647696f
244	d3/e16308	23949	RNASEQ:RNASEQ_QC:FASTQC_RAW (E-ERAD-478.d35_male_paired_r2.ERR1328152.raw.R2)	COMPLETED	0	2026-09-29 09:40:11.310	1m 5s	55s	106.0%	1.3 GB	4.9 GB	513.3 MB	3 MB	${HF_WORK_ROOT}/d3/e1630804b457806247e24afc0f51ad
408	63/4138cc	23950	RNASEQ:RNASEQ_QC:FASTQC_TRIMMED (E-ERAD-478.d38_male_unpaired_r3.ERR1328131.trimmed.R1)	COMPLETED	0	2026-09-29 09:40:21.328	1m 5s	41s	107.7%	1.3 GB	4.9 GB	345.4 MB	3.1 MB	${HF_WORK_ROOT}/63/4138cc0093a9cc36d013ea63faa506
410	fb/0b04b6	23951	RNASEQ:RNASEQ_QC:FASTQC_TRIMMED (E-ERAD-478.d38_female_unpaired_r1.ERR1328191.trimmed.R1)	COMPLETED	0	2026-09-29 09:40:21.439	1m 5s	43.1s	106.5%	1.4 GB	4.9 GB	386.4 MB	3.1 MB	${HF_WORK_ROOT}/fb/0b04b60e49177f32cdfaa4ff71741a
411	37/786da4	23952	RNASEQ:RNASEQ_QC:FASTQC_TRIMMED (E-ERAD-478.d38_female_unpaired_r1.ERR1328191.trimmed.R2)	COMPLETED	0	2026-09-29 09:40:21.498	1m 5s	46.1s	108.2%	1.3 GB	4.9 GB	402.3 MB	3.1 MB	${HF_WORK_ROOT}/37/786da4aeafb25c3bfe0f6855af224e
445	4b/816572	23953	RNASEQ:RNASEQ_QC:FASTQC_TRIMMED (E-ERAD-478.d35_female_paired_r3.ERR1328249.trimmed.R2)	COMPLETED	0	2026-09-29 09:40:51.315	1m 5s	55s	101.7%	1.3 GB	4.9 GB	529.7 MB	3.1 MB	${HF_WORK_ROOT}/4b/8165727d3160fae9585923fe64d1b3
61	4c/2fae1c	23955	RNASEQ:RNASEQ_QC:FASTQC_RAW (E-ERAD-478.d21_female_unpaired_r5.ERR1328260.raw.R2)	COMPLETED	0	2026-09-29 09:40:56.396	1m 5s	54.4s	98.6%	1.3 GB	4.9 GB	500.5 MB	3 MB	${HF_WORK_ROOT}/4c/2fae1c881fe4c0289b953cba9b8491
419	4e/6efb14	23957	RNASEQ:RNASEQ_QC:FASTQC_TRIMMED (E-ERAD-478.d35_female_paired_r1.ERR1328189.trimmed.R2)	COMPLETED	0	2026-09-29 09:41:16.318	1m 5s	60s	101.9%	1.3 GB	5 GB	597.7 MB	3.2 MB	${HF_WORK_ROOT}/4e/6efb14b23f68ab938db06b4d19b356
138	a6/2f481b	23960	RNASEQ:RNASEQ_QC:FASTQC_RAW (E-ERAD-478.d28_female_unpaired_r1.ERR1328206.raw.R1)	COMPLETED	0	2026-09-29 09:41:26.503	1m 5s	28.7s	106.2%	1.3 GB	4.9 GB	373.8 MB	2.9 MB	${HF_WORK_ROOT}/a6/2f481b5b9f062b59af8a03c0004619
127	6c/cfdd78	23958	RNASEQ:RNASEQ_QC:FASTQC_RAW (E-ERAD-478.d28_female_paired_r3.ERR1328245.raw.R2)	COMPLETED	0	2026-09-29 09:41:26.329	1m 5s	1m 2s	102.2%	1.3 GB	4.8 GB	603.2 MB	3 MB	${HF_WORK_ROOT}/6c/cfdd78af0152d3aa456719a6df7b6d
197	11/c6a5f5	23961	RNASEQ:RNASEQ_QC:FASTQC_RAW (E-ERAD-478.d35_female_paired_r1.ERR1328189.raw.R2)	COMPLETED	0	2026-09-29 09:41:56.327	1m 5s	58.9s	105.9%	1.4 GB	5 GB	615.3 MB	3 MB	${HF_WORK_ROOT}/11/c6a5f5563f802e0973aeba3be82434
180	db/ccd373	23963	RNASEQ:RNASEQ_QC:FASTQC_RAW (E-ERAD-478.d28_male_unpaired_r1.ERR1328207.raw.R1)	COMPLETED	0	2026-09-29 09:42:21.306	1m 5s	58.9s	91.7%	1.3 GB	5 GB	519.4 MB	3 MB	${HF_WORK_ROOT}/db/ccd3731655aa870c67daf2f15681b6
360	6d/7721aa	23965	RNASEQ:RNASEQ_QC:FASTQC_RAW (E-ERAD-478.d38_male_unpaired_r4.ERR1328132.raw.R2)	COMPLETED	0	2026-09-29 09:42:31.412	1m 5s	44.3s	96.0%	1.4 GB	5 GB	524.4 MB	3 MB	${HF_WORK_ROOT}/6d/7721aadbd925fb2f73e87fbf54531a
422	73/ea8a1a	23966	RNASEQ:RNASEQ_QC:FASTQC_TRIMMED (E-ERAD-478.d28_male_unpaired_r2.ERR1328145.trimmed.R1)	COMPLETED	0	2026-09-29 09:43:01.300	1m 5s	46s	109.7%	1.3 GB	4.9 GB	403.6 MB	3.1 MB	${HF_WORK_ROOT}/73/ea8a1ac89dee60f2f4fb6836f36a26
156	f9/190131	23956	RNASEQ:RNASEQ_QC:TRIM_GALORE (E-ERAD-478.d28_male_paired_r3.ERR1328147.trim_galore)	COMPLETED	0	2026-09-29 09:41:01.292	3m 10s	2m 25s	622.8%	309.4 MB	2.1 GB	23.5 GB	23.5 GB	${HF_WORK_ROOT}/f9/1901319d660f98427f5e2bf805147b
409	8b/f50032	23967	RNASEQ:RNASEQ_QC:FASTQC_TRIMMED (E-ERAD-478.d38_male_unpaired_r3.ERR1328131.trimmed.R2)	COMPLETED	0	2026-09-29 09:43:26.401	1m 5s	48.4s	89.4%	1.4 GB	5 GB	359.9 MB	3.1 MB	${HF_WORK_ROOT}/8b/f50032e136cd4f4f61f2b4223e15d0
113	32/cf251b	23968	RNASEQ:RNASEQ_QC:FASTQC_RAW (E-ERAD-478.d28_female_paired_r1.ERR1328184.raw.R2)	COMPLETED	0	2026-09-29 09:43:36.343	1m 5s	42.3s	98.1%	1.3 GB	4.8 GB	549.7 MB	3 MB	${HF_WORK_ROOT}/32/cf251ba63ec687b6826fae3cef56d6
52	ba/02d044	23954	RNASEQ:RNASEQ_QC:TRIM_GALORE (E-ERAD-478.d21_female_unpaired_r5.ERR1328260.trim_galore)	COMPLETED	0	2026-09-29 09:40:56.339	4m 5s	3m 37s	546.0%	312.7 MB	2.1 GB	22.6 GB	22.5 GB	${HF_WORK_ROOT}/ba/02d044fd706f1cbcfdaf65e92220d1
279	7f/83b61a	23962	RNASEQ:RNASEQ_QC:TRIM_GALORE (E-ERAD-478.d38_female_paired_r2.ERR1328156.trim_galore)	COMPLETED	0	2026-09-29 09:42:01.306	3m 10s	2m 27s	559.6%	314.4 MB	2.1 GB	23.9 GB	23.8 GB	${HF_WORK_ROOT}/7f/83b61a8af41f606d9f8955b318da3b
302	79/363a6e	23970	RNASEQ:RNASEQ_QC:FASTQC_RAW (E-ERAD-478.d38_female_unpaired_r2.ERR1328130.raw.R2)	COMPLETED	0	2026-09-29 09:44:11.362	1m 5s	49.3s	94.8%	1.3 GB	4.9 GB	591.1 MB	3 MB	${HF_WORK_ROOT}/79/363a6ead969ae0beab31c284e57adb
119	12/dc067a	23959	RNASEQ:RNASEQ_QC:TRIM_GALORE (E-ERAD-478.d28_female_paired_r3.ERR1328245.trim_galore)	COMPLETED	0	2026-09-29 09:41:26.413	4m 20s	4m 13s	557.1%	328 MB	2.1 GB	28.2 GB	28.2 GB	${HF_WORK_ROOT}/12/dc067ae05f48d9f9c9e506dda28de3
212	ec/e761d8	23969	RNASEQ:RNASEQ_QC:FASTQC_RAW (E-ERAD-478.d35_female_unpaired_r1.ERR1328187.raw.R1)	COMPLETED	0	2026-09-29 09:44:06.473	1m 40s	1m 14s	83.7%	1.4 GB	4.9 GB	562.8 MB	3 MB	${HF_WORK_ROOT}/ec/e761d818fc2dda882704da12b8a372
192	93/ee173f	23971	RNASEQ:RNASEQ_QC:FASTQC_RAW (E-ERAD-478.d28_male_unpaired_r3.ERR1328266.raw.R2)	COMPLETED	0	2026-09-29 09:44:31.372	1m 35s	1m 28s	103.8%	1.3 GB	4.9 GB	893.9 MB	3 MB	${HF_WORK_ROOT}/93/ee173f40b9efa8a223fd4cba7aba06
282	b9/92dc02	23973	RNASEQ:RNASEQ_QC:FASTQC_RAW (E-ERAD-478.d38_female_paired_r2.ERR1328133.raw.R2)	COMPLETED	0	2026-09-29 09:45:01.312	1m 5s	1m 3s	88.4%	1.3 GB	4.9 GB	471.2 MB	3.1 MB	${HF_WORK_ROOT}/b9/92dc020a8d54025fa97c2f89e412f3
383	65/ab3745	23972	RNASEQ:RNASEQ_QC:FASTQC_TRIMMED (E-ERAD-478.d35_male_unpaired_r3.ERR1328173.trimmed.R2)	COMPLETED	0	2026-09-29 09:44:41.319	1m 35s	1m 5s	91.4%	1.4 GB	4.9 GB	495 MB	3.1 MB	${HF_WORK_ROOT}/65/ab374500ccc1b6e096ec0e71153a8b
452	50/159e9f	23974	RNASEQ:RNASEQ_QC:FASTQC_TRIMMED (E-ERAD-478.d35_male_unpaired_r4.ERR1328248.trimmed.R1)	COMPLETED	0	2026-09-29 09:45:11.431	1m 5s	37.1s	103.0%	1.4 GB	4.9 GB	500.4 MB	3.1 MB	${HF_WORK_ROOT}/50/159e9f6177381131aab9703eeb5000
352	79/4bf5bd	23964	RNASEQ:RNASEQ_QC:TRIM_GALORE (E-ERAD-478.d38_male_unpaired_r4.ERR1328132.trim_galore)	COMPLETED	0	2026-09-29 09:42:31.347	4m 20s	3m 47s	546.1%	314.8 MB	2.1 GB	27 GB	26.9 GB	${HF_WORK_ROOT}/79/4bf5bd12e3df4b1c800df7af20925b
178	27/f4ddec	23977	RNASEQ:RNASEQ_QC:FASTQC_RAW (E-ERAD-478.d28_male_unpaired_r1.ERR1328183.raw.R1)	COMPLETED	0	2026-09-29 09:45:46.429	1m 6s	55.3s	106.0%	1.4 GB	5 GB	537 MB	2.9 MB	${HF_WORK_ROOT}/27/f4ddecb0d271c2510a12d3d0585ea9
174	f1/9c46e7	23976	RNASEQ:RNASEQ_QC:FASTQC_RAW (E-ERAD-478.d28_male_paired_r4.ERR1328246.raw.R1)	COMPLETED	0	2026-09-29 09:45:46.371	1m 6s	51s	108.2%	1.3 GB	5 GB	497.6 MB	2.9 MB	${HF_WORK_ROOT}/f1/9c46e78eec6a6e4cda2fa953fdd4e1
59	bd/bb070d	23979	RNASEQ:RNASEQ_QC:FASTQC_RAW (E-ERAD-478.d21_female_unpaired_r5.ERR1328260.raw.R1)	COMPLETED	0	2026-09-29 09:46:06.516	1m 5s	52.5s	104.8%	1.3 GB	4.9 GB	479.6 MB	3 MB	${HF_WORK_ROOT}/bd/bb070debe515d14aaab2d91808aeee
263	58/fe74b6	23981	RNASEQ:RNASEQ_QC:FASTQC_RAW (E-ERAD-478.d35_male_unpaired_r3.ERR1328150.raw.R1)	COMPLETED	0	2026-09-29 09:46:16.908	1m 4s	54.7s	102.8%	1.3 GB	4.9 GB	490.5 MB	2.9 MB	${HF_WORK_ROOT}/58/fe74b65392c9d3dfbed6c9420151e9
441	a5/9d323e	23983	RNASEQ:RNASEQ_QC:FASTQC_TRIMMED (E-ERAD-478.d21_female_unpaired_r4.ERR1328139.trimmed.R2)	COMPLETED	0	2026-09-29 09:46:52.603	1m 4s	1m 1s	92.8%	1.3 GB	4.9 GB	467 MB	3.1 MB	${HF_WORK_ROOT}/a5/9d323e7f785e4f91983b39db3caa6e
443	df/eb64cd	23984	RNASEQ:RNASEQ_QC:FASTQC_TRIMMED (E-ERAD-478.d28_female_unpaired_r2.ERR1328144.trimmed.R2)	COMPLETED	0	2026-09-29 09:46:52.730	1m 4s	1m 1s	90.5%	1.3 GB	4.9 GB	456.5 MB	3.1 MB	${HF_WORK_ROOT}/df/eb64cd1629296e461a303aeaa4341d
440	ee/099127	23982	RNASEQ:RNASEQ_QC:FASTQC_TRIMMED (E-ERAD-478.d21_female_unpaired_r4.ERR1328139.trimmed.R1)	COMPLETED	0	2026-09-29 09:46:52.469	1m 4s	1m 2s	90.2%	1.3 GB	4.8 GB	451.7 MB	3.1 MB	${HF_WORK_ROOT}/ee/09912745527345c97ccc09265c4997
60	21/c4434e	23975	RNASEQ:RNASEQ_QC:TRIM_GALORE (E-ERAD-478.d21_male_paired_r1.ERR1328205.trim_galore)	COMPLETED	0	2026-09-29 09:45:16.388	2m 55s	2m 38s	636.1%	332.8 MB	2.1 GB	24.1 GB	24 GB	${HF_WORK_ROOT}/21/c4434ed51c5b8fc9c95195b968040b
370	19/963f43	23985	RNASEQ:RNASEQ_QC:FASTQC_RAW (E-ERAD-478.d38_male_unpaired_r6.ERR1328231.raw.R1)	COMPLETED	0	2026-09-29 09:47:12.764	1m 3s	53.1s	105.4%	1.3 GB	4.8 GB	488.3 MB	2.9 MB	${HF_WORK_ROOT}/19/963f4344675ca00b26929f5e1e5e0e
37	7c/23a598	23986	RNASEQ:RNASEQ_QC:FASTQC_RAW (E-ERAD-478.d21_female_unpaired_r2.ERR1328177.raw.R1)	COMPLETED	0	2026-09-29 09:47:21.319	1m 5s	39.9s	108.6%	1.3 GB	4.9 GB	375.4 MB	2.9 MB	${HF_WORK_ROOT}/7c/23a5986ee98c565efae662026c9ba3
254	49/6c6b1d	23980	RNASEQ:RNASEQ_QC:TRIM_GALORE (E-ERAD-478.d35_male_unpaired_r2.ERR1328172.trim_galore)	COMPLETED	0	2026-09-29 09:46:16.838	2m 39s	2m 9s	575.6%	312.9 MB	2.1 GB	19.6 GB	19.5 GB	${HF_WORK_ROOT}/49/6c6b1d4fda7b56ce619b222a7cb0e8
255	b2/671e9a	23987	RNASEQ:RNASEQ_QC:FASTQC_RAW (E-ERAD-478.d35_male_unpaired_r1.ERR1328212.raw.R2)	COMPLETED	0	2026-09-29 09:47:56.388	1m 5s	59.1s	106.1%	1.4 GB	4.9 GB	596.1 MB	3 MB	${HF_WORK_ROOT}/b2/671e9ab4300e2930fdb20dfe946378
259	6c/3f6663	23989	RNASEQ:RNASEQ_QC:FASTQC_RAW (E-ERAD-478.d35_male_unpaired_r2.ERR1328149.raw.R2)	COMPLETED	0	2026-09-29 09:47:56.503	1m 5s	43.4s	107.5%	1.3 GB	4.8 GB	383.5 MB	3 MB	${HF_WORK_ROOT}/6c/3f666374fd902658646496f7fc5404
55	2b/404fe5	23990	RNASEQ:RNASEQ_QC:FASTQC_RAW (E-ERAD-478.d21_female_unpaired_r4.ERR1328162.raw.R2)	COMPLETED	0	2026-09-29 09:48:11.408	1m 5s	53s	107.6%	1.4 GB	4.9 GB	477.5 MB	3 MB	${HF_WORK_ROOT}/2b/404fe5f85fe39795e203ff2acd1790
166	f8/7292e7	23991	RNASEQ:RNASEQ_QC:FASTQC_RAW (E-ERAD-478.d28_male_paired_r3.ERR1328147.raw.R2)	COMPLETED	0	2026-09-29 09:48:16.321	1m 5s	58.8s	95.2%	1.3 GB	4.8 GB	468.2 MB	3 MB	${HF_WORK_ROOT}/f8/7292e771d606342f2a78d1e668504c
371	d0/4c2220	23992	RNASEQ:RNASEQ_QC:FASTQC_RAW (E-ERAD-478.d38_male_unpaired_r6.ERR1328231.raw.R2)	COMPLETED	0	2026-09-29 09:48:26.328	1m 5s	34.6s	107.3%	1.3 GB	4.9 GB	524.4 MB	3 MB	${HF_WORK_ROOT}/d0/4c22204ca1c03dfe5e9310a9ea8e15
90	48/784cb1	23994	RNASEQ:RNASEQ_QC:FASTQC_RAW (E-ERAD-478.d21_male_unpaired_r1.ERR1328202.raw.R1)	COMPLETED	0	2026-09-29 09:49:01.324	1m 5s	53.8s	103.5%	1.4 GB	5 GB	496.7 MB	2.9 MB	${HF_WORK_ROOT}/48/784cb1b4e931e6405ae3ce105fd82e
78	e2/b1135a	23995	RNASEQ:RNASEQ_QC:FASTQC_RAW (E-ERAD-478.d21_male_paired_r3.ERR1328166.raw.R1)	COMPLETED	0	2026-09-29 09:49:01.397	1m 5s	41.6s	105.4%	1.3 GB	4.9 GB	559.1 MB	2.9 MB	${HF_WORK_ROOT}/e2/b1135aaf1aaf11fadc020475453b80
40	e4/e4f63b	23978	RNASEQ:RNASEQ_QC:TRIM_GALORE (E-ERAD-478.d21_female_unpaired_r3.ERR1328161.trim_galore)	COMPLETED	0	2026-09-29 09:46:06.427	4m 5s	3m 36s	556.0%	314.7 MB	2.1 GB	24.5 GB	24.4 GB	${HF_WORK_ROOT}/e4/e4f63b9a4f0860f1cdbabd18a52f36
467	37/d7af43	23997	RNASEQ:RNASEQ_QC:FASTQC_TRIMMED (E-ERAD-478.d28_female_unpaired_r3.ERR1328265.trimmed.R2)	COMPLETED	0	2026-09-29 09:49:21.291	1m 5s	1m 2s	100.8%	1.4 GB	4.9 GB	555.7 MB	3.1 MB	${HF_WORK_ROOT}/37/d7af43473edad61e9c542feb724baa
461	81/d23ddc	23993	RNASEQ:RNASEQ_QC:FASTQC_TRIMMED (E-ERAD-478.d38_male_unpaired_r4.ERR1328155.trimmed.R2)	COMPLETED	0	2026-09-29 09:48:56.311	1m 40s	1m 5s	90.2%	1.3 GB	4.9 GB	510.8 MB	3.1 MB	${HF_WORK_ROOT}/81/d23ddc1969edf0908fab3644674bd2
219	cd/7a45e0	23998	RNASEQ:RNASEQ_QC:FASTQC_RAW (E-ERAD-478.d35_female_unpaired_r2.ERR1328148.raw.R1)	COMPLETED	0	2026-09-29 09:49:31.470	1m 5s	19.9s	112.1%	1.3 GB	4.8 GB	235 MB	2.9 MB	${HF_WORK_ROOT}/cd/7a45e095f36ded0c828f5eba3cac7d
58	a9/6c73d1	24003	RNASEQ:RNASEQ_ALIGNMENT_QUANTIFICATION:RNASEQ_IMPORT_CONTEXT (rnaseq:import:salmon)	COMPLETED	0	2026-09-29 09:50:36.378	4.9s	783ms	7.6%	3.4 MB	7.1 MB	67.1 MB	67 MB	${HF_WORK_ROOT}/a9/6c73d1abec5ae79f047dd92443cecf
393	4f/37a401	23996	RNASEQ:RNASEQ_QC:FASTQC_TRIMMED (E-ERAD-478.d28_male_paired_r3.ERR1328170.trimmed.R2)	COMPLETED	0	2026-09-29 09:49:16.406	1m 35s	1m 5s	92.0%	1.4 GB	4.9 GB	455.8 MB	3.1 MB	${HF_WORK_ROOT}/4f/37a401ddbf251e39407bf16b7f06f1
251	e7/3bfd1e	23988	RNASEQ:RNASEQ_QC:TRIM_GALORE (E-ERAD-478.d35_male_unpaired_r2.ERR1328149.trim_galore)	COMPLETED	0	2026-09-29 09:47:56.426	3m 15s	2m 38s	588.2%	319.3 MB	2.1 GB	19.6 GB	19.5 GB	${HF_WORK_ROOT}/e7/3bfd1e1e9718ce20e4070ccbaf0b5f
426	70/ac07cc	24000	RNASEQ:RNASEQ_QC:FASTQC_TRIMMED (E-ERAD-478.d28_female_unpaired_r2.ERR1328167.trimmed.R1)	COMPLETED	0	2026-09-29 09:50:06.414	1m 5s	55.9s	96.3%	1.3 GB	4.8 GB	443.2 MB	3.1 MB	${HF_WORK_ROOT}/70/ac07cc0189d9637c0bb15e76df731e
34	3b/c35884	24001	RNASEQ:RNASEQ_QC:FASTQC_RAW (E-ERAD-478.d21_female_unpaired_r1.ERR1328200.raw.R1)	COMPLETED	0	2026-09-29 09:50:11.407	1m	50s	97.1%	1.3 GB	5 GB	406 MB	3 MB	${HF_WORK_ROOT}/3b/c35884fae0235db4dc6e7a9b7393da
167	be/c0e134	24005	RNASEQ:RNASEQ_QC:FASTQC_RAW (E-ERAD-478.d28_male_paired_r3.ERR1328170.raw.R1)	COMPLETED	0	2026-09-29 09:50:41.302	1m 5s	48.1s	104.0%	1.3 GB	4.9 GB	448.4 MB	2.9 MB	${HF_WORK_ROOT}/be/c0e134766dccf871361c60ac7b9a4a
424	9f/c8b05e	23999	RNASEQ:RNASEQ_QC:FASTQC_TRIMMED (E-ERAD-478.d38_male_paired_r1.ERR1328195.trimmed.R1)	COMPLETED	0	2026-09-29 09:50:06.360	1m 40s	1m 7s	94.6%	1.3 GB	5 GB	554.1 MB	3.1 MB	${HF_WORK_ROOT}/9f/c8b05e7090e02e1dd3d9df930203f1
380	bb/642354	24006	RNASEQ:RNASEQ_QC:FASTQC_TRIMMED (E-ERAD-478.d28_female_paired_r2.ERR1328146.trimmed.R1)	COMPLETED	0	2026-09-29 09:50:51.418	1m 5s	36.7s	108.5%	1.3 GB	4.9 GB	423.8 MB	3.1 MB	${HF_WORK_ROOT}/bb/642354f274aebdd8b493087178e5de
322	47/e76ebf	24009	RNASEQ:RNASEQ_QC:FASTQC_RAW (E-ERAD-478.d38_male_paired_r1.ERR1328219.raw.R1)	COMPLETED	0	2026-09-29 09:51:11.732	1m 5s	57s	100.9%	1.3 GB	4.9 GB	548.4 MB	3 MB	${HF_WORK_ROOT}/47/e76ebf94774680b21df5cafb147474
315	5b/f95cdb	24007	RNASEQ:RNASEQ_QC:FASTQC_RAW (E-ERAD-478.d38_female_unpaired_r4.ERR1328229.raw.R2)	COMPLETED	0	2026-09-29 09:51:11.551	1m 5s	56.3s	102.5%	1.3 GB	5 GB	550.9 MB	3 MB	${HF_WORK_ROOT}/5b/f95cdb2f59661d1c0fcef2a3f4fc86
35	7d/b8365c	24010	RNASEQ:RNASEQ_QC:FASTQC_RAW (E-ERAD-478.d21_female_unpaired_r1.ERR1328200.raw.R2)	COMPLETED	0	2026-09-29 09:51:46.429	1m 5s	44.2s	98.2%	1.4 GB	4.9 GB	428.3 MB	3 MB	${HF_WORK_ROOT}/7d/b8365c30e4ca57db009020e15cf634
276	d0/9c08c8	24012	RNASEQ:RNASEQ_QC:FASTQC_RAW (E-ERAD-478.d38_female_paired_r1.ERR1328194.raw.R2)	COMPLETED	0	2026-09-29 09:51:56.404	1m 5s	1m 3s	91.1%	1.3 GB	4.9 GB	544.6 MB	3 MB	${HF_WORK_ROOT}/d0/9c08c8a76339d4e59aa5cd559a8245
205	7d/f51b04	24013	RNASEQ:RNASEQ_QC:FASTQC_RAW (E-ERAD-478.d35_female_paired_r2.ERR1328151.raw.R2)	COMPLETED	0	2026-09-29 09:52:16.439	1m 5s	57.4s	97.7%	1.3 GB	4.9 GB	514.4 MB	3 MB	${HF_WORK_ROOT}/7d/f51b04b0e5151e1257363ba02027c9
216	49/963855	24014	RNASEQ:RNASEQ_QC:FASTQC_RAW (E-ERAD-478.d35_female_unpaired_r1.ERR1328211.raw.R1)	COMPLETED	0	2026-09-29 09:52:16.541	1m 5s	1m 3s	94.7%	1.3 GB	4.9 GB	545.3 MB	3 MB	${HF_WORK_ROOT}/49/963855b9d8acdfad52fa6bb9b2c2cf
453	44/339a36	24015	RNASEQ:RNASEQ_QC:FASTQC_TRIMMED (E-ERAD-478.d35_male_unpaired_r4.ERR1328248.trimmed.R2)	COMPLETED	0	2026-09-29 09:52:51.432	1m 5s	54.1s	96.6%	1.4 GB	5 GB	530.3 MB	3.1 MB	${HF_WORK_ROOT}/44/339a362501f239f65e8b3aefb6bfe2
187	44/7a4a90	24016	RNASEQ:RNASEQ_QC:FASTQC_RAW (E-ERAD-478.d28_male_unpaired_r2.ERR1328168.raw.R2)	COMPLETED	0	2026-09-29 09:53:01.355	1m 5s	54.2s	96.5%	1.3 GB	4.9 GB	426.1 MB	3 MB	${HF_WORK_ROOT}/44/7a4a9022993b5f292480e9818b075d
28	b3/fbdc95	24011	RNASEQ:RNASEQ_QC:TRIM_GALORE (E-ERAD-478.d21_female_unpaired_r1.ERR1328200.trim_galore)	COMPLETED	0	2026-09-29 09:51:46.524	2m 40s	2m 17s	606.8%	333.5 MB	2.1 GB	19.7 GB	19.7 GB	${HF_WORK_ROOT}/b3/fbdc957d4499447894e9ae27e72c85
118	95/32b70f	24017	RNASEQ:RNASEQ_QC:FASTQC_RAW (E-ERAD-478.d28_female_paired_r2.ERR1328146.raw.R2)	COMPLETED	0	2026-09-29 09:53:21.472	1m 5s	59.1s	87.6%	1.4 GB	5 GB	453.3 MB	3 MB	${HF_WORK_ROOT}/95/32b70f09772d6edb983a407107254b
121	c6/1176a7	24018	RNASEQ:RNASEQ_QC:FASTQC_RAW (E-ERAD-478.d28_female_paired_r2.ERR1328169.raw.R2)	COMPLETED	0	2026-09-29 09:53:21.526	1m 6s	59.8s	88.3%	1.3 GB	5 GB	452.7 MB	3 MB	${HF_WORK_ROOT}/c6/1176a758153bdc960faded79da2f4f
304	1d/9ab519	24008	RNASEQ:RNASEQ_QC:TRIM_GALORE (E-ERAD-478.d38_female_unpaired_r3.ERR1328251.trim_galore)	COMPLETED	0	2026-09-29 09:51:11.617	3m 40s	3m 21s	586.6%	313.2 MB	2.1 GB	28.7 GB	28.6 GB	${HF_WORK_ROOT}/1d/9ab51946de317e1de17346138a6815
338	ad/1a2c5e	24002	RNASEQ:RNASEQ_QC:TRIM_GALORE (E-ERAD-478.d38_male_unpaired_r2.ERR1328193.trim_galore)	COMPLETED	0	2026-09-29 09:50:26.366	4m 45s	4m 27s	466.8%	314.2 MB	2.1 GB	25 GB	24.9 GB	${HF_WORK_ROOT}/ad/1a2c5e332f1bc5a869de321193c374
38	07/b218e3	24004	RNASEQ:RNASEQ_QC:TRIM_GALORE (E-ERAD-478.d21_female_unpaired_r3.ERR1328138.trim_galore)	COMPLETED	0	2026-09-29 09:50:36.425	4m 35s	4m 12s	471.4%	312.5 MB	2.1 GB	24.5 GB	24.4 GB	${HF_WORK_ROOT}/07/b218e30de303d015e49c7f212d06e9
87	16/165088	24022	RNASEQ:RNASEQ_QC:FASTQC_RAW (E-ERAD-478.d21_male_unpaired_r1.ERR1328178.raw.R1)	COMPLETED	0	2026-09-29 09:54:27.847	1m 3s	56.2s	92.9%	1.3 GB	4.8 GB	512.4 MB	2.9 MB	${HF_WORK_ROOT}/16/165088e85d93f193f3f66c6325d603
407	9a/3db065	24019	RNASEQ:RNASEQ_QC:FASTQC_TRIMMED (E-ERAD-478.d21_male_unpaired_r1.ERR1328202.trimmed.R2)	COMPLETED	0	2026-09-29 09:53:57.304	1m 34s	1m 4s	83.2%	1.3 GB	4.9 GB	511.6 MB	3.1 MB	${HF_WORK_ROOT}/9a/3db065515f4bdf1f1a4c52bac78125
133	3f/225a2a	24024	RNASEQ:RNASEQ_QC:FASTQC_RAW (E-ERAD-478.d28_female_paired_r4.ERR1328267.raw.R2)	COMPLETED	0	2026-09-29 09:54:51.478	1m 5s	60s	106.7%	1.3 GB	4.8 GB	624.9 MB	3 MB	${HF_WORK_ROOT}/3f/225a2af77c449025b7273720f00d34
79	1f/cb78e2	24021	RNASEQ:RNASEQ_QC:FASTQC_RAW (E-ERAD-478.d21_male_paired_r3.ERR1328166.raw.R2)	COMPLETED	0	2026-09-29 09:54:27.272	1m 34s	1m 3s	94.5%	1.3 GB	4.9 GB	583.3 MB	3 MB	${HF_WORK_ROOT}/1f/cb78e2533328e4907c5e1601d1c475
83	89/0c1c6a	24023	RNASEQ:RNASEQ_QC:FASTQC_RAW (E-ERAD-478.d21_male_paired_r4.ERR1328241.raw.R2)	COMPLETED	0	2026-09-29 09:54:28.107	1m 38s	1m 1s	93.9%	1.3 GB	4.9 GB	555.7 MB	3 MB	${HF_WORK_ROOT}/89/0c1c6a83cb930bf6167b30eb897ffe
81	a9/d2a8c1	24026	RNASEQ:RNASEQ_QC:FASTQC_RAW (E-ERAD-478.d21_male_paired_r4.ERR1328241.raw.R1)	COMPLETED	0	2026-09-29 09:55:11.770	1m 5s	53.4s	103.5%	1.3 GB	4.8 GB	528.3 MB	2.9 MB	${HF_WORK_ROOT}/a9/d2a8c1e802e9fb3cbfae382dbdcfcf
493	ad/927a22	24028	RNASEQ:RNASEQ_QC:FASTQC_TRIMMED (E-ERAD-478.d21_female_unpaired_r3.ERR1328138.trimmed.R1)	COMPLETED	0	2026-09-29 09:55:31.446	1m 10s	54.2s	103.7%	1.3 GB	4.8 GB	466.7 MB	3.1 MB	${HF_WORK_ROOT}/ad/927a22bb40a9d175733a410a442bb5
66	39/6498fa	24025	RNASEQ:RNASEQ_QC:TRIM_GALORE (E-ERAD-478.d21_male_paired_r2.ERR1328165.trim_galore)	COMPLETED	0	2026-09-29 09:55:11.347	1m 40s	1m 34s	588.5%	312.4 MB	2 GB	11.4 GB	11.3 GB	${HF_WORK_ROOT}/39/6498fa7bf5b3855ee3c1e82ba6313d
95	37/673055	24029	RNASEQ:RNASEQ_QC:FASTQC_RAW (E-ERAD-478.d21_male_unpaired_r2.ERR1328163.raw.R1)	COMPLETED	0	2026-09-29 09:55:56.372	1m 5s	43.3s	92.5%	1.3 GB	4.8 GB	357.6 MB	2.9 MB	${HF_WORK_ROOT}/37/67305598794c62f0c775efa54c3525
490	4b/b8cc56	24027	RNASEQ:RNASEQ_QC:FASTQC_TRIMMED (E-ERAD-478.d38_female_unpaired_r3.ERR1328251.trimmed.R2)	COMPLETED	0	2026-09-29 09:55:31.386	1m 35s	1m 10s	90.7%	1.3 GB	4.8 GB	597.3 MB	3.1 MB	${HF_WORK_ROOT}/4b/b8cc56f762eb5666ad78b1d3710600
225	8d/0f56ec	24030	RNASEQ:RNASEQ_QC:FASTQC_RAW (E-ERAD-478.d35_female_unpaired_r3.ERR1328224.raw.R1)	COMPLETED	0	2026-09-29 09:56:01.349	1m 5s	51.9s	108.0%	1.3 GB	4.8 GB	490.2 MB	2.9 MB	${HF_WORK_ROOT}/8d/0f56ec049dd0ae064ec552ee421397
112	81/503cf8	24020	RNASEQ:RNASEQ_QC:TRIM_GALORE (E-ERAD-478.d28_female_paired_r2.ERR1328169.trim_galore)	COMPLETED	0	2026-09-29 09:54:06.394	3m 5s	2m 27s	598.4%	313.9 MB	2 GB	22.6 GB	22.5 GB	${HF_WORK_ROOT}/81/503cf816131edb7e75e87441fe9c4a
102	49/e02d63	24033	RNASEQ:RNASEQ_QC:FASTQC_RAW (E-ERAD-478.d21_male_unpaired_r3.ERR1328261.raw.R2)	COMPLETED	0	2026-09-29 09:56:41.413	1m 5s	56.5s	98.5%	1.3 GB	4.9 GB	499.4 MB	3 MB	${HF_WORK_ROOT}/49/e02d63a1b5b026055867784e43c7ba
22	b7/1bdd65	24032	RNASEQ:RNASEQ_QC:FASTQC_RAW (E-ERAD-478.d21_female_paired_r3.ERR1328164.raw.R1)	COMPLETED	0	2026-09-29 09:56:16.362	1m 40s	1m 9s	98.1%	1.3 GB	5 GB	883.6 MB	2.9 MB	${HF_WORK_ROOT}/b7/1bdd65952e640920a93a2f907b21a0
372	93/ac5293	24034	RNASEQ:RNASEQ_QC:FASTQC_RAW (E-ERAD-478.d38_male_unpaired_r6.ERR1328254.raw.R1)	COMPLETED	0	2026-09-29 09:56:51.358	1m 5s	49.9s	106.8%	1.3 GB	5 GB	480.4 MB	2.9 MB	${HF_WORK_ROOT}/93/ac52939b323c981fb4e32e8b7073aa
44	33/84bdd8	24035	RNASEQ:RNASEQ_QC:FASTQC_RAW (E-ERAD-478.d21_female_unpaired_r3.ERR1328138.raw.R1)	COMPLETED	0	2026-09-29 09:57:01.362	1m 5s	51.9s	107.0%	1.3 GB	4.8 GB	479.2 MB	3 MB	${HF_WORK_ROOT}/33/84bdd8178c977da8cbccf00fda0d84
200	1c/ad10da	24037	RNASEQ:RNASEQ_QC:FASTQC_RAW (E-ERAD-478.d35_female_paired_r1.ERR1328213.raw.R2)	COMPLETED	0	2026-09-29 09:57:06.429	1m 35s	1m 6s	92.0%	1.3 GB	4.9 GB	598.5 MB	3 MB	${HF_WORK_ROOT}/1c/ad10da30db79df2fdc929e1ba31b39
98	82/26c83c	24039	RNASEQ:RNASEQ_QC:FASTQC_RAW (E-ERAD-478.d21_male_unpaired_r3.ERR1328238.raw.R1)	COMPLETED	0	2026-09-29 09:57:46.540	1m 5s	53.6s	105.9%	1.3 GB	4.9 GB	488.5 MB	2.9 MB	${HF_WORK_ROOT}/82/26c83c14fa66bfa8edaccd861484e8
365	cf/6045e9	24040	RNASEQ:RNASEQ_QC:FASTQC_RAW (E-ERAD-478.d38_male_unpaired_r5.ERR1328230.raw.R1)	COMPLETED	0	2026-09-29 09:57:56.902	1m 4s	1m 3s	93.1%	1.3 GB	4.8 GB	541.8 MB	2.9 MB	${HF_WORK_ROOT}/cf/6045e961eaba79f9f8b920dc84aafc
406	be/2fda57	24043	RNASEQ:RNASEQ_QC:FASTQC_TRIMMED (E-ERAD-478.d21_male_unpaired_r1.ERR1328202.trimmed.R1)	COMPLETED	0	2026-09-29 09:58:42.935	1m 4s	42.8s	98.9%	1.3 GB	4.8 GB	489.5 MB	3.1 MB	${HF_WORK_ROOT}/be/2fda5780da199f6ceacc3bb41b1d08
117	93/decbbc	24044	RNASEQ:RNASEQ_QC:FASTQC_RAW (E-ERAD-478.d28_female_paired_r2.ERR1328146.raw.R1)	COMPLETED	0	2026-09-29 09:58:51.408	1m 5s	40.7s	98.3%	1.3 GB	4.8 GB	435.5 MB	2.9 MB	${HF_WORK_ROOT}/93/decbbced64981df16ff25026b27daa
376	0b/270346	24045	RNASEQ:RNASEQ_QC:FASTQC_TRIMMED (E-ERAD-478.d21_male_unpaired_r4.ERR1328239.trimmed.R1)	COMPLETED	0	2026-09-29 09:59:01.382	1m 40s	1m 16s	89.7%	1.3 GB	4.9 GB	589.3 MB	3.1 MB	${HF_WORK_ROOT}/0b/270346298901eedffc5ac51120d98b
314	86/2518d9	24038	RNASEQ:RNASEQ_QC:TRIM_GALORE (E-ERAD-478.d38_male_paired_r1.ERR1328219.trim_galore)	COMPLETED	0	2026-09-29 09:57:11.497	3m 40s	3m 9s	591.2%	309.9 MB	2 GB	27.4 GB	27.3 GB	${HF_WORK_ROOT}/86/2518d95a982a7063ea63ffa414fc9b
439	ec/ebf26e	24046	RNASEQ:RNASEQ_QC:FASTQC_TRIMMED (E-ERAD-478.d21_female_unpaired_r2.ERR1328201.trimmed.R2)	COMPLETED	0	2026-09-29 09:59:46.782	1m 5s	41.6s	80.4%	1.3 GB	4.9 GB	370.1 MB	3.1 MB	${HF_WORK_ROOT}/ec/ebf26e53128e199b7da145db86adf7
185	67/4dfe58	24047	RNASEQ:RNASEQ_QC:FASTQC_RAW (E-ERAD-478.d28_male_unpaired_r2.ERR1328145.raw.R2)	COMPLETED	0	2026-09-29 09:59:56.371	1m 5s	44.7s	84.5%	1.3 GB	5 GB	426.4 MB	3 MB	${HF_WORK_ROOT}/67/4dfe58551d967a652a19200633b04e
33	4b/e8fd66	24042	RNASEQ:RNASEQ_QC:TRIM_GALORE (E-ERAD-478.d21_female_unpaired_r2.ERR1328177.trim_galore)	COMPLETED	0	2026-09-29 09:58:06.366	3m 5s	2m 22s	546.7%	326.1 MB	2.1 GB	18.1 GB	18 GB	${HF_WORK_ROOT}/4b/e8fd661cfa8db0ff5ef2d15be025b2
194	06/6e4153	24036	RNASEQ:RNASEQ_QC:TRIM_GALORE (E-ERAD-478.d35_female_paired_r2.ERR1328128.trim_galore)	COMPLETED	0	2026-09-29 09:57:06.386	4m 10s	4m 3s	478.6%	311.5 MB	2.1 GB	25.9 GB	25.8 GB	${HF_WORK_ROOT}/06/6e4153fe058c7294ee10494530de15
356	db/9d53eb	24041	RNASEQ:RNASEQ_QC:TRIM_GALORE (E-ERAD-478.d38_male_unpaired_r5.ERR1328230.trim_galore)	COMPLETED	0	2026-09-29 09:57:56.965	3m 34s	3m 10s	582.1%	329.8 MB	2 GB	26.5 GB	26.4 GB	${HF_WORK_ROOT}/db/9d53ebb3e206ab95c5d44d524771ba
318	09/fd7187	24031	RNASEQ:RNASEQ_QC:TRIM_GALORE (E-ERAD-478.d38_male_paired_r2.ERR1328134.trim_galore)	COMPLETED	0	2026-09-29 09:56:06.359	5m 50s	5m 29s	468.6%	315.7 MB	2.1 GB	33.2 GB	33.1 GB	${HF_WORK_ROOT}/09/fd71872177e7a5fbeed722548bb292
477	12/b43646	24050	RNASEQ:RNASEQ_QC:FASTQC_TRIMMED (E-ERAD-478.d38_male_unpaired_r4.ERR1328132.trimmed.R2)	COMPLETED	0	2026-09-29 10:00:51.568	1m 5s	57.4s	103.8%	1.4 GB	4.9 GB	511.3 MB	3.1 MB	${HF_WORK_ROOT}/12/b43646e55661ecf103e06c86babbe7
256	65/f95ece	24051	RNASEQ:RNASEQ_QC:FASTQC_RAW (E-ERAD-478.d35_male_unpaired_r2.ERR1328149.raw.R1)	COMPLETED	0	2026-09-29 10:01:01.395	1m 5s	33s	95.9%	1.3 GB	4.8 GB	372.9 MB	2.9 MB	${HF_WORK_ROOT}/65/f95ece0c1c58a3f7ef0a936d3c0a0b
470	78/ee006c	24052	RNASEQ:RNASEQ_QC:FASTQC_TRIMMED (E-ERAD-478.d21_female_unpaired_r5.ERR1328260.trimmed.R1)	COMPLETED	0	2026-09-29 10:01:11.425	1m 5s	60s	90.6%	1.3 GB	4.9 GB	467.8 MB	3.1 MB	${HF_WORK_ROOT}/78/ee006c0cc099279904656a846628cf
88	31/b8f1ef	24053	RNASEQ:RNASEQ_QC:FASTQC_RAW (E-ERAD-478.d21_male_unpaired_r1.ERR1328178.raw.R2)	COMPLETED	0	2026-09-29 10:01:16.886	1m 4s	49.4s	106.5%	1.3 GB	4.8 GB	536.2 MB	3 MB	${HF_WORK_ROOT}/31/b8f1ef09456c8d1ee8e470d364a491
476	97/3de285	24049	RNASEQ:RNASEQ_QC:FASTQC_TRIMMED (E-ERAD-478.d38_male_unpaired_r4.ERR1328132.trimmed.R1)	COMPLETED	0	2026-09-29 10:00:51.481	1m 40s	1m 9s	82.6%	1.3 GB	4.9 GB	490.1 MB	3.1 MB	${HF_WORK_ROOT}/97/3de2858effbceb5b9ecbd4264fc937
463	70/1fa477	24054	RNASEQ:RNASEQ_QC:FASTQC_TRIMMED (E-ERAD-478.d35_male_unpaired_r1.ERR1328212.trimmed.R2)	COMPLETED	0	2026-09-29 10:01:31.641	1m 5s	43.1s	102.8%	1.3 GB	5 GB	585.7 MB	3.1 MB	${HF_WORK_ROOT}/70/1fa47704e597b2623df57b664d07ff
11	8a/af79ca	24055	RNASEQ:RNASEQ_QC:FASTQC_RAW (E-ERAD-478.d21_female_paired_r2.ERR1328180.raw.R2)	COMPLETED	0	2026-09-29 10:01:56.426	1m 5s	1m 1s	102.0%	1.3 GB	5 GB	583.9 MB	3 MB	${HF_WORK_ROOT}/8a/af79ca068bed03b60c781001c571ea
29	f8/354701	24056	RNASEQ:RNASEQ_QC:FASTQC_RAW (E-ERAD-478.d21_female_paired_r4.ERR1328263.raw.R1)	COMPLETED	0	2026-09-29 10:01:56.491	1m 5s	58.1s	97.5%	1.3 GB	5 GB	517.8 MB	2.9 MB	${HF_WORK_ROOT}/f8/354701dd851929c1e8739667b5f15e
428	60/973eb0	24060	RNASEQ:RNASEQ_QC:FASTQC_TRIMMED (E-ERAD-478.d21_male_unpaired_r3.ERR1328238.trimmed.R1)	COMPLETED	0	2026-09-29 10:02:31.426	1m 5s	1m 3s	92.3%	1.3 GB	4.9 GB	482.3 MB	3.1 MB	${HF_WORK_ROOT}/60/973eb021e3efc934a6d15fc3757f47
500	8f/bbf8e3	24061	RNASEQ:RNASEQ_QC:FASTQC_TRIMMED (E-ERAD-478.d38_male_paired_r1.ERR1328219.trimmed.R2)	COMPLETED	0	2026-09-29 10:02:36.394	1m 5s	40.8s	106.4%	1.3 GB	4.9 GB	559 MB	3.1 MB	${HF_WORK_ROOT}/8f/bbf8e3ebfc200857f3011655805879
506	4c/f0cc69	24058	RNASEQ:RNASEQ_QC:FASTQC_TRIMMED (E-ERAD-478.d38_male_unpaired_r5.ERR1328230.trimmed.R2)	COMPLETED	0	2026-09-29 10:02:16.369	1m 35s	1m 4s	93.9%	1.4 GB	5 GB	553.7 MB	3.1 MB	${HF_WORK_ROOT}/4c/f0cc694070433822a7c43e98bf7df0
152	96/40447d	24062	RNASEQ:RNASEQ_QC:FASTQC_RAW (E-ERAD-478.d28_female_unpaired_r3.ERR1328265.raw.R2)	COMPLETED	0	2026-09-29 10:03:01.422	1m 5s	58.9s	102.3%	1.4 GB	5 GB	565.1 MB	3 MB	${HF_WORK_ROOT}/96/40447db6fc66f0a63b608edf7cbce1
162	ef/6195d3	24063	RNASEQ:RNASEQ_QC:FASTQC_RAW (E-ERAD-478.d28_male_paired_r2.ERR1328210.raw.R1)	COMPLETED	0	2026-09-29 10:03:01.475	1m 5s	59s	102.6%	1.3 GB	4.8 GB	570.8 MB	2.9 MB	${HF_WORK_ROOT}/ef/6195d30136b789e08c81a2432604c2
268	e6/f9d71f	24048	RNASEQ:RNASEQ_QC:TRIM_GALORE (E-ERAD-478.d38_female_paired_r1.ERR1328194.trim_galore)	COMPLETED	0	2026-09-29 10:00:41.401	4m 5s	3m 54s	527.9%	324.7 MB	2.1 GB	25.6 GB	25.5 GB	${HF_WORK_ROOT}/e6/f9d71f39c0c5d1194dee2aa06e28de
405	83/f2735c	24066	RNASEQ:RNASEQ_QC:FASTQC_TRIMMED (E-ERAD-478.d35_male_paired_r2.ERR1328129.trimmed.R2)	COMPLETED	0	2026-09-29 10:03:51.428	1m 5s	54s	104.4%	1.3 GB	4.8 GB	501.3 MB	3.1 MB	${HF_WORK_ROOT}/83/f2735ce44432ece1c1f92f872294cd
489	ee/ee960c	24064	RNASEQ:RNASEQ_QC:FASTQC_TRIMMED (E-ERAD-478.d38_female_unpaired_r3.ERR1328251.trimmed.R1)	COMPLETED	0	2026-09-29 10:03:36.368	1m 35s	1m 10s	93.0%	1.3 GB	4.9 GB	568.7 MB	3.1 MB	${HF_WORK_ROOT}/ee/ee960c03f56f8c563923276e40ed38
297	c5/2dbc52	24067	RNASEQ:RNASEQ_QC:FASTQC_RAW (E-ERAD-478.d38_female_unpaired_r1.ERR1328191.raw.R2)	COMPLETED	0	2026-09-29 10:04:06.641	1m 5s	49.4s	92.2%	1.3 GB	4.9 GB	409 MB	3 MB	${HF_WORK_ROOT}/c5/2dbc52c52a7a39e7d6805b41762351
173	b3/ec40f6	24059	RNASEQ:RNASEQ_QC:TRIM_GALORE (E-ERAD-478.d28_male_unpaired_r1.ERR1328207.trim_galore)	COMPLETED	0	2026-09-29 10:02:21.389	3m 5s	2m 51s	624.6%	326.6 MB	2.1 GB	25.7 GB	25.6 GB	${HF_WORK_ROOT}/b3/ec40f661aaab84ee147721d403dc69
502	ed/abcff5	24070	RNASEQ:RNASEQ_QC:FASTQC_TRIMMED (E-ERAD-478.d21_female_unpaired_r2.ERR1328177.trimmed.R2)	COMPLETED	0	2026-09-29 10:04:56.387	1m 5s	49.9s	89.7%	1.3 GB	4.9 GB	382.2 MB	3.1 MB	${HF_WORK_ROOT}/ed/abcff593e8962177d22754f062c44f
436	92/a99469	24071	RNASEQ:RNASEQ_QC:FASTQC_TRIMMED (E-ERAD-478.d38_male_unpaired_r1.ERR1328216.trimmed.R1)	COMPLETED	0	2026-09-29 10:05:12.631	1m 5s	51.9s	96.6%	1.3 GB	4.8 GB	426.5 MB	3.1 MB	${HF_WORK_ROOT}/92/a994693f707085ab5beda3d5b9696d
444	c2/d2dd0d	24072	RNASEQ:RNASEQ_QC:FASTQC_TRIMMED (E-ERAD-478.d35_female_paired_r3.ERR1328249.trimmed.R1)	COMPLETED	0	2026-09-29 10:05:12.727	1m 5s	59.5s	95.6%	1.4 GB	5 GB	498.3 MB	3.1 MB	${HF_WORK_ROOT}/c2/d2dd0df1cabdf51bdcd4836d6afc67
339	4a/da7f13	24073	RNASEQ:RNASEQ_QC:FASTQC_RAW (E-ERAD-478.d38_male_unpaired_r1.ERR1328192.raw.R1)	COMPLETED	0	2026-09-29 10:05:26.672	1m 5s	36.9s	99.7%	1.3 GB	4.9 GB	447.8 MB	2.9 MB	${HF_WORK_ROOT}/4a/da7f1388fecf1cf08e578c555ac588
320	10/b8a18c	24057	RNASEQ:RNASEQ_QC:TRIM_GALORE (E-ERAD-478.d38_male_paired_r2.ERR1328157.trim_galore)	COMPLETED	0	2026-09-29 10:02:06.419	4m 40s	4m 28s	583.2%	319.4 MB	2 GB	33.2 GB	33.2 GB	${HF_WORK_ROOT}/10/b8a18cf8025445f967c22a0605cd14
217	af/189280	24074	RNASEQ:RNASEQ_QC:FASTQC_RAW (E-ERAD-478.d35_female_unpaired_r1.ERR1328211.raw.R2)	COMPLETED	0	2026-09-29 10:06:01.434	1m 5s	48.9s	91.9%	1.4 GB	5 GB	570.9 MB	3 MB	${HF_WORK_ROOT}/af/189280edcd58ea75bc470c4960f965
140	c9/33d41c	24065	RNASEQ:RNASEQ_QC:TRIM_GALORE (E-ERAD-478.d28_female_unpaired_r3.ERR1328242.trim_galore)	COMPLETED	0	2026-09-29 10:03:41.387	3m 30s	3m 17s	573.6%	326.3 MB	2.1 GB	27.2 GB	27.1 GB	${HF_WORK_ROOT}/c9/33d41c901141165f491b217ae25fcc
290	4b/9207c6	24068	RNASEQ:RNASEQ_QC:TRIM_GALORE (E-ERAD-478.d38_female_unpaired_r1.ERR1328215.trim_galore)	COMPLETED	0	2026-09-29 10:04:06.721	3m 5s	2m 20s	551.9%	310.2 MB	2.1 GB	18.7 GB	18.6 GB	${HF_WORK_ROOT}/4b/9207c689f1d4a318e99ad42faac1b6
93	d0/d9157e	24075	RNASEQ:RNASEQ_QC:FASTQC_RAW (E-ERAD-478.d21_male_unpaired_r2.ERR1328140.raw.R2)	COMPLETED	0	2026-09-29 10:06:17.767	1m 4s	39s	83.1%	1.3 GB	5 GB	369.6 MB	3 MB	${HF_WORK_ROOT}/d0/d9157e669acdcdbc16781a87c288af
471	7e/89bc00	24077	RNASEQ:RNASEQ_QC:FASTQC_TRIMMED (E-ERAD-478.d21_female_unpaired_r5.ERR1328260.trimmed.R2)	COMPLETED	0	2026-09-29 10:06:31.432	1m 5s	47.6s	92.1%	1.3 GB	4.8 GB	484.8 MB	3.1 MB	${HF_WORK_ROOT}/7e/89bc00d00204db8094622ecb926d10
389	10/525422	24078	RNASEQ:RNASEQ_QC:FASTQC_TRIMMED (E-ERAD-478.d35_female_paired_r2.ERR1328151.trimmed.R2)	COMPLETED	0	2026-09-29 10:06:46.373	1m 5s	45s	94.4%	1.4 GB	4.9 GB	497.1 MB	3.1 MB	${HF_WORK_ROOT}/10/5254229344119ef2ed981c9f98fecf
399	67/8da98e	24079	RNASEQ:RNASEQ_QC:FASTQC_TRIMMED (E-ERAD-478.d28_female_paired_r4.ERR1328244.trimmed.R2)	COMPLETED	0	2026-09-29 10:07:06.435	1m 5s	53.7s	100.1%	1.3 GB	5 GB	623.5 MB	3.1 MB	${HF_WORK_ROOT}/67/8da98e100e5fb11fcff0045d59ca4d
498	d0/7f0db2	24080	RNASEQ:RNASEQ_QC:FASTQC_TRIMMED (E-ERAD-478.d28_female_paired_r2.ERR1328169.trimmed.R2)	COMPLETED	0	2026-09-29 10:07:11.992	1m 5s	41.2s	107.1%	1.3 GB	4.9 GB	439.9 MB	3.1 MB	${HF_WORK_ROOT}/d0/7f0db29cd395c9b93ef50effd057f2
497	82/1a79d1	24081	RNASEQ:RNASEQ_QC:FASTQC_TRIMMED (E-ERAD-478.d28_female_paired_r2.ERR1328169.trimmed.R1)	COMPLETED	0	2026-09-29 10:07:12.177	1m 4s	39s	107.3%	1.3 GB	5 GB	423 MB	3.1 MB	${HF_WORK_ROOT}/82/1a79d136209eb58eaa444a8f58a2d0
298	d5/898c2d	24082	RNASEQ:RNASEQ_QC:FASTQC_RAW (E-ERAD-478.d38_female_unpaired_r1.ERR1328215.raw.R1)	COMPLETED	0	2026-09-29 10:07:21.391	1m 5s	28.6s	108.4%	1.3 GB	4.9 GB	380.6 MB	3 MB	${HF_WORK_ROOT}/d5/898c2d1d1fac805d2ab8084a2a1464
517	73/f41713	24084	RNASEQ:RNASEQ_QC:FASTQC_TRIMMED (E-ERAD-478.d38_female_unpaired_r1.ERR1328215.trimmed.R1)	COMPLETED	0	2026-09-29 10:07:51.412	1m 5s	43s	100.4%	1.4 GB	4.9 GB	375.5 MB	3.1 MB	${HF_WORK_ROOT}/73/f41713a4bc27f19d22afe77648a6e5
300	af/49b2b3	24069	RNASEQ:RNASEQ_QC:TRIM_GALORE (E-ERAD-478.d38_female_unpaired_r3.ERR1328228.trim_galore)	COMPLETED	0	2026-09-29 10:04:46.408	4m 10s	3m 31s	567.8%	314.7 MB	2.1 GB	29.2 GB	29.1 GB	${HF_WORK_ROOT}/af/49b2b38ac76ac07f5901c0ab250925
26	85/36e38b	24085	RNASEQ:RNASEQ_QC:FASTQC_RAW (E-ERAD-478.d21_female_paired_r4.ERR1328240.raw.R1)	COMPLETED	0	2026-09-29 10:08:12.352	1m 4s	46.8s	93.2%	1.3 GB	4.9 GB	525.9 MB	2.9 MB	${HF_WORK_ROOT}/85/36e38b4ddcf144b8d6a9c89536357b
85	1e/9d9008	24076	RNASEQ:RNASEQ_QC:TRIM_GALORE (E-ERAD-478.d21_male_unpaired_r2.ERR1328140.trim_galore)	COMPLETED	0	2026-09-29 10:06:18.027	3m 8s	2m 33s	566.6%	317.8 MB	2.1 GB	18.6 GB	18.5 GB	${HF_WORK_ROOT}/1e/9d9008c7859141236153f6e26ac4bc
464	45/8b318e	24088	RNASEQ:RNASEQ_QC:FASTQC_TRIMMED (E-ERAD-478.d35_female_unpaired_r1.ERR1328211.trimmed.R1)	COMPLETED	0	2026-09-29 10:08:26.445	1m 5s	49.7s	95.9%	1.3 GB	4.9 GB	537.8 MB	3.1 MB	${HF_WORK_ROOT}/45/8b318e381eeb7af2eb1a8c68dfe168
329	1b/5b746e	24091	RNASEQ:RNASEQ_QC:FASTQC_RAW (E-ERAD-478.d38_male_paired_r2.ERR1328157.raw.R1)	COMPLETED	0	2026-09-29 10:09:16.401	1m 5s	54.7s	95.1%	1.4 GB	4.9 GB	621.8 MB	2.9 MB	${HF_WORK_ROOT}/1b/5b746e80b23d598fa48328aeb793ae
519	10/f2d464	24092	RNASEQ:RNASEQ_QC:FASTQC_TRIMMED (E-ERAD-478.d38_female_unpaired_r3.ERR1328228.trimmed.R1)	COMPLETED	0	2026-09-29 10:09:26.386	1m 5s	44.7s	105.3%	1.4 GB	5 GB	579.5 MB	3.1 MB	${HF_WORK_ROOT}/10/f2d464e49fe43190691ee64c664905
151	d7/98b236	24083	RNASEQ:RNASEQ_QC:TRIM_GALORE (E-ERAD-478.d28_male_paired_r2.ERR1328186.trim_galore)	COMPLETED	0	2026-09-29 10:07:36.404	3m 36s	3m 29s	583.0%	315.2 MB	2 GB	29.3 GB	29.2 GB	${HF_WORK_ROOT}/d7/98b236589113f480932786412b87d6
214	8d/f79241	24093	RNASEQ:RNASEQ_QC:TRIM_GALORE (E-ERAD-478.d35_female_unpaired_r2.ERR1328171.trim_galore)	COMPLETED	0	2026-09-29 10:09:31.380	2m 10s	2m 1s	471.7%	313.9 MB	2.1 GB	11.8 GB	11.7 GB	${HF_WORK_ROOT}/8d/f792414c8756ff7c1e3cb5694e8010
223	64/74d88b	24087	RNASEQ:RNASEQ_QC:TRIM_GALORE (E-ERAD-478.d35_female_unpaired_r3.ERR1328247.trim_galore)	COMPLETED	0	2026-09-29 10:08:18.022	3m 38s	3m 15s	499.0%	304.6 MB	2 GB	23.9 GB	23.8 GB	${HF_WORK_ROOT}/64/74d88bb536cc3c9f56cc145bc39256
218	2d/24f084	24086	RNASEQ:RNASEQ_QC:TRIM_GALORE (E-ERAD-478.d35_female_unpaired_r3.ERR1328224.trim_galore)	COMPLETED	0	2026-09-29 10:08:17.934	3m 38s	3m 7s	534.9%	309.7 MB	2.1 GB	24.2 GB	24.1 GB	${HF_WORK_ROOT}/2d/24f08461b20996ba46c8c39f12c1c1
514	82/5835de	24094	RNASEQ:RNASEQ_QC:FASTQC_TRIMMED (E-ERAD-478.d38_male_paired_r2.ERR1328157.trimmed.R2)	COMPLETED	0	2026-09-29 10:10:22.209	1m 34s	1m 9s	103.7%	1.4 GB	4.9 GB	629.2 MB	3.1 MB	${HF_WORK_ROOT}/82/5835deb58d7003f00c2e656af87ea8
447	86/d68496	24096	RNASEQ:RNASEQ_QC:FASTQC_TRIMMED (E-ERAD-478.d21_male_paired_r3.ERR1328166.trimmed.R2)	COMPLETED	0	2026-09-29 10:11:13.019	1m 33s	1m 11s	86.5%	1.4 GB	4.9 GB	559.7 MB	3.1 MB	${HF_WORK_ROOT}/86/d6849646aa5056c0f7fee04771e429
238	28/02ad8d	24097	RNASEQ:RNASEQ_QC:FASTQC_RAW (E-ERAD-478.d35_male_paired_r1.ERR1328214.raw.R2)	COMPLETED	0	2026-09-29 10:11:41.424	1m 5s	55.2s	98.6%	1.4 GB	4.9 GB	564.7 MB	3 MB	${HF_WORK_ROOT}/28/02ad8da57d0743185f44cbdbc0332d
96	83/6bf1fb	24098	RNASEQ:RNASEQ_QC:FASTQC_RAW (E-ERAD-478.d21_male_unpaired_r2.ERR1328163.raw.R2)	COMPLETED	0	2026-09-29 10:11:57.209	1m 4s	43.6s	104.7%	1.3 GB	4.9 GB	369.3 MB	3 MB	${HF_WORK_ROOT}/83/6bf1fb1dd79c55d39685ffaa53d8f6
272	ca/4b3e39	24090	RNASEQ:RNASEQ_QC:TRIM_GALORE (E-ERAD-478.d38_female_paired_r2.ERR1328133.trim_galore)	COMPLETED	0	2026-09-29 10:08:56.539	4m 10s	3m 36s	493.4%	317.8 MB	2.1 GB	23.9 GB	23.8 GB	${HF_WORK_ROOT}/ca/4b3e391c0ae034abfa3f48c8a3cabf
351	4f/b5ac54	24095	RNASEQ:RNASEQ_QC:TRIM_GALORE (E-ERAD-478.d38_male_unpaired_r3.ERR1328154.trim_galore)	COMPLETED	0	2026-09-29 10:10:32.854	2m 39s	2m 12s	537.7%	315.7 MB	2.1 GB	18.6 GB	18.5 GB	${HF_WORK_ROOT}/4f/b5ac541ac7c2187bcc18a2cd47d38d
270	cd/abe0bd	24089	RNASEQ:RNASEQ_QC:TRIM_GALORE (E-ERAD-478.d38_female_paired_r1.ERR1328218.trim_galore)	COMPLETED	0	2026-09-29 10:08:56.400	4m 35s	4m 14s	478.7%	314.3 MB	2.1 GB	24.8 GB	24.8 GB	${HF_WORK_ROOT}/cd/abe0bd293e9a8f8fa3a8cc636b7d15
479	07/4e34fe	24101	RNASEQ:RNASEQ_QC:FASTQC_TRIMMED (E-ERAD-478.d21_male_paired_r1.ERR1328205.trimmed.R2)	COMPLETED	0	2026-09-29 10:12:46.454	1m 5s	37.6s	107.4%	1.4 GB	5 GB	504.5 MB	3.1 MB	${HF_WORK_ROOT}/07/4e34fe5410943338acfed27e2d1ead
481	a9/1fde47	24102	RNASEQ:RNASEQ_QC:FASTQC_TRIMMED (E-ERAD-478.d35_male_unpaired_r2.ERR1328172.trimmed.R2)	COMPLETED	0	2026-09-29 10:12:46.514	1m 5s	31.6s	104.1%	1.3 GB	4.8 GB	373.8 MB	3.1 MB	${HF_WORK_ROOT}/a9/1fde47d6e5fe321e4a88d8c38b2e7b
89	42/531b2c	24099	RNASEQ:RNASEQ_QC:TRIM_GALORE (E-ERAD-478.d21_male_unpaired_r2.ERR1328163.trim_galore)	COMPLETED	0	2026-09-29 10:11:57.328	2m 9s	2m 6s	565.4%	337.9 MB	2.1 GB	18.6 GB	18.5 GB	${HF_WORK_ROOT}/42/531b2c2cac4c28fa717349c7da42be
400	35/41aa06	24103	RNASEQ:RNASEQ_QC:FASTQC_TRIMMED (E-ERAD-478.d35_male_unpaired_r3.ERR1328150.trimmed.R1)	COMPLETED	0	2026-09-29 10:13:01.476	1m 5s	40.6s	100.8%	1.3 GB	4.9 GB	479.9 MB	3.1 MB	${HF_WORK_ROOT}/35/41aa061fe7c71db128d4807d8741a8
501	af/588c5f	24104	RNASEQ:RNASEQ_QC:FASTQC_TRIMMED (E-ERAD-478.d21_female_unpaired_r2.ERR1328177.trimmed.R1)	COMPLETED	0	2026-09-29 10:13:06.387	1m 5s	31.4s	98.8%	1.3 GB	4.8 GB	369.7 MB	3.1 MB	${HF_WORK_ROOT}/af/588c5f37772475d04ac221fcc35926
233	19/bfffcb	24107	RNASEQ:RNASEQ_QC:FASTQC_RAW (E-ERAD-478.d35_male_paired_r1.ERR1328190.raw.R2)	COMPLETED	0	2026-09-29 10:13:51.415	1m 5s	51.7s	88.5%	1.3 GB	4.9 GB	581.6 MB	3 MB	${HF_WORK_ROOT}/19/bfffcbb10d1f28d37f793bf36a9def
97	a7/6cc366	24100	RNASEQ:RNASEQ_QC:TRIM_GALORE (E-ERAD-478.d21_male_unpaired_r3.ERR1328261.trim_galore)	COMPLETED	0	2026-09-29 10:11:57.401	3m 9s	2m 45s	604.9%	315.6 MB	2.1 GB	23.5 GB	23.4 GB	${HF_WORK_ROOT}/a7/6cc366f514dc3319d3c480dc30479a
188	56/16f5a6	24106	RNASEQ:RNASEQ_QC:FASTQC_RAW (E-ERAD-478.d28_male_unpaired_r3.ERR1328243.raw.R1)	COMPLETED	0	2026-09-29 10:13:31.403	1m 35s	1m 10s	91.9%	1.3 GB	4.9 GB	877.1 MB	3 MB	${HF_WORK_ROOT}/56/16f5a659c0df405f0997e8950ddab4
92	c3/db10a8	24109	RNASEQ:RNASEQ_QC:FASTQC_RAW (E-ERAD-478.d21_male_unpaired_r2.ERR1328140.raw.R1)	COMPLETED	0	2026-09-29 10:14:06.447	1m	35.1s	91.9%	1.3 GB	4.9 GB	357.1 MB	2.9 MB	${HF_WORK_ROOT}/c3/db10a850c77496966c973b3daec1d0
299	a9/1cac30	24111	RNASEQ:RNASEQ_QC:FASTQC_RAW (E-ERAD-478.d38_female_unpaired_r1.ERR1328215.raw.R2)	COMPLETED	0	2026-09-29 10:14:11.398	1m 5s	34.8s	95.2%	1.3 GB	4.9 GB	398.4 MB	3 MB	${HF_WORK_ROOT}/a9/1cac30f0fed1ad5545f817c0fa2bf8
520	20/ec22c1	24116	RNASEQ:RNASEQ_QC:FASTQC_TRIMMED (E-ERAD-478.d38_female_unpaired_r3.ERR1328228.trimmed.R2)	COMPLETED	0	2026-09-29 10:15:16.405	1m 5s	46.8s	98.6%	1.3 GB	4.8 GB	608.2 MB	3.1 MB	${HF_WORK_ROOT}/20/ec22c12aaceef4f1c3565967ee9a51
494	2d/acfbb1	24112	RNASEQ:RNASEQ_QC:FASTQC_TRIMMED (E-ERAD-478.d21_female_unpaired_r3.ERR1328138.trimmed.R2)	COMPLETED	0	2026-09-29 10:14:56.394	1m 40s	1m 4s	87.3%	1.4 GB	4.9 GB	478.8 MB	3.1 MB	${HF_WORK_ROOT}/2d/acfbb1d1d9fd4055ceb89c75cf3d96
305	9a/c83086	24115	RNASEQ:RNASEQ_QC:FASTQC_RAW (E-ERAD-478.d38_female_unpaired_r2.ERR1328153.raw.R2)	COMPLETED	0	2026-09-29 10:15:06.803	1m 40s	1m 18s	91.8%	1.3 GB	4.9 GB	590.6 MB	3 MB	${HF_WORK_ROOT}/9a/c83086ab002c0540cafa122ab98fb0
232	b4/9d78d8	24108	RNASEQ:RNASEQ_QC:TRIM_GALORE (E-ERAD-478.d35_male_paired_r2.ERR1328152.trim_galore)	COMPLETED	0	2026-09-29 10:13:51.487	3m 5s	2m 49s	585.7%	319.1 MB	2.1 GB	25.9 GB	25.8 GB	${HF_WORK_ROOT}/b4/9d78d88ad550623d38679069f83529
126	31/237fe4	24105	RNASEQ:RNASEQ_QC:TRIM_GALORE (E-ERAD-478.d28_female_paired_r4.ERR1328267.trim_galore)	COMPLETED	0	2026-09-29 10:13:11.546	4m 40s	4m 34s	533.9%	324.1 MB	2.1 GB	30 GB	29.9 GB	${HF_WORK_ROOT}/31/237fe483ca44c41f47c825187a04b2
521	bf/225c4d	24119	RNASEQ:RNASEQ_QC:FASTQC_TRIMMED (E-ERAD-478.d21_male_unpaired_r2.ERR1328140.trimmed.R1)	COMPLETED	0	2026-09-29 10:16:46.410	1m 5s	29.8s	105.9%	1.3 GB	4.9 GB	349.1 MB	3.1 MB	${HF_WORK_ROOT}/bf/225c4dca1e8b524252d04b3cc1a857
386	78/34169d	24117	RNASEQ:RNASEQ_QC:FASTQC_TRIMMED (E-ERAD-478.d35_male_unpaired_r4.ERR1328225.trimmed.R1)	COMPLETED	0	2026-09-29 10:16:21.430	1m 40s	1m 10s	81.8%	1.3 GB	5 GB	507.8 MB	3.1 MB	${HF_WORK_ROOT}/78/34169d1cfc70624134c14345f4b002
366	df/6e43a3	24120	RNASEQ:RNASEQ_QC:FASTQC_RAW (E-ERAD-478.d38_male_unpaired_r5.ERR1328230.raw.R2)	COMPLETED	0	2026-09-29 10:16:56.395	1m 5s	44.3s	96.3%	1.4 GB	4.9 GB	567.8 MB	3 MB	${HF_WORK_ROOT}/df/6e43a30867b20c552d9867855dbe16
274	5e/d88839	24118	RNASEQ:RNASEQ_QC:FASTQC_RAW (E-ERAD-478.d35_male_unpaired_r4.ERR1328248.raw.R2)	COMPLETED	0	2026-09-29 10:16:36.503	1m 35s	1m 15s	83.9%	1.3 GB	4.9 GB	539.9 MB	3 MB	${HF_WORK_ROOT}/5e/d88839db33ddc26d55814f97462d24
77	de/4b9369	24110	RNASEQ:RNASEQ_QC:TRIM_GALORE (E-ERAD-478.d21_male_paired_r4.ERR1328264.trim_galore)	COMPLETED	0	2026-09-29 10:14:06.505	4m 40s	4m 23s	505.1%	319.8 MB	2.1 GB	25.6 GB	25.5 GB	${HF_WORK_ROOT}/de/4b9369c3591cdce00ac259877c372f
296	31/8f0b74	24114	RNASEQ:RNASEQ_QC:TRIM_GALORE (E-ERAD-478.d38_female_unpaired_r2.ERR1328153.trim_galore)	COMPLETED	0	2026-09-29 10:15:06.721	3m 45s	3m 19s	582.0%	333.5 MB	2.1 GB	30.3 GB	30.2 GB	${HF_WORK_ROOT}/31/8f0b74c5e0542b9947baf82f23185c
414	ad/65f49c	24122	RNASEQ:RNASEQ_QC:FASTQC_TRIMMED (E-ERAD-478.d38_male_unpaired_r2.ERR1328217.trimmed.R1)	COMPLETED	0	2026-09-29 10:17:51.489	1m 5s	58.2s	94.3%	1.4 GB	4.9 GB	479.4 MB	3.1 MB	${HF_WORK_ROOT}/ad/65f49cc01523089117e768af56d61f
86	04/44dfa5	24124	RNASEQ:RNASEQ_QC:FASTQC_RAW (E-ERAD-478.d21_male_paired_r4.ERR1328264.raw.R2)	COMPLETED	0	2026-09-29 10:18:01.532	1m 5s	43.5s	93.7%	1.4 GB	5 GB	547.1 MB	3 MB	${HF_WORK_ROOT}/04/44dfa5af043bbfb4ec6e1f11c9244d
456	1e/6d6af5	24125	RNASEQ:RNASEQ_QC:FASTQC_TRIMMED (E-ERAD-478.d35_female_paired_r1.ERR1328213.trimmed.R1)	COMPLETED	0	2026-09-29 10:18:11.609	1m 5s	45.8s	94.2%	1.3 GB	4.9 GB	548.6 MB	3.2 MB	${HF_WORK_ROOT}/1e/6d6af5ecd5822df597e2b9b93382b2
398	be/656107	24121	RNASEQ:RNASEQ_QC:FASTQC_TRIMMED (E-ERAD-478.d28_female_paired_r4.ERR1328244.trimmed.R1)	COMPLETED	0	2026-09-29 10:17:51.426	1m 35s	1m 15s	88.6%	1.3 GB	5 GB	596 MB	3.1 MB	${HF_WORK_ROOT}/be/656107aface57f5c08853eda71f531
295	49/d253b2	24113	RNASEQ:RNASEQ_QC:TRIM_GALORE (E-ERAD-478.d38_female_unpaired_r2.ERR1328130.trim_galore)	COMPLETED	0	2026-09-29 10:15:06.676	4m 45s	4m 23s	546.7%	312.8 MB	2.1 GB	30.3 GB	30.2 GB	${HF_WORK_ROOT}/49/d253b2c7bcb949c3c319ec1806e81e
532	98/212431	24127	RNASEQ:RNASEQ_QC:FASTQC_TRIMMED (E-ERAD-478.d38_female_paired_r2.ERR1328133.trimmed.R2)	COMPLETED	0	2026-09-29 10:18:51.479	1m 5s	56.4s	92.9%	1.3 GB	5 GB	451.3 MB	3.2 MB	${HF_WORK_ROOT}/98/212431f7a5f2e76626403e4189f276
495	51/f6917f	24129	RNASEQ:RNASEQ_QC:FASTQC_TRIMMED (E-ERAD-478.d21_male_paired_r2.ERR1328165.trimmed.R1)	COMPLETED	0	2026-09-29 10:19:06.449	1m 5s	34.6s	92.0%	1.3 GB	4.8 GB	221.5 MB	3.1 MB	${HF_WORK_ROOT}/51/f6917fc447d18d2d0874c810af66da
316	5b/0a3080	24130	RNASEQ:RNASEQ_QC:FASTQC_RAW (E-ERAD-478.d38_female_unpaired_r4.ERR1328252.raw.R1)	COMPLETED	0	2026-09-29 10:19:17.023	1m 4s	55.2s	104.4%	1.3 GB	5 GB	517.6 MB	2.9 MB	${HF_WORK_ROOT}/5b/0a308078108ad2fa42bdf7b90999ad
454	30/ef5e50	24126	RNASEQ:RNASEQ_QC:FASTQC_TRIMMED (E-ERAD-478.d21_male_unpaired_r4.ERR1328262.trimmed.R1)	COMPLETED	0	2026-09-29 10:18:46.501	1m 40s	1m 12s	96.4%	1.3 GB	5 GB	579.1 MB	3.1 MB	${HF_WORK_ROOT}/30/ef5e50b10d634abb82ea5f72733d47
531	6f/9f0bfd	24131	RNASEQ:RNASEQ_QC:FASTQC_TRIMMED (E-ERAD-478.d38_female_paired_r2.ERR1328133.trimmed.R1)	COMPLETED	0	2026-09-29 10:19:26.361	60s	32.8s	105.5%	1.4 GB	4.9 GB	420.4 MB	3.2 MB	${HF_WORK_ROOT}/6f/9f0bfd5b084317bdde42002c06e0ea
394	0c/c40190	24134	RNASEQ:RNASEQ_QC:FASTQC_TRIMMED (E-ERAD-478.d28_male_paired_r4.ERR1328223.trimmed.R1)	COMPLETED	0	2026-09-29 10:20:11.529	1m 5s	1m 3s	95.3%	1.3 GB	4.9 GB	498.9 MB	3 MB	${HF_WORK_ROOT}/0c/c401901b43788123972966a0871384
457	60/1f283a	24133	RNASEQ:RNASEQ_QC:FASTQC_TRIMMED (E-ERAD-478.d35_female_paired_r1.ERR1328213.trimmed.R2)	COMPLETED	0	2026-09-29 10:19:56.541	1m 35s	1m 6s	93.9%	1.3 GB	4.9 GB	581.4 MB	3.2 MB	${HF_WORK_ROOT}/60/1f283aa265de38c9b98af48151d3c2
331	19/4c2a6e	24136	RNASEQ:RNASEQ_QC:FASTQC_RAW (E-ERAD-478.d38_male_paired_r3.ERR1328233.raw.R1)	COMPLETED	0	2026-09-29 10:20:26.496	1m 5s	40.7s	103.8%	1.3 GB	4.9 GB	545.6 MB	2.9 MB	${HF_WORK_ROOT}/19/4c2a6e73ce78edf7cc2aaaecab82d0
336	98/fbcfc8	24137	RNASEQ:RNASEQ_QC:FASTQC_RAW (E-ERAD-478.d38_male_paired_r3.ERR1328256.raw.R1)	COMPLETED	0	2026-09-29 10:20:26.575	1m 5s	39.6s	103.9%	1.3 GB	4.8 GB	536.5 MB	3 MB	${HF_WORK_ROOT}/98/fbcfc89d1523c0d9ed9d60bc1e5bae
75	b3/9aa54f	24123	RNASEQ:RNASEQ_QC:TRIM_GALORE (E-ERAD-478.d21_male_paired_r4.ERR1328241.trim_galore)	COMPLETED	0	2026-09-29 10:18:01.471	4m 15s	4m 7s	534.6%	317 MB	2.1 GB	25.9 GB	25.8 GB	${HF_WORK_ROOT}/b3/9aa54fa3b80478d8311b0a95d8c12b
280	54/3bc0a5	24138	RNASEQ:RNASEQ_QC:FASTQC_RAW (E-ERAD-478.d38_female_paired_r2.ERR1328133.raw.R1)	COMPLETED	0	2026-09-29 10:21:17.378	1m 4s	1m 3s	83.5%	1.3 GB	4.9 GB	432.8 MB	3 MB	${HF_WORK_ROOT}/54/3bc0a56c683980b4d7586e16862351
206	81/85380c	24140	RNASEQ:RNASEQ_QC:FASTQC_RAW (E-ERAD-478.d35_female_paired_r3.ERR1328226.raw.R1)	COMPLETED	0	2026-09-29 10:21:31.615	1m 5s	40.8s	97.8%	1.3 GB	4.8 GB	515.7 MB	3 MB	${HF_WORK_ROOT}/81/85380ce5f8b24d89d781a1d1df7630
201	5f/a7b9fc	24139	RNASEQ:RNASEQ_QC:FASTQC_RAW (E-ERAD-478.d35_female_paired_r2.ERR1328128.raw.R1)	COMPLETED	0	2026-09-29 10:21:31.552	1m 35s	1m 7s	86.2%	1.4 GB	5 GB	479.2 MB	3 MB	${HF_WORK_ROOT}/5f/a7b9fcad92d5bc3c45dc2927ffbd9d
538	9d/467b95	24142	RNASEQ:RNASEQ_QC:FASTQC_TRIMMED (E-ERAD-478.d21_male_unpaired_r2.ERR1328163.trimmed.R2)	COMPLETED	0	2026-09-29 10:22:16.505	1m 5s	49s	90.9%	1.4 GB	5 GB	360.9 MB	3.1 MB	${HF_WORK_ROOT}/9d/467b9587716133e8ee93b1b13809a8
227	bc/dda341	24143	RNASEQ:RNASEQ_QC:FASTQC_RAW (E-ERAD-478.d35_female_unpaired_r3.ERR1328247.raw.R1)	COMPLETED	0	2026-09-29 10:22:21.486	1m 5s	50.8s	104.6%	1.4 GB	5 GB	481.9 MB	2.9 MB	${HF_WORK_ROOT}/bc/dda341f193e80d00210942784c6276
144	11/927c53	24144	RNASEQ:RNASEQ_QC:FASTQC_RAW (E-ERAD-478.d28_female_unpaired_r2.ERR1328167.raw.R2)	COMPLETED	0	2026-09-29 10:22:36.529	1m 5s	51.3s	106.1%	1.3 GB	4.9 GB	467.5 MB	3 MB	${HF_WORK_ROOT}/11/927c53f16821c297793c815606f5ca
183	91/488320	24128	RNASEQ:RNASEQ_QC:TRIM_GALORE (E-ERAD-478.d28_male_unpaired_r3.ERR1328243.trim_galore)	COMPLETED	0	2026-09-29 10:18:56.528	5m 5s	4m 49s	618.3%	323.9 MB	2 GB	44 GB	43.9 GB	${HF_WORK_ROOT}/91/4883209d7bebb5689c9ef130c91324
307	80/1dba3b	24132	RNASEQ:RNASEQ_QC:TRIM_GALORE (E-ERAD-478.d38_female_unpaired_r4.ERR1328229.trim_galore)	COMPLETED	0	2026-09-29 10:19:51.512	4m 40s	4m 24s	488.7%	319.7 MB	2.1 GB	25.9 GB	25.8 GB	${HF_WORK_ROOT}/80/1dba3b680373609deea408fa35c972
50	c6/6c666e	24135	RNASEQ:RNASEQ_QC:TRIM_GALORE (E-ERAD-478.d21_female_unpaired_r5.ERR1328237.trim_galore)	COMPLETED	0	2026-09-29 10:20:21.402	4m 10s	4m 5s	480.3%	310.2 MB	2 GB	22.9 GB	22.8 GB	${HF_WORK_ROOT}/c6/6c666e2dd285bae9ed27acce4463dc
179	b9/bb3841	24147	RNASEQ:RNASEQ_QC:FASTQC_RAW (E-ERAD-478.d28_male_unpaired_r1.ERR1328183.raw.R2)	COMPLETED	0	2026-09-29 10:23:26.535	1m 5s	53.2s	104.8%	1.4 GB	4.9 GB	562 MB	3 MB	${HF_WORK_ROOT}/b9/bb3841589d6cb71756ccae696b7600
198	b3/9cbd9d	24141	RNASEQ:RNASEQ_QC:TRIM_GALORE (E-ERAD-478.d35_female_paired_r3.ERR1328226.trim_galore)	COMPLETED	0	2026-09-29 10:21:31.688	3m 15s	3m 2s	565.6%	338.1 MB	2.1 GB	25.8 GB	25.7 GB	${HF_WORK_ROOT}/b3/9cbd9d3196b32300a0b1f4c477c3f5
544	75/d75902	24145	RNASEQ:RNASEQ_QC:FASTQC_TRIMMED (E-ERAD-478.d28_female_paired_r4.ERR1328267.trimmed.R2)	COMPLETED	0	2026-09-29 10:23:06.487	1m 40s	1m 12s	92.2%	1.3 GB	4.9 GB	612.9 MB	3.1 MB	${HF_WORK_ROOT}/75/d7590223e69fbe442fd441dce95736
528	5b/5e9893	24146	RNASEQ:RNASEQ_QC:FASTQC_TRIMMED (E-ERAD-478.d35_female_unpaired_r3.ERR1328247.trimmed.R2)	COMPLETED	0	2026-09-29 10:23:21.485	1m 40s	1m 15s	83.1%	1.3 GB	4.8 GB	494.5 MB	3.1 MB	${HF_WORK_ROOT}/5b/5e9893aa213ad55bee1a349500a564
195	67/4ba64f	24152	RNASEQ:RNASEQ_QC:FASTQC_RAW (E-ERAD-478.d35_female_paired_r1.ERR1328189.raw.R1)	COMPLETED	0	2026-09-29 10:24:31.983	1m 4s	59.4s	103.3%	1.3 GB	4.9 GB	575.3 MB	3 MB	${HF_WORK_ROOT}/67/4ba64feb990f7dfeb05324c21c45d8
71	46/51f5de	24154	RNASEQ:RNASEQ_QC:FASTQC_RAW (E-ERAD-478.d21_male_paired_r2.ERR1328165.raw.R1)	COMPLETED	0	2026-09-29 10:24:46.635	1m 5s	23.4s	101.5%	1.3 GB	4.9 GB	227.7 MB	2.9 MB	${HF_WORK_ROOT}/46/51f5de94a3dcf24726c6a4030376e3
70	92/fccb09	24153	RNASEQ:RNASEQ_QC:FASTQC_RAW (E-ERAD-478.d21_male_paired_r2.ERR1328142.raw.R2)	COMPLETED	0	2026-09-29 10:24:46.470	1m 5s	23.4s	100.9%	1.3 GB	4.8 GB	235.7 MB	3 MB	${HF_WORK_ROOT}/92/fccb09728e6c01945f86f9875ea6b7
559	50/944493	24155	RNASEQ:RNASEQ_QC:FASTQC_TRIMMED (E-ERAD-478.d35_female_paired_r3.ERR1328226.trimmed.R1)	COMPLETED	0	2026-09-29 10:25:01.460	1m 5s	60s	96.5%	1.3 GB	4.9 GB	507.7 MB	3.1 MB	${HF_WORK_ROOT}/50/944493e8bf481c06229d0b42007add
130	63/a80fac	24148	RNASEQ:RNASEQ_QC:TRIM_GALORE (E-ERAD-478.d28_female_unpaired_r1.ERR1328206.trim_galore)	COMPLETED	0	2026-09-29 10:23:43.197	2m 38s	2m 9s	594.3%	305 MB	2 GB	18.1 GB	18 GB	${HF_WORK_ROOT}/63/a80fac892b66fbb72f03a0b9a96e97
222	4d/f29e0e	24156	RNASEQ:RNASEQ_QC:FASTQC_RAW (E-ERAD-478.d35_female_unpaired_r2.ERR1328171.raw.R2)	COMPLETED	0	2026-09-29 10:25:36.444	1m 5s	26.7s	92.4%	1.3 GB	4.9 GB	242.9 MB	3 MB	${HF_WORK_ROOT}/4d/f29e0e8c063ca01d61b6a2f6905e70
142	7d/abcc5d	24157	RNASEQ:RNASEQ_QC:FASTQC_RAW (E-ERAD-478.d28_female_unpaired_r2.ERR1328144.raw.R2)	COMPLETED	0	2026-09-29 10:25:51.812	1m 5s	46.3s	89.0%	1.4 GB	4.9 GB	467.4 MB	3 MB	${HF_WORK_ROOT}/7d/abcc5ddf15f3d5f7c0835370222385
150	49/18dffc	24158	RNASEQ:RNASEQ_QC:FASTQC_RAW (E-ERAD-478.d28_female_unpaired_r3.ERR1328265.raw.R1)	COMPLETED	0	2026-09-29 10:25:51.846	1m 5s	53.7s	105.4%	1.4 GB	4.9 GB	546.6 MB	2.9 MB	${HF_WORK_ROOT}/49/18dffcdb86104e02ea3015b030634c
281	67/935ea4	24149	RNASEQ:RNASEQ_QC:TRIM_GALORE (E-ERAD-478.d38_female_paired_r3.ERR1328232.trim_galore)	COMPLETED	0	2026-09-29 10:24:01.454	3m 5s	2m 37s	601.5%	316.2 MB	2.1 GB	23.5 GB	23.4 GB	${HF_WORK_ROOT}/67/935ea40b679bca30d507f1f780d792
41	a4/0a0464	24159	RNASEQ:RNASEQ_QC:FASTQC_RAW (E-ERAD-478.d21_female_unpaired_r2.ERR1328201.raw.R1)	COMPLETED	0	2026-09-29 10:26:06.436	1m 5s	32.6s	97.7%	1.4 GB	4.9 GB	362.7 MB	2.9 MB	${HF_WORK_ROOT}/a4/0a04648953a36ff955d9c14c7e5606
555	ca/a450a0	24160	RNASEQ:RNASEQ_QC:FASTQC_TRIMMED (E-ERAD-478.d38_female_unpaired_r4.ERR1328229.trimmed.R1)	COMPLETED	0	2026-09-29 10:26:21.455	1m 5s	43.8s	95.8%	1.3 GB	4.9 GB	516.3 MB	3.1 MB	${HF_WORK_ROOT}/ca/a450a063228662e7ade3978690a6b9
172	dc/1539aa	24150	RNASEQ:RNASEQ_QC:TRIM_GALORE (E-ERAD-478.d28_male_unpaired_r1.ERR1328183.trim_galore)	COMPLETED	0	2026-09-29 10:24:31.777	3m 10s	3m 6s	589.6%	316.9 MB	2.1 GB	26.6 GB	26.5 GB	${HF_WORK_ROOT}/dc/1539aa8eab30bf598e01bda7211e61
177	ae/971fe7	24151	RNASEQ:RNASEQ_QC:TRIM_GALORE (E-ERAD-478.d28_male_unpaired_r2.ERR1328168.trim_galore)	COMPLETED	0	2026-09-29 10:24:31.927	3m 9s	3m 7s	548.8%	318.1 MB	2.1 GB	21.3 GB	21.2 GB	${HF_WORK_ROOT}/ae/971fe7e3870b224f15745e36ee3337
286	51/abd0ae	24161	RNASEQ:RNASEQ_QC:FASTQC_RAW (E-ERAD-478.d38_female_paired_r3.ERR1328232.raw.R1)	COMPLETED	0	2026-09-29 10:26:41.479	1m 5s	58.1s	99.8%	1.3 GB	4.9 GB	470.9 MB	3 MB	${HF_WORK_ROOT}/51/abd0ae1ded51b3bcc9cfb33cb084ba
248	61/37619a	24162	RNASEQ:RNASEQ_QC:FASTQC_RAW (E-ERAD-478.d35_male_paired_r3.ERR1328250.raw.R2)	COMPLETED	0	2026-09-29 10:26:56.504	1m 5s	58.1s	92.2%	1.3 GB	4.9 GB	482.8 MB	3 MB	${HF_WORK_ROOT}/61/37619a1efe7bb27b341fd697c67600
533	2c/220e0b	24164	RNASEQ:RNASEQ_QC:FASTQC_TRIMMED (E-ERAD-478.d38_male_unpaired_r3.ERR1328154.trimmed.R1)	COMPLETED	0	2026-09-29 10:27:06.462	1m 5s	48.1s	91.7%	1.3 GB	4.8 GB	344.8 MB	3.1 MB	${HF_WORK_ROOT}/2c/220e0b58c46e08f45e0040c0dfa45a
236	26/b786d9	24165	RNASEQ:RNASEQ_QC:FASTQC_RAW (E-ERAD-478.d35_male_paired_r1.ERR1328214.raw.R1)	COMPLETED	0	2026-09-29 10:27:11.552	1m 5s	56.2s	103.1%	1.4 GB	5 GB	538.4 MB	3 MB	${HF_WORK_ROOT}/26/b786d9ea91f50e375911151325c07c
154	ca/3ce8ec	24166	RNASEQ:RNASEQ_QC:FASTQC_RAW (E-ERAD-478.d28_male_paired_r1.ERR1328185.raw.R2)	COMPLETED	0	2026-09-29 10:27:26.734	1m 5s	47.6s	93.8%	1.3 GB	4.8 GB	607.2 MB	3 MB	${HF_WORK_ROOT}/ca/3ce8ec7e3c4d4b088cf4d1ca17c1d1
116	ca/734c8f	24168	RNASEQ:RNASEQ_QC:FASTQC_RAW (E-ERAD-478.d28_female_paired_r1.ERR1328208.raw.R2)	COMPLETED	0	2026-09-29 10:27:41.637	1m 5s	53.1s	105.2%	1.3 GB	4.8 GB	532.9 MB	3 MB	${HF_WORK_ROOT}/ca/734c8f625c5b3a5d7a87f5baf4d98b
396	b2/5cf2b1	24169	RNASEQ:RNASEQ_QC:FASTQC_TRIMMED (E-ERAD-478.d28_female_paired_r1.ERR1328208.trimmed.R1)	COMPLETED	0	2026-09-29 10:27:46.485	1m 5s	59s	97.4%	1.4 GB	4.9 GB	490.4 MB	3.1 MB	${HF_WORK_ROOT}/b2/5cf2b14bcdb8e88edbf40c01eae00c
387	5e/b01087	24170	RNASEQ:RNASEQ_QC:FASTQC_TRIMMED (E-ERAD-478.d35_male_unpaired_r4.ERR1328225.trimmed.R2)	COMPLETED	0	2026-09-29 10:28:01.464	1m 5s	58s	100.0%	1.3 GB	4.8 GB	537.3 MB	3.1 MB	${HF_WORK_ROOT}/5e/b0108703f5ebd35dc246aa183c3ba7
108	3c/1a7501	24167	RNASEQ:RNASEQ_QC:FASTQC_RAW (E-ERAD-478.d21_male_unpaired_r4.ERR1328262.raw.R1)	COMPLETED	0	2026-09-29 10:27:41.542	1m 35s	1m 10s	98.3%	1.3 GB	4.9 GB	586.9 MB	3 MB	${HF_WORK_ROOT}/3c/1a7501797f3c3df184d687aedbfa62
566	b4/62797b	24171	RNASEQ:RNASEQ_QC:FASTQC_TRIMMED (E-ERAD-478.d28_male_unpaired_r1.ERR1328183.trimmed.R2)	COMPLETED	0	2026-09-29 10:28:11.438	1m 10s	58.3s	100.0%	1.4 GB	4.9 GB	552.5 MB	3.1 MB	${HF_WORK_ROOT}/b4/62797b0e176ed8525d1faddec21c9e
347	96/a0d89d	24173	RNASEQ:RNASEQ_QC:FASTQC_RAW (E-ERAD-478.d38_male_unpaired_r2.ERR1328193.raw.R2)	COMPLETED	0	2026-09-29 10:28:31.423	1m 5s	57s	103.5%	1.3 GB	4.9 GB	530.6 MB	3 MB	${HF_WORK_ROOT}/96/a0d89dcbbe90f6ae54e89c6d9b3389
349	38/87db4f	24174	RNASEQ:RNASEQ_QC:FASTQC_RAW (E-ERAD-478.d38_male_unpaired_r2.ERR1328217.raw.R1)	COMPLETED	0	2026-09-29 10:28:46.494	1m 5s	49s	106.7%	1.4 GB	4.9 GB	486 MB	3 MB	${HF_WORK_ROOT}/38/87db4f570617bfcf689375735b1096
487	df/b7b243	24175	RNASEQ:RNASEQ_QC:FASTQC_TRIMMED (E-ERAD-478.d21_female_unpaired_r1.ERR1328200.trimmed.R1)	COMPLETED	0	2026-09-29 10:28:51.442	1m 5s	46.2s	101.3%	1.3 GB	4.8 GB	400.2 MB	3.1 MB	${HF_WORK_ROOT}/df/b7b2437bc380ed9549c9bbbe52919c
488	72/e64bbd	24176	RNASEQ:RNASEQ_QC:FASTQC_TRIMMED (E-ERAD-478.d21_female_unpaired_r1.ERR1328200.trimmed.R2)	COMPLETED	0	2026-09-29 10:29:06.462	1m 5s	51.2s	95.5%	1.4 GB	4.9 GB	420.8 MB	3.1 MB	${HF_WORK_ROOT}/72/e64bbd4621ba67161d240426b6cbde
353	2a/ab7a96	24177	RNASEQ:RNASEQ_QC:FASTQC_RAW (E-ERAD-478.d38_male_unpaired_r3.ERR1328131.raw.R1)	COMPLETED	0	2026-09-29 10:29:16.476	1m 5s	42.5s	100.5%	1.3 GB	4.9 GB	353.5 MB	2.9 MB	${HF_WORK_ROOT}/2a/ab7a96230433e61d288cb1db9aa46c
237	27/8637e8	24163	RNASEQ:RNASEQ_QC:TRIM_GALORE (E-ERAD-478.d35_male_paired_r3.ERR1328227.trim_galore)	COMPLETED	0	2026-09-29 10:26:56.548	3m 35s	3m 22s	574.7%	314.6 MB	2.1 GB	23.2 GB	23.1 GB	${HF_WORK_ROOT}/27/8637e83e9a3b7147c0a13b5a98e804
504	22/ec0254	24179	RNASEQ:RNASEQ_QC:FASTQC_TRIMMED (E-ERAD-478.d35_female_paired_r2.ERR1328128.trimmed.R2)	COMPLETED	0	2026-09-29 10:29:36.461	1m 5s	1m 4s	93.0%	1.3 GB	4.9 GB	498 MB	3.2 MB	${HF_WORK_ROOT}/22/ec0254f2cab0af4ed922b35c85de1e
492	f1/2b714c	24178	RNASEQ:RNASEQ_QC:FASTQC_TRIMMED (E-ERAD-478.d38_male_unpaired_r2.ERR1328193.trimmed.R2)	COMPLETED	0	2026-09-29 10:29:21.448	1m 35s	1m 6s	90.2%	1.4 GB	5 GB	521.5 MB	3.1 MB	${HF_WORK_ROOT}/f1/2b714cffd9140d6b9b7c6c7a8c320c
510	f9/7cf340	24180	RNASEQ:RNASEQ_QC:FASTQC_TRIMMED (E-ERAD-478.d38_female_paired_r1.ERR1328194.trimmed.R2)	COMPLETED	0	2026-09-29 10:29:51.465	1m 5s	1m 2s	91.4%	1.3 GB	4.9 GB	528.1 MB	3.2 MB	${HF_WORK_ROOT}/f9/7cf340bec2e0ef0e7084545eeef72a
39	5a/3fa315	24181	RNASEQ:RNASEQ_QC:FASTQC_RAW (E-ERAD-478.d21_female_unpaired_r2.ERR1328177.raw.R2)	COMPLETED	0	2026-09-29 10:29:56.459	1m 5s	42s	105.3%	1.3 GB	4.8 GB	389.3 MB	3 MB	${HF_WORK_ROOT}/5a/3fa315b4652f52a1c1ee9ca3d3a953
364	57/4d137b	24172	RNASEQ:RNASEQ_QC:TRIM_GALORE (E-ERAD-478.d38_male_unpaired_r6.ERR1328231.trim_galore)	COMPLETED	0	2026-09-29 10:28:16.457	3m 5s	2m 33s	636.0%	307.9 MB	2.1 GB	24.3 GB	24.2 GB	${HF_WORK_ROOT}/57/4d137b7d0b15f56f43e16b8ff63c32
529	95/967b10	24183	RNASEQ:RNASEQ_QC:FASTQC_TRIMMED (E-ERAD-478.d35_female_unpaired_r3.ERR1328224.trimmed.R1)	COMPLETED	0	2026-09-29 10:30:21.488	1m 5s	54.9s	101.5%	1.3 GB	5 GB	482.5 MB	3.1 MB	${HF_WORK_ROOT}/95/967b102f24b078433f0427151e21e3
448	12/e27b3b	24184	RNASEQ:RNASEQ_QC:FASTQC_TRIMMED (E-ERAD-478.d21_female_paired_r2.ERR1328180.trimmed.R1)	COMPLETED	0	2026-09-29 10:30:31.457	1m 5s	56s	103.8%	1.3 GB	4.9 GB	552.6 MB	3.1 MB	${HF_WORK_ROOT}/12/e27b3bca4b63c4a00f75b2c0bc3a91
246	50/26f0be	24185	RNASEQ:RNASEQ_QC:FASTQC_RAW (E-ERAD-478.d35_male_paired_r3.ERR1328227.raw.R2)	COMPLETED	0	2026-09-29 10:30:41.457	1m 5s	51s	105.7%	1.3 GB	4.9 GB	490.7 MB	3 MB	${HF_WORK_ROOT}/50/26f0be3a944a90039d3fc43c261c57
132	69/60ea81	24182	RNASEQ:RNASEQ_QC:FASTQC_RAW (E-ERAD-478.d28_female_paired_r4.ERR1328267.raw.R1)	COMPLETED	0	2026-09-29 10:30:11.456	1m 40s	1m 7s	96.7%	1.3 GB	5 GB	593 MB	3 MB	${HF_WORK_ROOT}/69/60ea81f64d8e48376479ac3bee7427
323	c8/03a750	24186	RNASEQ:RNASEQ_QC:FASTQC_RAW (E-ERAD-478.d38_male_paired_r1.ERR1328219.raw.R2)	COMPLETED	0	2026-09-29 10:30:56.468	1m 5s	58s	103.8%	1.4 GB	4.9 GB	571.1 MB	3 MB	${HF_WORK_ROOT}/c8/03a7506163c76156e8374c2c1c4784
334	2e/79a4b5	24187	RNASEQ:RNASEQ_QC:FASTQC_TRIMMED (E-ERAD-478.d21_female_paired_r4.ERR1328240.trimmed.R1)	COMPLETED	0	2026-09-29 10:30:56.546	1m 5s	58s	102.3%	1.4 GB	4.9 GB	518.7 MB	3.1 MB	${HF_WORK_ROOT}/2e/79a4b5071320403741b1a51dbc52e8
482	ab/8fa026	24188	RNASEQ:RNASEQ_QC:FASTQC_TRIMMED (E-ERAD-478.d21_female_unpaired_r3.ERR1328161.trimmed.R1)	COMPLETED	0	2026-09-29 10:31:01.450	1m 5s	55s	103.6%	1.3 GB	4.9 GB	466.5 MB	3.1 MB	${HF_WORK_ROOT}/ab/8fa02628266b901af0eb774f6c5247
31	c3/cf7f25	24189	RNASEQ:RNASEQ_QC:FASTQC_RAW (E-ERAD-478.d21_female_unpaired_r1.ERR1328176.raw.R1)	COMPLETED	0	2026-09-29 10:31:21.455	1m 5s	43.5s	105.0%	1.4 GB	4.9 GB	419.2 MB	3 MB	${HF_WORK_ROOT}/c3/cf7f25ba05ba77990f39702baf6e66
546	ac/e84d0d	24192	RNASEQ:RNASEQ_QC:FASTQC_TRIMMED (E-ERAD-478.d21_male_paired_r4.ERR1328264.trimmed.R2)	COMPLETED	0	2026-09-29 10:31:46.467	1m 5s	1m 2s	99.4%	1.3 GB	4.9 GB	535.8 MB	3.1 MB	${HF_WORK_ROOT}/ac/e84d0d328d8c0da06d869326cd0bf4
277	b2/13b896	24193	RNASEQ:RNASEQ_QC:FASTQC_RAW (E-ERAD-478.d38_female_paired_r1.ERR1328218.raw.R1)	COMPLETED	0	2026-09-29 10:31:51.469	1m 5s	34.7s	105.6%	1.3 GB	4.9 GB	485.7 MB	3 MB	${HF_WORK_ROOT}/b2/13b896c2d44aabdb4980bc23709929
420	8f/266c9f	24190	RNASEQ:RNASEQ_QC:FASTQC_TRIMMED (E-ERAD-478.d28_female_paired_r3.ERR1328222.trimmed.R1)	COMPLETED	0	2026-09-29 10:31:26.468	1m 35s	1m 5s	98.4%	1.3 GB	5 GB	569.8 MB	3.1 MB	${HF_WORK_ROOT}/8f/266c9fe017adb6cdaee98221934579
561	1a/c15249	24194	RNASEQ:RNASEQ_QC:FASTQC_TRIMMED (E-ERAD-478.d28_female_unpaired_r1.ERR1328206.trimmed.R1)	COMPLETED	0	2026-09-29 10:32:01.487	1m 5s	46.9s	93.9%	1.3 GB	4.9 GB	369.3 MB	3.1 MB	${HF_WORK_ROOT}/1a/c15249266737f884c412283ddd553c
563	80/9f48df	24195	RNASEQ:RNASEQ_QC:FASTQC_TRIMMED (E-ERAD-478.d38_female_paired_r3.ERR1328232.trimmed.R1)	COMPLETED	0	2026-09-29 10:32:01.550	1m 5s	54s	95.4%	1.4 GB	4.9 GB	462.7 MB	3.2 MB	${HF_WORK_ROOT}/80/9f48df501476130852a682ea0145f1
378	1d/69eeed	24196	RNASEQ:RNASEQ_QC:FASTQC_TRIMMED (E-ERAD-478.d35_female_unpaired_r2.ERR1328148.trimmed.R1)	COMPLETED	0	2026-09-29 10:32:06.441	1m 5s	35.1s	90.5%	1.3 GB	4.8 GB	226.9 MB	3.1 MB	${HF_WORK_ROOT}/1d/69eeed5d2794d47964604943a94eba
542	d8/705798	24197	RNASEQ:RNASEQ_QC:FASTQC_TRIMMED (E-ERAD-478.d35_male_paired_r2.ERR1328152.trimmed.R2)	COMPLETED	0	2026-09-29 10:32:26.548	1m 5s	1m 1s	97.5%	1.3 GB	4.9 GB	501.2 MB	3.1 MB	${HF_WORK_ROOT}/d8/70579882c0ed36c06e0b921001793f
522	82/425f47	24198	RNASEQ:RNASEQ_QC:FASTQC_TRIMMED (E-ERAD-478.d21_male_unpaired_r2.ERR1328140.trimmed.R2)	COMPLETED	0	2026-09-29 10:32:51.474	1m 5s	39s	109.5%	1.4 GB	4.9 GB	361.2 MB	3.1 MB	${HF_WORK_ROOT}/82/425f479512a79d85f733f93969fbd4
552	d8/41e21f	24201	RNASEQ:RNASEQ_QC:FASTQC_TRIMMED (E-ERAD-478.d21_male_paired_r4.ERR1328241.trimmed.R2)	COMPLETED	0	2026-09-29 10:33:06.554	1m 5s	1m 4s	97.1%	1.3 GB	4.9 GB	544.3 MB	3.1 MB	${HF_WORK_ROOT}/d8/41e21feec7cf50b5e55191175c7da9
554	b0/f4b61a	24202	RNASEQ:RNASEQ_QC:FASTQC_TRIMMED (E-ERAD-478.d28_male_unpaired_r3.ERR1328243.trimmed.R2)	COMPLETED	0	2026-09-29 10:33:06.652	1m 5s	59.6s	103.7%	1.3 GB	4.8 GB	892 MB	3.1 MB	${HF_WORK_ROOT}/b0/f4b61afe580d87da29470ce56ebabc
344	15/3211bc	24203	RNASEQ:RNASEQ_QC:FASTQC_RAW (E-ERAD-478.d38_male_unpaired_r1.ERR1328216.raw.R2)	COMPLETED	0	2026-09-29 10:33:11.569	1m 5s	32.6s	106.6%	1.4 GB	5 GB	450.7 MB	3 MB	${HF_WORK_ROOT}/15/3211bc82e69fdd0041b44b25303e0a
455	52/b49af3	24200	RNASEQ:RNASEQ_QC:FASTQC_TRIMMED (E-ERAD-478.d21_male_unpaired_r4.ERR1328262.trimmed.R2)	COMPLETED	0	2026-09-29 10:33:01.449	1m 35s	1m 6s	98.9%	1.3 GB	4.9 GB	601.3 MB	3.1 MB	${HF_WORK_ROOT}/52/b49af3111b39585a8e85138f138d9c
548	dc/4570c1	24204	RNASEQ:RNASEQ_QC:FASTQC_TRIMMED (E-ERAD-478.d38_female_unpaired_r2.ERR1328153.trimmed.R2)	COMPLETED	0	2026-09-29 10:33:31.455	1m 40s	1m 9s	94.5%	1.4 GB	5 GB	576.3 MB	3.1 MB	${HF_WORK_ROOT}/dc/4570c16826c94f425850dc72cdd516
153	fc/9d3b8a	24206	RNASEQ:RNASEQ_QC:FASTQC_RAW (E-ERAD-478.d28_male_paired_r1.ERR1328185.raw.R1)	COMPLETED	0	2026-09-29 10:34:11.484	1m 5s	59.4s	101.9%	1.3 GB	4.9 GB	582.9 MB	2.9 MB	${HF_WORK_ROOT}/fc/9d3b8ad53037a662e9ccdc451a3d94
462	3f/919ae0	24208	RNASEQ:RNASEQ_QC:FASTQC_TRIMMED (E-ERAD-478.d35_male_unpaired_r1.ERR1328212.trimmed.R1)	COMPLETED	0	2026-09-29 10:34:16.572	1m	39.6s	105.6%	1.3 GB	4.9 GB	553.6 MB	3.1 MB	${HF_WORK_ROOT}/3f/919ae0d9dee030ecef35f2f712bb58
550	33/acf800	24205	RNASEQ:RNASEQ_QC:FASTQC_TRIMMED (E-ERAD-478.d38_female_unpaired_r2.ERR1328130.trimmed.R2)	COMPLETED	0	2026-09-29 10:33:56.459	1m 35s	1m 8s	105.7%	1.3 GB	4.8 GB	576.9 MB	3.1 MB	${HF_WORK_ROOT}/33/acf80029d0c71fb72c1b8717ae73cb
157	e9/cfff0b	24207	RNASEQ:RNASEQ_QC:FASTQC_RAW (E-ERAD-478.d28_male_paired_r1.ERR1328209.raw.R1)	COMPLETED	0	2026-09-29 10:34:11.551	1m 40s	1m 5s	91.6%	1.3 GB	4.9 GB	564 MB	2.9 MB	${HF_WORK_ROOT}/e9/cfff0ba08032f870b22fbdf018da31
155	16/1ba7f5	24191	RNASEQ:RNASEQ_QC:TRIM_GALORE (E-ERAD-478.d28_male_paired_r2.ERR1328210.trim_galore)	COMPLETED	0	2026-09-29 10:31:36.466	4m 35s	4m 12s	563.7%	318.1 MB	2.1 GB	28.3 GB	28.2 GB	${HF_WORK_ROOT}/16/1ba7f59a69378a3c6e8fd68a18c7cc
176	b7/7714b1	24210	RNASEQ:RNASEQ_QC:FASTQC_RAW (E-ERAD-478.d28_male_paired_r4.ERR1328246.raw.R2)	COMPLETED	0	2026-09-29 10:35:11.548	1m 5s	54s	107.0%	1.3 GB	4.9 GB	526.8 MB	3 MB	${HF_WORK_ROOT}/b7/7714b15681e3dee654fd14e165512c
473	77/149eb9	24211	RNASEQ:RNASEQ_QC:FASTQC_TRIMMED (E-ERAD-478.d38_female_paired_r2.ERR1328156.trimmed.R2)	COMPLETED	0	2026-09-29 10:35:16.885	1m 5s	55.2s	91.0%	1.4 GB	4.9 GB	450.8 MB	3.1 MB	${HF_WORK_ROOT}/77/149eb993dce1887bab7ebc78609d5d
474	f8/fb2720	24212	RNASEQ:RNASEQ_QC:FASTQC_TRIMMED (E-ERAD-478.d28_female_paired_r3.ERR1328245.trimmed.R1)	COMPLETED	0	2026-09-29 10:35:16.959	1m 4s	56s	105.8%	1.4 GB	4.9 GB	560.6 MB	3.1 MB	${HF_WORK_ROOT}/f8/fb2720d76b2114cb8827154d865673
536	cf/f7588e	24213	RNASEQ:RNASEQ_QC:FASTQC_TRIMMED (E-ERAD-478.d38_female_paired_r1.ERR1328218.trimmed.R2)	COMPLETED	0	2026-09-29 10:35:31.495	1m 5s	53.8s	97.8%	1.3 GB	4.8 GB	512.4 MB	3.1 MB	${HF_WORK_ROOT}/cf/f7588e9ced71d2cb23f51e7c66719e
468	9f/eefe7a	24214	RNASEQ:RNASEQ_QC:FASTQC_TRIMMED (E-ERAD-478.d28_male_paired_r3.ERR1328147.trimmed.R1)	COMPLETED	0	2026-09-29 10:35:51.543	1m 5s	54.3s	97.1%	1.3 GB	4.8 GB	437.4 MB	3.1 MB	${HF_WORK_ROOT}/9f/eefe7a10968998414a640d57c41c5c
146	e3/ae2832	24199	RNASEQ:RNASEQ_QC:TRIM_GALORE (E-ERAD-478.d28_male_paired_r1.ERR1328185.trim_galore)	COMPLETED	0	2026-09-29 10:32:56.445	4m 25s	4m 13s	574.3%	313.9 MB	2.1 GB	28.9 GB	28.8 GB	${HF_WORK_ROOT}/e3/ae2832d3f286004841f7967c4b587e
240	d2/13650b	24209	RNASEQ:RNASEQ_QC:TRIM_GALORE (E-ERAD-478.d35_male_paired_r3.ERR1328250.trim_galore)	COMPLETED	0	2026-09-29 10:34:36.555	2m 45s	2m 30s	626.0%	323.4 MB	2.1 GB	22.9 GB	22.8 GB	${HF_WORK_ROOT}/d2/13650b2e8484534b22a1cedf510ff4
451	81/f16916	24219	RNASEQ:RNASEQ_QC:FASTQC_TRIMMED (E-ERAD-478.d28_male_paired_r4.ERR1328246.trimmed.R2)	COMPLETED	0	2026-09-29 10:36:36.521	1m 5s	1m 1s	89.3%	1.4 GB	4.9 GB	517.9 MB	3.1 MB	${HF_WORK_ROOT}/81/f16916f0f687893dac6a2e260e02e5
515	93/a16db3	24216	RNASEQ:RNASEQ_QC:FASTQC_TRIMMED (E-ERAD-478.d28_female_unpaired_r3.ERR1328242.trimmed.R1)	COMPLETED	0	2026-09-29 10:36:16.540	1m 40s	1m 11s	84.6%	1.4 GB	4.9 GB	545.8 MB	3.1 MB	${HF_WORK_ROOT}/93/a16db360603e8ed2f369f448caa649
369	57/1f36ba	24220	RNASEQ:RNASEQ_QC:FASTQC_RAW (E-ERAD-478.d38_male_unpaired_r5.ERR1328253.raw.R2)	COMPLETED	0	2026-09-29 10:36:56.598	1m 5s	55.5s	106.1%	1.3 GB	4.9 GB	559.5 MB	3 MB	${HF_WORK_ROOT}/57/1f36ba5aaa9856c6ba0cb64a74a1a5
478	44/a120de	24222	RNASEQ:RNASEQ_QC:FASTQC_TRIMMED (E-ERAD-478.d21_male_paired_r1.ERR1328205.trimmed.R1)	COMPLETED	0	2026-09-29 10:37:21.674	1m 5s	56s	101.2%	1.3 GB	4.8 GB	482.2 MB	3.1 MB	${HF_WORK_ROOT}/44/a120de67536b4384a199a364b98e8d
475	f5/9999df	24221	RNASEQ:RNASEQ_QC:FASTQC_TRIMMED (E-ERAD-478.d28_female_paired_r3.ERR1328245.trimmed.R2)	COMPLETED	0	2026-09-29 10:37:21.590	1m 5s	1m	105.9%	1.3 GB	4.9 GB	591.7 MB	3.1 MB	${HF_WORK_ROOT}/f5/9999df23ca43254937f89a38096dbf
392	c8/1646b4	24223	RNASEQ:RNASEQ_QC:FASTQC_TRIMMED (E-ERAD-478.d28_male_paired_r3.ERR1328170.trimmed.R1)	COMPLETED	0	2026-09-29 10:37:41.550	1m 5s	52s	97.5%	1.4 GB	4.9 GB	436.7 MB	3.1 MB	${HF_WORK_ROOT}/c8/1646b42050952ba8d30e1a6b78cc5b
148	9c/a068b8	24225	RNASEQ:RNASEQ_QC:FASTQC_RAW (E-ERAD-478.d28_female_unpaired_r3.ERR1328242.raw.R2)	COMPLETED	0	2026-09-29 10:38:01.511	1m 5s	59s	99.8%	1.4 GB	5 GB	571.5 MB	3 MB	${HF_WORK_ROOT}/9c/a068b89a784e2bee5a96805b61fdb8
229	97/8c1972	24217	RNASEQ:RNASEQ_QC:TRIM_GALORE (E-ERAD-478.d35_male_paired_r1.ERR1328214.trim_galore)	COMPLETED	0	2026-09-29 10:36:21.565	3m 10s	3m 1s	600.6%	311.3 MB	2 GB	26.7 GB	26.6 GB	${HF_WORK_ROOT}/97/8c19721970127e2212bade9e2ceb10
513	44/6249f2	24224	RNASEQ:RNASEQ_QC:FASTQC_TRIMMED (E-ERAD-478.d38_male_paired_r2.ERR1328157.trimmed.R1)	COMPLETED	0	2026-09-29 10:37:56.515	1m 35s	1m 14s	96.5%	1.3 GB	4.8 GB	605.8 MB	3.1 MB	${HF_WORK_ROOT}/44/6249f2aac63ef670c71dcbcbb75583
430	a9/0cfcb3	24227	RNASEQ:RNASEQ_QC:FASTQC_TRIMMED (E-ERAD-478.d38_female_unpaired_r4.ERR1328252.trimmed.R1)	COMPLETED	0	2026-09-29 10:38:26.618	1m 5s	1m 1s	96.4%	1.3 GB	4.9 GB	508.9 MB	3.1 MB	${HF_WORK_ROOT}/a9/0cfcb39f988fa76a8413f6a6f29b7c
429	86/266275	24226	RNASEQ:RNASEQ_QC:FASTQC_TRIMMED (E-ERAD-478.d21_male_unpaired_r3.ERR1328238.trimmed.R2)	COMPLETED	0	2026-09-29 10:38:26.568	1m 5s	1m 1s	92.5%	1.3 GB	4.9 GB	498.4 MB	3.1 MB	${HF_WORK_ROOT}/86/26627538a05c04e876f6409bb82185
224	b9/506bfc	24218	RNASEQ:RNASEQ_QC:TRIM_GALORE (E-ERAD-478.d35_male_paired_r1.ERR1328190.trim_galore)	COMPLETED	0	2026-09-29 10:36:21.652	3m 45s	3m 10s	586.1%	317.9 MB	2.1 GB	27.5 GB	27.4 GB	${HF_WORK_ROOT}/b9/506bfcf02ef2d6034beb8733b746b3
234	60/53a5bd	24229	RNASEQ:RNASEQ_QC:FASTQC_TRIMMED (E-ERAD-478.d21_female_paired_r1.ERR1328203.trimmed.R1)	COMPLETED	0	2026-09-29 10:39:06.530	1m 5s	56s	93.2%	1.4 GB	5 GB	449 MB	3.1 MB	${HF_WORK_ROOT}/60/53a5bd3051a52c3b1517d15495b8fe
367	eb/3918df	24215	RNASEQ:RNASEQ_QC:TRIM_GALORE (E-ERAD-478.d38_male_unpaired_r6.ERR1328254.trim_galore)	COMPLETED	0	2026-09-29 10:36:11.557	4m 10s	3m 47s	518.9%	312.9 MB	2.1 GB	24 GB	23.9 GB	${HF_WORK_ROOT}/eb/3918dff479967140f4dd6f702b39ce
342	4e/49dace	24228	RNASEQ:RNASEQ_QC:FASTQC_TRIMMED (E-ERAD-478.d21_male_paired_r3.ERR1328143.trimmed.R1)	COMPLETED	0	2026-09-29 10:38:46.508	1m 35s	1m 11s	86.1%	1.3 GB	4.8 GB	538.6 MB	3.1 MB	${HF_WORK_ROOT}/4e/49dace6269ade62c3b17593dfa0798
486	b6/c8b260	24232	RNASEQ:RNASEQ_QC:FASTQC_TRIMMED (E-ERAD-478.d35_male_unpaired_r2.ERR1328149.trimmed.R2)	COMPLETED	0	2026-09-29 10:39:32.075	1m 4s	48.2s	95.9%	1.3 GB	4.9 GB	374.5 MB	3.1 MB	${HF_WORK_ROOT}/b6/c8b2609bfb79b31588f69e3651a18a
485	80/969375	24233	RNASEQ:RNASEQ_QC:FASTQC_TRIMMED (E-ERAD-478.d35_male_unpaired_r2.ERR1328149.trimmed.R1)	COMPLETED	0	2026-09-29 10:39:32.123	1m 4s	50.1s	95.9%	1.3 GB	4.8 GB	364 MB	3.1 MB	${HF_WORK_ROOT}/80/969375e7ba7b651e9986f918b0509d
484	02/448194	24231	RNASEQ:RNASEQ_ALIGNMENT_QUANTIFICATION:IMPORT:TX2GENE_BUILD (rnaseq.import.tx2gene)	COMPLETED	0	2026-09-29 10:39:32.043	1m 4s	38.1s	52.4%	756.4 MB	1.2 GB	254.4 MB	261 KB	${HF_WORK_ROOT}/02/448194e123f414c415848394d189e4
483	bb/184c70	24230	RNASEQ:RNASEQ_QC:FASTQC_TRIMMED (E-ERAD-478.d21_female_unpaired_r3.ERR1328161.trimmed.R2)	COMPLETED	0	2026-09-29 10:39:31.928	1m 35s	1m 1s	95.3%	1.4 GB	4.9 GB	478.4 MB	3.1 MB	${HF_WORK_ROOT}/bb/184c70f163366cfc110cba083aa81c
567	bd/2f5d64	24234	RNASEQ:RNASEQ_QC:FASTQC_TRIMMED (E-ERAD-478.d28_male_unpaired_r2.ERR1328168.trimmed.R1)	COMPLETED	0	2026-09-29 10:40:06.545	1m 5s	48.1s	107.2%	1.4 GB	4.9 GB	403.2 MB	3.1 MB	${HF_WORK_ROOT}/bd/2f5d64d56055d1d8bae727ed52d5bc
416	75/7d74ce	24235	RNASEQ:RNASEQ_QC:FASTQC_TRIMMED (E-ERAD-478.d38_female_paired_r3.ERR1328255.trimmed.R1)	COMPLETED	0	2026-09-29 10:40:11.495	1m 5s	48s	103.5%	1.4 GB	5 GB	455.3 MB	3.1 MB	${HF_WORK_ROOT}/75/7d74ce0e7867ab898d653c73fbe306
412	dc/e1209a	24237	RNASEQ:RNASEQ_QC:FASTQC_TRIMMED (E-ERAD-478.d28_female_paired_r1.ERR1328184.trimmed.R1)	COMPLETED	0	2026-09-29 10:40:21.615	1m 5s	54.4s	104.5%	1.4 GB	5 GB	506.5 MB	3.1 MB	${HF_WORK_ROOT}/dc/e1209a3da635d060ad6da67080f8df
397	c4/9e8ab9	24236	RNASEQ:RNASEQ_QC:FASTQC_TRIMMED (E-ERAD-478.d28_female_paired_r1.ERR1328208.trimmed.R2)	COMPLETED	0	2026-09-29 10:40:21.559	1m 5s	56.2s	103.6%	1.3 GB	4.9 GB	522.5 MB	3.1 MB	${HF_WORK_ROOT}/c4/9e8ab961f7075cf661b474edd69a08
551	2a/f8a07b	24239	RNASEQ:RNASEQ_QC:FASTQC_TRIMMED (E-ERAD-478.d21_male_paired_r4.ERR1328241.trimmed.R1)	COMPLETED	0	2026-09-29 10:40:36.616	1m 5s	57.1s	104.1%	1.3 GB	4.9 GB	519.8 MB	3.1 MB	${HF_WORK_ROOT}/2a/f8a07b2c11e88906a19ecb4cb43b7b
549	00/c5a444	24238	RNASEQ:RNASEQ_QC:FASTQC_TRIMMED (E-ERAD-478.d38_female_unpaired_r2.ERR1328130.trimmed.R1)	COMPLETED	0	2026-09-29 10:40:36.576	1m 5s	1m 3s	106.2%	1.3 GB	4.8 GB	559.1 MB	3.1 MB	${HF_WORK_ROOT}/00/c5a444e6954430003753cd6c12da4a
553	c2/7968bc	24240	RNASEQ:RNASEQ_QC:FASTQC_TRIMMED (E-ERAD-478.d28_male_unpaired_r3.ERR1328243.trimmed.R1)	COMPLETED	0	2026-09-29 10:40:36.695	1m 40s	1m 35s	99.1%	1.4 GB	4.9 GB	864.9 MB	3.1 MB	${HF_WORK_ROOT}/c2/7968bc1add28eb2967c6afa245bb2f
545	ba/5865b1	24243	RNASEQ:RNASEQ_QC:FASTQC_TRIMMED (E-ERAD-478.d21_male_paired_r4.ERR1328264.trimmed.R1)	COMPLETED	0	2026-09-29 10:41:16.534	1m 5s	57s	101.8%	1.3 GB	4.9 GB	511.1 MB	3.1 MB	${HF_WORK_ROOT}/ba/5865b137578cb8f8103c8313118bef
556	2f/7c63af	24245	RNASEQ:RNASEQ_QC:FASTQC_TRIMMED (E-ERAD-478.d38_female_unpaired_r4.ERR1328229.trimmed.R2)	COMPLETED	0	2026-09-29 10:41:26.610	1m 5s	39.7s	105.8%	1.3 GB	4.8 GB	539.2 MB	3.1 MB	${HF_WORK_ROOT}/2f/7c63af9c1d13dbefc8fcff069d4bfe
558	92/4acbd7	24244	RNASEQ:RNASEQ_QC:FASTQC_TRIMMED (E-ERAD-478.d21_female_unpaired_r5.ERR1328237.trimmed.R2)	COMPLETED	0	2026-09-29 10:41:26.535	1m 5s	54s	100.7%	1.3 GB	4.9 GB	491.5 MB	3.1 MB	${HF_WORK_ROOT}/92/4acbd744ba3ad6d9198a8f7487fa02
543	59/2a3915	24241	RNASEQ:RNASEQ_QC:FASTQC_TRIMMED (E-ERAD-478.d28_female_paired_r4.ERR1328267.trimmed.R1)	COMPLETED	0	2026-09-29 10:41:06.508	1m 35s	1m 9s	100.3%	1.4 GB	4.9 GB	584.9 MB	3.1 MB	${HF_WORK_ROOT}/59/2a3915e5878559361579b3bea7e1ac
423	88/bd2859	24246	RNASEQ:RNASEQ_QC:FASTQC_TRIMMED (E-ERAD-478.d28_male_unpaired_r2.ERR1328145.trimmed.R2)	COMPLETED	0	2026-09-29 10:41:41.536	1m 5s	50s	100.3%	1.3 GB	5 GB	417 MB	3.1 MB	${HF_WORK_ROOT}/88/bd2859b410058327c8e3316ad25511
425	eb/e2503b	24247	RNASEQ:RNASEQ_QC:FASTQC_TRIMMED (E-ERAD-478.d38_male_paired_r1.ERR1328195.trimmed.R2)	COMPLETED	0	2026-09-29 10:41:41.598	1m 40s	1m 4s	97.8%	1.4 GB	4.9 GB	573.7 MB	3.1 MB	${HF_WORK_ROOT}/eb/e2503be0a0dbb263d8fc742fc78bb5
539	65/44576d	24251	RNASEQ:RNASEQ_QC:FASTQC_TRIMMED (E-ERAD-478.d21_male_unpaired_r3.ERR1328261.trimmed.R1)	COMPLETED	0	2026-09-29 10:42:31.616	1m 5s	36.7s	104.2%	1.3 GB	4.8 GB	475.2 MB	3.1 MB	${HF_WORK_ROOT}/65/44576dee571cff7e27085a2fda0748
540	c7/6eb0f9	24250	RNASEQ:RNASEQ_QC:FASTQC_TRIMMED (E-ERAD-478.d21_male_unpaired_r3.ERR1328261.trimmed.R2)	COMPLETED	0	2026-09-29 10:42:31.516	1m 5s	58s	97.7%	1.3 GB	4.8 GB	491.5 MB	3.1 MB	${HF_WORK_ROOT}/c7/6eb0f9bfacaeb4496d2905efd64b65
569	66/3e6177	24252	RNASEQ:RNASEQ_QC:FASTQC_TRIMMED (E-ERAD-478.d35_male_paired_r3.ERR1328227.trimmed.R1)	COMPLETED	0	2026-09-29 10:42:41.561	1m 5s	53s	100.8%	1.3 GB	4.9 GB	463.8 MB	3.1 MB	${HF_WORK_ROOT}/66/3e61770683e2f964d418cdbe4b96c7
435	7c/8ea936	24253	RNASEQ:RNASEQ_QC:FASTQC_TRIMMED (E-ERAD-478.d28_female_unpaired_r1.ERR1328182.trimmed.R2)	COMPLETED	0	2026-09-29 10:42:46.524	1m 5s	29.7s	108.8%	1.3 GB	4.8 GB	391.3 MB	3.1 MB	${HF_WORK_ROOT}/7c/8ea936ef5ad6472d8626f020879f20
524	01/70a09f	24249	RNASEQ:RNASEQ_QC:FASTQC_TRIMMED (E-ERAD-478.d28_male_paired_r2.ERR1328186.trimmed.R2)	COMPLETED	0	2026-09-29 10:42:21.535	1m 35s	1m 8s	96.9%	1.3 GB	4.8 GB	607.6 MB	3.1 MB	${HF_WORK_ROOT}/01/70a09f615a4ad0ad79526f0cbba505
449	6b/c7fb78	24254	RNASEQ:RNASEQ_QC:FASTQC_TRIMMED (E-ERAD-478.d21_female_paired_r2.ERR1328180.trimmed.R2)	COMPLETED	0	2026-09-29 10:43:21.552	1m 5s	1m 1s	102.1%	1.3 GB	4.9 GB	573.4 MB	3.1 MB	${HF_WORK_ROOT}/6b/c7fb78e9b702685eab44d623941832
252	da/6b0e01	24255	RNASEQ:RNASEQ_QC:FASTQC_RAW (E-ERAD-478.d35_male_unpaired_r1.ERR1328188.raw.R2)	COMPLETED	0	2026-09-29 10:43:36.511	1m 5s	1m 3s	103.5%	1.3 GB	5 GB	617 MB	3 MB	${HF_WORK_ROOT}/da/6b0e0103c694ee88425a45aaeb630d
413	a4/e1025b	24257	RNASEQ:RNASEQ_QC:FASTQC_TRIMMED (E-ERAD-478.d28_female_paired_r1.ERR1328184.trimmed.R2)	COMPLETED	0	2026-09-29 10:43:46.543	1m 5s	38.6s	106.1%	1.3 GB	4.8 GB	538.9 MB	3.1 MB	${HF_WORK_ROOT}/a4/e1025bfa40ccc81ba029cde857b519
328	61/d1e436	24242	RNASEQ:RNASEQ_QC:TRIM_GALORE (E-ERAD-478.d38_male_unpaired_r1.ERR1328192.trim_galore)	COMPLETED	0	2026-09-29 10:41:11.542	3m 45s	3m 12s	572.2%	323.1 MB	2.1 GB	21.9 GB	21.8 GB	${HF_WORK_ROOT}/61/d1e43624669a95bd35cef3a34a24a8
576	b0/f58bb1	24258	RNASEQ:RNASEQ_QC:FASTQC_TRIMMED (E-ERAD-478.d28_male_paired_r1.ERR1328185.trimmed.R2)	COMPLETED	0	2026-09-29 10:43:51.528	1m 5s	43.7s	105.2%	1.3 GB	4.8 GB	595.4 MB	3.1 MB	${HF_WORK_ROOT}/b0/f58bb13f8237cb54f89d8b7bd31fc1
503	b6/96e950	24259	RNASEQ:RNASEQ_QC:FASTQC_TRIMMED (E-ERAD-478.d35_female_paired_r2.ERR1328128.trimmed.R1)	COMPLETED	0	2026-09-29 10:43:56.514	1m 5s	39.9s	106.1%	1.3 GB	4.8 GB	466.9 MB	3.2 MB	${HF_WORK_ROOT}/b6/96e9506081c69042c2f65202f70fc0
335	99/7cd6eb	24260	RNASEQ:RNASEQ_QC:FASTQC_TRIMMED (E-ERAD-478.d21_female_paired_r4.ERR1328240.trimmed.R2)	COMPLETED	0	2026-09-29 10:44:26.521	1m 5s	59.9s	99.6%	1.3 GB	5 GB	543.2 MB	3.1 MB	${HF_WORK_ROOT}/99/7cd6ebaeb21549c0b2757a980ecc9f
584	ec/dda53e	24263	RNASEQ:RNASEQ_QC:FASTQC_TRIMMED (E-ERAD-478.d38_male_unpaired_r6.ERR1328254.trimmed.R2)	COMPLETED	0	2026-09-29 10:44:56.552	1m 5s	36.9s	104.3%	1.4 GB	4.9 GB	507.1 MB	3.1 MB	${HF_WORK_ROOT}/ec/dda53e2d200ec5f7bec22fd1f0085e
583	e3/3d7247	24264	RNASEQ:RNASEQ_QC:FASTQC_TRIMMED (E-ERAD-478.d38_male_unpaired_r6.ERR1328254.trimmed.R1)	COMPLETED	0	2026-09-29 10:44:56.627	1m 5s	35.9s	106.7%	1.3 GB	4.9 GB	473 MB	3.1 MB	${HF_WORK_ROOT}/e3/3d72473b121927aaf766052394a721
523	4a/186007	24265	RNASEQ:RNASEQ_QC:FASTQC_TRIMMED (E-ERAD-478.d28_male_paired_r2.ERR1328186.trimmed.R1)	COMPLETED	0	2026-09-29 10:45:01.532	1m 5s	47.9s	103.1%	1.4 GB	4.9 GB	582.8 MB	3.1 MB	${HF_WORK_ROOT}/4a/18600705727df15ef498463dbcc2da
432	5c/61c156	24262	RNASEQ:RNASEQ_QC:FASTQC_TRIMMED (E-ERAD-478.d28_male_paired_r1.ERR1328209.trimmed.R1)	COMPLETED	0	2026-09-29 10:44:51.561	1m 35s	1m 6s	96.0%	1.3 GB	5 GB	555.4 MB	3.1 MB	${HF_WORK_ROOT}/5c/61c156c48cda5da560b0d4e31607bc
499	69/709871	24266	RNASEQ:RNASEQ_QC:FASTQC_TRIMMED (E-ERAD-478.d38_male_paired_r1.ERR1328219.trimmed.R1)	COMPLETED	0	2026-09-29 10:45:31.556	1m 35s	1m 9s	89.6%	1.3 GB	4.9 GB	538.9 MB	3.1 MB	${HF_WORK_ROOT}/69/7098713baaa975e990e19cfa1399d4
469	39/956bca	24267	RNASEQ:RNASEQ_QC:FASTQC_TRIMMED (E-ERAD-478.d28_male_paired_r3.ERR1328147.trimmed.R2)	COMPLETED	0	2026-09-29 10:46:01.558	1m 5s	1m 1s	87.4%	1.3 GB	4.9 GB	456.6 MB	3.1 MB	${HF_WORK_ROOT}/39/956bca875b2086d0814ac47895c3ff
472	37/727abb	24268	RNASEQ:RNASEQ_QC:FASTQC_TRIMMED (E-ERAD-478.d38_female_paired_r2.ERR1328156.trimmed.R1)	COMPLETED	0	2026-09-29 10:46:01.602	1m 5s	33.7s	108.9%	1.3 GB	4.9 GB	420 MB	3.2 MB	${HF_WORK_ROOT}/37/727abb288188aad1840067809ce7ed
199	b8/e19c34	24269	RNASEQ:RNASEQ_QC:FASTQC_RAW (E-ERAD-478.d35_female_paired_r1.ERR1328213.raw.R1)	COMPLETED	0	2026-09-29 10:46:06.526	1m 5s	39.6s	107.0%	1.3 GB	4.9 GB	558.1 MB	3 MB	${HF_WORK_ROOT}/b8/e19c341003af88fc958a68eab4f39b
577	ff/05a349	24270	RNASEQ:RNASEQ_QC:FASTQC_TRIMMED (E-ERAD-478.d35_male_paired_r3.ERR1328250.trimmed.R1)	COMPLETED	0	2026-09-29 10:46:27.254	1m 4s	35.2s	106.4%	1.3 GB	4.9 GB	455.9 MB	3.1 MB	${HF_WORK_ROOT}/ff/05a3492caa07bb91ef2ac2e8c671d3
460	38/3f1a76	24273	RNASEQ:RNASEQ_QC:FASTQC_TRIMMED (E-ERAD-478.d38_male_unpaired_r4.ERR1328155.trimmed.R1)	COMPLETED	0	2026-09-29 10:47:06.807	1m 5s	47.9s	101.9%	1.3 GB	4.8 GB	489.7 MB	3.1 MB	${HF_WORK_ROOT}/38/3f1a76c9a1a6f7b25aebd8e4c87593
69	f6/fe4d51	24274	RNASEQ:RNASEQ_QC:FASTQC_RAW (E-ERAD-478.d21_male_paired_r2.ERR1328142.raw.R1)	COMPLETED	0	2026-09-29 10:47:11.529	1m 5s	23.9s	109.1%	1.3 GB	4.9 GB	227.3 MB	2.9 MB	${HF_WORK_ROOT}/f6/fe4d510812f3cb53b98376eaf9accb
24	4f/aaa6be	24261	RNASEQ:RNASEQ_QC:TRIM_GALORE (E-ERAD-478.d21_female_unpaired_r1.ERR1328176.trim_galore)	COMPLETED	0	2026-09-29 10:44:41.508	3m 40s	3m 23s	511.3%	314 MB	2 GB	20.4 GB	20.3 GB	${HF_WORK_ROOT}/4f/aaa6bef5fe1e06f1ac935df96e6d10
243	b0/2f9e3d	24256	RNASEQ:RNASEQ_QC:TRIM_GALORE (E-ERAD-478.d35_male_unpaired_r1.ERR1328188.trim_galore)	COMPLETED	0	2026-09-29 10:43:36.635	5m	4m 45s	513.3%	319.4 MB	2.1 GB	29.1 GB	29 GB	${HF_WORK_ROOT}/b0/2f9e3dfabe677c12e67be6bd7eb1a7
450	ec/99763e	24272	RNASEQ:RNASEQ_QC:FASTQC_TRIMMED (E-ERAD-478.d28_male_paired_r4.ERR1328246.trimmed.R1)	COMPLETED	0	2026-09-29 10:47:06.742	1m 35s	1m 15s	77.5%	1.3 GB	5 GB	490.9 MB	3.1 MB	${HF_WORK_ROOT}/ec/99763efe9507e224a035dca12fa228
446	0e/35382c	24271	RNASEQ:RNASEQ_QC:FASTQC_TRIMMED (E-ERAD-478.d21_male_paired_r3.ERR1328166.trimmed.R1)	COMPLETED	0	2026-09-29 10:47:06.698	1m 35s	1m 18s	82.7%	1.3 GB	4.9 GB	538.1 MB	3.1 MB	${HF_WORK_ROOT}/0e/35382c98ed5c1c560772a98975440a
16	69/194eb5	24248	RNASEQ:RNASEQ_QC:TRIM_GALORE (E-ERAD-478.d21_female_paired_r3.ERR1328141.trim_galore)	COMPLETED	0	2026-09-29 10:42:16.489	6m 50s	6m 36s	570.7%	313.1 MB	2.2 GB	47 GB	46.9 GB	${HF_WORK_ROOT}/69/194eb5a6820601b2cff34260343d55
585	5b/b0068e	24276	RNASEQ:RNASEQ_QC:FASTQC_TRIMMED (E-ERAD-478.d38_male_unpaired_r1.ERR1328192.trimmed.R1)	COMPLETED	0	2026-09-29 10:48:11.534	1m 5s	1m 1s	82.4%	1.3 GB	4.8 GB	441.5 MB	3.1 MB	${HF_WORK_ROOT}/5b/b0068e236181d9f5a843ffd932ace9
557	e9/c7e58a	24277	RNASEQ:RNASEQ_QC:FASTQC_TRIMMED (E-ERAD-478.d21_female_unpaired_r5.ERR1328237.trimmed.R1)	COMPLETED	0	2026-09-29 10:48:16.591	1m 5s	58.3s	89.5%	1.3 GB	4.9 GB	475 MB	3.1 MB	${HF_WORK_ROOT}/e9/c7e58a9e5552325bb7a5b35c82288d
507	af/f03330	24278	RNASEQ:RNASEQ_QC:FASTQC_TRIMMED (E-ERAD-478.d38_male_paired_r2.ERR1328134.trimmed.R1)	COMPLETED	0	2026-09-29 10:48:21.579	1m 5s	52.8s	100.3%	1.4 GB	5 GB	606.7 MB	3.1 MB	${HF_WORK_ROOT}/af/f03330dea62d8f0c59c9a337a7d7a3
565	18/b98d07	24279	RNASEQ:RNASEQ_QC:FASTQC_TRIMMED (E-ERAD-478.d28_male_unpaired_r1.ERR1328183.trimmed.R1)	COMPLETED	0	2026-09-29 10:48:36.545	1m 5s	58.9s	93.5%	1.3 GB	4.9 GB	529.6 MB	3.1 MB	${HF_WORK_ROOT}/18/b98d07d62f7b3ed48f268077aceff2
417	03/9f572d	24282	RNASEQ:RNASEQ_QC:FASTQC_TRIMMED (E-ERAD-478.d38_female_paired_r3.ERR1328255.trimmed.R2)	COMPLETED	0	2026-09-29 10:49:06.591	1m 5s	56.2s	98.3%	1.3 GB	4.8 GB	478.2 MB	3.1 MB	${HF_WORK_ROOT}/03/9f572d0a929b95a7a20245977e9226
511	be/8be621	24280	RNASEQ:RNASEQ_QC:FASTQC_TRIMMED (E-ERAD-478.d28_male_unpaired_r1.ERR1328207.trimmed.R1)	COMPLETED	0	2026-09-29 10:48:41.569	1m 35s	1m 4s	94.1%	1.3 GB	4.9 GB	512.3 MB	3.1 MB	${HF_WORK_ROOT}/be/8be621fce465d4dd1cb9564a3e349b
512	2f/4730fc	24281	RNASEQ:RNASEQ_QC:FASTQC_TRIMMED (E-ERAD-478.d28_male_unpaired_r1.ERR1328207.trimmed.R2)	COMPLETED	0	2026-09-29 10:48:41.604	1m 35s	1m 4s	94.2%	1.3 GB	4.8 GB	535.5 MB	3.1 MB	${HF_WORK_ROOT}/2f/4730fcabcca74aa7213affdb481e59
582	ec/a75ed5	24283	RNASEQ:RNASEQ_QC:FASTQC_TRIMMED (E-ERAD-478.d35_male_paired_r1.ERR1328190.trimmed.R2)	COMPLETED	0	2026-09-29 10:49:16.525	1m 5s	1m 1s	100.1%	1.3 GB	4.8 GB	567.6 MB	3.1 MB	${HF_WORK_ROOT}/ec/a75ed57d2eb554682cafa498b6c2a7
537	40/049ac5	24284	RNASEQ:RNASEQ_QC:FASTQC_TRIMMED (E-ERAD-478.d21_male_unpaired_r2.ERR1328163.trimmed.R1)	COMPLETED	0	2026-09-29 10:49:21.553	1m 5s	45s	99.9%	1.3 GB	5 GB	348.7 MB	3.1 MB	${HF_WORK_ROOT}/40/049ac5bf053d5ca6ea910d0a41837e
466	8a/44374b	24285	RNASEQ:RNASEQ_QC:FASTQC_TRIMMED (E-ERAD-478.d28_female_unpaired_r3.ERR1328265.trimmed.R1)	COMPLETED	0	2026-09-29 10:49:26.933	1m 5s	56.2s	105.3%	1.3 GB	4.9 GB	538.9 MB	3.1 MB	${HF_WORK_ROOT}/8a/44374b2630e9368b2fe0cf2f484d55
574	fd/6391bd	24286	RNASEQ:RNASEQ_QC:FASTQC_TRIMMED (E-ERAD-478.d28_male_paired_r2.ERR1328210.trimmed.R2)	COMPLETED	0	2026-09-29 10:49:41.516	1m 5s	58.1s	99.4%	1.4 GB	4.9 GB	587.9 MB	3.1 MB	${HF_WORK_ROOT}/fd/6391bd6923bcd62b6c19e64bb89773
534	af/42bb7d	24287	RNASEQ:RNASEQ_QC:FASTQC_TRIMMED (E-ERAD-478.d38_male_unpaired_r3.ERR1328154.trimmed.R2)	COMPLETED	0	2026-09-29 10:50:11.523	1m 5s	39s	105.8%	1.3 GB	4.9 GB	359.3 MB	3.1 MB	${HF_WORK_ROOT}/af/42bb7df46eee0522974a43557473ff
480	38/9619b8	24288	RNASEQ:RNASEQ_QC:FASTQC_TRIMMED (E-ERAD-478.d35_male_unpaired_r2.ERR1328172.trimmed.R1)	COMPLETED	0	2026-09-29 10:50:16.538	1m 5s	46.9s	97.8%	1.3 GB	4.8 GB	363.6 MB	3.1 MB	${HF_WORK_ROOT}/38/9619b8ce7d67e2b308207f2ee8f5d4
491	32/6a74a5	24289	RNASEQ:RNASEQ_QC:FASTQC_TRIMMED (E-ERAD-478.d38_male_unpaired_r2.ERR1328193.trimmed.R1)	COMPLETED	0	2026-09-29 10:50:16.674	1m 5s	57s	99.1%	1.3 GB	4.9 GB	495.1 MB	3.1 MB	${HF_WORK_ROOT}/32/6a74a5be9c5ef5f1e54c766b24c3b2
591	40/88c251	24292	RNASEQ:RNASEQ_QC:FASTQC_TRIMMED (E-ERAD-478.d21_female_paired_r3.ERR1328141.trimmed.R1)	COMPLETED	0	2026-09-29 10:50:31.534	1m 35s	1m 7s	101.8%	1.3 GB	4.9 GB	853.8 MB	3.1 MB	${HF_WORK_ROOT}/40/88c2513ff54be25871a3abb2ddd2c1
547	15/de5b79	24293	RNASEQ:RNASEQ_QC:FASTQC_TRIMMED (E-ERAD-478.d38_female_unpaired_r2.ERR1328153.trimmed.R1)	COMPLETED	0	2026-09-29 10:50:46.504	1m 35s	1m 14s	89.3%	1.4 GB	5 GB	558.5 MB	3.1 MB	${HF_WORK_ROOT}/15/de5b79576d4d19bcd1ad44b15cd3a7
42	dd/ed4c9c	24295	RNASEQ:RNASEQ_QC:FASTQC_RAW (E-ERAD-478.d21_female_unpaired_r2.ERR1328201.raw.R2)	COMPLETED	0	2026-09-29 10:51:21.553	1m 5s	52s	83.9%	1.3 GB	4.9 GB	377 MB	3 MB	${HF_WORK_ROOT}/dd/ed4c9c3882a92f2c5776b0e41e2ee0
47	bc/904f25	24296	RNASEQ:RNASEQ_QC:FASTQC_RAW (E-ERAD-478.d21_female_unpaired_r3.ERR1328161.raw.R1)	COMPLETED	0	2026-09-29 10:51:21.620	1m 5s	42.7s	98.0%	1.4 GB	4.9 GB	480 MB	2.9 MB	${HF_WORK_ROOT}/bc/904f250663410b6b31733f49354896
17	c9/f18587	24275	RNASEQ:RNASEQ_QC:TRIM_GALORE (E-ERAD-478.d21_female_paired_r3.ERR1328164.trim_galore)	COMPLETED	0	2026-09-29 10:47:31.622	5m 5s	4m 50s	607.1%	348.6 MB	2.1 GB	47 GB	46.9 GB	${HF_WORK_ROOT}/c9/f185873d0a641eba93d56277c0b365
541	13/24de1e	24297	RNASEQ:RNASEQ_QC:FASTQC_TRIMMED (E-ERAD-478.d35_male_paired_r2.ERR1328152.trimmed.R1)	COMPLETED	0	2026-09-29 10:52:06.528	1m 5s	56s	96.2%	1.3 GB	4.8 GB	478.3 MB	3.1 MB	${HF_WORK_ROOT}/13/24de1e1eab05b439829a3d4ab83dd2
526	54/90fa25	24298	RNASEQ:RNASEQ_QC:FASTQC_TRIMMED (E-ERAD-478.d35_female_unpaired_r2.ERR1328171.trimmed.R2)	COMPLETED	0	2026-09-29 10:52:21.671	1m 5s	32s	102.6%	1.3 GB	4.8 GB	233.3 MB	3.1 MB	${HF_WORK_ROOT}/54/90fa25ababde3d29cc566b9a8b8855
525	44/69b75c	24299	RNASEQ:RNASEQ_QC:FASTQC_TRIMMED (E-ERAD-478.d35_female_unpaired_r2.ERR1328171.trimmed.R1)	COMPLETED	0	2026-09-29 10:52:26.593	1m 5s	21.9s	111.4%	1.4 GB	4.9 GB	226.9 MB	3.1 MB	${HF_WORK_ROOT}/44/69b75c299bb8148d78624bb8a93087
527	38/95b240	24300	RNASEQ:RNASEQ_QC:FASTQC_TRIMMED (E-ERAD-478.d35_female_unpaired_r3.ERR1328247.trimmed.R1)	COMPLETED	0	2026-09-29 10:52:26.653	1m 5s	38.7s	107.3%	1.3 GB	4.8 GB	474.2 MB	3.1 MB	${HF_WORK_ROOT}/38/95b2407eafbdbfe8f098f29b8a433c
562	61/b6d462	24301	RNASEQ:RNASEQ_QC:FASTQC_TRIMMED (E-ERAD-478.d28_female_unpaired_r1.ERR1328206.trimmed.R2)	COMPLETED	0	2026-09-29 10:52:36.640	1m 5s	31.7s	107.7%	1.3 GB	4.9 GB	383.3 MB	3.1 MB	${HF_WORK_ROOT}/61/b6d462b8a1e8c2b0f865c47c41063d
65	e0/8f9778	24305	RNASEQ:RNASEQ_QC:FASTQC_RAW (E-ERAD-478.d21_male_paired_r1.ERR1328205.raw.R1)	COMPLETED	0	2026-09-29 10:53:31.633	1m 5s	40s	107.3%	1.3 GB	4.8 GB	489.5 MB	2.9 MB	${HF_WORK_ROOT}/e0/8f9778210ed88147629154b74fec79
580	5b/bb54eb	24302	RNASEQ:RNASEQ_QC:FASTQC_TRIMMED (E-ERAD-478.d35_male_paired_r1.ERR1328214.trimmed.R2)	COMPLETED	0	2026-09-29 10:53:11.504	1m 40s	1m 17s	79.2%	1.3 GB	5 GB	551 MB	3.1 MB	${HF_WORK_ROOT}/5b/bb54ebc2f5ef9cec0196cef8e383ca
327	26/4a5e1e	24290	RNASEQ:RNASEQ_QC:TRIM_GALORE (E-ERAD-478.d38_male_paired_r3.ERR1328256.trim_galore)	COMPLETED	0	2026-09-29 10:50:21.524	4m 40s	4m 32s	486.4%	311.8 MB	2.1 GB	26.7 GB	26.6 GB	${HF_WORK_ROOT}/26/4a5e1e0109d44ebae0b1381bbde021
589	28/b730d8	24303	RNASEQ:RNASEQ_QC:FASTQC_TRIMMED (E-ERAD-478.d35_male_unpaired_r1.ERR1328188.trimmed.R1)	COMPLETED	0	2026-09-29 10:53:26.570	1m 35s	1m 8s	93.3%	1.3 GB	5 GB	574 MB	3.1 MB	${HF_WORK_ROOT}/28/b730d89192700b9358a9b35d97cb4b
209	6d/5e86c9	24291	RNASEQ:RNASEQ_QC:TRIM_GALORE (E-ERAD-478.d35_female_unpaired_r1.ERR1328187.trim_galore)	COMPLETED	0	2026-09-29 10:50:26.537	4m 45s	4m 41s	497.8%	315.9 MB	2.1 GB	28 GB	27.9 GB	${HF_WORK_ROOT}/6d/5e86c9352e251886358651eed3ff12
594	8d/0ed177	24304	RNASEQ:RNASEQ_QC:FASTQC_TRIMMED (E-ERAD-478.d21_female_paired_r3.ERR1328164.trimmed.R2)	COMPLETED	0	2026-09-29 10:53:31.536	1m 40s	1m 10s	103.6%	1.3 GB	5 GB	889 MB	3.1 MB	${HF_WORK_ROOT}/8d/0ed177a07f29ba9fe026acd28d8973
62	07/83b239	24306	RNASEQ:RNASEQ_QC:TRIM_GALORE (E-ERAD-478.d21_male_paired_r2.ERR1328142.trim_galore)	COMPLETED	0	2026-09-29 10:53:41.511	1m 40s	1m 15s	602.7%	318.2 MB	2.1 GB	11.4 GB	11.3 GB	${HF_WORK_ROOT}/07/83b23975b2331377b753135f34a374
23	eb/7a8d90	24294	RNASEQ:RNASEQ_QC:TRIM_GALORE (E-ERAD-478.d21_female_paired_r4.ERR1328263.trim_galore)	COMPLETED	0	2026-09-29 10:51:16.576	4m 15s	4m 14s	520.2%	315.4 MB	2.1 GB	25.5 GB	25.4 GB	${HF_WORK_ROOT}/eb/7a8d90a25e8c77bb0f2f8a4d60dbd9
518	36/ed30db	24310	RNASEQ:RNASEQ_QC:FASTQC_TRIMMED (E-ERAD-478.d38_female_unpaired_r1.ERR1328215.trimmed.R2)	COMPLETED	0	2026-09-29 10:55:01.886	1m 5s	50.3s	91.6%	1.3 GB	4.9 GB	391.8 MB	3.1 MB	${HF_WORK_ROOT}/36/ed30dbf09f735bb398e7ed1702f67e
570	11/f693fb	24307	RNASEQ:RNASEQ_QC:FASTQC_TRIMMED (E-ERAD-478.d35_male_paired_r3.ERR1328227.trimmed.R2)	COMPLETED	0	2026-09-29 10:54:36.652	1m 35s	1m 7s	81.6%	1.3 GB	4.8 GB	482.4 MB	3.1 MB	${HF_WORK_ROOT}/11/f693fb8884e9331846c2aff75d7348
572	b5/e8cc29	24314	RNASEQ:RNASEQ_QC:FASTQC_TRIMMED (E-ERAD-478.d38_male_unpaired_r6.ERR1328231.trimmed.R2)	COMPLETED	0	2026-09-29 10:55:31.545	1m 5s	1m 1s	96.3%	1.3 GB	4.8 GB	514.3 MB	3.1 MB	${HF_WORK_ROOT}/b5/e8cc292f551e81341458d015dae3dc
516	51/f0f25d	24309	RNASEQ:RNASEQ_QC:FASTQC_TRIMMED (E-ERAD-478.d28_female_unpaired_r3.ERR1328242.trimmed.R2)	COMPLETED	0	2026-09-29 10:55:01.782	1m 35s	1m 11s	89.0%	1.3 GB	4.8 GB	562 MB	3.1 MB	${HF_WORK_ROOT}/51/f0f25d8eee105e810aec91387af904
590	ea/fc018a	24311	RNASEQ:RNASEQ_QC:FASTQC_TRIMMED (E-ERAD-478.d35_male_unpaired_r1.ERR1328188.trimmed.R2)	COMPLETED	0	2026-09-29 10:55:11.528	1m 35s	1m 6s	95.2%	1.3 GB	4.9 GB	606.3 MB	3.1 MB	${HF_WORK_ROOT}/ea/fc018aebdf27ffcc186fb9366fc1c0
395	0f/d6b2df	24313	RNASEQ:RNASEQ_QC:FASTQC_TRIMMED (E-ERAD-478.d28_male_paired_r4.ERR1328223.trimmed.R2)	COMPLETED	0	2026-09-29 10:55:21.533	1m 40s	1m 6s	90.7%	1.3 GB	4.9 GB	525.4 MB	3.1 MB	${HF_WORK_ROOT}/0f/d6b2df23a5f5663526601bffaed011
571	35/47d238	24315	RNASEQ:RNASEQ_QC:FASTQC_TRIMMED (E-ERAD-478.d38_male_unpaired_r6.ERR1328231.trimmed.R1)	COMPLETED	0	2026-09-29 10:56:06.624	1m 5s	57s	97.3%	1.3 GB	4.8 GB	480.9 MB	3.1 MB	${HF_WORK_ROOT}/35/47d2381414e6f1373001a04f43d2a5
586	4e/a240c9	24316	RNASEQ:RNASEQ_QC:FASTQC_TRIMMED (E-ERAD-478.d38_male_unpaired_r1.ERR1328192.trimmed.R2)	COMPLETED	0	2026-09-29 10:56:12.020	1m 4s	53.1s	99.1%	1.4 GB	4.9 GB	457.5 MB	3.1 MB	${HF_WORK_ROOT}/4e/a240c9a814baee89807e935e501ecd
592	92/fe203c	24312	RNASEQ:RNASEQ_QC:FASTQC_TRIMMED (E-ERAD-478.d21_female_paired_r3.ERR1328141.trimmed.R2)	COMPLETED	0	2026-09-29 10:55:11.618	2m 10s	1m 35s	98.3%	1.3 GB	4.9 GB	890.5 MB	3.1 MB	${HF_WORK_ROOT}/92/fe203ca037f351f4fb1315c230b132
242	86/02a879	24319	RNASEQ:RNASEQ_QC:FASTQC_RAW (E-ERAD-478.d35_male_paired_r2.ERR1328152.raw.R1)	COMPLETED	0	2026-09-29 10:56:46.504	1m 5s	57s	94.0%	1.3 GB	4.8 GB	490.9 MB	3 MB	${HF_WORK_ROOT}/86/02a87928efcf02af976d241f57cf6c
80	86/a737d0	24308	RNASEQ:RNASEQ_QC:TRIM_GALORE (E-ERAD-478.d21_male_unpaired_r1.ERR1328178.trim_galore)	COMPLETED	0	2026-09-29 10:54:51.939	3m 5s	2m 45s	637.8%	329 MB	2.1 GB	25.3 GB	25.2 GB	${HF_WORK_ROOT}/86/a737d0eccb4fde86a58c13ea1ba9c9
602	cc/1d4222	24320	RNASEQ:RNASEQ_QC:FASTQC_TRIMMED (E-ERAD-478.d21_female_paired_r4.ERR1328263.trimmed.R2)	COMPLETED	0	2026-09-29 10:57:01.542	1m 5s	50s	106.3%	1.3 GB	4.9 GB	535.7 MB	3.1 MB	${HF_WORK_ROOT}/cc/1d42223f424a088948a24d88ef12b6
579	00/087361	24317	RNASEQ:RNASEQ_QC:FASTQC_TRIMMED (E-ERAD-478.d35_male_paired_r1.ERR1328214.trimmed.R1)	COMPLETED	0	2026-09-29 10:56:36.613	1m 35s	1m 4s	98.2%	1.4 GB	5 GB	528.1 MB	3.1 MB	${HF_WORK_ROOT}/00/087361cd7bacdae1490cc469348723
581	01/d49474	24318	RNASEQ:RNASEQ_QC:FASTQC_TRIMMED (E-ERAD-478.d35_male_paired_r1.ERR1328190.trimmed.R1)	COMPLETED	0	2026-09-29 10:56:36.705	1m 35s	1m 7s	92.8%	1.3 GB	4.8 GB	545 MB	3.1 MB	${HF_WORK_ROOT}/01/d494740029fd5c500129b126c0b5e3
568	a5/138b11	24321	RNASEQ:RNASEQ_QC:FASTQC_TRIMMED (E-ERAD-478.d28_male_unpaired_r2.ERR1328168.trimmed.R2)	COMPLETED	0	2026-09-29 10:57:11.638	1m 5s	46.1s	106.1%	1.3 GB	4.9 GB	416.6 MB	3.1 MB	${HF_WORK_ROOT}/a5/138b11153425ef6693482ed6f84d9b
601	de/007270	24322	RNASEQ:RNASEQ_QC:FASTQC_TRIMMED (E-ERAD-478.d21_female_paired_r4.ERR1328263.trimmed.R1)	COMPLETED	0	2026-09-29 10:57:16.612	1m 5s	55s	107.0%	1.3 GB	5 GB	510.8 MB	3.1 MB	${HF_WORK_ROOT}/de/0072700ea53aad0308d7b606019367
427	a4/f0dc47	24323	RNASEQ:RNASEQ_QC:FASTQC_TRIMMED (E-ERAD-478.d28_female_unpaired_r2.ERR1328167.trimmed.R2)	COMPLETED	0	2026-09-29 10:57:21.554	1m 5s	49s	103.7%	1.3 GB	4.9 GB	456.4 MB	3.1 MB	${HF_WORK_ROOT}/a4/f0dc475275c8c97a56c0ebb4e06d75
597	f5/8a17b9	24324	RNASEQ:RNASEQ_QC:FASTQC_TRIMMED (E-ERAD-478.d35_female_unpaired_r1.ERR1328187.trimmed.R1)	COMPLETED	0	2026-09-29 10:57:51.535	1m 5s	59s	105.8%	1.4 GB	5 GB	555 MB	3.1 MB	${HF_WORK_ROOT}/f5/8a17b9191b00c4bccbd36822ac26cf
433	93/cc5839	24325	RNASEQ:RNASEQ_QC:FASTQC_TRIMMED (E-ERAD-478.d28_male_paired_r1.ERR1328209.trimmed.R2)	COMPLETED	0	2026-09-29 10:57:56.542	1m 5s	1m 1s	102.8%	1.3 GB	4.9 GB	577.4 MB	3.1 MB	${HF_WORK_ROOT}/93/cc58394cb3e05c67bf4f943fbc2f62
245	03/f2b038	24326	RNASEQ:RNASEQ_QC:FASTQC_RAW (E-ERAD-478.d35_male_paired_r3.ERR1328227.raw.R1)	COMPLETED	0	2026-09-29 10:58:06.521	1m 5s	53s	101.9%	1.4 GB	5 GB	470.3 MB	2.9 MB	${HF_WORK_ROOT}/03/f2b038579caf840fe42ed415212293
575	84/86a34e	24327	RNASEQ:RNASEQ_QC:FASTQC_TRIMMED (E-ERAD-478.d28_male_paired_r1.ERR1328185.trimmed.R1)	COMPLETED	0	2026-09-29 10:58:11.555	1m 5s	57s	98.8%	1.3 GB	4.8 GB	573.8 MB	3.1 MB	${HF_WORK_ROOT}/84/86a34eaa34724816d00227013c4998
587	4c/1ea3de	24328	RNASEQ:RNASEQ_QC:FASTQC_TRIMMED (E-ERAD-478.d21_female_unpaired_r1.ERR1328176.trimmed.R1)	COMPLETED	0	2026-09-29 10:58:11.609	1m 5s	42s	103.0%	1.3 GB	4.9 GB	413.2 MB	3.1 MB	${HF_WORK_ROOT}/4c/1ea3deaf3d1155cc6a3c89aed20b19
266	40/1ac13f	24329	RNASEQ:RNASEQ_QC:FASTQC_RAW (E-ERAD-478.d35_male_unpaired_r3.ERR1328173.raw.R2)	COMPLETED	0	2026-09-29 10:58:16.520	1m 5s	1m 1s	98.5%	1.3 GB	4.8 GB	505.9 MB	3 MB	${HF_WORK_ROOT}/40/1ac13f512b1cd7bbf0c8bcbf2ab330
598	bf/9a13d3	24330	RNASEQ:RNASEQ_QC:FASTQC_TRIMMED (E-ERAD-478.d35_female_unpaired_r1.ERR1328187.trimmed.R2)	COMPLETED	0	2026-09-29 10:58:21.621	1m 5s	57.3s	106.7%	1.3 GB	4.9 GB	578 MB	3.1 MB	${HF_WORK_ROOT}/bf/9a13d32e84999bc32c3b7f36d0fb52
509	31/98bc0d	24331	RNASEQ:RNASEQ_QC:FASTQC_TRIMMED (E-ERAD-478.d38_female_paired_r1.ERR1328194.trimmed.R1)	COMPLETED	0	2026-09-29 10:58:26.647	1m 5s	54s	100.0%	1.3 GB	5 GB	492.5 MB	3.2 MB	${HF_WORK_ROOT}/31/98bc0dbf8e4dd322c24c1111f8dc81
596	96/5b53f7	24332	RNASEQ:RNASEQ_QC:FASTQC_TRIMMED (E-ERAD-478.d38_male_paired_r3.ERR1328256.trimmed.R2)	COMPLETED	0	2026-09-29 10:58:56.636	1m 5s	60s	105.2%	1.3 GB	5 GB	553.3 MB	3.1 MB	${HF_WORK_ROOT}/96/5b53f7cf2aa5e90fb90b982cca51f2
283	fb/a89ffd	24334	RNASEQ:RNASEQ_QC:FASTQC_RAW (E-ERAD-478.d38_female_paired_r2.ERR1328156.raw.R1)	COMPLETED	0	2026-09-29 10:59:11.534	1m 5s	48s	106.8%	1.4 GB	5 GB	433.3 MB	3 MB	${HF_WORK_ROOT}/fb/a89ffd247e3ed36968ef3722481bbf
289	58/d1133a	24335	RNASEQ:RNASEQ_QC:FASTQC_RAW (E-ERAD-478.d38_female_paired_r3.ERR1328255.raw.R1)	COMPLETED	0	2026-09-29 10:59:16.550	1m 5s	49.2s	95.8%	1.4 GB	4.9 GB	463.5 MB	3 MB	${HF_WORK_ROOT}/58/d1133a57f3b21498595040d87d60ec
340	8e/b7975a	24338	RNASEQ:RNASEQ_QC:FASTQC_RAW (E-ERAD-478.d38_male_unpaired_r1.ERR1328192.raw.R2)	COMPLETED	0	2026-09-29 10:59:26.514	1m 5s	47.9s	104.8%	1.3 GB	4.9 GB	465.6 MB	3 MB	${HF_WORK_ROOT}/8e/b7975a4282d9135b39098b4f205174
560	6c/a20f1b	24333	RNASEQ:RNASEQ_QC:FASTQC_TRIMMED (E-ERAD-478.d35_female_paired_r3.ERR1328226.trimmed.R2)	COMPLETED	0	2026-09-29 10:59:01.619	1m 35s	1m 3s	92.3%	1.3 GB	4.9 GB	538.7 MB	3.1 MB	${HF_WORK_ROOT}/6c/a20f1bdeb20cc157bcc150a5a2dcc9
301	e4/4aa89e	24336	RNASEQ:RNASEQ_QC:FASTQC_RAW (E-ERAD-478.d38_female_unpaired_r2.ERR1328130.raw.R1)	COMPLETED	0	2026-09-29 10:59:16.595	1m 35s	1m 4s	92.8%	1.4 GB	5 GB	572.6 MB	2.9 MB	${HF_WORK_ROOT}/e4/4aa89e1b72c054fe8ce46cd6dd1f95
325	80/3d74c6	24337	RNASEQ:RNASEQ_QC:FASTQC_RAW (E-ERAD-478.d38_male_paired_r2.ERR1328134.raw.R1)	COMPLETED	0	2026-09-29 10:59:21.531	1m 35s	1m 8s	104.9%	1.3 GB	4.8 GB	621.2 MB	2.9 MB	${HF_WORK_ROOT}/80/3d74c69cab5ac8d6527638d2181726
573	9d/613f7c	24339	RNASEQ:RNASEQ_QC:FASTQC_TRIMMED (E-ERAD-478.d28_male_paired_r2.ERR1328210.trimmed.R1)	COMPLETED	0	2026-09-29 10:59:31.612	1m 35s	1m 5s	93.8%	1.3 GB	5 GB	563 MB	3.1 MB	${HF_WORK_ROOT}/9d/613f7c42c82c0fd4322c755eb80d32
599	06/4bb6e3	24340	RNASEQ:RNASEQ_QC:FASTQC_TRIMMED (E-ERAD-478.d21_male_paired_r2.ERR1328142.trimmed.R1)	COMPLETED	0	2026-09-29 11:00:01.555	1m 5s	30s	105.6%	1.3 GB	4.9 GB	221.6 MB	3.1 MB	${HF_WORK_ROOT}/06/4bb6e35938278ff270f78cb2d2dd05
603	15/d1d10c	24342	RNASEQ:RNASEQ_QC:FASTQC_TRIMMED (E-ERAD-478.d21_male_unpaired_r1.ERR1328178.trimmed.R1)	COMPLETED	0	2026-09-29 11:00:21.563	1m 5s	48.9s	101.1%	1.4 GB	4.9 GB	505 MB	3.1 MB	${HF_WORK_ROOT}/15/d1d10c6ea4e5be72b2e8002280e132
379	77/bbd934	24344	RNASEQ:RNASEQ_QC:FASTQC_TRIMMED (E-ERAD-478.d35_female_unpaired_r2.ERR1328148.trimmed.R2)	COMPLETED	0	2026-09-29 11:00:36.539	1m 5s	31s	104.3%	1.3 GB	4.9 GB	233.4 MB	3.1 MB	${HF_WORK_ROOT}/77/bbd934dbdf784795773b9ce87338d6
388	5e/dc8357	24346	RNASEQ:RNASEQ_QC:FASTQC_TRIMMED (E-ERAD-478.d35_female_paired_r2.ERR1328151.trimmed.R1)	COMPLETED	0	2026-09-29 11:00:56.542	1m 5s	56.9s	98.8%	1.3 GB	4.9 GB	465.9 MB	3.2 MB	${HF_WORK_ROOT}/5e/dc8357bf651d5559dfc2708b810c34
374	99/eacbaa	24343	RNASEQ:RNASEQ_QC:FASTQC_TRIMMED (E-ERAD-478.d21_female_paired_r2.ERR1328204.trimmed.R1)	COMPLETED	0	2026-09-29 11:00:31.555	1m 40s	1m 4s	100.9%	1.4 GB	5 GB	533.6 MB	3.1 MB	${HF_WORK_ROOT}/99/eacbaae72987889a8d158b144c9722
391	24/ddee51	24347	RNASEQ:RNASEQ_QC:FASTQC_TRIMMED (E-ERAD-478.d21_male_paired_r1.ERR1328181.trimmed.R2)	COMPLETED	0	2026-09-29 11:01:06.588	1m 5s	54s	99.8%	1.4 GB	4.9 GB	522.5 MB	3.1 MB	${HF_WORK_ROOT}/24/ddee5119f360e3972b3caaeeff175c
434	4a/6dad08	24348	RNASEQ:RNASEQ_QC:FASTQC_TRIMMED (E-ERAD-478.d28_female_unpaired_r1.ERR1328182.trimmed.R1)	COMPLETED	0	2026-09-29 11:01:06.648	1m 5s	33.7s	109.4%	1.3 GB	4.9 GB	377.8 MB	3.1 MB	${HF_WORK_ROOT}/4a/6dad08b9c7a1879a742cfc8725c130
465	1b/54134d	24349	RNASEQ:RNASEQ_QC:FASTQC_TRIMMED (E-ERAD-478.d35_female_unpaired_r1.ERR1328211.trimmed.R2)	COMPLETED	0	2026-09-29 11:01:26.507	1m 5s	1m 4s	99.1%	1.4 GB	5 GB	561.3 MB	3.1 MB	${HF_WORK_ROOT}/1b/54134dc8e443cd37d8f68c2d207fe4
496	27/fa965c	24350	RNASEQ:RNASEQ_QC:FASTQC_TRIMMED (E-ERAD-478.d21_male_paired_r2.ERR1328165.trimmed.R2)	COMPLETED	0	2026-09-29 11:01:41.548	1m 5s	30s	112.1%	1.3 GB	4.9 GB	229.4 MB	3.1 MB	${HF_WORK_ROOT}/27/fa965c857d0c15faced62f76db5b83
593	2b/b108f6	24345	RNASEQ:RNASEQ_QC:FASTQC_TRIMMED (E-ERAD-478.d21_female_paired_r3.ERR1328164.trimmed.R1)	COMPLETED	0	2026-09-29 11:00:51.616	2m 5s	1m 37s	96.8%	1.3 GB	4.9 GB	852.3 MB	3.1 MB	${HF_WORK_ROOT}/2b/b108f61093b18bcefb3ad49eb14dce
505	7c/0b6ddc	24351	RNASEQ:RNASEQ_QC:FASTQC_TRIMMED (E-ERAD-478.d38_male_unpaired_r5.ERR1328230.trimmed.R1)	COMPLETED	0	2026-09-29 11:02:01.576	1m 5s	58.9s	91.9%	1.4 GB	4.9 GB	531.2 MB	3.1 MB	${HF_WORK_ROOT}/7c/0b6ddcadea37575858c9383a0c0683
530	f7/928d79	24353	RNASEQ:RNASEQ_QC:FASTQC_TRIMMED (E-ERAD-478.d35_female_unpaired_r3.ERR1328224.trimmed.R2)	COMPLETED	0	2026-09-29 11:02:11.630	1m 5s	1m 2s	94.1%	1.3 GB	4.8 GB	502.5 MB	3.1 MB	${HF_WORK_ROOT}/f7/928d79ef9d95e764fa3d90bc304f4c
535	7e/92180e	24354	RNASEQ:RNASEQ_QC:FASTQC_TRIMMED (E-ERAD-478.d38_female_paired_r1.ERR1328218.trimmed.R1)	COMPLETED	0	2026-09-29 11:02:11.672	1m 5s	35.7s	106.7%	1.3 GB	4.8 GB	477 MB	3.2 MB	${HF_WORK_ROOT}/7e/92180e2ef800b6a1b359aa31323913
564	5a/a87491	24355	RNASEQ:RNASEQ_QC:FASTQC_TRIMMED (E-ERAD-478.d38_female_paired_r3.ERR1328232.trimmed.R2)	COMPLETED	0	2026-09-29 11:02:31.549	1m 5s	1m 2s	94.2%	1.3 GB	4.9 GB	485.2 MB	3.2 MB	${HF_WORK_ROOT}/5a/a87491468d9baa7827f270c717852c
508	d3/486445	24352	RNASEQ:RNASEQ_QC:FASTQC_TRIMMED (E-ERAD-478.d38_male_paired_r2.ERR1328134.trimmed.R2)	COMPLETED	0	2026-09-29 11:02:11.598	1m 35s	1m 20s	93.0%	1.3 GB	4.9 GB	630 MB	3.1 MB	${HF_WORK_ROOT}/d3/4864450a2488aecb83aa53b1226f53
588	0d/9db73e	24357	RNASEQ:RNASEQ_QC:FASTQC_TRIMMED (E-ERAD-478.d21_female_unpaired_r1.ERR1328176.trimmed.R2)	COMPLETED	0	2026-09-29 11:02:56.537	1m 5s	49.6s	93.0%	1.3 GB	4.9 GB	433.7 MB	3.1 MB	${HF_WORK_ROOT}/0d/9db73e783a40850b20112129a3fe69
595	a0/64c0ad	24358	RNASEQ:RNASEQ_QC:FASTQC_TRIMMED (E-ERAD-478.d38_male_paired_r3.ERR1328256.trimmed.R1)	COMPLETED	0	2026-09-29 11:03:06.550	1m 5s	54.1s	105.1%	1.4 GB	4.9 GB	529.5 MB	3.1 MB	${HF_WORK_ROOT}/a0/64c0ade7f12bc98a7a124f7dee7742
363	78/791934	24341	RNASEQ:RNASEQ_QC:TRIM_GALORE (E-ERAD-478.d38_male_unpaired_r5.ERR1328253.trim_galore)	COMPLETED	0	2026-09-29 11:00:16.501	4m 5s	3m 37s	608.8%	317.5 MB	2.1 GB	26.2 GB	26.1 GB	${HF_WORK_ROOT}/78/7919343d610d8927511483e9aca73f
578	30/d5e8d8	24356	RNASEQ:RNASEQ_QC:FASTQC_TRIMMED (E-ERAD-478.d35_male_paired_r3.ERR1328250.trimmed.R2)	COMPLETED	0	2026-09-29 11:02:46.532	1m 35s	59.4s	90.2%	1.4 GB	4.9 GB	474.7 MB	3.1 MB	${HF_WORK_ROOT}/30/d5e8d8fd2728b45cc6a5fd3ac2b0c0
600	8e/1184e1	24359	RNASEQ:RNASEQ_QC:FASTQC_TRIMMED (E-ERAD-478.d21_male_paired_r2.ERR1328142.trimmed.R2)	COMPLETED	0	2026-09-29 11:03:16.591	1m 5s	31.4s	96.1%	1.3 GB	4.8 GB	229.5 MB	3.1 MB	${HF_WORK_ROOT}/8e/1184e1a7e216c854f3e8ac2647b4c0
604	bd/ae52a0	24360	RNASEQ:RNASEQ_QC:FASTQC_TRIMMED (E-ERAD-478.d21_male_unpaired_r1.ERR1328178.trimmed.R2)	COMPLETED	0	2026-09-29 11:03:16.623	1m 5s	36.7s	107.5%	1.3 GB	4.9 GB	526.7 MB	3.1 MB	${HF_WORK_ROOT}/bd/ae52a065da97770e67a97d9284f514
606	e2/2a439f	24361	RNASEQ:RNASEQ_QC:FASTQC_TRIMMED (E-ERAD-478.d38_male_unpaired_r5.ERR1328253.trimmed.R2)	COMPLETED	0	2026-09-29 11:04:27.930	1m 34s	1m 20s	71.2%	1.4 GB	5 GB	545.6 MB	3.1 MB	${HF_WORK_ROOT}/e2/2a439f685a502f076f7041a75a392e
612	0e/d3de48	24362	RNASEQ:RNASEQ_QC:MERGE_FASTQ (E-ERAD-478.d35_female_unpaired_r2.merge)	COMPLETED	0	2026-09-29 11:04:29.322	2m 2s	1m 58s	9.4%	10.3 MB	26.5 MB	3.4 GB	1.7 GB	${HF_WORK_ROOT}/0e/d3de4861fb006d0d6e372e30d82811
605	b0/ef825e	24363	RNASEQ:RNASEQ_QC:FASTQC_TRIMMED (E-ERAD-478.d38_male_unpaired_r5.ERR1328253.trimmed.R1)	COMPLETED	0	2026-09-29 11:04:30.542	2m 1s	1m 32s	66.3%	1.4 GB	5 GB	522.7 MB	3.1 MB	${HF_WORK_ROOT}/b0/ef825e6421de2e6e689d73aa68303c
607	7e/79de27	24365	RNASEQ:RNASEQ_QC:MERGE_FASTQ (E-ERAD-478.d21_female_paired_r1.merge)	COMPLETED	0	2026-09-29 11:04:52.420	7m 9s	6m 56s	5.5%	10.4 MB	26.5 MB	7.1 GB	3.6 GB	${HF_WORK_ROOT}/7e/79de27a10da473303d5a51163757a4
613	c3/ecea64	24367	RNASEQ:RNASEQ_QC:MERGE_FASTQ (E-ERAD-478.d28_female_paired_r2.merge)	COMPLETED	0	2026-09-29 11:05:01.751	7m	6m 36s	5.2%	10.2 MB	26.5 MB	6.6 GB	3.3 GB	${HF_WORK_ROOT}/c3/ecea640d408dc74d37917072c4e27e
608	38/f6b099	24364	RNASEQ:RNASEQ_QC:MERGE_FASTQ (E-ERAD-478.d21_female_paired_r4.merge)	COMPLETED	0	2026-09-29 11:04:40.723	8m 11s	7m 30s	6.5%	10.3 MB	26.5 MB	8 GB	4 GB	${HF_WORK_ROOT}/38/f6b09936ceaa5b2b5e81d1311c0533
615	55/6bafa5	24371	RNASEQ:RNASEQ_QC:MERGE_FASTQ (E-ERAD-478.d21_female_unpaired_r4.merge)	COMPLETED	0	2026-09-29 11:06:32.149	6m 54s	6m 42s	5.2%	10.3 MB	26.5 MB	7 GB	3.5 GB	${HF_WORK_ROOT}/55/6bafa51a0522b4e3f01fe2d7f1e36b
609	cb/0e3a12	24366	RNASEQ:RNASEQ_QC:MERGE_FASTQ (E-ERAD-478.d21_male_paired_r3.merge)	COMPLETED	0	2026-09-29 11:05:01.465	8m 45s	8m 11s	5.6%	10.3 MB	26.5 MB	8.4 GB	4.2 GB	${HF_WORK_ROOT}/cb/0e3a12042bab0d8b6949c705fd0b8f
611	16/28e3b2	24368	RNASEQ:RNASEQ_QC:MERGE_FASTQ (E-ERAD-478.d21_male_unpaired_r4.merge)	COMPLETED	0	2026-09-29 11:05:01.964	8m 50s	8m 37s	5.5%	10.4 MB	26.5 MB	9.1 GB	4.6 GB	${HF_WORK_ROOT}/16/28e3b29056285ac63a6236eab1af07
614	6f/18b680	24370	RNASEQ:RNASEQ_QC:MERGE_FASTQ (E-ERAD-478.d35_male_unpaired_r3.merge)	COMPLETED	0	2026-09-29 11:06:31.722	7m 25s	7m 17s	7.1%	10.3 MB	26.5 MB	7.4 GB	3.7 GB	${HF_WORK_ROOT}/6f/18b68013bd4f895f10ec184bba5fae
610	70/d7933c	24369	RNASEQ:RNASEQ_QC:MERGE_FASTQ (E-ERAD-478.d21_female_paired_r2.merge)	COMPLETED	0	2026-09-29 11:06:01.660	8m	7m 44s	5.8%	10.3 MB	26.5 MB	8.5 GB	4.2 GB	${HF_WORK_ROOT}/70/d7933c0d05534b3f090036d7fe9721
672	30/b40889	24374	RNASEQ:RNASEQ_QC:FASTQC_MERGED (E-ERAD-478.d28_female_paired_r2.merged.R2)	COMPLETED	0	2026-09-29 11:12:51.679	2m 45s	2m 16s	71.7%	1.4 GB	5 GB	867.9 MB	3.1 MB	${HF_WORK_ROOT}/30/b4088913f1adf0961f17d8628567c4
642	e0/251c9a	24373	RNASEQ:RNASEQ_QC:MERGE_FASTQ (E-ERAD-478.d21_female_unpaired_r2.merge)	COMPLETED	0	2026-09-29 11:12:02.110	4m 44s	4m 21s	5.9%	10.4 MB	26.5 MB	5.6 GB	2.8 GB	${HF_WORK_ROOT}/e0/251c9a2a7f10323a207196f3ebd054
627	34/692958	24375	RNASEQ:RNASEQ_QC:MERGE_FASTQ (E-ERAD-478.d38_female_unpaired_r1.merge)	COMPLETED	0	2026-09-29 11:13:26.671	4m 10s	3m 46s	7.0%	10.2 MB	26.5 MB	5.9 GB	2.9 GB	${HF_WORK_ROOT}/34/692958f8027890eed32945269f94d8
632	70/49eda3	24380	RNASEQ:RNASEQ_QC:FASTQC_MERGED (E-ERAD-478.d35_female_unpaired_r2.merged.R2)	COMPLETED	0	2026-09-29 11:15:36.718	2m 35s	1m 57s	53.3%	1.4 GB	5 GB	454.1 MB	3.1 MB	${HF_WORK_ROOT}/70/49eda3690928b3b7f511dcc5a82b75
638	67/88130c	24372	RNASEQ:RNASEQ_QC:MERGE_FASTQ (E-ERAD-478.d38_female_unpaired_r4.merge)	COMPLETED	0	2026-09-29 11:12:01.943	6m 45s	6m 17s	6.2%	10.2 MB	26.5 MB	8 GB	4 GB	${HF_WORK_ROOT}/67/88130cd51b11addebebb5bcb52f878
650	4f/ea860b	24378	RNASEQ:RNASEQ_QC:MERGE_FASTQ (E-ERAD-478.d38_female_paired_r2.merge)	COMPLETED	0	2026-09-29 11:13:57.075	5m 50s	5m 35s	7.4%	10.3 MB	26.5 MB	6.6 GB	3.3 GB	${HF_WORK_ROOT}/4f/ea860b3b41f401d0693d019fdc957c
675	d8/e1c98a	24381	RNASEQ:RNASEQ_QC:FASTQC_MERGED (E-ERAD-478.d21_female_unpaired_r4.merged.R1)	COMPLETED	0	2026-09-29 11:16:46.725	3m 10s	2m 48s	61.6%	1.3 GB	4.9 GB	890.5 MB	3.1 MB	${HF_WORK_ROOT}/d8/e1c98a917adf1b264562096c1af52e
645	b6/f62835	24379	RNASEQ:RNASEQ_QC:MERGE_FASTQ (E-ERAD-478.d38_male_unpaired_r4.merge)	COMPLETED	0	2026-09-29 11:14:01.839	6m 45s	6m 1s	6.1%	10.3 MB	26.5 MB	7.6 GB	3.8 GB	${HF_WORK_ROOT}/b6/f62835605eb9aa0d8e9563536ce9b9
670	83/6d8caa	24383	RNASEQ:RNASEQ_QC:FASTQC_MERGED (E-ERAD-478.d21_female_paired_r1.merged.R2)	COMPLETED	0	2026-09-29 11:18:11.667	2m 40s	2m 2s	81.3%	1.4 GB	4.9 GB	942.4 MB	3.1 MB	${HF_WORK_ROOT}/83/6d8caaea8d9f1babfd34b01479e34f
661	69/5bf60d	24376	RNASEQ:RNASEQ_QC:MERGE_FASTQ (E-ERAD-478.d28_male_paired_r2.merge)	COMPLETED	0	2026-09-29 11:13:46.717	7m 15s	7m	6.3%	10.3 MB	26.5 MB	8.9 GB	4.5 GB	${HF_WORK_ROOT}/69/5bf60d99142958789cf9b569d527c1
656	45/b34328	24377	RNASEQ:RNASEQ_QC:MERGE_FASTQ (E-ERAD-478.d38_male_unpaired_r5.merge)	COMPLETED	0	2026-09-29 11:13:52.086	7m 10s	6m 18s	6.1%	10.3 MB	26.5 MB	8.2 GB	4.1 GB	${HF_WORK_ROOT}/45/b3432869d726c79a8f5531ed003e6f
651	6f/e0c9de	24384	RNASEQ:RNASEQ_QC:MERGE_FASTQ (E-ERAD-478.d35_male_unpaired_r2.merge)	COMPLETED	0	2026-09-29 11:18:47.278	3m 39s	3m 25s	7.3%	10.2 MB	26.5 MB	5.6 GB	2.8 GB	${HF_WORK_ROOT}/6f/e0c9de7368fc29f25f6011b89e9a9c
619	5c/4705c4	24382	RNASEQ:RNASEQ_QC:MERGE_FASTQ (E-ERAD-478.d28_male_paired_r3.merge)	COMPLETED	0	2026-09-29 11:17:36.775	5m 15s	4m 31s	6.9%	10.4 MB	26.5 MB	6.8 GB	3.4 GB	${HF_WORK_ROOT}/5c/4705c4655e0607a1f0c1a015f10884
669	6f/46b3bd	24388	RNASEQ:RNASEQ_QC:FASTQC_MERGED (E-ERAD-478.d21_female_paired_r1.merged.R1)	COMPLETED	0	2026-09-29 11:20:51.810	2m 10s	1m 44s	91.6%	1.4 GB	4.9 GB	901.6 MB	3.1 MB	${HF_WORK_ROOT}/6f/46b3bd5bdf976e0994559feb8c77a5
683	c3/1ebe6e	24387	RNASEQ:RNASEQ_QC:FASTQC_MERGED (E-ERAD-478.d21_female_paired_r2.merged.R1)	COMPLETED	0	2026-09-29 11:20:46.662	2m 45s	2m 5s	91.2%	1.3 GB	5 GB	1 GB	3.1 MB	${HF_WORK_ROOT}/c3/1ebe6ed3dfd109502914a4e0ba23a1
681	4b/8b4247	24386	RNASEQ:RNASEQ_QC:FASTQC_MERGED (E-ERAD-478.d35_male_unpaired_r3.merged.R1)	COMPLETED	0	2026-09-29 11:19:56.767	3m 40s	3m 2s	64.2%	1.3 GB	4.9 GB	946.6 MB	3.1 MB	${HF_WORK_ROOT}/4b/8b4247f137eb982ae0e66840c8f2ca
629	df/43ac9d	24385	RNASEQ:RNASEQ_QC:MERGE_FASTQ (E-ERAD-478.d38_female_paired_r3.merge)	COMPLETED	0	2026-09-29 11:19:46.684	4m 15s	3m 47s	10.7%	10.2 MB	26.5 MB	7.2 GB	3.6 GB	${HF_WORK_ROOT}/df/43ac9d3b93bd32c76ce764a4d55aaa
687	e9/54f855	24391	RNASEQ:RNASEQ_QC:FASTQC_MERGED (E-ERAD-478.d38_female_unpaired_r1.merged.R1)	COMPLETED	0	2026-09-29 11:22:26.720	1m 35s	1m 32s	87.3%	1.3 GB	4.9 GB	749.3 MB	3.1 MB	${HF_WORK_ROOT}/e9/54f855dbf06f880c446129d5e712d2
640	20/2d721d	24390	RNASEQ:RNASEQ_QC:MERGE_FASTQ (E-ERAD-478.d28_female_unpaired_r1.merge)	COMPLETED	0	2026-09-29 11:21:01.871	3m 40s	3m 19s	7.8%	10.2 MB	26.5 MB	5.7 GB	2.9 GB	${HF_WORK_ROOT}/20/2d721da5dec120264267c94e2aff3d
637	11/d1f763	24389	RNASEQ:RNASEQ_QC:MERGE_FASTQ (E-ERAD-478.d21_male_unpaired_r3.merge)	COMPLETED	0	2026-09-29 11:21:01.806	4m 10s	4m	8.3%	10.3 MB	26.5 MB	7.4 GB	3.7 GB	${HF_WORK_ROOT}/11/d1f76366d506b723b40714b4fef905
682	9d/61be7c	24392	RNASEQ:RNASEQ_QC:FASTQC_MERGED (E-ERAD-478.d35_male_unpaired_r3.merged.R2)	COMPLETED	0	2026-09-29 11:22:51.940	2m 40s	2m 28s	69.3%	1.3 GB	4.9 GB	978.2 MB	3.1 MB	${HF_WORK_ROOT}/9d/61be7c25ea00886734c3494a50dfb7
693	2d/985ec3	24394	RNASEQ:RNASEQ_QC:FASTQC_MERGED (E-ERAD-478.d38_male_unpaired_r4.merged.R1)	COMPLETED	0	2026-09-29 11:23:31.810	2m 35s	1m 45s	95.6%	1.3 GB	4.8 GB	967.2 MB	3.1 MB	${HF_WORK_ROOT}/2d/985ec30c6fbe1cc3809ca011c99799
671	d6/5487f5	24397	RNASEQ:RNASEQ_QC:FASTQC_MERGED (E-ERAD-478.d28_female_paired_r2.merged.R1)	COMPLETED	0	2026-09-29 11:24:02.133	2m 35s	1m 50s	87.7%	1.4 GB	5 GB	834.2 MB	3.1 MB	${HF_WORK_ROOT}/d6/5487f508bcd34c5db1abb252affa6e
674	29/daa9d4	24395	RNASEQ:RNASEQ_QC:FASTQC_MERGED (E-ERAD-478.d21_female_paired_r4.merged.R2)	COMPLETED	0	2026-09-29 11:23:36.749	3m 10s	2m 47s	61.6%	1.3 GB	4.9 GB	1 GB	3.1 MB	${HF_WORK_ROOT}/29/daa9d44040cdb36cc1aa9e7bdc5ecc
704	2b/39b5d6	24398	RNASEQ:RNASEQ_QC:FASTQC_MERGED (E-ERAD-478.d38_female_paired_r3.merged.R2)	COMPLETED	0	2026-09-29 11:24:41.856	2m 10s	1m 50s	84.0%	1.3 GB	4.9 GB	950.7 MB	3.1 MB	${HF_WORK_ROOT}/2b/39b5d623145893797a93d9ee01dba8
635	1f/567539	24393	RNASEQ:RNASEQ_QC:MERGE_FASTQ (E-ERAD-478.d38_male_paired_r1.merge)	COMPLETED	0	2026-09-29 11:23:01.753	4m	3m 44s	10.0%	10.2 MB	26.5 MB	8.5 GB	4.2 GB	${HF_WORK_ROOT}/1f/5675397c53b286e719dc910532a1a6
667	70/3ebe58	24396	RNASEQ:RNASEQ_QC:MERGE_FASTQ (E-ERAD-478.d35_male_paired_r1.merge)	COMPLETED	0	2026-09-29 11:24:02.037	3m 40s	3m 19s	13.8%	10.3 MB	26.5 MB	8.4 GB	4.2 GB	${HF_WORK_ROOT}/70/3ebe585f429244194e9209c8b9d82d
684	22/5b54fe	24399	RNASEQ:RNASEQ_QC:FASTQC_MERGED (E-ERAD-478.d21_female_paired_r2.merged.R2)	COMPLETED	0	2026-09-29 11:25:11.772	2m 40s	2m 6s	90.4%	1.3 GB	4.8 GB	1.1 GB	3.1 MB	${HF_WORK_ROOT}/22/5b54fea40983ad74c0193d5e4eaf52
692	f0/4b824d	24400	RNASEQ:RNASEQ_QC:FASTQC_MERGED (E-ERAD-478.d38_female_paired_r2.merged.R2)	COMPLETED	0	2026-09-29 11:25:31.972	2m 40s	2m 30s	66.6%	1.3 GB	4.9 GB	889.5 MB	3.1 MB	${HF_WORK_ROOT}/f0/4b824d0d85f4a6edc44e9243b89c78
708	e5/144d3a	24402	RNASEQ:RNASEQ_QC:FASTQC_MERGED (E-ERAD-478.d21_male_unpaired_r3.merged.R2)	COMPLETED	0	2026-09-29 11:26:36.752	2m 10s	1m 42s	90.4%	1.4 GB	4.9 GB	977.3 MB	3.1 MB	${HF_WORK_ROOT}/e5/144d3a78026f89b4e129defdeb177a
673	ea/132cf8	24403	RNASEQ:RNASEQ_QC:FASTQC_MERGED (E-ERAD-478.d21_female_paired_r4.merged.R1)	COMPLETED	0	2026-09-29 11:26:46.771	2m 40s	2m 28s	71.0%	1.4 GB	5 GB	1017 MB	3.1 MB	${HF_WORK_ROOT}/ea/132cf8045c583169bf1619244a9aaa
678	fa/9288e2	24408	RNASEQ:RNASEQ_QC:FASTQC_MERGED (E-ERAD-478.d21_male_paired_r3.merged.R2)	COMPLETED	0	2026-09-29 11:28:11.786	2m 35s	2m 31s	80.9%	1.3 GB	4.9 GB	1.1 GB	3.1 MB	${HF_WORK_ROOT}/fa/9288e29dfea53f5dd193a64b29e8b5
653	89/9a51ab	24404	RNASEQ:RNASEQ_QC:MERGE_FASTQ (E-ERAD-478.d21_female_unpaired_r1.merge)	COMPLETED	0	2026-09-29 11:26:51.764	4m 10s	3m 54s	7.4%	10.2 MB	26.5 MB	6.3 GB	3.2 GB	${HF_WORK_ROOT}/89/9a51ab8dd943ad6b030d0244b5b996
633	94/8af993	24401	RNASEQ:RNASEQ_QC:MERGE_FASTQ (E-ERAD-478.d28_female_paired_r3.merge)	COMPLETED	0	2026-09-29 11:26:06.807	5m 45s	5m 12s	7.5%	10.3 MB	26.5 MB	8.9 GB	4.4 GB	${HF_WORK_ROOT}/94/8af99339fc1e4a526778d890921ce0
617	a5/66675c	24405	RNASEQ:RNASEQ_QC:MERGE_FASTQ (E-ERAD-478.d35_female_paired_r2.merge)	COMPLETED	0	2026-09-29 11:27:01.783	5m 5s	4m 35s	7.0%	10.3 MB	26.5 MB	7.3 GB	3.7 GB	${HF_WORK_ROOT}/a5/66675cf1cee4c955d835fa8a3fa262
680	04/ea695b	24406	RNASEQ:RNASEQ_QC:FASTQC_MERGED (E-ERAD-478.d21_male_unpaired_r4.merged.R2)	COMPLETED	0	2026-09-29 11:27:41.830	4m 40s	4m 17s	56.7%	1.4 GB	4.9 GB	1.2 GB	3.1 MB	${HF_WORK_ROOT}/04/ea695b2956ca7c67ee59706589e2ef
711	0f/e753dd	24411	RNASEQ:RNASEQ_QC:FASTQC_MERGED (E-ERAD-478.d35_male_paired_r1.merged.R1)	COMPLETED	0	2026-09-29 11:30:46.766	2m 40s	2m 32s	74.4%	1.4 GB	4.9 GB	1 GB	3.1 MB	${HF_WORK_ROOT}/0f/e753dd74d9e323432a4b8196c0cf9e
647	0a/0b4b26	24407	RNASEQ:RNASEQ_QC:MERGE_FASTQ (E-ERAD-478.d35_female_unpaired_r1.merge)	COMPLETED	0	2026-09-29 11:27:51.998	5m 45s	5m 34s	6.7%	10.2 MB	26.5 MB	8.5 GB	4.3 GB	${HF_WORK_ROOT}/0a/0b4b2639758267feea666c6d32cb98
634	df/3c7d93	24410	RNASEQ:RNASEQ_QC:MERGE_FASTQ (E-ERAD-478.d28_male_unpaired_r2.merge)	COMPLETED	0	2026-09-29 11:29:27.477	4m 39s	4m 8s	7.0%	10.3 MB	26.5 MB	6.2 GB	3.1 GB	${HF_WORK_ROOT}/df/3c7d9366540cea8f7ef613fc1da743
657	56/de13d6	24409	RNASEQ:RNASEQ_QC:MERGE_FASTQ (E-ERAD-478.d38_male_paired_r2.merge)	COMPLETED	0	2026-09-29 11:28:46.754	6m 20s	6m 9s	7.3%	10.3 MB	26.5 MB	9.5 GB	4.7 GB	${HF_WORK_ROOT}/56/de13d6119cd491b3034fcbc4669107
655	c0/108321	24415	RNASEQ:RNASEQ_QC:MERGE_FASTQ (E-ERAD-478.d21_male_paired_r2.merge)	COMPLETED	0	2026-09-29 11:32:21.911	2m 45s	2m 32s	6.1%	10.4 MB	26.5 MB	3.3 GB	1.7 GB	${HF_WORK_ROOT}/c0/108321b5ff5ee3f21c9b7848ae68ea
679	0d/7bd2d4	24412	RNASEQ:RNASEQ_QC:FASTQC_MERGED (E-ERAD-478.d21_male_unpaired_r4.merged.R1)	COMPLETED	0	2026-09-29 11:31:02.087	4m 40s	4m	60.4%	1.3 GB	5 GB	1.1 GB	3.1 MB	${HF_WORK_ROOT}/0d/7bd2d4594b9cebeb22d5284ccc0b75
701	45/1f5b12	24414	RNASEQ:RNASEQ_QC:FASTQC_MERGED (E-ERAD-478.d28_male_paired_r3.merged.R1)	COMPLETED	0	2026-09-29 11:32:06.757	3m 35s	2m 55s	71.7%	1.3 GB	5 GB	861.5 MB	3.1 MB	${HF_WORK_ROOT}/45/1f5b12672d303632d230b12958e279
722	ab/13b94f	24422	RNASEQ:RNASEQ_QC:FASTQC_MERGED (E-ERAD-478.d28_male_unpaired_r2.merged.R2)	COMPLETED	0	2026-09-29 11:35:42.722	2m 39s	2m	66.8%	1.4 GB	4.9 GB	821.1 MB	3.1 MB	${HF_WORK_ROOT}/ab/13b94f768a561c2dbef3c222a578cd
639	7c/90098f	24413	RNASEQ:RNASEQ_QC:MERGE_FASTQ (E-ERAD-478.d28_male_paired_r1.merge)	COMPLETED	0	2026-09-29 11:31:51.879	6m 45s	6m 12s	6.5%	10.1 MB	26.5 MB	8.8 GB	4.4 GB	${HF_WORK_ROOT}/7c/90098fd263588fe68a52ca439e20af
652	6c/57553f	24416	RNASEQ:RNASEQ_QC:MERGE_FASTQ (E-ERAD-478.d21_female_unpaired_r3.merge)	COMPLETED	0	2026-09-29 11:33:26.814	5m 40s	5m 17s	6.5%	10.4 MB	26.5 MB	7.2 GB	3.6 GB	${HF_WORK_ROOT}/6c/57553fddcdedb6376970e3526e480f
721	9d/e3a35c	24421	RNASEQ:RNASEQ_QC:FASTQC_MERGED (E-ERAD-478.d28_male_unpaired_r2.merged.R1)	COMPLETED	0	2026-09-29 11:35:41.927	3m 25s	3m 8s	52.9%	1.4 GB	5 GB	794.2 MB	3.1 MB	${HF_WORK_ROOT}/9d/e3a35c987977a85fa933a0542af8e2
636	ce/ce21d2	24418	RNASEQ:RNASEQ_QC:MERGE_FASTQ (E-ERAD-478.d28_female_unpaired_r2.merge)	COMPLETED	0	2026-09-29 11:34:06.906	5m 40s	4m 56s	6.5%	10.3 MB	26.5 MB	6.8 GB	3.4 GB	${HF_WORK_ROOT}/ce/ce21d28d91c9416dd1a476117f6b7a
618	e9/26d37b	24417	RNASEQ:RNASEQ_QC:MERGE_FASTQ (E-ERAD-478.d21_male_paired_r1.merge)	COMPLETED	0	2026-09-29 11:33:36.788	6m 20s	5m 43s	6.5%	10.1 MB	26.5 MB	7.7 GB	3.8 GB	${HF_WORK_ROOT}/e9/26d37bd1f7ec36826d717bcf78d5bb
643	b6/d55b07	24419	RNASEQ:RNASEQ_QC:MERGE_FASTQ (E-ERAD-478.d35_female_paired_r3.merge)	COMPLETED	0	2026-09-29 11:35:06.806	6m 15s	5m 53s	8.4%	10.2 MB	26.5 MB	7.9 GB	4 GB	${HF_WORK_ROOT}/b6/d55b07f7288175d4644d863ab079b2
720	58/01b8b9	24427	RNASEQ:RNASEQ_QC:FASTQC_MERGED (E-ERAD-478.d35_female_unpaired_r1.merged.R2)	COMPLETED	0	2026-09-29 11:39:46.979	2m 40s	2m 29s	79.4%	1.4 GB	4.9 GB	1.1 GB	3.1 MB	${HF_WORK_ROOT}/58/01b8b98df73ed2554342a0caeb942a
695	31/eb0470	24423	RNASEQ:RNASEQ_QC:FASTQC_MERGED (E-ERAD-478.d28_male_paired_r2.merged.R1)	COMPLETED	0	2026-09-29 11:38:21.929	4m 15s	3m 45s	58.1%	1.3 GB	4.8 GB	1.1 GB	3.1 MB	${HF_WORK_ROOT}/31/eb047078ed15b3dc06944c735649cc
698	d2/692cb6	24428	RNASEQ:RNASEQ_QC:FASTQC_MERGED (E-ERAD-478.d38_male_unpaired_r5.merged.R2)	COMPLETED	0	2026-09-29 11:39:56.790	4m 15s	4m 4s	56.3%	1.3 GB	5 GB	1.1 GB	3.1 MB	${HF_WORK_ROOT}/d2/692cb61a1dad2a978f4726824627f3
616	25/208d67	24424	RNASEQ:RNASEQ_QC:MERGE_FASTQ (E-ERAD-478.d35_male_unpaired_r4.merge)	COMPLETED	0	2026-09-29 11:38:36.748	5m 40s	5m 31s	6.6%	10.3 MB	26.5 MB	7.9 GB	4 GB	${HF_WORK_ROOT}/25/208d6751d584ab76dd41587127541a
620	81/0e5f1f	24425	RNASEQ:RNASEQ_QC:MERGE_FASTQ (E-ERAD-478.d28_male_paired_r4.merge)	COMPLETED	0	2026-09-29 11:39:06.804	5m 35s	5m 31s	6.6%	10.1 MB	26.5 MB	7.7 GB	3.9 GB	${HF_WORK_ROOT}/81/0e5f1f144aaa75bba7ebd4ec33ec30
707	69/b5cf93	24430	RNASEQ:RNASEQ_QC:FASTQC_MERGED (E-ERAD-478.d21_male_unpaired_r3.merged.R1)	COMPLETED	0	2026-09-29 11:42:26.851	2m 40s	2m 9s	78.6%	1.4 GB	4.9 GB	945 MB	3.1 MB	${HF_WORK_ROOT}/69/b5cf93b59a250b5cc35d96072e1eee
623	5a/eee7a2	24426	RNASEQ:RNASEQ_QC:MERGE_FASTQ (E-ERAD-478.d38_male_paired_r3.merge)	COMPLETED	0	2026-09-29 11:39:06.891	6m 10s	5m 56s	6.5%	10.2 MB	26.5 MB	8.3 GB	4.2 GB	${HF_WORK_ROOT}/5a/eee7a2cae8fa3304be1c3ef3594c97
644	08/e0cc3e	24420	RNASEQ:RNASEQ_QC:MERGE_FASTQ (E-ERAD-478.d28_male_unpaired_r3.merge)	COMPLETED	0	2026-09-29 11:35:06.901	10m 20s	10m 13s	6.3%	10.3 MB	26.5 MB	13.4 GB	6.7 GB	${HF_WORK_ROOT}/08/e0cc3e3e3d0432faee46fdc5441469
663	b1/1e3d36	24429	RNASEQ:RNASEQ_QC:MERGE_FASTQ (E-ERAD-478.d21_male_paired_r4.merge)	COMPLETED	0	2026-09-29 11:41:21.774	5m 15s	4m 52s	9.7%	10.3 MB	26.5 MB	8.1 GB	4 GB	${HF_WORK_ROOT}/b1/1e3d368e1a03b7fc0bcb68c9dcaf72
718	f3/3dd8df	24432	RNASEQ:RNASEQ_QC:FASTQC_MERGED (E-ERAD-478.d35_female_paired_r2.merged.R2)	COMPLETED	0	2026-09-29 11:44:11.816	2m 40s	2m 33s	70.5%	1.3 GB	4.9 GB	982.4 MB	3.1 MB	${HF_WORK_ROOT}/f3/3dd8df5b722bbcbd31e950eac1f341
703	73/c933a0	24433	RNASEQ:RNASEQ_QC:FASTQC_MERGED (E-ERAD-478.d38_female_paired_r3.merged.R1)	COMPLETED	0	2026-09-29 11:44:16.930	2m 35s	2m 22s	69.9%	1.3 GB	5 GB	905.4 MB	3.1 MB	${HF_WORK_ROOT}/73/c933a0d70b0c5dbf1f11de84066c7d
658	28/21e4bc	24431	RNASEQ:RNASEQ_QC:MERGE_FASTQ (E-ERAD-478.d38_female_paired_r1.merge)	COMPLETED	0	2026-09-29 11:42:37.355	4m 39s	4m 8s	8.2%	10.3 MB	26.5 MB	7.7 GB	3.8 GB	${HF_WORK_ROOT}/28/21e4bcb5a07c087065f569bfca9116
717	9e/5b3e82	24434	RNASEQ:RNASEQ_QC:FASTQC_MERGED (E-ERAD-478.d35_female_paired_r2.merged.R1)	COMPLETED	0	2026-09-29 11:44:42.161	2m 35s	2m 22s	73.1%	1.3 GB	5 GB	920.2 MB	3.2 MB	${HF_WORK_ROOT}/9e/5b3e823ec63fa18d6dac3c66250122
727	9d/42faad	24435	RNASEQ:RNASEQ_QC:FASTQC_MERGED (E-ERAD-478.d28_male_paired_r1.merged.R1)	COMPLETED	0	2026-09-29 11:45:06.857	2m 35s	2m 5s	93.0%	1.3 GB	5 GB	1.1 GB	3.1 MB	${HF_WORK_ROOT}/9d/42faad2bf8c7326c2ed84729dc9294
689	0f/aebfbf	24436	RNASEQ:RNASEQ_QC:FASTQC_MERGED (E-ERAD-478.d38_female_unpaired_r4.merged.R1)	COMPLETED	0	2026-09-29 11:45:16.832	2m 40s	2m 35s	70.2%	1.3 GB	4.9 GB	1012.7 MB	3.1 MB	${HF_WORK_ROOT}/0f/aebfbf49e1e600cf19abcfe482f436
621	3c/384a34	24437	RNASEQ:RNASEQ_QC:MERGE_FASTQ (E-ERAD-478.d28_female_paired_r1.merge)	COMPLETED	0	2026-09-29 11:45:26.780	3m 35s	3m 7s	11.1%	10.3 MB	26.5 MB	7.8 GB	3.9 GB	${HF_WORK_ROOT}/3c/384a349995f459385ec38b764b5789
716	26/6172db	24440	RNASEQ:RNASEQ_QC:FASTQC_MERGED (E-ERAD-478.d28_female_paired_r3.merged.R2)	COMPLETED	0	2026-09-29 11:46:51.918	2m 40s	1m 58s	92.1%	1.3 GB	4.9 GB	1.2 GB	3.1 MB	${HF_WORK_ROOT}/26/6172db94a4e55f2faa90a60972cfad
713	19/52a914	24439	RNASEQ:RNASEQ_QC:FASTQC_MERGED (E-ERAD-478.d21_female_unpaired_r1.merged.R1)	COMPLETED	0	2026-09-29 11:46:51.843	2m 40s	2m 3s	72.6%	1.3 GB	4.8 GB	800.8 MB	3.1 MB	${HF_WORK_ROOT}/19/52a914ca9f3e5c52c59a1bdec7af50
662	ca/5180e5	24438	RNASEQ:RNASEQ_QC:MERGE_FASTQ (E-ERAD-478.d35_female_unpaired_r3.merge)	COMPLETED	0	2026-09-29 11:46:36.853	3m 10s	2m 50s	13.7%	10.4 MB	26.5 MB	7.4 GB	3.7 GB	${HF_WORK_ROOT}/ca/5180e51a91a22849ce17a2357cd5a1
715	cb/0bd30d	24441	RNASEQ:RNASEQ_QC:FASTQC_MERGED (E-ERAD-478.d28_female_paired_r3.merged.R1)	COMPLETED	0	2026-09-29 11:47:16.833	2m 35s	2m 26s	81.4%	1.3 GB	5 GB	1.1 GB	3.1 MB	${HF_WORK_ROOT}/cb/0bd30d6ee16d59d5b281aac9108fff
719	dc/8063e5	24442	RNASEQ:RNASEQ_QC:FASTQC_MERGED (E-ERAD-478.d35_female_unpaired_r1.merged.R1)	COMPLETED	0	2026-09-29 11:47:17.048	3m	2m 44s	72.9%	1.3 GB	4.9 GB	1.1 GB	3.1 MB	${HF_WORK_ROOT}/dc/8063e576ef91298e76f0c2e4c9f98e
728	a1/957b78	24443	RNASEQ:RNASEQ_QC:FASTQC_MERGED (E-ERAD-478.d28_male_paired_r1.merged.R2)	COMPLETED	0	2026-09-29 11:47:41.861	2m 40s	2m 18s	80.3%	1.3 GB	4.9 GB	1.1 GB	3.1 MB	${HF_WORK_ROOT}/a1/957b78f68a51235ca841304554364f
625	57/3d2b67	24444	RNASEQ:RNASEQ_QC:MERGE_FASTQ (E-ERAD-478.d21_male_unpaired_r1.merge)	COMPLETED	0	2026-09-29 11:47:56.774	2m 40s	2m 19s	14.6%	10.2 MB	26.5 MB	7.7 GB	3.9 GB	${HF_WORK_ROOT}/57/3d2b67c79ef7f313bb2e127bae3ae5
745	81/cf42e9	24445	RNASEQ:RNASEQ_QC:FASTQC_MERGED (E-ERAD-478.d21_male_paired_r4.merged.R1)	COMPLETED	0	2026-09-29 11:49:01.864	2m 35s	1m 41s	98.8%	1.3 GB	4.9 GB	1018.3 MB	3.1 MB	${HF_WORK_ROOT}/81/cf42e9326a6ae371b42213c80433f9
666	f9/74bad6	24449	RNASEQ:RNASEQ_QC:MERGE_FASTQ (E-ERAD-478.d38_male_unpaired_r6.merge)	COMPLETED	0	2026-09-29 11:49:51.894	2m 5s	1m 36s	20.8%	10.2 MB	26.5 MB	7.5 GB	3.8 GB	${HF_WORK_ROOT}/f9/74bad61583fcf9e1f335c1ae736e17
742	a8/edd979	24446	RNASEQ:RNASEQ_QC:FASTQC_MERGED (E-ERAD-478.d38_male_paired_r3.merged.R2)	COMPLETED	0	2026-09-29 11:49:31.840	2m 35s	2m 24s	90.5%	1.3 GB	4.9 GB	1.1 GB	3.1 MB	${HF_WORK_ROOT}/a8/edd9798959800322100689b3177340
694	84/89afc1	24448	RNASEQ:RNASEQ_QC:FASTQC_MERGED (E-ERAD-478.d38_male_unpaired_r4.merged.R2)	COMPLETED	0	2026-09-29 11:49:46.837	2m 40s	1m 46s	102.9%	1.3 GB	5 GB	1009.5 MB	3.1 MB	${HF_WORK_ROOT}/84/89afc1824ff989dd75007fdf2d15cd
752	5a/2beb03	24452	RNASEQ:RNASEQ_QC:FASTQC_MERGED (E-ERAD-478.d35_female_unpaired_r3.merged.R2)	COMPLETED	0	2026-09-29 11:50:36.828	2m 10s	1m 37s	102.7%	1.3 GB	4.9 GB	984.4 MB	3.1 MB	${HF_WORK_ROOT}/5a/2beb03a41993f94a3585d26b68bee3
709	06/4e7a89	24450	RNASEQ:RNASEQ_QC:FASTQC_MERGED (E-ERAD-478.d38_male_paired_r1.merged.R1)	COMPLETED	0	2026-09-29 11:50:16.821	2m 35s	1m 58s	95.5%	1.3 GB	5 GB	1.1 GB	3.1 MB	${HF_WORK_ROOT}/06/4e7a8961ea6f20395c7a9bea116b14
690	a2/262b3b	24451	RNASEQ:RNASEQ_QC:FASTQC_MERGED (E-ERAD-478.d38_female_unpaired_r4.merged.R2)	COMPLETED	0	2026-09-29 11:50:21.825	2m 35s	1m 48s	98.0%	1.4 GB	4.9 GB	1 GB	3.1 MB	${HF_WORK_ROOT}/a2/262b3b7c17506bc19e1e23515b36d9
743	a6/bf0eb0	24447	RNASEQ:RNASEQ_QC:FASTQC_MERGED (E-ERAD-478.d28_male_unpaired_r3.merged.R1)	COMPLETED	0	2026-09-29 11:49:31.956	3m 35s	2m 56s	93.7%	1.3 GB	4.9 GB	1.7 GB	3.1 MB	${HF_WORK_ROOT}/a6/bf0eb0f0fb81ee5c45b66e088ef61f
691	57/ca4866	24453	RNASEQ:RNASEQ_QC:FASTQC_MERGED (E-ERAD-478.d38_female_paired_r2.merged.R1)	COMPLETED	0	2026-09-29 11:51:36.822	2m 40s	1m 45s	89.9%	1.3 GB	4.9 GB	827.8 MB	3.1 MB	${HF_WORK_ROOT}/57/ca4866a40523aa7580e1c54e782c27
746	07/c66622	24454	RNASEQ:RNASEQ_QC:FASTQC_MERGED (E-ERAD-478.d21_male_paired_r4.merged.R2)	COMPLETED	0	2026-09-29 11:51:56.805	2m 35s	1m 48s	100.2%	1.4 GB	4.9 GB	1 GB	3.1 MB	${HF_WORK_ROOT}/07/c6662230a5b3dcb6613cb300e49f49
730	84/ec9183	24455	RNASEQ:RNASEQ_QC:FASTQC_MERGED (E-ERAD-478.d21_female_unpaired_r3.merged.R2)	COMPLETED	0	2026-09-29 11:52:06.845	2m 40s	2m 15s	89.1%	1.3 GB	5 GB	944.6 MB	3.1 MB	${HF_WORK_ROOT}/84/ec9183935c25ab6ec354e76370bbeb
622	b3/8d8fb4	24456	RNASEQ:RNASEQ_QC:MERGE_FASTQ (E-ERAD-478.d28_female_paired_r4.merge)	COMPLETED	0	2026-09-29 11:52:26.758	2m 40s	2m	19.7%	10.3 MB	26.5 MB	9.2 GB	4.6 GB	${HF_WORK_ROOT}/b3/8d8fb4601f164aeb20616ba09333bc
710	d2/fe390a	24459	RNASEQ:RNASEQ_QC:FASTQC_MERGED (E-ERAD-478.d38_male_paired_r1.merged.R2)	COMPLETED	0	2026-09-29 11:52:56.817	2m 10s	2m 7s	91.7%	1.3 GB	4.8 GB	1.1 GB	3.1 MB	${HF_WORK_ROOT}/d2/fe390a38a18a28132f49817906bc81
734	df/baa5d7	24457	RNASEQ:RNASEQ_QC:FASTQC_MERGED (E-ERAD-478.d21_male_paired_r1.merged.R2)	COMPLETED	0	2026-09-29 11:52:46.879	2m 35s	1m 57s	90.7%	1.3 GB	4.8 GB	1014.4 MB	3.1 MB	${HF_WORK_ROOT}/df/baa5d7e26f134017970bb9f72f0689
723	99/017040	24458	RNASEQ:RNASEQ_QC:FASTQC_MERGED (E-ERAD-478.d38_male_paired_r2.merged.R1)	COMPLETED	0	2026-09-29 11:52:51.808	2m 35s	2m 23s	91.0%	1.3 GB	4.9 GB	1.2 GB	3.1 MB	${HF_WORK_ROOT}/99/017040578ff119f0020422ad895c9b
697	c7/1df0f3	24460	RNASEQ:RNASEQ_QC:FASTQC_MERGED (E-ERAD-478.d38_male_unpaired_r5.merged.R1)	COMPLETED	0	2026-09-29 11:53:06.856	2m 40s	1m 58s	93.6%	1.3 GB	4.9 GB	1 GB	3.1 MB	${HF_WORK_ROOT}/c7/1df0f3a7920b908cb0074623cfbb64
747	f1/b562b1	24461	RNASEQ:RNASEQ_QC:FASTQC_MERGED (E-ERAD-478.d38_female_paired_r1.merged.R1)	COMPLETED	0	2026-09-29 11:54:16.828	1m 40s	1m 36s	103.4%	1.3 GB	4.9 GB	956.9 MB	3.2 MB	${HF_WORK_ROOT}/f1/b562b1dd49b71c5dc1fc739b8e5759
739	33/ce7a1e	24462	RNASEQ:RNASEQ_QC:FASTQC_MERGED (E-ERAD-478.d28_male_paired_r4.merged.R1)	COMPLETED	0	2026-09-29 11:54:31.831	2m 35s	1m 40s	104.3%	1.4 GB	5 GB	977.3 MB	3 MB	${HF_WORK_ROOT}/33/ce7a1e5ab2aec3ee6466a017005b08
748	df/048b81	24464	RNASEQ:RNASEQ_QC:FASTQC_MERGED (E-ERAD-478.d38_female_paired_r1.merged.R2)	COMPLETED	0	2026-09-29 11:55:06.846	2m 10s	1m 39s	100.3%	1.3 GB	4.9 GB	1 GB	3.1 MB	${HF_WORK_ROOT}/df/048b812eaeb20feaf7e24c5757968b
659	7b/80c396	24468	RNASEQ:RNASEQ_QC:MERGE_FASTQ (E-ERAD-478.d28_male_unpaired_r1.merge)	COMPLETED	0	2026-09-29 11:55:46.825	1m 35s	1m 34s	21.5%	10.3 MB	26.5 MB	8.1 GB	4.1 GB	${HF_WORK_ROOT}/7b/80c396ceccbdcb254797a14b866a25
738	57/1e158c	24463	RNASEQ:RNASEQ_QC:FASTQC_MERGED (E-ERAD-478.d35_male_unpaired_r4.merged.R2)	COMPLETED	0	2026-09-29 11:54:46.824	2m 40s	1m 45s	102.5%	1.3 GB	4.9 GB	1 GB	3.1 MB	${HF_WORK_ROOT}/57/1e158cb6b27b64e33a6088dfb342cb
756	70/660dfc	24466	RNASEQ:RNASEQ_QC:FASTQC_MERGED (E-ERAD-478.d38_male_unpaired_r6.merged.R2)	COMPLETED	0	2026-09-29 11:55:21.836	2m 10s	1m 43s	98.3%	1.4 GB	5 GB	1008.7 MB	3.1 MB	${HF_WORK_ROOT}/70/660dfc8c2e37099e69bd09b30e250d
688	6e/dc3fd6	24469	RNASEQ:RNASEQ_QC:FASTQC_MERGED (E-ERAD-478.d38_female_unpaired_r1.merged.R2)	COMPLETED	0	2026-09-29 11:55:56.836	1m 35s	1m 27s	94.2%	1.3 GB	4.8 GB	781.4 MB	3.1 MB	${HF_WORK_ROOT}/6e/dc3fd6aa62f0fea52bb4e4dac47d84
749	d9/4269b2	24465	RNASEQ:RNASEQ_QC:FASTQC_MERGED (E-ERAD-478.d28_female_paired_r1.merged.R1)	COMPLETED	0	2026-09-29 11:55:06.912	2m 40s	1m 45s	96.4%	1.3 GB	4.9 GB	984.3 MB	3.1 MB	${HF_WORK_ROOT}/d9/4269b25c987fcfc957ee156ff4c024
758	12/c3894f	24467	RNASEQ:RNASEQ_QC:FASTQC_MERGED (E-ERAD-478.d28_female_paired_r4.merged.R2)	COMPLETED	0	2026-09-29 11:55:26.818	2m 35s	1m 59s	102.4%	1.3 GB	4.8 GB	1.2 GB	3.1 MB	${HF_WORK_ROOT}/12/c3894fbc5972d9ec41759ac148805d
624	6d/97ef58	24471	RNASEQ:RNASEQ_QC:MERGE_FASTQ (E-ERAD-478.d35_male_paired_r2.merge)	COMPLETED	0	2026-09-29 11:57:16.785	2m 5s	1m 45s	18.1%	10.2 MB	26.5 MB	7.5 GB	3.7 GB	${HF_WORK_ROOT}/6d/97ef58d4eb17ce105c315f4ace973d
686	00/81a581	24472	RNASEQ:RNASEQ_QC:FASTQC_MERGED (E-ERAD-478.d21_female_unpaired_r2.merged.R2)	COMPLETED	0	2026-09-29 11:57:21.831	2m 5s	1m 35s	85.9%	1.3 GB	4.9 GB	739.6 MB	3.1 MB	${HF_WORK_ROOT}/00/81a581926c2ba0eb307cf157e4fc09
631	f6/e60b06	24477	RNASEQ:RNASEQ_QC:FASTQC_MERGED (E-ERAD-478.d35_female_unpaired_r2.merged.R1)	COMPLETED	0	2026-09-29 11:58:01.822	1m 35s	1m 5s	91.8%	1.3 GB	4.9 GB	441.3 MB	3 MB	${HF_WORK_ROOT}/f6/e60b064ba873b45605dcc7917116bb
754	80/bbe0bb	24470	RNASEQ:RNASEQ_QC:FASTQC_MERGED (E-ERAD-478.d21_male_unpaired_r1.merged.R2)	COMPLETED	0	2026-09-29 11:57:06.844	2m 35s	2m 2s	100.2%	1.3 GB	4.8 GB	1 GB	3.1 MB	${HF_WORK_ROOT}/80/bbe0bb378a111e3bd45fad57dfe59e
714	c1/d627e5	24473	RNASEQ:RNASEQ_QC:FASTQC_MERGED (E-ERAD-478.d21_female_unpaired_r1.merged.R2)	COMPLETED	0	2026-09-29 11:57:26.933	2m 35s	1m 38s	92.5%	1.4 GB	4.9 GB	841.9 MB	3.1 MB	${HF_WORK_ROOT}/c1/d627e57dd4e998a5bd705d8bb2675f
736	a4/f124c0	24475	RNASEQ:RNASEQ_QC:FASTQC_MERGED (E-ERAD-478.d35_female_paired_r3.merged.R2)	COMPLETED	0	2026-09-29 11:57:32.025	2m 40s	1m 46s	91.2%	1.3 GB	4.9 GB	1 GB	3.1 MB	${HF_WORK_ROOT}/a4/f124c0e556a2e7d59f4d88ddd56d2a
735	7e/68af79	24474	RNASEQ:RNASEQ_QC:FASTQC_MERGED (E-ERAD-478.d35_female_paired_r3.merged.R1)	COMPLETED	0	2026-09-29 11:57:31.920	2m 45s	1m 48s	89.8%	1.3 GB	4.9 GB	993.4 MB	3.1 MB	${HF_WORK_ROOT}/7e/68af7935c9066f78e16e9eadc0200f
676	ab/5be063	24476	RNASEQ:RNASEQ_QC:FASTQC_MERGED (E-ERAD-478.d21_female_unpaired_r4.merged.R2)	COMPLETED	0	2026-09-29 11:57:46.818	2m 40s	1m 53s	89.0%	1.4 GB	5 GB	921 MB	3.1 MB	${HF_WORK_ROOT}/ab/5be063f0285bad46653bab63b45557
725	35/bda346	24478	RNASEQ:RNASEQ_QC:FASTQC_MERGED (E-ERAD-478.d21_male_paired_r2.merged.R1)	COMPLETED	0	2026-09-29 11:59:21.858	1m 5s	46.3s	105.6%	1.3 GB	4.9 GB	430.6 MB	3.1 MB	${HF_WORK_ROOT}/35/bda3466321bdce5019fcf8e82d2ad7
753	ee/548673	24479	RNASEQ:RNASEQ_QC:FASTQC_MERGED (E-ERAD-478.d21_male_unpaired_r1.merged.R1)	COMPLETED	0	2026-09-29 11:59:26.969	2m 40s	2m 2s	82.6%	1.3 GB	5 GB	981.9 MB	3.1 MB	${HF_WORK_ROOT}/ee/548673a5caed3421cf3462f24418a2
700	0c/4ea6a4	24480	RNASEQ:RNASEQ_QC:FASTQC_MERGED (E-ERAD-478.d35_male_unpaired_r2.merged.R2)	COMPLETED	0	2026-09-29 11:59:36.815	2m 40s	1m 52s	77.8%	1.3 GB	5 GB	735.7 MB	3.1 MB	${HF_WORK_ROOT}/0c/4ea6a4d66a533af5de53cde1931c67
740	ba/63f73f	24481	RNASEQ:RNASEQ_QC:FASTQC_MERGED (E-ERAD-478.d28_male_paired_r4.merged.R2)	COMPLETED	0	2026-09-29 11:59:41.838	2m 40s	1m 55s	97.1%	1.4 GB	4.9 GB	1 GB	3.1 MB	${HF_WORK_ROOT}/ba/63f73f3b7f0b2fd35a71b3e5fcab7f
626	d4/e4d9bd	24482	RNASEQ:RNASEQ_QC:MERGE_FASTQ (E-ERAD-478.d38_male_unpaired_r3.merge)	COMPLETED	0	2026-09-29 12:00:01.825	2m 40s	1m 46s	14.1%	10.2 MB	26.5 MB	5.3 GB	2.7 GB	${HF_WORK_ROOT}/d4/e4d9bd1193ee40656d0f69e74deb4a
757	31/3b10fb	24483	RNASEQ:RNASEQ_QC:FASTQC_MERGED (E-ERAD-478.d28_female_paired_r4.merged.R1)	COMPLETED	0	2026-09-29 12:00:11.825	2m 35s	2m 17s	94.4%	1.3 GB	5 GB	1.1 GB	3.1 MB	${HF_WORK_ROOT}/31/3b10fbb62694cb4b607fb7b3bd6ebc
677	b2/f35821	24484	RNASEQ:RNASEQ_QC:FASTQC_MERGED (E-ERAD-478.d21_male_paired_r3.merged.R1)	COMPLETED	0	2026-09-29 12:00:16.926	3m	2m 52s	69.8%	1.4 GB	4.9 GB	1 GB	3.1 MB	${HF_WORK_ROOT}/b2/f358214d682c249f4394b4cdba2ff9
628	ec/c8adf3	24485	RNASEQ:RNASEQ_QC:MERGE_FASTQ (E-ERAD-478.d38_male_unpaired_r2.merge)	COMPLETED	0	2026-09-29 12:00:26.929	3m 50s	3m 34s	9.8%	10.2 MB	26.5 MB	7.6 GB	3.8 GB	${HF_WORK_ROOT}/ec/c8adf341b98a4cd2f169bc4151cdf4
630	74/7853cd	24486	RNASEQ:RNASEQ_QC:MERGE_FASTQ (E-ERAD-478.d35_female_paired_r1.merge)	COMPLETED	0	2026-09-29 12:00:26.981	4m 20s	4m 11s	9.8%	10.2 MB	26.5 MB	8.8 GB	4.4 GB	${HF_WORK_ROOT}/74/7853cd158a3db61840ae2c84549d70
760	9d/5472c6	24491	RNASEQ:RNASEQ_QC:FASTQC_MERGED (E-ERAD-478.d28_male_unpaired_r1.merged.R2)	COMPLETED	0	2026-09-29 12:02:46.798	2m 40s	2m 26s	79.8%	1.4 GB	4.9 GB	1.1 GB	3.1 MB	${HF_WORK_ROOT}/9d/5472c62235be49bcdc0e5fb3fed8ba
712	42/f92624	24487	RNASEQ:RNASEQ_QC:FASTQC_MERGED (E-ERAD-478.d35_male_paired_r1.merged.R2)	COMPLETED	0	2026-09-29 12:02:07.625	3m 39s	3m 25s	58.2%	1.3 GB	4.9 GB	1.1 GB	3.1 MB	${HF_WORK_ROOT}/42/f9262421bda8670949a5be114a8435
733	1d/a225a7	24488	RNASEQ:RNASEQ_QC:FASTQC_MERGED (E-ERAD-478.d21_male_paired_r1.merged.R1)	COMPLETED	0	2026-09-29 12:02:16.923	3m 40s	3m 10s	57.3%	1.4 GB	5 GB	969.9 MB	3.1 MB	${HF_WORK_ROOT}/1d/a225a708a1c7363f155995d75dccff
641	6d/9cd27e	24489	RNASEQ:RNASEQ_QC:MERGE_FASTQ (E-ERAD-478.d38_male_unpaired_r1.merge)	COMPLETED	0	2026-09-29 12:02:21.875	4m 10s	4m 5s	7.2%	10.4 MB	26.5 MB	6.7 GB	3.4 GB	${HF_WORK_ROOT}/6d/9cd27e04bfa030cad19c5e211ddc7b
741	63/b6fe04	24493	RNASEQ:RNASEQ_QC:FASTQC_MERGED (E-ERAD-478.d38_male_paired_r3.merged.R1)	COMPLETED	0	2026-09-29 12:04:17.073	3m	2m 42s	69.5%	1.4 GB	4.9 GB	1 GB	3.1 MB	${HF_WORK_ROOT}/63/b6fe04972236ab279e6ef6c892ca49
648	8e/ee7436	24490	RNASEQ:RNASEQ_QC:MERGE_FASTQ (E-ERAD-478.d28_female_unpaired_r3.merge)	COMPLETED	0	2026-09-29 12:02:41.839	5m 35s	5m 19s	6.9%	10.2 MB	26.5 MB	8.4 GB	4.2 GB	${HF_WORK_ROOT}/8e/ee743610a0be84e5055f999e78fbce
759	53/62434e	24495	RNASEQ:RNASEQ_QC:FASTQC_MERGED (E-ERAD-478.d28_male_unpaired_r1.merged.R1)	COMPLETED	0	2026-09-29 12:05:27.070	3m 35s	3m 4s	68.3%	1.3 GB	4.9 GB	1 GB	3.1 MB	${HF_WORK_ROOT}/53/62434e62bfbe346a1986f3f377df8f
646	37/b240bd	24492	RNASEQ:RNASEQ_QC:MERGE_FASTQ (E-ERAD-478.d35_male_unpaired_r1.merge)	COMPLETED	0	2026-09-29 12:03:17.277	5m 50s	5m 40s	7.2%	10.1 MB	26.5 MB	8.9 GB	4.4 GB	${HF_WORK_ROOT}/37/b240bdbc0d69424ab732d7ac60cf57
731	e7/c805fc	24496	RNASEQ:RNASEQ_QC:FASTQC_MERGED (E-ERAD-478.d28_female_unpaired_r2.merged.R1)	COMPLETED	0	2026-09-29 12:05:46.885	3m 30s	3m 8s	58.1%	1.3 GB	4.9 GB	874 MB	3.1 MB	${HF_WORK_ROOT}/e7/c805fc8e2b79722d48d75555fc7a5d
649	0d/3230cc	24494	RNASEQ:RNASEQ_QC:MERGE_FASTQ (E-ERAD-478.d21_female_unpaired_r5.merge)	COMPLETED	0	2026-09-29 12:04:46.870	5m 15s	4m 31s	7.4%	10.1 MB	26.5 MB	7.3 GB	3.7 GB	${HF_WORK_ROOT}/0d/3230cc6bbc0438df100d4e289ab83f
660	73/ca68ff	24498	RNASEQ:RNASEQ_QC:MERGE_FASTQ (E-ERAD-478.d21_male_unpaired_r2.merge)	COMPLETED	0	2026-09-29 12:06:31.891	3m 45s	3m 31s	6.7%	10.2 MB	26.5 MB	5.4 GB	2.7 GB	${HF_WORK_ROOT}/73/ca68ffb491cf92509fb321b8c4baee
732	64/81440d	24499	RNASEQ:RNASEQ_QC:FASTQC_MERGED (E-ERAD-478.d28_female_unpaired_r2.merged.R2)	COMPLETED	0	2026-09-29 12:07:16.918	3m	2m 47s	63.4%	1.3 GB	4.9 GB	900.3 MB	3.1 MB	${HF_WORK_ROOT}/64/81440dc6422bba3fea3735bd677201
761	d9/6ee64c	24500	RNASEQ:RNASEQ_QC:FASTQC_MERGED (E-ERAD-478.d35_male_paired_r2.merged.R1)	COMPLETED	0	2026-09-29 12:08:16.916	2m 35s	2m 31s	72.0%	1.3 GB	4.9 GB	944.3 MB	3.1 MB	${HF_WORK_ROOT}/d9/6ee64c926b2b885964cb7059d9bbdd
654	6c/1de23c	24497	RNASEQ:RNASEQ_QC:MERGE_FASTQ (E-ERAD-478.d38_female_unpaired_r3.merge)	COMPLETED	0	2026-09-29 12:05:56.897	5m 10s	4m 50s	8.0%	10.1 MB	26.5 MB	9 GB	4.5 GB	${HF_WORK_ROOT}/6c/1de23cf959b541a3673e59abfb3a8a
770	0c/02bb03	24502	RNASEQ:RNASEQ_QC:FASTQC_MERGED (E-ERAD-478.d38_male_unpaired_r1.merged.R2)	COMPLETED	0	2026-09-29 12:09:07.078	2m 40s	1m 46s	88.2%	1.4 GB	5 GB	887.7 MB	3.1 MB	${HF_WORK_ROOT}/0c/02bb0353051c864c269b1b24b8ddb1
765	57/4efdd9	24503	RNASEQ:RNASEQ_QC:FASTQC_MERGED (E-ERAD-478.d38_male_unpaired_r2.merged.R1)	COMPLETED	0	2026-09-29 12:09:16.998	2m 40s	2m 11s	75.7%	1.4 GB	5 GB	961.9 MB	3.1 MB	${HF_WORK_ROOT}/57/4efdd9afbd6dd54608c5036a5cebcd
664	22/585594	24501	RNASEQ:RNASEQ_QC:MERGE_FASTQ (E-ERAD-478.d38_female_unpaired_r2.merge)	COMPLETED	0	2026-09-29 12:09:01.860	3m 15s	3m 1s	15.9%	10.3 MB	26.5 MB	8.7 GB	4.3 GB	${HF_WORK_ROOT}/22/585594267d114a43ff2a3902b3926d
737	4f/0a0e52	24504	RNASEQ:RNASEQ_QC:FASTQC_MERGED (E-ERAD-478.d35_male_unpaired_r4.merged.R1)	COMPLETED	0	2026-09-29 12:10:02.075	2m 15s	1m 40s	96.9%	1.4 GB	4.9 GB	995.6 MB	3.1 MB	${HF_WORK_ROOT}/4f/0a0e52a96d1193a7cd6fc246440a40
775	08/b81c23	24505	RNASEQ:RNASEQ_QC:FASTQC_MERGED (E-ERAD-478.d21_female_unpaired_r5.merged.R1)	COMPLETED	0	2026-09-29 12:10:16.953	2m 10s	1m 42s	95.7%	1.4 GB	5 GB	930.2 MB	3.1 MB	${HF_WORK_ROOT}/08/b81c235ee37f90c870509e1f03c1ba
776	b3/999444	24506	RNASEQ:RNASEQ_QC:FASTQC_MERGED (E-ERAD-478.d21_female_unpaired_r5.merged.R2)	COMPLETED	0	2026-09-29 12:10:17.094	2m 10s	1m 42s	89.7%	1.3 GB	5 GB	963.7 MB	3.1 MB	${HF_WORK_ROOT}/b3/9994445dc93611b8bdb572a9e96a4c
764	fb/6f9392	24509	RNASEQ:RNASEQ_QC:FASTQC_MERGED (E-ERAD-478.d38_male_unpaired_r3.merged.R2)	COMPLETED	0	2026-09-29 12:11:46.970	1m 40s	1m 36s	85.0%	1.3 GB	4.8 GB	706.6 MB	3.1 MB	${HF_WORK_ROOT}/fb/6f93923eae124da182bdce44bf609d
762	e6/6d5367	24507	RNASEQ:RNASEQ_QC:FASTQC_MERGED (E-ERAD-478.d35_male_paired_r2.merged.R2)	COMPLETED	0	2026-09-29 12:10:51.914	2m 40s	2m 16s	81.5%	1.3 GB	4.9 GB	989.9 MB	3.1 MB	${HF_WORK_ROOT}/e6/6d5367c2c63ccd5104ba960fdbfe6f
665	a2/f2a03f	24508	RNASEQ:RNASEQ_QC:MERGE_FASTQ (E-ERAD-478.d35_male_paired_r3.merge)	COMPLETED	0	2026-09-29 12:11:06.842	2m 40s	2m 13s	14.0%	10.2 MB	26.5 MB	7.1 GB	3.6 GB	${HF_WORK_ROOT}/a2/f2a03f8e6f308887a41a82d87da686
777	9f/7d5a26	24512	RNASEQ:RNASEQ_QC:FASTQC_MERGED (E-ERAD-478.d21_male_unpaired_r2.merged.R1)	COMPLETED	0	2026-09-29 12:12:17.281	1m 35s	1m 24s	91.7%	1.3 GB	4.8 GB	685.2 MB	3.1 MB	${HF_WORK_ROOT}/9f/7d5a26497cc03c2247c8f474ca2575
778	84/e71c1d	24511	RNASEQ:RNASEQ_QC:FASTQC_MERGED (E-ERAD-478.d21_male_unpaired_r2.merged.R2)	COMPLETED	0	2026-09-29 12:12:17.150	2m 5s	1m 30s	92.2%	1.3 GB	4.9 GB	709.5 MB	3.1 MB	${HF_WORK_ROOT}/84/e71c1d799ef335563601b5dd0161b3
685	7f/e9beb9	24513	RNASEQ:RNASEQ_QC:FASTQC_MERGED (E-ERAD-478.d21_female_unpaired_r2.merged.R1)	COMPLETED	0	2026-09-29 12:12:27.042	2m 40s	1m 53s	69.5%	1.3 GB	5 GB	714.4 MB	3.1 MB	${HF_WORK_ROOT}/7f/e9beb95e0ddc3da05b3291f5bbc284
696	e9/0b364e	24514	RNASEQ:RNASEQ_QC:FASTQC_MERGED (E-ERAD-478.d28_male_paired_r2.merged.R2)	COMPLETED	0	2026-09-29 12:12:27.109	2m 40s	2m 37s	75.3%	1.3 GB	4.9 GB	1.2 GB	3.1 MB	${HF_WORK_ROOT}/e9/0b364e2ccbd9eabc625605a63a3ecd
668	0c/bc0663	24510	RNASEQ:RNASEQ_QC:MERGE_FASTQ (E-ERAD-478.d21_female_paired_r3.merge)	COMPLETED	0	2026-09-29 12:11:56.872	3m 40s	3m 24s	17.3%	10.3 MB	26.5 MB	13.4 GB	6.7 GB	${HF_WORK_ROOT}/0c/bc06633afe7d76c181e0fc6ff46626
699	41/87d4b0	24516	RNASEQ:RNASEQ_QC:FASTQC_MERGED (E-ERAD-478.d35_male_unpaired_r2.merged.R1)	COMPLETED	0	2026-09-29 12:13:31.883	2m 10s	1m 34s	80.7%	1.4 GB	5 GB	715.1 MB	3.1 MB	${HF_WORK_ROOT}/41/87d4b0acc237040d3f57b1b5c7c09b
781	1f/17e34e	24515	RNASEQ:RNASEQ_QC:FASTQC_MERGED (E-ERAD-478.d38_female_unpaired_r2.merged.R1)	COMPLETED	0	2026-09-29 12:13:26.924	2m 35s	2m 1s	93.2%	1.4 GB	4.9 GB	1.1 GB	3 MB	${HF_WORK_ROOT}/1f/17e34e7e8892ebbbd809a07b4d66ed
780	7f/617076	24517	RNASEQ:RNASEQ_QC:FASTQC_MERGED (E-ERAD-478.d38_female_unpaired_r3.merged.R2)	COMPLETED	0	2026-09-29 12:13:46.928	2m 35s	2m 10s	90.9%	1.3 GB	4.9 GB	1.2 GB	3.1 MB	${HF_WORK_ROOT}/7f/6170766d30b7d4a1c24aa64852fcd0
702	84/0109e3	24518	RNASEQ:RNASEQ_QC:FASTQC_MERGED (E-ERAD-478.d28_male_paired_r3.merged.R2)	COMPLETED	0	2026-09-29 12:13:51.930	2m 35s	1m 59s	90.0%	1.3 GB	5 GB	899.8 MB	3.1 MB	${HF_WORK_ROOT}/84/0109e394eb239939d86245f8df8b7d
784	10/c5406e	24519	RNASEQ:RNASEQ_QC:FASTQC_MERGED (E-ERAD-478.d35_male_paired_r3.merged.R2)	COMPLETED	0	2026-09-29 12:14:21.920	2m 10s	1m 31s	102.0%	1.4 GB	4.9 GB	944.5 MB	3.1 MB	${HF_WORK_ROOT}/10/c5406e9613cadc198cec3caab1e2d4
726	eb/51201a	24522	RNASEQ:RNASEQ_QC:FASTQC_MERGED (E-ERAD-478.d21_male_paired_r2.merged.R2)	COMPLETED	0	2026-09-29 12:15:36.855	1m 5s	44.1s	108.5%	1.3 GB	5 GB	446.3 MB	3.1 MB	${HF_WORK_ROOT}/eb/51201aff8472072ece310762fcd91a
705	cb/86e7b1	24520	RNASEQ:RNASEQ_QC:FASTQC_MERGED (E-ERAD-478.d28_female_unpaired_r1.merged.R1)	COMPLETED	0	2026-09-29 12:15:06.826	1m 40s	1m 7s	105.0%	1.3 GB	4.8 GB	734.5 MB	3 MB	${HF_WORK_ROOT}/cb/86e7b144d9c2226e5959aaefcbd509
706	72/1d15a5	24521	RNASEQ:RNASEQ_QC:FASTQC_MERGED (E-ERAD-478.d28_female_unpaired_r1.merged.R2)	COMPLETED	0	2026-09-29 12:15:06.923	1m 40s	1m 9s	104.8%	1.4 GB	5 GB	762 MB	3 MB	${HF_WORK_ROOT}/72/1d15a59c685922cd781973401eb5bd
779	57/e7b22d	24523	RNASEQ:RNASEQ_QC:FASTQC_MERGED (E-ERAD-478.d38_female_unpaired_r3.merged.R1)	COMPLETED	0	2026-09-29 12:15:41.969	2m 40s	1m 53s	100.0%	1.3 GB	4.9 GB	1.1 GB	3 MB	${HF_WORK_ROOT}/57/e7b22d5304147df705683b09e8cc10
772	d7/822a1b	24524	RNASEQ:RNASEQ_QC:FASTQC_MERGED (E-ERAD-478.d28_female_unpaired_r3.merged.R2)	COMPLETED	0	2026-09-29 12:16:01.903	2m 35s	1m 43s	103.8%	1.3 GB	4.8 GB	1.1 GB	3.1 MB	${HF_WORK_ROOT}/d7/822a1b5754142316e89764b0cc6d89
774	a5/905ec0	24525	RNASEQ:RNASEQ_QC:FASTQC_MERGED (E-ERAD-478.d35_male_unpaired_r1.merged.R2)	COMPLETED	0	2026-09-29 12:16:21.916	2m 35s	1m 41s	103.7%	1.3 GB	4.9 GB	1.2 GB	3.1 MB	${HF_WORK_ROOT}/a5/905ec02cf46e8f6c19287d5dd13cf2
771	81/5d44db	24526	RNASEQ:RNASEQ_QC:FASTQC_MERGED (E-ERAD-478.d28_female_unpaired_r3.merged.R1)	COMPLETED	0	2026-09-29 12:16:26.925	2m 35s	1m 50s	101.4%	1.3 GB	4.9 GB	1 GB	3 MB	${HF_WORK_ROOT}/81/5d44dbca5f54acd3cef17fb0f85459
782	c5/25dff4	24527	RNASEQ:RNASEQ_QC:FASTQC_MERGED (E-ERAD-478.d38_female_unpaired_r2.merged.R2)	COMPLETED	0	2026-09-29 12:16:31.912	2m 35s	1m 44s	104.0%	1.4 GB	5 GB	1.1 GB	3.1 MB	${HF_WORK_ROOT}/c5/25dff46f8361e174ff5f52d93ee0e6
724	14/27c4df	24528	RNASEQ:RNASEQ_QC:FASTQC_MERGED (E-ERAD-478.d38_male_paired_r2.merged.R2)	COMPLETED	0	2026-09-29 12:16:41.839	2m 40s	2m 8s	100.1%	1.3 GB	4.8 GB	1.2 GB	3.1 MB	${HF_WORK_ROOT}/14/27c4df134b6b428a6dde9db130e13c
729	7c/9f0546	24530	RNASEQ:RNASEQ_QC:FASTQC_MERGED (E-ERAD-478.d21_female_unpaired_r3.merged.R1)	COMPLETED	0	2026-09-29 12:16:47.000	2m 35s	1m 46s	100.3%	1.3 GB	5 GB	920.6 MB	3.1 MB	${HF_WORK_ROOT}/7c/9f054684c6d6da881267d0ddd7190c
786	ff/2a352d	24529	RNASEQ:RNASEQ_QC:FASTQC_MERGED (E-ERAD-478.d21_female_paired_r3.merged.R2)	COMPLETED	0	2026-09-29 12:16:46.936	3m 35s	2m 59s	102.4%	1.3 GB	4.9 GB	1.7 GB	3.1 MB	${HF_WORK_ROOT}/ff/2a352dae3063778e7a948365556357
763	ec/0c9e4d	24535	RNASEQ:RNASEQ_QC:FASTQC_MERGED (E-ERAD-478.d38_male_unpaired_r3.merged.R1)	COMPLETED	0	2026-09-29 12:19:06.843	1m 35s	1m 12s	92.8%	1.3 GB	4.9 GB	677.6 MB	3.1 MB	${HF_WORK_ROOT}/ec/0c9e4dbd3c31cf8c9a86698cfd5d21
750	f7/272658	24532	RNASEQ:RNASEQ_QC:FASTQC_MERGED (E-ERAD-478.d28_female_paired_r1.merged.R2)	COMPLETED	0	2026-09-29 12:18:36.861	2m 35s	1m 58s	93.5%	1.3 GB	4.8 GB	1 GB	3.1 MB	${HF_WORK_ROOT}/f7/272658d8d36cc4e9e579fddb0f3d8d
744	2c/d62ba9	24531	RNASEQ:RNASEQ_QC:FASTQC_MERGED (E-ERAD-478.d28_male_unpaired_r3.merged.R2)	COMPLETED	0	2026-09-29 12:18:21.931	3m	2m 51s	96.8%	1.4 GB	5 GB	1.7 GB	3.1 MB	${HF_WORK_ROOT}/2c/d62ba9d3c477dfd4a4b351287efb3a
766	90/43165c	24536	RNASEQ:RNASEQ_QC:FASTQC_MERGED (E-ERAD-478.d38_male_unpaired_r2.merged.R2)	COMPLETED	0	2026-09-29 12:19:21.876	2m 5s	1m 37s	103.1%	1.3 GB	4.9 GB	1014.6 MB	3.1 MB	${HF_WORK_ROOT}/90/43165c2f639f7641e08e4eb6dc65ef
751	c6/8c2912	24533	RNASEQ:RNASEQ_QC:FASTQC_MERGED (E-ERAD-478.d35_female_unpaired_r3.merged.R1)	COMPLETED	0	2026-09-29 12:18:56.873	2m 40s	1m 53s	93.4%	1.3 GB	4.8 GB	944.1 MB	3.1 MB	${HF_WORK_ROOT}/c6/8c291212a2e15c5276499b7f92f499
755	22/04362f	24534	RNASEQ:RNASEQ_QC:FASTQC_MERGED (E-ERAD-478.d38_male_unpaired_r6.merged.R1)	COMPLETED	0	2026-09-29 12:19:01.840	2m 35s	1m 52s	92.9%	1.3 GB	4.9 GB	941.4 MB	3.1 MB	${HF_WORK_ROOT}/22/04362fab70405b5904666970141d52
767	eb/4285ca	24537	RNASEQ:RNASEQ_QC:FASTQC_MERGED (E-ERAD-478.d35_female_paired_r1.merged.R1)	COMPLETED	0	2026-09-29 12:19:21.940	2m 40s	1m 45s	102.5%	1.4 GB	4.9 GB	1.1 GB	3.1 MB	${HF_WORK_ROOT}/eb/4285ca0725859263c50dfd35610de3
769	11/448c97	24539	RNASEQ:RNASEQ_QC:FASTQC_MERGED (E-ERAD-478.d38_male_unpaired_r1.merged.R1)	COMPLETED	0	2026-09-29 12:20:41.896	1m 35s	1m 31s	100.4%	1.3 GB	4.9 GB	855.4 MB	3.1 MB	${HF_WORK_ROOT}/11/448c97cfef7c34e57975e3a857bc8f
768	26/18d64d	24538	RNASEQ:RNASEQ_QC:FASTQC_MERGED (E-ERAD-478.d35_female_paired_r1.merged.R2)	COMPLETED	0	2026-09-29 12:20:21.892	2m 15s	1m 39s	101.2%	1.4 GB	4.9 GB	1.1 GB	3.1 MB	${HF_WORK_ROOT}/26/18d64d969ce2f111bef78af983dcd7
773	5a/56906a	24540	RNASEQ:RNASEQ_QC:FASTQC_MERGED (E-ERAD-478.d35_male_unpaired_r1.merged.R1)	COMPLETED	0	2026-09-29 12:21:11.874	2m 40s	1m 46s	99.1%	1.3 GB	4.9 GB	1.1 GB	3.1 MB	${HF_WORK_ROOT}/5a/56906a6791b6394857120aa76efbd5
783	cc/1fb789	24541	RNASEQ:RNASEQ_QC:FASTQC_MERGED (E-ERAD-478.d35_male_paired_r3.merged.R1)	COMPLETED	0	2026-09-29 12:21:21.937	2m 35s	1m 38s	101.6%	1.3 GB	4.9 GB	907.1 MB	3.1 MB	${HF_WORK_ROOT}/cc/1fb78950058b483b4be858a064b6f9
785	20/e7977c	24542	RNASEQ:RNASEQ_QC:FASTQC_MERGED (E-ERAD-478.d21_female_paired_r3.merged.R1)	COMPLETED	0	2026-09-29 12:21:26.849	2m 55s	2m 49s	100.4%	1.3 GB	4.9 GB	1.7 GB	3.1 MB	${HF_WORK_ROOT}/20/e7977c2702ec272a58e1ce905c7977
787	72/9f6ec7	24543	RNASEQ:RNASEQ_QC:MULTIQC (E-ERAD-478.multiqc)	COMPLETED	0	2026-09-29 12:24:35.911	1m 31s	59.6s	67.5%	525.1 MB	1.9 GB	397 MB	211.5 MB	${HF_WORK_ROOT}/72/9f6ec749d2aafa0a81e6661008d8c0
788	24/446f46	24545	RNASEQ:RNASEQ_ALIGNMENT_QUANTIFICATION:RNASEQ_QUANTIFICATION_PLAN (rnaseq:quantification-plan)	COMPLETED	0	2026-09-29 12:26:07.179	34.6s	8.9s	33.8%	67.1 MB	408.1 MB	20.6 MB	25.8 KB	${HF_WORK_ROOT}/24/446f469629b1486458485336f5d315
789	51/570366	24544	RNASEQ:RNASEQ_ALIGNMENT_QUANTIFICATION:RNASEQ_ALIGNMENT_PLAN (rnaseq:alignment-plan)	COMPLETED	0	2026-09-29 12:26:07.127	34.7s	4.2s	40.5%	52.9 MB	78.2 MB	11.3 MB	2.6 KB	${HF_WORK_ROOT}/51/57036610d0ccdffb86c612b3d8502c
790	d1/94e53f	24546	RNASEQ:RNASEQ_ALIGNMENT_QUANTIFICATION:SALMON_INDEX_VALIDATE (salmon.schistosoma_mansoni.PRJEA36577.WBPS19.mRNA_transcripts.external_index)	COMPLETED	0	2026-09-29 12:26:42.264	4.6s	1.3s	77.1%	22.3 MB	33.3 MB	190.7 MB	2.2 KB	${HF_WORK_ROOT}/d1/94e53f6708c55801fe2e6968c53cb1
801	7a/ddfc67	24552	RNASEQ:RNASEQ_ALIGNMENT_QUANTIFICATION:QUANTIFICATION:SALMON_QUANT (E-ERAD-478.d21_male_paired_r2.quantification)	COMPLETED	0	2026-09-29 12:27:33.421	33.5s	30.9s	426.2%	738.1 MB	1.2 GB	1.9 GB	586.6 KB	${HF_WORK_ROOT}/7a/ddfc679c1b1fffa87cc65b366f6743
794	81/2d32e7	24551	RNASEQ:RNASEQ_ALIGNMENT_QUANTIFICATION:QUANTIFICATION:SALMON_QUANT (E-ERAD-478.d21_female_paired_r4.quantification)	COMPLETED	0	2026-09-29 12:27:17.857	1m 4s	1m 2s	483.1%	857.3 MB	1.3 GB	4.2 GB	600.5 KB	${HF_WORK_ROOT}/81/2d32e7254fea9384dc83118c135703
796	c5/306dad	24547	RNASEQ:RNASEQ_ALIGNMENT_QUANTIFICATION:QUANTIFICATION:SALMON_QUANT (E-ERAD-478.d21_female_unpaired_r2.quantification)	COMPLETED	0	2026-09-29 12:27:05.145	1m 37s	1m 7s	531.4%	919.8 MB	1.3 GB	3 GB	591.5 KB	${HF_WORK_ROOT}/c5/306dad71cda42063c42ae71a46e687
797	8b/b20e03	24553	RNASEQ:RNASEQ_ALIGNMENT_QUANTIFICATION:QUANTIFICATION:SALMON_QUANT (E-ERAD-478.d21_female_unpaired_r3.quantification)	COMPLETED	0	2026-09-29 12:27:35.840	1m 6s	1m 2s	666.4%	822.3 MB	1.3 GB	3.8 GB	598.5 KB	${HF_WORK_ROOT}/8b/b20e03ab21e3609486077908c07af9
800	57/55e12a	24554	RNASEQ:RNASEQ_ALIGNMENT_QUANTIFICATION:QUANTIFICATION:SALMON_QUANT (E-ERAD-478.d21_male_paired_r1.quantification)	COMPLETED	0	2026-09-29 12:27:36.300	1m 6s	1m 1s	492.9%	832 MB	1.3 GB	4 GB	599.6 KB	${HF_WORK_ROOT}/57/55e12a70416e63213b2335768f472a
809	f8/a94598	24558	RNASEQ:RNASEQ_ALIGNMENT_QUANTIFICATION:IMPORT:IMPORT_SOURCE (E-ERAD-478.d21_male_paired_r2.quantification:quantification)	COMPLETED	0	2026-09-29 12:28:42.967	4s	794ms	21.3%	3.4 MB	7.1 MB	1.8 MB	472.9 KB	${HF_WORK_ROOT}/f8/a94598f364dc5ea0b3909090e15c54
795	2b/68baf3	24548	RNASEQ:RNASEQ_ALIGNMENT_QUANTIFICATION:QUANTIFICATION:SALMON_QUANT (E-ERAD-478.d21_female_unpaired_r1.quantification)	COMPLETED	0	2026-09-29 12:27:10.048	1m 37s	1m 12s	495.3%	915.4 MB	1.3 GB	3.3 GB	595.9 KB	${HF_WORK_ROOT}/2b/68baf394d56de552f7f7548a20907e
798	bb/0cf649	24555	RNASEQ:RNASEQ_ALIGNMENT_QUANTIFICATION:QUANTIFICATION:SALMON_QUANT (E-ERAD-478.d21_female_unpaired_r4.quantification)	COMPLETED	0	2026-09-29 12:28:07.183	1m 10s	58s	515.7%	828 MB	1.3 GB	3.7 GB	599.5 KB	${HF_WORK_ROOT}/bb/0cf649ef62ebc596b62dfc09d20547
792	3c/0e84bb	24549	RNASEQ:RNASEQ_ALIGNMENT_QUANTIFICATION:QUANTIFICATION:SALMON_QUANT (E-ERAD-478.d21_female_paired_r2.quantification)	COMPLETED	0	2026-09-29 12:27:10.398	2m 11s	1m 33s	464.6%	920.1 MB	1.3 GB	4.4 GB	600.9 KB	${HF_WORK_ROOT}/3c/0e84bb4cb23c101da991b58ea77653
813	2e/5b01a1	24562	RNASEQ:RNASEQ_ALIGNMENT_QUANTIFICATION:IMPORT:IMPORT_SOURCE (E-ERAD-478.d21_female_paired_r4.quantification:quantification)	COMPLETED	0	2026-09-29 12:29:17.351	4.7s	1.4s	9.0%	18.9 MB	31 MB	1.8 MB	476.9 KB	${HF_WORK_ROOT}/2e/5b01a11ff50ffadd07e990dd678bc6
791	e7/82cf7d	24550	RNASEQ:RNASEQ_ALIGNMENT_QUANTIFICATION:QUANTIFICATION:SALMON_QUANT (E-ERAD-478.d21_female_paired_r1.quantification)	COMPLETED	0	2026-09-29 12:27:13.068	2m 9s	1m 18s	458.1%	884.5 MB	1.3 GB	3.7 GB	597.1 KB	${HF_WORK_ROOT}/e7/82cf7deb90060c1f7a8b7a74b96552
805	74/fdc55c	24559	RNASEQ:RNASEQ_ALIGNMENT_QUANTIFICATION:QUANTIFICATION:SALMON_QUANT (E-ERAD-478.d21_male_unpaired_r2.quantification)	COMPLETED	0	2026-09-29 12:28:43.179	1m 9s	1m 3s	511.1%	902.5 MB	1.3 GB	2.9 GB	594.1 KB	${HF_WORK_ROOT}/74/fdc55c78ae704893d644ae40178a1d
827	48/bea381	24565	RNASEQ:RNASEQ_ALIGNMENT_QUANTIFICATION:IMPORT:IMPORT_SOURCE (E-ERAD-478.d21_female_unpaired_r4.quantification:quantification)	COMPLETED	0	2026-09-29 12:29:23.552	33.4s	2.1s	6.0%	17.1 MB	27.6 MB	1.8 MB	476.6 KB	${HF_WORK_ROOT}/48/bea381a785dc57b6ff758875ba21f2
804	b8/d86655	24561	RNASEQ:RNASEQ_ALIGNMENT_QUANTIFICATION:QUANTIFICATION:SALMON_QUANT (E-ERAD-478.d21_male_unpaired_r1.quantification)	COMPLETED	0	2026-09-29 12:28:47.469	1m 9s	59.8s	544.1%	821.1 MB	1.3 GB	4.1 GB	599.3 KB	${HF_WORK_ROOT}/b8/d86655ba09af71766adc81cb10e2d9
799	c5/443220	24557	RNASEQ:RNASEQ_ALIGNMENT_QUANTIFICATION:QUANTIFICATION:SALMON_QUANT (E-ERAD-478.d21_female_unpaired_r5.quantification)	COMPLETED	0	2026-09-29 12:28:42.556	1m 39s	1m 23s	557.1%	831.6 MB	1.3 GB	3.8 GB	596.1 KB	${HF_WORK_ROOT}/c5/4432208ee1f63140b8c5de7deadfeb
815	64/c27a7a	24564	RNASEQ:RNASEQ_ALIGNMENT_QUANTIFICATION:QUANTIFICATION:SALMON_QUANT (E-ERAD-478.d28_female_unpaired_r2.quantification)	COMPLETED	0	2026-09-29 12:29:23.371	1m 9s	56.7s	523.1%	815.4 MB	1.3 GB	3.6 GB	596.5 KB	${HF_WORK_ROOT}/64/c27a7a449cb10ecb27c6a3a0a52ebf
803	8a/d1da78	24560	RNASEQ:RNASEQ_ALIGNMENT_QUANTIFICATION:QUANTIFICATION:SALMON_QUANT (E-ERAD-478.d21_male_paired_r4.quantification)	COMPLETED	0	2026-09-29 12:28:47.009	2m 10s	1m 27s	438.1%	903.9 MB	1.3 GB	4.2 GB	599.8 KB	${HF_WORK_ROOT}/8a/d1da78ab623bc585e17a0f58870752
811	23/be3843	24563	RNASEQ:RNASEQ_ALIGNMENT_QUANTIFICATION:QUANTIFICATION:SALMON_QUANT (E-ERAD-478.d28_female_paired_r3.quantification)	COMPLETED	0	2026-09-29 12:29:22.998	1m 39s	1m 9s	480.6%	831.8 MB	1.3 GB	4.6 GB	602.9 KB	${HF_WORK_ROOT}/23/be38430db76c1bb262a8baf9b04d48
824	ef/3657bd	24568	RNASEQ:RNASEQ_ALIGNMENT_QUANTIFICATION:QUANTIFICATION:SALMON_QUANT (E-ERAD-478.d28_male_paired_r4.quantification)	COMPLETED	0	2026-09-29 12:29:57.874	1m 4s	1m 1s	490.0%	817.8 MB	1.3 GB	4.1 GB	599 KB	${HF_WORK_ROOT}/ef/3657bddaf32fa8197f4c48cf002984
836	fd/259ded	24573	RNASEQ:RNASEQ_ALIGNMENT_QUANTIFICATION:IMPORT:IMPORT_SOURCE (E-ERAD-478.d21_male_unpaired_r2.quantification:quantification)	COMPLETED	0	2026-09-29 12:31:02.923	4s	1.9s	4.8%	17.8 MB	28.4 MB	1.8 MB	474.9 KB	${HF_WORK_ROOT}/fd/259ded6257c57f9ea6bbae12909545
793	1a/7dae67	24556	RNASEQ:RNASEQ_ALIGNMENT_QUANTIFICATION:QUANTIFICATION:SALMON_QUANT (E-ERAD-478.d21_female_paired_r3.quantification)	COMPLETED	0	2026-09-29 12:28:22.456	2m 55s	2m 45s	561.7%	932.2 MB	1.4 GB	6.9 GB	614 KB	${HF_WORK_ROOT}/1a/7dae67c79f8852a16b31b0dd14e05f
835	2f/ad0e62	24570	RNASEQ:RNASEQ_ALIGNMENT_QUANTIFICATION:QUANTIFICATION:SALMON_QUANT (E-ERAD-478.d35_female_unpaired_r2.quantification)	COMPLETED	0	2026-09-29 12:30:32.448	1m 4s	42s	448.6%	768.4 MB	1.2 GB	1.9 GB	585.8 KB	${HF_WORK_ROOT}/2f/ad0e62ef46e51ceda1631708f2a2b3
856	2d/0cfa35	24576	RNASEQ:RNASEQ_ALIGNMENT_QUANTIFICATION:IMPORT:IMPORT_SOURCE (E-ERAD-478.d21_female_paired_r3.quantification:quantification)	COMPLETED	0	2026-09-29 12:31:37.428	4.5s	1.8s	6.0%	17.3 MB	27.9 MB	1.8 MB	479.2 KB	${HF_WORK_ROOT}/2d/0cfa35fddb433909237ad6c242d379
829	fa/31ad8d	24577	RNASEQ:RNASEQ_ALIGNMENT_QUANTIFICATION:IMPORT:IMPORT_SOURCE (E-ERAD-478.d21_female_paired_r1.quantification:quantification)	COMPLETED	0	2026-09-29 12:31:42.224	4.6s	1.1s	8.8%	3.5 MB	7.1 MB	1.8 MB	476 KB	${HF_WORK_ROOT}/fa/31ad8d1110bb2dbb6aeefdfecfbf60
852	05/496894	24578	RNASEQ:RNASEQ_ALIGNMENT_QUANTIFICATION:IMPORT:IMPORT_SOURCE (E-ERAD-478.d28_female_paired_r3.quantification:quantification)	COMPLETED	0	2026-09-29 12:31:47.205	4.7s	730ms	14.8%	3.4 MB	7.1 MB	1.8 MB	476.7 KB	${HF_WORK_ROOT}/05/4968946efc9d225561df162d0676cd
802	31/a6f53b	24566	RNASEQ:RNASEQ_ALIGNMENT_QUANTIFICATION:QUANTIFICATION:SALMON_QUANT (E-ERAD-478.d21_male_paired_r3.quantification)	COMPLETED	0	2026-09-29 12:29:52.040	2m 10s	1m 38s	513.6%	893.2 MB	1.3 GB	4.4 GB	602.1 KB	${HF_WORK_ROOT}/31/a6f53b503c8f747089f469d12d8cdd
822	79/c07f03	24567	RNASEQ:RNASEQ_ALIGNMENT_QUANTIFICATION:QUANTIFICATION:SALMON_QUANT (E-ERAD-478.d28_male_paired_r2.quantification)	COMPLETED	0	2026-09-29 12:29:57.318	2m 5s	1m 10s	485.2%	856.9 MB	1.3 GB	4.7 GB	600.4 KB	${HF_WORK_ROOT}/79/c07f03a4e7001a70b889c289010e80
820	c3/7e8faa	24569	RNASEQ:RNASEQ_ALIGNMENT_QUANTIFICATION:QUANTIFICATION:SALMON_QUANT (E-ERAD-478.d28_male_paired_r1.quantification)	COMPLETED	0	2026-09-29 12:30:22.090	1m 40s	1m 35s	472.0%	837.6 MB	1.3 GB	4.6 GB	601 KB	${HF_WORK_ROOT}/c3/7e8faa9d02392f03fe2f56ed2eadac
817	c7/aff2fe	24580	RNASEQ:RNASEQ_ALIGNMENT_QUANTIFICATION:IMPORT:IMPORT_SOURCE (E-ERAD-478.d21_female_unpaired_r2.quantification:quantification)	COMPLETED	0	2026-09-29 12:32:02.043	4.8s	803ms	11.2%	3.4 MB	7.1 MB	1.8 MB	474.8 KB	${HF_WORK_ROOT}/c7/aff2fe15f8147f2dedb4c95fbacc10
818	b8/6cff4e	24581	RNASEQ:RNASEQ_ALIGNMENT_QUANTIFICATION:IMPORT:IMPORT_SOURCE (E-ERAD-478.d21_female_unpaired_r3.quantification:quantification)	COMPLETED	0	2026-09-29 12:32:02.770	4.2s	974ms	10.2%	3.4 MB	7.1 MB	1.8 MB	476.4 KB	${HF_WORK_ROOT}/b8/6cff4ef8e42e89ea78e4a31ce88464
819	b1/615659	24582	RNASEQ:RNASEQ_ALIGNMENT_QUANTIFICATION:IMPORT:IMPORT_SOURCE (E-ERAD-478.d21_male_paired_r1.quantification:quantification)	COMPLETED	0	2026-09-29 12:32:03.396	3.7s	905ms	11.0%	3.4 MB	7.1 MB	1.8 MB	476.6 KB	${HF_WORK_ROOT}/b1/615659f696c799f7a7f17fae2773ff
843	fe/f08f7f	24584	RNASEQ:RNASEQ_ALIGNMENT_QUANTIFICATION:IMPORT:IMPORT_SOURCE (E-ERAD-478.d21_female_unpaired_r5.quantification:quantification)	COMPLETED	0	2026-09-29 12:32:07.487	4.5s	1.8s	4.4%	19 MB	29.6 MB	1.8 MB	475.5 KB	${HF_WORK_ROOT}/fe/f08f7f46d501cef57246a936659b37
845	c9/5763bc	24585	RNASEQ:RNASEQ_ALIGNMENT_QUANTIFICATION:IMPORT:IMPORT_SOURCE (E-ERAD-478.d28_female_unpaired_r2.quantification:quantification)	COMPLETED	0	2026-09-29 12:32:07.685	4.3s	1.8s	5.4%	18.9 MB	29.6 MB	1.8 MB	475.8 KB	${HF_WORK_ROOT}/c9/5763bcd7256e582ddeb40f5b607957
864	06/9f5787	24587	RNASEQ:RNASEQ_ALIGNMENT_QUANTIFICATION:IMPORT:IMPORT_SOURCE (E-ERAD-478.d21_male_paired_r3.quantification:quantification)	COMPLETED	0	2026-09-29 12:32:12.344	4.7s	1.6s	7.8%	18.7 MB	29.6 MB	1.8 MB	476.7 KB	${HF_WORK_ROOT}/06/9f5787f365627501ed0e260740f416
825	6c/261dc2	24572	RNASEQ:RNASEQ_ALIGNMENT_QUANTIFICATION:QUANTIFICATION:SALMON_QUANT (E-ERAD-478.d28_male_unpaired_r1.quantification)	COMPLETED	0	2026-09-29 12:31:02.186	1m 40s	1m 3s	542.3%	847.6 MB	1.5 GB	4.2 GB	599.2 KB	${HF_WORK_ROOT}/6c/261dc23d9ecbbaf5267734d5f95cdf
806	20/2ec082	24574	RNASEQ:RNASEQ_ALIGNMENT_QUANTIFICATION:QUANTIFICATION:SALMON_QUANT (E-ERAD-478.d21_male_unpaired_r3.quantification)	COMPLETED	0	2026-09-29 12:31:07.138	1m 40s	1m 27s	527.0%	830.8 MB	1.3 GB	3.9 GB	598.2 KB	${HF_WORK_ROOT}/20/2ec082297ecb141d5fc509d80c70a3
865	92/6266ec	24589	RNASEQ:RNASEQ_ALIGNMENT_QUANTIFICATION:IMPORT:IMPORT_SOURCE (E-ERAD-478.d28_male_paired_r2.quantification:quantification)	COMPLETED	0	2026-09-29 12:32:42.185	4.7s	807ms	12.3%	3.6 MB	7.1 MB	1.8 MB	476.4 KB	${HF_WORK_ROOT}/92/6266ec3aa41d373011bd870632900f
833	fe/d643be	24575	RNASEQ:RNASEQ_ALIGNMENT_QUANTIFICATION:QUANTIFICATION:SALMON_QUANT (E-ERAD-478.d35_female_paired_r3.quantification)	COMPLETED	0	2026-09-29 12:31:17.752	1m 39s	1m 27s	461.5%	906 MB	1.3 GB	4.1 GB	598.6 KB	${HF_WORK_ROOT}/fe/d643be3dffd8e63e2a7dd0ec46e075
866	e2/1e0dad	24592	RNASEQ:RNASEQ_ALIGNMENT_QUANTIFICATION:IMPORT:IMPORT_SOURCE (E-ERAD-478.d28_male_paired_r1.quantification:quantification)	COMPLETED	0	2026-09-29 12:32:57.029	4.8s	404ms	23.6%	3.5 MB	7.1 MB	1.8 MB	476.5 KB	${HF_WORK_ROOT}/e2/1e0dad9c4e9ec29802a9ec59c33871
834	87/2a71bf	24571	RNASEQ:RNASEQ_ALIGNMENT_QUANTIFICATION:QUANTIFICATION:SALMON_QUANT (E-ERAD-478.d35_female_unpaired_r1.quantification)	COMPLETED	0	2026-09-29 12:30:57.546	2m 9s	1m 7s	486.9%	842.7 MB	1.3 GB	4.4 GB	601.3 KB	${HF_WORK_ROOT}/87/2a71bfc712b19e7ae98028fe2f9c1a
873	9b/e64bce	24593	RNASEQ:RNASEQ_ALIGNMENT_QUANTIFICATION:IMPORT:IMPORT_SOURCE (E-ERAD-478.d21_male_unpaired_r3.quantification:quantification)	COMPLETED	0	2026-09-29 12:33:01.968	5s	386ms	25.2%	3.4 MB	7.1 MB	1.8 MB	476.3 KB	${HF_WORK_ROOT}/9b/e64bce1ec35ff53c2b4b0445db3156
851	f1/b59cc1	24586	RNASEQ:RNASEQ_ALIGNMENT_QUANTIFICATION:QUANTIFICATION:SALMON_QUANT (E-ERAD-478.d38_female_paired_r3.quantification)	COMPLETED	0	2026-09-29 12:32:12.162	1m 10s	55.2s	511.1%	849.3 MB	1.3 GB	3.8 GB	595.2 KB	${HF_WORK_ROOT}/f1/b59cc1ee259bd13ede054f366868de
832	c1/5d8abe	24583	RNASEQ:RNASEQ_ALIGNMENT_QUANTIFICATION:QUANTIFICATION:SALMON_QUANT (E-ERAD-478.d35_female_paired_r2.quantification)	COMPLETED	0	2026-09-29 12:32:07.257	1m 35s	1m 28s	507.9%	887.4 MB	1.3 GB	3.9 GB	595.7 KB	${HF_WORK_ROOT}/c1/5d8abe37889edfcf4d8c74f938a68b
821	f9/27eee6	24591	RNASEQ:RNASEQ_ALIGNMENT_QUANTIFICATION:IMPORT:IMPORT_SOURCE (E-ERAD-478.d21_female_unpaired_r1.quantification:quantification)	COMPLETED	0	2026-09-29 12:32:47.211	1m 5s	616ms	17.5%	3.4 MB	7.1 MB	1.8 MB	475.7 KB	${HF_WORK_ROOT}/f9/27eee611a81087f6662e31f626d525
807	8b/3ff73a	24579	RNASEQ:RNASEQ_ALIGNMENT_QUANTIFICATION:QUANTIFICATION:SALMON_QUANT (E-ERAD-478.d21_male_unpaired_r4.quantification)	COMPLETED	0	2026-09-29 12:31:51.999	2m 10s	1m 40s	488.3%	887.6 MB	1.3 GB	4.7 GB	603.6 KB	${HF_WORK_ROOT}/8b/3ff73a442c67d3c03463d12e16d2e7
808	68/2751a5	24595	RNASEQ:RNASEQ_ALIGNMENT_QUANTIFICATION:QUANTIFICATION:SALMON_QUANT (E-ERAD-478.d28_female_paired_r1.quantification)	COMPLETED	0	2026-09-29 12:33:07.052	1m 5s	59.3s	568.3%	856.2 MB	1.5 GB	4.1 GB	598.6 KB	${HF_WORK_ROOT}/68/2751a5c8c755b46e711bd5bf2c2ad8
814	a0/a57847	24590	RNASEQ:RNASEQ_ALIGNMENT_QUANTIFICATION:QUANTIFICATION:SALMON_QUANT (E-ERAD-478.d28_female_unpaired_r1.quantification)	COMPLETED	0	2026-09-29 12:32:47.028	1m 35s	1m 14s	545.6%	824.2 MB	1.3 GB	3.1 GB	592.9 KB	${HF_WORK_ROOT}/a0/a57847c0caf7427342386f98c563e0
830	78/31cb97	24588	RNASEQ:RNASEQ_ALIGNMENT_QUANTIFICATION:QUANTIFICATION:SALMON_QUANT (E-ERAD-478.d28_male_unpaired_r3.quantification)	COMPLETED	0	2026-09-29 12:32:17.366	2m 10s	1m 40s	552.7%	869.9 MB	1.4 GB	6.9 GB	611.5 KB	${HF_WORK_ROOT}/78/31cb9753e55875ee397acb19facd9f
844	84/cebb4a	24596	RNASEQ:RNASEQ_ALIGNMENT_QUANTIFICATION:QUANTIFICATION:SALMON_QUANT (E-ERAD-478.d35_male_unpaired_r2.quantification)	COMPLETED	0	2026-09-29 12:33:21.989	1m 5s	43.7s	571.7%	819.5 MB	1.3 GB	3 GB	593.2 KB	${HF_WORK_ROOT}/84/cebb4afe63645e04442786eb097bbd
810	6a/46a1d7	24594	RNASEQ:RNASEQ_ALIGNMENT_QUANTIFICATION:QUANTIFICATION:SALMON_QUANT (E-ERAD-478.d28_female_paired_r2.quantification)	COMPLETED	0	2026-09-29 12:33:07.003	1m 35s	1m 21s	498.1%	856.9 MB	1.3 GB	3.5 GB	596.2 KB	${HF_WORK_ROOT}/6a/46a1d7911120721e4b394e0f8ee462
875	97/8695d8	24604	RNASEQ:RNASEQ_ALIGNMENT_QUANTIFICATION:IMPORT:IMPORT_SOURCE (E-ERAD-478.d35_female_unpaired_r1.quantification:quantification)	COMPLETED	0	2026-09-29 12:34:42.065	4.8s	588ms	16.8%	3.5 MB	7.1 MB	1.8 MB	476.4 KB	${HF_WORK_ROOT}/97/8695d8ab8204c078af83ee3139ffa0
870	44/e638a1	24597	RNASEQ:RNASEQ_ALIGNMENT_QUANTIFICATION:QUANTIFICATION:SALMON_QUANT (E-ERAD-478.d38_male_unpaired_r5.quantification)	COMPLETED	0	2026-09-29 12:33:42.027	1m 5s	59.5s	524.7%	848.8 MB	1.3 GB	4.3 GB	599.4 KB	${HF_WORK_ROOT}/44/e638a1bb096efede24a1bc43a50d64
847	06/7f9784	24599	RNASEQ:RNASEQ_ALIGNMENT_QUANTIFICATION:QUANTIFICATION:SALMON_QUANT (E-ERAD-478.d35_male_unpaired_r4.quantification)	COMPLETED	0	2026-09-29 12:34:02.006	1m 5s	57.4s	468.9%	812.6 MB	1.3 GB	4.1 GB	594.8 KB	${HF_WORK_ROOT}/06/7f978442c705645a9fbc7010066022
859	69/f61761	24602	RNASEQ:RNASEQ_ALIGNMENT_QUANTIFICATION:QUANTIFICATION:SALMON_QUANT (E-ERAD-478.d38_male_paired_r1.quantification)	COMPLETED	0	2026-09-29 12:34:26.984	1m 5s	1m 2s	492.8%	830.7 MB	1.3 GB	4.4 GB	599.3 KB	${HF_WORK_ROOT}/69/f61761dc04aeeac1b5954d7a58c522
862	f2/2272b3	24603	RNASEQ:RNASEQ_ALIGNMENT_QUANTIFICATION:QUANTIFICATION:SALMON_QUANT (E-ERAD-478.d38_male_paired_r3.quantification)	COMPLETED	0	2026-09-29 12:34:27.119	1m 5s	1m 1s	490.6%	836.7 MB	1.3 GB	4.4 GB	600 KB	${HF_WORK_ROOT}/f2/2272b302507bf24a82cb149fd9bed9
861	32/1b7dc7	24609	RNASEQ:RNASEQ_ALIGNMENT_QUANTIFICATION:IMPORT:IMPORT_SOURCE (E-ERAD-478.d35_female_unpaired_r2.quantification:quantification)	COMPLETED	0	2026-09-29 12:35:32.068	4.8s	250ms	27.1%	3.5 MB	7.1 MB	1.8 MB	472.3 KB	${HF_WORK_ROOT}/32/1b7dc77d377d502310df80e718092d
879	ff/cbe2ae	24610	RNASEQ:RNASEQ_ALIGNMENT_QUANTIFICATION:IMPORT:IMPORT_SOURCE (E-ERAD-478.d28_female_paired_r1.quantification:quantification)	COMPLETED	0	2026-09-29 12:35:36.956	4.9s	245ms	31.8%	11.8 MB	20.2 MB	1.8 MB	475.9 KB	${HF_WORK_ROOT}/ff/cbe2aed04945ca98934a0379a0a581
828	09/52789f	24605	RNASEQ:RNASEQ_ALIGNMENT_QUANTIFICATION:IMPORT:IMPORT_SOURCE (E-ERAD-478.d21_female_paired_r2.quantification:quantification)	COMPLETED	0	2026-09-29 12:34:46.934	1m 5s	474ms	20.8%	3.4 MB	7.1 MB	1.8 MB	476.9 KB	${HF_WORK_ROOT}/09/52789f0c92b7d6bc13b6685ba9f08a
816	56/c1f667	24606	RNASEQ:RNASEQ_ALIGNMENT_QUANTIFICATION:QUANTIFICATION:SALMON_QUANT (E-ERAD-478.d28_female_unpaired_r3.quantification)	COMPLETED	0	2026-09-29 12:34:47.023	1m 5s	1m 2s	555.6%	842.3 MB	1.3 GB	4.4 GB	601 KB	${HF_WORK_ROOT}/56/c1f6676267c0c2a89de55192dba94e
839	19/154606	24600	RNASEQ:RNASEQ_ALIGNMENT_QUANTIFICATION:QUANTIFICATION:SALMON_QUANT (E-ERAD-478.d35_male_paired_r1.quantification)	COMPLETED	0	2026-09-29 12:34:12.015	1m 40s	1m 29s	480.7%	824.9 MB	1.3 GB	4.4 GB	598.1 KB	${HF_WORK_ROOT}/19/154606107fa4b019712c6123c2da7b
857	15/4e10a6	24598	RNASEQ:RNASEQ_ALIGNMENT_QUANTIFICATION:QUANTIFICATION:SALMON_QUANT (E-ERAD-478.d38_female_unpaired_r3.quantification)	COMPLETED	0	2026-09-29 12:33:51.952	2m 5s	1m 38s	461.1%	849.6 MB	1.3 GB	4.7 GB	601.2 KB	${HF_WORK_ROOT}/15/4e10a66beec0a592e6c60034c14ada
886	24/b7345d	24615	RNASEQ:RNASEQ_ALIGNMENT_QUANTIFICATION:IMPORT:IMPORT_SOURCE (E-ERAD-478.d38_male_paired_r1.quantification:quantification)	COMPLETED	0	2026-09-29 12:35:57.022	4.8s	229ms	29.7%	11.9 MB	20.2 MB	1.8 MB	475.9 KB	${HF_WORK_ROOT}/24/b7345d3a0b5e2fea6a3fef2deced27
872	6f/9bd4bc	24616	RNASEQ:RNASEQ_ALIGNMENT_QUANTIFICATION:IMPORT:IMPORT_SOURCE (E-ERAD-478.d28_male_unpaired_r1.quantification:quantification)	COMPLETED	0	2026-09-29 12:36:01.933	4.9s	455ms	21.5%	3.4 MB	7.1 MB	1.8 MB	475.8 KB	${HF_WORK_ROOT}/6f/9bd4bc392557f0a4b4cfa2c3d64509
812	ae/41e8c9	24601	RNASEQ:RNASEQ_ALIGNMENT_QUANTIFICATION:QUANTIFICATION:SALMON_QUANT (E-ERAD-478.d28_female_paired_r4.quantification)	COMPLETED	0	2026-09-29 12:34:21.874	2m 10s	1m 40s	504.3%	888.3 MB	1.5 GB	4.8 GB	600.6 KB	${HF_WORK_ROOT}/ae/41e8c9aadcb90c470c4afa1dbf643f
881	22/10896e	24618	RNASEQ:RNASEQ_ALIGNMENT_QUANTIFICATION:IMPORT:IMPORT_SOURCE (E-ERAD-478.d28_male_unpaired_r3.quantification:quantification)	COMPLETED	0	2026-09-29 12:36:32.002	4.9s	543ms	20.2%	3.5 MB	7.1 MB	1.8 MB	478.5 KB	${HF_WORK_ROOT}/22/10896e9dba00d51a2822f51d141000
823	40/1937b1	24607	RNASEQ:RNASEQ_ALIGNMENT_QUANTIFICATION:QUANTIFICATION:SALMON_QUANT (E-ERAD-478.d28_male_paired_r3.quantification)	COMPLETED	0	2026-09-29 12:35:07.020	1m 35s	1m 20s	542.9%	839.5 MB	1.3 GB	3.6 GB	597.7 KB	${HF_WORK_ROOT}/40/1937b12903c4d3563700d1e78674f1
837	6b/8b3b88	24611	RNASEQ:RNASEQ_ALIGNMENT_QUANTIFICATION:IMPORT:IMPORT_SOURCE (E-ERAD-478.d21_male_unpaired_r1.quantification:quantification)	COMPLETED	0	2026-09-29 12:35:41.915	1m 5s	481ms	20.5%	3.5 MB	7.1 MB	1.8 MB	476.2 KB	${HF_WORK_ROOT}/6b/8b3b8805aa14c8bcf14f8b423295f7
890	ea/9953de	24621	RNASEQ:RNASEQ_ALIGNMENT_QUANTIFICATION:IMPORT:IMPORT_SOURCE (E-ERAD-478.d38_female_unpaired_r3.quantification:quantification)	COMPLETED	0	2026-09-29 12:36:46.924	5s	260ms	30.0%	10.6 MB	19.8 MB	1.8 MB	476.8 KB	${HF_WORK_ROOT}/ea/9953de3e0dfbd2c67f9703a3b7ca8a
884	4e/e7c3ee	24622	RNASEQ:RNASEQ_ALIGNMENT_QUANTIFICATION:IMPORT:IMPORT_SOURCE (E-ERAD-478.d38_male_unpaired_r5.quantification:quantification)	COMPLETED	0	2026-09-29 12:36:51.932	4.9s	474ms	18.8%	3.5 MB	7.1 MB	1.8 MB	475.7 KB	${HF_WORK_ROOT}/4e/e7c3ee1f4bbabfeef3c6d6362c48eb
880	33/8e762e	24623	RNASEQ:RNASEQ_ALIGNMENT_QUANTIFICATION:IMPORT:IMPORT_SOURCE (E-ERAD-478.d28_female_unpaired_r1.quantification:quantification)	COMPLETED	0	2026-09-29 12:36:56.923	4.9s	438ms	22.4%	3.4 MB	7.1 MB	1.8 MB	474.9 KB	${HF_WORK_ROOT}/33/8e762eda7872506fb2627d97c7a4d2
878	78/776e77	24624	RNASEQ:RNASEQ_ALIGNMENT_QUANTIFICATION:IMPORT:IMPORT_SOURCE (E-ERAD-478.d21_male_unpaired_r4.quantification:quantification)	COMPLETED	0	2026-09-29 12:37:01.929	4.9s	467ms	23.0%	3.5 MB	7.1 MB	1.8 MB	476.7 KB	${HF_WORK_ROOT}/78/776e77b8f662e031e62d088513be46
849	2a/bd1da3	24608	RNASEQ:RNASEQ_ALIGNMENT_QUANTIFICATION:QUANTIFICATION:SALMON_QUANT (E-ERAD-478.d38_female_paired_r2.quantification)	COMPLETED	0	2026-09-29 12:35:32.035	1m 35s	1m 12s	459.6%	830.7 MB	1.3 GB	3.5 GB	589.4 KB	${HF_WORK_ROOT}/2a/bd1da33b161bc2db18604a62dcdb29
883	b0/1572af	24625	RNASEQ:RNASEQ_ALIGNMENT_QUANTIFICATION:IMPORT:IMPORT_SOURCE (E-ERAD-478.d28_female_paired_r2.quantification:quantification)	COMPLETED	0	2026-09-29 12:37:07.006	4.9s	422ms	21.0%	10.2 MB	19.8 MB	1.8 MB	475.7 KB	${HF_WORK_ROOT}/b0/1572afe8c24d8a5a276b6824921cd0
885	d7/a87eb1	24626	RNASEQ:RNASEQ_ALIGNMENT_QUANTIFICATION:IMPORT:IMPORT_SOURCE (E-ERAD-478.d35_male_unpaired_r4.quantification:quantification)	COMPLETED	0	2026-09-29 12:37:07.052	4.8s	448ms	21.8%	3.6 MB	7.1 MB	1.8 MB	472.8 KB	${HF_WORK_ROOT}/d7/a87eb1adbcd469123bd4b89bc43371
889	ba/7defa1	24627	RNASEQ:RNASEQ_ALIGNMENT_QUANTIFICATION:IMPORT:IMPORT_SOURCE (E-ERAD-478.d35_male_paired_r1.quantification:quantification)	COMPLETED	0	2026-09-29 12:37:11.968	4.9s	313ms	43.5%	3.5 MB	7.1 MB	1.8 MB	475.4 KB	${HF_WORK_ROOT}/ba/7defa1f75c62a5b712d985bf7558d9
891	4c/feca4c	24628	RNASEQ:RNASEQ_ALIGNMENT_QUANTIFICATION:IMPORT:IMPORT_SOURCE (E-ERAD-478.d28_female_paired_r4.quantification:quantification)	COMPLETED	0	2026-09-29 12:37:12.036	4.9s	285ms	30.6%	3.6 MB	7.1 MB	1.8 MB	476.3 KB	${HF_WORK_ROOT}/4c/feca4c01bcefe5d38205f49e4a9f1e
855	be/9d8ddd	24613	RNASEQ:RNASEQ_ALIGNMENT_QUANTIFICATION:QUANTIFICATION:SALMON_QUANT (E-ERAD-478.d38_female_unpaired_r2.quantification)	COMPLETED	0	2026-09-29 12:35:52.132	1m 35s	1m 5s	533.9%	841.3 MB	1.3 GB	4.5 GB	602.1 KB	${HF_WORK_ROOT}/be/9d8ddde69cf14affe036bcd303d58f
860	15/bf97bd	24614	RNASEQ:RNASEQ_ALIGNMENT_QUANTIFICATION:QUANTIFICATION:SALMON_QUANT (E-ERAD-478.d38_male_paired_r2.quantification)	COMPLETED	0	2026-09-29 12:35:52.182	1m 35s	1m 11s	503.0%	836.6 MB	1.3 GB	4.9 GB	604.8 KB	${HF_WORK_ROOT}/15/bf97bdb6b68284b3499564ebad05aa
858	08/602625	24612	RNASEQ:RNASEQ_ALIGNMENT_QUANTIFICATION:QUANTIFICATION:SALMON_QUANT (E-ERAD-478.d38_female_unpaired_r4.quantification)	COMPLETED	0	2026-09-29 12:35:51.955	1m 40s	1m 25s	502.7%	853.2 MB	1.3 GB	4.2 GB	599.7 KB	${HF_WORK_ROOT}/08/60262520758612a835ef7941979064
894	36/4ba40f	24633	RNASEQ:RNASEQ_ALIGNMENT_QUANTIFICATION:IMPORT:IMPORT_SOURCE (E-ERAD-478.d38_female_unpaired_r2.quantification:quantification)	COMPLETED	0	2026-09-29 12:37:32.063	4.8s	235ms	33.0%	11.1 MB	19.8 MB	1.8 MB	476.9 KB	${HF_WORK_ROOT}/36/4ba40f0684be2d36bee7965d990694
868	a8/c44883	24619	RNASEQ:RNASEQ_ALIGNMENT_QUANTIFICATION:QUANTIFICATION:SALMON_QUANT (E-ERAD-478.d38_male_unpaired_r3.quantification)	COMPLETED	0	2026-09-29 12:36:36.956	1m 5s	1m 2s	473.4%	847.7 MB	1.3 GB	2.8 GB	592.2 KB	${HF_WORK_ROOT}/a8/c44883c1eff746e0322e3f86294344
850	bb/dfe39b	24634	RNASEQ:RNASEQ_ALIGNMENT_QUANTIFICATION:IMPORT:IMPORT_SOURCE (E-ERAD-478.d21_male_paired_r4.quantification:quantification)	COMPLETED	0	2026-09-29 12:37:36.919	5s	234ms	24.7%	11.7 MB	20 MB	1.8 MB	476.2 KB	${HF_WORK_ROOT}/bb/dfe39b76411d25d7b91fb4b3e54ea1
826	b8/b4bda8	24617	RNASEQ:RNASEQ_ALIGNMENT_QUANTIFICATION:QUANTIFICATION:SALMON_QUANT (E-ERAD-478.d28_male_unpaired_r2.quantification)	COMPLETED	0	2026-09-29 12:36:06.894	1m 35s	1m 10s	534.0%	805.5 MB	1.3 GB	3.3 GB	595.3 KB	${HF_WORK_ROOT}/b8/b4bda806219c3787398cc3d657d5a0
853	58/861735	24635	RNASEQ:RNASEQ_ALIGNMENT_QUANTIFICATION:IMPORT:IMPORT_SOURCE (E-ERAD-478.d28_male_paired_r4.quantification:quantification)	COMPLETED	0	2026-09-29 12:37:41.959	4.9s	502ms	19.6%	3.5 MB	7.1 MB	1.8 MB	475.9 KB	${HF_WORK_ROOT}/58/861735541ecc28ab07e464725c34f2
831	0f/530599	24620	RNASEQ:RNASEQ_ALIGNMENT_QUANTIFICATION:QUANTIFICATION:SALMON_QUANT (E-ERAD-478.d35_female_paired_r1.quantification)	COMPLETED	0	2026-09-29 12:36:41.885	1m 35s	1m 4s	512.8%	885.9 MB	1.3 GB	4.6 GB	595.5 KB	${HF_WORK_ROOT}/0f/530599b39e7df5149c142efa86af30
893	d0/8a406b	24639	RNASEQ:RNASEQ_ALIGNMENT_QUANTIFICATION:IMPORT:IMPORT_SOURCE (E-ERAD-478.d38_female_paired_r2.quantification:quantification)	COMPLETED	0	2026-09-29 12:38:16.925	4.9s	264ms	29.5%	10 MB	19.7 MB	1.8 MB	470.2 KB	${HF_WORK_ROOT}/d0/8a406b59935a801e43e820584e1626
896	23/30a760	24640	RNASEQ:RNASEQ_ALIGNMENT_QUANTIFICATION:IMPORT:IMPORT_SOURCE (E-ERAD-478.d38_female_unpaired_r4.quantification:quantification)	COMPLETED	0	2026-09-29 12:38:21.970	4.9s	266ms	25.5%	11.2 MB	20 MB	1.8 MB	476.4 KB	${HF_WORK_ROOT}/23/30a7604a92dd4660f830d8b813c6e7
846	3a/1405b3	24636	RNASEQ:RNASEQ_ALIGNMENT_QUANTIFICATION:QUANTIFICATION:SALMON_QUANT (E-ERAD-478.d35_male_unpaired_r3.quantification)	COMPLETED	0	2026-09-29 12:37:42.115	1m 5s	58.6s	568.1%	815.9 MB	1.3 GB	3.9 GB	600.1 KB	${HF_WORK_ROOT}/3a/1405b39884bdea9b1f537a39cc4bd3
848	65/440a2f	24637	RNASEQ:RNASEQ_ALIGNMENT_QUANTIFICATION:QUANTIFICATION:SALMON_QUANT (E-ERAD-478.d38_female_paired_r1.quantification)	COMPLETED	0	2026-09-29 12:37:42.169	1m 5s	55.3s	467.1%	833.7 MB	1.3 GB	4 GB	593.6 KB	${HF_WORK_ROOT}/65/440a2f490c9eefd6a339c493dda651
842	f0/76967f	24630	RNASEQ:RNASEQ_ALIGNMENT_QUANTIFICATION:QUANTIFICATION:SALMON_QUANT (E-ERAD-478.d35_male_unpaired_r1.quantification)	COMPLETED	0	2026-09-29 12:37:17.024	1m 35s	1m 5s	493.1%	836 MB	1.3 GB	4.6 GB	601.2 KB	${HF_WORK_ROOT}/f0/76967ff4691d6a1fdfbabb4bbd3875
841	98/4438d6	24629	RNASEQ:RNASEQ_ALIGNMENT_QUANTIFICATION:QUANTIFICATION:SALMON_QUANT (E-ERAD-478.d35_male_paired_r3.quantification)	COMPLETED	0	2026-09-29 12:37:16.911	1m 35s	1m 16s	458.4%	848.9 MB	1.3 GB	3.8 GB	596 KB	${HF_WORK_ROOT}/98/4438d6fda2046304d439621437bcf2
897	40/e8d168	24644	RNASEQ:RNASEQ_ALIGNMENT_QUANTIFICATION:IMPORT:IMPORT_SOURCE (E-ERAD-478.d38_male_unpaired_r3.quantification:quantification)	COMPLETED	0	2026-09-29 12:38:52.063	4.8s	307ms	31.7%	3.5 MB	7.1 MB	1.8 MB	473.6 KB	${HF_WORK_ROOT}/40/e8d168131d2bfb3e62ace148b27333
899	f1/d5b57d	24645	RNASEQ:RNASEQ_ALIGNMENT_QUANTIFICATION:IMPORT:IMPORT_SOURCE (E-ERAD-478.d35_female_paired_r1.quantification:quantification)	COMPLETED	0	2026-09-29 12:38:52.118	4.8s	280ms	27.8%	3.4 MB	7.1 MB	1.8 MB	473.2 KB	${HF_WORK_ROOT}/f1/d5b57d0f1330017bfed383b12f7cae
840	55/074acc	24632	RNASEQ:RNASEQ_ALIGNMENT_QUANTIFICATION:QUANTIFICATION:SALMON_QUANT (E-ERAD-478.d35_male_paired_r2.quantification)	COMPLETED	0	2026-09-29 12:37:27.071	1m 35s	1m 23s	480.3%	829.1 MB	1.3 GB	3.9 GB	599.8 KB	${HF_WORK_ROOT}/55/074acc0cce33ce8ab596f45f539aad
838	6a/b1c74a	24631	RNASEQ:RNASEQ_ALIGNMENT_QUANTIFICATION:QUANTIFICATION:SALMON_QUANT (E-ERAD-478.d35_female_unpaired_r3.quantification)	COMPLETED	0	2026-09-29 12:37:26.912	1m 35s	1m 24s	497.3%	848.3 MB	1.3 GB	3.9 GB	598 KB	${HF_WORK_ROOT}/6a/b1c74a05398001a9060d91454ed163
854	57/e238a4	24638	RNASEQ:RNASEQ_ALIGNMENT_QUANTIFICATION:QUANTIFICATION:SALMON_QUANT (E-ERAD-478.d38_female_unpaired_r1.quantification)	COMPLETED	0	2026-09-29 12:37:46.926	1m 40s	1m 5s	500.2%	827.1 MB	1.3 GB	3.1 GB	594.8 KB	${HF_WORK_ROOT}/57/e238a47d7c492df1cb8ab5586c2b47
863	55/e9de64	24641	RNASEQ:RNASEQ_ALIGNMENT_QUANTIFICATION:QUANTIFICATION:SALMON_QUANT (E-ERAD-478.d38_male_unpaired_r1.quantification)	COMPLETED	0	2026-09-29 12:38:26.910	60s	49s	519.6%	846.5 MB	1.3 GB	3.5 GB	595 KB	${HF_WORK_ROOT}/55/e9de647d45015aad742e2978f4fb55
904	9d/cc67b6	24650	RNASEQ:RNASEQ_ALIGNMENT_QUANTIFICATION:IMPORT:IMPORT_SOURCE (E-ERAD-478.d35_male_paired_r2.quantification:quantification)	COMPLETED	0	2026-09-29 12:39:27.014	4.9s	308ms	22.3%	3.5 MB	7.1 MB	1.8 MB	475.5 KB	${HF_WORK_ROOT}/9d/cc67b62ec7f3793a26948f2c0f6f0b
905	6d/4d29c5	24651	RNASEQ:RNASEQ_ALIGNMENT_QUANTIFICATION:IMPORT:IMPORT_SOURCE (E-ERAD-478.d35_female_unpaired_r3.quantification:quantification)	COMPLETED	0	2026-09-29 12:39:27.076	4.8s	335ms	26.4%	10.6 MB	19.8 MB	1.8 MB	475.8 KB	${HF_WORK_ROOT}/6d/4d29c55f9329dd2eeadfcff7581f67
906	94/ccc7cc	24652	RNASEQ:RNASEQ_ALIGNMENT_QUANTIFICATION:IMPORT:IMPORT_SOURCE (E-ERAD-478.d38_female_unpaired_r1.quantification:quantification)	COMPLETED	0	2026-09-29 12:39:31.982	4.9s	292ms	30.1%	11.1 MB	20 MB	1.8 MB	474.8 KB	${HF_WORK_ROOT}/94/ccc7ccb249d6bf5d5d3eb1d4a0193c
907	7d/d38294	24653	RNASEQ:RNASEQ_ALIGNMENT_QUANTIFICATION:IMPORT:IMPORT_SOURCE (E-ERAD-478.d38_male_unpaired_r1.quantification:quantification)	COMPLETED	0	2026-09-29 12:39:32.055	4.9s	287ms	24.0%	3.6 MB	7.1 MB	1.8 MB	475.1 KB	${HF_WORK_ROOT}/7d/d382941699c2561c7bebc90735eb52
869	d4/bec0cd	24643	RNASEQ:RNASEQ_ALIGNMENT_QUANTIFICATION:QUANTIFICATION:SALMON_QUANT (E-ERAD-478.d38_male_unpaired_r4.quantification)	COMPLETED	0	2026-09-29 12:38:47.032	1m 5s	57.9s	510.0%	837.1 MB	1.3 GB	4 GB	597.3 KB	${HF_WORK_ROOT}/d4/bec0cd69d02ee8f5d9b0f17338b03b
888	fa/3986ed	24656	RNASEQ:RNASEQ_ALIGNMENT_QUANTIFICATION:IMPORT:IMPORT_SOURCE (E-ERAD-478.d28_female_unpaired_r3.quantification:quantification)	COMPLETED	0	2026-09-29 12:39:51.899	5s	367ms	26.5%	3.5 MB	7.1 MB	1.8 MB	476.9 KB	${HF_WORK_ROOT}/fa/3986edd1dae3a3bf5ba1e48b620aa2
871	db/a3a868	24646	RNASEQ:RNASEQ_ALIGNMENT_QUANTIFICATION:QUANTIFICATION:SALMON_QUANT (E-ERAD-478.d38_male_unpaired_r6.quantification)	COMPLETED	0	2026-09-29 12:38:56.930	1m 5s	55s	521.4%	837.7 MB	1.3 GB	3.9 GB	598.4 KB	${HF_WORK_ROOT}/db/a3a86809b2c860e9d75009cca4f90b
874	fc/03cacd	24647	RNASEQ:RNASEQ_ALIGNMENT_QUANTIFICATION:IMPORT:IMPORT_SOURCE (E-ERAD-478.d35_female_paired_r3.quantification:quantification)	COMPLETED	0	2026-09-29 12:38:56.975	1m 5s	273ms	25.0%	3.6 MB	7.1 MB	1.8 MB	474.7 KB	${HF_WORK_ROOT}/fc/03cacd48711804ab9127d183644e44
876	ff/789162	24648	RNASEQ:RNASEQ_ALIGNMENT_QUANTIFICATION:IMPORT:IMPORT_SOURCE (E-ERAD-478.d38_female_paired_r3.quantification:quantification)	COMPLETED	0	2026-09-29 12:39:01.912	1m	270ms	25.4%	3.4 MB	7.1 MB	1.8 MB	473.5 KB	${HF_WORK_ROOT}/ff/789162983c33346c3d8d1fd1d5ce62
892	6a/744c82	24657	RNASEQ:RNASEQ_ALIGNMENT_QUANTIFICATION:IMPORT:IMPORT_SOURCE (E-ERAD-478.d28_male_paired_r3.quantification:quantification)	COMPLETED	0	2026-09-29 12:39:56.909	5.1s	334ms	46.7%	12.2 MB	21.2 MB	1.8 MB	475.5 KB	${HF_WORK_ROOT}/6a/744c82b721ae48811b2793892a0380
877	f3/668c4f	24649	RNASEQ:RNASEQ_ALIGNMENT_QUANTIFICATION:IMPORT:IMPORT_SOURCE (E-ERAD-478.d35_female_paired_r2.quantification:quantification)	COMPLETED	0	2026-09-29 12:39:02.154	1m 5s	347ms	22.5%	3.5 MB	7.1 MB	1.8 MB	473.1 KB	${HF_WORK_ROOT}/f3/668c4f0497dac47145575429844b22
895	60/c679b5	24658	RNASEQ:RNASEQ_ALIGNMENT_QUANTIFICATION:IMPORT:IMPORT_SOURCE (E-ERAD-478.d38_male_paired_r2.quantification:quantification)	COMPLETED	0	2026-09-29 12:40:02.005	4.9s	507ms	19.4%	9.7 MB	19.6 MB	1.8 MB	476.8 KB	${HF_WORK_ROOT}/60/c679b567ab4b70da303113913c32f4
898	3d/ea8cf5	24659	RNASEQ:RNASEQ_ALIGNMENT_QUANTIFICATION:IMPORT:IMPORT_SOURCE (E-ERAD-478.d28_male_unpaired_r2.quantification:quantification)	COMPLETED	0	2026-09-29 12:40:02.066	4.9s	390ms	27.6%	3.4 MB	7.1 MB	1.8 MB	474.7 KB	${HF_WORK_ROOT}/3d/ea8cf5e621fe8f138fe17e6fc89a07
900	e5/6c6e43	24660	RNASEQ:RNASEQ_ALIGNMENT_QUANTIFICATION:IMPORT:IMPORT_SOURCE (E-ERAD-478.d35_male_unpaired_r3.quantification:quantification)	COMPLETED	0	2026-09-29 12:40:02.095	4.9s	432ms	20.4%	3.5 MB	7.1 MB	1.8 MB	475.4 KB	${HF_WORK_ROOT}/e5/6c6e43bbdc841cabf9a69dc7b7e747
901	71/7618c9	24661	RNASEQ:RNASEQ_ALIGNMENT_QUANTIFICATION:IMPORT:IMPORT_SOURCE (E-ERAD-478.d38_female_paired_r1.quantification:quantification)	COMPLETED	0	2026-09-29 12:40:02.141	4.8s	505ms	17.5%	9.9 MB	19.7 MB	1.8 MB	472.1 KB	${HF_WORK_ROOT}/71/7618c9025048365d18ddb27f4d8b71
902	97/cea18f	24662	RNASEQ:RNASEQ_ALIGNMENT_QUANTIFICATION:IMPORT:IMPORT_SOURCE (E-ERAD-478.d35_male_unpaired_r1.quantification:quantification)	COMPLETED	0	2026-09-29 12:40:06.943	4.9s	448ms	30.6%	3.4 MB	7.1 MB	1.8 MB	475.8 KB	${HF_WORK_ROOT}/97/cea18f0f9f44ee73d999705de3a124
903	20/74cc63	24663	RNASEQ:RNASEQ_ALIGNMENT_QUANTIFICATION:IMPORT:IMPORT_SOURCE (E-ERAD-478.d35_male_paired_r3.quantification:quantification)	COMPLETED	0	2026-09-29 12:40:06.982	4.9s	443ms	33.2%	10.8 MB	19.8 MB	1.8 MB	475 KB	${HF_WORK_ROOT}/20/74cc63880a8524b14de3263db64f2f
908	b5/71e749	24664	RNASEQ:RNASEQ_ALIGNMENT_QUANTIFICATION:IMPORT:IMPORT_SOURCE (E-ERAD-478.d38_male_unpaired_r4.quantification:quantification)	COMPLETED	0	2026-09-29 12:40:07.050	4.9s	440ms	28.9%	3.4 MB	7.1 MB	1.8 MB	474.4 KB	${HF_WORK_ROOT}/b5/71e7498a3435d79d98f7336655da02
909	fc/23401d	24665	RNASEQ:RNASEQ_ALIGNMENT_QUANTIFICATION:IMPORT:IMPORT_SOURCE (E-ERAD-478.d38_male_unpaired_r6.quantification:quantification)	COMPLETED	0	2026-09-29 12:40:07.080	4.8s	422ms	37.1%	3.4 MB	7.1 MB	1.8 MB	475.2 KB	${HF_WORK_ROOT}/fc/23401d8423ff14d9ca53dd336d5992
867	ea/85e2b6	24642	RNASEQ:RNASEQ_ALIGNMENT_QUANTIFICATION:QUANTIFICATION:SALMON_QUANT (E-ERAD-478.d38_male_unpaired_r2.quantification)	COMPLETED	0	2026-09-29 12:38:46.899	1m 40s	1m 19s	470.5%	831.4 MB	1.3 GB	4 GB	596.8 KB	${HF_WORK_ROOT}/ea/85e2b6035f5b7d69e739c60c9eb1f2
910	7b/d524f8	24666	RNASEQ:RNASEQ_ALIGNMENT_QUANTIFICATION:IMPORT:IMPORT_SOURCE (E-ERAD-478.d38_male_unpaired_r2.quantification:quantification)	COMPLETED	0	2026-09-29 12:40:27.002	4.9s	307ms	50.5%	11.5 MB	20 MB	1.8 MB	475.1 KB	${HF_WORK_ROOT}/7b/d524f863a0fb322661375fcc097905
887	fa/585d45	24655	RNASEQ:RNASEQ_ALIGNMENT_QUANTIFICATION:IMPORT:IMPORT_SOURCE (E-ERAD-478.d38_male_paired_r3.quantification:quantification)	COMPLETED	0	2026-09-29 12:39:37.000	1m 5s	336ms	26.4%	3.4 MB	7.1 MB	1.8 MB	475.9 KB	${HF_WORK_ROOT}/fa/585d4528e9094070846e38b3ad5059
882	2e/3fbcbb	24654	RNASEQ:RNASEQ_ALIGNMENT_QUANTIFICATION:IMPORT:IMPORT_SOURCE (E-ERAD-478.d35_male_unpaired_r2.quantification:quantification)	COMPLETED	0	2026-09-29 12:39:36.957	1m 5s	284ms	24.1%	9.9 MB	19.7 MB	1.8 MB	474.1 KB	${HF_WORK_ROOT}/2e/3fbcbb0644e98ec449ae0f28d56b2b
911	84/249e89	24667	RNASEQ:RNASEQ_ALIGNMENT_QUANTIFICATION:IMPORT:SALMON_SAMPLE_TABLE (rnaseq.import)	COMPLETED	0	2026-09-29 12:40:42.085	4.8s	912ms	20.6%	3.5 MB	7.1 MB	989.8 KB	43.5 KB	${HF_WORK_ROOT}/84/249e896cd2a93321f672865e7e7d18
912	0c/be8840	24668	RNASEQ:RNASEQ_ALIGNMENT_QUANTIFICATION:IMPORT:SALMON_IMPORT (rnaseq.import)	COMPLETED	0	2026-09-29 12:40:46.987	34.9s	24.1s	89.3%	613.6 MB	3 GB	100.6 MB	31.6 MB	${HF_WORK_ROOT}/0c/be8840e30ada7219e96229298152f1
913	79/1a0ffd	24669	RNASEQ:RNASEQ_DIFFERENTIAL_EXPRESSION:DIFFERENTIAL_EXPRESSION:DE_PREFLIGHT (rnaseq.de.all_projects_raw)	COMPLETED	0	2026-09-29 12:41:23.041	3.8s	1.3s	61.5%	12.5 MB	20.9 MB	50.2 MB	9.9 MB	${HF_WORK_ROOT}/79/1a0ffd454a8b37d5d9e9a4706023aa
914	e1/5f42e9	24670	RNASEQ:RNASEQ_DIFFERENTIAL_EXPRESSION:DIFFERENTIAL_EXPRESSION:DESEQ2_MODEL (smansoni_e_erad_478_primary.condition)	COMPLETED	0	2026-09-29 12:41:27.147	1m 5s	52.5s	102.3%	953.3 MB	1.7 GB	111.5 MB	32.5 MB	${HF_WORK_ROOT}/e1/5f42e9ea31c6e8f675c85f0938c25a
915	1a/763d75	24673	RNASEQ:RNASEQ_DIFFERENTIAL_EXPRESSION:DIFFERENTIAL_EXPRESSION:DESEQ2_CONTRAST (smansoni_e_erad_478_primary.condition.condition__d21_female_paired_vs_d21_female_unpaired)	COMPLETED	0	2026-09-29 12:42:32.136	1m 5s	38.7s	82.7%	1.1 GB	1.6 GB	366.1 MB	4.4 MB	${HF_WORK_ROOT}/1a/763d75c41ace6d5833a8ebdaad9d68
916	9f/70c92d	24671	RNASEQ:RNASEQ_DIFFERENTIAL_EXPRESSION:DIFFERENTIAL_EXPRESSION:DESEQ2_CONTRAST (smansoni_e_erad_478_primary.condition.condition__d21_female_paired_vs_d21_male_paired)	COMPLETED	0	2026-09-29 12:42:32.086	1m 5s	40.1s	82.3%	1.2 GB	1.7 GB	366 MB	4.4 MB	${HF_WORK_ROOT}/9f/70c92d613a87292c067e81e752e806
919	b7/8d0089	24674	RNASEQ:RNASEQ_DIFFERENTIAL_EXPRESSION:DIFFERENTIAL_EXPRESSION:DESEQ2_CONTRAST (smansoni_e_erad_478_primary.condition.condition__d28_female_paired_vs_d21_female_paired)	COMPLETED	0	2026-09-29 12:42:32.162	1m 5s	39.4s	82.0%	1.2 GB	1.7 GB	366.1 MB	4.5 MB	${HF_WORK_ROOT}/b7/8d008921dd3962f4ca5c4149b76f36
918	d7/aeba4c	24672	RNASEQ:RNASEQ_DIFFERENTIAL_EXPRESSION:DIFFERENTIAL_EXPRESSION:DESEQ2_CONTRAST (smansoni_e_erad_478_primary.condition.condition__d21_male_paired_vs_d21_male_unpaired)	COMPLETED	0	2026-09-29 12:42:32.112	1m 5s	40.3s	85.7%	1.3 GB	1.9 GB	365.7 MB	4 MB	${HF_WORK_ROOT}/d7/aeba4c891700dcd7be73fcab874db0
917	ff/22d82b	24675	RNASEQ:RNASEQ_DIFFERENTIAL_EXPRESSION:DIFFERENTIAL_EXPRESSION:DESEQ2_CONTRAST (smansoni_e_erad_478_primary.condition.condition__d21_female_unpaired_vs_d21_male_unpaired)	COMPLETED	0	2026-09-29 12:42:32.206	1m 5s	40.2s	83.4%	1.3 GB	1.9 GB	366.1 MB	4.6 MB	${HF_WORK_ROOT}/ff/22d82bfd926b81f1d4118e2f787356
920	58/1f768b	24676	RNASEQ:RNASEQ_DIFFERENTIAL_EXPRESSION:DIFFERENTIAL_EXPRESSION:DESEQ2_CONTRAST (smansoni_e_erad_478_primary.condition.condition__d28_female_paired_vs_d28_female_unpaired)	COMPLETED	0	2026-09-29 12:42:32.248	1m 5s	40.2s	83.3%	1.3 GB	1.9 GB	366.1 MB	4.5 MB	${HF_WORK_ROOT}/58/1f768bdbb045c17f59d88b48f4eb9c
921	19/0534dd	24677	RNASEQ:RNASEQ_DIFFERENTIAL_EXPRESSION:DIFFERENTIAL_EXPRESSION:DESEQ2_CONTRAST (smansoni_e_erad_478_primary.condition.condition__d28_female_paired_vs_d28_male_paired)	COMPLETED	0	2026-09-29 12:42:32.271	1m 5s	40.2s	84.6%	1.3 GB	1.9 GB	366 MB	4.5 MB	${HF_WORK_ROOT}/19/0534dde18888f38dfbecd9da37e598
926	2b/d62d5c	24678	RNASEQ:RNASEQ_DIFFERENTIAL_EXPRESSION:DIFFERENTIAL_EXPRESSION:DESEQ2_CONTRAST (smansoni_e_erad_478_primary.condition.condition__d28_male_unpaired_vs_d21_male_unpaired)	COMPLETED	0	2026-09-29 12:42:32.306	1m 5s	40.6s	84.9%	1.2 GB	1.9 GB	366 MB	4.3 MB	${HF_WORK_ROOT}/2b/d62d5c99c7f6f8420a0e81d73bfd7f
923	c4/926fff	24680	RNASEQ:RNASEQ_DIFFERENTIAL_EXPRESSION:DIFFERENTIAL_EXPRESSION:DESEQ2_CONTRAST (smansoni_e_erad_478_primary.condition.condition__d28_female_unpaired_vs_d28_male_unpaired)	COMPLETED	0	2026-09-29 12:43:36.985	1m 5s	34.8s	89.6%	1.2 GB	1.9 GB	366.1 MB	4.6 MB	${HF_WORK_ROOT}/c4/926fffef11e48dda109e20146f5399
924	5e/f2efe9	24681	RNASEQ:RNASEQ_DIFFERENTIAL_EXPRESSION:DIFFERENTIAL_EXPRESSION:DESEQ2_CONTRAST (smansoni_e_erad_478_primary.condition.condition__d28_male_paired_vs_d21_male_paired)	COMPLETED	0	2026-09-29 12:43:37.006	1m 5s	35.3s	86.8%	1.2 GB	1.9 GB	365.9 MB	4.3 MB	${HF_WORK_ROOT}/5e/f2efe954a0f585923e929f39ed8cde
922	36/d2cab6	24679	RNASEQ:RNASEQ_DIFFERENTIAL_EXPRESSION:DIFFERENTIAL_EXPRESSION:DESEQ2_CONTRAST (smansoni_e_erad_478_primary.condition.condition__d28_female_unpaired_vs_d21_female_unpaired)	COMPLETED	0	2026-09-29 12:43:36.954	1m 5s	34.8s	88.9%	1.2 GB	1.9 GB	366.2 MB	4.6 MB	${HF_WORK_ROOT}/36/d2cab6e975f2a4d343fe86f5204f8b
925	d0/0328fc	24682	RNASEQ:RNASEQ_DIFFERENTIAL_EXPRESSION:DIFFERENTIAL_EXPRESSION:DESEQ2_CONTRAST (smansoni_e_erad_478_primary.condition.condition__d28_male_paired_vs_d28_male_unpaired)	COMPLETED	0	2026-09-29 12:43:37.027	1m 5s	34.7s	87.0%	1.2 GB	1.9 GB	365.7 MB	4.1 MB	${HF_WORK_ROOT}/d0/0328fc4bd2de379ed0ea8be876abe9
927	94/bf1ef1	24683	RNASEQ:RNASEQ_DIFFERENTIAL_EXPRESSION:DIFFERENTIAL_EXPRESSION:DESEQ2_CONTRAST (smansoni_e_erad_478_primary.condition.condition__d35_female_paired_vs_d28_female_paired)	COMPLETED	0	2026-09-29 12:43:37.083	1m 5s	34.3s	88.5%	1.3 GB	1.9 GB	366.1 MB	4.5 MB	${HF_WORK_ROOT}/94/bf1ef10cc95b9f3a432d32438b2298
928	59/7a9a22	24684	RNASEQ:RNASEQ_DIFFERENTIAL_EXPRESSION:DIFFERENTIAL_EXPRESSION:DESEQ2_CONTRAST (smansoni_e_erad_478_primary.condition.condition__d35_female_paired_vs_d35_female_unpaired)	COMPLETED	0	2026-09-29 12:43:37.166	1m 5s	35.4s	86.4%	1.2 GB	1.9 GB	366.1 MB	4.6 MB	${HF_WORK_ROOT}/59/7a9a22de9b11f02e6e2ae1a85deead
930	94/40a46a	24685	RNASEQ:RNASEQ_DIFFERENTIAL_EXPRESSION:DIFFERENTIAL_EXPRESSION:DESEQ2_CONTRAST (smansoni_e_erad_478_primary.condition.condition__d35_female_unpaired_vs_d28_female_unpaired)	COMPLETED	0	2026-09-29 12:43:37.273	1m 5s	35s	86.6%	1.2 GB	1.9 GB	366.1 MB	4.4 MB	${HF_WORK_ROOT}/94/40a46aa7ff96851f7f1c2217ffd8d3
931	ca/72e76c	24686	RNASEQ:RNASEQ_DIFFERENTIAL_EXPRESSION:DIFFERENTIAL_EXPRESSION:DESEQ2_CONTRAST (smansoni_e_erad_478_primary.condition.condition__d35_female_unpaired_vs_d35_male_unpaired)	COMPLETED	0	2026-09-29 12:43:37.410	1m 5s	34.8s	87.7%	1.2 GB	1.9 GB	366.1 MB	4.6 MB	${HF_WORK_ROOT}/ca/72e76c81d79511c30c3568339d2226
932	4c/1c6a1b	24687	RNASEQ:RNASEQ_DIFFERENTIAL_EXPRESSION:DIFFERENTIAL_EXPRESSION:DESEQ2_CONTRAST (smansoni_e_erad_478_primary.condition.condition__d35_male_paired_vs_d28_male_paired)	COMPLETED	0	2026-09-29 12:44:41.948	1m 5s	33.7s	90.4%	1.1 GB	1.7 GB	365.9 MB	4.3 MB	${HF_WORK_ROOT}/4c/1c6a1bbbb94390f80b4267b35d1ab4
933	04/a64d05	24689	RNASEQ:RNASEQ_DIFFERENTIAL_EXPRESSION:DIFFERENTIAL_EXPRESSION:DESEQ2_CONTRAST (smansoni_e_erad_478_primary.condition.condition__d35_male_paired_vs_d35_male_unpaired)	COMPLETED	0	2026-09-29 12:44:42.019	1m 5s	34.8s	87.7%	1.2 GB	1.9 GB	366 MB	4.3 MB	${HF_WORK_ROOT}/04/a64d055a2b42eec5a1bdb6231b2198
929	46/be0aaa	24688	RNASEQ:RNASEQ_DIFFERENTIAL_EXPRESSION:DIFFERENTIAL_EXPRESSION:DESEQ2_CONTRAST (smansoni_e_erad_478_primary.condition.condition__d35_female_paired_vs_d35_male_paired)	COMPLETED	0	2026-09-29 12:44:41.982	1m 5s	34s	91.3%	1.3 GB	1.9 GB	366 MB	4.6 MB	${HF_WORK_ROOT}/46/be0aaadfcfcaa7695575092438c6e0
934	43/e5d578	24690	RNASEQ:RNASEQ_DIFFERENTIAL_EXPRESSION:DIFFERENTIAL_EXPRESSION:DESEQ2_CONTRAST (smansoni_e_erad_478_primary.condition.condition__d35_male_unpaired_vs_d28_male_unpaired)	COMPLETED	0	2026-09-29 12:44:42.042	1m 5s	33.9s	88.7%	1.3 GB	1.9 GB	366 MB	4.4 MB	${HF_WORK_ROOT}/43/e5d578d54d562fbfa14002a074d2ec
935	de/1235ef	24691	RNASEQ:RNASEQ_DIFFERENTIAL_EXPRESSION:DIFFERENTIAL_EXPRESSION:DESEQ2_CONTRAST (smansoni_e_erad_478_primary.condition.condition__d38_female_paired_vs_d21_female_paired)	COMPLETED	0	2026-09-29 12:44:42.061	1m 5s	33.1s	87.4%	1.1 GB	1.6 GB	366.1 MB	4.6 MB	${HF_WORK_ROOT}/de/1235ef293703a85de9386328c19b4f
937	07/8211a5	24692	RNASEQ:RNASEQ_DIFFERENTIAL_EXPRESSION:DIFFERENTIAL_EXPRESSION:DESEQ2_CONTRAST (smansoni_e_erad_478_primary.condition.condition__d38_female_paired_vs_d38_female_unpaired)	COMPLETED	0	2026-09-29 12:44:42.083	1m 5s	35.1s	87.8%	1.2 GB	1.9 GB	366.1 MB	4.6 MB	${HF_WORK_ROOT}/07/8211a5107225a43316b929b2445d56
938	af/98b5d0	24693	RNASEQ:RNASEQ_DIFFERENTIAL_EXPRESSION:DIFFERENTIAL_EXPRESSION:DESEQ2_CONTRAST (smansoni_e_erad_478_primary.condition.condition__d38_female_paired_vs_d38_male_paired)	COMPLETED	0	2026-09-29 12:44:42.112	1m 5s	34.6s	88.0%	1.2 GB	1.9 GB	366 MB	4.6 MB	${HF_WORK_ROOT}/af/98b5d09f8fb291b61d5665b81e58fe
936	8c/f9fba2	24694	RNASEQ:RNASEQ_DIFFERENTIAL_EXPRESSION:DIFFERENTIAL_EXPRESSION:DESEQ2_CONTRAST (smansoni_e_erad_478_primary.condition.condition__d38_female_paired_vs_d35_female_paired)	COMPLETED	0	2026-09-29 12:44:42.167	1m 5s	34.1s	88.8%	1.3 GB	1.9 GB	366 MB	4.3 MB	${HF_WORK_ROOT}/8c/f9fba212d9d3c16a67fae4820065ea
940	5d/2c0c5c	24695	RNASEQ:RNASEQ_DIFFERENTIAL_EXPRESSION:DIFFERENTIAL_EXPRESSION:DESEQ2_CONTRAST (smansoni_e_erad_478_primary.condition.condition__d38_female_unpaired_vs_d35_female_unpaired)	COMPLETED	0	2026-09-29 12:45:46.939	1m 5s	34s	89.4%	1.3 GB	1.9 GB	365.9 MB	4.1 MB	${HF_WORK_ROOT}/5d/2c0c5c119fdfb233b454d3f9feaac2
942	4a/0d34dd	24698	RNASEQ:RNASEQ_DIFFERENTIAL_EXPRESSION:DIFFERENTIAL_EXPRESSION:DESEQ2_CONTRAST (smansoni_e_erad_478_primary.condition.condition__d38_male_paired_vs_d21_male_paired)	COMPLETED	0	2026-09-29 12:45:47.054	1m 5s	34.4s	87.7%	1.3 GB	1.9 GB	365.9 MB	4.4 MB	${HF_WORK_ROOT}/4a/0d34dd42aa972526a78eb93a74bd48
941	df/51c907	24697	RNASEQ:RNASEQ_DIFFERENTIAL_EXPRESSION:DIFFERENTIAL_EXPRESSION:DESEQ2_CONTRAST (smansoni_e_erad_478_primary.condition.condition__d38_female_unpaired_vs_d38_male_unpaired)	COMPLETED	0	2026-09-29 12:45:47.031	1m 5s	35.3s	87.2%	1.2 GB	1.9 GB	366.1 MB	4.6 MB	${HF_WORK_ROOT}/df/51c9071639f992e8d021a38e2f60a6
939	92/e40f94	24696	RNASEQ:RNASEQ_DIFFERENTIAL_EXPRESSION:DIFFERENTIAL_EXPRESSION:DESEQ2_CONTRAST (smansoni_e_erad_478_primary.condition.condition__d38_female_unpaired_vs_d21_female_unpaired)	COMPLETED	0	2026-09-29 12:45:46.971	1m 5s	34.5s	89.8%	1.3 GB	1.9 GB	366.2 MB	4.7 MB	${HF_WORK_ROOT}/92/e40f9437ca760f2220875a9e8c3911
943	6e/b40576	24699	RNASEQ:RNASEQ_DIFFERENTIAL_EXPRESSION:DIFFERENTIAL_EXPRESSION:DESEQ2_CONTRAST (smansoni_e_erad_478_primary.condition.condition__d38_male_paired_vs_d35_male_paired)	COMPLETED	0	2026-09-29 12:45:47.077	1m 5s	35.3s	86.7%	1.2 GB	1.9 GB	365.7 MB	4 MB	${HF_WORK_ROOT}/6e/b40576c44e46433596928fd3a1da50
944	da/d81920	24700	RNASEQ:RNASEQ_DIFFERENTIAL_EXPRESSION:DIFFERENTIAL_EXPRESSION:DESEQ2_CONTRAST (smansoni_e_erad_478_primary.condition.condition__d38_male_paired_vs_d38_male_unpaired)	COMPLETED	0	2026-09-29 12:45:47.099	1m 5s	35.6s	86.4%	1.2 GB	1.9 GB	366 MB	4.3 MB	${HF_WORK_ROOT}/da/d819209a2ef81a8b1a353e55b547df
945	56/83b946	24701	RNASEQ:RNASEQ_DIFFERENTIAL_EXPRESSION:DIFFERENTIAL_EXPRESSION:DESEQ2_CONTRAST (smansoni_e_erad_478_primary.condition.condition__d38_male_unpaired_vs_d21_male_unpaired)	COMPLETED	0	2026-09-29 12:45:47.189	1m 5s	35.5s	86.4%	1.2 GB	1.9 GB	366.1 MB	4.5 MB	${HF_WORK_ROOT}/56/83b946dd34ec814a270cac4f9fb97c
946	e2/a3b626	24702	RNASEQ:RNASEQ_DIFFERENTIAL_EXPRESSION:DIFFERENTIAL_EXPRESSION:DESEQ2_CONTRAST (smansoni_e_erad_478_primary.condition.condition__d38_male_unpaired_vs_d35_male_unpaired)	COMPLETED	0	2026-09-29 12:45:47.284	1m 5s	35s	86.9%	1.2 GB	1.9 GB	366 MB	4.2 MB	${HF_WORK_ROOT}/e2/a3b6265f3c8f8647fec5321c06ac18
947	80/ccadbb	24703	RNASEQ:RNASEQ_DIFFERENTIAL_EXPRESSION:DIFFERENTIAL_EXPRESSION:DE_AGGREGATE (rnaseq.de.all_projects_raw)	COMPLETED	0	2026-09-29 12:46:52.129	34.8s	14.8s	72.1%	843.7 MB	864.2 MB	389.9 MB	257.5 MB	${HF_WORK_ROOT}/80/ccadbb9c48b65978ccafb4e8a15304
948	3a/699dfd	24704	RNASEQ:RNASEQ_DIFFERENTIAL_EXPRESSION:RNASEQ_REPORT:RNASEQ_REPORT_CONTEXT (rnaseq.report.candidate_genes)	COMPLETED	0	2026-09-29 12:47:29.421	32.5s	4.7s	89.7%	583.6 MB	599.3 MB	233.3 MB	2 KB	${HF_WORK_ROOT}/3a/699dfdf57c7f8abe5c437e48c9355d
949	84/24161c	24705	RNASEQ:RNASEQ_DIFFERENTIAL_EXPRESSION:RNASEQ_REPORT:RNASEQ_GENE_REPORT (rnaseq.report.candidate_genes)	COMPLETED	0	2026-09-29 12:48:02.134	7m 5s	6m 24s	97.4%	1.3 GB	4 GB	463.9 MB	278.1 MB	${HF_WORK_ROOT}/84/24161cb5a3e80d628e022d64149ec9
950	9c/c42474	24706	RNASEQ:RUN_MANIFEST (rnaseq:big_moriondo.rnaseq)	COMPLETED	0	2026-09-29 12:55:08.437	33.5s	7.4s	41.6%	30.1 MB	45.8 MB	496.5 MB	132.6 MB	${HF_WORK_ROOT}/9c/c42474bb3a983051cc86c153c4231f
