analysis_id	variable	contrast	level_a	level_b	gene_id	baseMean	log2FoldChange	lfcSE	stat	pvalue	padj	gene_name	biotype
smansoni_prjna597909_primary	condition	condition__juvenile_pzq_vs_juvenile_control	juvenile_pzq	juvenile_control	Smp_063330	11969.8734629648	1.8142579865015	0.0547153723613388	33.1581036225101	4.32799124996721e-241	3.8545090072208e-237	Smp_063330	protein_coding
smansoni_prjna597909_primary	condition	condition__juvenile_pzq_vs_juvenile_control	juvenile_pzq	juvenile_control	Smp_340060	19388.5928572904	2.75056519175049	0.0861804415581267	31.9163506477893	1.58386382445943e-223	7.05294561031785e-220	Smp_340060	protein_coding
smansoni_prjna597909_primary	condition	condition__juvenile_pzq_vs_juvenile_control	juvenile_pzq	juvenile_control	Smp_337730	15050.7854697436	4.01854100477865	0.134700648182522	29.833122995321	1.45346190349916e-195	4.31484390418784e-192	Smp_337730	protein_coding
smansoni_prjna597909_primary	condition	condition__juvenile_pzq_vs_juvenile_control	juvenile_pzq	juvenile_control	Smp_311670	26098.7240941841	3.81385205802688	0.168708487100232	22.6061659586872	3.7689048307306e-113	8.39146660562169e-110	Smp_311670	protein_coding
smansoni_prjna597909_primary	condition	condition__juvenile_pzq_vs_juvenile_control	juvenile_pzq	juvenile_control	Smp_244640	1799.25174725632	1.87468461691215	0.0835373619355925	22.4412714679395	1.55728478445888e-111	2.77383565807815e-108	Smp_244640	protein_coding
smansoni_prjna597909_primary	condition	condition__juvenile_pzq_vs_juvenile_control	juvenile_pzq	juvenile_control	Smp_244650	1319.47287787962	1.81748472249296	0.0856473430945496	21.2205616289411	6.16828559163677e-100	9.15579191318618e-97	Smp_244650	protein_coding
smansoni_prjna597909_primary	condition	condition__juvenile_pzq_vs_juvenile_control	juvenile_pzq	juvenile_control	Smp_195090	656.336613984311	-2.80711484184988	0.139426786527954	-20.133253528633	3.7738411561957e-90	4.20122866713487e-87	Smp_195090	protein_coding
smansoni_prjna597909_primary	condition	condition__juvenile_pzq_vs_juvenile_control	juvenile_pzq	juvenile_control	Smp_166340	4239.46487209285	1.54088229578153	0.0788922793479179	19.5314713748627	5.93058593935487e-85	5.86864426398828e-82	Smp_166340	protein_coding
smansoni_prjna597909_primary	condition	condition__juvenile_pzq_vs_juvenile_control	juvenile_pzq	juvenile_control	Smp_128370	9555.05562000024	1.09810190973284	0.0582526804967826	18.8506674777565	2.90158133363131e-79	2.3492257597564e-76	Smp_128370	protein_coding
smansoni_prjna597909_primary	condition	condition__juvenile_pzq_vs_juvenile_control	juvenile_pzq	juvenile_control	Smp_086480	6613.00735143984	-1.40275107219143	0.077986638358921	-17.9870693455909	2.46029942392285e-72	1.68549435918899e-69	Smp_086480	protein_coding
smansoni_prjna597909_primary	condition	condition__juvenile_pzq_vs_juvenile_control	juvenile_pzq	juvenile_control	Smp_311630	4663.46267872965	3.08646080470468	0.179870768049713	17.1593240979081	5.35330135317281e-66	3.40546441795407e-63	Smp_311630	protein_coding
smansoni_prjna597909_primary	condition	condition__juvenile_pzq_vs_juvenile_control	juvenile_pzq	juvenile_control	Smp_341290	876.531155009106	3.47462306200693	0.211733188953384	16.4103845938481	1.61181224235159e-60	9.56986655358885e-58	Smp_341290	protein_coding
smansoni_prjna597909_primary	condition	condition__juvenile_pzq_vs_juvenile_control	juvenile_pzq	juvenile_control	Smp_011000	1059.5273731265	1.56453102468932	0.0988714481837403	15.8238910568179	2.12917441089632e-56	1.18515170646516e-53	Smp_011000	protein_coding
smansoni_prjna597909_primary	condition	condition__juvenile_pzq_vs_juvenile_control	juvenile_pzq	juvenile_control	Smp_058380	887.537486571757	2.78286230714535	0.185602639735355	14.9936569388957	8.07802293891333e-51	3.99682623855345e-48	Smp_058380	protein_coding
smansoni_prjna597909_primary	condition	condition__juvenile_pzq_vs_juvenile_control	juvenile_pzq	juvenile_control	Smp_181470	2019.83227855918	1.31192728288861	0.0879023602757096	14.924824302484	2.2723332191321e-50	1.06512629734687e-47	Smp_181470	protein_coding
smansoni_prjna597909_primary	condition	condition__juvenile_pzq_vs_juvenile_control	juvenile_pzq	juvenile_control	Smp_151420	1383.37933814924	1.09627583187468	0.0750847808708561	14.6005065095715	2.78766552871006e-48	1.24134745993459e-45	Smp_151420	protein_coding
smansoni_prjna597909_primary	condition	condition__juvenile_pzq_vs_juvenile_control	juvenile_pzq	juvenile_control	Smp_081900	4750.20149222855	1.2597341034358	0.0871573558344566	14.4535603607399	2.38055299703464e-47	1.00958119007574e-44	Smp_081900	protein_coding
smansoni_prjna597909_primary	condition	condition__juvenile_pzq_vs_juvenile_control	juvenile_pzq	juvenile_control	Smp_309480	8790.47073463799	1.2927394486726	0.0899986438947719	14.3639880861327	8.70691492803521e-47	3.5247174704128e-44	Smp_309480	protein_coding
smansoni_prjna597909_primary	condition	condition__juvenile_pzq_vs_juvenile_control	juvenile_pzq	juvenile_control	Smp_244960	512.526457053049	2.2465030856019	0.158987060699286	14.1301001208584	2.47791760603571e-45	9.19513924973085e-43	Smp_244960	protein_coding
smansoni_prjna597909_primary	condition	condition__juvenile_pzq_vs_juvenile_control	juvenile_pzq	juvenile_control	Smp_316490	2285.6231778279	1.87348915362636	0.133023878695058	14.0838560114544	4.77325817728448e-45	1.70042549307582e-42	Smp_316490	protein_coding
smansoni_prjna597909_primary	condition	condition__juvenile_pzq_vs_juvenile_control	juvenile_pzq	juvenile_control	Smp_154680	234.089306860555	-1.78110985910696	0.126940136862019	-14.0311008254465	1.00578134058805e-44	3.44518793049123e-42	Smp_154680	protein_coding
smansoni_prjna597909_primary	condition	condition__juvenile_pzq_vs_juvenile_control	juvenile_pzq	juvenile_control	Smp_311640	831.61801209852	2.40927170804479	0.172193940253285	13.9916172688825	1.75377910183901e-44	5.78487284480675e-42	Smp_311640	protein_coding
smansoni_prjna597909_primary	condition	condition__juvenile_pzq_vs_juvenile_control	juvenile_pzq	juvenile_control	Smp_089200	3959.93789884575	-1.62835676847203	0.118726165192945	-13.7152308914024	8.23039693627767e-43	2.61785411123175e-40	Smp_089200	protein_coding
smansoni_prjna597909_primary	condition	condition__juvenile_pzq_vs_juvenile_control	juvenile_pzq	juvenile_control	Smp_244160	1226.89776114986	1.4043400493312	0.104112614410364	13.4886637636044	1.82375969919946e-41	5.23948512292593e-39	Smp_244160	protein_coding
smansoni_prjna597909_primary	condition	condition__juvenile_pzq_vs_juvenile_control	juvenile_pzq	juvenile_control	Smp_158480	690.394877729586	-2.15376852381588	0.168297237682655	-12.7974086412344	1.69513935156311e-37	4.31340316143458e-35	Smp_158480	protein_coding
smansoni_prjna597909_primary	condition	condition__juvenile_pzq_vs_juvenile_control	juvenile_pzq	juvenile_control	Smp_051400	861.7850013013	1.08188893470483	0.0881893482037555	12.2677960177821	1.34874829400289e-34	3.07998777086916e-32	Smp_051400	protein_coding
smansoni_prjna597909_primary	condition	condition__juvenile_pzq_vs_juvenile_control	juvenile_pzq	juvenile_control	Smp_316160	5850.5176514526	-22.8671430226635	1.90833742449701	-11.9827566808269	4.37528670280971e-33	9.74157584380582e-31	Smp_316160	protein_coding
smansoni_prjna597909_primary	condition	condition__juvenile_pzq_vs_juvenile_control	juvenile_pzq	juvenile_control	Smp_327950	118.499644201343	-2.07873428484417	0.175012151882924	-11.8776568511354	1.54641540536887e-32	3.20287804656166e-30	Smp_327950	protein_coding
smansoni_prjna597909_primary	condition	condition__juvenile_pzq_vs_juvenile_control	juvenile_pzq	juvenile_control	Smp_347370	42.5683594591671	-3.52005204790218	0.296953002339805	-11.8539028740789	2.05396790736998e-32	4.06503070734156e-30	Smp_347370	protein_coding
smansoni_prjna597909_primary	condition	condition__juvenile_pzq_vs_juvenile_control	juvenile_pzq	juvenile_control	Smp_343740	28719.5420939545	-1.04028097452794	0.0883009148095223	-11.7810894345995	4.88574754806258e-32	9.25797184320114e-30	Smp_343740	protein_coding
smansoni_prjna597909_primary	condition	condition__juvenile_pzq_vs_juvenile_control	juvenile_pzq	juvenile_control	Smp_008660	35187.4043136653	1.33037843869454	0.11403667288776	11.6662333704172	1.89634850845673e-31	3.44671016659504e-29	Smp_008660	protein_coding
smansoni_prjna597909_primary	condition	condition__juvenile_pzq_vs_juvenile_control	juvenile_pzq	juvenile_control	Smp_059530	13305.0948713245	1.09772901296325	0.0962401881253761	11.4061395176534	3.89641273853269e-30	6.42619478692076e-28	Smp_059530	protein_coding
smansoni_prjna597909_primary	condition	condition__juvenile_pzq_vs_juvenile_control	juvenile_pzq	juvenile_control	Smp_316150	1039.65396345284	-22.0387627723933	1.93782935019187	-11.3729120524525	5.70518508618999e-30	9.23825061411056e-28	Smp_316150	protein_coding
smansoni_prjna597909_primary	condition	condition__juvenile_pzq_vs_juvenile_control	juvenile_pzq	juvenile_control	Smp_132210	2499.15367776925	1.0544319709902	0.093591527467633	11.266318645722	1.92449174125647e-29	3.00693393818073e-27	Smp_132210	protein_coding
smansoni_prjna597909_primary	condition	condition__juvenile_pzq_vs_juvenile_control	juvenile_pzq	juvenile_control	Smp_172460	351.682473647243	2.13529072223873	0.189958311728034	11.240838596712	2.56929974552108e-29	3.94520405751909e-27	Smp_172460	protein_coding
smansoni_prjna597909_primary	condition	condition__juvenile_pzq_vs_juvenile_control	juvenile_pzq	juvenile_control	Smp_307020	115379.623408321	-1.09092324767141	0.0974809835305893	-11.1911391141132	4.50607085069493e-29	6.80187576208288e-27	Smp_307020	protein_coding
smansoni_prjna597909_primary	condition	condition__juvenile_pzq_vs_juvenile_control	juvenile_pzq	juvenile_control	Smp_322830	734.448676944659	1.44708673445422	0.130976861764041	11.0484150785441	2.23119110366478e-28	3.10484187019353e-26	Smp_322830	protein_coding
smansoni_prjna597909_primary	condition	condition__juvenile_pzq_vs_juvenile_control	juvenile_pzq	juvenile_control	Smp_306180	103.777574348786	2.40841289972852	0.218450617094161	11.0249764077819	2.89594427810763e-28	3.9678891908964e-26	Smp_306180	protein_coding
smansoni_prjna597909_primary	condition	condition__juvenile_pzq_vs_juvenile_control	juvenile_pzq	juvenile_control	Smp_334670	248.633676779346	1.93873444764006	0.176709937812289	10.9712813644895	5.25227265391656e-28	7.08738488723953e-26	Smp_334670	protein_coding
smansoni_prjna597909_primary	condition	condition__juvenile_pzq_vs_juvenile_control	juvenile_pzq	juvenile_control	Smp_333840	310.211507380251	1.25754689937114	0.114923144746085	10.9425033760572	7.21788973224478e-28	9.18321799362457e-26	Smp_333840	protein_coding
smansoni_prjna597909_primary	condition	condition__juvenile_pzq_vs_juvenile_control	juvenile_pzq	juvenile_control	Smp_164020	304.756020048122	1.1791531702148	0.108073411065535	10.9106685778592	1.02499715307578e-27	1.28572178102717e-25	Smp_164020	protein_coding
smansoni_prjna597909_primary	condition	condition__juvenile_pzq_vs_juvenile_control	juvenile_pzq	juvenile_control	Smp_164590	18309.4167882951	-1.23688619911092	0.115241021936001	-10.7330374057063	7.12160893044703e-27	7.92813114182016e-25	Smp_164590	protein_coding
smansoni_prjna597909_primary	condition	condition__juvenile_pzq_vs_juvenile_control	juvenile_pzq	juvenile_control	Smp_197370	34412.8115955232	-1.09736393729392	0.103315208109674	-10.6215140768919	2.36690510784088e-26	2.53971769764227e-24	Smp_197370	protein_coding
smansoni_prjna597909_primary	condition	condition__juvenile_pzq_vs_juvenile_control	juvenile_pzq	juvenile_control	Smp_244610	1089.2166714938	1.10601644810508	0.104584001300902	10.5753885331172	3.87567727428209e-26	4.10914069104241e-24	Smp_244610	protein_coding
smansoni_prjna597909_primary	condition	condition__juvenile_pzq_vs_juvenile_control	juvenile_pzq	juvenile_control	Smp_074570	598.1502021245	1.91190194313805	0.182433926883777	10.4799692458304	1.06778459886146e-25	1.09306777442071e-23	Smp_074570	protein_coding
smansoni_prjna597909_primary	condition	condition__juvenile_pzq_vs_juvenile_control	juvenile_pzq	juvenile_control	Smp_034500	689.064372112951	1.02593876633855	0.0981272244936661	10.4551898989538	1.38720607506342e-25	1.40391560278578e-23	Smp_034500	protein_coding
smansoni_prjna597909_primary	condition	condition__juvenile_pzq_vs_juvenile_control	juvenile_pzq	juvenile_control	Smp_067480	4541.40759841509	1.01570623649265	0.0983470003896453	10.3277805369607	5.27673769999831e-25	5.16424461056977e-23	Smp_067480	protein_coding
smansoni_prjna597909_primary	condition	condition__juvenile_pzq_vs_juvenile_control	juvenile_pzq	juvenile_control	Smp_346610	4801.77110696264	-1.46450448018321	0.143052782668111	-10.2375113078431	1.34655517735323e-24	1.24921045932374e-22	Smp_346610	protein_coding
smansoni_prjna597909_primary	condition	condition__juvenile_pzq_vs_juvenile_control	juvenile_pzq	juvenile_control	Smp_054300	119.562110661453	-1.68475527358639	0.165413757319894	-10.1850976658988	2.31127689900653e-24	2.12208577964455e-22	Smp_054300	protein_coding
smansoni_prjna597909_primary	condition	condition__juvenile_pzq_vs_juvenile_control	juvenile_pzq	juvenile_control	Smp_176930	2841.01212383061	1.07358789795148	0.106095602763983	10.119061205013	4.54756432436863e-24	4.0500607872827e-22	Smp_176930	protein_coding
smansoni_prjna597909_primary	condition	condition__juvenile_pzq_vs_juvenile_control	juvenile_pzq	juvenile_control	Smp_095520	7464.61873725135	-1.15299143845941	0.115170439378957	-10.0111751303267	1.36125873014247e-23	1.17702623792708e-21	Smp_095520	protein_coding
smansoni_prjna597909_primary	condition	condition__juvenile_pzq_vs_juvenile_control	juvenile_pzq	juvenile_control	Smp_017610	452.289540695873	-1.86574998946145	0.192510812876434	-9.69166334910764	3.27156509126041e-22	2.49030416262951e-20	Smp_017610	protein_coding
smansoni_prjna597909_primary	condition	condition__juvenile_pzq_vs_juvenile_control	juvenile_pzq	juvenile_control	Smp_133830	947.184295065802	1.43134421907448	0.148061967993731	9.66719704235651	4.15604863916264e-22	3.13676010003241e-20	Smp_133830	protein_coding
smansoni_prjna597909_primary	condition	condition__juvenile_pzq_vs_juvenile_control	juvenile_pzq	juvenile_control	Smp_314790	606.430066148884	1.46539838102016	0.151946256549058	9.64418876977749	5.20208699300584e-22	3.89325939157227e-20	Smp_314790	protein_coding
smansoni_prjna597909_primary	condition	condition__juvenile_pzq_vs_juvenile_control	juvenile_pzq	juvenile_control	Smp_123830	22764.2134385294	-1.08486487961732	0.11358716393326	-9.55094609329934	1.28517211889841e-21	9.38175646795836e-20	Smp_123830	protein_coding
smansoni_prjna597909_primary	condition	condition__juvenile_pzq_vs_juvenile_control	juvenile_pzq	juvenile_control	Smp_126220	32.9566902043728	-2.73384558473359	0.288737527365878	-9.46827248149618	2.84509857109223e-21	2.04342321565705e-19	Smp_126220	protein_coding
smansoni_prjna597909_primary	condition	condition__juvenile_pzq_vs_juvenile_control	juvenile_pzq	juvenile_control	Smp_129510	673.275597901378	1.43134044698257	0.151819918880807	9.42788309685707	4.18448580516247e-21	2.93441185675409e-19	Smp_129510	protein_coding
smansoni_prjna597909_primary	condition	condition__juvenile_pzq_vs_juvenile_control	juvenile_pzq	juvenile_control	Smp_088090	249.973021568626	1.87718663453209	0.20053421178236	9.36092957828765	7.90382104925646e-21	5.25309181079687e-19	Smp_088090	protein_coding
smansoni_prjna597909_primary	condition	condition__juvenile_pzq_vs_juvenile_control	juvenile_pzq	juvenile_control	Smp_163610	2944.96149636877	-1.11288964660902	0.119124300240036	-9.34225547907977	9.43034347800222e-21	6.1754881628741e-19	Smp_163610	protein_coding
smansoni_prjna597909_primary	condition	condition__juvenile_pzq_vs_juvenile_control	juvenile_pzq	juvenile_control	Smp_205760	3190.73253261217	-1.02567423265712	0.114568859887678	-8.95246957735879	3.47616705605794e-19	2.02344730727138e-17	Smp_205760	protein_coding
smansoni_prjna597909_primary	condition	condition__juvenile_pzq_vs_juvenile_control	juvenile_pzq	juvenile_control	Smp_180660	109.739685192704	2.09886562434065	0.239377350110072	8.76802096512278	1.81833981960116e-18	9.87447221546826e-17	Smp_180660	protein_coding
smansoni_prjna597909_primary	condition	condition__juvenile_pzq_vs_juvenile_control	juvenile_pzq	juvenile_control	Smp_348320	1124.44852702691	2.15690637655686	0.248190623029345	8.69052323665685	3.60774012631143e-18	1.89003138617233e-16	Smp_348320	protein_coding
smansoni_prjna597909_primary	condition	condition__juvenile_pzq_vs_juvenile_control	juvenile_pzq	juvenile_control	Smp_123550	631.258636846149	1.28898158175505	0.149056395464222	8.64761003874166	5.25891833887144e-18	2.67633867005652e-16	Smp_123550	protein_coding
smansoni_prjna597909_primary	condition	condition__juvenile_pzq_vs_juvenile_control	juvenile_pzq	juvenile_control	Smp_134390	646.764301511972	1.60545509126862	0.186679593938488	8.60005669284678	7.96767304260718e-18	4.00904497838755e-16	Smp_134390	protein_coding
smansoni_prjna597909_primary	condition	condition__juvenile_pzq_vs_juvenile_control	juvenile_pzq	juvenile_control	Smp_342040	354.411030333071	1.43054683639801	0.167982214900281	8.51606128212574	1.65071504567263e-17	7.90390763266689e-16	Smp_342040	protein_coding
smansoni_prjna597909_primary	condition	condition__juvenile_pzq_vs_juvenile_control	juvenile_pzq	juvenile_control	Smp_349590	130.613094945873	2.08574938258887	0.245167215961644	8.50745632693069	1.77790668323234e-17	8.42236006429105e-16	Smp_349590	protein_coding
smansoni_prjna597909_primary	condition	condition__juvenile_pzq_vs_juvenile_control	juvenile_pzq	juvenile_control	Smp_333360	143.022162602526	2.3888110248271	0.284559139787192	8.39477876765293	4.6677229536607e-17	2.04781973523656e-15	Smp_333360	protein_coding
smansoni_prjna597909_primary	condition	condition__juvenile_pzq_vs_juvenile_control	juvenile_pzq	juvenile_control	Smp_348100	16389.9921211919	-1.71168697783639	0.206600086740701	-8.28502545589291	1.18083825325565e-16	4.96063466202587e-15	Smp_348100	protein_coding
smansoni_prjna597909_primary	condition	condition__juvenile_pzq_vs_juvenile_control	juvenile_pzq	juvenile_control	Smp_137300	68.9051115704528	-1.52111564075547	0.184154246876233	-8.26000847961866	1.45662119403005e-16	6.03379923443331e-15	Smp_137300	protein_coding
smansoni_prjna597909_primary	condition	condition__juvenile_pzq_vs_juvenile_control	juvenile_pzq	juvenile_control	Smp_123540	344.29852245854	1.16739396912145	0.142999962880316	8.16359630875222	3.25194445529282e-16	1.27025514556306e-14	Smp_123540	protein_coding
smansoni_prjna597909_primary	condition	condition__juvenile_pzq_vs_juvenile_control	juvenile_pzq	juvenile_control	Smp_181160	341.004014253874	1.00416589028974	0.123455142980895	8.13385223202193	4.15859415578546e-16	1.58954676186375e-14	Smp_181160	protein_coding
smansoni_prjna597909_primary	condition	condition__juvenile_pzq_vs_juvenile_control	juvenile_pzq	juvenile_control	Smp_133770	61.9871464566457	5.86800620168954	0.72353148343771	8.11022925195863	5.05243462835657e-16	1.89860686920437e-14	Smp_133770	protein_coding
smansoni_prjna597909_primary	condition	condition__juvenile_pzq_vs_juvenile_control	juvenile_pzq	juvenile_control	Smp_079960	131.807724301178	-1.72546873835456	0.212854583946952	-8.10632642416847	5.21731626144018e-16	1.95232851362968e-14	Smp_079960	protein_coding
smansoni_prjna597909_primary	condition	condition__juvenile_pzq_vs_juvenile_control	juvenile_pzq	juvenile_control	Smp_146760	124.032684021106	1.83633031575458	0.229356304490957	8.00645231806558	1.18064895268371e-15	4.29177941738823e-14	Smp_146760	protein_coding
smansoni_prjna597909_primary	condition	condition__juvenile_pzq_vs_juvenile_control	juvenile_pzq	juvenile_control	Smp_312580	1038.16198207121	-1.98711984102773	0.249842373441183	-7.95349409172791	1.81323431063258e-15	6.4594659081975e-14	Smp_312580	protein_coding
smansoni_prjna597909_primary	condition	condition__juvenile_pzq_vs_juvenile_control	juvenile_pzq	juvenile_control	Smp_176110	1659.43799894174	1.11313306669388	0.14505600460801	7.67381584583096	1.6695372510232e-14	5.48667850834415e-13	Smp_176110	protein_coding
smansoni_prjna597909_primary	condition	condition__juvenile_pzq_vs_juvenile_control	juvenile_pzq	juvenile_control	Smp_349610	140.67143035561	1.84800888391411	0.243444929967554	7.5910756661082	3.17260609360257e-14	9.91411574372788e-13	Smp_349610	protein_coding
smansoni_prjna597909_primary	condition	condition__juvenile_pzq_vs_juvenile_control	juvenile_pzq	juvenile_control	Smp_135230	290.81115794939	-1.38970202823877	0.187299409926433	-7.41968182806673	1.17402022758677e-13	3.46219342612179e-12	Smp_135230	protein_coding
smansoni_prjna597909_primary	condition	condition__juvenile_pzq_vs_juvenile_control	juvenile_pzq	juvenile_control	Smp_334450	337.638454838828	-1.05218285382784	0.14239955369114	-7.38894769368441	1.47995368369512e-13	4.27937256720415e-12	Smp_334450	protein_coding
smansoni_prjna597909_primary	condition	condition__juvenile_pzq_vs_juvenile_control	juvenile_pzq	juvenile_control	Smp_132750	75.5293750351407	-1.38793342294195	0.188961292225281	-7.34506737648285	2.05655475355931e-13	5.83301803668764e-12	Smp_132750	protein_coding
smansoni_prjna597909_primary	condition	condition__juvenile_pzq_vs_juvenile_control	juvenile_pzq	juvenile_control	Smp_137360	61.5678140947836	-3.27240319228982	0.445664346389808	-7.34275294579556	2.09244559596875e-13	5.89725331572712e-12	Smp_137360	protein_coding
smansoni_prjna597909_primary	condition	condition__juvenile_pzq_vs_juvenile_control	juvenile_pzq	juvenile_control	Smp_314250	1061.32023748597	-2.04891485082308	0.280476648277611	-7.30511742565856	2.770247049076e-13	7.63833443314886e-12	Smp_314250	protein_coding
smansoni_prjna597909_primary	condition	condition__juvenile_pzq_vs_juvenile_control	juvenile_pzq	juvenile_control	Smp_123300	198.986579860083	-1.18339967246363	0.162381581740222	-7.28777032334141	3.15126581015893e-13	8.66209052631959e-12	Smp_123300	protein_coding
smansoni_prjna597909_primary	condition	condition__juvenile_pzq_vs_juvenile_control	juvenile_pzq	juvenile_control	Smp_201060	12154.5183208356	-1.30438730133382	0.179428989231475	-7.26965752257054	3.60400038165839e-13	9.72643254516656e-12	Smp_201060	protein_coding
smansoni_prjna597909_primary	condition	condition__juvenile_pzq_vs_juvenile_control	juvenile_pzq	juvenile_control	Smp_135560	42129.6781202319	-1.12138202351705	0.155053846104416	-7.23221030429579	4.7519555017196e-13	1.2711727425875e-11	Smp_135560	protein_coding
smansoni_prjna597909_primary	condition	condition__juvenile_pzq_vs_juvenile_control	juvenile_pzq	juvenile_control	Smp_317690	348.956907823442	2.11507417648039	0.292453158643908	7.23218099707963	4.7529813977278e-13	1.2711727425875e-11	Smp_317690	protein_coding
smansoni_prjna597909_primary	condition	condition__juvenile_pzq_vs_juvenile_control	juvenile_pzq	juvenile_control	Smp_012920	62.1224835755405	-1.21597731050827	0.169588238003625	-7.17017479998981	7.49020673716958e-13	1.94483327117295e-11	Smp_012920	protein_coding
smansoni_prjna597909_primary	condition	condition__juvenile_pzq_vs_juvenile_control	juvenile_pzq	juvenile_control	Smp_349140	24.1825445003864	2.38382549855881	0.333517662337949	7.14752400771901	8.83570708906497e-13	2.26123009583944e-11	Smp_349140	protein_coding
smansoni_prjna597909_primary	condition	condition__juvenile_pzq_vs_juvenile_control	juvenile_pzq	juvenile_control	Smp_245140	178.057000119691	1.02181518471289	0.144565557445354	7.06817863652714	1.56980389506813e-12	3.88352041374354e-11	Smp_245140	protein_coding
smansoni_prjna597909_primary	condition	condition__juvenile_pzq_vs_juvenile_control	juvenile_pzq	juvenile_control	Smp_094930	150.275395237454	1.81728283890275	0.259275335678743	7.00908489481029	2.39881875784839e-12	5.77402158308047e-11	Smp_094930	protein_coding
smansoni_prjna597909_primary	condition	condition__juvenile_pzq_vs_juvenile_control	juvenile_pzq	juvenile_control	Smp_331120	897.225170985193	1.03476412861402	0.148369396367554	6.97424235689822	3.07523553013633e-12	7.30347936837178e-11	Smp_331120	protein_coding
smansoni_prjna597909_primary	condition	condition__juvenile_pzq_vs_juvenile_control	juvenile_pzq	juvenile_control	Smp_345640	116.296933920774	1.01532650247402	0.145681433011119	6.9694983189555	3.18073174364341e-12	7.51395143471835e-11	Smp_345640	protein_coding
smansoni_prjna597909_primary	condition	condition__juvenile_pzq_vs_juvenile_control	juvenile_pzq	juvenile_control	Smp_086530	21141.5575010052	-1.23314100476743	0.17781495570333	-6.93496787089624	4.06313494353256e-12	9.44811483214125e-11	Smp_086530	protein_coding
smansoni_prjna597909_primary	condition	condition__juvenile_pzq_vs_juvenile_control	juvenile_pzq	juvenile_control	Smp_340140	117.837137810679	-1.08244725973397	0.15657162702943	-6.91343176455912	4.73067281273045e-12	1.09148632306159e-10	Smp_340140	protein_coding
smansoni_prjna597909_primary	condition	condition__juvenile_pzq_vs_juvenile_control	juvenile_pzq	juvenile_control	Smp_334920	78.3288459405845	-2.103424543296	0.310403307408885	-6.7764243907531	1.23186480936713e-11	2.66286116316108e-10	Smp_334920	protein_coding
smansoni_prjna597909_primary	condition	condition__juvenile_pzq_vs_juvenile_control	juvenile_pzq	juvenile_control	Smp_247080	114.061030710776	2.21922168568898	0.331786942797528	6.68869506128592	2.25169370162735e-11	4.71849037804546e-10	Smp_247080	protein_coding
smansoni_prjna597909_primary	condition	condition__juvenile_pzq_vs_juvenile_control	juvenile_pzq	juvenile_control	Smp_313310	109.617303102788	1.49919997085704	0.22602520195895	6.63288853571877	3.29180396251701e-11	6.75502444474112e-10	Smp_313310	protein_coding
smansoni_prjna597909_primary	condition	condition__juvenile_pzq_vs_juvenile_control	juvenile_pzq	juvenile_control	Smp_089670	12218.3514327295	1.23633315715546	0.188697114473669	6.55194521974514	5.67923769175575e-11	1.13661327826464e-09	Smp_089670	protein_coding
smansoni_prjna597909_primary	condition	condition__juvenile_pzq_vs_juvenile_control	juvenile_pzq	juvenile_control	Smp_333830	43.8543893291968	-1.8320478228808	0.281480229250032	-6.50861990471607	7.58443579982745e-11	1.50438719895909e-09	Smp_333830	protein_coding
smansoni_prjna597909_primary	condition	condition__juvenile_pzq_vs_juvenile_control	juvenile_pzq	juvenile_control	Smp_303410	66863.6824492011	1.2306998200824	0.190568197328547	6.45805458274145	1.06057492363441e-10	2.04006053345313e-09	Smp_303410	protein_coding
smansoni_prjna597909_primary	condition	condition__juvenile_pzq_vs_juvenile_control	juvenile_pzq	juvenile_control	Smp_323900	59.3114305145135	1.22793896406555	0.190455839885188	6.44736840207047	1.1380891514756e-10	2.18444439289692e-09	Smp_323900	protein_coding
smansoni_prjna597909_primary	condition	condition__juvenile_pzq_vs_juvenile_control	juvenile_pzq	juvenile_control	Smp_079970	43.2474512142821	-1.32796403884334	0.209817935578835	-6.32912546384475	2.46554578289345e-10	4.51813801284961e-09	Smp_079970	protein_coding
smansoni_prjna597909_primary	condition	condition__juvenile_pzq_vs_juvenile_control	juvenile_pzq	juvenile_control	Smp_148820	177.44665553106	-1.09009705984508	0.174249408443503	-6.25595845393374	3.95081920815688e-10	7.0939507798075e-09	Smp_148820	protein_coding
smansoni_prjna597909_primary	condition	condition__juvenile_pzq_vs_juvenile_control	juvenile_pzq	juvenile_control	Smp_320360	20.5498163903325	-2.4642330683318	0.401189820925539	-6.14231204233161	8.1328887534954e-10	1.39291360074288e-08	Smp_320360	protein_coding
smansoni_prjna597909_primary	condition	condition__juvenile_pzq_vs_juvenile_control	juvenile_pzq	juvenile_control	Smp_157100	164.688086435983	1.36839522474677	0.224535965901281	6.0943253311516	1.0989995560811e-09	1.83633959595841e-08	Smp_157100	protein_coding
smansoni_prjna597909_primary	condition	condition__juvenile_pzq_vs_juvenile_control	juvenile_pzq	juvenile_control	Smp_098340	113.931478960576	-1.36173973395224	0.229860514173581	-5.92420033013548	3.13820707355346e-09	4.94670304372869e-08	Smp_098340	protein_coding
smansoni_prjna597909_primary	condition	condition__juvenile_pzq_vs_juvenile_control	juvenile_pzq	juvenile_control	Smp_033250	2196.09006078451	-2.49270511222507	0.42516843776177	-5.8628649044306	4.54948363265008e-09	7.02213192935557e-08	Smp_033250	protein_coding
smansoni_prjna597909_primary	condition	condition__juvenile_pzq_vs_juvenile_control	juvenile_pzq	juvenile_control	Smp_328460	38.2319072854308	4.14240584174712	0.711400670302817	5.82288717830959	5.78396027419957e-09	8.79043518805826e-08	Smp_328460	protein_coding
smansoni_prjna597909_primary	condition	condition__juvenile_pzq_vs_juvenile_control	juvenile_pzq	juvenile_control	Smp_125560	41.9673532853212	1.40670027898572	0.24751207417152	5.6833602307858	1.3207366790352e-08	1.90639884335291e-07	Smp_125560	protein_coding
smansoni_prjna597909_primary	condition	condition__juvenile_pzq_vs_juvenile_control	juvenile_pzq	juvenile_control	Smp_316790	66.0855563392305	1.17149762946333	0.206197691448248	5.68142941482619	1.33573639823825e-08	1.9249301557783e-07	Smp_316790	protein_coding
smansoni_prjna597909_primary	condition	condition__juvenile_pzq_vs_juvenile_control	juvenile_pzq	juvenile_control	Smp_349320	13.5527138389023	2.30456065699135	0.405727079421359	5.68007602617521	1.34634884570359e-08	1.93708930853573e-07	Smp_349320	protein_coding
smansoni_prjna597909_primary	condition	condition__juvenile_pzq_vs_juvenile_control	juvenile_pzq	juvenile_control	Smp_326120	62.2421964994968	-1.19129021474734	0.211770334105095	-5.62538761522727	1.85091879121477e-08	2.59595004008799e-07	Smp_326120	protein_coding
smansoni_prjna597909_primary	condition	condition__juvenile_pzq_vs_juvenile_control	juvenile_pzq	juvenile_control	Smp_324380	166.795847508366	-1.69031179911469	0.306410241044569	-5.51649903525524	3.45819387000502e-08	4.68777391267347e-07	Smp_324380	protein_coding
smansoni_prjna597909_primary	condition	condition__juvenile_pzq_vs_juvenile_control	juvenile_pzq	juvenile_control	Smp_344520	26.7798547362028	1.65185230905036	0.300688394787673	5.49356855031531	3.93892111370492e-08	5.25150171237366e-07	Smp_344520	protein_coding
smansoni_prjna597909_primary	condition	condition__juvenile_pzq_vs_juvenile_control	juvenile_pzq	juvenile_control	Smp_329570	49.8149775664423	1.21664793108581	0.222320337177	5.4724994867077	4.43732045478805e-08	5.8807702336819e-07	Smp_329570	protein_coding
smansoni_prjna597909_primary	condition	condition__juvenile_pzq_vs_juvenile_control	juvenile_pzq	juvenile_control	Smp_326080	148.382431619208	1.12363455359668	0.206152006871092	5.45051474710742	5.02242376680986e-08	6.56823877638893e-07	Smp_326080	protein_coding
smansoni_prjna597909_primary	condition	condition__juvenile_pzq_vs_juvenile_control	juvenile_pzq	juvenile_control	Smp_003600	42.3385868816437	-1.29647877072467	0.240842890327408	-5.38308923698018	7.32182160744748e-08	9.45045554143873e-07	Smp_003600	protein_coding
smansoni_prjna597909_primary	condition	condition__juvenile_pzq_vs_juvenile_control	juvenile_pzq	juvenile_control	Smp_313330	119.456268783151	-1.05165951297242	0.19786761532949	-5.31496531770089	1.06677643294226e-07	1.34380635244466e-06	Smp_313330	protein_coding
smansoni_prjna597909_primary	condition	condition__juvenile_pzq_vs_juvenile_control	juvenile_pzq	juvenile_control	Smp_174520	34.3918475509542	-1.68114349353205	0.31899922264152	-5.27005514186238	1.36382780915814e-07	1.69167833821204e-06	Smp_174520	protein_coding
smansoni_prjna597909_primary	condition	condition__juvenile_pzq_vs_juvenile_control	juvenile_pzq	juvenile_control	Smp_076320	386.380376940735	-1.22800475196335	0.2376646345587	-5.16696459380054	2.37926312215964e-07	2.83284991523446e-06	Smp_076320	protein_coding
smansoni_prjna597909_primary	condition	condition__juvenile_pzq_vs_juvenile_control	juvenile_pzq	juvenile_control	Smp_330700	21.7488149731286	1.77749227159776	0.345839950122322	5.13963835285388	2.75267748805785e-07	3.21302040742375e-06	Smp_330700	protein_coding
smansoni_prjna597909_primary	condition	condition__juvenile_pzq_vs_juvenile_control	juvenile_pzq	juvenile_control	Smp_125450	14.1879413396774	-2.70819984880812	0.528881620678902	-5.12061630224875	3.04538727812297e-07	3.5315389451775e-06	Smp_125450	protein_coding
smansoni_prjna597909_primary	condition	condition__juvenile_pzq_vs_juvenile_control	juvenile_pzq	juvenile_control	Smp_345100	126.900048472171	1.96699274370716	0.385774033160546	5.09882100563404	3.41775544492197e-07	3.92249097841174e-06	Smp_345100	protein_coding
smansoni_prjna597909_primary	condition	condition__juvenile_pzq_vs_juvenile_control	juvenile_pzq	juvenile_control	Smp_322480	55.7345090246963	1.60376603257438	0.31480474508729	5.09447858586021	3.4970235701099e-07	4.00110831421734e-06	Smp_322480	protein_coding
smansoni_prjna597909_primary	condition	condition__juvenile_pzq_vs_juvenile_control	juvenile_pzq	juvenile_control	Smp_332250	71.0265901039222	-1.33066842905609	0.262057851278675	-5.07776593055037	3.81898769381113e-07	4.32171593406378e-06	Smp_332250	protein_coding
smansoni_prjna597909_primary	condition	condition__juvenile_pzq_vs_juvenile_control	juvenile_pzq	juvenile_control	Smp_342560	183.182407673598	-1.4082813467465	0.286564760743243	-4.91435633290689	8.90746148210769e-07	9.45528628839703e-06	Smp_342560	protein_coding
smansoni_prjna597909_primary	condition	condition__juvenile_pzq_vs_juvenile_control	juvenile_pzq	juvenile_control	Smp_148470	61.7195358135368	-1.02925190634988	0.210046717946907	-4.90010944427154	9.57832835740391e-07	1.01311867400284e-05	Smp_148470	protein_coding
smansoni_prjna597909_primary	condition	condition__juvenile_pzq_vs_juvenile_control	juvenile_pzq	juvenile_control	Smp_336990	217.583900985841	1.75766961610853	0.358972308745492	4.89639332418452	9.7611597458318e-07	1.02879158220566e-05	Smp_336990	protein_coding
smansoni_prjna597909_primary	condition	condition__juvenile_pzq_vs_juvenile_control	juvenile_pzq	juvenile_control	Smp_018800	29.449773134372	-1.39871890154827	0.285826106849051	-4.89360092738817	9.90075031351708e-07	1.04227047626694e-05	Smp_018800	protein_coding
smansoni_prjna597909_primary	condition	condition__juvenile_pzq_vs_juvenile_control	juvenile_pzq	juvenile_control	Smp_328440	59.3322149729123	3.67333096455337	0.760669679087565	4.82907504471532	1.37168710597805e-06	1.40416613400466e-05	Smp_328440	protein_coding
smansoni_prjna597909_primary	condition	condition__juvenile_pzq_vs_juvenile_control	juvenile_pzq	juvenile_control	Smp_050270	2919.95640890516	-2.21112655496321	0.463963405323693	-4.76573481785827	1.88166608532269e-06	1.8724154364116e-05	Smp_050270	protein_coding
smansoni_prjna597909_primary	condition	condition__juvenile_pzq_vs_juvenile_control	juvenile_pzq	juvenile_control	Smp_332640	1277.31639857284	-2.80915576134277	0.595493983378774	-4.71735372606772	2.38932067764742e-06	2.32306658898777e-05	Smp_332640	protein_coding
smansoni_prjna597909_primary	condition	condition__juvenile_pzq_vs_juvenile_control	juvenile_pzq	juvenile_control	Smp_134870	1340.32819951391	1.22806518352358	0.264931181330728	4.63541202419098	3.56227207239834e-06	3.32205184050048e-05	Smp_134870	protein_coding
smansoni_prjna597909_primary	condition	condition__juvenile_pzq_vs_juvenile_control	juvenile_pzq	juvenile_control	Smp_000180	208.270297809809	-1.14050636312584	0.246239093196903	-4.63170306679877	3.62670043732367e-06	3.37154426876875e-05	Smp_000180	protein_coding
smansoni_prjna597909_primary	condition	condition__juvenile_pzq_vs_juvenile_control	juvenile_pzq	juvenile_control	Smp_303450	11.8167378826692	-4.16240833763264	0.904491833241083	-4.60193026035116	4.18593375225622e-06	3.82358215359937e-05	Smp_303450	protein_coding
smansoni_prjna597909_primary	condition	condition__juvenile_pzq_vs_juvenile_control	juvenile_pzq	juvenile_control	Smp_320890	34.9939143950621	1.16119190229199	0.258402516446756	4.49373294911874	6.99853848552028e-06	6.11668142807101e-05	Smp_320890	protein_coding
smansoni_prjna597909_primary	condition	condition__juvenile_pzq_vs_juvenile_control	juvenile_pzq	juvenile_control	Smp_300710	14.6191488259681	2.13219065574537	0.476916630970553	4.47078276848145	7.79338273144248e-06	6.71255963309736e-05	Smp_300710	protein_coding
smansoni_prjna597909_primary	condition	condition__juvenile_pzq_vs_juvenile_control	juvenile_pzq	juvenile_control	Smp_334120	54.4167022218332	1.28820379509458	0.292505364137829	4.40403477348735	1.0625589997663e-05	8.86893200742143e-05	Smp_334120	protein_coding
smansoni_prjna597909_primary	condition	condition__juvenile_pzq_vs_juvenile_control	juvenile_pzq	juvenile_control	Smp_348060	71.8941545613175	1.14190172790341	0.259515314961692	4.40013233158114	1.08184883835758e-05	9.02148478877581e-05	Smp_348060	protein_coding
smansoni_prjna597909_primary	condition	condition__juvenile_pzq_vs_juvenile_control	juvenile_pzq	juvenile_control	Smp_346370	316.484912504159	-1.55927400948367	0.356540256188528	-4.37334629798206	1.22356400009787e-05	0.000100898712822886	Smp_346370	protein_coding
smansoni_prjna597909_primary	condition	condition__juvenile_pzq_vs_juvenile_control	juvenile_pzq	juvenile_control	Smp_151660	32.9442419639884	-1.19648416223284	0.278771999173684	-4.2919811379169	1.77085994816326e-05	0.000139940361121047	Smp_151660	protein_coding
smansoni_prjna597909_primary	condition	condition__juvenile_pzq_vs_juvenile_control	juvenile_pzq	juvenile_control	Smp_165360	1621.82775456547	-2.57922155922656	0.602873292457272	-4.27821499392322	1.88398012063295e-05	0.000147830193430459	Smp_165360	protein_coding
smansoni_prjna597909_primary	condition	condition__juvenile_pzq_vs_juvenile_control	juvenile_pzq	juvenile_control	Smp_164400	268.884265126107	-1.656555050743	0.389052051258404	-4.25792653035708	2.06331731082987e-05	0.000160147813411209	Smp_164400	protein_coding
smansoni_prjna597909_primary	condition	condition__juvenile_pzq_vs_juvenile_control	juvenile_pzq	juvenile_control	Smp_319520	12.7977487540937	-1.62778624375142	0.384104352378818	-4.23787502971597	2.25645302230753e-05	0.000172942948508355	Smp_319520	protein_coding
smansoni_prjna597909_primary	condition	condition__juvenile_pzq_vs_juvenile_control	juvenile_pzq	juvenile_control	Smp_043270	10.8509903171893	1.93878197311562	0.464264346913238	4.17603028534505	2.96640343152761e-05	0.000222006629925923	Smp_043270	protein_coding
smansoni_prjna597909_primary	condition	condition__juvenile_pzq_vs_juvenile_control	juvenile_pzq	juvenile_control	Smp_201330	191.010560069845	1.01718735390301	0.244915049679865	4.15322519066348	3.27821844722718e-05	0.000243908216299125	Smp_201330	protein_coding
smansoni_prjna597909_primary	condition	condition__juvenile_pzq_vs_juvenile_control	juvenile_pzq	juvenile_control	Smp_075380	18.9026992623352	-1.3218713863987	0.320206196566128	-4.12818802563587	3.65633083868058e-05	0.000268895808829804	Smp_075380	protein_coding
smansoni_prjna597909_primary	condition	condition__juvenile_pzq_vs_juvenile_control	juvenile_pzq	juvenile_control	Smp_092150	71.0554419628879	1.25006588050771	0.303695021797582	4.11618825066187	3.85189733086621e-05	0.000280958211537219	Smp_092150	protein_coding
smansoni_prjna597909_primary	condition	condition__juvenile_pzq_vs_juvenile_control	juvenile_pzq	juvenile_control	Smp_063190	30.0283157132352	1.38301235778907	0.337682591517372	4.09559862584128	4.21078916545566e-05	0.000305633971536659	Smp_063190	protein_coding
smansoni_prjna597909_primary	condition	condition__juvenile_pzq_vs_juvenile_control	juvenile_pzq	juvenile_control	Smp_316470	11.3271497332939	1.96685000875376	0.481250626443167	4.08695573716003	4.37070465329625e-05	0.000315441617846486	Smp_316470	protein_coding
smansoni_prjna597909_primary	condition	condition__juvenile_pzq_vs_juvenile_control	juvenile_pzq	juvenile_control	Smp_335400	17.4353872974546	-1.48767602783044	0.366202970086105	-4.06243572377539	4.85633219627601e-05	0.000344834395326371	Smp_335400	protein_coding
smansoni_prjna597909_primary	condition	condition__juvenile_pzq_vs_juvenile_control	juvenile_pzq	juvenile_control	Smp_035250	47.8667752209611	-1.11147776086066	0.274012689943046	-4.05630031620684	4.98561477457164e-05	0.000352116456640246	Smp_035250	protein_coding
smansoni_prjna597909_primary	condition	condition__juvenile_pzq_vs_juvenile_control	juvenile_pzq	juvenile_control	Smp_313100	23.8209933763288	1.78434078724806	0.440769558110772	4.04823961730958	5.1604301087377e-05	0.000363598026490649	Smp_313100	protein_coding
smansoni_prjna597909_primary	condition	condition__juvenile_pzq_vs_juvenile_control	juvenile_pzq	juvenile_control	Smp_340840	1472.90611218883	-1.5033765756644	0.374496463077348	-4.01439459083463	5.95985705991008e-05	0.000411780348918225	Smp_340840	protein_coding
smansoni_prjna597909_primary	condition	condition__juvenile_pzq_vs_juvenile_control	juvenile_pzq	juvenile_control	Smp_247860	16.9521375468895	-1.21972318540173	0.312179566072393	-3.90712050999163	9.34025752408947e-05	0.000618470881111827	Smp_247860	protein_coding
smansoni_prjna597909_primary	condition	condition__juvenile_pzq_vs_juvenile_control	juvenile_pzq	juvenile_control	Smp_326580	1049.43233822661	-2.03280360449627	0.521336053948923	-3.89921930221122	9.65033404632197e-05	0.0006361648779907	Smp_326580	protein_coding
smansoni_prjna597909_primary	condition	condition__juvenile_pzq_vs_juvenile_control	juvenile_pzq	juvenile_control	Smp_166350	12.2625490123738	1.86655014897778	0.48307560367362	3.86388825016897	0.000111596290861255	0.000723345390400538	Smp_166350	protein_coding
smansoni_prjna597909_primary	condition	condition__juvenile_pzq_vs_juvenile_control	juvenile_pzq	juvenile_control	Smp_246770	525.571408010707	-1.51062656201938	0.397980538422806	-3.79572973092096	0.000147209804007501	0.000921976451821943	Smp_246770	protein_coding
smansoni_prjna597909_primary	condition	condition__juvenile_pzq_vs_juvenile_control	juvenile_pzq	juvenile_control	Smp_013540	1031.20652644202	-1.81552404208757	0.47886629097594	-3.79129639379604	0.000149862978426698	0.00093399558143329	Smp_013540	protein_coding
smansoni_prjna597909_primary	condition	condition__juvenile_pzq_vs_juvenile_control	juvenile_pzq	juvenile_control	Smp_178420	11.3187791994548	-1.41551962118187	0.373421188479051	-3.79067836762906	0.000150236397861044	0.000935668083461857	Smp_178420	protein_coding
smansoni_prjna597909_primary	condition	condition__juvenile_pzq_vs_juvenile_control	juvenile_pzq	juvenile_control	Smp_204020	12.8316219079549	-1.96895773115546	0.524251507438803	-3.75575025196337	0.00017282297198129	0.00105956993911557	Smp_204020	protein_coding
smansoni_prjna597909_primary	condition	condition__juvenile_pzq_vs_juvenile_control	juvenile_pzq	juvenile_control	Smp_331130	16.5373841976956	2.39514612006844	0.646459920112562	3.70501874215403	0.000211375102697916	0.00126512544665836	Smp_331130	protein_coding
smansoni_prjna597909_primary	condition	condition__juvenile_pzq_vs_juvenile_control	juvenile_pzq	juvenile_control	Smp_340010	2902.96009626754	-1.53566926248955	0.425985852954961	-3.6049771414637	0.000312180404516077	0.0017937281823356	Smp_340010	protein_coding
smansoni_prjna597909_primary	condition	condition__juvenile_pzq_vs_juvenile_control	juvenile_pzq	juvenile_control	Smp_137050	9.60106090252841	-1.78076113477057	0.502375001488683	-3.54468500521255	0.000393082538054353	0.00219899063059803	Smp_137050	protein_coding
smansoni_prjna597909_primary	condition	condition__juvenile_pzq_vs_juvenile_control	juvenile_pzq	juvenile_control	Smp_005140	24.7152254870361	1.04938991722874	0.299977621105258	3.4982273456343	0.000468361703720286	0.00257165803534702	Smp_005140	protein_coding
smansoni_prjna597909_primary	condition	condition__juvenile_pzq_vs_juvenile_control	juvenile_pzq	juvenile_control	Smp_341930	10.5707251059385	-1.38077016020421	0.401698567388141	-3.43732906288918	0.00058748140364378	0.00312738157851255	Smp_341930	protein_coding
smansoni_prjna597909_primary	condition	condition__juvenile_pzq_vs_juvenile_control	juvenile_pzq	juvenile_control	Smp_161040	11.2993259871179	-1.52712172049546	0.452875474471581	-3.37205657311719	0.000746091212510829	0.0038364251377722	Smp_161040	protein_coding
smansoni_prjna597909_primary	condition	condition__juvenile_pzq_vs_juvenile_control	juvenile_pzq	juvenile_control	Smp_313110	17.427769491904	-1.04025842532938	0.318981546841853	-3.26118684804399	0.00110946905117251	0.00545004488126992	Smp_313110	protein_coding
smansoni_prjna597909_primary	condition	condition__juvenile_pzq_vs_juvenile_control	juvenile_pzq	juvenile_control	Smp_145020	69.6357466271833	-1.54437388126358	0.473615168096819	-3.26082014532918	0.00111090480248802	0.00545408939964626	Smp_145020	protein_coding
smansoni_prjna597909_primary	condition	condition__juvenile_pzq_vs_juvenile_control	juvenile_pzq	juvenile_control	Smp_187410	39.2121997428264	1.04679535828914	0.321383766202571	3.25715069761595	0.00112536670095773	0.00551293500480175	Smp_187410	protein_coding
smansoni_prjna597909_primary	condition	condition__juvenile_pzq_vs_juvenile_control	juvenile_pzq	juvenile_control	Smp_317640	22.6817489334647	-1.01612038288314	0.312159885116836	-3.25512800116141	0.00113341270303494	0.00554016110495566	Smp_317640	protein_coding
smansoni_prjna597909_primary	condition	condition__juvenile_pzq_vs_juvenile_control	juvenile_pzq	juvenile_control	Smp_126070	23.7006300580005	-1.00905522208485	0.317215525443107	-3.1809767843971	0.00146779391452968	0.00693483957708295	Smp_126070	protein_coding
smansoni_prjna597909_primary	condition	condition__juvenile_pzq_vs_juvenile_control	juvenile_pzq	juvenile_control	Smp_302980	4958.22263930052	-1.34632378175878	0.429058429086268	-3.13785650272841	0.00170188172760684	0.00789013985740057	Smp_302980	protein_coding
smansoni_prjna597909_primary	condition	condition__juvenile_pzq_vs_juvenile_control	juvenile_pzq	juvenile_control	Smp_102020	39.67487328643	1.39940361025808	0.450327239562253	3.10752601068146	0.001886603826993	0.00864703508494413	Smp_102020	protein_coding
smansoni_prjna597909_primary	condition	condition__juvenile_pzq_vs_juvenile_control	juvenile_pzq	juvenile_control	Smp_323820	16.0972731493428	-1.30710758127053	0.420863747714543	-3.10577375307007	0.00189781861549184	0.00868103368750401	Smp_323820	protein_coding
smansoni_prjna597909_primary	condition	condition__juvenile_pzq_vs_juvenile_control	juvenile_pzq	juvenile_control	Smp_341340	52.6958888317117	-1.34652214128385	0.440687444420861	-3.05550375516917	0.00224682789249427	0.0100604571194339	Smp_341340	protein_coding
smansoni_prjna597909_primary	condition	condition__juvenile_pzq_vs_juvenile_control	juvenile_pzq	juvenile_control	Smp_120070	12.2744235325196	1.33952507335323	0.440953848527044	3.03778973202697	0.00238320182399903	0.0105753838786923	Smp_120070	protein_coding
smansoni_prjna597909_primary	condition	condition__juvenile_pzq_vs_juvenile_control	juvenile_pzq	juvenile_control	Smp_331630	18.4620295262419	5.47274813284559	1.80673257740358	3.02908587651104	0.00245294945453694	0.0108470545392781	Smp_331630	protein_coding
smansoni_prjna597909_primary	condition	condition__juvenile_pzq_vs_juvenile_control	juvenile_pzq	juvenile_control	Smp_154090	110.248520794778	-1.03048025293961	0.341813046424246	-3.01474816049183	0.00257192713235737	0.0112672594241497	Smp_154090	protein_coding
smansoni_prjna597909_primary	condition	condition__juvenile_pzq_vs_juvenile_control	juvenile_pzq	juvenile_control	Smp_156400	42.8761692105684	1.10010393934639	0.371513281278238	2.96114296522952	0.00306499629062023	0.0130561998086189	Smp_156400	protein_coding
smansoni_prjna597909_primary	condition	condition__juvenile_pzq_vs_juvenile_control	juvenile_pzq	juvenile_control	Smp_337300	10.8092662242288	-2.30873622869427	0.780799129775451	-2.95688883433853	0.0031076013372755	0.0132106432027568	Smp_337300	protein_coding
smansoni_prjna597909_primary	condition	condition__juvenile_pzq_vs_juvenile_control	juvenile_pzq	juvenile_control	Smp_302320	1041.65121832427	1.35213560095596	0.458404544760145	2.94965574929771	0.0031812818086356	0.0134852431164725	Smp_302320	protein_coding
smansoni_prjna597909_primary	condition	condition__juvenile_pzq_vs_juvenile_control	juvenile_pzq	juvenile_control	Smp_309090	5682.02230572073	-1.74942622284911	0.599772368522743	-2.91681697034159	0.00353623214325915	0.0147373343321788	Smp_309090	protein_coding
smansoni_prjna597909_primary	condition	condition__juvenile_pzq_vs_juvenile_control	juvenile_pzq	juvenile_control	Smp_191910	34325.8942237244	-1.90127614986817	0.65754269289548	-2.89148700215332	0.00383423452552128	0.0157000885904793	Smp_191910	protein_coding
smansoni_prjna597909_primary	condition	condition__juvenile_pzq_vs_juvenile_control	juvenile_pzq	juvenile_control	Smp_185680	3493.50810388666	1.07317105358259	0.371752584700297	2.88678841183518	0.0038919586317063	0.0158707800247144	Smp_185680	protein_coding
smansoni_prjna597909_primary	condition	condition__juvenile_pzq_vs_juvenile_control	juvenile_pzq	juvenile_control	Smp_317170	11.6306366296023	2.12766044190804	0.737320703398989	2.88566485668949	0.0039058784014729	0.0159129702852322	Smp_317170	protein_coding
smansoni_prjna597909_primary	condition	condition__juvenile_pzq_vs_juvenile_control	juvenile_pzq	juvenile_control	Smp_139140	25.7303515671821	1.45479017082471	0.508415465331358	2.86141998036302	0.00421747953593268	0.0169728299805768	Smp_139140	protein_coding
smansoni_prjna597909_primary	condition	condition__juvenile_pzq_vs_juvenile_control	juvenile_pzq	juvenile_control	Smp_144440	4231.6221435968	-1.09298097525668	0.383435133685164	-2.85049772239734	0.00436508630032348	0.0174371133852608	Smp_144440	protein_coding
smansoni_prjna597909_primary	condition	condition__juvenile_pzq_vs_juvenile_control	juvenile_pzq	juvenile_control	Smp_303290	112.822064692094	1.18991541408615	0.426837251780098	2.78774968474211	0.00530755364162921	0.0204894116741871	Smp_303290	protein_coding
smansoni_prjna597909_primary	condition	condition__juvenile_pzq_vs_juvenile_control	juvenile_pzq	juvenile_control	Smp_324410	18.2497740749453	1.18950944276068	0.434350285050952	2.73859482473032	0.00617023639074693	0.0231670005463711	Smp_324410	protein_coding
smansoni_prjna597909_primary	condition	condition__juvenile_pzq_vs_juvenile_control	juvenile_pzq	juvenile_control	Smp_316140	84486.4305873258	-2.07478909684818	0.759029817855386	-2.73347508627583	0.00626698642884468	0.0234511685442398	Smp_316140	protein_coding
smansoni_prjna597909_primary	condition	condition__juvenile_pzq_vs_juvenile_control	juvenile_pzq	juvenile_control	Smp_326570	36.4966140805001	-2.49747300811145	0.92138449155405	-2.71056549247871	0.0067168582146772	0.0248836685773357	Smp_326570	protein_coding
smansoni_prjna597909_primary	condition	condition__juvenile_pzq_vs_juvenile_control	juvenile_pzq	juvenile_control	Smp_316250	12.7729717285501	1.29999759884037	0.481387828804719	2.70052028957245	0.00692311141215832	0.0254992680879578	Smp_316250	protein_coding
smansoni_prjna597909_primary	condition	condition__juvenile_pzq_vs_juvenile_control	juvenile_pzq	juvenile_control	Smp_137320	21.053878228271	-1.16452298497322	0.440340364914954	-2.64459740182605	0.00817881638938707	0.029312088033755	Smp_137320	protein_coding
smansoni_prjna597909_primary	condition	condition__juvenile_pzq_vs_juvenile_control	juvenile_pzq	juvenile_control	Smp_322380	9.82290835569266	-1.07703725776681	0.407433358950864	-2.64346851848401	0.00820613964103782	0.029398181674611	Smp_322380	protein_coding
smansoni_prjna597909_primary	condition	condition__juvenile_pzq_vs_juvenile_control	juvenile_pzq	juvenile_control	Smp_123920	9.90784153634704	1.51282160635937	0.572919850827874	2.64054667362865	0.00827723906260819	0.0296052574665014	Smp_123920	protein_coding
smansoni_prjna597909_primary	condition	condition__juvenile_pzq_vs_juvenile_control	juvenile_pzq	juvenile_control	Smp_172440	25.590732750997	1.13991151045216	0.432197408852057	2.63747881663576	0.0083524842089234	0.0298264732817449	Smp_172440	protein_coding
smansoni_prjna597909_primary	condition	condition__juvenile_pzq_vs_juvenile_control	juvenile_pzq	juvenile_control	Smp_248150	13.4992623241639	2.00765026186069	0.772543619426797	2.598753276029	0.00935629941663622	0.0326506109166769	Smp_248150	protein_coding
smansoni_prjna597909_primary	condition	condition__juvenile_pzq_vs_juvenile_control	juvenile_pzq	juvenile_control	Smp_327770	946.789681041177	-1.56525845140923	0.607357247353037	-2.57716271309988	0.00996150463911131	0.0344265270919384	Smp_327770	protein_coding
smansoni_prjna597909_primary	condition	condition__juvenile_pzq_vs_juvenile_control	juvenile_pzq	juvenile_control	Smp_316170	44384.8372048844	-1.98500370216906	0.77544760957963	-2.55981664995413	0.0104727399860049	0.0358869651078722	Smp_316170	protein_coding
smansoni_prjna597909_primary	condition	condition__juvenile_pzq_vs_juvenile_control	juvenile_pzq	juvenile_control	Smp_349690	10.8731549946561	-2.89094681579388	1.15679565610693	-2.49909895540502	0.0124509538120889	0.041283765692652	Smp_349690	protein_coding
smansoni_prjna597909_primary	condition	condition__juvenile_pzq_vs_juvenile_control	juvenile_pzq	juvenile_control	Smp_332590	10.115268213146	1.59919049074282	0.642097870988578	2.49057123998978	0.0127537924664599	0.042053045429949	Smp_332590	protein_coding
smansoni_prjna597909_primary	condition	condition__juvenile_pzq_vs_juvenile_control	juvenile_pzq	juvenile_control	Smp_204860	328.774183594617	1.42986753658593	0.576128547705879	2.48185503440093	0.0130700435448854	0.0430002984154968	Smp_204860	protein_coding
smansoni_prjna597909_primary	condition	condition__juvenile_pzq_vs_juvenile_control	juvenile_pzq	juvenile_control	Smp_329420	12.3590227037486	-1.33441287915236	0.546412112433697	-2.44213634505454	0.0146006311975204	0.0472848077982242	Smp_329420	protein_coding
smansoni_prjna597909_primary	condition	condition__adult_pzq_vs_adult_control	adult_pzq	adult_control	Smp_337730	15050.7854697436	3.90540889655608	0.134322476497751	29.0748726377262	7.46236740216739e-186	7.05342966852862e-182	Smp_337730	protein_coding
smansoni_prjna597909_primary	condition	condition__adult_pzq_vs_adult_control	adult_pzq	adult_control	Smp_197540	5424.22653776097	-1.26254311032012	0.0447912060985213	-28.187298809125	8.36927016875389e-175	3.95531708175309e-171	Smp_197540	protein_coding
smansoni_prjna597909_primary	condition	condition__adult_pzq_vs_adult_control	adult_pzq	adult_control	Smp_340060	19388.5928572904	2.15307295542151	0.0859087004338365	25.0623387916305	1.28093027522698e-138	4.03578432048181e-135	Smp_340060	protein_coding
smansoni_prjna597909_primary	condition	condition__adult_pzq_vs_adult_control	adult_pzq	adult_control	Smp_342560	183.182407673598	-4.1944236047034	0.167989192559471	-24.9684133889654	1.34759776787989e-137	3.18437352550019e-134	Smp_342560	protein_coding
smansoni_prjna597909_primary	condition	condition__adult_pzq_vs_adult_control	adult_pzq	adult_control	Smp_043220	7480.20683547757	-1.51569270103231	0.061466907741121	-24.658678250351	2.97022524823819e-134	5.61491380926948e-131	Smp_043220	protein_coding
smansoni_prjna597909_primary	condition	condition__adult_pzq_vs_adult_control	adult_pzq	adult_control	Smp_008660	35187.4043136653	2.7859657144314	0.114001552192802	24.43796300001	6.75726251335807e-132	1.06449408793768e-128	Smp_008660	protein_coding
smansoni_prjna597909_primary	condition	condition__adult_pzq_vs_adult_control	adult_pzq	adult_control	Smp_195090	656.336613984311	-2.77561186325	0.117529590940479	-23.6162811513201	2.62238970585169e-123	3.54097535710146e-120	Smp_195090	protein_coding
smansoni_prjna597909_primary	condition	condition__adult_pzq_vs_adult_control	adult_pzq	adult_control	Smp_086480	6613.00735143984	-1.82915525765885	0.0779550716965724	-23.4642239157773	9.46312822402939e-122	1.11806859966907e-118	Smp_086480	protein_coding
smansoni_prjna597909_primary	condition	condition__adult_pzq_vs_adult_control	adult_pzq	adult_control	Smp_081900	4750.20149222855	1.97015815249216	0.0857839501902799	22.9665123618357	1.00784083748539e-116	1.05845684399021e-113	Smp_081900	protein_coding
smansoni_prjna597909_primary	condition	condition__adult_pzq_vs_adult_control	adult_pzq	adult_control	Smp_000950	103.986967396632	-3.91390921643888	0.17260512779559	-22.6755095078866	7.81716986623265e-114	7.3887889575631e-111	Smp_000950	protein_coding
smansoni_prjna597909_primary	condition	condition__adult_pzq_vs_adult_control	adult_pzq	adult_control	Smp_076320	386.380376940735	-3.83616609858986	0.169612103287873	-22.6172898291282	2.92930292836304e-113	2.51707011626249e-110	Smp_076320	protein_coding
smansoni_prjna597909_primary	condition	condition__adult_pzq_vs_adult_control	adult_pzq	adult_control	Smp_340490	1298.78665946836	1.71110983591245	0.0765441018463101	22.3545615486889	1.09017287204137e-110	8.58692832211251e-108	Smp_340490	protein_coding
smansoni_prjna597909_primary	condition	condition__adult_pzq_vs_adult_control	adult_pzq	adult_control	Smp_311670	26098.7240941841	3.71114126696869	0.168416699557405	22.0354708097325	1.31669427440962e-107	9.57338021670747e-105	Smp_311670	protein_coding
smansoni_prjna597909_primary	condition	condition__adult_pzq_vs_adult_control	adult_pzq	adult_control	Smp_313560	17855.8604914125	1.13263702325277	0.0533288293548041	21.2387377888455	4.18997605311336e-100	2.82883240385911e-97	Smp_313560	protein_coding
smansoni_prjna597909_primary	condition	condition__adult_pzq_vs_adult_control	adult_pzq	adult_control	Smp_131990	1472.57481901602	1.36353719886505	0.0665771139513659	20.4805693419078	3.20885893980016e-93	2.02200897993274e-90	Smp_131990	protein_coding
smansoni_prjna597909_primary	condition	condition__adult_pzq_vs_adult_control	adult_pzq	adult_control	Smp_169730	2091.33022210325	1.16072878941927	0.0568045708014012	20.4337216714018	8.38600496182313e-93	4.95403243119701e-90	Smp_169730	protein_coding
smansoni_prjna597909_primary	condition	condition__adult_pzq_vs_adult_control	adult_pzq	adult_control	Smp_332850	1893.77559051564	1.15960777450646	0.0567713444290556	20.4259347064709	9.83581138125505e-93	5.46871112797781e-90	Smp_332850	protein_coding
smansoni_prjna597909_primary	condition	condition__adult_pzq_vs_adult_control	adult_pzq	adult_control	Smp_010370	2950.72093164879	2.42656462771899	0.121524915325595	19.9676306806521	1.05332756040266e-88	5.53114005606998e-86	Smp_010370	protein_coding
smansoni_prjna597909_primary	condition	condition__adult_pzq_vs_adult_control	adult_pzq	adult_control	Smp_248100	523.426380236153	-2.2895582328924	0.116076888085109	-19.724497017991	1.32872516107979e-86	6.61005801185587e-84	Smp_248100	protein_coding
smansoni_prjna597909_primary	condition	condition__adult_pzq_vs_adult_control	adult_pzq	adult_control	Smp_147420	1677.31958438516	1.82152157689819	0.0928425157547173	19.6194767245484	1.05432846722255e-85	4.74548222485122e-83	Smp_147420	protein_coding
smansoni_prjna597909_primary	condition	condition__adult_pzq_vs_adult_control	adult_pzq	adult_control	Smp_151060	1129.42005078308	1.17418318337449	0.0603304545455901	19.4625283734137	2.28242240388296e-84	9.80611661886445e-82	Smp_151060	protein_coding
smansoni_prjna597909_primary	condition	condition__adult_pzq_vs_adult_control	adult_pzq	adult_control	Smp_128370	9555.05562000024	1.12408290292767	0.0581672195380842	19.3250238167512	3.30831099228402e-83	1.35957197822037e-80	Smp_128370	protein_coding
smansoni_prjna597909_primary	condition	condition__adult_pzq_vs_adult_control	adult_pzq	adult_control	Smp_124240	4754.61057262806	-1.49978729514088	0.0781485362597157	-19.1914956686655	4.35911534546287e-82	1.71676492688813e-79	Smp_124240	protein_coding
smansoni_prjna597909_primary	condition	condition__adult_pzq_vs_adult_control	adult_pzq	adult_control	Smp_244960	512.526457053049	2.81481021774398	0.149855635834758	18.7834791935874	1.03097851935214e-78	3.89792358596656e-76	Smp_244960	protein_coding
smansoni_prjna597909_primary	condition	condition__adult_pzq_vs_adult_control	adult_pzq	adult_control	Smp_348320	1124.44852702691	4.49863547591311	0.24146659070779	18.6304675223461	1.81928192925601e-77	6.61378953666454e-75	Smp_348320	protein_coding
smansoni_prjna597909_primary	condition	condition__adult_pzq_vs_adult_control	adult_pzq	adult_control	Smp_306850	233.05885970684	-3.7491253447215	0.204447961595558	-18.3377976256768	4.13200764022051e-75	1.44650874871719e-72	Smp_306850	protein_coding
smansoni_prjna597909_primary	condition	condition__adult_pzq_vs_adult_control	adult_pzq	adult_control	Smp_313310	109.617303102788	3.59236067053037	0.196185110701848	18.3110770112919	6.75209792866473e-75	2.27931534363353e-72	Smp_313310	protein_coding
smansoni_prjna597909_primary	condition	condition__adult_pzq_vs_adult_control	adult_pzq	adult_control	Smp_049270	20789.367583448	1.11796602145782	0.0611297649415552	18.2884070064179	1.02362979570602e-74	3.33632718241837e-72	Smp_049270	protein_coding
smansoni_prjna597909_primary	condition	condition__adult_pzq_vs_adult_control	adult_pzq	adult_control	Smp_018870	460.681828192362	-1.50804166398585	0.0827030722308543	-18.2344092342345	2.75211512135353e-74	8.67099737567785e-72	Smp_018870	protein_coding
smansoni_prjna597909_primary	condition	condition__adult_pzq_vs_adult_control	adult_pzq	adult_control	Smp_172460	351.682473647243	3.18403023002335	0.175573172601278	18.1350611989806	1.68511379996727e-73	5.13796633460988e-71	Smp_172460	protein_coding
smansoni_prjna597909_primary	condition	condition__adult_pzq_vs_adult_control	adult_pzq	adult_control	Smp_349350	69.8789198016016	-4.44756834721886	0.251723961983829	-17.6684345509569	7.34057838491954e-70	2.04068079100763e-67	Smp_349350	protein_coding
smansoni_prjna597909_primary	condition	condition__adult_pzq_vs_adult_control	adult_pzq	adult_control	Smp_129510	673.275597901378	2.65395967528324	0.150571939515214	17.6258583360752	1.55983279775428e-69	4.21243988696384e-67	Smp_129510	protein_coding
smansoni_prjna597909_primary	condition	condition__adult_pzq_vs_adult_control	adult_pzq	adult_control	Smp_052230	1846.36843732484	1.51433584868054	0.0861173236407544	17.5845670146197	3.2344265202885e-69	8.49216651937969e-67	Smp_052230	protein_coding
smansoni_prjna597909_primary	condition	condition__adult_pzq_vs_adult_control	adult_pzq	adult_control	Smp_242890	282.00137227824	-1.33623888805481	0.0779810292157583	-17.1354353936225	8.074621149384e-66	1.95695690010199e-63	Smp_242890	protein_coding
smansoni_prjna597909_primary	condition	condition__adult_pzq_vs_adult_control	adult_pzq	adult_control	Smp_169090	1031.42135420189	1.82418669931283	0.106635116699853	17.1068101744324	1.32035079898032e-65	3.1199889379905e-63	Smp_169090	protein_coding
smansoni_prjna597909_primary	condition	condition__adult_pzq_vs_adult_control	adult_pzq	adult_control	Smp_053560	1382.62823329837	1.42383566268602	0.0842279189327537	16.9045570723739	4.16442064753807e-64	9.60051316110484e-62	Smp_053560	protein_coding
smansoni_prjna597909_primary	condition	condition__adult_pzq_vs_adult_control	adult_pzq	adult_control	Smp_246030	478.990572135416	-1.73173825727412	0.103418048724178	-16.7450293119798	6.15601459744702e-63	1.35317790639696e-60	Smp_246030	protein_coding
smansoni_prjna597909_primary	condition	condition__adult_pzq_vs_adult_control	adult_pzq	adult_control	Smp_136710	10971.442905884	-1.33586856224833	0.0799254292798856	-16.7139366567596	1.03754157599539e-62	2.228827949161e-60	Smp_136710	protein_coding
smansoni_prjna597909_primary	condition	condition__adult_pzq_vs_adult_control	adult_pzq	adult_control	Smp_176350	1437.62197838546	1.19182115787837	0.071661048897489	16.6313663589165	4.13066036164157e-62	8.67622260849692e-60	Smp_176350	protein_coding
smansoni_prjna597909_primary	condition	condition__adult_pzq_vs_adult_control	adult_pzq	adult_control	Smp_031770	21656.7053756235	-1.05865399734441	0.0637185699661968	-16.6145285103861	5.47032311393257e-62	1.12403247984545e-59	Smp_031770	protein_coding
smansoni_prjna597909_primary	condition	condition__adult_pzq_vs_adult_control	adult_pzq	adult_control	Smp_341290	876.531155009106	3.37415674673941	0.204449241279712	16.5036403442708	3.45425795551416e-61	6.94673323308932e-59	Smp_341290	protein_coding
smansoni_prjna597909_primary	condition	condition__adult_pzq_vs_adult_control	adult_pzq	adult_control	Smp_073280	1605.89282013864	-1.16672385812463	0.0709976685405221	-16.4332700229264	1.10534239698668e-60	2.1321829257792e-58	Smp_073280	protein_coding
smansoni_prjna597909_primary	condition	condition__adult_pzq_vs_adult_control	adult_pzq	adult_control	Smp_032950	3637.0311108292	1.52547647969196	0.0930950783209276	16.3862204877595	2.39904873175639e-60	4.53516172251227e-58	Smp_032950	protein_coding
smansoni_prjna597909_primary	condition	condition__adult_pzq_vs_adult_control	adult_pzq	adult_control	Smp_067480	4541.40759841509	1.58769147783281	0.0976675058281285	16.2560870616146	2.02249001186152e-59	3.67626453694522e-57	Smp_067480	protein_coding
smansoni_prjna597909_primary	condition	condition__adult_pzq_vs_adult_control	adult_pzq	adult_control	Smp_137360	61.5678140947836	-3.44369629795405	0.211857341213648	-16.2547886149541	2.06579581477231e-59	3.68413246060903e-57	Smp_137360	protein_coding
smansoni_prjna597909_primary	condition	condition__adult_pzq_vs_adult_control	adult_pzq	adult_control	Smp_340930	430.679763427078	-2.98229972267271	0.184944237398602	-16.1253995508122	1.69161487966827e-58	2.90711706229537e-56	Smp_340930	protein_coding
smansoni_prjna597909_primary	condition	condition__adult_pzq_vs_adult_control	adult_pzq	adult_control	Smp_002100	4255.09344531423	-1.46689536269418	0.091413046612838	-16.0468928347496	6.00983638726087e-58	9.96578483024382e-56	Smp_002100	protein_coding
smansoni_prjna597909_primary	condition	condition__adult_pzq_vs_adult_control	adult_pzq	adult_control	Smp_065530	139.344177812191	-2.37074034577257	0.148001850996038	-16.0183155130677	9.51943269298014e-58	1.551339272656e-55	Smp_065530	protein_coding
smansoni_prjna597909_primary	condition	condition__adult_pzq_vs_adult_control	adult_pzq	adult_control	Smp_196950	246.424137904836	-2.73496632548024	0.171606076726862	-15.9374678195887	3.48179145720493e-57	5.57794794127135e-55	Smp_196950	protein_coding
smansoni_prjna597909_primary	condition	condition__adult_pzq_vs_adult_control	adult_pzq	adult_control	Smp_214320	133.231078666803	-2.32075729262193	0.14595121191548	-15.9009114221393	6.24495394717026e-57	9.83788411810888e-55	Smp_214320	protein_coding
smansoni_prjna597909_primary	condition	condition__adult_pzq_vs_adult_control	adult_pzq	adult_control	Smp_341790	338.793207154973	3.00972037135877	0.189662804323835	15.8687961094359	1.0422082333831e-56	1.61491020031755e-54	Smp_341790	protein_coding
smansoni_prjna597909_primary	condition	condition__adult_pzq_vs_adult_control	adult_pzq	adult_control	Smp_144600	1577.69740990148	1.01867788217859	0.0642340213222225	15.8588526953421	1.22104158359394e-56	1.86149758840805e-54	Smp_144600	protein_coding
smansoni_prjna597909_primary	condition	condition__adult_pzq_vs_adult_control	adult_pzq	adult_control	Smp_333360	143.022162602526	4.25242390166803	0.270010379979732	15.7491126896204	6.96517496568485e-56	1.0449973615183e-53	Smp_333360	protein_coding
smansoni_prjna597909_primary	condition	condition__adult_pzq_vs_adult_control	adult_pzq	adult_control	Smp_121940	1374.834391975	1.25585386791988	0.0801941679822959	15.6601645670435	2.83163577927321e-55	4.11763405933699e-53	Smp_121940	protein_coding
smansoni_prjna597909_primary	condition	condition__adult_pzq_vs_adult_control	adult_pzq	adult_control	Smp_245250	294.579750154336	-1.38836890748834	0.0899964805014994	-15.4269244725099	1.07890463957515e-53	1.49967744900946e-51	Smp_245250	protein_coding
smansoni_prjna597909_primary	condition	condition__adult_pzq_vs_adult_control	adult_pzq	adult_control	Smp_083770	341.192992223521	-1.58421369386456	0.103151498619427	-15.3581258155972	3.12478045061999e-53	4.28049635061741e-51	Smp_083770	protein_coding
smansoni_prjna597909_primary	condition	condition__adult_pzq_vs_adult_control	adult_pzq	adult_control	Smp_311630	4663.46267872965	2.75172962695097	0.17920023511393	15.3556139320995	3.24819969130733e-53	4.38599764031956e-51	Smp_311630	protein_coding
smansoni_prjna597909_primary	condition	condition__adult_pzq_vs_adult_control	adult_pzq	adult_control	Smp_166340	4239.46487209285	1.18436803060794	0.0776056873347	15.2613561104093	1.3834301703183e-52	1.7670516175471e-50	Smp_166340	protein_coding
smansoni_prjna597909_primary	condition	condition__adult_pzq_vs_adult_control	adult_pzq	adult_control	Smp_350210	103.169655478489	6.68111942124319	0.4408020886851	15.1567326760469	6.83877981013397e-52	8.39482425524497e-50	Smp_350210	protein_coding
smansoni_prjna597909_primary	condition	condition__adult_pzq_vs_adult_control	adult_pzq	adult_control	Smp_028190	1678.01309393415	1.474541472262	0.0973665384553301	15.1442322552988	8.27149095406162e-52	1.00233503202295e-49	Smp_028190	protein_coding
smansoni_prjna597909_primary	condition	condition__adult_pzq_vs_adult_control	adult_pzq	adult_control	Smp_017610	452.289540695873	-2.7210020628903	0.179984504365939	-15.1179795864984	1.23266904643736e-51	1.45639847836575e-49	Smp_017610	protein_coding
smansoni_prjna597909_primary	condition	condition__adult_pzq_vs_adult_control	adult_pzq	adult_control	Smp_302270	834.182016832065	14.1850049019946	0.941461505035444	15.0670046795599	2.66943979589988e-51	3.11500554948712e-49	Smp_302270	protein_coding
smansoni_prjna597909_primary	condition	condition__adult_pzq_vs_adult_control	adult_pzq	adult_control	Smp_162110	479.190830396201	-1.26917557064102	0.0847089980827896	-14.9827715988401	9.51642163549327e-51	1.08372550962268e-48	Smp_162110	protein_coding
smansoni_prjna597909_primary	condition	condition__adult_pzq_vs_adult_control	adult_pzq	adult_control	Smp_335140	56.7820252457492	5.05135553770095	0.337252966378376	14.9779424980169	1.02336376707682e-50	1.1515278960012e-48	Smp_335140	protein_coding
smansoni_prjna597909_primary	condition	condition__adult_pzq_vs_adult_control	adult_pzq	adult_control	Smp_074140	13650.9575072457	1.40835114079442	0.09405263624611	14.9740740611369	1.0846797805263e-50	1.20616391594525e-48	Smp_074140	protein_coding
smansoni_prjna597909_primary	condition	condition__adult_pzq_vs_adult_control	adult_pzq	adult_control	Smp_341410	784.310327827318	-1.35342509479875	0.0908026514166011	-14.9051274790343	3.05229508045476e-50	3.31612564373085e-48	Smp_341410	protein_coding
smansoni_prjna597909_primary	condition	condition__adult_pzq_vs_adult_control	adult_pzq	adult_control	Smp_176430	644.293736845688	1.34331016157553	0.0903638331323744	14.8655730396885	5.51410464211323e-50	5.85610304238811e-48	Smp_176430	protein_coding
smansoni_prjna597909_primary	condition	condition__adult_pzq_vs_adult_control	adult_pzq	adult_control	Smp_131050	616.161113382089	-1.48981696192623	0.100258024400369	-14.8598276381032	6.00795613857056e-50	6.24035180458999e-48	Smp_131050	protein_coding
smansoni_prjna597909_primary	condition	condition__adult_pzq_vs_adult_control	adult_pzq	adult_control	Smp_320320	3049.70742347583	-1.92822382220654	0.12981186406915	-14.8539876230372	6.55506988751975e-50	6.73462180183007e-48	Smp_320320	protein_coding
smansoni_prjna597909_primary	condition	condition__adult_pzq_vs_adult_control	adult_pzq	adult_control	Smp_195070	127.813781559202	4.0465024304114	0.273755037564414	14.781472028471	1.92903606129298e-49	1.93970732461078e-47	Smp_195070	protein_coding
smansoni_prjna597909_primary	condition	condition__adult_pzq_vs_adult_control	adult_pzq	adult_control	Smp_135230	290.81115794939	-2.73590332134238	0.185372145197634	-14.7589775067095	2.69333144437066e-49	2.67972303286226e-47	Smp_135230	protein_coding
smansoni_prjna597909_primary	condition	condition__adult_pzq_vs_adult_control	adult_pzq	adult_control	Smp_000050	965.967775823516	1.5622485216417	0.106102115346126	14.7240091919501	4.52046479297937e-49	4.4507742940876e-47	Smp_000050	protein_coding
smansoni_prjna597909_primary	condition	condition__adult_pzq_vs_adult_control	adult_pzq	adult_control	Smp_156740	354.696237470139	1.60191853493673	0.109491575802677	14.6305185873265	1.79414389332683e-48	1.73043347752298e-46	Smp_156740	protein_coding
smansoni_prjna597909_primary	condition	condition__adult_pzq_vs_adult_control	adult_pzq	adult_control	Smp_245600	744.179106154978	1.02956510394866	0.0709406062726756	14.5130575849789	1.00154760116733e-47	9.37289893686495e-46	Smp_245600	protein_coding
smansoni_prjna597909_primary	condition	condition__adult_pzq_vs_adult_control	adult_pzq	adult_control	Smp_156340	637.871675746652	-1.45991721801678	0.100677479326542	-14.5009313679936	1.19517126610103e-47	1.10752537325362e-45	Smp_156340	protein_coding
smansoni_prjna597909_primary	condition	condition__adult_pzq_vs_adult_control	adult_pzq	adult_control	Smp_160160	433.693874750414	-1.75317278901998	0.120950793629605	-14.4949258819155	1.30443106773313e-47	1.19703713128287e-45	Smp_160160	protein_coding
smansoni_prjna597909_primary	condition	condition__adult_pzq_vs_adult_control	adult_pzq	adult_control	Smp_181470	2019.83227855918	1.22574642888708	0.0846813077669035	14.4748169485185	1.74790449622698e-47	1.57344698079404e-45	Smp_181470	protein_coding
smansoni_prjna597909_primary	condition	condition__adult_pzq_vs_adult_control	adult_pzq	adult_control	Smp_176110	1659.43799894174	2.07605831853529	0.144164251026488	14.4006458172063	5.12622583544069e-47	4.44523730243903e-45	Smp_176110	protein_coding
smansoni_prjna597909_primary	condition	condition__adult_pzq_vs_adult_control	adult_pzq	adult_control	Smp_051400	861.7850013013	1.24801449131345	0.086875544031979	14.3655444719178	8.51349957840382e-47	7.24951333469125e-45	Smp_051400	protein_coding
smansoni_prjna597909_primary	condition	condition__adult_pzq_vs_adult_control	adult_pzq	adult_control	Smp_087870	509.605117238199	1.05789230712487	0.0739418991023309	14.3070751491088	1.97652841784745e-46	1.65328731022072e-44	Smp_087870	protein_coding
smansoni_prjna597909_primary	condition	condition__adult_pzq_vs_adult_control	adult_pzq	adult_control	Smp_345640	116.296933920774	1.97491498224644	0.138560440224559	14.2530940219717	4.28851714159735e-46	3.55570737038405e-44	Smp_345640	protein_coding
smansoni_prjna597909_primary	condition	condition__adult_pzq_vs_adult_control	adult_pzq	adult_control	Smp_246040	859.39432266851	-1.48702111838932	0.104340213817006	-14.2516587228515	4.37758490071219e-46	3.59799412882884e-44	Smp_246040	protein_coding
smansoni_prjna597909_primary	condition	condition__adult_pzq_vs_adult_control	adult_pzq	adult_control	Smp_064430	1535.28683398754	-1.02363408270492	0.0719876697840039	-14.2195751824762	6.92721745144087e-46	5.64448787508785e-44	Smp_064430	protein_coding
smansoni_prjna597909_primary	condition	condition__adult_pzq_vs_adult_control	adult_pzq	adult_control	Smp_316220	166.24904210154	3.43792277743874	0.242099880751066	14.2004315193104	9.10500169957146e-46	7.29326068341944e-44	Smp_316220	protein_coding
smansoni_prjna597909_primary	condition	condition__adult_pzq_vs_adult_control	adult_pzq	adult_control	Smp_055260	218.966305224943	-2.18459564912682	0.154032344817693	-14.1827072210868	1.17235112493161e-45	9.23421902737801e-44	Smp_055260	protein_coding
smansoni_prjna597909_primary	condition	condition__adult_pzq_vs_adult_control	adult_pzq	adult_control	Smp_340130	14737.1304230431	-1.09033180444461	0.0768769935925375	-14.182810142441	1.17063266951454e-45	9.23421902737801e-44	Smp_340130	protein_coding
smansoni_prjna597909_primary	condition	condition__adult_pzq_vs_adult_control	adult_pzq	adult_control	Smp_163220	1321.02033835394	1.0051157003185	0.070958228023796	14.164892899826	1.51097102272086e-45	1.18030562865765e-43	Smp_163220	protein_coding
smansoni_prjna597909_primary	condition	condition__adult_pzq_vs_adult_control	adult_pzq	adult_control	Smp_175090	10826.4234991442	-1.13011540487402	0.0799177511252154	-14.14098105818	2.12303859627885e-45	1.64483285344489e-43	Smp_175090	protein_coding
smansoni_prjna597909_primary	condition	condition__adult_pzq_vs_adult_control	adult_pzq	adult_control	Smp_342020	707.595823890243	1.41749535418271	0.100267520320994	14.1371338360096	2.24232640440911e-45	1.72312757516056e-43	Smp_342020	protein_coding
smansoni_prjna597909_primary	condition	condition__adult_pzq_vs_adult_control	adult_pzq	adult_control	Smp_157310	535.950977005936	-1.40135070092338	0.100668538158305	-13.9204435324143	4.75941408784351e-44	3.46046015063822e-42	Smp_157310	protein_coding
smansoni_prjna597909_primary	condition	condition__adult_pzq_vs_adult_control	adult_pzq	adult_control	Smp_170280	2548.21054147696	-1.81968771687217	0.131004942385953	-13.8902218781272	7.26100460108637e-44	5.19931935526275e-42	Smp_170280	protein_coding
smansoni_prjna597909_primary	condition	condition__adult_pzq_vs_adult_control	adult_pzq	adult_control	Smp_007670	291.931210409132	-1.23913914172638	0.0892543770132351	-13.8832310884051	8.00523500644141e-44	5.68913393089355e-42	Smp_007670	protein_coding
smansoni_prjna597909_primary	condition	condition__adult_pzq_vs_adult_control	adult_pzq	adult_control	Smp_314250	1061.32023748597	-3.16215281173611	0.229197064803759	-13.7966549198332	2.66955481579571e-43	1.88303224767918e-41	Smp_314250	protein_coding
smansoni_prjna597909_primary	condition	condition__adult_pzq_vs_adult_control	adult_pzq	adult_control	Smp_303290	112.822064692094	4.54619971589279	0.32964876863301	13.7910410973019	2.88565164547177e-43	2.02038365577771e-41	Smp_303290	protein_coding
smansoni_prjna597909_primary	condition	condition__adult_pzq_vs_adult_control	adult_pzq	adult_control	Smp_011700	2586.54030533388	1.00863128447223	0.0731820590875345	13.7824939206177	3.24852901455139e-43	2.25772766511322e-41	Smp_011700	protein_coding
smansoni_prjna597909_primary	condition	condition__adult_pzq_vs_adult_control	adult_pzq	adult_control	Smp_329430	325.275299042233	-1.64651536332829	0.119615637352978	-13.7650511234541	4.13591576047927e-43	2.85347998306935e-41	Smp_329430	protein_coding
smansoni_prjna597909_primary	condition	condition__adult_pzq_vs_adult_control	adult_pzq	adult_control	Smp_266750	429.630918865748	2.04981582917429	0.149733708864158	13.6897419073078	1.16923825751864e-42	7.95082015112678e-41	Smp_266750	protein_coding
smansoni_prjna597909_primary	condition	condition__adult_pzq_vs_adult_control	adult_pzq	adult_control	Smp_018250	18499.5315829331	-1.22447153433284	0.0896237242871461	-13.6623594262803	1.70372671215536e-42	1.15025892023517e-40	Smp_018250	protein_coding
smansoni_prjna597909_primary	condition	condition__adult_pzq_vs_adult_control	adult_pzq	adult_control	Smp_302280	19081.5047250162	1.44781436515876	0.106679902682615	13.5715756084459	5.90391254424573e-42	3.84853664608349e-40	Smp_302280	protein_coding
smansoni_prjna597909_primary	condition	condition__adult_pzq_vs_adult_control	adult_pzq	adult_control	Smp_324210	174.930499428057	3.22015513793428	0.237612451065204	13.552131310874	7.69626044930533e-42	4.88221837361302e-40	Smp_324210	protein_coding
smansoni_prjna597909_primary	condition	condition__adult_pzq_vs_adult_control	adult_pzq	adult_control	Smp_094930	150.275395237454	3.56350604989549	0.263657033091367	13.5156874372496	1.26369718482932e-41	7.96297719400448e-40	Smp_094930	protein_coding
smansoni_prjna597909_primary	condition	condition__adult_pzq_vs_adult_control	adult_pzq	adult_control	Smp_033930	200.766255978738	1.59121672944759	0.11889974520902	13.3828438963457	7.61759663715622e-41	4.6754235983377e-39	Smp_033930	protein_coding
smansoni_prjna597909_primary	condition	condition__adult_pzq_vs_adult_control	adult_pzq	adult_control	Smp_344540	238.612442369944	1.64384322588284	0.123085808010959	13.3552620927385	1.10368994598687e-40	6.64463526717698e-39	Smp_344540	protein_coding
smansoni_prjna597909_primary	condition	condition__adult_pzq_vs_adult_control	adult_pzq	adult_control	Smp_246400	7596.57505221525	-1.07788968015546	0.0809182862928872	-13.3207180915076	1.75412152398054e-40	1.03624729029151e-38	Smp_246400	protein_coding
smansoni_prjna597909_primary	condition	condition__adult_pzq_vs_adult_control	adult_pzq	adult_control	Smp_315140	722.157973522116	1.58833368629849	0.119354174795352	13.3077346395457	2.08714529821396e-40	1.2253228173117e-38	Smp_315140	protein_coding
smansoni_prjna597909_primary	condition	condition__adult_pzq_vs_adult_control	adult_pzq	adult_control	Smp_123260	638.929572377185	1.77090511903848	0.133665423291104	13.2487899670336	4.58536760021628e-40	2.65895058633401e-38	Smp_123260	protein_coding
smansoni_prjna597909_primary	condition	condition__adult_pzq_vs_adult_control	adult_pzq	adult_control	Smp_165230	122.54929958034	3.08068044557801	0.233499484867285	13.1935213789829	9.56125205737922e-40	5.47714875432414e-38	Smp_165230	protein_coding
smansoni_prjna597909_primary	condition	condition__adult_pzq_vs_adult_control	adult_pzq	adult_control	Smp_147070	1054.85753521534	-1.76237791979921	0.133590050339479	-13.1924339823262	9.70019693674187e-40	5.5232687618123e-38	Smp_147070	protein_coding
smansoni_prjna597909_primary	condition	condition__adult_pzq_vs_adult_control	adult_pzq	adult_control	Smp_201730	354.498721412554	1.48067194658075	0.112297024455244	13.1853177211375	1.06603921609824e-39	6.03365429374884e-38	Smp_201730	protein_coding
smansoni_prjna597909_primary	condition	condition__adult_pzq_vs_adult_control	adult_pzq	adult_control	Smp_016780	4953.95474459636	-1.39857154135804	0.106271984198497	-13.1603032718931	1.48488655730329e-39	8.35425460692306e-38	Smp_016780	protein_coding
smansoni_prjna597909_primary	condition	condition__adult_pzq_vs_adult_control	adult_pzq	adult_control	Smp_316610	603.361499965554	-2.52634084553067	0.192105834350139	-13.1507762587058	1.68436295428215e-39	9.42047257034016e-38	Smp_316610	protein_coding
smansoni_prjna597909_primary	condition	condition__adult_pzq_vs_adult_control	adult_pzq	adult_control	Smp_011000	1059.5273731265	1.26044329476297	0.0973746432214503	12.9442661155273	2.53170993099759e-38	1.37527139470053e-36	Smp_011000	protein_coding
smansoni_prjna597909_primary	condition	condition__adult_pzq_vs_adult_control	adult_pzq	adult_control	Smp_179350	1262.01972604576	1.29271532485221	0.100082777486943	12.9164613264341	3.63477182107419e-38	1.9631921858739e-36	Smp_179350	protein_coding
smansoni_prjna597909_primary	condition	condition__adult_pzq_vs_adult_control	adult_pzq	adult_control	Smp_316210	116.585196292611	3.35507499969812	0.260239173876932	12.8922750165382	4.97541007441044e-38	2.65304228065445e-36	Smp_316210	protein_coding
smansoni_prjna597909_primary	condition	condition__adult_pzq_vs_adult_control	adult_pzq	adult_control	Smp_129310	1580.66325061122	1.58595313002973	0.124449365885788	12.7437622421091	3.37708075605232e-37	1.74427143749762e-35	Smp_129310	protein_coding
smansoni_prjna597909_primary	condition	condition__adult_pzq_vs_adult_control	adult_pzq	adult_control	Smp_087250	7820.0142294668	-1.08890720500492	0.0857485422483918	-12.6988421779887	6.00109594520605e-37	3.0495891867789e-35	Smp_087250	protein_coding
smansoni_prjna597909_primary	condition	condition__adult_pzq_vs_adult_control	adult_pzq	adult_control	Smp_349420	5503.10130081662	1.18482901241875	0.0935359690375943	12.6670950716567	8.99854229400255e-37	4.52416073206979e-35	Smp_349420	protein_coding
smansoni_prjna597909_primary	condition	condition__adult_pzq_vs_adult_control	adult_pzq	adult_control	Smp_169870	1061.42330476552	1.4290974932471	0.112846417823971	12.6640926739593	9.34950995697323e-37	4.67574434461963e-35	Smp_169870	protein_coding
smansoni_prjna597909_primary	condition	condition__adult_pzq_vs_adult_control	adult_pzq	adult_control	Smp_158480	690.394877729586	-2.17542969567986	0.172851506559058	-12.5855408436176	2.53599890609348e-36	1.23558049795853e-34	Smp_158480	protein_coding
smansoni_prjna597909_primary	condition	condition__adult_pzq_vs_adult_control	adult_pzq	adult_control	Smp_022450	1808.01148459222	1.96533411603702	0.156377382264095	12.5678924124583	3.17063847121473e-36	1.52902422601641e-34	Smp_022450	protein_coding
smansoni_prjna597909_primary	condition	condition__adult_pzq_vs_adult_control	adult_pzq	adult_control	Smp_018790	2978.90696540658	1.10303238783406	0.0878010051366317	12.5628674309317	3.37862483977745e-36	1.61286676694831e-34	Smp_018790	protein_coding
smansoni_prjna597909_primary	condition	condition__adult_pzq_vs_adult_control	adult_pzq	adult_control	Smp_127500	513.55038171782	1.14700057442902	0.0913655173082685	12.5539766885906	3.78036934169203e-36	1.7955804531494e-34	Smp_127500	protein_coding
smansoni_prjna597909_primary	condition	condition__adult_pzq_vs_adult_control	adult_pzq	adult_control	Smp_018170	1002.12117377248	1.08690154419711	0.0871046174383122	12.4781162716989	9.82844040787458e-36	4.55384405564856e-34	Smp_018170	protein_coding
smansoni_prjna597909_primary	condition	condition__adult_pzq_vs_adult_control	adult_pzq	adult_control	Smp_302290	1320.7052399424	1.87942022771684	0.150890299164393	12.4555404696311	1.30464647730924e-35	5.98617403083833e-34	Smp_302290	protein_coding
smansoni_prjna597909_primary	condition	condition__adult_pzq_vs_adult_control	adult_pzq	adult_control	Smp_158520	718.109220493466	-1.48565481327234	0.119354185108127	-12.4474463289783	1.44391499472884e-35	6.59318093245266e-34	Smp_158520	protein_coding
smansoni_prjna597909_primary	condition	condition__adult_pzq_vs_adult_control	adult_pzq	adult_control	Smp_155900	458.939369130438	1.52287707112528	0.122544429669783	12.4271423452615	1.86171265275132e-35	8.37947999705024e-34	Smp_155900	protein_coding
smansoni_prjna597909_primary	condition	condition__adult_pzq_vs_adult_control	adult_pzq	adult_control	Smp_329010	829.982962594899	-1.36351350888148	0.110009788997456	-12.3944743582139	2.7997554513558e-35	1.25418429034195e-33	Smp_329010	protein_coding
smansoni_prjna597909_primary	condition	condition__adult_pzq_vs_adult_control	adult_pzq	adult_control	Smp_334670	248.633676779346	1.95940345450618	0.158292284668641	12.3783888684648	3.42142157271507e-35	1.51827590165741e-33	Smp_334670	protein_coding
smansoni_prjna597909_primary	condition	condition__adult_pzq_vs_adult_control	adult_pzq	adult_control	Smp_315420	11071.876086317	1.14538781954127	0.092651939135271	12.3622649480549	4.18204861971625e-35	1.84713661465224e-33	Smp_315420	protein_coding
smansoni_prjna597909_primary	condition	condition__adult_pzq_vs_adult_control	adult_pzq	adult_control	Smp_300770	3810.69163085386	-1.58239988892577	0.128850402020024	-12.2809076581683	1.1470410224489e-34	4.97331731384724e-33	Smp_300770	protein_coding
smansoni_prjna597909_primary	condition	condition__adult_pzq_vs_adult_control	adult_pzq	adult_control	Smp_131020	1524.7964480371	-1.10923763875061	0.0906074006749822	-12.2422410364641	1.84856954667065e-34	7.83528222203182e-33	Smp_131020	protein_coding
smansoni_prjna597909_primary	condition	condition__adult_pzq_vs_adult_control	adult_pzq	adult_control	Smp_121950	5606.16571267423	-1.13543795171643	0.0927624567583652	-12.2402746908062	1.89390573492583e-34	7.95608755845285e-33	Smp_121950	protein_coding
smansoni_prjna597909_primary	condition	condition__adult_pzq_vs_adult_control	adult_pzq	adult_control	Smp_008360	1857.66748539247	1.13306893235032	0.0927005115412256	12.2228983800852	2.34569866540037e-34	9.76719990544682e-33	Smp_008360	protein_coding
smansoni_prjna597909_primary	condition	condition__adult_pzq_vs_adult_control	adult_pzq	adult_control	Smp_327950	118.499644201343	-2.06454170113662	0.169074604987228	-12.2108326161258	2.72090332875251e-34	1.12798150277933e-32	Smp_327950	protein_coding
smansoni_prjna597909_primary	condition	condition__adult_pzq_vs_adult_control	adult_pzq	adult_control	Smp_305875	1054.71493014198	1.19532408887488	0.0989241555168324	12.0832377353121	1.29517374078917e-33	5.32260095562575e-32	Smp_305875	protein_coding
smansoni_prjna597909_primary	condition	condition__adult_pzq_vs_adult_control	adult_pzq	adult_control	Smp_311640	831.61801209852	2.03858716416009	0.168890839561702	12.0704424790032	1.51318476638072e-33	6.19161143369289e-32	Smp_311640	protein_coding
smansoni_prjna597909_primary	condition	condition__adult_pzq_vs_adult_control	adult_pzq	adult_control	Smp_134870	1340.32819951391	3.19571860959894	0.265368794871842	12.0425561383067	2.12274568378448e-33	8.61124128889739e-32	Smp_134870	protein_coding
smansoni_prjna597909_primary	condition	condition__adult_pzq_vs_adult_control	adult_pzq	adult_control	Smp_041460	1794.9696299953	1.25037814550201	0.103882765912022	12.036434865057	2.2862412057459e-33	9.23485122936337e-32	Smp_041460	protein_coding
smansoni_prjna597909_primary	condition	condition__adult_pzq_vs_adult_control	adult_pzq	adult_control	Smp_011870	149.888650423425	-1.85251461372403	0.154808885213772	-11.9664618162319	5.32514062994396e-33	2.10599285498872e-31	Smp_011870	protein_coding
smansoni_prjna597909_primary	condition	condition__adult_pzq_vs_adult_control	adult_pzq	adult_control	Smp_333000	264.545559306108	-1.9483996114731	0.163013871121825	-11.9523547172069	6.31113360962849e-33	2.47522136424102e-31	Smp_333000	protein_coding
smansoni_prjna597909_primary	condition	condition__adult_pzq_vs_adult_control	adult_pzq	adult_control	Smp_033000	118.451991792751	2.19638120994408	0.184376009489198	11.9125108306065	1.01862992132872e-32	3.97854959355334e-31	Smp_033000	protein_coding
smansoni_prjna597909_primary	condition	condition__adult_pzq_vs_adult_control	adult_pzq	adult_control	Smp_145930	343.300728463841	1.46451408771749	0.123066190490393	11.9002146883861	1.18043084608869e-32	4.59153594947748e-31	Smp_145930	protein_coding
smansoni_prjna597909_primary	condition	condition__adult_pzq_vs_adult_control	adult_pzq	adult_control	Smp_210550	608.315189509247	1.02262135450679	0.0859818214788975	11.8934600002371	1.27992174595128e-32	4.91781314745182e-31	Smp_210550	protein_coding
smansoni_prjna597909_primary	condition	condition__adult_pzq_vs_adult_control	adult_pzq	adult_control	Smp_345280	1071.79788210703	1.26679992416487	0.10713971552835	11.8238126535782	2.94030682855336e-32	1.10284841839232e-30	Smp_345280	protein_coding
smansoni_prjna597909_primary	condition	condition__adult_pzq_vs_adult_control	adult_pzq	adult_control	Smp_080730	645.46484056768	-1.01495080579056	0.0858698496848719	-11.8196411140262	3.09001743412501e-32	1.15442074258299e-30	Smp_080730	protein_coding
smansoni_prjna597909_primary	condition	condition__adult_pzq_vs_adult_control	adult_pzq	adult_control	Smp_310040	164.901148439893	-2.59762654624479	0.219845691815064	-11.8156809205519	3.2391385971685e-32	1.20536763859987e-30	Smp_310040	protein_coding
smansoni_prjna597909_primary	condition	condition__adult_pzq_vs_adult_control	adult_pzq	adult_control	Smp_332450	618.306713796179	-1.08419989005668	0.0921199038213202	-11.7694422712343	5.60941306378191e-32	2.07110047964323e-30	Smp_332450	protein_coding
smansoni_prjna597909_primary	condition	condition__adult_pzq_vs_adult_control	adult_pzq	adult_control	Smp_204720	192.842478995764	1.25935672012612	0.107045348004347	11.7647029376277	5.93348255373868e-32	2.18222868085362e-30	Smp_204720	protein_coding
smansoni_prjna597909_primary	condition	condition__adult_pzq_vs_adult_control	adult_pzq	adult_control	Smp_146840	406.975482505721	-1.01067209795271	0.0860089103896143	-11.7507836499084	6.99669595710949e-32	2.55338881029339e-30	Smp_146840	protein_coding
smansoni_prjna597909_primary	condition	condition__adult_pzq_vs_adult_control	adult_pzq	adult_control	Smp_139970	3766.13045052287	-1.14169178213208	0.0971930438724712	-11.7466408772022	7.34821890242509e-32	2.67136019483546e-30	Smp_139970	protein_coding
smansoni_prjna597909_primary	condition	condition__adult_pzq_vs_adult_control	adult_pzq	adult_control	Smp_072210	1447.62647030569	1.12829728655818	0.096151513327418	11.7345764773985	8.47494816999603e-32	3.05745076728254e-30	Smp_072210	protein_coding
smansoni_prjna597909_primary	condition	condition__adult_pzq_vs_adult_control	adult_pzq	adult_control	Smp_345720	447.805604010211	1.09248204024941	0.0932466061215604	11.7160515078179	1.05474417859077e-31	3.77630377880302e-30	Smp_345720	protein_coding
smansoni_prjna597909_primary	condition	condition__adult_pzq_vs_adult_control	adult_pzq	adult_control	Smp_340190	1949.75495435388	1.15526352455474	0.0990076992822436	11.6684210715917	1.84821577204918e-31	6.56741935240935e-30	Smp_340190	protein_coding
smansoni_prjna597909_primary	condition	condition__adult_pzq_vs_adult_control	adult_pzq	adult_control	Smp_146480	38.8825117361156	-3.77541845690981	0.32364541596757	-11.6652925412919	1.91742893793309e-31	6.78784206791895e-30	Smp_146480	protein_coding
smansoni_prjna597909_primary	condition	condition__adult_pzq_vs_adult_control	adult_pzq	adult_control	Smp_307270	356.64798151932	-1.36114778917069	0.116853247833867	-11.6483522230025	2.33938502727382e-31	8.18958047325633e-30	Smp_307270	protein_coding
smansoni_prjna597909_primary	condition	condition__adult_pzq_vs_adult_control	adult_pzq	adult_control	Smp_310050	210.961227672953	-2.62920839491343	0.225714165404643	-11.648397831833	2.33813349049047e-31	8.18958047325633e-30	Smp_310050	protein_coding
smansoni_prjna597909_primary	condition	condition__adult_pzq_vs_adult_control	adult_pzq	adult_control	Smp_185680	3493.50810388666	4.32282757200684	0.37128983266641	11.6427308040259	2.49884442353499e-31	8.68348437178409e-30	Smp_185680	protein_coding
smansoni_prjna597909_primary	condition	condition__adult_pzq_vs_adult_control	adult_pzq	adult_control	Smp_309480	8790.47073463799	1.04071000036664	0.0895208429953651	11.6253373576981	3.06380642767097e-31	1.05690139979365e-29	Smp_309480	protein_coding
smansoni_prjna597909_primary	condition	condition__adult_pzq_vs_adult_control	adult_pzq	adult_control	Smp_158610	1816.28767422174	1.24874414208954	0.107828077225848	11.5808811045941	5.15138358439193e-31	1.76416223332147e-29	Smp_158610	protein_coding
smansoni_prjna597909_primary	condition	condition__adult_pzq_vs_adult_control	adult_pzq	adult_control	Smp_350110	155.549155827441	2.19940385482399	0.190495262821446	11.5457141676301	7.75942687192585e-31	2.63820513645479e-29	Smp_350110	protein_coding
smansoni_prjna597909_primary	condition	condition__adult_pzq_vs_adult_control	adult_pzq	adult_control	Smp_344810	1335.13114422781	-1.23774135880173	0.10741170679433	-11.5233375927238	1.00635853630958e-30	3.37308542028302e-29	Smp_344810	protein_coding
smansoni_prjna597909_primary	condition	condition__adult_pzq_vs_adult_control	adult_pzq	adult_control	Smp_105220	1816.70349135411	1.08720153879734	0.0944737309549501	11.5079771679154	1.20266300684048e-30	3.98862131251096e-29	Smp_105220	protein_coding
smansoni_prjna597909_primary	condition	condition__adult_pzq_vs_adult_control	adult_pzq	adult_control	Smp_203090	658.625908410453	2.10665816279108	0.184058776820743	11.4455729804332	2.47464003604367e-30	8.12163111829334e-29	Smp_203090	protein_coding
smansoni_prjna597909_primary	condition	condition__adult_pzq_vs_adult_control	adult_pzq	adult_control	Smp_245720	1119.14264430865	-1.47677557336731	0.129090771648664	-11.4398229595104	2.64424559654343e-30	8.64823853928322e-29	Smp_245720	protein_coding
smansoni_prjna597909_primary	condition	condition__adult_pzq_vs_adult_control	adult_pzq	adult_control	Smp_346370	316.484912504159	-1.96647612541399	0.172043881136708	-11.4300846529462	2.95820292413681e-30	9.64170139273832e-29	Smp_346370	protein_coding
smansoni_prjna597909_primary	condition	condition__adult_pzq_vs_adult_control	adult_pzq	adult_control	Smp_143970	103.442003116409	-1.65843230319271	0.145210337813422	-11.4208969427755	3.28822639602424e-30	1.06439437997333e-28	Smp_143970	protein_coding
smansoni_prjna597909_primary	condition	condition__adult_pzq_vs_adult_control	adult_pzq	adult_control	Smp_244750	2981.81622603104	-1.04966174568896	0.0919585016708028	-11.4145155327409	3.53870215448916e-30	1.13768070626638e-28	Smp_244750	protein_coding
smansoni_prjna597909_primary	condition	condition__adult_pzq_vs_adult_control	adult_pzq	adult_control	Smp_322860	75.8888108267549	-2.27691950258244	0.199679717463665	-11.4028581946324	4.04613304932614e-30	1.29202870210239e-28	Smp_322860	protein_coding
smansoni_prjna597909_primary	condition	condition__adult_pzq_vs_adult_control	adult_pzq	adult_control	Smp_346170	591.67435850656	-1.34016675446758	0.117684208967965	-11.3878214096879	4.80862350431065e-30	1.53034038258398e-28	Smp_346170	protein_coding
smansoni_prjna597909_primary	condition	condition__adult_pzq_vs_adult_control	adult_pzq	adult_control	Smp_006760	563.298861637939	-1.26109684548111	0.111097472666192	-11.3512649317439	7.30974726694694e-30	2.29540635106918e-28	Smp_006760	protein_coding
smansoni_prjna597909_primary	condition	condition__adult_pzq_vs_adult_control	adult_pzq	adult_control	Smp_326570	36.4966140805001	-2.66722556274116	0.235344843645048	-11.3332653540688	8.97935331498111e-30	2.81035918984111e-28	Smp_326570	protein_coding
smansoni_prjna597909_primary	condition	condition__adult_pzq_vs_adult_control	adult_pzq	adult_control	Smp_016600	2599.2433992208	-1.07338809389151	0.0947177958945916	-11.3324859785171	9.05962901609885e-30	2.82612585677116e-28	Smp_016600	protein_coding
smansoni_prjna597909_primary	condition	condition__adult_pzq_vs_adult_control	adult_pzq	adult_control	Smp_201330	191.010560069845	2.36947178495403	0.209180766660503	11.3273883769613	9.60253233712149e-30	2.98562946218659e-28	Smp_201330	protein_coding
smansoni_prjna597909_primary	condition	condition__adult_pzq_vs_adult_control	adult_pzq	adult_control	Smp_345500	2670.02541660313	-2.92166853115046	0.258192637498844	-11.3158475758765	1.09538548063323e-29	3.3835240401782e-28	Smp_345500	protein_coding
smansoni_prjna597909_primary	condition	condition__adult_pzq_vs_adult_control	adult_pzq	adult_control	Smp_074190	664.046850054906	-1.10887460812802	0.0981854108808337	-11.2936799691539	1.410067045168e-29	4.29933990675095e-28	Smp_074190	protein_coding
smansoni_prjna597909_primary	condition	condition__adult_pzq_vs_adult_control	adult_pzq	adult_control	Smp_334180	216.93157916319	1.31632826630175	0.116564700470563	11.2926834709636	1.42614898580968e-29	4.33439235172769e-28	Smp_334180	protein_coding
smansoni_prjna597909_primary	condition	condition__adult_pzq_vs_adult_control	adult_pzq	adult_control	Smp_336900	329.400498202439	-1.64743099767353	0.14644810508693	-11.249247620484	2.3357595828865e-29	7.00876177061688e-28	Smp_336900	protein_coding
smansoni_prjna597909_primary	condition	condition__adult_pzq_vs_adult_control	adult_pzq	adult_control	Smp_058380	887.537486571757	2.03811413766563	0.181845293466103	11.207956493224	3.72698633137743e-29	1.11479350646138e-27	Smp_058380	protein_coding
smansoni_prjna597909_primary	condition	condition__adult_pzq_vs_adult_control	adult_pzq	adult_control	Smp_080370	5349.14867669418	1.01229899994533	0.0904415237879382	11.1928565281464	4.41961761053272e-29	1.30953685438104e-27	Smp_080370	protein_coding
smansoni_prjna597909_primary	condition	condition__adult_pzq_vs_adult_control	adult_pzq	adult_control	Smp_174320	186.237380481255	1.46585904799143	0.131690292490025	11.1311093648187	8.85268194502426e-29	2.57463229982675e-27	Smp_174320	protein_coding
smansoni_prjna597909_primary	condition	condition__adult_pzq_vs_adult_control	adult_pzq	adult_control	Smp_241440	211.195204951746	-1.56523242654527	0.141090107069506	-11.0938495905612	1.34377737236871e-28	3.87190035279306e-27	Smp_241440	protein_coding
smansoni_prjna597909_primary	condition	condition__adult_pzq_vs_adult_control	adult_pzq	adult_control	Smp_102020	39.67487328643	3.79246212629054	0.342625839571486	11.0688152739259	1.7773472274292e-28	5.07537341198213e-27	Smp_102020	protein_coding
smansoni_prjna597909_primary	condition	condition__adult_pzq_vs_adult_control	adult_pzq	adult_control	Smp_162290	205.871085725057	-1.31750146482132	0.119320558135977	-11.0416971342013	2.40448149880949e-28	6.82497271073493e-27	Smp_162290	protein_coding
smansoni_prjna597909_primary	condition	condition__adult_pzq_vs_adult_control	adult_pzq	adult_control	Smp_126210	127.548193856605	-1.83206603587434	0.166223686231761	-11.0216905749518	3.00364162818998e-28	8.44952996120587e-27	Smp_126210	protein_coding
smansoni_prjna597909_primary	condition	condition__adult_pzq_vs_adult_control	adult_pzq	adult_control	Smp_317690	348.956907823442	2.84662093235203	0.259291042302206	10.9784777255601	4.85027994089595e-28	1.3365844315262e-26	Smp_317690	protein_coding
smansoni_prjna597909_primary	condition	condition__adult_pzq_vs_adult_control	adult_pzq	adult_control	Smp_334450	337.638454838828	-1.60301110618472	0.146177003729156	-10.9662331645192	5.55382141006672e-28	1.52158608602755e-26	Smp_334450	protein_coding
smansoni_prjna597909_primary	condition	condition__adult_pzq_vs_adult_control	adult_pzq	adult_control	Smp_333250	764.419716096768	-1.53888115826839	0.14061363634495	-10.9440392715059	7.0966071933362e-28	1.93305853577561e-26	Smp_333250	protein_coding
smansoni_prjna597909_primary	condition	condition__adult_pzq_vs_adult_control	adult_pzq	adult_control	Smp_334510	3391.81522125972	1.04887383870383	0.0959431282696265	10.9322455669384	8.08231979273949e-28	2.18894231177575e-26	Smp_334510	protein_coding
smansoni_prjna597909_primary	condition	condition__adult_pzq_vs_adult_control	adult_pzq	adult_control	Smp_054610	282.276781823222	-1.15976810465718	0.106270079097203	-10.9134021025464	9.94629525571031e-28	2.68606807877068e-26	Smp_054610	protein_coding
smansoni_prjna597909_primary	condition	condition__adult_pzq_vs_adult_control	adult_pzq	adult_control	Smp_125890	518.370238476819	1.47794980727734	0.135577981237948	10.9011049860924	1.1386598977996e-27	3.04889896713931e-26	Smp_125890	protein_coding
smansoni_prjna597909_primary	condition	condition__adult_pzq_vs_adult_control	adult_pzq	adult_control	Smp_133770	61.9871464566457	7.30117695484817	0.670092287336893	10.8957782276002	1.2072997675783e-27	3.22355858846047e-26	Smp_133770	protein_coding
smansoni_prjna597909_primary	condition	condition__adult_pzq_vs_adult_control	adult_pzq	adult_control	Smp_133830	947.184295065802	1.60447029597833	0.147293179994475	10.8930386053075	1.2441844240891e-27	3.30337954395791e-26	Smp_133830	protein_coding
smansoni_prjna597909_primary	condition	condition__adult_pzq_vs_adult_control	adult_pzq	adult_control	Smp_033250	2196.09006078451	-3.54374312868388	0.327513752940939	-10.8201353282497	2.7636900216196e-27	7.2562216900968e-26	Smp_033250	protein_coding
smansoni_prjna597909_primary	condition	condition__adult_pzq_vs_adult_control	adult_pzq	adult_control	Smp_330160	1081.54279800911	-1.07794730181002	0.0999291757157772	-10.7871129136096	3.96035968300762e-27	1.02557040339145e-25	Smp_330160	protein_coding
smansoni_prjna597909_primary	condition	condition__adult_pzq_vs_adult_control	adult_pzq	adult_control	Smp_081430	3557.52501883294	-1.24521323932523	0.115535653882346	-10.7777400090995	4.38527541012276e-27	1.1325033654776e-25	Smp_081430	protein_coding
smansoni_prjna597909_primary	condition	condition__adult_pzq_vs_adult_control	adult_pzq	adult_control	Smp_203580	1319.92494719391	-1.01787000886607	0.0946099635154108	-10.7585921296785	5.3988649871119e-27	1.37919113130221e-25	Smp_203580	protein_coding
smansoni_prjna597909_primary	condition	condition__adult_pzq_vs_adult_control	adult_pzq	adult_control	Smp_312560	578.951839053245	1.11184783063846	0.103567397614644	10.7355003239094	6.93423281575047e-27	1.76189162834606e-25	Smp_312560	protein_coding
smansoni_prjna597909_primary	condition	condition__adult_pzq_vs_adult_control	adult_pzq	adult_control	Smp_319550	98.7435696582606	-1.96505906535638	0.183072579171088	-10.7337705857083	7.06531064896884e-27	1.79038381378159e-25	Smp_319550	protein_coding
smansoni_prjna597909_primary	condition	condition__adult_pzq_vs_adult_control	adult_pzq	adult_control	Smp_132740	2267.0793284817	-1.14764477797604	0.106954599053718	-10.7302050414834	7.34330536934342e-27	1.8558535387977e-25	Smp_132740	protein_coding
smansoni_prjna597909_primary	condition	condition__adult_pzq_vs_adult_control	adult_pzq	adult_control	Smp_324380	166.795847508366	-1.77904512732588	0.166261059558457	-10.7003114983781	1.01436643207296e-26	2.54318077346251e-25	Smp_324380	protein_coding
smansoni_prjna597909_primary	condition	condition__adult_pzq_vs_adult_control	adult_pzq	adult_control	Smp_340610	217.839061217999	-1.2613300336904	0.117909233419172	-10.6974661535312	1.04599410799133e-26	2.61553870601431e-25	Smp_340610	protein_coding
smansoni_prjna597909_primary	condition	condition__adult_pzq_vs_adult_control	adult_pzq	adult_control	Smp_154680	234.089306860555	-1.35899735132694	0.12785654798103	-10.6290790169665	2.18257117952134e-26	5.38633493181088e-25	Smp_154680	protein_coding
smansoni_prjna597909_primary	condition	condition__adult_pzq_vs_adult_control	adult_pzq	adult_control	Smp_343410	387.92045303708	-1.25775981558893	0.118406757306233	-10.6223651774875	2.34541916779683e-26	5.77315155573324e-25	Smp_343410	protein_coding
smansoni_prjna597909_primary	condition	condition__adult_pzq_vs_adult_control	adult_pzq	adult_control	Smp_340010	2902.96009626754	-2.80959161289853	0.264998164174607	-10.6023059504944	2.90722028818408e-26	7.10052872452607e-25	Smp_340010	protein_coding
smansoni_prjna597909_primary	condition	condition__adult_pzq_vs_adult_control	adult_pzq	adult_control	Smp_200090	278.039637154922	1.30394644234781	0.122995492988265	10.6015790551953	2.92990879007017e-26	7.137499454573e-25	Smp_200090	protein_coding
smansoni_prjna597909_primary	condition	condition__adult_pzq_vs_adult_control	adult_pzq	adult_control	Smp_312580	1038.16198207121	-2.68670152399619	0.253751381486815	-10.5879286577827	3.39010301447212e-26	8.2162188955873e-25	Smp_312580	protein_coding
smansoni_prjna597909_primary	condition	condition__adult_pzq_vs_adult_control	adult_pzq	adult_control	Smp_247080	114.061030710776	2.63242125774259	0.249034343940595	10.5705149582522	4.08246734384663e-26	9.81869754046778e-25	Smp_247080	protein_coding
smansoni_prjna597909_primary	condition	condition__adult_pzq_vs_adult_control	adult_pzq	adult_control	Smp_055740	81.5205764715603	-1.57882194018378	0.149398563097138	-10.5678522433796	4.20003089018791e-26	1.00758101456995e-24	Smp_055740	protein_coding
smansoni_prjna597909_primary	condition	condition__adult_pzq_vs_adult_control	adult_pzq	adult_control	Smp_302320	1041.65121832427	4.79048958875701	0.455965914552713	10.5062449535429	8.08488901759816e-26	1.92005957272206e-24	Smp_302320	protein_coding
smansoni_prjna597909_primary	condition	condition__adult_pzq_vs_adult_control	adult_pzq	adult_control	Smp_003440	1261.44244663779	-1.02222087071593	0.0973253961422548	-10.5031257126538	8.3566296594157e-26	1.97962064012023e-24	Smp_003440	protein_coding
smansoni_prjna597909_primary	condition	condition__adult_pzq_vs_adult_control	adult_pzq	adult_control	Smp_153700	7287.05689438103	-1.10925282339606	0.10569587009348	-10.4947603195376	9.13091513264299e-26	2.15225460932024e-24	Smp_153700	protein_coding
smansoni_prjna597909_primary	condition	condition__adult_pzq_vs_adult_control	adult_pzq	adult_control	Smp_079640	261.693523086241	-1.24150869241865	0.118997920385491	-10.4330284797987	1.75213082396431e-25	4.04917861811996e-24	Smp_079640	protein_coding
smansoni_prjna597909_primary	condition	condition__adult_pzq_vs_adult_control	adult_pzq	adult_control	Smp_170630	4618.8718446545	-1.12574343397543	0.108717196014201	-10.3547872392549	3.98070615661162e-25	9.00134798858684e-24	Smp_170630	protein_coding
smansoni_prjna597909_primary	condition	condition__adult_pzq_vs_adult_control	adult_pzq	adult_control	Smp_012380	563.535330829129	-1.1173577017689	0.108283949717116	-10.3187748940439	5.79579416194058e-25	1.2950791115523e-23	Smp_012380	protein_coding
smansoni_prjna597909_primary	condition	condition__adult_pzq_vs_adult_control	adult_pzq	adult_control	Smp_245170	248.956955152577	1.1824114582745	0.114745674865433	10.3046276878075	6.71511907208417e-25	1.48993674810656e-23	Smp_245170	protein_coding
smansoni_prjna597909_primary	condition	condition__adult_pzq_vs_adult_control	adult_pzq	adult_control	Smp_095520	7464.61873725135	-1.18407264913412	0.115047640879979	-10.2920202455032	7.65530783864512e-25	1.68666596016023e-23	Smp_095520	protein_coding
smansoni_prjna597909_primary	condition	condition__adult_pzq_vs_adult_control	adult_pzq	adult_control	Smp_322130	112.460317871594	1.26021103106442	0.122480775020811	10.2890517377138	7.8950031036693e-25	1.73543184502052e-23	Smp_322130	protein_coding
smansoni_prjna597909_primary	condition	condition__adult_pzq_vs_adult_control	adult_pzq	adult_control	Smp_078720	55.2864684862363	-1.72934206653128	0.168295458821797	-10.2756311943178	9.07484460242422e-25	1.99014921536227e-23	Smp_078720	protein_coding
smansoni_prjna597909_primary	condition	condition__adult_pzq_vs_adult_control	adult_pzq	adult_control	Smp_301420	854.611616786699	-1.04859154980993	0.10207880918697	-10.2723724753617	9.38673740362054e-25	2.04821808907343e-23	Smp_301420	protein_coding
smansoni_prjna597909_primary	condition	condition__adult_pzq_vs_adult_control	adult_pzq	adult_control	Smp_204120	358.903596520202	1.25838191256094	0.122555603982671	10.2678447306161	9.83778993940028e-25	2.13762736798187e-23	Smp_204120	protein_coding
smansoni_prjna597909_primary	condition	condition__adult_pzq_vs_adult_control	adult_pzq	adult_control	Smp_342000	184.305296684151	-1.70168545094478	0.166134164223445	-10.2428387255499	1.2744123296372e-24	2.73766939539336e-23	Smp_342000	protein_coding
smansoni_prjna597909_primary	condition	condition__adult_pzq_vs_adult_control	adult_pzq	adult_control	Smp_150150	194.2735202256	1.09448522315352	0.107062402702536	10.2228718534783	1.56630432877157e-24	3.34948156460382e-23	Smp_150150	protein_coding
smansoni_prjna597909_primary	condition	condition__adult_pzq_vs_adult_control	adult_pzq	adult_control	Smp_245815	687.630503017821	-1.70141926579943	0.166980853033857	-10.1893075456648	2.21335086888517e-24	4.69071578760148e-23	Smp_245815	protein_coding
smansoni_prjna597909_primary	condition	condition__adult_pzq_vs_adult_control	adult_pzq	adult_control	Smp_346150	253.404651511265	-1.14957327492719	0.113044282232955	-10.1692297232533	2.72051503754535e-24	5.75264164091246e-23	Smp_346150	protein_coding
smansoni_prjna597909_primary	condition	condition__adult_pzq_vs_adult_control	adult_pzq	adult_control	Smp_137300	68.9051115704528	-2.07281493162869	0.20464600081162	-10.1287829882234	4.1174202183667e-24	8.6292363423508e-23	Smp_137300	protein_coding
smansoni_prjna597909_primary	condition	condition__adult_pzq_vs_adult_control	adult_pzq	adult_control	Smp_316240	79.3088716942067	2.58390544482227	0.256097711146759	10.0895296301244	6.14633257702026e-24	1.2740161297806e-22	Smp_316240	protein_coding
smansoni_prjna597909_primary	condition	condition__adult_pzq_vs_adult_control	adult_pzq	adult_control	Smp_330630	495.771330528241	-1.36098068079239	0.135034226916176	-10.0787830750291	6.85700807829375e-24	1.41511878506621e-22	Smp_330630	protein_coding
smansoni_prjna597909_primary	condition	condition__adult_pzq_vs_adult_control	adult_pzq	adult_control	Smp_205760	3190.73253261217	-1.14783048251784	0.114465035913985	-10.0277824870502	1.15071873030222e-23	2.33403292678468e-22	Smp_205760	protein_coding
smansoni_prjna597909_primary	condition	condition__adult_pzq_vs_adult_control	adult_pzq	adult_control	Smp_319790	842.260369734403	1.11928256857211	0.112051931186561	9.98896276681349	1.70354920804035e-23	3.43325098388003e-22	Smp_319790	protein_coding
smansoni_prjna597909_primary	condition	condition__adult_pzq_vs_adult_control	adult_pzq	adult_control	Smp_345770	576.589686789972	1.02126545298862	0.102567664435542	9.95699237775303	2.35066455948718e-23	4.69735336496255e-22	Smp_345770	protein_coding
smansoni_prjna597909_primary	condition	condition__adult_pzq_vs_adult_control	adult_pzq	adult_control	Smp_242540	667.294909219815	-1.13905965966418	0.11460819529201	-9.93872782624289	2.82410627466376e-23	5.58440429040207e-22	Smp_242540	protein_coding
smansoni_prjna597909_primary	condition	condition__adult_pzq_vs_adult_control	adult_pzq	adult_control	Smp_323580	283.057642650104	-1.35252574101972	0.136112720915086	-9.93680628766132	2.87909894977893e-23	5.68126164369738e-22	Smp_323580	protein_coding
smansoni_prjna597909_primary	condition	condition__adult_pzq_vs_adult_control	adult_pzq	adult_control	Smp_162250	213.95673413793	1.60474319763257	0.161868020519714	9.91389894359723	3.62228184213481e-23	7.10327966221125e-22	Smp_162250	protein_coding
smansoni_prjna597909_primary	condition	condition__adult_pzq_vs_adult_control	adult_pzq	adult_control	Smp_169200	2796.2195455355	-1.15410495959555	0.116767675605361	-9.88377094613121	4.89552080642078e-23	9.54071395098748e-22	Smp_169200	protein_coding
smansoni_prjna597909_primary	condition	condition__adult_pzq_vs_adult_control	adult_pzq	adult_control	Smp_242200	494.989696526225	-1.42463003133046	0.144165001923414	-9.88194091716712	4.98577141920558e-23	9.69660729512986e-22	Smp_242200	protein_coding
smansoni_prjna597909_primary	condition	condition__adult_pzq_vs_adult_control	adult_pzq	adult_control	Smp_141460	191.139171432325	-1.14533616221885	0.115956505847342	-9.8772910915986	5.22256204719961e-23	1.0136274429185e-21	Smp_141460	protein_coding
smansoni_prjna597909_primary	condition	condition__adult_pzq_vs_adult_control	adult_pzq	adult_control	Smp_345020	161.88601843278	1.15499867583725	0.117067198843325	9.86611695888468	5.83810139308423e-23	1.12846082550986e-21	Smp_345020	protein_coding
smansoni_prjna597909_primary	condition	condition__adult_pzq_vs_adult_control	adult_pzq	adult_control	Smp_194750	141.578162707595	-2.60776241548121	0.265011663458478	-9.84017979227466	7.55756566363155e-23	1.44311334651809e-21	Smp_194750	protein_coding
smansoni_prjna597909_primary	condition	condition__adult_pzq_vs_adult_control	adult_pzq	adult_control	Smp_156960	4041.17124183034	-1.94536462806956	0.198086400805882	-9.82078840422743	9.16241313413027e-23	1.73374376810347e-21	Smp_156960	protein_coding
smansoni_prjna597909_primary	condition	condition__adult_pzq_vs_adult_control	adult_pzq	adult_control	Smp_342720	201.760884784993	-1.01901272492709	0.103794362881778	-9.81761144473466	9.45573981492736e-23	1.7839451642853e-21	Smp_342720	protein_coding
smansoni_prjna597909_primary	condition	condition__adult_pzq_vs_adult_control	adult_pzq	adult_control	Smp_094250	413.994246669946	-3.35121695537491	0.341928220918333	-9.80093701062284	1.11546034862476e-22	2.0877883594458e-21	Smp_094250	protein_coding
smansoni_prjna597909_primary	condition	condition__adult_pzq_vs_adult_control	adult_pzq	adult_control	Smp_140560	1411.86145034971	-1.91123724464828	0.195305095187474	-9.78590570212043	1.29431229725159e-22	2.41298616047772e-21	Smp_140560	protein_coding
smansoni_prjna597909_primary	condition	condition__adult_pzq_vs_adult_control	adult_pzq	adult_control	Smp_202770	1122.68481539131	1.57794175217573	0.161427850067722	9.77490409191324	1.44293927766962e-22	2.67424746128103e-21	Smp_202770	protein_coding
smansoni_prjna597909_primary	condition	condition__adult_pzq_vs_adult_control	adult_pzq	adult_control	Smp_342040	354.411030333071	1.56399814451006	0.16027668072254	9.75811414024443	1.70292312509637e-22	3.13152322537176e-21	Smp_342040	protein_coding
smansoni_prjna597909_primary	condition	condition__adult_pzq_vs_adult_control	adult_pzq	adult_control	Smp_165150	293.296155756688	-1.06858582629869	0.1098795299464	-9.72506732436834	2.35749394298239e-22	4.27697365625135e-21	Smp_165150	protein_coding
smansoni_prjna597909_primary	condition	condition__adult_pzq_vs_adult_control	adult_pzq	adult_control	Smp_246240	1367.22933868409	1.02794835449123	0.106444042194109	9.6571713484602	4.58344718476608e-22	8.11287318172453e-21	Smp_246240	protein_coding
smansoni_prjna597909_primary	condition	condition__adult_pzq_vs_adult_control	adult_pzq	adult_control	Smp_349590	130.613094945873	2.00554660173635	0.208727590394333	9.60844035015888	7.36561758687445e-22	1.2821329177005e-20	Smp_349590	protein_coding
smansoni_prjna597909_primary	condition	condition__adult_pzq_vs_adult_control	adult_pzq	adult_control	Smp_169480	932.511545316106	1.01134557529058	0.105423887749962	9.59313488503883	8.54484996890268e-22	1.47922933893898e-20	Smp_169480	protein_coding
smansoni_prjna597909_primary	condition	condition__adult_pzq_vs_adult_control	adult_pzq	adult_control	Smp_155310	3566.73163552128	-1.33455818491602	0.139355591972396	-9.5766389136388	1.00254438063315e-21	1.72291808831719e-20	Smp_155310	protein_coding
smansoni_prjna597909_primary	condition	condition__adult_pzq_vs_adult_control	adult_pzq	adult_control	Smp_328910	572.88522419472	-1.48123585785349	0.155704542041169	-9.51311913214355	1.85029667326345e-21	3.11746954646812e-20	Smp_328910	protein_coding
smansoni_prjna597909_primary	condition	condition__adult_pzq_vs_adult_control	adult_pzq	adult_control	Smp_001780	614.546989813432	1.15983448229754	0.122399288376623	9.47582700586237	2.64655868326921e-21	4.39635723624967e-20	Smp_001780	protein_coding
smansoni_prjna597909_primary	condition	condition__adult_pzq_vs_adult_control	adult_pzq	adult_control	Smp_342840	348.333033466183	1.09453271983144	0.116174378689698	9.42146394219102	4.4484193489234e-21	7.27447399412179e-20	Smp_342840	protein_coding
smansoni_prjna597909_primary	condition	condition__adult_pzq_vs_adult_control	adult_pzq	adult_control	Smp_139140	25.7303515671821	5.17452310578445	0.549376239854502	9.41890589799604	4.55812715664472e-21	7.44100481599411e-20	Smp_139140	protein_coding
smansoni_prjna597909_primary	condition	condition__adult_pzq_vs_adult_control	adult_pzq	adult_control	Smp_124740	432.394557457087	-1.76630659298445	0.188058727563826	-9.39231385783451	5.86963739849626e-21	9.49996792647032e-20	Smp_124740	protein_coding
smansoni_prjna597909_primary	condition	condition__adult_pzq_vs_adult_control	adult_pzq	adult_control	Smp_139180	99.0667327863181	1.54856554353621	0.165043715374317	9.38275983441163	6.42680455203085e-21	1.03309790179925e-19	Smp_139180	protein_coding
smansoni_prjna597909_primary	condition	condition__adult_pzq_vs_adult_control	adult_pzq	adult_control	Smp_164590	18309.4167882951	-1.0804818834446	0.115435851438566	-9.36002004558888	7.97215658389648e-21	1.25797702889799e-19	Smp_164590	protein_coding
smansoni_prjna597909_primary	condition	condition__adult_pzq_vs_adult_control	adult_pzq	adult_control	Smp_054620	214.944756520983	-1.434068431952	0.153466527615017	-9.34450302771869	9.23220107957077e-21	1.45195947760571e-19	Smp_054620	protein_coding
smansoni_prjna597909_primary	condition	condition__adult_pzq_vs_adult_control	adult_pzq	adult_control	Smp_142820	118.779181788669	1.53656922033661	0.164855917361409	9.32067980895114	1.15597245945538e-20	1.81198203760734e-19	Smp_142820	protein_coding
smansoni_prjna597909_primary	condition	condition__adult_pzq_vs_adult_control	adult_pzq	adult_control	Smp_170840	141.841176221966	2.23200062575501	0.239896636309141	9.30400967722933	1.35246788026727e-20	2.10601752953644e-19	Smp_170840	protein_coding
smansoni_prjna597909_primary	condition	condition__adult_pzq_vs_adult_control	adult_pzq	adult_control	Smp_245350	150.417114693587	-1.1358313675303	0.122754813303923	-9.25284587186121	2.18593510079923e-20	3.35413288518739e-19	Smp_245350	protein_coding
smansoni_prjna597909_primary	condition	condition__adult_pzq_vs_adult_control	adult_pzq	adult_control	Smp_344520	26.7798547362028	2.92129507013533	0.317456921737599	9.20217790226665	3.507669920217e-20	5.27098506929906e-19	Smp_344520	protein_coding
smansoni_prjna597909_primary	condition	condition__adult_pzq_vs_adult_control	adult_pzq	adult_control	Smp_017420	774.98130979933	-1.07575343753358	0.117862854115928	-9.12716262984337	7.0318040562231e-20	1.03205919160591e-18	Smp_017420	protein_coding
smansoni_prjna597909_primary	condition	condition__adult_pzq_vs_adult_control	adult_pzq	adult_control	Smp_214260	135.853632598416	-1.1043573594647	0.121200975503055	-9.11178606344518	8.10367219729456e-20	1.18386259055376e-18	Smp_214260	protein_coding
smansoni_prjna597909_primary	condition	condition__adult_pzq_vs_adult_control	adult_pzq	adult_control	Smp_128110	289.062721822065	-1.04054455262987	0.114271906386541	-9.10586499808697	8.55817103814125e-20	1.24640728278137e-18	Smp_128110	protein_coding
smansoni_prjna597909_primary	condition	condition__adult_pzq_vs_adult_control	adult_pzq	adult_control	Smp_247220	373.34489112321	1.02262264357799	0.112510540667807	9.08912744982126	9.98370331154895e-20	1.44290464374252e-18	Smp_247220	protein_coding
smansoni_prjna597909_primary	condition	condition__adult_pzq_vs_adult_control	adult_pzq	adult_control	Smp_151660	32.9442419639884	-2.10579279345027	0.232088181451397	-9.0732444034047	1.15524778486984e-19	1.664542997346e-18	Smp_151660	protein_coding
smansoni_prjna597909_primary	condition	condition__adult_pzq_vs_adult_control	adult_pzq	adult_control	Smp_164020	304.756020048122	1.01138130995578	0.111674665059591	9.05649736595222	1.34706695179621e-19	1.92043391076588e-18	Smp_164020	protein_coding
smansoni_prjna597909_primary	condition	condition__adult_pzq_vs_adult_control	adult_pzq	adult_control	Smp_001100	4820.8019186028	-1.25952065482632	0.139478716265763	-9.03019965014896	1.71358874635932e-19	2.41743892993854e-18	Smp_001100	protein_coding
smansoni_prjna597909_primary	condition	condition__adult_pzq_vs_adult_control	adult_pzq	adult_control	Smp_203410	121.381087790467	-1.157797974005	0.128264421271346	-9.02664949897249	1.77008265005364e-19	2.48970553695044e-18	Smp_203410	protein_coding
smansoni_prjna597909_primary	condition	condition__adult_pzq_vs_adult_control	adult_pzq	adult_control	Smp_123830	22764.2134385294	-1.02686290675379	0.113796745430459	-9.02365795145961	1.81911333614021e-19	2.55396444769623e-18	Smp_123830	protein_coding
smansoni_prjna597909_primary	condition	condition__adult_pzq_vs_adult_control	adult_pzq	adult_control	Smp_326120	62.2421964994968	-2.36952990879858	0.262882026741523	-9.01366266142038	1.99287019059173e-19	2.78648062743683e-18	Smp_326120	protein_coding
smansoni_prjna597909_primary	condition	condition__adult_pzq_vs_adult_control	adult_pzq	adult_control	Smp_316230	58.6544040458099	2.82871120423554	0.314538900725892	8.99319987991137	2.40134988326763e-19	3.337876337742e-18	Smp_316230	protein_coding
smansoni_prjna597909_primary	condition	condition__adult_pzq_vs_adult_control	adult_pzq	adult_control	Smp_145020	69.6357466271833	-1.62299262387948	0.180532810337399	-8.99001472832699	2.47197304021656e-19	3.42596615485732e-18	Smp_145020	protein_coding
smansoni_prjna597909_primary	condition	condition__adult_pzq_vs_adult_control	adult_pzq	adult_control	Smp_130500	81.5857338342363	1.37219172372516	0.152901458996687	8.97435336934808	2.85021001432041e-19	3.92142431664578e-18	Smp_130500	protein_coding
smansoni_prjna597909_primary	condition	condition__adult_pzq_vs_adult_control	adult_pzq	adult_control	Smp_104890	148.780741066138	-1.53421573040727	0.171135234704396	-8.96493193267499	3.10472563268727e-19	4.26538759886047e-18	Smp_104890	protein_coding
smansoni_prjna597909_primary	condition	condition__adult_pzq_vs_adult_control	adult_pzq	adult_control	Smp_303270	59.118661032064	2.65052946533553	0.296034630032226	8.95344394352443	3.4456085504639e-19	4.71315369305135e-18	Smp_303270	protein_coding
smansoni_prjna597909_primary	condition	condition__adult_pzq_vs_adult_control	adult_pzq	adult_control	Smp_306180	103.777574348786	1.75720222360384	0.196513562705593	8.94188777309172	3.82578012824738e-19	5.20306097441644e-18	Smp_306180	protein_coding
smansoni_prjna597909_primary	condition	condition__adult_pzq_vs_adult_control	adult_pzq	adult_control	Smp_179970	22.5436468204257	4.24178724414217	0.475173369794214	8.92682021717501	4.38429100353611e-19	5.92851481622651e-18	Smp_179970	protein_coding
smansoni_prjna597909_primary	condition	condition__adult_pzq_vs_adult_control	adult_pzq	adult_control	Smp_340040	21.4744155877667	-2.48802258947004	0.279417882376192	-8.90430694095775	5.37206170893931e-19	7.18199819984361e-18	Smp_340040	protein_coding
smansoni_prjna597909_primary	condition	condition__adult_pzq_vs_adult_control	adult_pzq	adult_control	Smp_089200	3959.93789884575	-1.05903190749983	0.118938944556678	-8.90399617591335	5.38713086643325e-19	7.19197188552642e-18	Smp_089200	protein_coding
smansoni_prjna597909_primary	condition	condition__adult_pzq_vs_adult_control	adult_pzq	adult_control	Smp_086530	21141.5575010052	-1.58282152446608	0.177770662492511	-8.90372743327521	5.40019599891639e-19	7.1992457802197e-18	Smp_086530	protein_coding
smansoni_prjna597909_primary	condition	condition__adult_pzq_vs_adult_control	adult_pzq	adult_control	Smp_089670	12218.3514327295	1.66320995695757	0.188610240848171	8.81823780871175	1.16275100013245e-18	1.52220532593516e-17	Smp_089670	protein_coding
smansoni_prjna597909_primary	condition	condition__adult_pzq_vs_adult_control	adult_pzq	adult_control	Smp_141160	254.978939467032	-1.0321591579347	0.117478876963132	-8.78591270717216	1.55100012591783e-18	2.01374357007903e-17	Smp_141160	protein_coding
smansoni_prjna597909_primary	condition	condition__adult_pzq_vs_adult_control	adult_pzq	adult_control	Smp_130730	71.9267808555833	1.89070307261392	0.215741665804918	8.76373632121467	1.88883339567091e-18	2.43896902402752e-17	Smp_130730	protein_coding
smansoni_prjna597909_primary	condition	condition__adult_pzq_vs_adult_control	adult_pzq	adult_control	Smp_335880	134.996345836928	1.08480504667245	0.124504894449161	8.71295101668004	2.960646055885e-18	3.74618828918675e-17	Smp_335880	protein_coding
smansoni_prjna597909_primary	condition	condition__adult_pzq_vs_adult_control	adult_pzq	adult_control	Smp_323810	53.0624846508313	-1.9967099410763	0.229677068760238	-8.69355374419501	3.5127538520506e-18	4.39187161502411e-17	Smp_323810	protein_coding
smansoni_prjna597909_primary	condition	condition__adult_pzq_vs_adult_control	adult_pzq	adult_control	Smp_247950	160.599005937633	1.3311065173618	0.153393393036299	8.6777304485781	4.03744548640073e-18	5.01470890111165e-17	Smp_247950	protein_coding
smansoni_prjna597909_primary	condition	condition__adult_pzq_vs_adult_control	adult_pzq	adult_control	Smp_347620	132.422809795854	-1.0982694200674	0.126853944218271	-8.65774751297969	4.81177890155726e-18	5.95300185569624e-17	Smp_347620	protein_coding
smansoni_prjna597909_primary	condition	condition__adult_pzq_vs_adult_control	adult_pzq	adult_control	Smp_194130	26.1300756279932	6.22745328919207	0.726781658274572	8.56853391701775	1.04810822912796e-17	1.2603968170124e-16	Smp_194130	protein_coding
smansoni_prjna597909_primary	condition	condition__adult_pzq_vs_adult_control	adult_pzq	adult_control	Smp_004070	111.023179251841	-1.16534016237417	0.136588663867966	-8.53174875113105	1.44151859652527e-17	1.72471313599454e-16	Smp_004070	protein_coding
smansoni_prjna597909_primary	condition	condition__adult_pzq_vs_adult_control	adult_pzq	adult_control	Smp_075330	190.52304714004	-1.21919449475973	0.143128073371953	-8.51820656868175	1.6204299126907e-17	1.92900548296631e-16	Smp_075330	protein_coding
smansoni_prjna597909_primary	condition	condition__adult_pzq_vs_adult_control	adult_pzq	adult_control	Smp_134390	646.764301511972	1.54187015638238	0.181290630134286	8.50496330251751	1.81653044195022e-17	2.15701579614491e-16	Smp_134390	protein_coding
smansoni_prjna597909_primary	condition	condition__adult_pzq_vs_adult_control	adult_pzq	adult_control	Smp_034610	210.478967903727	1.12455257408076	0.132419404016911	8.49235489639526	2.02491547241456e-17	2.3924376306578e-16	Smp_034610	protein_coding
smansoni_prjna597909_primary	condition	condition__adult_pzq_vs_adult_control	adult_pzq	adult_control	Smp_314790	606.430066148884	1.2643658039629	0.149951484305445	8.43183253449787	3.40293728703444e-17	3.93209819523833e-16	Smp_314790	protein_coding
smansoni_prjna597909_primary	condition	condition__adult_pzq_vs_adult_control	adult_pzq	adult_control	Smp_314210	48.8753410479959	1.64008731773918	0.195742939885561	8.37878147072914	5.34784607843202e-17	6.0827726995595e-16	Smp_314210	protein_coding
smansoni_prjna597909_primary	condition	condition__adult_pzq_vs_adult_control	adult_pzq	adult_control	Smp_099090	192.666627679479	-1.40056958413116	0.167426240122125	-8.36529317692103	5.99656311801081e-17	6.79610486707891e-16	Smp_099090	protein_coding
smansoni_prjna597909_primary	condition	condition__adult_pzq_vs_adult_control	adult_pzq	adult_control	Smp_320340	2341.4243307592	-1.10625965936759	0.132896195122168	-8.32423876658494	8.48723796276381e-17	9.52747900523082e-16	Smp_320340	protein_coding
smansoni_prjna597909_primary	condition	condition__adult_pzq_vs_adult_control	adult_pzq	adult_control	Smp_170320	85.284517937615	-1.46250862282888	0.176115157666401	-8.30427455653291	1.00431164259855e-16	1.12340279832443e-15	Smp_170320	protein_coding
smansoni_prjna597909_primary	condition	condition__adult_pzq_vs_adult_control	adult_pzq	adult_control	Smp_346880	287.473302705595	-1.017004176057	0.12284721061178	-8.27861024269343	1.24621095847985e-16	1.37768257070778e-15	Smp_346880	protein_coding
smansoni_prjna597909_primary	condition	condition__adult_pzq_vs_adult_control	adult_pzq	adult_control	Smp_126420	680.745868535982	-1.11719995826747	0.134968976527517	-8.27745743511437	1.25833089927258e-16	1.3894560350379e-15	Smp_126420	protein_coding
smansoni_prjna597909_primary	condition	condition__adult_pzq_vs_adult_control	adult_pzq	adult_control	Smp_169930	134.497379863067	-1.03390221932056	0.12492955490479	-8.27588171676835	1.27508526299473e-16	1.40631340791437e-15	Smp_169930	protein_coding
smansoni_prjna597909_primary	condition	condition__adult_pzq_vs_adult_control	adult_pzq	adult_control	Smp_345100	126.900048472171	3.24322710177656	0.397209142783979	8.16503638120027	3.21338356563375e-16	3.45539265783506e-15	Smp_345100	protein_coding
smansoni_prjna597909_primary	condition	condition__adult_pzq_vs_adult_control	adult_pzq	adult_control	Smp_331480	112.01209234642	-1.58531371257394	0.194199516197671	-8.16332472713415	3.25926755691603e-16	3.50074965317845e-15	Smp_331480	protein_coding
smansoni_prjna597909_primary	condition	condition__adult_pzq_vs_adult_control	adult_pzq	adult_control	Smp_316490	2285.6231778279	1.06936422793282	0.131484879957841	8.13298250168157	4.188551097906e-16	4.47346722908559e-15	Smp_316490	protein_coding
smansoni_prjna597909_primary	condition	condition__adult_pzq_vs_adult_control	adult_pzq	adult_control	Smp_086630	42.0575523503711	1.97540654502018	0.243676748429229	8.10666818953348	5.20266845910975e-16	5.51296213850957e-15	Smp_086630	protein_coding
smansoni_prjna597909_primary	condition	condition__adult_pzq_vs_adult_control	adult_pzq	adult_control	Smp_167830	82.3339460468004	1.85875568883472	0.230765899736728	8.05472425065966	7.96581859939673e-16	8.31047653438167e-15	Smp_167830	protein_coding
smansoni_prjna597909_primary	condition	condition__adult_pzq_vs_adult_control	adult_pzq	adult_control	Smp_200240	3615.66123729111	-1.08036350722308	0.134373763525254	-8.03998845369867	8.98469375778461e-16	9.33223356028353e-15	Smp_200240	protein_coding
smansoni_prjna597909_primary	condition	condition__adult_pzq_vs_adult_control	adult_pzq	adult_control	Smp_093790	24.4343432211527	-2.6262148493009	0.326757437630759	-8.03719991300876	9.19146455791575e-16	9.53652283220852e-15	Smp_093790	protein_coding
smansoni_prjna597909_primary	condition	condition__adult_pzq_vs_adult_control	adult_pzq	adult_control	Smp_153660	291.734741597193	-1.06272591487878	0.13255559617573	-8.0172089714712	1.0817499646147e-15	1.11017379647536e-14	Smp_153660	protein_coding
smansoni_prjna597909_primary	condition	condition__adult_pzq_vs_adult_control	adult_pzq	adult_control	Smp_124510	91.047234178229	-1.27801759530858	0.159456578069403	-8.0148314405212	1.10288162699815e-15	1.12846337888628e-14	Smp_124510	protein_coding
smansoni_prjna597909_primary	condition	condition__adult_pzq_vs_adult_control	adult_pzq	adult_control	Smp_210800	90.8076297204758	2.72108259808648	0.341011661000538	7.97944149505841	1.46996899386295e-15	1.48600501925055e-14	Smp_210800	protein_coding
smansoni_prjna597909_primary	condition	condition__adult_pzq_vs_adult_control	adult_pzq	adult_control	Smp_204040	156.301148799248	1.51274920065074	0.19061029454251	7.93634574817451	2.08225045460354e-15	2.07610034777559e-14	Smp_204040	protein_coding
smansoni_prjna597909_primary	condition	condition__adult_pzq_vs_adult_control	adult_pzq	adult_control	Smp_347220	128.503358690455	-1.06295659032705	0.134193451240163	-7.92107647954217	2.3546304711104e-15	2.33291060932238e-14	Smp_347220	protein_coding
smansoni_prjna597909_primary	condition	condition__adult_pzq_vs_adult_control	adult_pzq	adult_control	Smp_312730	163.017689278422	-1.09612518241237	0.138531110112765	-7.91248392884546	2.52303449517105e-15	2.48932380463014e-14	Smp_312730	protein_coding
smansoni_prjna597909_primary	condition	condition__adult_pzq_vs_adult_control	adult_pzq	adult_control	Smp_156400	42.8761692105684	2.13620666298178	0.27060701786047	7.89412883624196	2.92350048882482e-15	2.86648616393902e-14	Smp_156400	protein_coding
smansoni_prjna597909_primary	condition	condition__adult_pzq_vs_adult_control	adult_pzq	adult_control	Smp_329570	49.8149775664423	1.41274903481594	0.180015371714478	7.84793554773032	4.22941457853155e-15	4.08756918162374e-14	Smp_329570	protein_coding
smansoni_prjna597909_primary	condition	condition__adult_pzq_vs_adult_control	adult_pzq	adult_control	Smp_337740	68.7289808034302	-1.71404977258662	0.219822234336977	-7.797435858827	6.31777308927741e-15	6.01365470693354e-14	Smp_337740	protein_coding
smansoni_prjna597909_primary	condition	condition__adult_pzq_vs_adult_control	adult_pzq	adult_control	Smp_129610	645.599926654527	-1.00105078171887	0.129418253504462	-7.73500456552178	1.03399393558108e-14	9.63837345080112e-14	Smp_129610	protein_coding
smansoni_prjna597909_primary	condition	condition__adult_pzq_vs_adult_control	adult_pzq	adult_control	Smp_148670	487.218624269449	-1.03101710555875	0.133326755924847	-7.73300976542105	1.0503323676503e-14	9.77139915258921e-14	Smp_148670	protein_coding
smansoni_prjna597909_primary	condition	condition__adult_pzq_vs_adult_control	adult_pzq	adult_control	Smp_341340	52.6958888317117	-1.61875701671981	0.209495243728548	-7.72693922739987	1.10163204897847e-14	1.02385704296407e-13	Smp_341340	protein_coding
smansoni_prjna597909_primary	condition	condition__adult_pzq_vs_adult_control	adult_pzq	adult_control	Smp_030000	8570.52641193626	1.34146041248974	0.174035752760036	7.70795880280632	1.27846001263315e-14	1.18238787078361e-13	Smp_030000	protein_coding
smansoni_prjna597909_primary	condition	condition__adult_pzq_vs_adult_control	adult_pzq	adult_control	Smp_063190	30.0283157132352	2.00000045281485	0.259656486307829	7.70248600854823	1.33444233405326e-14	1.23055111624112e-13	Smp_063190	protein_coding
smansoni_prjna597909_primary	condition	condition__adult_pzq_vs_adult_control	adult_pzq	adult_control	Smp_302350	215.445539911283	8.03717366294422	1.04613695757097	7.68271649785299	1.55750014955591e-14	1.42788471518937e-13	Smp_302350	protein_coding
smansoni_prjna597909_primary	condition	condition__adult_pzq_vs_adult_control	adult_pzq	adult_control	Smp_336990	217.583900985841	2.82406425162872	0.368256066577913	7.66875146924763	1.73678586032441e-14	1.58609661369916e-13	Smp_336990	protein_coding
smansoni_prjna597909_primary	condition	condition__adult_pzq_vs_adult_control	adult_pzq	adult_control	Smp_134160	221.974408736775	1.00324612994851	0.131087853401488	7.65323486437627	1.95985487444891e-14	1.78120656473953e-13	Smp_134160	protein_coding
smansoni_prjna597909_primary	condition	condition__adult_pzq_vs_adult_control	adult_pzq	adult_control	Smp_323640	231.910221216555	1.49980927069441	0.196545519551026	7.63084945472412	2.33211889539341e-14	2.10536655198267e-13	Smp_323640	protein_coding
smansoni_prjna597909_primary	condition	condition__adult_pzq_vs_adult_control	adult_pzq	adult_control	Smp_245160	57.3766651534592	-1.34372049207204	0.17664256820255	-7.60700269332155	2.80525468417303e-14	2.52045661434921e-13	Smp_245160	protein_coding
smansoni_prjna597909_primary	condition	condition__adult_pzq_vs_adult_control	adult_pzq	adult_control	Smp_335730	182.095836713415	-1.06540698822476	0.140609178345851	-7.57707996560669	3.53418966746821e-14	3.14549536129091e-13	Smp_335730	protein_coding
smansoni_prjna597909_primary	condition	condition__adult_pzq_vs_adult_control	adult_pzq	adult_control	Smp_332440	59.3816243759158	-2.57118104091979	0.33970529042095	-7.56885781123302	3.76519990848096e-14	3.34794633442729e-13	Smp_332440	protein_coding
smansoni_prjna597909_primary	condition	condition__adult_pzq_vs_adult_control	adult_pzq	adult_control	Smp_341460	24.6574610745054	-2.11761458179982	0.280350551610133	-7.5534525244832	4.23869063885103e-14	3.74081269079551e-13	Smp_341460	protein_coding
smansoni_prjna597909_primary	condition	condition__adult_pzq_vs_adult_control	adult_pzq	adult_control	Smp_200600	27.5830655996235	3.4822147102584	0.462905643516165	7.52251513679545	5.37323941879856e-14	4.70693781153698e-13	Smp_200600	protein_coding
smansoni_prjna597909_primary	condition	condition__adult_pzq_vs_adult_control	adult_pzq	adult_control	Smp_085540	80417.1812029845	-1.02570026311777	0.137256211069967	-7.47288778498274	7.84537478076758e-14	6.75975227236237e-13	Smp_085540	protein_coding
smansoni_prjna597909_primary	condition	condition__adult_pzq_vs_adult_control	adult_pzq	adult_control	Smp_348790	397.354274590421	-1.44207784569236	0.193476941055265	-7.45348690043868	9.09050281461077e-14	7.78997575736183e-13	Smp_348790	protein_coding
smansoni_prjna597909_primary	condition	condition__adult_pzq_vs_adult_control	adult_pzq	adult_control	Smp_245150	338.552632492176	-1.10435693141946	0.148517800864142	-7.43585566843719	1.03893227166391e-13	8.83092430914324e-13	Smp_245150	protein_coding
smansoni_prjna597909_primary	condition	condition__adult_pzq_vs_adult_control	adult_pzq	adult_control	Smp_349210	22.4549793486346	3.32270056011281	0.448359680192895	7.41079251078801	1.25546879186207e-13	1.05763734587168e-12	Smp_349210	protein_coding
smansoni_prjna597909_primary	condition	condition__adult_pzq_vs_adult_control	adult_pzq	adult_control	Smp_346410	1155.57483094282	-1.0594304074677	0.143029287678309	-7.40708721035157	1.2910356801749e-13	1.08663127773937e-12	Smp_346410	protein_coding
smansoni_prjna597909_primary	condition	condition__adult_pzq_vs_adult_control	adult_pzq	adult_control	Smp_319640	30.40960664388	1.99458966812872	0.271582067036444	7.34433495515396	2.06784680524295e-13	1.70999895040738e-12	Smp_319640	protein_coding
smansoni_prjna597909_primary	condition	condition__adult_pzq_vs_adult_control	adult_pzq	adult_control	Smp_319780	19.441086949522	2.5335038231484	0.346663222296435	7.30825671776045	2.70630381542854e-13	2.21663636598185e-12	Smp_319780	protein_coding
smansoni_prjna597909_primary	condition	condition__adult_pzq_vs_adult_control	adult_pzq	adult_control	Smp_201950	70.7308952854894	1.62512974233643	0.222852646589354	7.29239597199407	3.04490663564477e-13	2.48107392414779e-12	Smp_201950	protein_coding
smansoni_prjna597909_primary	condition	condition__adult_pzq_vs_adult_control	adult_pzq	adult_control	Smp_149820	308.455986384054	-1.09501857769861	0.150311908468083	-7.28497554757029	3.21728651551586e-13	2.61927580918655e-12	Smp_149820	protein_coding
smansoni_prjna597909_primary	condition	condition__adult_pzq_vs_adult_control	adult_pzq	adult_control	Smp_306840	97.4153038641756	-1.23470782802969	0.169905005864137	-7.26704797042303	3.67428355070625e-13	2.96578378490824e-12	Smp_306840	protein_coding
smansoni_prjna597909_primary	condition	condition__adult_pzq_vs_adult_control	adult_pzq	adult_control	Smp_244860	111.629804652043	-1.15708905603483	0.159482193502842	-7.25528681679567	4.008115936702e-13	3.22148910150572e-12	Smp_244860	protein_coding
smansoni_prjna597909_primary	condition	condition__adult_pzq_vs_adult_control	adult_pzq	adult_control	Smp_343690	72.798793378443	-1.70695764148233	0.236042446492033	-7.2315707062456	4.77439404683388e-13	3.81789953728205e-12	Smp_343690	protein_coding
smansoni_prjna597909_primary	condition	condition__adult_pzq_vs_adult_control	adult_pzq	adult_control	Smp_310740	31.1183776856608	2.00947618964451	0.278456310637316	7.21648643927418	5.33479804722633e-13	4.23379606569129e-12	Smp_310740	protein_coding
smansoni_prjna597909_primary	condition	condition__adult_pzq_vs_adult_control	adult_pzq	adult_control	Smp_154290	8.29303167155033	-4.61888501786725	0.646125533245712	-7.14858766633938	8.76752508997556e-13	6.82062939509868e-12	Smp_154290	protein_coding
smansoni_prjna597909_primary	condition	condition__adult_pzq_vs_adult_control	adult_pzq	adult_control	Smp_340740	154.212355339116	1.13814078985112	0.159496124720125	7.13585230894018	9.61892487249272e-13	7.45230146678699e-12	Smp_340740	protein_coding
smansoni_prjna597909_primary	condition	condition__adult_pzq_vs_adult_control	adult_pzq	adult_control	Smp_000180	208.270297809809	-1.65746732438673	0.233228406102293	-7.10662715612684	1.18913102234368e-12	9.17523789648361e-12	Smp_000180	protein_coding
smansoni_prjna597909_primary	condition	condition__adult_pzq_vs_adult_control	adult_pzq	adult_control	Smp_176570	209.974002851033	-1.04981025308424	0.147916874774824	-7.09729876785447	1.27218845295162e-12	9.79212154503153e-12	Smp_176570	protein_coding
smansoni_prjna597909_primary	condition	condition__adult_pzq_vs_adult_control	adult_pzq	adult_control	Smp_243770	246.953089070415	-1.04886591301847	0.148020918810653	-7.08593029583996	1.3811331907532e-12	1.06112861806662e-11	Smp_243770	protein_coding
smansoni_prjna597909_primary	condition	condition__adult_pzq_vs_adult_control	adult_pzq	adult_control	Smp_149750	187.921901674692	1.24905766588828	0.176546291276548	7.07495839678511	1.49493603314503e-12	1.14321483699732e-11	Smp_149750	protein_coding
smansoni_prjna597909_primary	condition	condition__adult_pzq_vs_adult_control	adult_pzq	adult_control	Smp_045680	33.4414740882329	-1.56397828016649	0.221493156022426	-7.06106819845999	1.65227472312419e-12	1.26047624559885e-11	Smp_045680	protein_coding
smansoni_prjna597909_primary	condition	condition__adult_pzq_vs_adult_control	adult_pzq	adult_control	Smp_092150	71.0554419628879	1.71278239104362	0.242914200142607	7.05097680595907	1.77666111999045e-12	1.35209347070449e-11	Smp_092150	protein_coding
smansoni_prjna597909_primary	condition	condition__adult_pzq_vs_adult_control	adult_pzq	adult_control	Smp_320360	20.5498163903325	-2.94682391265241	0.421091866562467	-6.99805469221824	2.59540782729342e-12	1.94080654933366e-11	Smp_320360	protein_coding
smansoni_prjna597909_primary	condition	condition__adult_pzq_vs_adult_control	adult_pzq	adult_control	Smp_349610	140.67143035561	1.45220777223983	0.20762129963163	6.99450285118337	2.66201169913851e-12	1.9890383067397e-11	Smp_349610	protein_coding
smansoni_prjna597909_primary	condition	condition__adult_pzq_vs_adult_control	adult_pzq	adult_control	Smp_333340	219.432689963599	-1.20226802857961	0.172936155921356	-6.95209178308758	3.59909104531298e-12	2.65355761000767e-11	Smp_333340	protein_coding
smansoni_prjna597909_primary	condition	condition__adult_pzq_vs_adult_control	adult_pzq	adult_control	Smp_340840	1472.90611218883	-2.36207680554074	0.341771515135152	-6.91127464091519	4.80318111877681e-12	3.49228214882142e-11	Smp_340840	protein_coding
smansoni_prjna597909_primary	condition	condition__adult_pzq_vs_adult_control	adult_pzq	adult_control	Smp_138070	11.0088517696844	4.22681956644092	0.613710465410229	6.88731870266469	5.68537578451515e-12	4.1115663286333e-11	Smp_138070	protein_coding
smansoni_prjna597909_primary	condition	condition__adult_pzq_vs_adult_control	adult_pzq	adult_control	Smp_350310	137.221659813048	1.53435843701493	0.222789035158286	6.88704646494296	5.69626211935094e-12	4.11628972110895e-11	Smp_350310	protein_coding
smansoni_prjna597909_primary	condition	condition__adult_pzq_vs_adult_control	adult_pzq	adult_control	Smp_347370	42.5683594591671	-1.94308725250737	0.282216472961253	-6.88509509072542	5.77489465871875e-12	4.16992393538653e-11	Smp_347370	protein_coding
smansoni_prjna597909_primary	condition	condition__adult_pzq_vs_adult_control	adult_pzq	adult_control	Smp_018440	255.966874281321	-1.07260324535227	0.156413294157048	-6.85749412243256	7.00789071397343e-12	5.01048283120097e-11	Smp_018440	protein_coding
smansoni_prjna597909_primary	condition	condition__adult_pzq_vs_adult_control	adult_pzq	adult_control	Smp_343420	24.5210946501723	-1.97346424689854	0.288970748464826	-6.82928724579456	8.53375518952932e-12	6.05109182681404e-11	Smp_343420	protein_coding
smansoni_prjna597909_primary	condition	condition__adult_pzq_vs_adult_control	adult_pzq	adult_control	Smp_332640	1277.31639857284	-4.03382759412817	0.598742801736796	-6.73716257202106	1.61509442559948e-11	1.10702483761902e-10	Smp_332640	protein_coding
smansoni_prjna597909_primary	condition	condition__adult_pzq_vs_adult_control	adult_pzq	adult_control	Smp_324420	31.6558126279489	1.68349672090356	0.25043155202142	6.72238265232476	1.7877670629561e-11	1.21919006342432e-10	Smp_324420	protein_coding
smansoni_prjna597909_primary	condition	condition__adult_pzq_vs_adult_control	adult_pzq	adult_control	Smp_334990	9.17293474911011	4.7159495396224	0.705613478339965	6.68347428781718	2.33342816415017e-11	1.56755955988255e-10	Smp_334990	protein_coding
smansoni_prjna597909_primary	condition	condition__adult_pzq_vs_adult_control	adult_pzq	adult_control	Smp_349240	28.2013515497646	3.41727784565388	0.513131037638316	6.65965921956677	2.74463225376940e-11	1.83078786609939e-10	Smp_349240	protein_coding
smansoni_prjna597909_primary	condition	condition__adult_pzq_vs_adult_control	adult_pzq	adult_control	Smp_135560	42129.6781202319	-1.03146698480087	0.155108630236762	-6.64996514524311	2.93162435386875e-11	1.95001501708427e-10	Smp_135560	protein_coding
smansoni_prjna597909_primary	condition	condition__adult_pzq_vs_adult_control	adult_pzq	adult_control	Smp_321790	16.7502151451033	2.20166045856919	0.332083107108961	6.62984780447383	3.36033161504532e-11	2.21336964636992e-10	Smp_321790	protein_coding
smansoni_prjna597909_primary	condition	condition__adult_pzq_vs_adult_control	adult_pzq	adult_control	Smp_120070	12.2744235325196	2.33123926880374	0.352049699399125	6.62190387545475	3.54601632794284e-11	2.32918320581763e-10	Smp_120070	protein_coding
smansoni_prjna597909_primary	condition	condition__adult_pzq_vs_adult_control	adult_pzq	adult_control	Smp_344070	28.366520852595	1.79948701963657	0.273306273031703	6.58414093344953	4.57522986923818e-11	2.97012862115654e-10	Smp_344070	protein_coding
smansoni_prjna597909_primary	condition	condition__adult_pzq_vs_adult_control	adult_pzq	adult_control	Smp_335050	1419.27166905301	-2.30827017369355	0.352726304814865	-6.54408288291708	5.98615930652537e-11	3.84383001122811e-10	Smp_335050	protein_coding
smansoni_prjna597909_primary	condition	condition__adult_pzq_vs_adult_control	adult_pzq	adult_control	Smp_246770	525.571408010707	-2.4428360514988	0.373944048249344	-6.53262450073794	6.46270331994924e-11	4.13578007990252e-10	Smp_246770	protein_coding
smansoni_prjna597909_primary	condition	condition__adult_pzq_vs_adult_control	adult_pzq	adult_control	Smp_334920	78.3288459405845	-2.36717210154085	0.365029482225203	-6.48487921334648	8.88028988363388e-11	5.5845974703997e-10	Smp_334920	protein_coding
smansoni_prjna597909_primary	condition	condition__adult_pzq_vs_adult_control	adult_pzq	adult_control	Smp_334120	54.4167022218332	1.79473526644222	0.279808929995088	6.414145776097	1.41614651775537e-10	8.66931145454906e-10	Smp_334120	protein_coding
smansoni_prjna597909_primary	condition	condition__adult_pzq_vs_adult_control	adult_pzq	adult_control	Smp_312610	220.502230473038	-1.27724130340353	0.201169685398475	-6.34907441881005	2.16614234741679e-10	1.29339086972732e-09	Smp_312610	protein_coding
smansoni_prjna597909_primary	condition	condition__adult_pzq_vs_adult_control	adult_pzq	adult_control	Smp_318480	18.069498319209	2.8499748761936	0.450037894283378	6.3327442253097	2.40838633301786e-10	1.42721427082664e-09	Smp_318480	protein_coding
smansoni_prjna597909_primary	condition	condition__adult_pzq_vs_adult_control	adult_pzq	adult_control	Smp_307900	788.380605286796	-2.18524402363952	0.34644309684524	-6.30765641901559	2.83292221542087e-10	1.66833525110019e-09	Smp_307900	protein_coding
smansoni_prjna597909_primary	condition	condition__adult_pzq_vs_adult_control	adult_pzq	adult_control	Smp_035250	47.8667752209611	-1.2187836545857	0.193988125963823	-6.28277451792586	3.32583272054811e-10	1.94890086017487e-09	Smp_035250	protein_coding
smansoni_prjna597909_primary	condition	condition__adult_pzq_vs_adult_control	adult_pzq	adult_control	Smp_166300	605.958931865363	-1.03086847738057	0.164544295583279	-6.26499067455565	3.72847720089111e-10	2.17674901190999e-09	Smp_166300	protein_coding
smansoni_prjna597909_primary	condition	condition__adult_pzq_vs_adult_control	adult_pzq	adult_control	Smp_302980	4958.22263930052	-2.60534557068513	0.417136625321919	-6.24578474420581	4.21677572121899e-10	2.44671357378526e-09	Smp_302980	protein_coding
smansoni_prjna597909_primary	condition	condition__adult_pzq_vs_adult_control	adult_pzq	adult_control	Smp_060220	35.5596050797091	-1.4426151587587	0.232015632639955	-6.21774982290686	5.043348054401e-10	2.89961835828457e-09	Smp_060220	protein_coding
smansoni_prjna597909_primary	condition	condition__adult_pzq_vs_adult_control	adult_pzq	adult_control	Smp_330130	15.9367043543418	1.95029672818788	0.313708846998975	6.21690062886323	5.07070653789125e-10	2.91357557423392e-09	Smp_330130	protein_coding
smansoni_prjna597909_primary	condition	condition__adult_pzq_vs_adult_control	adult_pzq	adult_control	Smp_331130	16.5373841976956	3.34415913700293	0.538218399170977	6.21338687446205	5.18545679657974e-10	2.97769973519269e-09	Smp_331130	protein_coding
smansoni_prjna597909_primary	condition	condition__adult_pzq_vs_adult_control	adult_pzq	adult_control	Smp_349650	136.795030534304	-1.73697231415138	0.279817566114538	-6.20751705573904	5.38282685944773e-10	3.08728637594053e-09	Smp_349650	protein_coding
smansoni_prjna597909_primary	condition	condition__adult_pzq_vs_adult_control	adult_pzq	adult_control	Smp_342940	117.719467493189	1.07748558858054	0.174616403875741	6.17058629467193	6.80372294406776e-10	3.84621945378759e-09	Smp_342940	protein_coding
smansoni_prjna597909_primary	condition	condition__adult_pzq_vs_adult_control	adult_pzq	adult_control	Smp_148820	177.44665553106	-1.13944980955762	0.185485345779291	-6.1430718678631	8.09406385333809e-10	4.54305769250307e-09	Smp_148820	protein_coding
smansoni_prjna597909_primary	condition	condition__adult_pzq_vs_adult_control	adult_pzq	adult_control	Smp_322640	6.11975741823825	-3.46959206552169	0.56534566983683	-6.13711619392624	8.40329246015095e-10	4.70265958160727e-09	Smp_322640	protein_coding
smansoni_prjna597909_primary	condition	condition__adult_pzq_vs_adult_control	adult_pzq	adult_control	Smp_323440	23.7039211572137	1.81095883619279	0.296245146515723	6.11304136959649	9.77500173458245e-10	5.42851447680807e-09	Smp_323440	protein_coding
smansoni_prjna597909_primary	condition	condition__adult_pzq_vs_adult_control	adult_pzq	adult_control	Smp_348850	950.443046136573	-1.20312925446236	0.19722785721877	-6.10019939083868	1.05936234546822e-09	5.86590093108707e-09	Smp_348850	protein_coding
smansoni_prjna597909_primary	condition	condition__adult_pzq_vs_adult_control	adult_pzq	adult_control	Smp_031390	15.6838524375151	2.63717700403321	0.432606966700179	6.09601140765012	1.08747656490647e-09	6.00749765721563e-09	Smp_031390	protein_coding
smansoni_prjna597909_primary	condition	condition__adult_pzq_vs_adult_control	adult_pzq	adult_control	Smp_319770	21.8932163339704	2.30278775115338	0.378629194021387	6.08190754309164	1.18761049218074e-09	6.52254176182006e-09	Smp_319770	protein_coding
smansoni_prjna597909_primary	condition	condition__adult_pzq_vs_adult_control	adult_pzq	adult_control	Smp_160360	3563.07225468483	-1.37453703692678	0.227756334884459	-6.03512098850767	1.58843629967402e-09	8.62867810604529e-09	Smp_160360	protein_coding
smansoni_prjna597909_primary	condition	condition__adult_pzq_vs_adult_control	adult_pzq	adult_control	Smp_161060	33.7019743102302	-1.37369193791489	0.230342306268878	-5.96369794227631	2.46592403769893e-09	1.31683129967968e-08	Smp_161060	protein_coding
smansoni_prjna597909_primary	condition	condition__adult_pzq_vs_adult_control	adult_pzq	adult_control	Smp_350490	36.522207446724	1.6141188865031	0.271590551943061	5.94320706281968	2.79499009628798e-09	1.4833378096639e-08	Smp_350490	protein_coding
smansoni_prjna597909_primary	condition	condition__adult_pzq_vs_adult_control	adult_pzq	adult_control	Smp_347560	40.0255944064639	-1.10569838572623	0.186660934620157	-5.92356610651425	3.15034002718844e-09	1.66259150960274e-08	Smp_347560	protein_coding
smansoni_prjna597909_primary	condition	condition__adult_pzq_vs_adult_control	adult_pzq	adult_control	Smp_304450	1127.57229055107	-1.2573130440287	0.214420283731086	-5.86377847352142	4.52451029509651e-09	2.35105394773239e-08	Smp_304450	protein_coding
smansoni_prjna597909_primary	condition	condition__adult_pzq_vs_adult_control	adult_pzq	adult_control	Smp_180660	109.739685192704	-1.09508644273028	0.18724633526683	-5.84837316666177	4.96403930780918e-09	2.56393986543237e-08	Smp_180660	protein_coding
smansoni_prjna597909_primary	condition	condition__adult_pzq_vs_adult_control	adult_pzq	adult_control	Smp_349050	14.1065923377055	3.26057621235316	0.562466208167345	5.79692817987579	6.75405979626211e-09	3.43776915424176e-08	Smp_349050	protein_coding
smansoni_prjna597909_primary	condition	condition__adult_pzq_vs_adult_control	adult_pzq	adult_control	Smp_345820	9.55509065393194	2.95486118960691	0.510190246868232	5.79168497976024	6.968375343086e-09	3.5373299539661e-08	Smp_345820	protein_coding
smansoni_prjna597909_primary	condition	condition__adult_pzq_vs_adult_control	adult_pzq	adult_control	Smp_312440	23653.5372696893	-1.01895819059336	0.176297853287422	-5.77975381771743	7.48100119711691e-09	3.77524950961821e-08	Smp_312440	protein_coding
smansoni_prjna597909_primary	condition	condition__adult_pzq_vs_adult_control	adult_pzq	adult_control	Smp_130450	31.4415643065533	-1.22683782410788	0.212613370649644	-5.77027597257524	7.91418149415223e-09	3.970533093563e-08	Smp_130450	protein_coding
smansoni_prjna597909_primary	condition	condition__adult_pzq_vs_adult_control	adult_pzq	adult_control	Smp_069720	57.587253560008	-1.21707406258007	0.211367042769092	-5.7581070664345	8.50623996383493e-09	4.25177049910987e-08	Smp_069720	protein_coding
smansoni_prjna597909_primary	condition	condition__adult_pzq_vs_adult_control	adult_pzq	adult_control	Smp_336120	66.8881677922745	1.15014410840519	0.199843681496883	5.75521877794834	8.65296579674435e-09	4.3205405552471e-08	Smp_336120	protein_coding
smansoni_prjna597909_primary	condition	condition__adult_pzq_vs_adult_control	adult_pzq	adult_control	Smp_132800	14.8522990295092	-2.35331337272645	0.410847760699343	-5.72794499042821	1.01654516135798e-08	5.00436711726856e-08	Smp_132800	protein_coding
smansoni_prjna597909_primary	condition	condition__adult_pzq_vs_adult_control	adult_pzq	adult_control	Smp_133400	7.14536399525395	2.94284595975179	0.514571757101941	5.71901959082606	1.07140442910115e-08	5.26346916001251e-08	Smp_133400	protein_coding
smansoni_prjna597909_primary	condition	condition__adult_pzq_vs_adult_control	adult_pzq	adult_control	Smp_348540	78.2551870380712	-1.53208444748801	0.268399293314085	-5.70822832120926	1.14158215861304e-08	5.59369339720604e-08	Smp_348540	protein_coding
smansoni_prjna597909_primary	condition	condition__adult_pzq_vs_adult_control	adult_pzq	adult_control	Smp_160210	107.487885180163	-1.06345935142654	0.186761577758324	-5.6942084351134	1.23945593457005e-08	6.04506578614868e-08	Smp_160210	protein_coding
smansoni_prjna597909_primary	condition	condition__adult_pzq_vs_adult_control	adult_pzq	adult_control	Smp_334320	13.3646792469773	2.46078723070887	0.432203065182967	5.69359041835376	1.24395290911682e-08	6.06386946723679e-08	Smp_334320	protein_coding
smansoni_prjna597909_primary	condition	condition__adult_pzq_vs_adult_control	adult_pzq	adult_control	Smp_018800	29.449773134372	-1.69948798951684	0.299374179850312	-5.67680215563877	1.3723604049487e-08	6.66232693763487e-08	Smp_018800	protein_coding
smansoni_prjna597909_primary	condition	condition__adult_pzq_vs_adult_control	adult_pzq	adult_control	Smp_350220	9.47724045713077	5.04435338646311	0.889872606478814	5.66862419377464	1.4394871032509e-08	6.97387601226422e-08	Smp_350220	protein_coding
smansoni_prjna597909_primary	condition	condition__adult_pzq_vs_adult_control	adult_pzq	adult_control	Smp_124060	234.272368954668	-1.26551729384881	0.225336100620096	-5.6161320372824	1.95279459543079e-08	9.28928762758521e-08	Smp_124060	protein_coding
smansoni_prjna597909_primary	condition	condition__adult_pzq_vs_adult_control	adult_pzq	adult_control	Smp_043270	10.8509903171893	2.44793966974462	0.438706991030235	5.57989665037254	2.40661536807203e-08	1.13396452936275e-07	Smp_043270	protein_coding
smansoni_prjna597909_primary	condition	condition__adult_pzq_vs_adult_control	adult_pzq	adult_control	Smp_157050	109.036050258494	-1.14773086983791	0.206027751700957	-5.57075860102481	2.53632546521794e-08	1.19033506937636e-07	Smp_157050	protein_coding
smansoni_prjna597909_primary	condition	condition__adult_pzq_vs_adult_control	adult_pzq	adult_control	Smp_245980	46.1611838333629	1.1890685781052	0.214143186096621	5.55267996044801	2.81322852094169e-08	1.31117534417854e-07	Smp_245980	protein_coding
smansoni_prjna597909_primary	condition	condition__adult_pzq_vs_adult_control	adult_pzq	adult_control	Smp_313110	17.427769491904	-1.58013308600716	0.284840678906155	-5.54742774829489	2.89902895831001e-08	1.3478416976855e-07	Smp_313110	protein_coding
smansoni_prjna597909_primary	condition	condition__adult_pzq_vs_adult_control	adult_pzq	adult_control	Smp_179200	11.1734136820932	-2.11584456179184	0.38167304876277	-5.54360484359729	2.96307117747512e-08	1.37423693667786e-07	Smp_179200	protein_coding
smansoni_prjna597909_primary	condition	condition__adult_pzq_vs_adult_control	adult_pzq	adult_control	Smp_333850	29.6787019999656	1.26635625636352	0.228755782068744	5.53584370594387	3.09733682884861e-08	1.43229098367305e-07	Smp_333850	protein_coding
smansoni_prjna597909_primary	condition	condition__adult_pzq_vs_adult_control	adult_pzq	adult_control	Smp_241480	44.5589624765359	1.36557076579722	0.246688121644693	5.53561621326891	3.10136011541849e-08	1.43345016190394e-07	Smp_241480	protein_coding
smansoni_prjna597909_primary	condition	condition__adult_pzq_vs_adult_control	adult_pzq	adult_control	Smp_201810	904.416908500567	1.20569514741796	0.218407807611226	5.52038482783608	3.38258041685699e-08	1.55885666017222e-07	Smp_201810	protein_coding
smansoni_prjna597909_primary	condition	condition__adult_pzq_vs_adult_control	adult_pzq	adult_control	Smp_320890	34.9939143950621	1.25498015997606	0.232177281728274	5.40526683159642	6.47119835701784e-08	2.89212006099486e-07	Smp_320890	protein_coding
smansoni_prjna597909_primary	condition	condition__adult_pzq_vs_adult_control	adult_pzq	adult_control	Smp_125560	41.9673532853212	1.33922886556971	0.247786947488647	5.40475952887335	6.48953971644954e-08	2.89604252166111e-07	Smp_125560	protein_coding
smansoni_prjna597909_primary	condition	condition__adult_pzq_vs_adult_control	adult_pzq	adult_control	Smp_319540	206.7209429603	-1.09304404762699	0.202240375892936	-5.40467769010497	6.49250328332616e-08	2.89604252166111e-07	Smp_319540	protein_coding
smansoni_prjna597909_primary	condition	condition__adult_pzq_vs_adult_control	adult_pzq	adult_control	Smp_149720	318.464378989444	-1.1356807651097	0.210896623161584	-5.3850116141479	7.2439970728024e-08	3.22364690829229e-07	Smp_149720	protein_coding
smansoni_prjna597909_primary	condition	condition__adult_pzq_vs_adult_control	adult_pzq	adult_control	Smp_013540	1031.20652644202	-1.75229277211548	0.33014779344573	-5.30760104081544	1.11077434327512e-07	4.80285411374038e-07	Smp_013540	protein_coding
smansoni_prjna597909_primary	condition	condition__adult_pzq_vs_adult_control	adult_pzq	adult_control	Smp_349200	10.1223097513304	3.60274129385372	0.683508323787049	5.27095452750649	1.35716093419931e-07	5.80973059332059e-07	Smp_349200	protein_coding
smansoni_prjna597909_primary	condition	condition__adult_pzq_vs_adult_control	adult_pzq	adult_control	Smp_345990	41.1246513503009	-1.43845866002202	0.273179852762063	-5.26561034965818	1.39724359836958e-07	5.96780230085372e-07	Smp_345990	protein_coding
smansoni_prjna597909_primary	condition	condition__adult_pzq_vs_adult_control	adult_pzq	adult_control	Smp_051290	60.054516907733	-1.04505563227259	0.199153078765139	-5.24749925410402	1.54177673677098e-07	6.53785272138145e-07	Smp_051290	protein_coding
smansoni_prjna597909_primary	condition	condition__adult_pzq_vs_adult_control	adult_pzq	adult_control	Smp_312650	5.7677669981313	-3.05954476503519	0.584149365067069	-5.23760693411677	1.62672050676982e-07	6.87235622420084e-07	Smp_312650	protein_coding
smansoni_prjna597909_primary	condition	condition__adult_pzq_vs_adult_control	adult_pzq	adult_control	Smp_348820	361.949229492526	-1.06948189831346	0.204811695226353	-5.22178138866285	1.77210096731716e-07	7.45765732105154e-07	Smp_348820	protein_coding
smansoni_prjna597909_primary	condition	condition__adult_pzq_vs_adult_control	adult_pzq	adult_control	Smp_326580	1049.43233822661	-2.36989402260473	0.454179354129786	-5.21796951150605	1.80895231137815e-07	7.59920766539835e-07	Smp_326580	protein_coding
smansoni_prjna597909_primary	condition	condition__adult_pzq_vs_adult_control	adult_pzq	adult_control	Smp_013210	23.883049742293	1.55002905309373	0.298129821786931	5.19917478836287	2.00175225084955e-07	8.37193021019026e-07	Smp_013210	protein_coding
smansoni_prjna597909_primary	condition	condition__adult_pzq_vs_adult_control	adult_pzq	adult_control	Smp_136480	396.717252901896	-1.00970579216636	0.194292406019645	-5.1968361134211	2.02708921590793e-07	8.47040109140663e-07	Smp_136480	protein_coding
smansoni_prjna597909_primary	condition	condition__adult_pzq_vs_adult_control	adult_pzq	adult_control	Smp_315720	45.326389043969	-1.08103593184417	0.208035557215911	-5.19639981891275	2.03185016756213e-07	8.48654343075441e-07	Smp_315720	protein_coding
smansoni_prjna597909_primary	condition	condition__adult_pzq_vs_adult_control	adult_pzq	adult_control	Smp_331890	51.5831203941548	1.22198781753254	0.235502101208631	5.18886163334053	2.11583534751676e-07	8.82562917243089e-07	Smp_331890	protein_coding
smansoni_prjna597909_primary	condition	condition__adult_pzq_vs_adult_control	adult_pzq	adult_control	Smp_336210	190.071723290953	1.41846638874278	0.275456955094383	5.14950289876235	2.61177737838811e-07	1.07472876711033e-06	Smp_336210	protein_coding
smansoni_prjna597909_primary	condition	condition__adult_pzq_vs_adult_control	adult_pzq	adult_control	Smp_350160	7.13987625182715	5.11899352054995	0.99883152347848	5.12498194162195	2.97566265152612e-07	1.21810148905262e-06	Smp_350160	protein_coding
smansoni_prjna597909_primary	condition	condition__adult_pzq_vs_adult_control	adult_pzq	adult_control	Smp_154390	27.366898345191	-1.20196159777513	0.235462690540211	-5.10467962044233	3.31355408733948e-07	1.34477085588376e-06	Smp_154390	protein_coding
smansoni_prjna597909_primary	condition	condition__adult_pzq_vs_adult_control	adult_pzq	adult_control	Smp_134500	41.8098974697903	-1.11242962227558	0.21795138408362	-5.10402641833547	3.32501825342528e-07	1.34884431465132e-06	Smp_134500	protein_coding
smansoni_prjna597909_primary	condition	condition__adult_pzq_vs_adult_control	adult_pzq	adult_control	Smp_050270	2919.95640890516	-2.00225523251926	0.392640731672758	-5.09945879529387	3.40626007748066e-07	1.38002444287815e-06	Smp_050270	protein_coding
smansoni_prjna597909_primary	condition	condition__adult_pzq_vs_adult_control	adult_pzq	adult_control	Smp_155860	31.6420448317478	1.06186635958384	0.208873982907208	5.08376555473437	3.70024628659174e-07	1.49082386619203e-06	Smp_155860	protein_coding
smansoni_prjna597909_primary	condition	condition__adult_pzq_vs_adult_control	adult_pzq	adult_control	Smp_349190	6.10873481059444	4.20274508610803	0.827189487051011	5.08075253844329	3.75942588429023e-07	1.51273279941725e-06	Smp_349190	protein_coding
smansoni_prjna597909_primary	condition	condition__adult_pzq_vs_adult_control	adult_pzq	adult_control	Smp_324410	18.2497740749453	1.50337719639304	0.295968703550018	5.07951407821392	3.7840148434124e-07	1.52197907659294e-06	Smp_324410	protein_coding
smansoni_prjna597909_primary	condition	condition__adult_pzq_vs_adult_control	adult_pzq	adult_control	Smp_124340	46.4363549944903	1.41594768788628	0.279941837682516	5.05800669027584	4.23661575078052e-07	1.69536376275942e-06	Smp_124340	protein_coding
smansoni_prjna597909_primary	condition	condition__adult_pzq_vs_adult_control	adult_pzq	adult_control	Smp_164400	268.884265126107	-1.72425948663605	0.341800187566094	-5.04464172156905	4.54371950230142e-07	1.80982877099675e-06	Smp_164400	protein_coding
smansoni_prjna597909_primary	condition	condition__adult_pzq_vs_adult_control	adult_pzq	adult_control	Smp_343780	28.1621127467535	1.25578307768391	0.25047884130678	5.0135295705311	5.34405500869783e-07	2.10203944828181e-06	Smp_343780	protein_coding
smansoni_prjna597909_primary	condition	condition__adult_pzq_vs_adult_control	adult_pzq	adult_control	Smp_165360	1621.82775456547	-2.67332652581988	0.534813183990964	-4.99861747212471	5.77428246036152e-07	2.25904461156196e-06	Smp_165360	protein_coding
smansoni_prjna597909_primary	condition	condition__adult_pzq_vs_adult_control	adult_pzq	adult_control	Smp_034680	18.4405092179481	-1.58181279056355	0.316545948806443	-4.99710325318608	5.8197911023068e-07	2.27590672316938e-06	Smp_034680	protein_coding
smansoni_prjna597909_primary	condition	condition__adult_pzq_vs_adult_control	adult_pzq	adult_control	Smp_174520	34.3918475509542	-2.31305250781225	0.463398581882648	-4.99149673357873	5.99131962755177e-07	2.34104808266306e-06	Smp_174520	protein_coding
smansoni_prjna597909_primary	condition	condition__adult_pzq_vs_adult_control	adult_pzq	adult_control	Smp_318130	22.5276164113772	-1.44832838529273	0.291485503585947	-4.96878358434617	6.73742129612341e-07	2.6077848522096e-06	Smp_318130	protein_coding
smansoni_prjna597909_primary	condition	condition__adult_pzq_vs_adult_control	adult_pzq	adult_control	Smp_308700	149.27484240393	-8.0803462107308	1.65217337042988	-4.89073747062536	1.00458878689263e-06	3.79814928548365e-06	Smp_308700	protein_coding
smansoni_prjna597909_primary	condition	condition__adult_pzq_vs_adult_control	adult_pzq	adult_control	Smp_306610	13.5906916629989	1.85831071120723	0.380103884057874	4.88895480721868	1.01372762403121e-06	3.82963769078457e-06	Smp_306610	protein_coding
smansoni_prjna597909_primary	condition	condition__adult_pzq_vs_adult_control	adult_pzq	adult_control	Smp_349160	4.38981384974018	4.76980049578046	0.978816822202319	4.8730266864933	1.09901370599931e-06	4.13530157209614e-06	Smp_349160	protein_coding
smansoni_prjna597909_primary	condition	condition__adult_pzq_vs_adult_control	adult_pzq	adult_control	Smp_142150	20.8761462639771	1.4284810110735	0.29440512432098	4.85209289195685	1.22165375076215e-06	4.56767059027051e-06	Smp_142150	protein_coding
smansoni_prjna597909_primary	condition	condition__adult_pzq_vs_adult_control	adult_pzq	adult_control	Smp_323420	6.53965370361496	2.92413155657295	0.603614096408784	4.84437254525722	1.27012419048009e-06	4.73952382487873e-06	Smp_323420	protein_coding
smansoni_prjna597909_primary	condition	condition__adult_pzq_vs_adult_control	adult_pzq	adult_control	Smp_162360	9.18257132589412	2.72813044424242	0.565842373814008	4.8213611608012	1.4258194244916e-06	5.28918571440132e-06	Smp_162360	protein_coding
smansoni_prjna597909_primary	condition	condition__adult_pzq_vs_adult_control	adult_pzq	adult_control	Smp_137250	20.1542639268052	2.4947883867459	0.521818497144126	4.78095046534321	1.74468351523638e-06	6.40417420816088e-06	Smp_137250	protein_coding
smansoni_prjna597909_primary	condition	condition__adult_pzq_vs_adult_control	adult_pzq	adult_control	Smp_322230	81.0606589059142	-1.08018140020244	0.228061252053114	-4.73636529869997	2.17585243782779e-06	7.87372023060808e-06	Smp_322230	protein_coding
smansoni_prjna597909_primary	condition	condition__adult_pzq_vs_adult_control	adult_pzq	adult_control	Smp_032990	4.55954435012696	4.93318175244078	1.0420551028988	4.73408914626259	2.2004100505211e-06	7.95649418421019e-06	Smp_032990	protein_coding
smansoni_prjna597909_primary	condition	condition__adult_pzq_vs_adult_control	adult_pzq	adult_control	Smp_344360	2048.66371515617	-1.57478031242016	0.334790656043275	-4.70377617772164	2.55393222638739e-06	9.17164415038512e-06	Smp_344360	protein_coding
smansoni_prjna597909_primary	condition	condition__adult_pzq_vs_adult_control	adult_pzq	adult_control	Smp_328520	8.79954878277838	2.71346938877759	0.577756961723448	4.69655853333781	2.64581440032757e-06	9.47640686316642e-06	Smp_328520	protein_coding
smansoni_prjna597909_primary	condition	condition__adult_pzq_vs_adult_control	adult_pzq	adult_control	Smp_151640	85.8312379523271	1.46114689648738	0.312420159108342	4.67686496498033	2.91293936053835e-06	1.03702835539768e-05	Smp_151640	protein_coding
smansoni_prjna597909_primary	condition	condition__adult_pzq_vs_adult_control	adult_pzq	adult_control	Smp_337250	14.200795168849	1.57394733484176	0.337007979584155	4.67035628291028	3.00677782598849e-06	1.06962980847735e-05	Smp_337250	protein_coding
smansoni_prjna597909_primary	condition	condition__adult_pzq_vs_adult_control	adult_pzq	adult_control	Smp_202720	21.0704329234502	1.43781956971451	0.308631751339487	4.6586897280473	3.18228425560823e-06	1.13036267508489e-05	Smp_202720	protein_coding
smansoni_prjna597909_primary	condition	condition__adult_pzq_vs_adult_control	adult_pzq	adult_control	Smp_138060	2.69067846838637	5.24634300716645	1.13527959206632	4.62119027227256	3.81544636471169e-06	1.33717460286448e-05	Smp_138060	protein_coding
smansoni_prjna597909_primary	condition	condition__adult_pzq_vs_adult_control	adult_pzq	adult_control	Smp_085180	1036.64839250864	-1.2599385335304	0.273225036595844	-4.61135827531835	4.00046360028314e-06	1.39632134231448e-05	Smp_085180	protein_coding
smansoni_prjna597909_primary	condition	condition__adult_pzq_vs_adult_control	adult_pzq	adult_control	Smp_348060	71.8941545613175	1.37817461653118	0.301764601049212	4.56705197276079	4.94631403237333e-06	1.70381050415425e-05	Smp_348060	protein_coding
smansoni_prjna597909_primary	condition	condition__adult_pzq_vs_adult_control	adult_pzq	adult_control	Smp_317730	83.5967925701379	1.04037104839128	0.228829285715161	4.54649432278654	5.45468405574228e-06	1.87272935466408e-05	Smp_317730	protein_coding
smansoni_prjna597909_primary	condition	condition__adult_pzq_vs_adult_control	adult_pzq	adult_control	Smp_335190	909.430659130411	-1.2277643442649	0.27042460958808	-4.54013540459603	5.62181132100683e-06	1.92387257806505e-05	Smp_335190	protein_coding
smansoni_prjna597909_primary	condition	condition__adult_pzq_vs_adult_control	adult_pzq	adult_control	Smp_333830	43.8543893291968	-1.46381238270751	0.325276056508104	-4.50021559662829	6.78845751034857e-06	2.30145266814256e-05	Smp_333830	protein_coding
smansoni_prjna597909_primary	condition	condition__adult_pzq_vs_adult_control	adult_pzq	adult_control	Smp_318280	13.233993880073	3.49900093682423	0.783543319588221	4.46561262070752	7.98399593827697e-06	2.68366748252468e-05	Smp_318280	protein_coding
smansoni_prjna597909_primary	condition	condition__adult_pzq_vs_adult_control	adult_pzq	adult_control	Smp_327890	9.79584555021827	-1.84117754566465	0.414992935902189	-4.43664791946869	9.13705559512695e-06	3.04427646942899e-05	Smp_327890	protein_coding
smansoni_prjna597909_primary	condition	condition__adult_pzq_vs_adult_control	adult_pzq	adult_control	Smp_343060	3.19733811645189	4.66520973091006	1.05575793619531	4.4188251596027	9.92388879810176e-06	3.28778818505636e-05	Smp_343060	protein_coding
smansoni_prjna597909_primary	condition	condition__adult_pzq_vs_adult_control	adult_pzq	adult_control	Smp_337670	2.21284656009269	4.83507082756582	1.0945538595366	4.41738959251657	9.99000701834391e-06	3.30853350866807e-05	Smp_337670	protein_coding
smansoni_prjna597909_primary	condition	condition__adult_pzq_vs_adult_control	adult_pzq	adult_control	Smp_194380	366.407673503935	1.13612885818129	0.257554721168714	4.41121348125884	1.02792908676649e-05	3.40314736536493e-05	Smp_194380	protein_coding
smansoni_prjna597909_primary	condition	condition__adult_pzq_vs_adult_control	adult_pzq	adult_control	Smp_203400	3.39910096597706	3.81236487889647	0.86767649565713	4.39376299574555	1.1140526855281e-05	3.6715571769915e-05	Smp_203400	protein_coding
smansoni_prjna597909_primary	condition	condition__adult_pzq_vs_adult_control	adult_pzq	adult_control	Smp_349320	13.5527138389023	1.76945239648617	0.402772622884143	4.39317941675284	1.11704864426536e-05	3.67886543052133e-05	Smp_349320	protein_coding
smansoni_prjna597909_primary	condition	condition__adult_pzq_vs_adult_control	adult_pzq	adult_control	Smp_309090	5682.02230572073	-2.51279331078987	0.579173983927441	-4.33858111814752	1.43405553979167e-05	4.64519978139507e-05	Smp_309090	protein_coding
smansoni_prjna597909_primary	condition	condition__adult_pzq_vs_adult_control	adult_pzq	adult_control	Smp_153370	2.52125061896648	4.83677036810427	1.11819481369315	4.32551672470157	1.52174721755602e-05	4.91241622279356e-05	Smp_153370	protein_coding
smansoni_prjna597909_primary	condition	condition__adult_pzq_vs_adult_control	adult_pzq	adult_control	Smp_137050	9.60106090252841	-1.83843053765818	0.425953926391359	-4.31603143850133	1.58859364049943e-05	5.11946371974109e-05	Smp_137050	protein_coding
smansoni_prjna597909_primary	condition	condition__adult_pzq_vs_adult_control	adult_pzq	adult_control	Smp_032970	26.1195368879588	2.54434655956923	0.590446683596848	4.30918934808768	1.6385403955237e-05	5.26606046191431e-05	Smp_032970	protein_coding
smansoni_prjna597909_primary	condition	condition__adult_pzq_vs_adult_control	adult_pzq	adult_control	Smp_316250	12.7729717285501	1.849867904223	0.431591411013592	4.28615550962561	1.81791753123219e-05	5.7991753308156e-05	Smp_316250	protein_coding
smansoni_prjna597909_primary	condition	condition__adult_pzq_vs_adult_control	adult_pzq	adult_control	Smp_126580	8.34740677072468	1.68373552979018	0.3937741643537	4.2758913159112	1.9037408665069e-05	6.06272192392965e-05	Smp_126580	protein_coding
smansoni_prjna597909_primary	condition	condition__adult_pzq_vs_adult_control	adult_pzq	adult_control	Smp_158750	28.2795119789545	-1.00738457800863	0.235757283676896	-4.27297329820464	1.92883562461559e-05	6.13643699894532e-05	Smp_158750	protein_coding
smansoni_prjna597909_primary	condition	condition__adult_pzq_vs_adult_control	adult_pzq	adult_control	Smp_328510	6.86023902353914	2.70720616836582	0.635603607543624	4.25926809765631	2.05097357872092e-05	6.50093972705235e-05	Smp_328510	protein_coding
smansoni_prjna597909_primary	condition	condition__adult_pzq_vs_adult_control	adult_pzq	adult_control	Smp_300710	14.6191488259681	1.60770956594605	0.378310035642242	4.24971429377153	2.14043351340591e-05	6.76408477723594e-05	Smp_300710	protein_coding
smansoni_prjna597909_primary	condition	condition__adult_pzq_vs_adult_control	adult_pzq	adult_control	Smp_035560	6681.01869232109	1.19050000404817	0.280554687907398	4.24337947416909	2.20178649140265e-05	6.94635711506605e-05	Smp_035560	protein_coding
smansoni_prjna597909_primary	condition	condition__adult_pzq_vs_adult_control	adult_pzq	adult_control	Smp_166350	12.2625490123738	1.32304428031744	0.315276631665411	4.19645526320368	2.71124986056646e-05	8.44095312321284e-05	Smp_166350	protein_coding
smansoni_prjna597909_primary	condition	condition__adult_pzq_vs_adult_control	adult_pzq	adult_control	Smp_137810	12.3908933942081	-1.61613346906464	0.386622412522461	-4.18013394133159	2.91337443508249e-05	9.01086883520932e-05	Smp_137810	protein_coding
smansoni_prjna597909_primary	condition	condition__adult_pzq_vs_adult_control	adult_pzq	adult_control	Smp_138080	3.36818413191968	5.59051038204161	1.33837874366159	4.17707648789077	2.95279754200859e-05	9.12462939334402e-05	Smp_138080	protein_coding
smansoni_prjna597909_primary	condition	condition__adult_pzq_vs_adult_control	adult_pzq	adult_control	Smp_300150	18.8305786576097	-1.08609674230002	0.260482120283578	-4.16956350446481	3.05183572610734e-05	9.41140335502987e-05	Smp_300150	protein_coding
smansoni_prjna597909_primary	condition	condition__adult_pzq_vs_adult_control	adult_pzq	adult_control	Smp_022740	76.6174217356929	1.21975769885798	0.292911158637165	4.16425821581251	3.12366444825272e-05	9.60783480796769e-05	Smp_022740	protein_coding
smansoni_prjna597909_primary	condition	condition__adult_pzq_vs_adult_control	adult_pzq	adult_control	Smp_342210	2.54273711095508	5.03008878199537	1.20798258761348	4.16404080122788	3.1266420385846e-05	9.61386484993548e-05	Smp_342210	protein_coding
smansoni_prjna597909_primary	condition	condition__adult_pzq_vs_adult_control	adult_pzq	adult_control	Smp_144440	4231.6221435968	-1.34350129813244	0.323942318745192	-4.14734729113678	3.3634966600036e-05	0.000103019346825515	Smp_144440	protein_coding
smansoni_prjna597909_primary	condition	condition__adult_pzq_vs_adult_control	adult_pzq	adult_control	Smp_318210	7.18984892285748	1.95454567378165	0.472253954912375	4.13875977839998	3.4918833373186e-05	0.000106675117337865	Smp_318210	protein_coding
smansoni_prjna597909_primary	condition	condition__adult_pzq_vs_adult_control	adult_pzq	adult_control	Smp_337510	15.9276321922999	1.56319319007106	0.378598431929207	4.12889504614578	3.6451073225011e-05	0.000110997275812759	Smp_337510	protein_coding
smansoni_prjna597909_primary	condition	condition__adult_pzq_vs_adult_control	adult_pzq	adult_control	Smp_114435	29.8899356411478	1.08150742373078	0.262215380231491	4.12450033547229	3.71540451023656e-05	0.000113028656037193	Smp_114435	protein_coding
smansoni_prjna597909_primary	condition	condition__adult_pzq_vs_adult_control	adult_pzq	adult_control	Smp_326610	1610.09004748912	-1.62490282444341	0.395146408488255	-4.11215384864547	3.91984931173243e-05	0.000118789405881676	Smp_326610	protein_coding
smansoni_prjna597909_primary	condition	condition__adult_pzq_vs_adult_control	adult_pzq	adult_control	Smp_318150	147.523545708834	-2.41577844127963	0.588583125856194	-4.10439636332671	4.05371941837671e-05	0.000122571196233195	Smp_318150	protein_coding
smansoni_prjna597909_primary	condition	condition__adult_pzq_vs_adult_control	adult_pzq	adult_control	Smp_345900	33.2781588104902	-1.08570341424777	0.265514638738916	-4.08905294037426	4.33137998912288e-05	0.000130424350612263	Smp_345900	protein_coding
smansoni_prjna597909_primary	condition	condition__adult_pzq_vs_adult_control	adult_pzq	adult_control	Smp_325970	9.4902838497772	-1.51417029912249	0.371756693326838	-4.07301422221139	4.6408589267519e-05	0.000139122735729968	Smp_325970	protein_coding
smansoni_prjna597909_primary	condition	condition__adult_pzq_vs_adult_control	adult_pzq	adult_control	Smp_193800	18.1784989409847	1.30559829704282	0.321146331183865	4.06543114545292	4.79437477175358e-05	0.000143451821280832	Smp_193800	protein_coding
smansoni_prjna597909_primary	condition	condition__adult_pzq_vs_adult_control	adult_pzq	adult_control	Smp_308470	34.6358896025938	1.26141605495987	0.316253810545563	3.98861930796604	6.64589758255841e-05	0.000194841885702054	Smp_308470	protein_coding
smansoni_prjna597909_primary	condition	condition__adult_pzq_vs_adult_control	adult_pzq	adult_control	Smp_313100	23.8209933763288	1.48104107936652	0.375546742796454	3.9436930496006	8.02363448847559e-05	0.00023292196924162	Smp_313100	protein_coding
smansoni_prjna597909_primary	condition	condition__adult_pzq_vs_adult_control	adult_pzq	adult_control	Smp_183870	2.07740147386718	4.38377069850168	1.1226100730596	3.90498072634785	9.42328950446579e-05	0.000270397487541623	Smp_183870	protein_coding
smansoni_prjna597909_primary	condition	condition__adult_pzq_vs_adult_control	adult_pzq	adult_control	Smp_344120	19.7121558770233	-1.04868769316145	0.269408553562804	-3.8925553004648	9.91938790592984e-05	0.000283513923455848	Smp_344120	protein_coding
smansoni_prjna597909_primary	condition	condition__adult_pzq_vs_adult_control	adult_pzq	adult_control	Smp_317490	56.7358070077574	1.01459756200439	0.260813842756615	3.89012159508413	0.000100194003970043	0.000286112908013548	Smp_317490	protein_coding
smansoni_prjna597909_primary	condition	condition__adult_pzq_vs_adult_control	adult_pzq	adult_control	Smp_127990	1213.56310522408	1.00536756541341	0.259481514205946	3.87452481341492	0.000106832957928267	0.000303786136684109	Smp_127990	protein_coding
smansoni_prjna597909_primary	condition	condition__adult_pzq_vs_adult_control	adult_pzq	adult_control	Smp_043290	6.76616674832822	-1.63783859831694	0.428761722141923	-3.81992727833761	0.000133491025875886	0.000374408657738539	Smp_043290	protein_coding
smansoni_prjna597909_primary	condition	condition__adult_pzq_vs_adult_control	adult_pzq	adult_control	Smp_000280	4505.21968886678	-1.95313442973445	0.516467629813695	-3.78171702733625	0.000155750351178515	0.000433495971536904	Smp_000280	protein_coding
smansoni_prjna597909_primary	condition	condition__adult_pzq_vs_adult_control	adult_pzq	adult_control	Smp_328950	17.6584917771436	1.11285043551128	0.295332682303141	3.76812490521792	0.000164478402570161	0.000456042787061648	Smp_328950	protein_coding
smansoni_prjna597909_primary	condition	condition__adult_pzq_vs_adult_control	adult_pzq	adult_control	Smp_318030	2.89391463891404	3.61681760433499	0.961669768442287	3.76097671261259	0.00016925118815809	0.000467356771974954	Smp_318030	protein_coding
smansoni_prjna597909_primary	condition	condition__adult_pzq_vs_adult_control	adult_pzq	adult_control	Smp_311870	62.5961308890435	-1.44353698995304	0.38558310099083	-3.74377659768696	0.000181274842950446	0.000497794833110869	Smp_311870	protein_coding
smansoni_prjna597909_primary	condition	condition__adult_pzq_vs_adult_control	adult_pzq	adult_control	Smp_167140	28.6289696516705	-1.04004565471717	0.278626444859846	-3.73276002297745	0.000189393018855355	0.000518881975136467	Smp_167140	protein_coding
smansoni_prjna597909_primary	condition	condition__adult_pzq_vs_adult_control	adult_pzq	adult_control	Smp_198590	13.9145857087319	-1.3269077576117	0.355933285792083	-3.72796760117235	0.000193030185850756	0.000528387291242787	Smp_198590	protein_coding
smansoni_prjna597909_primary	condition	condition__adult_pzq_vs_adult_control	adult_pzq	adult_control	Smp_349140	24.1825445003864	1.34101897874114	0.362813077708704	3.6961704556246	0.000218876047395479	0.000593634548057983	Smp_349140	protein_coding
smansoni_prjna597909_primary	condition	condition__adult_pzq_vs_adult_control	adult_pzq	adult_control	Smp_330700	21.7488149731286	1.1116827075438	0.303329879561556	3.66492977596095	0.000247406458188332	0.000664531356293298	Smp_330700	protein_coding
smansoni_prjna597909_primary	condition	condition__adult_pzq_vs_adult_control	adult_pzq	adult_control	Smp_342370	9.29656342931307	1.79288791506685	0.490072338049216	3.65841484178362	0.000253780035683618	0.000681070101442803	Smp_342370	protein_coding
smansoni_prjna597909_primary	condition	condition__adult_pzq_vs_adult_control	adult_pzq	adult_control	Smp_332590	10.115268213146	1.64261404200399	0.450022407800253	3.65007167094905	0.000262167147392589	0.000700396799648037	Smp_332590	protein_coding
smansoni_prjna597909_primary	condition	condition__adult_pzq_vs_adult_control	adult_pzq	adult_control	Smp_036670	18.4296711385803	1.26755726999853	0.347606528901692	3.64652894755326	0.000265806546337209	0.000708717482645783	Smp_036670	protein_coding
smansoni_prjna597909_primary	condition	condition__adult_pzq_vs_adult_control	adult_pzq	adult_control	Smp_322980	11.9467843118809	1.44841485417551	0.398786517509058	3.63205572551135	0.000281172382660372	0.00074610930963106	Smp_322980	protein_coding
smansoni_prjna597909_primary	condition	condition__adult_pzq_vs_adult_control	adult_pzq	adult_control	Smp_130780	20.9874246333841	-1.33629813935166	0.37089925076405	-3.60286017455926	0.00031473485129908	0.000829348707688571	Smp_130780	protein_coding
smansoni_prjna597909_primary	condition	condition__adult_pzq_vs_adult_control	adult_pzq	adult_control	Smp_335800	16.3568815412807	1.26142183181039	0.350821046753927	3.59562758130409	0.000323610481909745	0.000849421348239631	Smp_335800	protein_coding
smansoni_prjna597909_primary	condition	condition__adult_pzq_vs_adult_control	adult_pzq	adult_control	Smp_320110	3.62284991938428	3.24204107245131	0.902183519215408	3.5935494313516	0.000326203729169329	0.000854803894679372	Smp_320110	protein_coding
smansoni_prjna597909_primary	condition	condition__adult_pzq_vs_adult_control	adult_pzq	adult_control	Smp_327780	4.19848951799781	2.67519015794871	0.747334142572448	3.57964397122318	0.000344062649740656	0.000896630869961037	Smp_327780	protein_coding
smansoni_prjna597909_primary	condition	condition__adult_pzq_vs_adult_control	adult_pzq	adult_control	Smp_059790	998.871988649243	1.05713548457013	0.297075519602873	3.55847390583815	0.000373015840919721	0.000965428731756079	Smp_059790	protein_coding
smansoni_prjna597909_primary	condition	condition__adult_pzq_vs_adult_control	adult_pzq	adult_control	Smp_305200	335.496497256387	1.75154847340143	0.493172102581228	3.55159682438229	0.000382901083453362	0.000988222196485383	Smp_305200	protein_coding
smansoni_prjna597909_primary	condition	condition__adult_pzq_vs_adult_control	adult_pzq	adult_control	Smp_328460	38.2319072854308	2.34485469732269	0.66023462233365	3.55154761353566	0.000382972694215611	0.000988222196485383	Smp_328460	protein_coding
smansoni_prjna597909_primary	condition	condition__adult_pzq_vs_adult_control	adult_pzq	adult_control	Smp_314010	9.37650585214564	1.57373459619127	0.446459452840185	3.52492166126138	0.000423608043950268	0.00108478548670223	Smp_314010	protein_coding
smansoni_prjna597909_primary	condition	condition__adult_pzq_vs_adult_control	adult_pzq	adult_control	Smp_322430	2.36901065767825	3.58367375358064	1.03002512178527	3.47921004816785	0.000502894246255859	0.00127231167441391	Smp_322430	protein_coding
smansoni_prjna597909_primary	condition	condition__adult_pzq_vs_adult_control	adult_pzq	adult_control	Smp_191910	34325.8942237244	-2.25949678349589	0.650348949361085	-3.47428374523502	0.000512219064189118	0.00129451727131432	Smp_191910	protein_coding
smansoni_prjna597909_primary	condition	condition__adult_pzq_vs_adult_control	adult_pzq	adult_control	Smp_344300	10.0175824949155	1.95590443133127	0.565971383781436	3.45583626200894	0.000548588455557777	0.00137905800051386	Smp_344300	protein_coding
smansoni_prjna597909_primary	condition	condition__adult_pzq_vs_adult_control	adult_pzq	adult_control	Smp_314800	25.6196038978817	1.06843313156836	0.311857165384181	3.42603361462658	0.000612464579805753	0.00152302425896448	Smp_314800	protein_coding
smansoni_prjna597909_primary	condition	condition__adult_pzq_vs_adult_control	adult_pzq	adult_control	Smp_341820	2.46987051757595	-3.10429806075505	0.910549623190299	-3.409257421774	0.000651399810386567	0.00161136639826585	Smp_341820	protein_coding
smansoni_prjna597909_primary	condition	condition__adult_pzq_vs_adult_control	adult_pzq	adult_control	Smp_349250	9.70705063129837	2.0884897768492	0.615467875507063	3.3933367767222	0.000690466933032667	0.00169967562694569	Smp_349250	protein_coding
smansoni_prjna597909_primary	condition	condition__adult_pzq_vs_adult_control	adult_pzq	adult_control	Smp_350330	21.4479572043098	-1.2105329576991	0.356868172502899	-3.39210120423184	0.000693588165478028	0.00170634964604329	Smp_350330	protein_coding
smansoni_prjna597909_primary	condition	condition__adult_pzq_vs_adult_control	adult_pzq	adult_control	Smp_161770	9.84014934057171	-1.55777551007536	0.46283640225956	-3.36571519109198	0.000763454914826987	0.00186609150632136	Smp_161770	protein_coding
smansoni_prjna597909_primary	condition	condition__adult_pzq_vs_adult_control	adult_pzq	adult_control	Smp_093070	6.32636518861505	1.79612599074645	0.534831756546584	3.35830093998916	0.000784231827062537	0.00191291851081164	Smp_093070	protein_coding
smansoni_prjna597909_primary	condition	condition__adult_pzq_vs_adult_control	adult_pzq	adult_control	Smp_326510	1.37240092825407	4.81681558508621	1.4346683717801	3.35744181710066	0.000786672980963247	0.0019183779711209	Smp_326510	protein_coding
smansoni_prjna597909_primary	condition	condition__adult_pzq_vs_adult_control	adult_pzq	adult_control	Smp_060210	3.17878668328825	2.60961833274673	0.778152152116926	3.35360934959492	0.000797648893341911	0.00194213738791029	Smp_060210	protein_coding
smansoni_prjna597909_primary	condition	condition__adult_pzq_vs_adult_control	adult_pzq	adult_control	Smp_332610	12.1875397741945	1.24983009310051	0.375366316946996	3.32962771744113	0.000869621711803705	0.00210114121164842	Smp_332610	protein_coding
smansoni_prjna597909_primary	condition	condition__adult_pzq_vs_adult_control	adult_pzq	adult_control	Smp_327770	946.789681041177	-1.23552685610146	0.371691462807446	-3.32406573659058	0.000887152815266052	0.00213967042865392	Smp_327770	protein_coding
smansoni_prjna597909_primary	condition	condition__adult_pzq_vs_adult_control	adult_pzq	adult_control	Smp_331150	13.5009623361918	1.14781926512578	0.349829707894782	3.28108002042814	0.00103410401384139	0.00246019409484742	Smp_331150	protein_coding
smansoni_prjna597909_primary	condition	condition__adult_pzq_vs_adult_control	adult_pzq	adult_control	Smp_319520	12.7977487540937	-1.16791809073311	0.356688464752622	-3.2743365882132	0.00105910375695441	0.00251634039100789	Smp_319520	protein_coding
smansoni_prjna597909_primary	condition	condition__adult_pzq_vs_adult_control	adult_pzq	adult_control	Smp_350120	8.3870496184733	2.03850028533076	0.624474567235747	3.26434476643979	0.00109717567428585	0.00260107962712563	Smp_350120	protein_coding
smansoni_prjna597909_primary	condition	condition__adult_pzq_vs_adult_control	adult_pzq	adult_control	Smp_330540	17.8955678201536	-1.02646757236185	0.314478671885726	-3.26402921446719	0.00109839838920807	0.00260202044481069	Smp_330540	protein_coding
smansoni_prjna597909_primary	condition	condition__adult_pzq_vs_adult_control	adult_pzq	adult_control	Smp_337640	6.17088094929997	1.96869017813278	0.604699726988432	3.25564919292653	0.00113133440492506	0.00267067252631161	Smp_337640	protein_coding
smansoni_prjna597909_primary	condition	condition__adult_pzq_vs_adult_control	adult_pzq	adult_control	Smp_333280	3.53642443506927	-2.12636440752716	0.658091960008402	-3.2311052812437	0.00123312510285004	0.00289577601792263	Smp_333280	protein_coding
smansoni_prjna597909_primary	condition	condition__adult_pzq_vs_adult_control	adult_pzq	adult_control	Smp_168430	1.79835366470342	4.31664521940934	1.33987388144698	3.22168024855267	0.00127441272787707	0.00298457609115313	Smp_168430	protein_coding
smansoni_prjna597909_primary	condition	condition__adult_pzq_vs_adult_control	adult_pzq	adult_control	Smp_125150	4.93699577387862	-1.97251334635926	0.613453500512911	-3.21542438784689	0.00130251803467469	0.00304662223799683	Smp_125150	protein_coding
smansoni_prjna597909_primary	condition	condition__adult_pzq_vs_adult_control	adult_pzq	adult_control	Smp_328440	59.3322149729123	2.35972090202401	0.745398022091068	3.16571929638916	0.00154700002176042	0.00356901249833524	Smp_328440	protein_coding
smansoni_prjna597909_primary	condition	condition__adult_pzq_vs_adult_control	adult_pzq	adult_control	Smp_320210	19.3261460541316	1.2935071890764	0.412172499281643	3.13826660277141	0.00169950221734978	0.00389422908082185	Smp_320210	protein_coding
smansoni_prjna597909_primary	condition	condition__adult_pzq_vs_adult_control	adult_pzq	adult_control	Smp_241620	4972.20583519784	-1.24386698680506	0.397157926965039	-3.13192033282658	0.00173666993005209	0.00397361514859655	Smp_241620	protein_coding
smansoni_prjna597909_primary	condition	condition__adult_pzq_vs_adult_control	adult_pzq	adult_control	Smp_309250	2122.79424699564	-1.75923384110688	0.563178751192987	-3.12375748797389	0.00178557557992574	0.00407466450542203	Smp_309250	protein_coding
smansoni_prjna597909_primary	condition	condition__adult_pzq_vs_adult_control	adult_pzq	adult_control	Smp_146740	2.19698404068933	3.23511468556515	1.03970962703297	3.11155595894329	0.00186104198321502	0.00423767015787723	Smp_146740	protein_coding
smansoni_prjna597909_primary	condition	condition__adult_pzq_vs_adult_control	adult_pzq	adult_control	Smp_092580	14.9103796918438	1.10469143212791	0.355527713262925	3.10718796571267	0.00188876262997461	0.00429458368499399	Smp_092580	protein_coding
smansoni_prjna597909_primary	condition	condition__adult_pzq_vs_adult_control	adult_pzq	adult_control	Smp_317800	6.42350334097062	-1.69898706397989	0.54972173036949	-3.0906310777235	0.00199731625449984	0.00451533921012497	Smp_317800	protein_coding
smansoni_prjna597909_primary	condition	condition__adult_pzq_vs_adult_control	adult_pzq	adult_control	Smp_349530	1.72184961901022	3.93485512379316	1.274808672077	3.0866240636583	0.00202443447502265	0.00457336392397564	Smp_349530	protein_coding
smansoni_prjna597909_primary	condition	condition__adult_pzq_vs_adult_control	adult_pzq	adult_control	Smp_334850	5.87938287546389	1.97521065580601	0.641084886635047	3.08104386327617	0.00206276258990733	0.00464994800853901	Smp_334850	protein_coding
smansoni_prjna597909_primary	condition	condition__adult_pzq_vs_adult_control	adult_pzq	adult_control	Smp_173160	9.52543862719074	-3.13239998506227	1.01671040573742	-3.08091661832688	0.00206364429556016	0.00465082639047083	Smp_173160	protein_coding
smansoni_prjna597909_primary	condition	condition__adult_pzq_vs_adult_control	adult_pzq	adult_control	Smp_093980	166.293872031736	1.04906005903103	0.341139861704011	3.07516117814822	0.00210388823496247	0.00473700609739524	Smp_093980	protein_coding
smansoni_prjna597909_primary	condition	condition__adult_pzq_vs_adult_control	adult_pzq	adult_control	Smp_000420	6824.77762563272	-1.77866602283927	0.579303899455743	-3.07035050948273	0.00213807689184097	0.00480940094756803	Smp_000420	protein_coding
smansoni_prjna597909_primary	condition	condition__adult_pzq_vs_adult_control	adult_pzq	adult_control	Smp_199340	13.4321771516552	-1.15545633824573	0.37983825128177	-3.04196940236172	0.00235035784601628	0.00524076016998016	Smp_199340	protein_coding
smansoni_prjna597909_primary	condition	condition__adult_pzq_vs_adult_control	adult_pzq	adult_control	Smp_336230	11.9301712405104	1.16493553724109	0.38567289477294	3.02052737703263	0.00252334895122025	0.00560533355744626	Smp_336230	protein_coding
smansoni_prjna597909_primary	condition	condition__adult_pzq_vs_adult_control	adult_pzq	adult_control	Smp_301610	12.6161630741887	1.06440997245938	0.352615987902797	3.01860950432229	0.00253937611461501	0.00563431526651198	Smp_301610	protein_coding
smansoni_prjna597909_primary	condition	condition__adult_pzq_vs_adult_control	adult_pzq	adult_control	Smp_056080	4.98197281619026	-1.63757751772454	0.543365542195471	-3.01376769514663	0.00258025294665425	0.00571160441493582	Smp_056080	protein_coding
smansoni_prjna597909_primary	condition	condition__adult_pzq_vs_adult_control	adult_pzq	adult_control	Smp_349070	2.25708840587442	3.25769440811249	1.08298703283424	3.0080640943474	0.00262917681051008	0.00580901804884088	Smp_349070	protein_coding
smansoni_prjna597909_primary	condition	condition__adult_pzq_vs_adult_control	adult_pzq	adult_control	Smp_018880	3.2711835683898	2.30139544923842	0.766789078605299	3.00134093383853	0.00268793431054778	0.00592913771372173	Smp_018880	protein_coding
smansoni_prjna597909_primary	condition	condition__adult_pzq_vs_adult_control	adult_pzq	adult_control	Smp_316140	84486.4305873258	-2.25930497308946	0.758375350880619	-2.97913819385873	0.00289060377854294	0.00634657071191355	Smp_316140	protein_coding
smansoni_prjna597909_primary	condition	condition__adult_pzq_vs_adult_control	adult_pzq	adult_control	Smp_176980	4.24003602555471	2.06029423411088	0.694833453511463	2.96516269287096	0.0030252289507251	0.00662983168148706	Smp_176980	protein_coding
smansoni_prjna597909_primary	condition	condition__adult_pzq_vs_adult_control	adult_pzq	adult_control	Smp_346780	2.23408563808912	2.66600166046731	0.903815400012258	2.94971922411496	0.00318062835012602	0.00693661725089782	Smp_346780	protein_coding
smansoni_prjna597909_primary	condition	condition__adult_pzq_vs_adult_control	adult_pzq	adult_control	Smp_326690	2.44376045401833	2.69091498418169	0.918836669221757	2.92861079049105	0.00340480467829318	0.00738801970138364	Smp_326690	protein_coding
smansoni_prjna597909_primary	condition	condition__adult_pzq_vs_adult_control	adult_pzq	adult_control	Smp_315650	13.300454813737	1.14515682477359	0.391067791669138	2.92828212695779	0.00340840615473046	0.0073941370150361	Smp_315650	protein_coding
smansoni_prjna597909_primary	condition	condition__adult_pzq_vs_adult_control	adult_pzq	adult_control	Smp_327720	9.80382240304733	1.35238395428068	0.462213914369412	2.9258832593253	0.00343479802453749	0.00744455650720669	Smp_327720	protein_coding
smansoni_prjna597909_primary	condition	condition__adult_pzq_vs_adult_control	adult_pzq	adult_control	Smp_303450	11.8167378826692	-2.19900144148797	0.752798827005738	-2.92110104665613	0.00348796679880974	0.00753907250975164	Smp_303450	protein_coding
smansoni_prjna597909_primary	condition	condition__adult_pzq_vs_adult_control	adult_pzq	adult_control	Smp_342430	3.68266710611151	-2.34977280753125	0.808790213175182	-2.90529332483687	0.0036690907294122	0.00790523035659998	Smp_342430	protein_coding
smansoni_prjna597909_primary	condition	condition__adult_pzq_vs_adult_control	adult_pzq	adult_control	Smp_000430	14746.7889957167	-1.9519489286444	0.672430684164809	-2.90282548760965	0.00369812646827429	0.00795871843764313	Smp_000430	protein_coding
smansoni_prjna597909_primary	condition	condition__adult_pzq_vs_adult_control	adult_pzq	adult_control	Smp_024010	37.5974184961179	-1.03286092717616	0.356073054723957	-2.90069948701082	0.00372330760367528	0.0080037988332815	Smp_024010	protein_coding
smansoni_prjna597909_primary	condition	condition__adult_pzq_vs_adult_control	adult_pzq	adult_control	Smp_330530	20.303255426179	-1.16991043136422	0.403434489094488	-2.8998770878268	0.00373309013897608	0.00802300318181034	Smp_330530	protein_coding
smansoni_prjna597909_primary	condition	condition__adult_pzq_vs_adult_control	adult_pzq	adult_control	Smp_335400	17.4353872974546	-1.00735564921303	0.347875346840843	-2.89573739088186	0.00378268803398779	0.00812036504593517	Smp_335400	protein_coding
smansoni_prjna597909_primary	condition	condition__adult_pzq_vs_adult_control	adult_pzq	adult_control	Smp_349690	10.8731549946561	1.89207753085682	0.654940906130931	2.88892862416289	0.00386556805615211	0.00828699234900199	Smp_349690	protein_coding
smansoni_prjna597909_primary	condition	condition__adult_pzq_vs_adult_control	adult_pzq	adult_control	Smp_350520	3.94940404328362	3.34586557657287	1.15986166138701	2.88471089954963	0.00391773249345266	0.00839120950104567	Smp_350520	pseudogene
smansoni_prjna597909_primary	condition	condition__adult_pzq_vs_adult_control	adult_pzq	adult_control	Smp_317170	11.6306366296023	1.50832652596865	0.529330142237398	2.84950053966921	0.00437879314679076	0.00929866385609218	Smp_317170	protein_coding
smansoni_prjna597909_primary	condition	condition__adult_pzq_vs_adult_control	adult_pzq	adult_control	Smp_182090	16.1098984369953	1.71996908082284	0.606259482566788	2.83701802657306	0.00455370409100667	0.00963977851471333	Smp_182090	protein_coding
smansoni_prjna597909_primary	condition	condition__adult_pzq_vs_adult_control	adult_pzq	adult_control	Smp_329780	1.96737611381217	3.28094468322559	1.16973486423789	2.80486183966416	0.00503381516272364	0.0105826558981459	Smp_329780	protein_coding
smansoni_prjna597909_primary	condition	condition__adult_pzq_vs_adult_control	adult_pzq	adult_control	Smp_319460	3.16155983314015	2.94540143818022	1.05208065917343	2.79959660174182	0.00511665042743479	0.0107400799111956	Smp_319460	protein_coding
smansoni_prjna597909_primary	condition	condition__adult_pzq_vs_adult_control	adult_pzq	adult_control	Smp_316170	44384.8372048844	-2.15992907196522	0.774414890923557	-2.78911097562873	0.00528529509557399	0.0110719435379799	Smp_316170	protein_coding
smansoni_prjna597909_primary	condition	condition__adult_pzq_vs_adult_control	adult_pzq	adult_control	Smp_200980	4.46499301100314	1.55123801704998	0.558757782478932	2.77622623915484	0.00549939262867121	0.0114746708887859	Smp_200980	protein_coding
smansoni_prjna597909_primary	condition	condition__adult_pzq_vs_adult_control	adult_pzq	adult_control	Smp_331680	11.14528402592	-1.79306320966447	0.649650862098592	-2.76004129952551	0.00577940548535825	0.0120112006700981	Smp_331680	protein_coding
smansoni_prjna597909_primary	condition	condition__adult_pzq_vs_adult_control	adult_pzq	adult_control	Smp_323280	18.8311793865891	-1.10697656032198	0.40648254155203	-2.72330653143263	0.00646320586130376	0.0133472190957053	Smp_323280	protein_coding
smansoni_prjna597909_primary	condition	condition__adult_pzq_vs_adult_control	adult_pzq	adult_control	Smp_329030	2.00382865999542	2.9702533600641	1.09141655368978	2.72146629077824	0.00649930132863697	0.013415897828844	Smp_329030	protein_coding
smansoni_prjna597909_primary	condition	condition__adult_pzq_vs_adult_control	adult_pzq	adult_control	Smp_349720	1.87846688365035	3.58327811872549	1.31942713345451	2.71578325765045	0.00661191884729114	0.0136245600489636	Smp_349720	protein_coding
smansoni_prjna597909_primary	condition	condition__adult_pzq_vs_adult_control	adult_pzq	adult_control	Smp_340620	5.17759698827174	1.29093341035038	0.477892406657084	2.70130554988437	0.00690678541460014	0.0141674943411874	Smp_340620	protein_coding
smansoni_prjna597909_primary	condition	condition__adult_pzq_vs_adult_control	adult_pzq	adult_control	Smp_316470	11.3271497332939	1.65574810703661	0.61729158428705	2.68227876287824	0.00731224996846987	0.014921283830306	Smp_316470	protein_coding
smansoni_prjna597909_primary	condition	condition__adult_pzq_vs_adult_control	adult_pzq	adult_control	Smp_159830	6.46826628089114	-1.37500573134684	0.512758204416854	-2.68158699266567	0.00732738603833466	0.0149457170553171	Smp_159830	protein_coding
smansoni_prjna597909_primary	condition	condition__adult_pzq_vs_adult_control	adult_pzq	adult_control	Smp_307630	2.24087108077798	4.79061231305021	1.8108205336883	2.64554781875188	0.00815587586263045	0.0164545013134649	Smp_307630	protein_coding
smansoni_prjna597909_primary	condition	condition__adult_pzq_vs_adult_control	adult_pzq	adult_control	Smp_347850	2.38404903031113	2.59245526988086	0.989366073983412	2.62031955415961	0.00878474067954394	0.0175955433149077	Smp_347850	protein_coding
smansoni_prjna597909_primary	condition	condition__adult_pzq_vs_adult_control	adult_pzq	adult_control	Smp_319260	4.78155163293466	1.45324259608613	0.556288393926438	2.61239064476743	0.00899114515804305	0.0179822903160861	Smp_319260	protein_coding
smansoni_prjna597909_primary	condition	condition__adult_pzq_vs_adult_control	adult_pzq	adult_control	Smp_303690	939.28581872582	4.69535081950838	1.80001145535826	2.60851163226283	0.00909369209451031	0.0181643232623228	Smp_303690	protein_coding
smansoni_prjna597909_primary	condition	condition__adult_pzq_vs_adult_control	adult_pzq	adult_control	Smp_332460	3.52832733554072	1.59895181083765	0.614414087436991	2.60240095976254	0.00925735494295467	0.0184483489185763	Smp_332460	protein_coding
smansoni_prjna597909_primary	condition	condition__adult_pzq_vs_adult_control	adult_pzq	adult_control	Smp_015820	8.00349458284854	-1.31280088715117	0.505163492025907	-2.59876437603659	0.00935599690008192	0.018625291217265	Smp_015820	protein_coding
smansoni_prjna597909_primary	condition	condition__adult_pzq_vs_adult_control	adult_pzq	adult_control	Smp_205300	3.46657015105004	1.48080294837204	0.570057525232116	2.59763775203052	0.0093867461438663	0.0186825699203673	Smp_205300	protein_coding
smansoni_prjna597909_primary	condition	condition__adult_pzq_vs_adult_control	adult_pzq	adult_control	Smp_348940	2.03060692528026	2.71493195389821	1.04832192616222	2.58978839051594	0.00960349450924615	0.0190537846560442	Smp_348940	protein_coding
smansoni_prjna597909_primary	condition	condition__adult_pzq_vs_adult_control	adult_pzq	adult_control	Smp_349570	1.15487941530578	3.76369717245667	1.45375303579613	2.58895223589028	0.00962684465109514	0.0190881007767177	Smp_349570	protein_coding
smansoni_prjna597909_primary	condition	condition__adult_pzq_vs_adult_control	adult_pzq	adult_control	Smp_328430	2.63457957695083	2.30149585412016	0.891735889993587	2.58091647980739	0.00985384180735742	0.0194850445111176	Smp_328430	protein_coding
smansoni_prjna597909_primary	condition	condition__adult_pzq_vs_adult_control	adult_pzq	adult_control	Smp_341780	5.00213512814919	2.06324328817685	0.803854621678545	2.5666871005463	0.0102675216458399	0.0202311058154011	Smp_341780	protein_coding
smansoni_prjna597909_primary	condition	condition__adult_pzq_vs_adult_control	adult_pzq	adult_control	Smp_319290	1.19236253148601	3.54051432022038	1.38423266687901	2.55774509945866	0.0105353285447886	0.020689782963919	Smp_319290	protein_coding
smansoni_prjna597909_primary	condition	condition__adult_pzq_vs_adult_control	adult_pzq	adult_control	Smp_330100	7.14609537266677	-1.29341128763744	0.505706782142124	-2.55763089068863	0.0105387888361707	0.0206922792022196	Smp_330100	protein_coding
smansoni_prjna597909_primary	condition	condition__adult_pzq_vs_adult_control	adult_pzq	adult_control	Smp_346850	9.13515078984636	-1.0823873089984	0.426581964038085	-2.53734897451447	0.0111695549895078	0.0218084349846784	Smp_346850	protein_coding
smansoni_prjna597909_primary	condition	condition__adult_pzq_vs_adult_control	adult_pzq	adult_control	Smp_149980	8.12892011341972	1.13206199844785	0.451829146649432	2.50550901118869	0.012227528251732	0.0236252242508935	Smp_149980	protein_coding
smansoni_prjna597909_primary	condition	condition__adult_pzq_vs_adult_control	adult_pzq	adult_control	Smp_180340	1.46896523390114	3.13629943767844	1.25840050269217	2.49229035666211	0.0126922232845031	0.0244033552654849	Smp_180340	protein_coding
smansoni_prjna597909_primary	condition	condition__adult_pzq_vs_adult_control	adult_pzq	adult_control	Smp_033380	4.70583470068405	1.85578445586455	0.74887181004468	2.47810697501596	0.0132081537919251	0.0253078186988194	Smp_033380	protein_coding
smansoni_prjna597909_primary	condition	condition__adult_pzq_vs_adult_control	adult_pzq	adult_control	Smp_312140	3.263431644588	3.49177862329065	1.41358639595116	2.47015579188644	0.0135054220938789	0.0258146106433456	Smp_312140	protein_coding
smansoni_prjna597909_primary	condition	condition__adult_pzq_vs_adult_control	adult_pzq	adult_control	Smp_056770	1.48852434160056	3.74859528660416	1.51930638451946	2.46730700588072	0.0136133583929608	0.025999891600377	Smp_056770	protein_coding
smansoni_prjna597909_primary	condition	condition__adult_pzq_vs_adult_control	adult_pzq	adult_control	Smp_337000	11.7769805191006	-1.04925923401721	0.428237159453498	-2.45018259358025	0.0142783787436143	0.0271602406690768	Smp_337000	protein_coding
smansoni_prjna597909_primary	condition	condition__adult_pzq_vs_adult_control	adult_pzq	adult_control	Smp_329280	36.065537070431	1.01497226942749	0.418513826770872	2.42518216723856	0.015300706901561	0.0289534097364473	Smp_329280	protein_coding
smansoni_prjna597909_primary	condition	condition__adult_pzq_vs_adult_control	adult_pzq	adult_control	Smp_154260	3.55303288186064	2.19929337675705	0.909658455533019	2.41771333337231	0.0156183757568512	0.0294719280602432	Smp_154260	protein_coding
smansoni_prjna597909_primary	condition	condition__adult_pzq_vs_adult_control	adult_pzq	adult_control	Smp_309580	1.12624574416639	4.58586166029631	1.90029958001694	2.41323089712803	0.0158117992223391	0.0298012215851543	Smp_309580	protein_coding
smansoni_prjna597909_primary	condition	condition__adult_pzq_vs_adult_control	adult_pzq	adult_control	Smp_028130	7.58832696709173	-1.20281690732825	0.498608496938147	-2.41234739222155	0.0158501712950192	0.0298556833560226	Smp_028130	protein_coding
smansoni_prjna597909_primary	condition	condition__adult_pzq_vs_adult_control	adult_pzq	adult_control	Smp_327290	1.68920009859137	2.72026117217135	1.12913168465004	2.40916202171268	0.0159891979175247	0.0300756017346155	Smp_327290	pseudogene
smansoni_prjna597909_primary	condition	condition__adult_pzq_vs_adult_control	adult_pzq	adult_control	Smp_331440	1.73429535503943	2.07163657061935	0.860413125639541	2.40772311449748	0.0160523502943405	0.0301643767360052	Smp_331440	protein_coding
smansoni_prjna597909_primary	condition	condition__adult_pzq_vs_adult_control	adult_pzq	adult_control	Smp_343480	8.16926315154526	1.73263923316926	0.719598199077625	2.40778706143254	0.0160495390703674	0.0301643767360052	Smp_343480	protein_coding
smansoni_prjna597909_primary	condition	condition__adult_pzq_vs_adult_control	adult_pzq	adult_control	Smp_078490	5.36136336162225	-1.2435909288209	0.516990362355953	-2.40544315594935	0.0161528646975707	0.0303110734805316	Smp_078490	protein_coding
smansoni_prjna597909_primary	condition	condition__adult_pzq_vs_adult_control	adult_pzq	adult_control	Smp_326540	693.03402472325	-1.6284725470869	0.678965096992075	-2.39846282865098	0.0164640474372678	0.0308126382044398	Smp_326540	protein_coding
smansoni_prjna597909_primary	condition	condition__adult_pzq_vs_adult_control	adult_pzq	adult_control	Smp_332670	2.37334551966825	-1.90868558400535	0.796647908155992	-2.3958960595571	0.0165797911682806	0.03100142158706	Smp_332670	protein_coding
smansoni_prjna597909_primary	condition	condition__adult_pzq_vs_adult_control	adult_pzq	adult_control	Smp_350150	4.30557690376557	1.38573779504556	0.579688821220921	2.39048562662804	0.0168261077435817	0.0314060763018038	Smp_350150	protein_coding
smansoni_prjna597909_primary	condition	condition__adult_pzq_vs_adult_control	adult_pzq	adult_control	Smp_342650	7.06643156555136	-1.13363737076583	0.475159049656518	-2.38580612446572	0.0170417324841975	0.0317521102780673	Smp_342650	protein_coding
smansoni_prjna597909_primary	condition	condition__adult_pzq_vs_adult_control	adult_pzq	adult_control	Smp_161880	2.56011134347502	1.62872164210143	0.687686504169427	2.36840716260466	0.0178648632928917	0.0331550535724351	Smp_161880	protein_coding
smansoni_prjna597909_primary	condition	condition__adult_pzq_vs_adult_control	adult_pzq	adult_control	Smp_330520	1.3509950740128	3.46518921512195	1.47250878699482	2.35325537322865	0.018609848358612	0.0343689501144199	Smp_330520	protein_coding
smansoni_prjna597909_primary	condition	condition__adult_pzq_vs_adult_control	adult_pzq	adult_control	Smp_343230	1.0328769977231	-3.44709055141879	1.46757083902287	-2.34884099612793	0.018831946765091	0.0347248460444089	Smp_343230	protein_coding
smansoni_prjna597909_primary	condition	condition__adult_pzq_vs_adult_control	adult_pzq	adult_control	Smp_329440	4.34283270144404	1.34713573589351	0.576870631720726	2.33524756126896	0.0195304918358218	0.0359008574158279	Smp_329440	protein_coding
smansoni_prjna597909_primary	condition	condition__adult_pzq_vs_adult_control	adult_pzq	adult_control	Smp_328060	3.03478677200753	2.6014822845777	1.13749094071046	2.28703560746852	0.0221937448182299	0.0404035585558377	Smp_328060	protein_coding
smansoni_prjna597909_primary	condition	condition__adult_pzq_vs_adult_control	adult_pzq	adult_control	Smp_202010	1.18408380463627	3.1208987147841	1.36567873861107	2.28523636383044	0.022298972036907	0.040563872920101	Smp_202010	protein_coding
smansoni_prjna597909_primary	condition	condition__adult_pzq_vs_adult_control	adult_pzq	adult_control	Smp_242050	1.81474420593954	2.27373853698213	1.00624785366292	2.2596207571577	0.0238447982025305	0.0431224804060932	Smp_242050	protein_coding
smansoni_prjna597909_primary	condition	condition__adult_pzq_vs_adult_control	adult_pzq	adult_control	Smp_176170	1.75291790322529	2.92481034054193	1.29531130834163	2.25799799762925	0.0239457842726229	0.0432929519787359	Smp_176170	protein_coding
smansoni_prjna597909_primary	condition	condition__adult_pzq_vs_adult_control	adult_pzq	adult_control	Smp_311860	6.74332842541908	1.02686919355131	0.459324028272593	2.23560957046623	0.0253773571410473	0.0456280729878598	Smp_311860	protein_coding
smansoni_prjna597909_primary	condition	condition__adult_pzq_vs_adult_control	adult_pzq	adult_control	Smp_313740	0.944856975037953	-3.6561333299946	1.64169340087285	-2.22705002532795	0.0259439306261536	0.0465683165788294	Smp_313740	protein_coding
smansoni_prjna597909_primary	condition	condition__adult_pzq_vs_adult_control	adult_pzq	adult_control	Smp_303280	0.913309252023939	3.14319982066356	1.42950154218637	2.19880827540496	0.0278915578322839	0.0497416989869335	Smp_303280	protein_coding
smansoni_prjna597909_primary	condition	condition__adult_control_vs_juvenile_control	adult_control	juvenile_control	Smp_155310	3566.73163552128	6.75356651057206	0.154885138507807	43.6037090171285	0	0	Smp_155310	protein_coding
smansoni_prjna597909_primary	condition	condition__adult_control_vs_juvenile_control	adult_control	juvenile_control	Smp_173150	3237.48692344155	4.4677603077259	0.101209598774352	44.1436421231828	0	0	Smp_173150	protein_coding
smansoni_prjna597909_primary	condition	condition__adult_control_vs_juvenile_control	adult_control	juvenile_control	Smp_054010	1232.25692221099	5.51928503644646	0.164554756867867	33.5407200709384	1.22942050249746e-246	3.87349419653533e-243	Smp_054010	protein_coding
smansoni_prjna597909_primary	condition	condition__adult_control_vs_juvenile_control	adult_control	juvenile_control	Smp_346170	591.67435850656	4.53202623213609	0.1397877415146	32.4207701121113	1.39914915895859e-230	3.30618946261915e-227	Smp_346170	protein_coding
smansoni_prjna597909_primary	condition	condition__adult_control_vs_juvenile_control	adult_control	juvenile_control	Smp_089240	2976.70660759833	1.46675693463653	0.0453019713274299	32.3773313093866	5.72348840997086e-230	1.08196824902089e-226	Smp_089240	protein_coding
smansoni_prjna597909_primary	condition	condition__adult_control_vs_juvenile_control	adult_control	juvenile_control	Smp_313980	1410.53197505873	-2.05492513075909	0.0677348862119985	-30.337766041675	3.64332351956495e-202	5.73944898448799e-199	Smp_313980	protein_coding
smansoni_prjna597909_primary	condition	condition__adult_control_vs_juvenile_control	adult_control	juvenile_control	Smp_331690	1217.98204003839	7.48611549691148	0.247374593398106	30.2622649888054	3.59836899311005e-201	4.85882624612518e-198	Smp_331690	protein_coding
smansoni_prjna597909_primary	condition	condition__adult_control_vs_juvenile_control	adult_control	juvenile_control	Smp_340010	2902.96009626754	9.37455767452028	0.313882680680609	29.8664381678942	5.37075840713383e-196	6.34555105802861e-193	Smp_340010	protein_coding
smansoni_prjna597909_primary	condition	condition__adult_control_vs_juvenile_control	adult_control	juvenile_control	Smp_025830	3774.71882511956	1.18782956312774	0.0411860521493159	28.8405783302897	6.65134730854591e-183	6.98539275115288e-180	Smp_025830	protein_coding
smansoni_prjna597909_primary	condition	condition__adult_control_vs_juvenile_control	adult_control	juvenile_control	Smp_181390	1099.62474545211	3.30380592708703	0.121564591200909	27.1773704369791	1.20265038685311e-162	1.13674514565355e-159	Smp_181390	protein_coding
smansoni_prjna597909_primary	condition	condition__adult_control_vs_juvenile_control	adult_control	juvenile_control	Smp_246030	478.990572135416	2.97954372327029	0.111611803694289	26.6955969229869	5.29479229981894e-157	4.54967061980806e-154	Smp_246030	protein_coding
smansoni_prjna597909_primary	condition	condition__adult_control_vs_juvenile_control	adult_control	juvenile_control	Smp_166560	476.91362085849	5.01465312077657	0.188487078717853	26.6047580284431	5.97993894916202e-156	4.71019857895661e-153	Smp_166560	protein_coding
smansoni_prjna597909_primary	condition	condition__adult_control_vs_juvenile_control	adult_control	juvenile_control	Smp_076320	386.380376940735	4.91904608262714	0.185387790615964	26.5338190087021	3.94830748283454e-155	2.87072325598093e-152	Smp_076320	protein_coding
smansoni_prjna597909_primary	condition	condition__adult_control_vs_juvenile_control	adult_control	juvenile_control	Smp_018360	4730.6364901099	1.14576433461243	0.0433572425475796	26.4261347652606	6.86360835924669e-154	4.63391615797141e-151	Smp_018360	protein_coding
smansoni_prjna597909_primary	condition	condition__adult_control_vs_juvenile_control	adult_control	juvenile_control	Smp_074710	404.256998898843	4.1995517436324	0.160903754049828	26.0997747904122	3.66732019516671e-150	2.31090069898105e-147	Smp_074710	protein_coding
smansoni_prjna597909_primary	condition	condition__adult_control_vs_juvenile_control	adult_control	juvenile_control	Smp_159600	2368.94296141499	-2.32242083834348	0.089091272499095	-26.067882669058	8.43634319974037e-150	4.98376974524662e-147	Smp_159600	protein_coding
smansoni_prjna597909_primary	condition	condition__adult_control_vs_juvenile_control	adult_control	juvenile_control	Smp_346610	4801.77110696264	-3.74252192320846	0.144203260199675	-25.953102017432	1.67745864297996e-148	9.3266700549686e-146	Smp_346610	protein_coding
smansoni_prjna597909_primary	condition	condition__adult_control_vs_juvenile_control	adult_control	juvenile_control	Smp_246040	859.39432266851	2.82314396124227	0.108887269480328	25.927217889804	3.28613874740196e-148	1.72558796891352e-145	Smp_246040	protein_coding
smansoni_prjna597909_primary	condition	condition__adult_control_vs_juvenile_control	adult_control	juvenile_control	Smp_170340	9630.2352559965	-1.84685329622663	0.0721583442009262	-25.5944522657564	1.75869537289008e-144	8.74904666555636e-142	Smp_170340	protein_coding
smansoni_prjna597909_primary	condition	condition__adult_control_vs_juvenile_control	adult_control	juvenile_control	Smp_340930	430.679763427078	5.38876947681981	0.21112476342238	25.5240995393749	1.06491617863439e-143	5.03279386022613e-141	Smp_340930	protein_coding
smansoni_prjna597909_primary	condition	condition__adult_control_vs_juvenile_control	adult_control	juvenile_control	Smp_313990	745.544784906007	-1.77413815319855	0.0699254291855082	-25.3718593344899	5.15764815785129e-142	2.32143287561954e-139	Smp_313990	protein_coding
smansoni_prjna597909_primary	condition	condition__adult_control_vs_juvenile_control	adult_control	juvenile_control	Smp_346370	316.484912504159	5.83419104271153	0.23073754338958	25.2849664471855	4.67474476421508e-141	2.0084403414255e-138	Smp_346370	protein_coding
smansoni_prjna597909_primary	condition	condition__adult_control_vs_juvenile_control	adult_control	juvenile_control	Smp_336900	329.400498202439	4.35561791547342	0.172334443787574	25.2742157617796	6.13721739975932e-141	2.52212951576196e-138	Smp_336900	protein_coding
smansoni_prjna597909_primary	condition	condition__adult_control_vs_juvenile_control	adult_control	juvenile_control	Smp_342560	183.182407673598	4.75456422311405	0.188273213701263	25.253535166496	1.03569673744423e-140	4.07891898430118e-138	Smp_342560	protein_coding
smansoni_prjna597909_primary	condition	condition__adult_control_vs_juvenile_control	adult_control	juvenile_control	Smp_204120	358.903596520202	-2.90966705820437	0.117066420207063	-24.8548392703719	2.2923993018524e-136	8.66710328044357e-134	Smp_204120	protein_coding
smansoni_prjna597909_primary	condition	condition__adult_control_vs_juvenile_control	adult_control	juvenile_control	Smp_144440	4231.6221435968	8.54255979916087	0.343959655049028	24.8359354760465	3.6694049278162e-136	1.33396982221995e-133	Smp_144440	protein_coding
smansoni_prjna597909_primary	condition	condition__adult_control_vs_juvenile_control	adult_control	juvenile_control	Smp_140840	2447.05748132537	1.16338201909423	0.0474409340600106	24.5227469092959	8.45037541678186e-133	2.95825734960823e-130	Smp_140840	protein_coding
smansoni_prjna597909_primary	condition	condition__adult_control_vs_juvenile_control	adult_control	juvenile_control	Smp_128480	1193.76482733056	1.75540405870516	0.0716890619452097	24.4863583240463	2.06430135994281e-132	6.96849159077836e-130	Smp_128480	protein_coding
smansoni_prjna597909_primary	condition	condition__adult_control_vs_juvenile_control	adult_control	juvenile_control	Smp_052230	1846.36843732484	-2.085684970613	0.0857925458288238	-24.3107947253882	1.50726275458229e-130	4.91263708838337e-128	Smp_052230	protein_coding
smansoni_prjna597909_primary	condition	condition__adult_control_vs_juvenile_control	adult_control	juvenile_control	Smp_900100	2019.14643065234	2.04585867364968	0.0841951777828422	24.2990005784702	2.00859289183853e-130	6.32840667121926e-128	Smp_900100	protein_coding
smansoni_prjna597909_primary	condition	condition__adult_control_vs_juvenile_control	adult_control	juvenile_control	Smp_169090	1031.42135420189	2.93593128133947	0.122953668769295	23.878354429979	5.14130339327645e-126	1.56759998945964e-123	Smp_169090	protein_coding
smansoni_prjna597909_primary	condition	condition__adult_control_vs_juvenile_control	adult_control	juvenile_control	Smp_248100	523.426380236153	2.82806026779812	0.119685017351779	23.6291921108709	1.93198737270547e-123	5.70660770212877e-121	Smp_248100	protein_coding
smansoni_prjna597909_primary	condition	condition__adult_control_vs_juvenile_control	adult_control	juvenile_control	Smp_024660	1013.89411633009	-1.90281510082384	0.0805751061891953	-23.6154215714704	2.67626450966571e-123	7.66547034707886e-121	Smp_024660	protein_coding
smansoni_prjna597909_primary	condition	condition__adult_control_vs_juvenile_control	adult_control	juvenile_control	Smp_335190	909.430659130411	7.47228388853686	0.321500298095514	23.2419190053657	1.7170968115655e-119	4.77352913615208e-117	Smp_335190	protein_coding
smansoni_prjna597909_primary	condition	condition__adult_control_vs_juvenile_control	adult_control	juvenile_control	Smp_074080	2824.16476580939	-1.79767981787655	0.0776698302457956	-23.145149309424	1.62683763021197e-118	4.3933912230753e-116	Smp_074080	protein_coding
smansoni_prjna597909_primary	condition	condition__adult_control_vs_juvenile_control	adult_control	juvenile_control	Smp_214370	1248.83437435427	1.28970051916693	0.0559665172308038	23.0441446597125	1.68384005140032e-117	4.42101560162107e-115	Smp_214370	protein_coding
smansoni_prjna597909_primary	condition	condition__adult_control_vs_juvenile_control	adult_control	juvenile_control	Smp_314250	1061.32023748597	5.49317865469746	0.2385194197492	23.0303203842834	2.31670941001801e-117	5.91825333607844e-115	Smp_314250	protein_coding
smansoni_prjna597909_primary	condition	condition__adult_control_vs_juvenile_control	adult_control	juvenile_control	Smp_000310	2265.07360599863	1.23104280770696	0.0535488769717542	22.9891433270637	5.98588213628598e-117	1.48890941979408e-114	Smp_000310	protein_coding
smansoni_prjna597909_primary	condition	condition__adult_control_vs_juvenile_control	adult_control	juvenile_control	Smp_058240	4337.68971676976	1.10436511716723	0.0484113031137903	22.812133657535	3.4749089837637e-115	8.42175377295755e-113	Smp_058240	protein_coding
smansoni_prjna597909_primary	condition	condition__adult_control_vs_juvenile_control	adult_control	juvenile_control	Smp_126990	1936.75882157265	-1.50819454380349	0.0661704595041635	-22.7925656721274	5.4336941200474e-115	1.2839819205672e-112	Smp_126990	protein_coding
smansoni_prjna597909_primary	condition	condition__adult_control_vs_juvenile_control	adult_control	juvenile_control	Smp_158520	718.109220493466	2.82730554589138	0.124143299094546	22.7745320650625	8.20117375925287e-115	1.8906705944502e-112	Smp_158520	protein_coding
smansoni_prjna597909_primary	condition	condition__adult_control_vs_juvenile_control	adult_control	juvenile_control	Smp_135020	653.267308309501	2.03651213180233	0.0897468775476656	22.6917324306989	5.40657344686045e-114	1.21673648142202e-111	Smp_135020	protein_coding
smansoni_prjna597909_primary	condition	condition__adult_control_vs_juvenile_control	adult_control	juvenile_control	Smp_062070	3673.72075431322	1.79925772019976	0.079827139942952	22.5394235780661	1.7052414285753e-112	3.66316863247585e-110	Smp_062070	protein_coding
smansoni_prjna597909_primary	condition	condition__adult_control_vs_juvenile_control	adult_control	juvenile_control	Smp_334740	911.930240852265	2.05787735133029	0.0914629595647927	22.4995709861376	4.19095997409145e-112	8.80287859446943e-110	Smp_334740	protein_coding
smansoni_prjna597909_primary	condition	condition__adult_control_vs_juvenile_control	adult_control	juvenile_control	Smp_129830	803.409687980434	-1.86738518875975	0.0834130946147528	-22.3871946890876	5.24584538055337e-111	1.07790718558675e-108	Smp_129830	protein_coding
smansoni_prjna597909_primary	condition	condition__adult_control_vs_juvenile_control	adult_control	juvenile_control	Smp_033250	2196.09006078451	7.68458591167466	0.343329328899539	22.3825501197518	5.82180974493423e-111	1.17080310019401e-108	Smp_033250	protein_coding
smansoni_prjna597909_primary	condition	condition__adult_control_vs_juvenile_control	adult_control	juvenile_control	Smp_166930	2631.18093058746	1.1220206793318	0.0504995314099267	22.2184374390302	2.27860787588034e-109	4.4869586755877e-107	Smp_166930	protein_coding
smansoni_prjna597909_primary	condition	condition__adult_control_vs_juvenile_control	adult_control	juvenile_control	Smp_344360	2048.66371515617	8.01722188855734	0.361152979137481	22.1989637402531	3.51459237491143e-109	6.77957696482916e-107	Smp_344360	protein_coding
smansoni_prjna597909_primary	condition	condition__adult_control_vs_juvenile_control	adult_control	juvenile_control	Smp_162260	1864.87567040095	-1.02554605055005	0.0462513991564336	-22.1732978732471	6.21833398904306e-109	1.1755138572887e-106	Smp_162260	protein_coding
smansoni_prjna597909_primary	condition	condition__adult_control_vs_juvenile_control	adult_control	juvenile_control	Smp_084890	2008.53735224119	1.78722518551201	0.0808968875269834	22.0926322402191	3.72071715562695e-108	6.89572912842861e-106	Smp_084890	protein_coding
smansoni_prjna597909_primary	condition	condition__adult_control_vs_juvenile_control	adult_control	juvenile_control	Smp_012930	3111.32502503954	1.58037504058481	0.071563302713785	22.0835956510485	4.54453358166085e-108	8.26056373343429e-106	Smp_012930	protein_coding
smansoni_prjna597909_primary	condition	condition__adult_control_vs_juvenile_control	adult_control	juvenile_control	Smp_202970	315.825720323582	6.43605482290764	0.293953917683791	21.8947747783752	2.91340919100802e-106	5.19576295724676e-104	Smp_202970	protein_coding
smansoni_prjna597909_primary	condition	condition__adult_control_vs_juvenile_control	adult_control	juvenile_control	Smp_142320	1472.75381098684	-1.32815205249003	0.0607774284933992	-21.8527187709871	7.32403284670363e-106	1.28197700864894e-103	Smp_142320	protein_coding
smansoni_prjna597909_primary	condition	condition__adult_control_vs_juvenile_control	adult_control	juvenile_control	Smp_337380	202.479075432362	5.10721111212128	0.234140525165433	21.8125892923182	1.76215846725883e-105	3.02834942409645e-103	Smp_337380	protein_coding
smansoni_prjna597909_primary	condition	condition__adult_control_vs_juvenile_control	adult_control	juvenile_control	Smp_055260	218.966305224943	3.79845588788995	0.174151843738827	21.8111724018636	1.8175859046216e-105	3.06782535187203e-103	Smp_055260	protein_coding
smansoni_prjna597909_primary	condition	condition__adult_control_vs_juvenile_control	adult_control	juvenile_control	Smp_129840	1085.80717736086	-1.81847729226693	0.0836908944375287	-21.7284963255391	1.10357009895935e-104	1.82999027637961e-102	Smp_129840	protein_coding
smansoni_prjna597909_primary	condition	condition__adult_control_vs_juvenile_control	adult_control	juvenile_control	Smp_196950	246.424137904836	4.07455282513961	0.188615226936699	21.6024596280716	1.70302069844162e-103	2.72829688841868e-101	Smp_196950	protein_coding
smansoni_prjna597909_primary	condition	condition__adult_control_vs_juvenile_control	adult_control	juvenile_control	Smp_000950	103.986967396632	3.73211835354087	0.172998960726212	21.5730680570233	3.21638340317372e-103	5.06687598779967e-101	Smp_000950	protein_coding
smansoni_prjna597909_primary	condition	condition__adult_control_vs_juvenile_control	adult_control	juvenile_control	Smp_056460	439.928225196061	2.16302142277318	0.10166933873277	21.2750613875686	1.93260071704638e-100	2.94628096411651e-98	Smp_056460	protein_coding
smansoni_prjna597909_primary	condition	condition__adult_control_vs_juvenile_control	adult_control	juvenile_control	Smp_004200	1869.37430677972	1.21116966923798	0.0571462353037595	21.1942162558923	1.07981445673713e-99	1.62006448334593e-97	Smp_004200	protein_coding
smansoni_prjna597909_primary	condition	condition__adult_control_vs_juvenile_control	adult_control	juvenile_control	Smp_241840	1425.42110529816	1.25190377347864	0.0594456594605103	21.0596330302347	1.86614688471289e-98	2.75606568036035e-96	Smp_241840	protein_coding
smansoni_prjna597909_primary	condition	condition__adult_control_vs_juvenile_control	adult_control	juvenile_control	Smp_324380	166.795847508366	4.20811491765947	0.203558669872326	20.6727373503612	6.09589445154599e-95	8.86436836246349e-93	Smp_324380	protein_coding
smansoni_prjna597909_primary	condition	condition__adult_control_vs_juvenile_control	adult_control	juvenile_control	Smp_013540	1031.20652644202	7.59617287643804	0.367815193601732	20.6521454485187	9.33794718265586e-95	1.3373072237949e-92	Smp_013540	protein_coding
smansoni_prjna597909_primary	condition	condition__adult_control_vs_juvenile_control	adult_control	juvenile_control	Smp_242890	282.00137227824	1.70544551770963	0.082927044009789	20.5656132818181	5.57901130919938e-94	7.75482571978714e-92	Smp_242890	protein_coding
smansoni_prjna597909_primary	condition	condition__adult_control_vs_juvenile_control	adult_control	juvenile_control	Smp_349410	818.750530815321	5.57714136680117	0.272425467364029	20.4721732544509	3.81234662867278e-93	5.22236236727755e-91	Smp_349410	protein_coding
smansoni_prjna597909_primary	condition	condition__adult_control_vs_juvenile_control	adult_control	juvenile_control	Smp_241620	4972.20583519784	8.35899565137296	0.409828010571437	20.3963502634135	1.80171625872905e-92	2.43283172535814e-90	Smp_241620	protein_coding
smansoni_prjna597909_primary	condition	condition__adult_control_vs_juvenile_control	adult_control	juvenile_control	Smp_332940	1578.32170114179	1.23392632109118	0.0607470757454009	20.3125221411929	9.96533562878835e-92	1.32665285018743e-89	Smp_332940	protein_coding
smansoni_prjna597909_primary	condition	condition__adult_control_vs_juvenile_control	adult_control	juvenile_control	Smp_308930	691.833962361548	1.79034896368168	0.0884751443814258	20.2356150554928	4.75654807856509e-91	6.24429061647184e-89	Smp_308930	protein_coding
smansoni_prjna597909_primary	condition	condition__adult_control_vs_juvenile_control	adult_control	juvenile_control	Smp_316610	603.361499965554	9.93588300341755	0.493698882266829	20.1253909220874	4.42270277942972e-90	5.64910630691483e-88	Smp_316610	protein_coding
smansoni_prjna597909_primary	condition	condition__adult_control_vs_juvenile_control	adult_control	juvenile_control	Smp_011870	149.888650423425	3.69359163082999	0.184103440171771	20.0625888760353	1.56708892094625e-89	1.97494993077119e-87	Smp_011870	protein_coding
smansoni_prjna597909_primary	condition	condition__adult_control_vs_juvenile_control	adult_control	juvenile_control	Smp_129060	1576.47863483356	-1.16762285411359	0.0582355562222362	-20.0499991733186	2.01848478301987e-89	2.51035765382945e-87	Smp_129060	protein_coding
smansoni_prjna597909_primary	condition	condition__adult_control_vs_juvenile_control	adult_control	juvenile_control	Smp_214320	133.231078666803	6.44365761079368	0.322016241327131	20.0103497396197	4.47498023770784e-89	5.49318353335253e-87	Smp_214320	protein_coding
smansoni_prjna597909_primary	condition	condition__adult_control_vs_juvenile_control	adult_control	juvenile_control	Smp_065530	139.344177812191	6.70979816437595	0.341615405075186	19.6413805252699	6.85102341852499e-86	8.09448416898728e-84	Smp_065530	protein_coding
smansoni_prjna597909_primary	condition	condition__adult_control_vs_juvenile_control	adult_control	juvenile_control	Smp_174490	3366.75857462711	1.14553024033777	0.0584157190130567	19.609965599871	1.27117860753586e-85	1.48335558005295e-83	Smp_174490	protein_coding
smansoni_prjna597909_primary	condition	condition__adult_control_vs_juvenile_control	adult_control	juvenile_control	Smp_241440	211.195204951746	7.54628223595833	0.385044088531637	19.5984887464083	1.59284507076567e-85	1.83604531815575e-83	Smp_241440	protein_coding
smansoni_prjna597909_primary	condition	condition__adult_control_vs_juvenile_control	adult_control	juvenile_control	Smp_329430	325.275299042233	2.46415575440667	0.125988428637188	19.5585878882795	3.48598185759685e-85	3.96981933951872e-83	Smp_329430	protein_coding
smansoni_prjna597909_primary	condition	condition__adult_control_vs_juvenile_control	adult_control	juvenile_control	Smp_074190	664.046850054906	1.97777794130191	0.101469201700555	19.4914112672191	1.2985014609785e-84	1.46112331061533e-82	Smp_074190	protein_coding
smansoni_prjna597909_primary	condition	condition__adult_control_vs_juvenile_control	adult_control	juvenile_control	Smp_316380	962.767564873988	1.65575337443966	0.0850320416943957	19.4721112353202	1.89306083742827e-84	2.10508365122023e-82	Smp_316380	protein_coding
smansoni_prjna597909_primary	condition	condition__adult_control_vs_juvenile_control	adult_control	juvenile_control	Smp_164760	1744.87309243713	-1.06870206633477	0.0549498630093945	-19.448675716481	2.99055030159381e-84	3.28682342449589e-82	Smp_164760	protein_coding
smansoni_prjna597909_primary	condition	condition__adult_control_vs_juvenile_control	adult_control	juvenile_control	Smp_020550	7843.67556724865	-1.62120781995368	0.0836760721512322	-19.3748078545511	1.25930700739525e-83	1.3681574521724e-81	Smp_020550	protein_coding
smansoni_prjna597909_primary	condition	condition__adult_control_vs_juvenile_control	adult_control	juvenile_control	Smp_050270	2919.95640890516	7.85593821887643	0.406046820082967	19.3473703778082	2.14510969564404e-83	2.30404282309404e-81	Smp_050270	protein_coding
smansoni_prjna597909_primary	condition	condition__adult_control_vs_juvenile_control	adult_control	juvenile_control	Smp_059670	1462.36242447439	-1.22059694642481	0.0632348259342339	-19.30260625204	5.10673901519129e-83	5.42347159231327e-81	Smp_059670	protein_coding
smansoni_prjna597909_primary	condition	condition__adult_control_vs_juvenile_control	adult_control	juvenile_control	Smp_245380	581.833291083752	-1.2276254243219	0.0636494592217237	-19.2872875800163	6.86834873933507e-83	7.21329247602168e-81	Smp_245380	protein_coding
smansoni_prjna597909_primary	condition	condition__adult_control_vs_juvenile_control	adult_control	juvenile_control	Smp_335050	1419.27166905301	7.1110085809881	0.370028205480913	19.2174771427118	2.64312683187531e-82	2.71552552335711e-80	Smp_335050	protein_coding
smansoni_prjna597909_primary	condition	condition__adult_control_vs_juvenile_control	adult_control	juvenile_control	Smp_000270	1215.72216630423	8.80254656140259	0.458535002491395	19.1971093015255	3.91270312023311e-82	3.97665267660682e-80	Smp_000270	protein_coding
smansoni_prjna597909_primary	condition	condition__adult_control_vs_juvenile_control	adult_control	juvenile_control	Smp_041540	1108.84486815554	2.23710917199396	0.116600079825273	19.1861718735211	4.82930473382198e-82	4.85602003660483e-80	Smp_041540	protein_coding
smansoni_prjna597909_primary	condition	condition__adult_control_vs_juvenile_control	adult_control	juvenile_control	Smp_327770	946.789681041177	8.46823294626745	0.442858429523834	19.1217607743689	1.66394312825476e-81	1.63829067169417e-79	Smp_327770	protein_coding
smansoni_prjna597909_primary	condition	condition__adult_control_vs_juvenile_control	adult_control	juvenile_control	Smp_143970	103.442003116409	3.62200528655849	0.189833854166052	19.0798701447121	3.7117988474317e-81	3.61689924803345e-79	Smp_143970	protein_coding
smansoni_prjna597909_primary	condition	condition__adult_control_vs_juvenile_control	adult_control	juvenile_control	Smp_302830	551.614703304031	9.30910777306549	0.488712738144608	19.048220041097	6.79744504147631e-81	6.55606638081981e-79	Smp_302830	protein_coding
smansoni_prjna597909_primary	condition	condition__adult_control_vs_juvenile_control	adult_control	juvenile_control	Smp_049150	3558.74431588441	1.48883313618171	0.0786981067625132	18.9182840277791	8.06373729953971e-80	7.62184449552493e-78	Smp_049150	protein_coding
smansoni_prjna597909_primary	condition	condition__adult_control_vs_juvenile_control	adult_control	juvenile_control	Smp_329340	757.905309987481	1.48453155734577	0.0785028376702602	18.9105464388603	9.33840934599756e-80	8.73927179587811e-78	Smp_329340	protein_coding
smansoni_prjna597909_primary	condition	condition__adult_control_vs_juvenile_control	adult_control	juvenile_control	Smp_310040	164.901148439893	4.96830203777686	0.263851921025099	18.8298876827365	4.29671079531149e-79	3.98161867032198e-77	Smp_310040	protein_coding
smansoni_prjna597909_primary	condition	condition__adult_control_vs_juvenile_control	adult_control	juvenile_control	Smp_128190	278.132609333284	3.135897457996	0.166766711376304	18.8040972452827	6.99021437379638e-79	6.35302944818495e-77	Smp_128190	protein_coding
smansoni_prjna597909_primary	condition	condition__adult_control_vs_juvenile_control	adult_control	juvenile_control	Smp_306850	233.05885970684	8.31148399833065	0.442951389217782	18.7638738711444	1.49124420278362e-78	1.34240382902007e-76	Smp_306850	protein_coding
smansoni_prjna597909_primary	condition	condition__adult_control_vs_juvenile_control	adult_control	juvenile_control	Smp_127190	802.989408848517	-1.42675287969851	0.0760911334735023	-18.7505799239455	1.91491484741556e-78	1.70752595639357e-76	Smp_127190	protein_coding
smansoni_prjna597909_primary	condition	condition__adult_control_vs_juvenile_control	adult_control	juvenile_control	Smp_095350	204.766728091613	6.77968506915636	0.362838421311931	18.6851355064404	6.54125561353719e-78	5.77831290272463e-76	Smp_095350	protein_coding
smansoni_prjna597909_primary	condition	condition__adult_control_vs_juvenile_control	adult_control	juvenile_control	Smp_126210	127.548193856605	3.72094647725615	0.19947195393686	18.6539831982293	1.17210712013716e-77	1.02581078699411e-75	Smp_126210	protein_coding
smansoni_prjna597909_primary	condition	condition__adult_control_vs_juvenile_control	adult_control	juvenile_control	Smp_900060	10134.2704444822	4.04964493833	0.217290705468262	18.6369910742523	1.6104854785063e-77	1.39654208649923e-75	Smp_900060	protein_coding
smansoni_prjna597909_primary	condition	condition__adult_control_vs_juvenile_control	adult_control	juvenile_control	Smp_087580	5192.37905685982	1.03071380271309	0.0553297261970342	18.6285722622704	1.88485485964662e-77	1.6196043757618e-75	Smp_087580	protein_coding
smansoni_prjna597909_primary	condition	condition__adult_control_vs_juvenile_control	adult_control	juvenile_control	Smp_307900	788.380605286796	6.9929927174318	0.375614417621896	18.617476830911	2.31885542991405e-77	1.97457851563492e-75	Smp_307900	protein_coding
smansoni_prjna597909_primary	condition	condition__adult_control_vs_juvenile_control	adult_control	juvenile_control	Smp_326610	1610.09004748912	7.73607953068552	0.418522429803366	18.4842650710982	2.7643971091143e-76	2.31230809516358e-74	Smp_326610	protein_coding
smansoni_prjna597909_primary	condition	condition__adult_control_vs_juvenile_control	adult_control	juvenile_control	Smp_082740	1353.21606610074	1.16615324290489	0.0633083044705077	18.4202254768669	9.04260535892726e-76	7.49743033794565e-74	Smp_082740	protein_coding
smansoni_prjna597909_primary	condition	condition__adult_control_vs_juvenile_control	adult_control	juvenile_control	Smp_140200	716.037791066061	1.34322677171888	0.073192577880041	18.3519533076204	3.18455338496887e-75	2.61742596475876e-73	Smp_140200	protein_coding
smansoni_prjna597909_primary	condition	condition__adult_control_vs_juvenile_control	adult_control	juvenile_control	Smp_900040	4254.25621087757	1.95432210977847	0.10658258623431	18.3362233815766	4.25338730454009e-75	3.46577731056146e-73	Smp_900040	protein_coding
smansoni_prjna597909_primary	condition	condition__adult_control_vs_juvenile_control	adult_control	juvenile_control	Smp_129260	2830.2883156566	1.00425097184833	0.0549120499617413	18.2883533313365	1.02463810458443e-74	8.27767467054017e-73	Smp_129260	protein_coding
smansoni_prjna597909_primary	condition	condition__adult_control_vs_juvenile_control	adult_control	juvenile_control	Smp_243790	1569.49353785463	-2.50592683862455	0.137699430846331	-18.1985272068488	5.30140364489161e-74	4.24651417385725e-72	Smp_243790	protein_coding
smansoni_prjna597909_primary	condition	condition__adult_control_vs_juvenile_control	adult_control	juvenile_control	Smp_038030	2719.98830705765	1.35266471373913	0.0745587552976355	18.1422652288031	1.47811383908098e-73	1.17404470647003e-71	Smp_038030	protein_coding
smansoni_prjna597909_primary	condition	condition__adult_control_vs_juvenile_control	adult_control	juvenile_control	Smp_057090	432.842753787639	-1.37758120349571	0.0759458128093543	-18.1390013818646	1.56855362117099e-73	1.23549740227568e-71	Smp_057090	protein_coding
smansoni_prjna597909_primary	condition	condition__adult_control_vs_juvenile_control	adult_control	juvenile_control	Smp_083770	341.192992223521	1.92545561417249	0.106390174996543	18.0980585306402	3.30099643317165e-73	2.57859655258995e-71	Smp_083770	protein_coding
smansoni_prjna597909_primary	condition	condition__adult_control_vs_juvenile_control	adult_control	juvenile_control	Smp_304890	842.194630411461	-1.09764334392239	0.0606668599403496	-18.0929645114588	3.62075681438736e-73	2.80519618111388e-71	Smp_304890	protein_coding
smansoni_prjna597909_primary	condition	condition__adult_control_vs_juvenile_control	adult_control	juvenile_control	Smp_245090	2312.04742651668	-1.02630608485159	0.0568027925181169	-18.0678808092799	5.7063864979674e-73	4.38510286006406e-71	Smp_245090	protein_coding
smansoni_prjna597909_primary	condition	condition__adult_control_vs_juvenile_control	adult_control	juvenile_control	Smp_012400	530.269231475432	1.1206771366026	0.0621191157248802	18.0407773601603	9.32233113349429e-73	7.10602208659581e-71	Smp_012400	protein_coding
smansoni_prjna597909_primary	condition	condition__adult_control_vs_juvenile_control	adult_control	juvenile_control	Smp_140940	1661.87501164329	-1.2792101484061	0.0709702579091746	-18.0245948949938	1.24923692019353e-72	9.44622989573543e-71	Smp_140940	protein_coding
smansoni_prjna597909_primary	condition	condition__adult_control_vs_juvenile_control	adult_control	juvenile_control	Smp_345170	415.012709449729	-1.67141768744446	0.0928089344904942	-18.0092325875765	1.64898798069011e-72	1.2370027296415e-70	Smp_345170	protein_coding
smansoni_prjna597909_primary	condition	condition__adult_control_vs_juvenile_control	adult_control	juvenile_control	Smp_087760	3814.62317020226	1.56034371275037	0.0867710857582253	17.9823001996084	2.68134413038677e-72	1.99559564727683e-70	Smp_087760	protein_coding
smansoni_prjna597909_primary	condition	condition__adult_control_vs_juvenile_control	adult_control	juvenile_control	Smp_090980	364.803986614606	-1.42220582078147	0.0793982608258062	-17.9123044508706	9.45391839927749e-72	6.92701059767216e-70	Smp_090980	protein_coding
smansoni_prjna597909_primary	condition	condition__adult_control_vs_juvenile_control	adult_control	juvenile_control	Smp_007670	291.931210409132	1.68214565927718	0.0939729803806092	17.900311903104	1.17263351741958e-71	8.52594769742296e-70	Smp_007670	protein_coding
smansoni_prjna597909_primary	condition	condition__adult_control_vs_juvenile_control	adult_control	juvenile_control	Smp_140720	253.088151720982	4.13422395947906	0.231170314231355	17.883887787346	1.57463943230418e-71	1.13614442092665e-69	Smp_140720	protein_coding
smansoni_prjna597909_primary	condition	condition__adult_control_vs_juvenile_control	adult_control	juvenile_control	Smp_307260	682.711167792785	1.74458811293593	0.0976967394623517	17.8571784742951	2.54167004294019e-71	1.80630565758426e-69	Smp_307260	protein_coding
smansoni_prjna597909_primary	condition	condition__adult_control_vs_juvenile_control	adult_control	juvenile_control	Smp_021790	415.338173101832	-1.43658965150853	0.0806201415202797	-17.8192400114698	5.01126935743865e-71	3.53481477362016e-69	Smp_021790	protein_coding
smansoni_prjna597909_primary	condition	condition__adult_control_vs_juvenile_control	adult_control	juvenile_control	Smp_342050	1127.65927937163	-1.27031231574699	0.0713657348989245	-17.8000313111907	7.06293764444855e-71	4.9451027122465e-69	Smp_342050	protein_coding
smansoni_prjna597909_primary	condition	condition__adult_control_vs_juvenile_control	adult_control	juvenile_control	Smp_142250	2362.15483585109	-1.04494006716586	0.0587466331985228	-17.7872332467919	8.87554631550191e-71	6.16850468927383e-69	Smp_142250	protein_coding
smansoni_prjna597909_primary	condition	condition__adult_control_vs_juvenile_control	adult_control	juvenile_control	Smp_241470	3003.51117446154	-1.09436811333248	0.0615782240784378	-17.7719986198122	1.16466342018904e-70	8.0353274800196e-69	Smp_241470	protein_coding
smansoni_prjna597909_primary	condition	condition__adult_control_vs_juvenile_control	adult_control	juvenile_control	Smp_030870	536.731645232764	-1.25263660573377	0.0707018189508784	-17.7171765072136	3.09039250662681e-70	2.11669492555338e-68	Smp_030870	protein_coding
smansoni_prjna597909_primary	condition	condition__adult_control_vs_juvenile_control	adult_control	juvenile_control	Smp_306270	777.271931912562	-1.05405549842359	0.0594956076627916	-17.7165263089294	3.12631202555893e-70	2.12589217738007e-68	Smp_306270	protein_coding
smansoni_prjna597909_primary	condition	condition__adult_control_vs_juvenile_control	adult_control	juvenile_control	Smp_059530	13305.0948713245	1.7006718809608	0.096164230105358	17.6850776957038	5.46456888936303e-70	3.66319894625953e-68	Smp_059530	protein_coding
smansoni_prjna597909_primary	condition	condition__adult_control_vs_juvenile_control	adult_control	juvenile_control	Smp_093980	166.293872031736	-5.45073572903343	0.309038749312715	-17.6377096437115	1.26484683867047e-69	8.36037225112816e-68	Smp_093980	protein_coding
smansoni_prjna597909_primary	condition	condition__adult_control_vs_juvenile_control	adult_control	juvenile_control	Smp_103140	1479.623450716	-1.09605597676743	0.0621684865275281	-17.6304111293122	1.43916739653377e-69	9.38138636692218e-68	Smp_103140	protein_coding
smansoni_prjna597909_primary	condition	condition__adult_control_vs_juvenile_control	adult_control	juvenile_control	Smp_244860	111.629804652043	3.50656674563393	0.200341142658099	17.5029786648378	1.35968743695088e-68	8.62534607655013e-67	Smp_244860	protein_coding
smansoni_prjna597909_primary	condition	condition__adult_control_vs_juvenile_control	adult_control	juvenile_control	Smp_340840	1472.90611218883	6.11309961340906	0.350189993211559	17.4565228359223	3.07078041095747e-68	1.93500109629133e-66	Smp_340840	protein_coding
smansoni_prjna597909_primary	condition	condition__adult_control_vs_juvenile_control	adult_control	juvenile_control	Smp_345740	857.23463329068	-1.13231892522123	0.0649130434284934	-17.4436271266277	3.84855232819698e-68	2.40904083484224e-66	Smp_345740	protein_coding
smansoni_prjna597909_primary	condition	condition__adult_control_vs_juvenile_control	adult_control	juvenile_control	Smp_060030	270.257542674758	-2.06071129787063	0.119361925913607	-17.2643938349499	8.72148098916644e-67	5.35295053958449e-65	Smp_060030	protein_coding
smansoni_prjna597909_primary	condition	condition__adult_control_vs_juvenile_control	adult_control	juvenile_control	Smp_168270	545.430614063282	-1.16235234312951	0.0673312335620097	-17.2631969093367	8.90418520963236e-67	5.42982958719001e-65	Smp_168270	protein_coding
smansoni_prjna597909_primary	condition	condition__adult_control_vs_juvenile_control	adult_control	juvenile_control	Smp_142520	562.418911191521	1.20472152709342	0.0705318610410244	17.0805294134052	2.0723002396221e-65	1.23970771296887e-63	Smp_142520	protein_coding
smansoni_prjna597909_primary	condition	condition__adult_control_vs_juvenile_control	adult_control	juvenile_control	Smp_328530	368.307824014119	1.78988431121138	0.104921385470802	17.0592897070491	2.98158477831352e-65	1.77244901412701e-63	Smp_328530	protein_coding
smansoni_prjna597909_primary	condition	condition__adult_control_vs_juvenile_control	adult_control	juvenile_control	Smp_341380	163.456637242188	2.81884583997196	0.165363278816188	17.0463833334201	3.71841302738419e-65	2.18300869160468e-63	Smp_341380	protein_coding
smansoni_prjna597909_primary	condition	condition__adult_control_vs_juvenile_control	adult_control	juvenile_control	Smp_153140	469.378116449853	-1.46233889954857	0.0860518349219016	-16.993698052758	9.14380927214341e-65	5.30228743805518e-63	Smp_153140	protein_coding
smansoni_prjna597909_primary	condition	condition__adult_control_vs_juvenile_control	adult_control	juvenile_control	Smp_049610	405.12373114186	-1.38500104571172	0.0815526420607913	-16.9829083486873	1.09902292787495e-64	6.29573619046912e-63	Smp_049610	protein_coding
smansoni_prjna597909_primary	condition	condition__adult_control_vs_juvenile_control	adult_control	juvenile_control	Smp_300840	737.860578628778	-1.27039111979529	0.0749215797284216	-16.9562778094142	1.7295989269449e-64	9.84829461294168e-63	Smp_300840	protein_coding
smansoni_prjna597909_primary	condition	condition__adult_control_vs_juvenile_control	adult_control	juvenile_control	Smp_021220	3102.22925163095	1.09487899559493	0.0646030123573146	16.947800971559	1.99787849265173e-64	1.13077530015234e-62	Smp_021220	protein_coding
smansoni_prjna597909_primary	condition	condition__adult_control_vs_juvenile_control	adult_control	juvenile_control	Smp_306840	97.4153038641756	5.86887647834622	0.346827658610933	16.9215929947786	3.11879587796748e-64	1.74431116204429e-62	Smp_306840	protein_coding
smansoni_prjna597909_primary	condition	condition__adult_control_vs_juvenile_control	adult_control	juvenile_control	Smp_194750	141.578162707595	5.68238376462055	0.335923419294584	16.9157118504961	3.4462726384365e-64	1.91612758697069e-62	Smp_194750	protein_coding
smansoni_prjna597909_primary	condition	condition__adult_control_vs_juvenile_control	adult_control	juvenile_control	Smp_124510	91.047234178229	5.84946955919814	0.347701796171345	16.8232365308679	1.64898861331866e-63	9.11476045209822e-62	Smp_124510	protein_coding
smansoni_prjna597909_primary	condition	condition__adult_control_vs_juvenile_control	adult_control	juvenile_control	Smp_089320	1166.30416645277	1.41300932520658	0.0846662188611394	16.6891747879287	1.57127586443815e-62	8.53545946590194e-61	Smp_089320	protein_coding
smansoni_prjna597909_primary	condition	condition__adult_control_vs_juvenile_control	adult_control	juvenile_control	Smp_322860	75.8888108267549	4.83624985222554	0.2902343982406	16.6632552224783	2.42461194689974e-62	1.30212682511911e-60	Smp_322860	protein_coding
smansoni_prjna597909_primary	condition	condition__adult_control_vs_juvenile_control	adult_control	juvenile_control	Smp_195090	656.336613984311	1.91770475755332	0.1152356751722	16.6415891145484	3.48252123875455e-62	1.8597056920174e-60	Smp_195090	protein_coding
smansoni_prjna597909_primary	condition	condition__adult_control_vs_juvenile_control	adult_control	juvenile_control	Smp_326530	279.069787829676	8.75854502193142	0.526478728161645	16.6360852840426	3.81775403104574e-62	2.027270286598e-60	Smp_326530	protein_coding
smansoni_prjna597909_primary	condition	condition__adult_control_vs_juvenile_control	adult_control	juvenile_control	Smp_195060	1325.94234816895	1.57582256159314	0.0950007569597793	16.5874737425545	8.58564828837322e-62	4.50841931231687e-60	Smp_195060	protein_coding
smansoni_prjna597909_primary	condition	condition__adult_control_vs_juvenile_control	adult_control	juvenile_control	Smp_129960	395.722042238834	1.67516566663957	0.101085225116374	16.5718151659755	1.11411263054106e-61	5.81800695241662e-60	Smp_129960	protein_coding
smansoni_prjna597909_primary	condition	condition__adult_control_vs_juvenile_control	adult_control	juvenile_control	Smp_137950	505.12027802142	-1.08242153752113	0.0661035374355687	-16.374638627716	2.90226080058361e-60	1.49902563317575e-58	Smp_137950	protein_coding
smansoni_prjna597909_primary	condition	condition__adult_control_vs_juvenile_control	adult_control	juvenile_control	Smp_145020	69.6357466271833	4.55449799510496	0.278585797181947	16.3486367258356	4.44820773863054e-60	2.27267348894788e-58	Smp_145020	protein_coding
smansoni_prjna597909_primary	condition	condition__adult_control_vs_juvenile_control	adult_control	juvenile_control	Smp_155210	303.007736174466	2.39724886217444	0.146643012616134	16.3475150940174	4.53083335939212e-60	2.30244284478357e-58	Smp_155210	protein_coding
smansoni_prjna597909_primary	condition	condition__adult_control_vs_juvenile_control	adult_control	juvenile_control	Smp_135840	3402.17670501191	1.06136556986734	0.0650359684671107	16.3196704052172	7.15207051724068e-60	3.61504655235075e-58	Smp_135840	protein_coding
smansoni_prjna597909_primary	condition	condition__adult_control_vs_juvenile_control	adult_control	juvenile_control	Smp_310050	210.961227672953	3.89415449248108	0.239260843483117	16.2757701418698	1.46662633326735e-59	7.37369792661863e-58	Smp_310050	protein_coding
smansoni_prjna597909_primary	condition	condition__adult_control_vs_juvenile_control	adult_control	juvenile_control	Smp_141490	411.331100429756	2.89386996640025	0.177912976153104	16.2656486838257	1.73024930928938e-59	8.65307749809693e-58	Smp_141490	protein_coding
smansoni_prjna597909_primary	condition	condition__adult_control_vs_juvenile_control	adult_control	juvenile_control	Smp_049160	361.484229363407	-1.8447312072182	0.113455327892161	-16.2595379299562	1.91174259292953e-59	9.51041630966838e-58	Smp_049160	protein_coding
smansoni_prjna597909_primary	condition	condition__adult_control_vs_juvenile_control	adult_control	juvenile_control	Smp_141120	1398.56446196808	-1.04532257111498	0.0646051878454768	-16.1801645653471	6.96081409130937e-59	3.39142344283795e-57	Smp_141120	protein_coding
smansoni_prjna597909_primary	condition	condition__adult_control_vs_juvenile_control	adult_control	juvenile_control	Smp_302980	4958.22263930052	6.80035744361938	0.420421343366785	16.1751004103676	7.55744491927631e-59	3.6632291988205e-57	Smp_302980	protein_coding
smansoni_prjna597909_primary	condition	condition__adult_control_vs_juvenile_control	adult_control	juvenile_control	Smp_114660	2709.7780105287	1.55928537172146	0.096436863868087	16.1689763559125	8.34737770983401e-59	4.02548031190567e-57	Smp_114660	protein_coding
smansoni_prjna597909_primary	condition	condition__adult_control_vs_juvenile_control	adult_control	juvenile_control	Smp_139530	752.314050521912	-1.07759011543911	0.0668744249359214	-16.1136356158823	2.04630731909181e-58	9.8181201929217e-57	Smp_139530	protein_coding
smansoni_prjna597909_primary	condition	condition__adult_control_vs_juvenile_control	adult_control	juvenile_control	Smp_016380	956.091681660369	-1.24464989223183	0.07728621879767	-16.1044221284811	2.37506502429601e-58	1.13379366715383e-56	Smp_016380	protein_coding
smansoni_prjna597909_primary	condition	condition__adult_control_vs_juvenile_control	adult_control	juvenile_control	Smp_167660	783.7092951821	1.66187892166314	0.103265340964086	16.0932884755702	2.84325700182552e-58	1.35047563724898e-56	Smp_167660	protein_coding
smansoni_prjna597909_primary	condition	condition__adult_control_vs_juvenile_control	adult_control	juvenile_control	Smp_083480	453.596586920684	-1.02345205879726	0.0638785803360459	-16.0218347592133	8.99562790103146e-58	4.23018283186813e-56	Smp_083480	protein_coding
smansoni_prjna597909_primary	condition	condition__adult_control_vs_juvenile_control	adult_control	juvenile_control	Smp_161360	608.881596559022	-1.06170985435812	0.0664921194171198	-15.9674539428917	2.15400577868609e-57	9.98022677457889e-56	Smp_161360	protein_coding
smansoni_prjna597909_primary	condition	condition__adult_control_vs_juvenile_control	adult_control	juvenile_control	Smp_333320	471.845047974185	-1.28346881472425	0.0804423601839594	-15.9551362216269	2.62400513235987e-57	1.20985836639344e-55	Smp_333320	protein_coding
smansoni_prjna597909_primary	condition	condition__adult_control_vs_juvenile_control	adult_control	juvenile_control	Smp_013080	476.968544384063	-1.20404315006748	0.075525458256577	-15.9422157489873	3.22705558779228e-57	1.48068589397149e-55	Smp_013080	protein_coding
smansoni_prjna597909_primary	condition	condition__adult_control_vs_juvenile_control	adult_control	juvenile_control	Smp_175310	457.386573381318	1.85952559449132	0.116951029592695	15.900036117403	6.33282327081912e-57	2.89168336018272e-55	Smp_175310	protein_coding
smansoni_prjna597909_primary	condition	condition__adult_control_vs_juvenile_control	adult_control	juvenile_control	Smp_099770	1518.02512296881	1.85949288213367	0.117354521529195	15.8450893745162	1.52004733864229e-56	6.80923575585164e-55	Smp_099770	protein_coding
smansoni_prjna597909_primary	condition	condition__adult_control_vs_juvenile_control	adult_control	juvenile_control	Smp_160160	433.693874750414	1.94263874897799	0.122679415311547	15.8350832048279	1.78223256949032e-56	7.94606709755777e-55	Smp_160160	protein_coding
smansoni_prjna597909_primary	condition	condition__adult_control_vs_juvenile_control	adult_control	juvenile_control	Smp_151310	322.287030609702	-1.55447998802419	0.0984786460200302	-15.7849447656705	3.94994906904549e-56	1.74462236451486e-54	Smp_151310	protein_coding
smansoni_prjna597909_primary	condition	condition__adult_control_vs_juvenile_control	adult_control	juvenile_control	Smp_341790	338.793207154973	-2.98574360131476	0.190037970631618	-15.7113001753872	1.2655680308452e-55	5.53803195719855e-54	Smp_341790	protein_coding
smansoni_prjna597909_primary	condition	condition__adult_control_vs_juvenile_control	adult_control	juvenile_control	Smp_319560	165.509777436441	2.51308685700355	0.160021285923396	15.7047035492928	1.40432602310431e-55	6.11690763612072e-54	Smp_319560	protein_coding
smansoni_prjna597909_primary	condition	condition__adult_control_vs_juvenile_control	adult_control	juvenile_control	Smp_061100	336.025823960623	1.81710014350854	0.115794724361234	15.6924260024136	1.70416152032722e-55	7.38886912391418e-54	Smp_061100	protein_coding
smansoni_prjna597909_primary	condition	condition__adult_control_vs_juvenile_control	adult_control	juvenile_control	Smp_000280	4505.21968886678	8.21859290725058	0.525131665017586	15.6505376741571	3.29424482985626e-55	1.42179005168043e-53	Smp_000280	protein_coding
smansoni_prjna597909_primary	condition	condition__adult_control_vs_juvenile_control	adult_control	juvenile_control	Smp_153930	520.473482813573	1.35022287301152	0.086514108209371	15.6069674756847	6.52662691791394e-55	2.77881430757309e-53	Smp_153930	protein_coding
smansoni_prjna597909_primary	condition	condition__adult_control_vs_juvenile_control	adult_control	juvenile_control	Smp_900110	15967.1798478283	1.16248924885106	0.0745090044578942	15.6019967963469	7.05524359499575e-55	2.97706082410267e-53	Smp_900110	protein_coding
smansoni_prjna597909_primary	condition	condition__adult_control_vs_juvenile_control	adult_control	juvenile_control	Smp_174350	515.761779139099	-1.31385516144277	0.084486530955043	-15.5510605843422	1.56492677826064e-54	6.51616207406147e-53	Smp_174350	protein_coding
smansoni_prjna597909_primary	condition	condition__adult_control_vs_juvenile_control	adult_control	juvenile_control	Smp_078720	55.2864684862363	3.65039432384356	0.235558865616147	15.4967392727728	3.6494935111058e-54	1.50633243087214e-52	Smp_078720	protein_coding
smansoni_prjna597909_primary	condition	condition__adult_control_vs_juvenile_control	adult_control	juvenile_control	Smp_056350	533.760476601833	1.47297079124929	0.0952500292411776	15.4642555281496	6.04682975221403e-54	2.48498412251856e-52	Smp_056350	protein_coding
smansoni_prjna597909_primary	condition	condition__adult_control_vs_juvenile_control	adult_control	juvenile_control	Smp_176350	1437.62197838546	-1.11144081191768	0.0719845058779308	-15.4400005718235	8.8099487346581e-54	3.6048327030298e-52	Smp_176350	protein_coding
smansoni_prjna597909_primary	condition	condition__adult_control_vs_juvenile_control	adult_control	juvenile_control	Smp_128920	1454.18293950513	-1.96537760551175	0.127809657028195	-15.3773795440057	2.3215498813421e-53	9.45831443036445e-52	Smp_128920	protein_coding
smansoni_prjna597909_primary	condition	condition__adult_control_vs_juvenile_control	adult_control	juvenile_control	Smp_307840	422.786351773893	1.64917737352697	0.107270940019268	15.3739435231083	2.44804006011167e-53	9.93084748848733e-52	Smp_307840	protein_coding
smansoni_prjna597909_primary	condition	condition__adult_control_vs_juvenile_control	adult_control	juvenile_control	Smp_330650	476.985352652248	-1.36933180390019	0.0890858118382974	-15.3709302934312	2.56460072113197e-53	1.03592333402305e-51	Smp_330650	protein_coding
smansoni_prjna597909_primary	condition	condition__adult_control_vs_juvenile_control	adult_control	juvenile_control	Smp_304260	1284.35213435187	1.59314943428059	0.103815495006794	15.3459696375413	3.76885596300782e-53	1.50308972836919e-51	Smp_304260	protein_coding
smansoni_prjna597909_primary	condition	condition__adult_control_vs_juvenile_control	adult_control	juvenile_control	Smp_146760	124.032684021106	3.33827620915263	0.217759596625999	15.3300991592398	4.81251366099606e-53	1.90325854074204e-51	Smp_146760	protein_coding
smansoni_prjna597909_primary	condition	condition__adult_control_vs_juvenile_control	adult_control	juvenile_control	Smp_180660	109.739685192704	3.5501437090751	0.232039609450013	15.299731444514	7.67727636295398e-53	3.02356734094338e-51	Smp_180660	protein_coding
smansoni_prjna597909_primary	condition	condition__adult_control_vs_juvenile_control	adult_control	juvenile_control	Smp_314170	393.214093579506	-1.35421406742558	0.0885682509308116	-15.2900622197392	8.90650165375751e-53	3.49312255731602e-51	Smp_314170	protein_coding
smansoni_prjna597909_primary	condition	condition__adult_control_vs_juvenile_control	adult_control	juvenile_control	Smp_349350	69.8789198016016	6.49183468218124	0.424931630600248	15.2773627913061	1.08232856528324e-52	4.22734280952777e-51	Smp_349350	protein_coding
smansoni_prjna597909_primary	condition	condition__adult_control_vs_juvenile_control	adult_control	juvenile_control	Smp_342880	2071.01551218774	-1.26194034751757	0.082752965524122	-15.2494879129102	1.65929336275215e-52	6.4541731953635e-51	Smp_342880	protein_coding
smansoni_prjna597909_primary	condition	condition__adult_control_vs_juvenile_control	adult_control	juvenile_control	Smp_154740	399.386321020324	-1.18787996539545	0.0783553186792569	-15.1601701762962	6.49009589121189e-52	2.49367424242824e-50	Smp_154740	protein_coding
smansoni_prjna597909_primary	condition	condition__adult_control_vs_juvenile_control	adult_control	juvenile_control	Smp_202690	4085.45532454077	1.42736905028384	0.0943852771972687	15.1227934341983	1.14577228580497e-51	4.38455046373628e-50	Smp_202690	protein_coding
smansoni_prjna597909_primary	condition	condition__adult_control_vs_juvenile_control	adult_control	juvenile_control	Smp_138010	125.242709146809	2.8664440398848	0.19044104161103	15.0516087059607	3.36940057267184e-51	1.25879739971914e-49	Smp_138010	protein_coding
smansoni_prjna597909_primary	condition	condition__adult_control_vs_juvenile_control	adult_control	juvenile_control	Smp_194830	2577.84848387203	-1.38372298546303	0.0919421858070021	-15.0499248339346	3.45626779487836e-51	1.28616705500749e-49	Smp_194830	protein_coding
smansoni_prjna597909_primary	condition	condition__adult_control_vs_juvenile_control	adult_control	juvenile_control	Smp_105730	202.97290401909	2.74472081357966	0.182449549378643	15.0437248155843	3.79577426020329e-51	1.40696699244869e-49	Smp_105730	protein_coding
smansoni_prjna597909_primary	condition	condition__adult_control_vs_juvenile_control	adult_control	juvenile_control	Smp_244300	156.981229354817	2.53532646469135	0.168543800260411	15.0425376713596	3.86447180271412e-51	1.42683544840835e-49	Smp_244300	protein_coding
smansoni_prjna597909_primary	condition	condition__adult_control_vs_juvenile_control	adult_control	juvenile_control	Smp_347270	1439.49801983679	1.46607153308733	0.0976347511989373	15.0158782102093	5.77913530664424e-51	2.11722429916284e-49	Smp_347270	protein_coding
smansoni_prjna597909_primary	condition	condition__adult_control_vs_juvenile_control	adult_control	juvenile_control	Smp_139720	2988.22950972657	1.09411023704122	0.0728708513304518	15.0143742945954	5.91170831112472e-51	2.15743115663131e-49	Smp_139720	protein_coding
smansoni_prjna597909_primary	condition	condition__adult_control_vs_juvenile_control	adult_control	juvenile_control	Smp_900080	3375.46657090298	1.40956375361725	0.0939108482643107	15.0095945214982	6.35349055378163e-51	2.30973818132092e-49	Smp_900080	protein_coding
smansoni_prjna597909_primary	condition	condition__adult_control_vs_juvenile_control	adult_control	juvenile_control	Smp_346890	3948.86980423987	1.01193793795401	0.0675013988048699	14.9913624883431	8.36200671877436e-51	3.02826388911323e-49	Smp_346890	protein_coding
smansoni_prjna597909_primary	condition	condition__adult_control_vs_juvenile_control	adult_control	juvenile_control	Smp_145400	381.784632573842	1.82808986032603	0.122095872503505	14.9725770645813	1.10937737223392e-50	3.98700947618061e-49	Smp_145400	protein_coding
smansoni_prjna597909_primary	condition	condition__adult_control_vs_juvenile_control	adult_control	juvenile_control	Smp_344950	1032.34436741781	1.4841564881119	0.0993984708651788	14.9313814910188	2.05954559499785e-50	7.37379733481808e-49	Smp_344950	protein_coding
smansoni_prjna597909_primary	condition	condition__adult_control_vs_juvenile_control	adult_control	juvenile_control	Smp_181470	2019.83227855918	1.30535093416247	0.0878018296328596	14.8670129041815	5.39680895987851e-50	1.89630625608817e-48	Smp_181470	protein_coding
smansoni_prjna597909_primary	condition	condition__adult_control_vs_juvenile_control	adult_control	juvenile_control	Smp_179710	836.582109617242	2.12352768140164	0.143172592113366	14.831942692776	9.10590345964011e-50	3.17597784134754e-48	Smp_179710	protein_coding
smansoni_prjna597909_primary	condition	condition__adult_control_vs_juvenile_control	adult_control	juvenile_control	Smp_053640	737.012272003868	-1.42865898471466	0.0963987953518145	-14.8202991489745	1.08301062866257e-49	3.76346193460242e-48	Smp_053640	protein_coding
smansoni_prjna597909_primary	condition	condition__adult_control_vs_juvenile_control	adult_control	juvenile_control	Smp_034610	210.478967903727	-1.91569363630483	0.129432114778431	-14.8007597618583	1.44837317348701e-49	5.01466052593378e-48	Smp_034610	protein_coding
smansoni_prjna597909_primary	condition	condition__adult_control_vs_juvenile_control	adult_control	juvenile_control	Smp_333000	264.545559306108	2.4775521488468	0.167433109252034	14.7972653671347	1.52560123305027e-49	5.26276746525226e-48	Smp_333000	protein_coding
smansoni_prjna597909_primary	condition	condition__adult_control_vs_juvenile_control	adult_control	juvenile_control	Smp_309250	2122.79424699564	8.68417768225267	0.58691385634315	14.7963412149794	1.54670208870349e-49	5.31615568815468e-48	Smp_309250	protein_coding
smansoni_prjna597909_primary	condition	condition__adult_control_vs_juvenile_control	adult_control	juvenile_control	Smp_145290	491.743526036493	2.19618101209025	0.149373250065848	14.7026392685579	6.19955014351955e-49	2.0927909984481e-47	Smp_145290	protein_coding
smansoni_prjna597909_primary	condition	condition__adult_control_vs_juvenile_control	adult_control	juvenile_control	Smp_194970	2416.66071223072	1.50928280384677	0.102657490886815	14.7021205253383	6.24723181227095e-49	2.10138203165783e-47	Smp_194970	protein_coding
smansoni_prjna597909_primary	condition	condition__adult_control_vs_juvenile_control	adult_control	juvenile_control	Smp_132930	358.414300487799	-1.03597705098846	0.0706139117682924	-14.6710049768641	9.88697612197894e-49	3.27900695806824e-47	Smp_132930	protein_coding
smansoni_prjna597909_primary	condition	condition__adult_control_vs_juvenile_control	adult_control	juvenile_control	Smp_155290	619.695432456485	-1.32669615522428	0.0905403148478647	-14.6530985390711	1.28709603358621e-48	4.25371738092895e-47	Smp_155290	protein_coding
smansoni_prjna597909_primary	condition	condition__adult_control_vs_juvenile_control	adult_control	juvenile_control	Smp_347530	1036.4197028905	1.23610199094417	0.0844635937080155	14.6347312099612	1.68640826044112e-48	5.51554701650154e-47	Smp_347530	protein_coding
smansoni_prjna597909_primary	condition	condition__adult_control_vs_juvenile_control	adult_control	juvenile_control	Smp_057860	1054.45989698292	1.15041549111286	0.078722817313591	14.6134949227008	2.30389625297138e-48	7.50911289071913e-47	Smp_057860	protein_coding
smansoni_prjna597909_primary	condition	condition__adult_control_vs_juvenile_control	adult_control	juvenile_control	Smp_176430	644.293736845688	-1.3249052316807	0.0908027249633185	-14.5910294235765	3.2032733601358e-48	1.04045841237126e-46	Smp_176430	protein_coding
smansoni_prjna597909_primary	condition	condition__adult_control_vs_juvenile_control	adult_control	juvenile_control	Smp_074390	738.510516877262	1.08362866103546	0.0743455122331315	14.5755759626409	4.017201998181e-48	1.28713875548498e-46	Smp_074390	protein_coding
smansoni_prjna597909_primary	condition	condition__adult_control_vs_juvenile_control	adult_control	juvenile_control	Smp_331330	3110.23172183667	-1.27046498560961	0.087392455751373	-14.5374675043349	7.0139853340591e-48	2.23219492853625e-46	Smp_331330	protein_coding
smansoni_prjna597909_primary	condition	condition__adult_control_vs_juvenile_control	adult_control	juvenile_control	Smp_074230	413.087762249187	1.89494528004957	0.130583338769225	14.5113863522699	1.0262524783459e-47	3.25508000849849e-46	Smp_074230	protein_coding
smansoni_prjna597909_primary	condition	condition__adult_control_vs_juvenile_control	adult_control	juvenile_control	Smp_344050	257.534686831602	1.26856000449467	0.0876487622687149	14.4732221158526	1.78891705060833e-47	5.59895495442052e-46	Smp_344050	protein_coding
smansoni_prjna597909_primary	condition	condition__adult_control_vs_juvenile_control	adult_control	juvenile_control	Smp_137360	61.5678140947836	2.91437984905066	0.201372338278637	14.4725927799381	1.80536328175131e-47	5.6317801119186e-46	Smp_137360	protein_coding
smansoni_prjna597909_primary	condition	condition__adult_control_vs_juvenile_control	adult_control	juvenile_control	Smp_146430	2176.77453015812	1.27145292137121	0.0879622328915745	14.4545321278786	2.34719322612066e-47	7.29791788595147e-46	Smp_146430	protein_coding
smansoni_prjna597909_primary	condition	condition__adult_control_vs_juvenile_control	adult_control	juvenile_control	Smp_043650	735.474585333884	2.5787644933069	0.178572513520459	14.4409934231645	2.85694406672687e-47	8.8537164979352e-46	Smp_043650	protein_coding
smansoni_prjna597909_primary	condition	condition__adult_control_vs_juvenile_control	adult_control	juvenile_control	Smp_197690	397.215049479575	-1.09049276062231	0.0755872452366079	-14.4269414397731	3.50273055491709e-47	1.0819545491855e-45	Smp_197690	protein_coding
smansoni_prjna597909_primary	condition	condition__adult_control_vs_juvenile_control	adult_control	juvenile_control	Smp_170010	344.06073784141	-1.29669578029757	0.0898977293812933	-14.424121601534	3.64885758684435e-47	1.1197727893134e-45	Smp_170010	protein_coding
smansoni_prjna597909_primary	condition	condition__adult_control_vs_juvenile_control	adult_control	juvenile_control	Smp_148770	856.99404646007	1.02671271714516	0.0712090719367602	14.4182853282651	3.97085371175827e-47	1.21464431338314e-45	Smp_148770	protein_coding
smansoni_prjna597909_primary	condition	condition__adult_control_vs_juvenile_control	adult_control	juvenile_control	Smp_310750	16894.8477395571	-1.40548332306381	0.09762605558179	-14.3966005252185	5.43519077705743e-47	1.65187856028125e-45	Smp_310750	protein_coding
smansoni_prjna597909_primary	condition	condition__adult_control_vs_juvenile_control	adult_control	juvenile_control	Smp_145930	343.300728463841	-1.76348307924074	0.122753659921548	-14.366032592167	8.45372523719462e-47	2.56104522249883e-45	Smp_145930	protein_coding
smansoni_prjna597909_primary	condition	condition__adult_control_vs_juvenile_control	adult_control	juvenile_control	Smp_326580	1049.43233822661	6.6932610704861	0.467645124380402	14.3126929407298	1.82314530224119e-46	5.50554932804593e-45	Smp_326580	protein_coding
smansoni_prjna597909_primary	condition	condition__adult_control_vs_juvenile_control	adult_control	juvenile_control	Smp_155700	909.995893333478	1.2343286078072	0.0868339384965758	14.2148177219426	7.41442447778715e-46	2.21076151937048e-44	Smp_155700	protein_coding
smansoni_prjna597909_primary	condition	condition__adult_control_vs_juvenile_control	adult_control	juvenile_control	Smp_163380	401.367685849499	1.20111424846273	0.0845033244628015	14.2138105938242	7.52185783966206e-46	2.23574214781402e-44	Smp_163380	protein_coding
smansoni_prjna597909_primary	condition	condition__adult_control_vs_juvenile_control	adult_control	juvenile_control	Smp_141450	119.495782643536	6.98064507007736	0.492682382917663	14.1686516752192	1.43224056621645e-45	4.23048057246185e-44	Smp_141450	protein_coding
smansoni_prjna597909_primary	condition	condition__adult_control_vs_juvenile_control	adult_control	juvenile_control	Smp_149720	318.464378989444	3.11256746292816	0.21969378144098	14.1677540552705	1.45066264358496e-45	4.27154620160906e-44	Smp_149720	protein_coding
smansoni_prjna597909_primary	condition	condition__adult_control_vs_juvenile_control	adult_control	juvenile_control	Smp_145490	64.380097116529	5.39028428198923	0.380842564854072	14.1535762528399	1.7749620191601e-45	5.21023012580786e-44	Smp_145490	protein_coding
smansoni_prjna597909_primary	condition	condition__adult_control_vs_juvenile_control	adult_control	juvenile_control	Smp_205710	416.13891833734	-1.45054205240936	0.103078541307873	-14.0722019734147	5.62890359672102e-45	1.63203671154009e-43	Smp_205710	protein_coding
smansoni_prjna597909_primary	condition	condition__adult_control_vs_juvenile_control	adult_control	juvenile_control	Smp_174090	345.817505204364	-1.67768482748656	0.119317386667225	-14.0606903515713	6.62368984578262e-45	1.91459071627943e-43	Smp_174090	protein_coding
smansoni_prjna597909_primary	condition	condition__adult_control_vs_juvenile_control	adult_control	juvenile_control	Smp_309980	685.049520020822	1.28139438749869	0.0912200362787058	14.0472909217404	8.0037650429631e-45	2.29944034000265e-43	Smp_309980	protein_coding
smansoni_prjna597909_primary	condition	condition__adult_control_vs_juvenile_control	adult_control	juvenile_control	Smp_140140	699.601563796465	1.51650290145149	0.107991202916378	14.0428373839467	8.52306687759998e-45	2.44121297354773e-43	Smp_140140	protein_coding
smansoni_prjna597909_primary	condition	condition__adult_control_vs_juvenile_control	adult_control	juvenile_control	Smp_123830	22764.2134385294	-1.59179240399822	0.113615136585406	-14.0103902687443	1.34662924636483e-44	3.84541982980071e-43	Smp_123830	protein_coding
smansoni_prjna597909_primary	condition	condition__adult_control_vs_juvenile_control	adult_control	juvenile_control	Smp_306990	30145.1081751343	-1.13076981460497	0.0808465045661722	-13.9866258989521	1.88127751279638e-44	5.3398904056911e-43	Smp_306990	protein_coding
smansoni_prjna597909_primary	condition	condition__adult_control_vs_juvenile_control	adult_control	juvenile_control	Smp_343690	72.798793378443	4.06506788916812	0.291715277368669	13.935053130696	3.8791162296466e-44	1.08799426120533e-42	Smp_343690	protein_coding
smansoni_prjna597909_primary	condition	condition__adult_control_vs_juvenile_control	adult_control	juvenile_control	Smp_154830	205.876956332579	2.00699311679226	0.14412482064831	13.9253815391707	4.44163270119326e-44	1.24208024531594e-42	Smp_154830	protein_coding
smansoni_prjna597909_primary	condition	condition__adult_control_vs_juvenile_control	adult_control	juvenile_control	Smp_336370	1400.45645544188	-1.25516661733539	0.0901707061238058	-13.9198934032082	4.79618870940338e-44	1.33334046121414e-42	Smp_336370	protein_coding
smansoni_prjna597909_primary	condition	condition__adult_control_vs_juvenile_control	adult_control	juvenile_control	Smp_341340	52.6958888317117	3.95155109958074	0.285213963437634	13.8546901840056	1.19169936569016e-43	3.2839482228873e-42	Smp_341340	protein_coding
smansoni_prjna597909_primary	condition	condition__adult_control_vs_juvenile_control	adult_control	juvenile_control	Smp_332970	241.235202932404	1.44763360809313	0.104510630801826	13.8515440676858	1.24506612705557e-43	3.41112029939979e-42	Smp_332970	protein_coding
smansoni_prjna597909_primary	condition	condition__adult_control_vs_juvenile_control	adult_control	juvenile_control	Smp_034850	1961.29071873542	1.00386188357092	0.072511519069125	13.8441711945649	1.37962834305053e-43	3.75799628199241e-42	Smp_034850	protein_coding
smansoni_prjna597909_primary	condition	condition__adult_control_vs_juvenile_control	adult_control	juvenile_control	Smp_084270	500.017328895791	2.11057453353585	0.152631193109627	13.8279370719453	1.72908387516683e-43	4.68289420861802e-42	Smp_084270	protein_coding
smansoni_prjna597909_primary	condition	condition__adult_control_vs_juvenile_control	adult_control	juvenile_control	Smp_191910	34325.8942237244	9.01049309588861	0.651863016824269	13.8226787888439	1.86016567708891e-43	5.00919828485594e-42	Smp_191910	protein_coding
smansoni_prjna597909_primary	condition	condition__adult_control_vs_juvenile_control	adult_control	juvenile_control	Smp_079810	649.056634072083	1.05020228519367	0.0759808810842007	13.8219282299432	1.87966535221586e-43	5.04732866737053e-42	Smp_079810	protein_coding
smansoni_prjna597909_primary	condition	condition__adult_control_vs_juvenile_control	adult_control	juvenile_control	Smp_213740	201.840383168747	-1.7128194521885	0.124127293818197	-13.7988946629029	2.58790220527033e-43	6.92941972923941e-42	Smp_213740	protein_coding
smansoni_prjna597909_primary	condition	condition__adult_control_vs_juvenile_control	adult_control	juvenile_control	Smp_082300	438.12353944347	-1.12558173945782	0.0815920166598339	-13.7952435242592	2.72232017372869e-43	7.26874866725524e-42	Smp_082300	protein_coding
smansoni_prjna597909_primary	condition	condition__adult_control_vs_juvenile_control	adult_control	juvenile_control	Smp_326810	95.3195938440803	3.57202398686077	0.259415940136036	13.7694853484625	3.88974200269617e-43	1.02985550166622e-41	Smp_326810	protein_coding
smansoni_prjna597909_primary	condition	condition__adult_control_vs_juvenile_control	adult_control	juvenile_control	Smp_347720	314.985296939208	-1.25552752162023	0.0911983860193376	-13.7669927771969	4.02626974419165e-43	1.06302518497484e-41	Smp_347720	protein_coding
smansoni_prjna597909_primary	condition	condition__adult_control_vs_juvenile_control	adult_control	juvenile_control	Smp_171460	289.522009367422	-1.20211918918921	0.087360254912098	-13.7604817018767	4.40581495079639e-43	1.15999339595898e-41	Smp_171460	protein_coding
smansoni_prjna597909_primary	condition	condition__adult_control_vs_juvenile_control	adult_control	juvenile_control	Smp_099090	192.666627679479	2.42394772351981	0.17623196799177	13.7543020777763	4.79889325025401e-43	1.25648584491415e-41	Smp_099090	protein_coding
smansoni_prjna597909_primary	condition	condition__adult_control_vs_juvenile_control	adult_control	juvenile_control	Smp_341910	444.569237650154	2.88027564208042	0.209406823693721	13.7544497895308	4.78910241620998e-43	1.25648584491415e-41	Smp_341910	protein_coding
smansoni_prjna597909_primary	condition	condition__adult_control_vs_juvenile_control	adult_control	juvenile_control	Smp_214260	135.853632598416	1.80422578394848	0.13130572674389	13.7406480942572	5.79546707629635e-43	1.50078780288091e-41	Smp_214260	protein_coding
smansoni_prjna597909_primary	condition	condition__adult_control_vs_juvenile_control	adult_control	juvenile_control	Smp_170560	262.332621316797	1.42326313342829	0.103660500396863	13.7300430538087	6.70936352057501e-43	1.73270229498566e-41	Smp_170560	protein_coding
smansoni_prjna597909_primary	condition	condition__adult_control_vs_juvenile_control	adult_control	juvenile_control	Smp_245970	1101.61149133536	-1.52087221478424	0.11085552514688	-13.7194083269114	7.76968515320724e-43	1.99079491597268e-41	Smp_245970	protein_coding
smansoni_prjna597909_primary	condition	condition__adult_control_vs_juvenile_control	adult_control	juvenile_control	Smp_163520	932.082050211817	1.6016963613522	0.11679293259865	13.7139835922804	8.37315258037384e-43	2.13900103215388e-41	Smp_163520	protein_coding
smansoni_prjna597909_primary	condition	condition__adult_control_vs_juvenile_control	adult_control	juvenile_control	Smp_312730	163.017689278422	2.03493677458542	0.148472660800123	13.7058012136315	9.37269459665252e-43	2.38147068084838e-41	Smp_312730	protein_coding
smansoni_prjna597909_primary	condition	condition__adult_control_vs_juvenile_control	adult_control	juvenile_control	Smp_013610	301.864132495904	-1.17661603324026	0.0861253594177039	-13.661667610973	1.71999216348052e-42	4.35854314456243e-41	Smp_013610	protein_coding
smansoni_prjna597909_primary	condition	condition__adult_control_vs_juvenile_control	adult_control	juvenile_control	Smp_166340	4239.46487209285	1.07877640014978	0.0790604699082698	13.6449530517772	2.16352798594785e-42	5.43874109659019e-41	Smp_166340	protein_coding
smansoni_prjna597909_primary	condition	condition__adult_control_vs_juvenile_control	adult_control	juvenile_control	Smp_191970	210.436752509931	1.8217157907149	0.133572660711844	13.6383881327698	2.3673540112416e-42	5.93533955285293e-41	Smp_191970	protein_coding
smansoni_prjna597909_primary	condition	condition__adult_control_vs_juvenile_control	adult_control	juvenile_control	Smp_000340	267.193709938121	1.39788597680307	0.102519638369354	13.6352995293137	2.46974720749614e-42	6.15938010692706e-41	Smp_000340	protein_coding
smansoni_prjna597909_primary	condition	condition__adult_control_vs_juvenile_control	adult_control	juvenile_control	Smp_309090	5682.02230572073	7.9443999360356	0.583882127560037	13.6061707681209	3.68027341179444e-42	9.13016910453572e-41	Smp_309090	protein_coding
smansoni_prjna597909_primary	condition	condition__adult_control_vs_juvenile_control	adult_control	juvenile_control	Smp_152960	1179.09124121506	1.20048566111137	0.08825066460534	13.6031345087313	3.83632596827611e-42	9.46761176296234e-41	Smp_152960	protein_coding
smansoni_prjna597909_primary	condition	condition__adult_control_vs_juvenile_control	adult_control	juvenile_control	Smp_244080	1273.93857824258	-1.02960629333275	0.0758185735026514	-13.5798689657059	5.27206707177478e-42	1.28763767344742e-40	Smp_244080	protein_coding
smansoni_prjna597909_primary	condition	condition__adult_control_vs_juvenile_control	adult_control	juvenile_control	Smp_246400	7596.57505221525	1.09886466762158	0.0809786375578018	13.5698092825682	6.04791944958122e-42	1.47332305766602e-40	Smp_246400	protein_coding
smansoni_prjna597909_primary	condition	condition__adult_control_vs_juvenile_control	adult_control	juvenile_control	Smp_132480	725.072912397685	-1.94367407138355	0.143250024181564	-13.5684030944387	6.16505816708193e-42	1.49799819525086e-40	Smp_132480	protein_coding
smansoni_prjna597909_primary	condition	condition__adult_control_vs_juvenile_control	adult_control	juvenile_control	Smp_327810	275.725608836692	3.05225669771813	0.225205111721309	13.5532300949514	7.58189273640483e-42	1.83753974729483e-40	Smp_327810	protein_coding
smansoni_prjna597909_primary	condition	condition__adult_control_vs_juvenile_control	adult_control	juvenile_control	Smp_324630	443.195216843063	-1.03937030784924	0.0767875836997426	-13.5356558674046	9.63189262888162e-42	2.32840534854704e-40	Smp_324630	protein_coding
smansoni_prjna597909_primary	condition	condition__adult_control_vs_juvenile_control	adult_control	juvenile_control	Smp_326760	88.7546448175338	6.64543020215325	0.493080060621097	13.4773857896068	2.12503620570624e-41	5.08502334590769e-40	Smp_326760	protein_coding
smansoni_prjna597909_primary	condition	condition__adult_control_vs_juvenile_control	adult_control	juvenile_control	Smp_136930	1365.19034725516	1.93770978207199	0.144297022752674	13.4286192820016	4.11003174811478e-41	9.76080906612585e-40	Smp_136930	protein_coding
smansoni_prjna597909_primary	condition	condition__adult_control_vs_juvenile_control	adult_control	juvenile_control	Smp_306240	245.163512270894	-1.25565665514227	0.0937587566205215	-13.3924200832185	6.69627176998928e-41	1.5705498950357e-39	Smp_306240	protein_coding
smansoni_prjna597909_primary	condition	condition__adult_control_vs_juvenile_control	adult_control	juvenile_control	Smp_332580	293.214096700098	-1.2982822207048	0.097066648908584	-13.3751626877271	8.44686794123173e-41	1.97623256882481e-39	Smp_332580	protein_coding
smansoni_prjna597909_primary	condition	condition__adult_control_vs_juvenile_control	adult_control	juvenile_control	Smp_005470	145.680095516038	2.05235602708009	0.153550722556887	13.3659809143506	9.55668121902442e-41	2.23036421931404e-39	Smp_005470	protein_coding
smansoni_prjna597909_primary	condition	condition__adult_control_vs_juvenile_control	adult_control	juvenile_control	Smp_123100	357.639664830379	-1.44486836663179	0.10814258657241	-13.3607712967392	1.02496564484805e-40	2.38620080667581e-39	Smp_123100	protein_coding
smansoni_prjna597909_primary	condition	condition__adult_control_vs_juvenile_control	adult_control	juvenile_control	Smp_132300	485.882803481425	-1.10028497026484	0.0823917856335847	-13.3543042161759	1.11797860629951e-40	2.59634736775012e-39	Smp_132300	protein_coding
smansoni_prjna597909_primary	condition	condition__adult_control_vs_juvenile_control	adult_control	juvenile_control	Smp_316120	461.357454718419	1.22268076369109	0.0917347643497155	13.3284341259103	1.58183023257094e-40	3.65561353502703e-39	Smp_316120	protein_coding
smansoni_prjna597909_primary	condition	condition__adult_control_vs_juvenile_control	adult_control	juvenile_control	Smp_038530	1677.68659464824	1.07645128011037	0.0808858519796381	13.3082764632479	2.07206643403352e-40	4.73071785857123e-39	Smp_038530	protein_coding
smansoni_prjna597909_primary	condition	condition__adult_control_vs_juvenile_control	adult_control	juvenile_control	Smp_077860	327.936456573334	-2.2722151266375	0.170865587530945	-13.2982606941025	2.36915524894564e-40	5.38299408967167e-39	Smp_077860	protein_coding
smansoni_prjna597909_primary	condition	condition__adult_control_vs_juvenile_control	adult_control	juvenile_control	Smp_077890	4361.30689488554	8.62754649228921	0.649326577289081	13.2869141569855	2.75716366203833e-40	6.24957096728687e-39	Smp_077890	protein_coding
smansoni_prjna597909_primary	condition	condition__adult_control_vs_juvenile_control	adult_control	juvenile_control	Smp_337650	163.760935497599	-1.45668317863057	0.109705008665348	-13.2781829777175	3.09821115615193e-40	7.00581144687751e-39	Smp_337650	protein_coding
smansoni_prjna597909_primary	condition	condition__adult_control_vs_juvenile_control	adult_control	juvenile_control	Smp_322480	55.7345090246963	3.83511363207304	0.289493034409665	13.2476888084496	4.653133602665e-40	1.04717663839023e-38	Smp_322480	protein_coding
smansoni_prjna597909_primary	condition	condition__adult_control_vs_juvenile_control	adult_control	juvenile_control	Smp_171270	133.749377727624	1.81002383482589	0.137016411637423	13.2102703113816	7.65490414171799e-40	1.69447667324399e-38	Smp_171270	protein_coding
smansoni_prjna597909_primary	condition	condition__adult_control_vs_juvenile_control	adult_control	juvenile_control	Smp_342080	2575.27352736068	-1.34279193304997	0.10175617588325	-13.1961713517086	9.23087749056306e-40	2.03855733740192e-38	Smp_342080	protein_coding
smansoni_prjna597909_primary	condition	condition__adult_control_vs_juvenile_control	adult_control	juvenile_control	Smp_035220	364.690046408347	-1.57851985516816	0.11972917217199	-13.1840872740741	1.08357468758561e-39	2.38740045385995e-38	Smp_035220	protein_coding
smansoni_prjna597909_primary	condition	condition__adult_control_vs_juvenile_control	adult_control	juvenile_control	Smp_058690	3808.08041974757	1.42494550835412	0.108165183486384	13.173790885618	1.24201303129283e-39	2.71747851198608e-38	Smp_058690	protein_coding
smansoni_prjna597909_primary	condition	condition__adult_control_vs_juvenile_control	adult_control	juvenile_control	Smp_165360	1621.82775456547	7.15183988943298	0.544740672191517	13.1288891293187	2.24931919751434e-39	4.85401028650812e-38	Smp_165360	protein_coding
smansoni_prjna597909_primary	condition	condition__adult_control_vs_juvenile_control	adult_control	juvenile_control	Smp_318920	512.944224138078	-1.33918236652119	0.102124067682128	-13.1132885412432	2.76350509752354e-39	5.93651140495284e-38	Smp_318920	protein_coding
smansoni_prjna597909_primary	condition	condition__adult_control_vs_juvenile_control	adult_control	juvenile_control	Smp_122810	200.511565010167	-1.52716718614447	0.116537567370206	-13.1045054449532	3.10278151306429e-39	6.63517892793748e-38	Smp_122810	protein_coding
smansoni_prjna597909_primary	condition	condition__adult_control_vs_juvenile_control	adult_control	juvenile_control	Smp_125260	718.881912877039	1.38424706629229	0.105668632342175	13.0998862728708	3.29751391563292e-39	7.03568883308405e-38	Smp_125260	protein_coding
smansoni_prjna597909_primary	condition	condition__adult_control_vs_juvenile_control	adult_control	juvenile_control	Smp_333730	329.533410297887	1.59697680487662	0.122596003282622	13.0263366024673	8.6669988601719e-39	1.82858199165948e-37	Smp_333730	protein_coding
smansoni_prjna597909_primary	condition	condition__adult_control_vs_juvenile_control	adult_control	juvenile_control	Smp_335370	899.993752467495	3.06728508063073	0.235491183056961	13.0250527464071	8.81401554440642e-39	1.85133499834954e-37	Smp_335370	protein_coding
smansoni_prjna597909_primary	condition	condition__adult_control_vs_juvenile_control	adult_control	juvenile_control	Smp_130370	345.990622471202	2.79979175820119	0.215123786276662	13.0147939782005	1.00813824508069e-38	2.10816873727935e-37	Smp_130370	protein_coding
smansoni_prjna597909_primary	condition	condition__adult_control_vs_juvenile_control	adult_control	juvenile_control	Smp_197370	34412.8115955232	-1.34397216253831	0.103321981323884	-13.0076112102938	1.10750248229388e-38	2.31084182398273e-37	Smp_197370	protein_coding
smansoni_prjna597909_primary	condition	condition__adult_control_vs_juvenile_control	adult_control	juvenile_control	Smp_341150	326.337833067852	1.11305510099711	0.08563991111454	12.996920320345	1.27369998410667e-38	2.65176481272606e-37	Smp_341150	protein_coding
smansoni_prjna597909_primary	condition	condition__adult_control_vs_juvenile_control	adult_control	juvenile_control	Smp_341810	850.829120264806	1.5524446420305	0.1195217852151	12.9888006545134	1.41629097190642e-38	2.94214994867241e-37	Smp_341810	protein_coding
smansoni_prjna597909_primary	condition	condition__adult_control_vs_juvenile_control	adult_control	juvenile_control	Smp_131410	279.757607113418	3.28861126269459	0.253335498379848	12.9812493066554	1.56309955495162e-38	3.23291400293276e-37	Smp_131410	protein_coding
smansoni_prjna597909_primary	condition	condition__adult_control_vs_juvenile_control	adult_control	juvenile_control	Smp_163660	365.633793162953	-1.10935618949869	0.0854925514585033	-12.9760566338595	1.67273518251417e-38	3.44459541288103e-37	Smp_163660	protein_coding
smansoni_prjna597909_primary	condition	condition__adult_control_vs_juvenile_control	adult_control	juvenile_control	Smp_076860	396.644074804513	-1.18158105249309	0.0911060785045948	-12.9692888980344	1.82717564464081e-38	3.74630459721148e-37	Smp_076860	protein_coding
smansoni_prjna597909_primary	condition	condition__adult_control_vs_juvenile_control	adult_control	juvenile_control	Smp_194980	2633.85826689208	1.77343847487181	0.136788392696273	12.9648315907153	1.93655254236738e-38	3.96196853473083e-37	Smp_194980	protein_coding
smansoni_prjna597909_primary	condition	condition__adult_control_vs_juvenile_control	adult_control	juvenile_control	Smp_307270	356.64798151932	1.53793829393772	0.118689519501207	12.9576587756097	2.12638843843028e-38	4.34095540389698e-37	Smp_307270	protein_coding
smansoni_prjna597909_primary	condition	condition__adult_control_vs_juvenile_control	adult_control	juvenile_control	Smp_344740	886.714382698481	1.61935524842714	0.125158240038203	12.9384629244774	2.73037610570439e-38	5.56196442912024e-37	Smp_344740	protein_coding
smansoni_prjna597909_primary	condition	condition__adult_control_vs_juvenile_control	adult_control	juvenile_control	Smp_900070	15620.7402896454	1.48262187049269	0.114669169723559	12.929559654674	3.06569631611697e-38	6.21823209869906e-37	Smp_900070	protein_coding
smansoni_prjna597909_primary	condition	condition__adult_control_vs_juvenile_control	adult_control	juvenile_control	Smp_063680	224.148732389702	-1.42266239868636	0.110051684939528	-12.9272205097823	3.1603884024716e-38	6.39657198718662e-37	Smp_063680	protein_coding
smansoni_prjna597909_primary	condition	condition__adult_control_vs_juvenile_control	adult_control	juvenile_control	Smp_143300	462.244284506127	-1.31977569246803	0.102302749030353	-12.9006864915864	4.46105263557389e-38	8.95241390901156e-37	Smp_143300	protein_coding
smansoni_prjna597909_primary	condition	condition__adult_control_vs_juvenile_control	adult_control	juvenile_control	Smp_214020	198.677375077296	2.3574100345762	0.183041750236251	12.8790837693231	5.90321852721554e-38	1.18214452371274e-36	Smp_214020	protein_coding
smansoni_prjna597909_primary	condition	condition__adult_control_vs_juvenile_control	adult_control	juvenile_control	Smp_349650	136.795030534304	3.90202112558161	0.303263406084748	12.8667720776412	6.92356234860576e-38	1.38062260166712e-36	Smp_349650	protein_coding
smansoni_prjna597909_primary	condition	condition__adult_control_vs_juvenile_control	adult_control	juvenile_control	Smp_314500	346.521715620782	-1.91910432634024	0.149329457505451	-12.8514785923613	8.43817972793344e-38	1.67910894291425e-36	Smp_314500	protein_coding
smansoni_prjna597909_primary	condition	condition__adult_control_vs_juvenile_control	adult_control	juvenile_control	Smp_326570	36.4966140805001	5.10536408222549	0.397716794057113	12.836682178154	1.02159618939645e-37	2.02434532121075e-36	Smp_326570	protein_coding
smansoni_prjna597909_primary	condition	condition__adult_control_vs_juvenile_control	adult_control	juvenile_control	Smp_162240	483.235643277451	1.39592689467876	0.10900067787943	12.8065891133526	1.50610664470489e-37	2.95960914880471e-36	Smp_162240	protein_coding
smansoni_prjna597909_primary	condition	condition__adult_control_vs_juvenile_control	adult_control	juvenile_control	Smp_170320	85.284517937615	2.49444211842197	0.19493126171443	12.7965216891494	1.71460671486021e-37	3.36233665329018e-36	Smp_170320	protein_coding
smansoni_prjna597909_primary	condition	condition__adult_control_vs_juvenile_control	adult_control	juvenile_control	Smp_245170	248.956955152577	-1.46173913842144	0.114304387455514	-12.7881280059379	1.91019784621579e-37	3.72271959637765e-36	Smp_245170	protein_coding
smansoni_prjna597909_primary	condition	condition__adult_control_vs_juvenile_control	adult_control	juvenile_control	Smp_126050	541.866787968212	-1.18323653260868	0.0926052102659446	-12.7772133901607	2.19804532222314e-37	4.26610356994931e-36	Smp_126050	protein_coding
smansoni_prjna597909_primary	condition	condition__adult_control_vs_juvenile_control	adult_control	juvenile_control	Smp_340570	353.407352300845	2.05503702100335	0.161011699673346	12.7632776076057	2.62901728175619e-37	5.08169148203671e-36	Smp_340570	protein_coding
smansoni_prjna597909_primary	condition	condition__adult_control_vs_juvenile_control	adult_control	juvenile_control	Smp_324180	114.808131000818	7.31607817623378	0.574392516388956	12.7370708487428	3.67951784332496e-37	7.09771482757296e-36	Smp_324180	protein_coding
smansoni_prjna597909_primary	condition	condition__adult_control_vs_juvenile_control	adult_control	juvenile_control	Smp_000420	6824.77762563272	7.41156137486673	0.582298869311202	12.7281053862149	4.12733107499278e-37	7.92917343919345e-36	Smp_000420	protein_coding
smansoni_prjna597909_primary	condition	condition__adult_control_vs_juvenile_control	adult_control	juvenile_control	Smp_134600	748.052555545396	1.371158760532	0.107745409773249	12.7259134604213	4.24481310647096e-37	8.13833133516501e-36	Smp_134600	protein_coding
smansoni_prjna597909_primary	condition	condition__adult_control_vs_juvenile_control	adult_control	juvenile_control	Smp_245140	178.057000119691	1.78197450763425	0.140347250335004	12.696896472006	6.15213894311702e-37	1.16300034580684e-35	Smp_245140	protein_coding
smansoni_prjna597909_primary	condition	condition__adult_control_vs_juvenile_control	adult_control	juvenile_control	Smp_070600	2594.44804345858	1.0912862990255	0.0860659429604477	12.6796530832993	7.66704513724494e-37	1.44360379755457e-35	Smp_070600	protein_coding
smansoni_prjna597909_primary	condition	condition__adult_control_vs_juvenile_control	adult_control	juvenile_control	Smp_018170	1002.12117377248	-1.1057516534475	0.0874051427103678	-12.6508763576029	1.10633822146822e-36	2.06662230618926e-35	Smp_018170	protein_coding
smansoni_prjna597909_primary	condition	condition__adult_control_vs_juvenile_control	adult_control	juvenile_control	Smp_000430	14746.7889957167	8.52587801160254	0.674965059249193	12.6315842498372	1.41402357077048e-36	2.63097456514224e-35	Smp_000430	protein_coding
smansoni_prjna597909_primary	condition	condition__adult_control_vs_juvenile_control	adult_control	juvenile_control	Smp_213910	5628.96413894687	-1.34749907162306	0.1069811475843	-12.595668508428	2.23062015004698e-36	4.11793391762579e-35	Smp_213910	protein_coding
smansoni_prjna597909_primary	condition	condition__adult_control_vs_juvenile_control	adult_control	juvenile_control	Smp_305760	215.808697750424	-1.26849743946701	0.100711969757909	-12.595299670101	2.24107186732781e-36	4.12916399414862e-35	Smp_305760	protein_coding
smansoni_prjna597909_primary	condition	condition__adult_control_vs_juvenile_control	adult_control	juvenile_control	Smp_134040	300.641745681861	1.69258006095489	0.134710861837136	12.5645403635024	3.30791812149161e-36	6.05938800084083e-35	Smp_134040	protein_coding
smansoni_prjna597909_primary	condition	condition__adult_control_vs_juvenile_control	adult_control	juvenile_control	Smp_325740	673.42111804754	1.07885217598972	0.0861930600571642	12.5166942126688	6.05029810686844e-36	1.0976471728622e-34	Smp_325740	protein_coding
smansoni_prjna597909_primary	condition	condition__adult_control_vs_juvenile_control	adult_control	juvenile_control	Smp_331450	116.447931451323	3.4457856290769	0.276222282924785	12.4746837676929	1.02612765448882e-35	1.83692397542204e-34	Smp_331450	protein_coding
smansoni_prjna597909_primary	condition	condition__adult_control_vs_juvenile_control	adult_control	juvenile_control	Smp_186780	85.8989164852868	2.56065088816111	0.205534454484445	12.4584994500516	1.25713768646796e-35	2.23775243173168e-34	Smp_186780	protein_coding
smansoni_prjna597909_primary	condition	condition__adult_control_vs_juvenile_control	adult_control	juvenile_control	Smp_346410	1155.57483094282	1.78792692513845	0.144119746605108	12.405842830389	2.42942832048512e-35	4.24453909153888e-34	Smp_346410	protein_coding
smansoni_prjna597909_primary	condition	condition__adult_control_vs_juvenile_control	adult_control	juvenile_control	Smp_244890	212.860452879601	2.1561809982498	0.174402336898271	12.3632574918276	4.13071856306525e-35	7.15083367364336e-34	Smp_244890	protein_coding
smansoni_prjna597909_primary	condition	condition__adult_control_vs_juvenile_control	adult_control	juvenile_control	Smp_090010	371.452049135855	1.30376992775837	0.105516343456236	12.3560946584461	4.51567131133037e-35	7.80294794052919e-34	Smp_090010	protein_coding
smansoni_prjna597909_primary	condition	condition__adult_control_vs_juvenile_control	adult_control	juvenile_control	Smp_176780	527.676266472716	-1.37866065700456	0.111899688249878	-12.3205048965457	7.02530619372532e-35	1.20733080260167e-33	Smp_176780	protein_coding
smansoni_prjna597909_primary	condition	condition__adult_control_vs_juvenile_control	adult_control	juvenile_control	Smp_131080	847.818352248035	1.02854488212205	0.0835227414446642	12.3145488801213	7.56369297252679e-35	1.2951453981218e-33	Smp_131080	protein_coding
smansoni_prjna597909_primary	condition	condition__adult_control_vs_juvenile_control	adult_control	juvenile_control	Smp_310470	281.988668680795	-1.12732185375583	0.0916080085861209	-12.3059312297574	8.41601127060113e-35	1.43588697707079e-33	Smp_310470	protein_coding
smansoni_prjna597909_primary	condition	condition__adult_control_vs_juvenile_control	adult_control	juvenile_control	Smp_213010	273.510045611786	1.53297090910217	0.124724681862439	12.2908383987133	1.01448373852172e-34	1.72772978315447e-33	Smp_213010	protein_coding
smansoni_prjna597909_primary	condition	condition__adult_control_vs_juvenile_control	adult_control	juvenile_control	Smp_055740	81.5205764715603	1.94974541116319	0.15900350719085	12.2622792767893	1.44380792001274e-34	2.45447346402165e-33	Smp_055740	protein_coding
smansoni_prjna597909_primary	condition	condition__adult_control_vs_juvenile_control	adult_control	juvenile_control	Smp_199800	307.856664936243	1.43234668428322	0.116883115850597	12.2545217404547	1.58883918688995e-34	2.69617737782474e-33	Smp_199800	protein_coding
smansoni_prjna597909_primary	condition	condition__adult_control_vs_juvenile_control	adult_control	juvenile_control	Smp_334250	661.830037877033	-1.53029695916354	0.125156531773744	-12.2270642808318	2.22847809161374e-34	3.73467640459806e-33	Smp_334250	protein_coding
smansoni_prjna597909_primary	condition	condition__adult_control_vs_juvenile_control	adult_control	juvenile_control	Smp_022740	76.6174217356929	-3.33609673072013	0.27292704936447	-12.2234008629356	2.33124112266106e-34	3.89998072414024e-33	Smp_022740	protein_coding
smansoni_prjna597909_primary	condition	condition__adult_control_vs_juvenile_control	adult_control	juvenile_control	Smp_245220	502.170619053193	-1.2602970010877	0.103185744710368	-12.2138673769834	2.6212651846941e-34	4.36969991635425e-33	Smp_245220	protein_coding
smansoni_prjna597909_primary	condition	condition__adult_control_vs_juvenile_control	adult_control	juvenile_control	Smp_323640	231.910221216555	-2.37872423476218	0.194862713270022	-12.2071800953832	2.8458245809227e-34	4.73569259487347e-33	Smp_323640	protein_coding
smansoni_prjna597909_primary	condition	condition__adult_control_vs_juvenile_control	adult_control	juvenile_control	Smp_331340	551.178765863708	-1.26558483972354	0.103755678714338	-12.1977404553246	3.19569061851473e-34	5.29923995196513e-33	Smp_331340	protein_coding
smansoni_prjna597909_primary	condition	condition__adult_control_vs_juvenile_control	adult_control	juvenile_control	Smp_304250	1986.21977671437	1.36685571132361	0.112083199282336	12.1950097791242	3.30464333395295e-34	5.4703132736468e-33	Smp_304250	protein_coding
smansoni_prjna597909_primary	condition	condition__adult_control_vs_juvenile_control	adult_control	juvenile_control	Smp_053020	827.657632326052	1.07221368632644	0.088095629432546	12.1710202110245	4.43504267083853e-34	7.31588539699228e-33	Smp_053020	protein_coding
smansoni_prjna597909_primary	condition	condition__adult_control_vs_juvenile_control	adult_control	juvenile_control	Smp_335890	531.823731845458	-1.50160667332391	0.123737377585831	-12.1354331457551	6.85463275071021e-34	1.1267824132124e-32	Smp_335890	protein_coding
smansoni_prjna597909_primary	condition	condition__adult_control_vs_juvenile_control	adult_control	juvenile_control	Smp_345440	3228.46863543697	-1.19679014709188	0.0988162841630765	-12.1112644259808	9.20639063439545e-34	1.50812485747497e-32	Smp_345440	protein_coding
smansoni_prjna597909_primary	condition	condition__adult_control_vs_juvenile_control	adult_control	juvenile_control	Smp_335600	623.283750076609	-1.31833881214326	0.109132415281176	-12.0801762587826	1.34431252736332e-33	2.17576061791748e-32	Smp_335600	protein_coding
smansoni_prjna597909_primary	condition	condition__adult_control_vs_juvenile_control	adult_control	juvenile_control	Smp_138210	657.387847726417	1.98298497003118	0.164211400019174	12.0758057589159	1.41768699357322e-33	2.2905944381631e-32	Smp_138210	protein_coding
smansoni_prjna597909_primary	condition	condition__adult_control_vs_juvenile_control	adult_control	juvenile_control	Smp_122280	86.951478156808	7.40686148322501	0.615541728753972	12.0330777544823	2.38115653254031e-33	3.81469348230017e-32	Smp_122280	protein_coding
smansoni_prjna597909_primary	condition	condition__adult_control_vs_juvenile_control	adult_control	juvenile_control	Smp_135210	1559.45780683015	-1.00850033508712	0.0838555391962626	-12.0266394415131	2.574270887702e-33	4.11709110500157e-32	Smp_135210	protein_coding
smansoni_prjna597909_primary	condition	condition__adult_control_vs_juvenile_control	adult_control	juvenile_control	Smp_148290	54.0522680117746	3.29484392131525	0.274049245417736	12.0228169805499	2.69620176522468e-33	4.29755465175442e-32	Smp_148290	protein_coding
smansoni_prjna597909_primary	condition	condition__adult_control_vs_juvenile_control	adult_control	juvenile_control	Smp_337150	569.032048238217	-1.0043945393011	0.0835924288545273	-12.015376907507	2.95021403305435e-33	4.68662572108063e-32	Smp_337150	protein_coding
smansoni_prjna597909_primary	condition	condition__adult_control_vs_juvenile_control	adult_control	juvenile_control	Smp_159450	534.289457999694	-1.0041317006565	0.0835871320904677	-12.0129938130873	3.03649642277927e-33	4.81559801813921e-32	Smp_159450	protein_coding
smansoni_prjna597909_primary	condition	condition__adult_control_vs_juvenile_control	adult_control	juvenile_control	Smp_340610	217.839061217999	1.44753288582036	0.120708104665943	11.9920107255961	3.9128995457696e-33	6.17441177072024e-32	Smp_340610	protein_coding
smansoni_prjna597909_primary	condition	condition__adult_control_vs_juvenile_control	adult_control	juvenile_control	Smp_332440	59.3816243759158	6.32004163959325	0.527357541848741	11.9843581215076	4.2915555075875e-33	6.74938147382979e-32	Smp_332440	protein_coding
smansoni_prjna597909_primary	condition	condition__adult_control_vs_juvenile_control	adult_control	juvenile_control	Smp_074460	1062.24954994787	1.15799021405464	0.0970890452560519	11.9270944626213	8.55061109737571e-33	1.33808569689396e-31	Smp_074460	protein_coding
smansoni_prjna597909_primary	condition	condition__adult_control_vs_juvenile_control	adult_control	juvenile_control	Smp_105410	3895.44143761243	1.33293775475979	0.111775119431667	11.925174059641	8.75009514289781e-33	1.36703965769703e-31	Smp_105410	protein_coding
smansoni_prjna597909_primary	condition	condition__adult_control_vs_juvenile_control	adult_control	juvenile_control	Smp_244320	355.67516200663	-1.25882337436064	0.105670184368998	-11.9127583800256	1.01560962388023e-32	1.57369543687146e-31	Smp_244320	protein_coding
smansoni_prjna597909_primary	condition	condition__adult_control_vs_juvenile_control	adult_control	juvenile_control	Smp_146480	38.8825117361156	4.27121467387412	0.358694396535002	11.9076704713934	1.07951136318916e-32	1.66997404334926e-31	Smp_146480	protein_coding
smansoni_prjna597909_primary	condition	condition__adult_control_vs_juvenile_control	adult_control	juvenile_control	Smp_089050	746.840830881077	1.65484956546444	0.139230407066668	11.8856907792566	1.40468937472494e-32	2.15537726784093e-31	Smp_089050	protein_coding
smansoni_prjna597909_primary	condition	condition__adult_control_vs_juvenile_control	adult_control	juvenile_control	Smp_146810	48.3456688344442	2.68815191242525	0.226949434892714	11.844717364888	2.29189722981774e-32	3.4827994559867e-31	Smp_146810	protein_coding
smansoni_prjna597909_primary	condition	condition__adult_control_vs_juvenile_control	adult_control	juvenile_control	Smp_124070	389.359051495862	1.37475952230961	0.116200598429075	11.8309160270696	2.70177093556324e-32	4.09249020559996e-31	Smp_124070	protein_coding
smansoni_prjna597909_primary	condition	condition__adult_control_vs_juvenile_control	adult_control	juvenile_control	Smp_129920	47.4668171654682	3.01857623106629	0.255249062901904	11.8260031858623	2.86459909686869e-32	4.33219050617646e-31	Smp_129920	protein_coding
smansoni_prjna597909_primary	condition	condition__adult_control_vs_juvenile_control	adult_control	juvenile_control	Smp_152580	1409.02606917943	1.20864919396816	0.102250297555832	11.8204956157532	3.05874643843414e-32	4.6184139514504e-31	Smp_152580	protein_coding
smansoni_prjna597909_primary	condition	condition__adult_control_vs_juvenile_control	adult_control	juvenile_control	Smp_017610	452.289540695873	2.10796714936906	0.178560191202032	11.8053589390706	3.66224833620758e-32	5.51203364233026e-31	Smp_017610	protein_coding
smansoni_prjna597909_primary	condition	condition__adult_control_vs_juvenile_control	adult_control	juvenile_control	Smp_164590	18309.4167882951	-1.35882022204002	0.115242063341006	-11.7910091389046	4.3430559428157e-32	6.47485248761735e-31	Smp_164590	protein_coding
smansoni_prjna597909_primary	condition	condition__adult_control_vs_juvenile_control	adult_control	juvenile_control	Smp_150650	325.652096589564	1.76858875526765	0.150687507208131	11.736797482653	8.2553618990144e-32	1.20976249099975e-30	Smp_150650	protein_coding
smansoni_prjna597909_primary	condition	condition__adult_control_vs_juvenile_control	adult_control	juvenile_control	Smp_337145	441.179135873349	1.54480868621723	0.13177821215214	11.7227928728744	9.74068359256253e-32	1.41644525102925e-30	Smp_337145	protein_coding
smansoni_prjna597909_primary	condition	condition__adult_control_vs_juvenile_control	adult_control	juvenile_control	Smp_157080	220.313106219006	1.52658696205313	0.130464654903747	11.7011535666836	1.25732543866892e-31	1.81438779332803e-30	Smp_157080	protein_coding
smansoni_prjna597909_primary	condition	condition__adult_control_vs_juvenile_control	adult_control	juvenile_control	Smp_150030	68.3945814710968	2.93310427214655	0.250673677873305	11.7008865750516	1.26128793266006e-31	1.8173313322413e-30	Smp_150030	protein_coding
smansoni_prjna597909_primary	condition	condition__adult_control_vs_juvenile_control	adult_control	juvenile_control	Smp_124300	1188.43190353522	-1.01858286641667	0.0870691143847248	-11.698555493696	1.29641505034627e-31	1.86510122616027e-30	Smp_124300	protein_coding
smansoni_prjna597909_primary	condition	condition__adult_control_vs_juvenile_control	adult_control	juvenile_control	Smp_095980	12956.4320202042	8.07174738981695	0.690335313473988	11.6925025162009	1.39222866191763e-31	1.99990050341116e-30	Smp_095980	protein_coding
smansoni_prjna597909_primary	condition	condition__adult_control_vs_juvenile_control	adult_control	juvenile_control	Smp_171750	1819.53926018519	-1.18247354756927	0.10125300584583	-11.678404386036	1.64351669595166e-31	2.35371512274775e-30	Smp_171750	protein_coding
smansoni_prjna597909_primary	condition	condition__adult_control_vs_juvenile_control	adult_control	juvenile_control	Smp_149480	1365.01770083307	1.29735537536558	0.11125563911501	11.661030269436	2.01588241014102e-31	2.87392466676514e-30	Smp_149480	protein_coding
smansoni_prjna597909_primary	condition	condition__adult_control_vs_juvenile_control	adult_control	juvenile_control	Smp_316720	214.470933261829	1.51055929544523	0.129628750316565	11.6529650386686	2.21611452305712e-31	3.14043695231423e-30	Smp_316720	protein_coding
smansoni_prjna597909_primary	condition	condition__adult_control_vs_juvenile_control	adult_control	juvenile_control	Smp_320940	355.598310635514	2.26990003147498	0.194916212830258	11.6455168018871	2.41851093360395e-31	3.42212056054259e-30	Smp_320940	protein_coding
smansoni_prjna597909_primary	condition	condition__adult_control_vs_juvenile_control	adult_control	juvenile_control	Smp_303000	361.032852647874	-1.05418360503141	0.0905991940609586	-11.6356841355798	2.71405229691277e-31	3.82313298217877e-30	Smp_303000	protein_coding
smansoni_prjna597909_primary	condition	condition__adult_control_vs_juvenile_control	adult_control	juvenile_control	Smp_326540	693.03402472325	8.52984006901568	0.733291818808483	11.6322586045972	2.82521820884615e-31	3.97380394494253e-30	Smp_326540	protein_coding
smansoni_prjna597909_primary	condition	condition__adult_control_vs_juvenile_control	adult_control	juvenile_control	Smp_088310	803.761835040816	1.05979833590033	0.0911513585944417	11.6267969259314	3.01188245900211e-31	4.23006136738306e-30	Smp_088310	protein_coding
smansoni_prjna597909_primary	condition	condition__adult_control_vs_juvenile_control	adult_control	juvenile_control	Smp_211020	1893.5604679556	-1.35036506111346	0.116694427912394	-11.5718041149936	5.72656851096574e-31	8.00703040911955e-30	Smp_211020	protein_coding
smansoni_prjna597909_primary	condition	condition__adult_control_vs_juvenile_control	adult_control	juvenile_control	Smp_244630	288.03380649268	-1.21832497857056	0.105392737028675	-11.5598570918513	6.58182324297659e-31	9.18927522786037e-30	Smp_244630	protein_coding
smansoni_prjna597909_primary	condition	condition__adult_control_vs_juvenile_control	adult_control	juvenile_control	Smp_112450	912.84530578305	8.59111915499368	0.743385033074759	11.5567556148655	6.82385168281531e-31	9.51313364394843e-30	Smp_112450	protein_coding
smansoni_prjna597909_primary	condition	condition__adult_control_vs_juvenile_control	adult_control	juvenile_control	Smp_000390	2920.10786311452	8.67200027275217	0.752061748426662	11.5309684223327	9.21017986913504e-31	1.27272836437229e-29	Smp_000390	protein_coding
smansoni_prjna597909_primary	condition	condition__adult_control_vs_juvenile_control	adult_control	juvenile_control	Smp_303410	66863.6824492011	2.19693698094746	0.190557453647791	11.5290005134518	9.42313221288852e-31	1.29835926641723e-29	Smp_303410	protein_coding
smansoni_prjna597909_primary	condition	condition__adult_control_vs_juvenile_control	adult_control	juvenile_control	Smp_346900	3556.8086469258	2.44833030060844	0.213658002971057	11.4591087933182	2.11681721909165e-30	2.88301964767353e-29	Smp_346900	protein_coding
smansoni_prjna597909_primary	condition	condition__adult_control_vs_juvenile_control	adult_control	juvenile_control	Smp_334210	490.974834392557	-1.25505778496755	0.109585056963909	-11.4528186573914	2.2762155633008e-30	3.09565316608909e-29	Smp_334210	protein_coding
smansoni_prjna597909_primary	condition	condition__adult_control_vs_juvenile_control	adult_control	juvenile_control	Smp_165060	407.521205150453	-1.01185085940049	0.0884830707460777	-11.4355305582039	2.77833175932763e-30	3.7569086965901e-29	Smp_165060	protein_coding
smansoni_prjna597909_primary	condition	condition__adult_control_vs_juvenile_control	adult_control	juvenile_control	Smp_147790	1708.01956159839	-1.14628833343543	0.100358894302088	-11.4218908190142	3.25083258967007e-30	4.38329096113574e-29	Smp_147790	protein_coding
smansoni_prjna597909_primary	condition	condition__adult_control_vs_juvenile_control	adult_control	juvenile_control	Smp_243210	117.359108610519	1.26876112134731	0.111248377546759	11.4047606745009	3.95864481515064e-30	5.31493051034146e-29	Smp_243210	protein_coding
smansoni_prjna597909_primary	condition	condition__adult_control_vs_juvenile_control	adult_control	juvenile_control	Smp_246770	525.571408010707	4.3207755276902	0.379200385042849	11.3944386612423	4.45693188410553e-30	5.96698585957018e-29	Smp_246770	protein_coding
smansoni_prjna597909_primary	condition	condition__adult_control_vs_juvenile_control	adult_control	juvenile_control	Smp_124760	1756.36810195334	-1.13501195692894	0.0996328162597609	-11.3919489535432	4.58615331501932e-30	6.13130426217293e-29	Smp_124760	protein_coding
smansoni_prjna597909_primary	condition	condition__adult_control_vs_juvenile_control	adult_control	juvenile_control	Smp_055100	689.142901831841	1.00970194355012	0.0887819149506374	11.3728335789052	5.71031787808587e-30	7.59126928040333e-29	Smp_055100	protein_coding
smansoni_prjna597909_primary	condition	condition__adult_control_vs_juvenile_control	adult_control	juvenile_control	Smp_214210	123.734753373946	2.06652894494923	0.181767603268587	11.3690718686302	5.96181407616437e-30	7.91447565279574e-29	Smp_214210	protein_coding
smansoni_prjna597909_primary	condition	condition__adult_control_vs_juvenile_control	adult_control	juvenile_control	Smp_088990	562.787737328163	1.34222585283611	0.118473135082947	11.3293689062619	9.38787026016209e-30	1.23757530961021e-28	Smp_088990	protein_coding
smansoni_prjna597909_primary	condition	condition__adult_control_vs_juvenile_control	adult_control	juvenile_control	Smp_074260	871.320874574679	1.03878508170732	0.0917615818081497	11.3204792380231	1.0390235300717e-29	1.36780646326431e-28	Smp_074260	protein_coding
smansoni_prjna597909_primary	condition	condition__adult_control_vs_juvenile_control	adult_control	juvenile_control	Smp_311650	454.409539883822	-1.02635369181497	0.0908566855826277	-11.2964025182447	1.36704099734768e-29	1.78964979320364e-28	Smp_311650	protein_coding
smansoni_prjna597909_primary	condition	condition__adult_control_vs_juvenile_control	adult_control	juvenile_control	Smp_135480	240.015642169511	-1.06630040409638	0.0944358424798667	-11.2912679772376	1.44930622459047e-29	1.89472232846876e-28	Smp_135480	protein_coding
smansoni_prjna597909_primary	condition	condition__adult_control_vs_juvenile_control	adult_control	juvenile_control	Smp_131160	252.77714414163	1.18477703290618	0.105052595098532	11.2779416043454	1.68645872766113e-29	2.19262832102517e-28	Smp_131160	protein_coding
smansoni_prjna597909_primary	condition	condition__adult_control_vs_juvenile_control	adult_control	juvenile_control	Smp_164400	268.884265126107	3.96926546492438	0.352163944978221	11.2710728100512	1.82334582217271e-29	2.36734405373303e-28	Smp_164400	protein_coding
smansoni_prjna597909_primary	condition	condition__adult_control_vs_juvenile_control	adult_control	juvenile_control	Smp_074570	598.1502021245	2.05184526464483	0.182177242174914	11.2629066075926	2.00049668608015e-29	2.59378527802875e-28	Smp_074570	protein_coding
smansoni_prjna597909_primary	condition	condition__adult_control_vs_juvenile_control	adult_control	juvenile_control	Smp_152110	257.979951034043	1.15069822918052	0.102327619014375	11.2452360395375	2.44441934133052e-29	3.15637317134645e-28	Smp_152110	protein_coding
smansoni_prjna597909_primary	condition	condition__adult_control_vs_juvenile_control	adult_control	juvenile_control	Smp_333520	542.390334013247	-1.06609269391666	0.0948716095133931	-11.2372152152237	2.67693946304949e-29	3.45190065549028e-28	Smp_333520	protein_coding
smansoni_prjna597909_primary	condition	condition__adult_control_vs_juvenile_control	adult_control	juvenile_control	Smp_335930	219.5275365503	-1.05796453738067	0.0941845260881092	-11.2328912330137	2.81126150422148e-29	3.62016944658057e-28	Smp_335930	protein_coding
smansoni_prjna597909_primary	condition	condition__adult_control_vs_juvenile_control	adult_control	juvenile_control	Smp_316640	445.455109928752	1.42903077663139	0.127238335641278	11.231133835798	2.86774641424991e-29	3.68788287176737e-28	Smp_316640	protein_coding
smansoni_prjna597909_primary	condition	condition__adult_control_vs_juvenile_control	adult_control	juvenile_control	Smp_174920	240.697599230851	-1.15902016599818	0.103388576616232	-11.210331004946	3.62833954474186e-29	4.64073956385657e-28	Smp_174920	protein_coding
smansoni_prjna597909_primary	condition	condition__adult_control_vs_juvenile_control	adult_control	juvenile_control	Smp_039970	583.723020220918	1.28792985721895	0.114983300284692	11.2010166174575	4.03081095561802e-29	5.13466646260129e-28	Smp_039970	protein_coding
smansoni_prjna597909_primary	condition	condition__adult_control_vs_juvenile_control	adult_control	juvenile_control	Smp_125210	139.462356928987	1.48170156286311	0.13241892858444	11.1894997090108	4.59016184033115e-29	5.83932836000135e-28	Smp_125210	protein_coding
smansoni_prjna597909_primary	condition	condition__adult_control_vs_juvenile_control	adult_control	juvenile_control	Smp_344380	166.625548183159	-1.21497877683609	0.108651663279253	-11.1823302116728	4.97658420016035e-29	6.31742126016412e-28	Smp_344380	protein_coding
smansoni_prjna597909_primary	condition	condition__adult_control_vs_juvenile_control	adult_control	juvenile_control	Smp_175860	367.770439949756	-1.00374096158495	0.0899063695425551	-11.164291992792	6.09750640643054e-29	7.70503082267132e-28	Smp_175860	protein_coding
smansoni_prjna597909_primary	condition	condition__adult_control_vs_juvenile_control	adult_control	juvenile_control	Smp_150740	1454.56504417314	1.3995685746906	0.125509940043825	11.1510576309885	7.07602561991104e-29	8.8939619892818e-28	Smp_150740	protein_coding
smansoni_prjna597909_primary	condition	condition__adult_control_vs_juvenile_control	adult_control	juvenile_control	Smp_169760	177.497371902825	-1.13086469374072	0.101512998641618	-11.1400974148457	8.00317609320882e-29	1.00326287046432e-27	Smp_169760	protein_coding
smansoni_prjna597909_primary	condition	condition__adult_control_vs_juvenile_control	adult_control	juvenile_control	Smp_303320	4200.65574945763	1.08174260068502	0.0971992533078195	11.1291245958368	9.05200901451786e-29	1.12726731495682e-27	Smp_303320	protein_coding
smansoni_prjna597909_primary	condition	condition__adult_control_vs_juvenile_control	adult_control	juvenile_control	Smp_318890	290.086850986251	-1.20138938278658	0.108219025337897	-11.1014618643573	1.23408643269887e-28	1.53279697265043e-27	Smp_318890	protein_coding
smansoni_prjna597909_primary	condition	condition__adult_control_vs_juvenile_control	adult_control	juvenile_control	Smp_135160	1498.07994861843	1.10499107945784	0.0997868701849431	11.0735117496908	1.68659031737447e-28	2.08660362301355e-27	Smp_135160	protein_coding
smansoni_prjna597909_primary	condition	condition__adult_control_vs_juvenile_control	adult_control	juvenile_control	Smp_048930	211.217583324531	1.10271031122151	0.0996059737028567	11.0707246787337	1.73987883817468e-28	2.14971696450027e-27	Smp_048930	protein_coding
smansoni_prjna597909_primary	condition	condition__adult_control_vs_juvenile_control	adult_control	juvenile_control	Smp_900030	2706.08570090936	1.14175204049901	0.103164019683706	11.0673473561766	1.80669554029022e-28	2.22935851786204e-27	Smp_900030	protein_coding
smansoni_prjna597909_primary	condition	condition__adult_control_vs_juvenile_control	adult_control	juvenile_control	Smp_041880	45.3751326131213	6.26146373757471	0.5659669267542	11.0633032454458	1.89006013389235e-28	2.32615213353522e-27	Smp_041880	protein_coding
smansoni_prjna597909_primary	condition	condition__adult_control_vs_juvenile_control	adult_control	juvenile_control	Smp_331250	281.870604009925	2.55830559774962	0.231382411835475	11.0566122007956	2.0364473319133e-28	2.50064045829452e-27	Smp_331250	protein_coding
smansoni_prjna597909_primary	condition	condition__adult_control_vs_juvenile_control	adult_control	juvenile_control	Smp_055240	481.117192114563	-1.30835781618188	0.118622846236089	-11.0295601369902	2.75207760976092e-28	3.36951263827205e-27	Smp_055240	protein_coding
smansoni_prjna597909_primary	condition	condition__adult_control_vs_juvenile_control	adult_control	juvenile_control	Smp_244390	58.7207855776978	2.74889333852831	0.249252791236191	11.0285358286057	2.7835989397672e-28	3.40369691832853e-27	Smp_244390	protein_coding
smansoni_prjna597909_primary	condition	condition__adult_control_vs_juvenile_control	adult_control	juvenile_control	Smp_170840	141.841176221966	5.29319808974419	0.480097000197633	11.025267992854	2.88657432174448e-28	3.52050328891985e-27	Smp_170840	protein_coding
smansoni_prjna597909_primary	condition	condition__adult_control_vs_juvenile_control	adult_control	juvenile_control	Smp_135130	201.830882799457	-1.05245885956196	0.0954950376760485	-11.0210842906021	3.02394316210411e-28	3.67854707441544e-27	Smp_135130	protein_coding
smansoni_prjna597909_primary	condition	condition__adult_control_vs_juvenile_control	adult_control	juvenile_control	Smp_331410	494.531047797852	1.90507835617562	0.172945111379575	11.0155085678855	3.21714608571224e-28	3.90352564854327e-27	Smp_331410	protein_coding
smansoni_prjna597909_primary	condition	condition__adult_control_vs_juvenile_control	adult_control	juvenile_control	Smp_039590	90.6486881680747	3.2082552615683	0.291802180307775	10.9946240229748	4.05600322960331e-28	4.90875064356089e-27	Smp_039590	protein_coding
smansoni_prjna597909_primary	condition	condition__adult_control_vs_juvenile_control	adult_control	juvenile_control	Smp_345990	41.1246513503009	3.82482942415441	0.348409960322474	10.9779566020854	4.87833582230469e-28	5.87388919648712e-27	Smp_345990	protein_coding
smansoni_prjna597909_primary	condition	condition__adult_control_vs_juvenile_control	adult_control	juvenile_control	Smp_328580	442.718004613451	-1.12316431627473	0.102354343353227	-10.9732941414969	5.1366215999916e-28	6.17701620395936e-27	Smp_328580	protein_coding
smansoni_prjna597909_primary	condition	condition__adult_control_vs_juvenile_control	adult_control	juvenile_control	Smp_125350	99.9830857808174	-1.51117431940317	0.138029415579023	-10.9482048667953	6.77775037033296e-28	8.08880006318019e-27	Smp_125350	protein_coding
smansoni_prjna597909_primary	condition	condition__adult_control_vs_juvenile_control	adult_control	juvenile_control	Smp_329010	829.982962594899	1.20389743073145	0.110076103308298	10.9369553840365	7.6733643819588e-28	9.10020578899304e-27	Smp_329010	protein_coding
smansoni_prjna597909_primary	condition	condition__adult_control_vs_juvenile_control	adult_control	juvenile_control	Smp_156340	637.871675746652	1.09373187646664	0.100143048032717	10.9216954941227	9.07850237465818e-28	1.0712859481307e-26	Smp_156340	protein_coding
smansoni_prjna597909_primary	condition	condition__adult_control_vs_juvenile_control	adult_control	juvenile_control	Smp_131840	9200.10931400654	1.13768293824057	0.104283871222526	10.9094812544207	1.03847230398321e-27	1.22237113539842e-26	Smp_131840	protein_coding
smansoni_prjna597909_primary	condition	condition__adult_control_vs_juvenile_control	adult_control	juvenile_control	Smp_333340	219.432689963599	1.94068537783433	0.178028181439252	10.9010009659428	1.13996249167584e-27	1.33683938850125e-26	Smp_333340	protein_coding
smansoni_prjna597909_primary	condition	condition__adult_control_vs_juvenile_control	adult_control	juvenile_control	Smp_319550	98.7435696582606	10.0923460474644	0.92806840404778	10.8745713176383	1.52370344857351e-27	1.77803024640949e-26	Smp_319550	protein_coding
smansoni_prjna597909_primary	condition	condition__adult_control_vs_juvenile_control	adult_control	juvenile_control	Smp_345960	124.262086257922	1.81235783290169	0.166910181396731	10.858282087621	1.82143424846252e-27	2.12022124587041e-26	Smp_345960	protein_coding
smansoni_prjna597909_primary	condition	condition__adult_control_vs_juvenile_control	adult_control	juvenile_control	Smp_306970	29.8507485426247	4.47670190499677	0.412372716673747	10.8559604551592	1.86832225137514e-27	2.16945723832897e-26	Smp_306970	protein_coding
smansoni_prjna597909_primary	condition	condition__adult_control_vs_juvenile_control	adult_control	juvenile_control	Smp_345090	344.407567042218	-1.29166999260962	0.118992590136024	-10.8550456052185	1.88712573190382e-27	2.18860275066931e-26	Smp_345090	protein_coding
smansoni_prjna597909_primary	condition	condition__adult_control_vs_juvenile_control	adult_control	juvenile_control	Smp_103790	876.482505374712	-1.10959323730223	0.10234950441553	-10.8412174894113	2.19529847725966e-27	2.53977493354447e-26	Smp_103790	protein_coding
smansoni_prjna597909_primary	condition	condition__adult_control_vs_juvenile_control	adult_control	juvenile_control	Smp_079380	466.402535333443	-1.0709787228888	0.0989493999419969	-10.8234989147645	2.66408567470686e-27	3.0671057000401e-26	Smp_079380	protein_coding
smansoni_prjna597909_primary	condition	condition__adult_control_vs_juvenile_control	adult_control	juvenile_control	Smp_171140	2637.2909174259	1.18592542011327	0.109574944757921	10.8229616061708	2.6797544239196e-27	3.08139158331972e-26	Smp_171140	protein_coding
smansoni_prjna597909_primary	condition	condition__adult_control_vs_juvenile_control	adult_control	juvenile_control	Smp_213900	10795.4562319131	-1.20730204088262	0.111982278702727	-10.781188370774	4.22393146943712e-27	4.79862983763457e-26	Smp_213900	protein_coding
smansoni_prjna597909_primary	condition	condition__adult_control_vs_juvenile_control	adult_control	juvenile_control	Smp_170260	683.733985237578	1.01165734110557	0.0938970633648973	10.7741105509777	4.56169582771961e-27	5.16373041480309e-26	Smp_170260	protein_coding
smansoni_prjna597909_primary	condition	condition__adult_control_vs_juvenile_control	adult_control	juvenile_control	Smp_210200	248.68380659961	-1.03825565445184	0.0963860067526928	-10.7718504939809	4.67508954757944e-27	5.28575913920106e-26	Smp_210200	protein_coding
smansoni_prjna597909_primary	condition	condition__adult_control_vs_juvenile_control	adult_control	juvenile_control	Smp_136870	40.8200711704213	4.09302591285089	0.381196534700641	10.7373114397937	6.7995719769908e-27	7.65113741982345e-26	Smp_136870	protein_coding
smansoni_prjna597909_primary	condition	condition__adult_control_vs_juvenile_control	adult_control	juvenile_control	Smp_322340	109.472061246366	2.24358871035408	0.21005099678718	10.6811619305346	1.24700961293668e-26	1.38830799310689e-25	Smp_322340	protein_coding
smansoni_prjna597909_primary	condition	condition__adult_control_vs_juvenile_control	adult_control	juvenile_control	Smp_151220	452.751471031443	-1.28796198324349	0.12062101596887	-10.677757709949	1.29358446019896e-26	1.43677559551123e-25	Smp_151220	protein_coding
smansoni_prjna597909_primary	condition	condition__adult_control_vs_juvenile_control	adult_control	juvenile_control	Smp_019310	1325.32313014326	1.41166594797764	0.132315086839239	10.6689719343403	1.42190866482049e-26	1.57745078637127e-25	Smp_019310	protein_coding
smansoni_prjna597909_primary	condition	condition__adult_control_vs_juvenile_control	adult_control	juvenile_control	Smp_326560	1359.49533581467	8.09447015027811	0.758933973903661	10.6655788627347	1.474778267033e-26	1.63227215222435e-25	Smp_326560	protein_coding
smansoni_prjna597909_primary	condition	condition__adult_control_vs_juvenile_control	adult_control	juvenile_control	Smp_348540	78.2551870380712	3.11432186567829	0.292007946048096	10.6651956147979	1.48087105721059e-26	1.63709862371397e-25	Smp_348540	protein_coding
smansoni_prjna597909_primary	condition	condition__adult_control_vs_juvenile_control	adult_control	juvenile_control	Smp_189830	111.239932629498	-1.57796131004123	0.148213374748228	-10.6465513839202	1.809446789101e-26	1.99334394528935e-25	Smp_189830	protein_coding
smansoni_prjna597909_primary	condition	condition__adult_control_vs_juvenile_control	adult_control	juvenile_control	Smp_154390	27.366898345191	4.01287397667835	0.377148115813949	10.6400477913509	1.94029796373554e-26	2.1350053961849e-25	Smp_154390	protein_coding
smansoni_prjna597909_primary	condition	condition__adult_control_vs_juvenile_control	adult_control	juvenile_control	Smp_162550	809.189304620935	-1.1667148441493	0.10979705405335	-10.626103352303	2.25331623187461e-26	2.46794264469047e-25	Smp_162550	protein_coding
smansoni_prjna597909_primary	condition	condition__adult_control_vs_juvenile_control	adult_control	juvenile_control	Smp_322850	118.269308286617	1.49127945968783	0.140425123297007	10.6197482663675	2.41210714490762e-26	2.6388005478781e-25	Smp_322850	protein_coding
smansoni_prjna597909_primary	condition	condition__adult_control_vs_juvenile_control	adult_control	juvenile_control	Smp_245570	90.6686609007865	2.48262682192672	0.233953100853508	10.6116431578363	2.63081210148905e-26	2.87141293109406e-25	Smp_245570	protein_coding
smansoni_prjna597909_primary	condition	condition__adult_control_vs_juvenile_control	adult_control	juvenile_control	Smp_346630	430.216773366368	-1.12838401486869	0.106552948518611	-10.5898901021177	3.31981375134105e-26	3.60262681718434e-25	Smp_346630	protein_coding
smansoni_prjna597909_primary	condition	condition__adult_control_vs_juvenile_control	adult_control	juvenile_control	Smp_243810	391.197040032927	2.0969564561482	0.198160642184423	10.5821036560662	3.60765847791766e-26	3.90155468344138e-25	Smp_243810	protein_coding
smansoni_prjna597909_primary	condition	condition__adult_control_vs_juvenile_control	adult_control	juvenile_control	Smp_213640	253.088962361184	1.50038919466388	0.141795415445633	10.5813660473329	3.63617619592094e-26	3.92790141758225e-25	Smp_213640	protein_coding
smansoni_prjna597909_primary	condition	condition__adult_control_vs_juvenile_control	adult_control	juvenile_control	Smp_153070	554.515945086901	1.66385155972374	0.15735531529355	10.5738503756278	3.939795518998e-26	4.2413379550762e-25	Smp_153070	protein_coding
smansoni_prjna597909_primary	condition	condition__adult_control_vs_juvenile_control	adult_control	juvenile_control	Smp_330160	1081.54279800911	1.05870770165607	0.100208808010181	10.5650164160072	4.32892931069062e-26	4.64966361870998e-25	Smp_330160	protein_coding
smansoni_prjna597909_primary	condition	condition__adult_control_vs_juvenile_control	adult_control	juvenile_control	Smp_136480	396.717252901896	2.08641544553284	0.19759486163794	10.5590571953022	4.61271337847637e-26	4.93205507390935e-25	Smp_136480	protein_coding
smansoni_prjna597909_primary	condition	condition__adult_control_vs_juvenile_control	adult_control	juvenile_control	Smp_344180	215.965173540395	-1.13316848442895	0.108044838258828	-10.4879465108215	9.81380599437907e-26	1.03181417418099e-24	Smp_344180	protein_coding
smansoni_prjna597909_primary	condition	condition__adult_control_vs_juvenile_control	adult_control	juvenile_control	Smp_058700	4520.46516727011	1.11129936282187	0.106040442868427	10.4799577666867	1.06791421149006e-25	1.1190604353663e-24	Smp_058700	protein_coding
smansoni_prjna597909_primary	condition	condition__adult_control_vs_juvenile_control	adult_control	juvenile_control	Smp_044750	3075.37165982378	1.05890950301167	0.101245307080512	10.4588502276911	1.33465344644299e-25	1.38933308103294e-24	Smp_044750	protein_coding
smansoni_prjna597909_primary	condition	condition__adult_control_vs_juvenile_control	adult_control	juvenile_control	Smp_056990	3214.57930948769	1.35132888844986	0.129239653127151	10.4559928454804	1.37550505232686e-25	1.43028314131941e-24	Smp_056990	protein_coding
smansoni_prjna597909_primary	condition	condition__adult_control_vs_juvenile_control	adult_control	juvenile_control	Smp_154850	452.31591501494	-1.11158141531591	0.106602287574919	-10.4273692488514	1.85965800265438e-25	1.92524506474143e-24	Smp_154850	protein_coding
smansoni_prjna597909_primary	condition	condition__adult_control_vs_juvenile_control	adult_control	juvenile_control	Smp_075370	2223.10361462176	1.09224600495899	0.105007035688754	10.401645925864	2.43687070565028e-25	2.51181045908467e-24	Smp_075370	protein_coding
smansoni_prjna597909_primary	condition	condition__adult_control_vs_juvenile_control	adult_control	juvenile_control	Smp_132660	55.5557124292852	2.11166903982194	0.203186692361695	10.392752671336	2.67518856698838e-25	2.74846547121458e-24	Smp_132660	protein_coding
smansoni_prjna597909_primary	condition	condition__adult_control_vs_juvenile_control	adult_control	juvenile_control	Smp_245120	207.671254262526	-1.42698352272805	0.137435557755088	-10.3829281594721	2.96537747229127e-25	3.03341427143908e-24	Smp_245120	protein_coding
smansoni_prjna597909_primary	condition	condition__adult_control_vs_juvenile_control	adult_control	juvenile_control	Smp_198560	218.31001534622	1.44059849725985	0.138902702948514	10.3712776402474	3.35015207303423e-25	3.40857237829058e-24	Smp_198560	protein_coding
smansoni_prjna597909_primary	condition	condition__adult_control_vs_juvenile_control	adult_control	juvenile_control	Smp_346070	729.167014184922	-3.13152948415223	0.302097176385313	-10.3659674069846	3.54156449060839e-25	3.59944812529361e-24	Smp_346070	protein_coding
smansoni_prjna597909_primary	condition	condition__adult_control_vs_juvenile_control	adult_control	juvenile_control	Smp_141480	48.4111011438685	3.72456749242007	0.359383003478038	10.3637830848272	3.62341080337865e-25	3.67867657503061e-24	Smp_141480	protein_coding
smansoni_prjna597909_primary	condition	condition__adult_control_vs_juvenile_control	adult_control	juvenile_control	Smp_176930	2841.01212383061	1.09688754641356	0.106041150464816	10.3439800643949	4.45636056642378e-25	4.50979872310895e-24	Smp_176930	protein_coding
smansoni_prjna597909_primary	condition	condition__adult_control_vs_juvenile_control	adult_control	juvenile_control	Smp_327270	1362.73446507492	1.16926403988363	0.113211822153377	10.3281090052551	5.25870296018421e-25	5.29906827075279e-24	Smp_327270	protein_coding
smansoni_prjna597909_primary	condition	condition__adult_control_vs_juvenile_control	adult_control	juvenile_control	Smp_004160	161.509090644429	-1.05243709083539	0.101925328941742	-10.3255697260191	5.39972821524319e-25	5.43538137278792e-24	Smp_004160	protein_coding
smansoni_prjna597909_primary	condition	condition__adult_control_vs_juvenile_control	adult_control	juvenile_control	Smp_181060	356.780439130271	1.37764608258622	0.133444449010651	10.323742147388	5.50354031177354e-25	5.53398542839186e-24	Smp_181060	protein_coding
smansoni_prjna597909_primary	condition	condition__adult_control_vs_juvenile_control	adult_control	juvenile_control	Smp_340040	21.4744155877667	4.33722243390815	0.420558202921048	10.3130135229401	6.15407623557391e-25	6.13589963909753e-24	Smp_340040	protein_coding
smansoni_prjna597909_primary	condition	condition__adult_control_vs_juvenile_control	adult_control	juvenile_control	Smp_130890	748.7012663851	-1.03175300727817	0.100164136948998	-10.3006229445527	7.00064747331332e-25	6.96527578081658e-24	Smp_130890	protein_coding
smansoni_prjna597909_primary	condition	condition__adult_control_vs_juvenile_control	adult_control	juvenile_control	Smp_135550	210.102453753655	-1.06542843403257	0.103439432713937	-10.3000220136456	7.04451790926663e-25	7.00155449825322e-24	Smp_135550	protein_coding
smansoni_prjna597909_primary	condition	condition__adult_control_vs_juvenile_control	adult_control	juvenile_control	Smp_148110	256.224604899636	-1.57641754023719	0.153582276400988	-10.2643194070215	1.02037930159182e-24	1.00151870806292e-23	Smp_148110	protein_coding
smansoni_prjna597909_primary	condition	condition__adult_control_vs_juvenile_control	adult_control	juvenile_control	Smp_201600	497.841063197042	2.4358420476018	0.23734036855257	10.2630751879964	1.03361641553009e-24	1.01345875099486e-23	Smp_201600	protein_coding
smansoni_prjna597909_primary	condition	condition__adult_control_vs_juvenile_control	adult_control	juvenile_control	Smp_242540	667.294909219815	1.18113520656204	0.115143263092626	10.2579619062201	1.08982589823075e-24	1.06525691727788e-23	Smp_242540	protein_coding
smansoni_prjna597909_primary	condition	condition__adult_control_vs_juvenile_control	adult_control	juvenile_control	Smp_131380	236.051757803912	1.49106014353299	0.145475847968521	10.2495373930086	1.18911279194067e-24	1.15871073293022e-23	Smp_131380	protein_coding
smansoni_prjna597909_primary	condition	condition__adult_control_vs_juvenile_control	adult_control	juvenile_control	Smp_177060	1564.58964476411	1.10443191835021	0.107762783214289	10.2487323119153	1.1990576815034e-24	1.16719806442535e-23	Smp_177060	protein_coding
smansoni_prjna597909_primary	condition	condition__adult_control_vs_juvenile_control	adult_control	juvenile_control	Smp_303980	320.038651623324	1.92308674518055	0.187813829065667	10.2393245201777	1.32155796147433e-24	1.28379916257506e-23	Smp_303980	protein_coding
smansoni_prjna597909_primary	condition	condition__adult_control_vs_juvenile_control	adult_control	juvenile_control	Smp_050250	980.541969852493	1.12216901607901	0.109914548808326	10.2094675204089	1.79849087227439e-24	1.7310932509916e-23	Smp_050250	protein_coding
smansoni_prjna597909_primary	condition	condition__adult_control_vs_juvenile_control	adult_control	juvenile_control	Smp_063520	82.9285546630504	1.79116557656481	0.17581661379843	10.1876923793923	2.25042554741945e-24	2.15730449028485e-23	Smp_063520	protein_coding
smansoni_prjna597909_primary	condition	condition__adult_control_vs_juvenile_control	adult_control	juvenile_control	Smp_340220	510.481758972444	1.6388668190037	0.161145712711603	10.1700925915213	2.69652216558036e-24	2.57970926205117e-23	Smp_340220	protein_coding
smansoni_prjna597909_primary	condition	condition__adult_control_vs_juvenile_control	adult_control	juvenile_control	Smp_343560	241.016207924551	-1.28230392663198	0.126705912352745	-10.1203164305552	4.48961772281528e-24	4.26062918835844e-23	Smp_343560	protein_coding
smansoni_prjna597909_primary	condition	condition__adult_control_vs_juvenile_control	adult_control	juvenile_control	Smp_126470	203.114412566764	1.38161184578081	0.136995563950643	10.0850845526544	6.43097932926464e-24	6.06642880441211e-23	Smp_126470	protein_coding
smansoni_prjna597909_primary	condition	condition__adult_control_vs_juvenile_control	adult_control	juvenile_control	Smp_335570	511.845471466293	-1.00020165033436	0.0992629703551457	-10.076281686472	7.03376821484813e-24	6.62843241941621e-23	Smp_335570	protein_coding
smansoni_prjna597909_primary	condition	condition__adult_control_vs_juvenile_control	adult_control	juvenile_control	Smp_087320	51.0418256541174	1.92001921746734	0.190571014495682	10.0750852512823	7.119902251824e-24	6.7029199287092e-23	Smp_087320	protein_coding
smansoni_prjna597909_primary	condition	condition__adult_control_vs_juvenile_control	adult_control	juvenile_control	Smp_320330	273.569961476544	2.03797017009146	0.202450752011482	10.0664983945126	7.76950963792626e-24	7.29269166809126e-23	Smp_320330	protein_coding
smansoni_prjna597909_primary	condition	condition__adult_control_vs_juvenile_control	adult_control	juvenile_control	Smp_075330	190.52304714004	1.47042638861598	0.146358546607415	10.0467408477359	9.49560212867068e-24	8.87758964591447e-23	Smp_075330	protein_coding
smansoni_prjna597909_primary	condition	condition__adult_control_vs_juvenile_control	adult_control	juvenile_control	Smp_154410	118.152905911462	1.38453671748583	0.138093948062992	10.0260491998844	1.17109105366547e-23	1.09055691027054e-22	Smp_154410	protein_coding
smansoni_prjna597909_primary	condition	condition__adult_control_vs_juvenile_control	adult_control	juvenile_control	Smp_245800	1111.84708099047	-1.15881230693059	0.116301194731154	-9.9638899635498	2.19309960612193e-23	2.01449732527351e-22	Smp_245800	protein_coding
smansoni_prjna597909_primary	condition	condition__adult_control_vs_juvenile_control	adult_control	juvenile_control	Smp_333140	1521.83814869415	-1.11146868011659	0.11160308281103	-9.95912166690383	2.30086417561593e-23	2.10734187867459e-22	Smp_333140	protein_coding
smansoni_prjna597909_primary	condition	condition__adult_control_vs_juvenile_control	adult_control	juvenile_control	Smp_146750	198.917171278901	1.38150931709949	0.138726591082522	9.95850403530567	2.31520094505053e-23	2.11842007092135e-22	Smp_146750	protein_coding
smansoni_prjna597909_primary	condition	condition__adult_control_vs_juvenile_control	adult_control	juvenile_control	Smp_327360	208.276962497091	2.51341049715119	0.252434305307865	9.95669148092164	2.3577875505316e-23	2.15530057327125e-22	Smp_327360	protein_coding
smansoni_prjna597909_primary	condition	condition__adult_control_vs_juvenile_control	adult_control	juvenile_control	Smp_344220	225.807407487004	1.27653550605584	0.128590343146476	9.92714907527508	3.17194876246812e-23	2.86627721824557e-22	Smp_344220	protein_coding
smansoni_prjna597909_primary	condition	condition__adult_control_vs_juvenile_control	adult_control	juvenile_control	Smp_335900	127.630287188466	-1.80767123366296	0.182123693235058	-9.92551381730378	3.22437720470681e-23	2.91087042396263e-22	Smp_335900	protein_coding
smansoni_prjna597909_primary	condition	condition__adult_control_vs_juvenile_control	adult_control	juvenile_control	Smp_315840	291.357410159558	-1.37510109109194	0.138777558311723	-9.90867044946259	3.81691522044808e-23	3.42616169645539e-22	Smp_315840	protein_coding
smansoni_prjna597909_primary	condition	condition__adult_control_vs_juvenile_control	adult_control	juvenile_control	Smp_333780	447.377250603886	1.1577624038578	0.116845187638289	9.90851593684641	3.82282185855493e-23	3.42820798928474e-22	Smp_333780	protein_coding
smansoni_prjna597909_primary	condition	condition__adult_control_vs_juvenile_control	adult_control	juvenile_control	Smp_163310	417.083618816784	1.04383021910046	0.105428740314827	9.90081277632092	4.12905556239104e-23	3.68883111301702e-22	Smp_163310	protein_coding
smansoni_prjna597909_primary	condition	condition__adult_control_vs_juvenile_control	adult_control	juvenile_control	Smp_047680	442.127423243643	1.66979587953365	0.168895146052787	9.88658299873084	4.75998302328756e-23	4.22454080151305e-22	Smp_047680	protein_coding
smansoni_prjna597909_primary	condition	condition__adult_control_vs_juvenile_control	adult_control	juvenile_control	Smp_127270	250.369561065929	-1.21753393652819	0.123265867554626	-9.87729986152594	5.22210512581936e-23	4.62599228202855e-22	Smp_127270	protein_coding
smansoni_prjna597909_primary	condition	condition__adult_control_vs_juvenile_control	adult_control	juvenile_control	Smp_096480	360.033308217643	-1.04705991453529	0.106080321003507	-9.87044443898956	5.59163037167721e-23	4.94869759111357e-22	Smp_096480	protein_coding
smansoni_prjna597909_primary	condition	condition__adult_control_vs_juvenile_control	adult_control	juvenile_control	Smp_001120	257.901710885289	1.85743069941343	0.189461066781292	9.80375932094587	1.08471762664027e-22	9.4582573865349e-22	Smp_001120	protein_coding
smansoni_prjna597909_primary	condition	condition__adult_control_vs_juvenile_control	adult_control	juvenile_control	Smp_150420	142.85213237486	-1.09481186547443	0.111793052430882	-9.79320129174678	1.20421572017711e-22	1.04808904117072e-21	Smp_150420	protein_coding
smansoni_prjna597909_primary	condition	condition__adult_control_vs_juvenile_control	adult_control	juvenile_control	Smp_343310	552.279628299512	-1.04515753406394	0.106800015450537	-9.78611781707088	1.2916009629953e-22	1.12207833660217e-21	Smp_343310	protein_coding
smansoni_prjna597909_primary	condition	condition__adult_control_vs_juvenile_control	adult_control	juvenile_control	Smp_125510	511.62617995369	-1.17198167078394	0.119866584911579	-9.77738434484028	1.40802249521025e-22	1.21873888504828e-21	Smp_125510	protein_coding
smansoni_prjna597909_primary	condition	condition__adult_control_vs_juvenile_control	adult_control	juvenile_control	Smp_171280	349.474573518516	1.67671616809734	0.171669258074015	9.76713120863158	1.55801227895274e-22	1.34733138706873e-21	Smp_171280	protein_coding
smansoni_prjna597909_primary	condition	condition__adult_control_vs_juvenile_control	adult_control	juvenile_control	Smp_343820	140.000221028781	-1.31092681900039	0.135086938025197	-9.70431958977319	2.88998040554195e-22	2.46535151563019e-21	Smp_343820	protein_coding
smansoni_prjna597909_primary	condition	condition__adult_control_vs_juvenile_control	adult_control	juvenile_control	Smp_086960	144.15254440345	1.95736263596938	0.201756721090817	9.70159816925412	2.96812476841808e-22	2.52802901522433e-21	Smp_086960	protein_coding
smansoni_prjna597909_primary	condition	condition__adult_control_vs_juvenile_control	adult_control	juvenile_control	Smp_247620	196.433477535185	-1.23542026067086	0.127455282994609	-9.69297020605347	3.22996052093227e-22	2.74053741865815e-21	Smp_247620	protein_coding
smansoni_prjna597909_primary	condition	condition__adult_control_vs_juvenile_control	adult_control	juvenile_control	Smp_247220	373.34489112321	-1.09362147108473	0.112879114503215	-9.68843063570972	3.37677291122262e-22	2.85996931513228e-21	Smp_247220	protein_coding
smansoni_prjna597909_primary	condition	condition__adult_control_vs_juvenile_control	adult_control	juvenile_control	Smp_144510	88.7674901117624	1.58086712335545	0.163621019397403	9.66176062939587	4.38266042409007e-22	3.69205938756678e-21	Smp_144510	protein_coding
smansoni_prjna597909_primary	condition	condition__adult_control_vs_juvenile_control	adult_control	juvenile_control	Smp_312560	578.951839053245	1.05878621434132	0.109647636797791	9.65626114034637	4.6243384941596e-22	3.88872308245521e-21	Smp_312560	protein_coding
smansoni_prjna597909_primary	condition	condition__adult_control_vs_juvenile_control	adult_control	juvenile_control	Smp_148160	133.357172128851	-1.22217495603605	0.12699675757344	-9.62367055181933	6.3523012266019e-22	5.26222183995102e-21	Smp_148160	protein_coding
smansoni_prjna597909_primary	condition	condition__adult_control_vs_juvenile_control	adult_control	juvenile_control	Smp_053120	202.898037789357	1.18362072864564	0.123946103226999	9.54947915125589	1.3034996271548e-21	1.06764978127099e-20	Smp_053120	protein_coding
smansoni_prjna597909_primary	condition	condition__adult_control_vs_juvenile_control	adult_control	juvenile_control	Smp_322230	81.0606589059142	2.33523989981154	0.245574187455204	9.50930520838036	1.91940186531775e-21	1.55326938621433e-20	Smp_322230	protein_coding
smansoni_prjna597909_primary	condition	condition__adult_control_vs_juvenile_control	adult_control	juvenile_control	Smp_313830	85.7672635181314	1.73647878354823	0.183022878380385	9.48776895497855	2.36031751947634e-21	1.90031696712865e-20	Smp_313830	protein_coding
smansoni_prjna597909_primary	condition	condition__adult_control_vs_juvenile_control	adult_control	juvenile_control	Smp_136620	271.739640685079	2.27085908077443	0.240139228560783	9.45642698356398	3.18645589936537e-21	2.55240518311877e-20	Smp_136620	protein_coding
smansoni_prjna597909_primary	condition	condition__adult_control_vs_juvenile_control	adult_control	juvenile_control	Smp_311490	70.3460218663706	-1.67385925896533	0.177850316939106	-9.41161808296598	4.88557021132675e-21	3.89034622051057e-20	Smp_311490	protein_coding
smansoni_prjna597909_primary	condition	condition__adult_control_vs_juvenile_control	adult_control	juvenile_control	Smp_316490	2285.6231778279	1.25064467042715	0.133276193023077	9.38385650174298	6.36028208398693e-21	5.03074361990331e-20	Smp_316490	protein_coding
smansoni_prjna597909_primary	condition	condition__adult_control_vs_juvenile_control	adult_control	juvenile_control	Smp_151600	598.429590699693	1.39838673566943	0.149293679221138	9.36668412865689	7.48469709319702e-21	5.90036337989143e-20	Smp_151600	protein_coding
smansoni_prjna597909_primary	condition	condition__adult_control_vs_juvenile_control	adult_control	juvenile_control	Smp_166230	248.499218059168	1.23965713818958	0.132390768174537	9.36362221688509	7.70489395636902e-21	6.06888813963333e-20	Smp_166230	protein_coding
smansoni_prjna597909_primary	condition	condition__adult_control_vs_juvenile_control	adult_control	juvenile_control	Smp_343420	24.5210946501723	3.2604250021894	0.34906625910959	9.34041866580347	9.59539385313798e-21	7.53286235048673e-20	Smp_343420	protein_coding
smansoni_prjna597909_primary	condition	condition__adult_control_vs_juvenile_control	adult_control	juvenile_control	Smp_194610	678.86819150549	-1.20223295893447	0.128723892105698	-9.33962560693312	9.66753562839068e-21	7.58319890120736e-20	Smp_194610	protein_coding
smansoni_prjna597909_primary	condition	condition__adult_control_vs_juvenile_control	adult_control	juvenile_control	Smp_064460	50.0166229390904	1.84866714077604	0.197945665364047	9.33926558773644	9.700462072534e-21	7.6027170405963e-20	Smp_064460	protein_coding
smansoni_prjna597909_primary	condition	condition__adult_control_vs_juvenile_control	adult_control	juvenile_control	Smp_333190	234.338907005353	-1.00058305580846	0.107328231620078	-9.32264550253971	1.13474974262851e-20	8.83497081328223e-20	Smp_333190	protein_coding
smansoni_prjna597909_primary	condition	condition__adult_control_vs_juvenile_control	adult_control	juvenile_control	Smp_244980	241.168114456127	-1.28327997390362	0.137913891215356	-9.30493630913329	1.34072665879074e-20	1.03618547660589e-19	Smp_244980	protein_coding
smansoni_prjna597909_primary	condition	condition__adult_control_vs_juvenile_control	adult_control	juvenile_control	Smp_244480	786.053976162994	1.62870193135533	0.175429927361389	9.28405977162706	1.63141148439107e-20	1.25570857902804e-19	Smp_244480	protein_coding
smansoni_prjna597909_primary	condition	condition__adult_control_vs_juvenile_control	adult_control	juvenile_control	Smp_093790	24.4343432211527	6.03747244360887	0.651865063104395	9.26184387740685	2.00931835569558e-20	1.53285529443378e-19	Smp_093790	protein_coding
smansoni_prjna597909_primary	condition	condition__adult_control_vs_juvenile_control	adult_control	juvenile_control	Smp_124740	432.394557457087	1.74499739553425	0.188505311110247	9.25701979035321	2.10217670756955e-20	1.60110993069681e-19	Smp_124740	protein_coding
smansoni_prjna597909_primary	condition	condition__adult_control_vs_juvenile_control	adult_control	juvenile_control	Smp_046360	592.228382318286	1.71068602881586	0.18501098543863	9.24640244880652	2.32175682183704e-20	1.7612556565011e-19	Smp_046360	protein_coding
smansoni_prjna597909_primary	condition	condition__adult_control_vs_juvenile_control	adult_control	juvenile_control	Smp_125930	201.03476525359	-1.08516448378661	0.117392004601768	-9.24393860951473	2.37586923662332e-20	1.79797566249509e-19	Smp_125930	protein_coding
smansoni_prjna597909_primary	condition	condition__adult_control_vs_juvenile_control	adult_control	juvenile_control	Smp_148630	108.171882367308	1.32737581477864	0.144148232597555	9.20840853099126	3.30995788674192e-20	2.47905879124284e-19	Smp_148630	protein_coding
smansoni_prjna597909_primary	condition	condition__adult_control_vs_juvenile_control	adult_control	juvenile_control	Smp_332250	71.0265901039222	1.76239923242591	0.191532171990774	9.20158328550047	3.52713788604144e-20	2.63337340433362e-19	Smp_332250	protein_coding
smansoni_prjna597909_primary	condition	condition__adult_control_vs_juvenile_control	adult_control	juvenile_control	Smp_302910	95.4828821129595	1.45369592245317	0.158164936062398	9.19101261407065	3.89160447985612e-20	2.89633429477166e-19	Smp_302910	protein_coding
smansoni_prjna597909_primary	condition	condition__adult_control_vs_juvenile_control	adult_control	juvenile_control	Smp_335180	92.9210900151802	2.35925601853981	0.256769129563577	9.18823856493098	3.99326469849533e-20	2.96732216432216e-19	Smp_335180	protein_coding
smansoni_prjna597909_primary	condition	condition__adult_control_vs_juvenile_control	adult_control	juvenile_control	Smp_349950	114.392162536792	-1.28562408701254	0.139957017435263	-9.18584941699837	4.08292055155686e-20	3.02918093040153e-19	Smp_349950	protein_coding
smansoni_prjna597909_primary	condition	condition__adult_control_vs_juvenile_control	adult_control	juvenile_control	Smp_187360	391.806728054456	1.61031568274469	0.175455069725384	9.17793760684768	4.39426509180715e-20	3.23982789764128e-19	Smp_187360	protein_coding
smansoni_prjna597909_primary	condition	condition__adult_control_vs_juvenile_control	adult_control	juvenile_control	Smp_126220	32.9566902043728	-2.53422448522406	0.276874829969807	-9.15296087224837	5.53940486670135e-20	4.07141950233757e-19	Smp_126220	protein_coding
smansoni_prjna597909_primary	condition	condition__adult_control_vs_juvenile_control	adult_control	juvenile_control	Smp_172440	25.590732750997	3.51503267333162	0.384581496425908	9.1398902599278	6.25157360457883e-20	4.58416398064229e-19	Smp_172440	protein_coding
smansoni_prjna597909_primary	condition	condition__adult_control_vs_juvenile_control	adult_control	juvenile_control	Smp_084860	148.457709138264	1.23247096638849	0.134956814423478	9.13233593763671	6.70369250813844e-20	4.91188384394764e-19	Smp_084860	protein_coding
smansoni_prjna597909_primary	condition	condition__adult_control_vs_juvenile_control	adult_control	juvenile_control	Smp_316140	84486.4305873258	6.92558591688309	0.758497298380876	9.13066655829464	6.80788233134624e-20	4.98436125452243e-19	Smp_316140	protein_coding
smansoni_prjna597909_primary	condition	condition__adult_control_vs_juvenile_control	adult_control	juvenile_control	Smp_342310	73.8210788040681	1.71666122112279	0.188246269022881	9.11923104788934	7.56592285025064e-20	5.53078907815693e-19	Smp_342310	protein_coding
smansoni_prjna597909_primary	condition	condition__adult_control_vs_juvenile_control	adult_control	juvenile_control	Smp_139480	146.237774887867	-1.09972200108007	0.120625648506174	-9.11681731620936	7.73628422577395e-20	5.64659139011702e-19	Smp_139480	protein_coding
smansoni_prjna597909_primary	condition	condition__adult_control_vs_juvenile_control	adult_control	juvenile_control	Smp_004630	309.106655272029	1.46462831093696	0.160729635538734	9.11237250073894	8.05997745730377e-20	5.86925323007975e-19	Smp_004630	protein_coding
smansoni_prjna597909_primary	condition	condition__adult_control_vs_juvenile_control	adult_control	juvenile_control	Smp_130500	81.5857338342363	1.88346349874688	0.206692796407689	9.11238094157797	8.05935024350641e-20	5.86925323007975e-19	Smp_130500	protein_coding
smansoni_prjna597909_primary	condition	condition__adult_control_vs_juvenile_control	adult_control	juvenile_control	Smp_346060	104.176761957109	-1.27222932946666	0.139920201565736	-9.092534996592	9.67563040874396e-20	7.02952026313973e-19	Smp_346060	protein_coding
smansoni_prjna597909_primary	condition	condition__adult_control_vs_juvenile_control	adult_control	juvenile_control	Smp_347090	135.751846354925	-1.09873285989866	0.120916692441076	-9.08669297610907	1.02097191852569e-19	7.39480963517607e-19	Smp_347090	protein_coding
smansoni_prjna597909_primary	condition	condition__adult_control_vs_juvenile_control	adult_control	juvenile_control	Smp_076930	97.471524656255	-1.42517002133623	0.156914056858948	-9.08248789091812	1.06120897457761e-19	7.68035775475308e-19	Smp_076930	protein_coding
smansoni_prjna597909_primary	condition	condition__adult_control_vs_juvenile_control	adult_control	juvenile_control	Smp_035250	47.8667752209611	1.92388622381278	0.211914350893912	9.07860282089113	1.09977476675086e-19	7.94123078329189e-19	Smp_035250	protein_coding
smansoni_prjna597909_primary	condition	condition__adult_control_vs_juvenile_control	adult_control	juvenile_control	Smp_171190	4075.97717238522	-1.01982473142021	0.11247671480184	-9.06698540419614	1.22355300407506e-19	8.82826182787593e-19	Smp_171190	protein_coding
smansoni_prjna597909_primary	condition	condition__adult_control_vs_juvenile_control	adult_control	juvenile_control	Smp_245960	924.567267994292	1.08192053770451	0.119433308133561	9.05878397418758	1.31912901756611e-19	9.51060829445836e-19	Smp_245960	protein_coding
smansoni_prjna597909_primary	condition	condition__adult_control_vs_juvenile_control	adult_control	juvenile_control	Smp_344020	142.281863488871	-1.05816023674635	0.11692803634692	-9.04967080441542	1.4339999767767e-19	1.03073519243296e-18	Smp_344020	protein_coding
smansoni_prjna597909_primary	condition	condition__adult_control_vs_juvenile_control	adult_control	juvenile_control	Smp_141930	64.8251028471918	2.07002947261311	0.229142169339486	9.03382157278196	1.65778915125317e-19	1.18528162311989e-18	Smp_141930	protein_coding
smansoni_prjna597909_primary	condition	condition__adult_control_vs_juvenile_control	adult_control	juvenile_control	Smp_324130	37.3168002687411	4.58029715918963	0.507770711353662	9.02040440059854	1.87396237021941e-19	1.33479218713744e-18	Smp_324130	protein_coding
smansoni_prjna597909_primary	condition	condition__adult_control_vs_juvenile_control	adult_control	juvenile_control	Smp_137180	130.728481944002	-1.25825038962804	0.139817773262026	-8.99921633904165	2.27334547602746e-19	1.61197760235645e-18	Smp_137180	protein_coding
smansoni_prjna597909_primary	condition	condition__adult_control_vs_juvenile_control	adult_control	juvenile_control	Smp_214380	126.024118888135	1.53805473533563	0.170950002602512	8.99710273132824	2.31752666426623e-19	1.64139226703921e-18	Smp_214380	protein_coding
smansoni_prjna597909_primary	condition	condition__adult_control_vs_juvenile_control	adult_control	juvenile_control	Smp_317690	348.956907823442	2.60687136705674	0.290113092959418	8.9857074028072	2.57075164234255e-19	1.81333914353894e-18	Smp_317690	protein_coding
smansoni_prjna597909_primary	condition	condition__adult_control_vs_juvenile_control	adult_control	juvenile_control	Smp_042020	3901.63070288257	1.28724352513169	0.1436546636052	8.96068037630413	3.22681132596186e-19	2.26092073039225e-18	Smp_042020	protein_coding
smansoni_prjna597909_primary	condition	condition__adult_control_vs_juvenile_control	adult_control	juvenile_control	Smp_347880	119.732860582689	1.28848270675521	0.143802846405113	8.96006399710177	3.24490023320095e-19	2.27191088920114e-18	Smp_347880	protein_coding
smansoni_prjna597909_primary	condition	condition__adult_control_vs_juvenile_control	adult_control	juvenile_control	Smp_168600	64.2676338426863	-1.53825971442983	0.172131774768016	-8.93652387249805	4.01604384098989e-19	2.80144991771487e-18	Smp_168600	protein_coding
smansoni_prjna597909_primary	condition	condition__adult_control_vs_juvenile_control	adult_control	juvenile_control	Smp_244530	713.610003706899	1.26252285700688	0.141505422653672	8.92208110000732	4.57606931898908e-19	3.18270840346467e-18	Smp_244530	protein_coding
smansoni_prjna597909_primary	condition	condition__adult_control_vs_juvenile_control	adult_control	juvenile_control	Smp_070360	41.2527966750075	2.47524940636961	0.278013533498111	8.90334141372448	5.41901742721313e-19	3.74419245043995e-18	Smp_070360	protein_coding
smansoni_prjna597909_primary	condition	condition__adult_control_vs_juvenile_control	adult_control	juvenile_control	Smp_211190	359.179788800464	1.02112003008654	0.115006083447287	8.87883492315054	6.75642894410881e-19	4.6478723711584e-18	Smp_211190	protein_coding
smansoni_prjna597909_primary	condition	condition__adult_control_vs_juvenile_control	adult_control	juvenile_control	Smp_152590	118.93605462429	-1.82723461063348	0.20584975127409	-8.87654514675858	6.89691474219253e-19	4.74106459223301e-18	Smp_152590	protein_coding
smansoni_prjna597909_primary	condition	condition__adult_control_vs_juvenile_control	adult_control	juvenile_control	Smp_124770	144.30000034765	1.27246426744056	0.143423660792284	8.87206657821563	7.18008309230631e-19	4.92855086336087e-18	Smp_124770	protein_coding
smansoni_prjna597909_primary	condition	condition__adult_control_vs_juvenile_control	adult_control	juvenile_control	Smp_349610	140.67143035561	2.13166313640287	0.241214264266522	8.83721840781173	9.81311840340493e-19	6.67772463275618e-18	Smp_349610	protein_coding
smansoni_prjna597909_primary	condition	condition__adult_control_vs_juvenile_control	adult_control	juvenile_control	Smp_168400	107.129935876746	1.30301893694436	0.148055310724778	8.80089292687761	1.35731806456173e-18	9.19009337123026e-18	Smp_168400	protein_coding
smansoni_prjna597909_primary	condition	condition__adult_control_vs_juvenile_control	adult_control	juvenile_control	Smp_203190	1341.16187842579	1.33266732910151	0.151845750190113	8.77645457599563	1.68708866939212e-18	1.13497239167931e-17	Smp_203190	protein_coding
smansoni_prjna597909_primary	condition	condition__adult_control_vs_juvenile_control	adult_control	juvenile_control	Smp_170690	196.214337822398	-1.36271882934433	0.155396232695438	-8.76931702723533	1.79753263847311e-18	1.20498429069843e-17	Smp_170690	protein_coding
smansoni_prjna597909_primary	condition	condition__adult_control_vs_juvenile_control	adult_control	juvenile_control	Smp_128510	21.8393576849602	3.66764454241353	0.418769003898504	8.75815666458076	1.98469198717917e-18	1.32574619525212e-17	Smp_128510	protein_coding
smansoni_prjna597909_primary	condition	condition__adult_control_vs_juvenile_control	adult_control	juvenile_control	Smp_267070	161.75429865134	-1.02187159597866	0.116718440391031	-8.75501413962678	2.04077899022044e-18	1.36032743410181e-17	Smp_267070	protein_coding
smansoni_prjna597909_primary	condition	condition__adult_control_vs_juvenile_control	adult_control	juvenile_control	Smp_024010	37.5974184961179	-2.41598793132862	0.276203521510273	-8.74712935634585	2.18848774549004e-18	1.45366030712382e-17	Smp_024010	protein_coding
smansoni_prjna597909_primary	condition	condition__adult_control_vs_juvenile_control	adult_control	juvenile_control	Smp_316170	44384.8372048844	6.74027900978916	0.77461704964936	8.70143384119963	3.27716820593881e-18	2.14662466268424e-17	Smp_316170	protein_coding
smansoni_prjna597909_primary	condition	condition__adult_control_vs_juvenile_control	adult_control	juvenile_control	Smp_308140	237.806878371523	1.10871144861112	0.127837120065855	8.67284438228875	4.21457760014156e-18	2.74165089308589e-17	Smp_308140	protein_coding
smansoni_prjna597909_primary	condition	condition__adult_control_vs_juvenile_control	adult_control	juvenile_control	Smp_326080	148.382431619208	1.76143518439991	0.203191791981499	8.66883040511935	4.36581671571042e-18	2.83613055648762e-17	Smp_326080	protein_coding
smansoni_prjna597909_primary	condition	condition__adult_control_vs_juvenile_control	adult_control	juvenile_control	Smp_245580	144.1969094412	-1.06353808648581	0.122712900861789	-8.66688081706807	4.44119428254236e-18	2.88113715570284e-17	Smp_245580	protein_coding
smansoni_prjna597909_primary	condition	condition__adult_control_vs_juvenile_control	adult_control	juvenile_control	Smp_245720	1119.14264430865	1.11056139822685	0.128853645000639	8.61878139513513	6.76704051536612e-18	4.36601139598912e-17	Smp_245720	protein_coding
smansoni_prjna597909_primary	condition	condition__adult_control_vs_juvenile_control	adult_control	juvenile_control	Smp_078910	59.1498209720743	2.12228186436877	0.2463474872366	8.61499294421652	6.99459030849972e-18	4.50974540217867e-17	Smp_078910	protein_coding
smansoni_prjna597909_primary	condition	condition__adult_control_vs_juvenile_control	adult_control	juvenile_control	Smp_241410	196.48801426409	1.22337179002111	0.142760598587778	8.56939381119859	1.04031199615674e-17	6.63049830591606e-17	Smp_241410	protein_coding
smansoni_prjna597909_primary	condition	condition__adult_control_vs_juvenile_control	adult_control	juvenile_control	Smp_092020	939.502384673131	1.03103431537872	0.120472189357225	8.55827656888916	1.14567255986931e-17	7.28237863879268e-17	Smp_092020	protein_coding
smansoni_prjna597909_primary	condition	condition__adult_control_vs_juvenile_control	adult_control	juvenile_control	Smp_337830	1526.90199434972	1.12368425351978	0.131384909699628	8.55261274745135	1.20333084235975e-17	7.63860518602038e-17	Smp_337830	protein_coding
smansoni_prjna597909_primary	condition	condition__adult_control_vs_juvenile_control	adult_control	juvenile_control	Smp_326550	1130.777845523	9.09993057973976	1.0650143238324	8.54442083651435	1.29182480069099e-17	8.1783844716217e-17	Smp_326550	protein_coding
smansoni_prjna597909_primary	condition	condition__adult_control_vs_juvenile_control	adult_control	juvenile_control	Smp_344190	85.3154216084799	-1.49380151640355	0.174832648733488	-8.54417940370324	1.29452806236793e-17	8.19001288186188e-17	Smp_344190	protein_coding
smansoni_prjna597909_primary	condition	condition__adult_control_vs_juvenile_control	adult_control	juvenile_control	Smp_157860	391.167141558	-1.09504053695397	0.128266916194736	-8.53720171530019	1.37511376476842e-17	8.68821878649141e-17	Smp_157860	protein_coding
smansoni_prjna597909_primary	condition	condition__adult_control_vs_juvenile_control	adult_control	juvenile_control	Smp_333860	123.300589633633	-1.16335355956314	0.136272973084059	-8.53693533820186	1.37828633993759e-17	8.70244654982637e-17	Smp_333860	protein_coding
smansoni_prjna597909_primary	condition	condition__adult_control_vs_juvenile_control	adult_control	juvenile_control	Smp_156370	113.675482858756	-1.15629742079765	0.135731125480781	-8.5190291961543	1.60896283515884e-17	1.01318565742314e-16	Smp_156370	protein_coding
smansoni_prjna597909_primary	condition	condition__adult_control_vs_juvenile_control	adult_control	juvenile_control	Smp_136150	77.230583801624	-1.28347881066617	0.150875141541744	-8.5068938298962	1.7865498828888e-17	1.12053546735666e-16	Smp_136150	protein_coding
smansoni_prjna597909_primary	condition	condition__adult_control_vs_juvenile_control	adult_control	juvenile_control	Smp_266900	93.0809655008351	1.60519640326385	0.189136237246537	8.48698497248567	2.12067178598268e-17	1.32394912292657e-16	Smp_266900	protein_coding
smansoni_prjna597909_primary	condition	condition__adult_control_vs_juvenile_control	adult_control	juvenile_control	Smp_313330	119.456268783151	1.46354510245502	0.172769344278249	8.47109253420528	2.43102017560273e-17	1.51071681129501e-16	Smp_313330	protein_coding
smansoni_prjna597909_primary	condition	condition__adult_control_vs_juvenile_control	adult_control	juvenile_control	Smp_335530	197.874088100666	1.01828871673488	0.120256093608325	8.46766834162645	2.50353949366964e-17	1.55476053181113e-16	Smp_335530	protein_coding
smansoni_prjna597909_primary	condition	condition__adult_control_vs_juvenile_control	adult_control	juvenile_control	Smp_150520	105.715749352368	-1.03511979091528	0.122376650820566	-8.45847458624289	2.70897643494689e-17	1.67903247627003e-16	Smp_150520	protein_coding
smansoni_prjna597909_primary	condition	condition__adult_control_vs_juvenile_control	adult_control	juvenile_control	Smp_124710	128.712048309361	1.52137745442645	0.179941652629855	8.45483762203719	2.79475997819139e-17	1.73106627220609e-16	Smp_124710	protein_coding
smansoni_prjna597909_primary	condition	condition__adult_control_vs_juvenile_control	adult_control	juvenile_control	Smp_167830	82.3339460468004	7.94509792542805	0.940378447257436	8.44883030720186	2.94235767636006e-17	1.81535017995792e-16	Smp_167830	protein_coding
smansoni_prjna597909_primary	condition	condition__adult_control_vs_juvenile_control	adult_control	juvenile_control	Smp_325640	274.582598183713	1.40002570952476	0.165835612748156	8.44225004704445	3.1128656303485e-17	1.91679517511753e-16	Smp_325640	protein_coding
smansoni_prjna597909_primary	condition	condition__adult_control_vs_juvenile_control	adult_control	juvenile_control	Smp_327040	271.327797023169	1.63102257687456	0.193274081293813	8.43890999743055	3.20310609932553e-17	1.96979563115321e-16	Smp_327040	protein_coding
smansoni_prjna597909_primary	condition	condition__adult_control_vs_juvenile_control	adult_control	juvenile_control	Smp_242140	373.384792250024	1.0403679007151	0.123415411508436	8.42980538653381	3.46240555840983e-17	2.12372857482736e-16	Smp_242140	protein_coding
smansoni_prjna597909_primary	condition	condition__adult_control_vs_juvenile_control	adult_control	juvenile_control	Smp_329690	53.0215814584919	2.18209543332171	0.260550695623289	8.37493612558474	5.52538316875659e-17	3.35642170379738e-16	Smp_329690	protein_coding
smansoni_prjna597909_primary	condition	condition__adult_control_vs_juvenile_control	adult_control	juvenile_control	Smp_334970	99.4230022546911	1.45954278867965	0.174489924633419	8.36462501629225	6.03064137292934e-17	3.65395014467488e-16	Smp_334970	protein_coding
smansoni_prjna597909_primary	condition	condition__adult_control_vs_juvenile_control	adult_control	juvenile_control	Smp_090080	21761.9012165572	1.36113054118313	0.162728449672609	8.36442886244884	6.04068204314682e-17	3.6576890885217e-16	Smp_090080	protein_coding
smansoni_prjna597909_primary	condition	condition__adult_control_vs_juvenile_control	adult_control	juvenile_control	Smp_160590	243.432228524108	-1.12838793004042	0.134961694173429	-8.36080146260178	6.22936024694094e-17	3.76952068207975e-16	Smp_160590	protein_coding
smansoni_prjna597909_primary	condition	condition__adult_control_vs_juvenile_control	adult_control	juvenile_control	Smp_105450	23077.413885912	1.98087281975855	0.237462724435079	8.34182638336614	7.31518019836012e-17	4.40682493530273e-16	Smp_105450	protein_coding
smansoni_prjna597909_primary	condition	condition__adult_control_vs_juvenile_control	adult_control	juvenile_control	Smp_310210	130.730388488705	-1.39155169843845	0.166840429642874	-8.34061445068864	7.39054925050968e-17	4.4465608857936e-16	Smp_310210	protein_coding
smansoni_prjna597909_primary	condition	condition__adult_control_vs_juvenile_control	adult_control	juvenile_control	Smp_131640	297.59829814856	-1.08735013234948	0.130722068656921	-8.31803033352557	8.94371265582839e-17	5.35715919029721e-16	Smp_131640	protein_coding
smansoni_prjna597909_primary	condition	condition__adult_control_vs_juvenile_control	adult_control	juvenile_control	Smp_141940	132.934218544611	1.65319308371406	0.199457185581351	8.28846089899221	1.14723264111917e-16	6.79852220931559e-16	Smp_141940	protein_coding
smansoni_prjna597909_primary	condition	condition__adult_control_vs_juvenile_control	adult_control	juvenile_control	Smp_320200	1233.99719774982	-1.00148141763734	0.120941166936064	-8.28073221888769	1.224201929313e-16	7.2364957072336e-16	Smp_320200	protein_coding
smansoni_prjna597909_primary	condition	condition__adult_control_vs_juvenile_control	adult_control	juvenile_control	Smp_329090	206.351399628605	1.24640879973765	0.150870497324543	8.26144820783915	1.43915593135672e-16	8.45951608406949e-16	Smp_329090	protein_coding
smansoni_prjna597909_primary	condition	condition__adult_control_vs_juvenile_control	adult_control	juvenile_control	Smp_346300	149.933850807788	-1.05994020126115	0.128456795616331	-8.25133614905767	1.56633283252554e-16	9.18422948699219e-16	Smp_346300	protein_coding
smansoni_prjna597909_primary	condition	condition__adult_control_vs_juvenile_control	adult_control	juvenile_control	Smp_330830	175.149585315836	2.27126566678914	0.27648741512448	8.2147162675255	2.12666494283288e-16	1.23320472635928e-15	Smp_330830	protein_coding
smansoni_prjna597909_primary	condition	condition__adult_control_vs_juvenile_control	adult_control	juvenile_control	Smp_163250	211.496782073767	-1.02204148462616	0.124468043168666	-8.21127623289773	2.18849754299842e-16	1.26750482698659e-15	Smp_163250	protein_coding
smansoni_prjna597909_primary	condition	condition__adult_control_vs_juvenile_control	adult_control	juvenile_control	Smp_141810	179.639199451192	-1.05452028050563	0.128851795816201	-8.1839781419099	2.7462391243214e-16	1.58084361772752e-15	Smp_141810	protein_coding
smansoni_prjna597909_primary	condition	condition__adult_control_vs_juvenile_control	adult_control	juvenile_control	Smp_009020	140.974551213923	-1.32090773538496	0.161540121371964	-8.17696386610621	2.91085254446707e-16	1.67254579029196e-15	Smp_009020	protein_coding
smansoni_prjna597909_primary	condition	condition__adult_control_vs_juvenile_control	adult_control	juvenile_control	Smp_158660	92.3316606727698	-1.13907871195052	0.139767597589889	-8.14980533108137	3.64510570990457e-16	2.08556532506162e-15	Smp_158660	protein_coding
smansoni_prjna597909_primary	condition	condition__adult_control_vs_juvenile_control	adult_control	juvenile_control	Smp_136920	118.881020920031	1.08443159721797	0.133356354648268	8.13183293798184	4.22847313740796e-16	2.40478508392179e-15	Smp_136920	protein_coding
smansoni_prjna597909_primary	condition	condition__adult_control_vs_juvenile_control	adult_control	juvenile_control	Smp_330630	495.771330528241	1.09497313964073	0.134823745441948	8.12151550938931	4.60397979462533e-16	2.61519333045665e-15	Smp_330630	protein_coding
smansoni_prjna597909_primary	condition	condition__adult_control_vs_juvenile_control	adult_control	juvenile_control	Smp_169220	76.7826746758284	1.61080071312397	0.198539839663652	8.11323669774712	4.92889280225871e-16	2.79303925461327e-15	Smp_169220	protein_coding
smansoni_prjna597909_primary	condition	condition__adult_control_vs_juvenile_control	adult_control	juvenile_control	Smp_200440	184.530798461831	1.56884636383555	0.193657342236413	8.10114579554815	5.44439558273877e-16	3.07593706204703e-15	Smp_200440	protein_coding
smansoni_prjna597909_primary	condition	condition__adult_control_vs_juvenile_control	adult_control	juvenile_control	Smp_169460	692.68636763371	1.18737168762811	0.146847205323388	8.08576291944589	6.17762546276246e-16	3.48602482830035e-15	Smp_169460	protein_coding
smansoni_prjna597909_primary	condition	condition__adult_control_vs_juvenile_control	adult_control	juvenile_control	Smp_074210	577.496686134404	1.30496471965639	0.161739759016446	8.06829889936769	7.1284361204475e-16	4.00106758969535e-15	Smp_074210	protein_coding
smansoni_prjna597909_primary	condition	condition__adult_control_vs_juvenile_control	adult_control	juvenile_control	Smp_303970	20.8910026642185	3.06740398725668	0.380748280979247	8.05625170353396	7.86695564107658e-16	4.40512231750331e-15	Smp_303970	protein_coding
smansoni_prjna597909_primary	condition	condition__adult_control_vs_juvenile_control	adult_control	juvenile_control	Smp_323790	30.4958237301679	2.58435891933515	0.322379079443541	8.01652180344957	1.08781623828127e-15	6.04470257744536e-15	Smp_323790	protein_coding
smansoni_prjna597909_primary	condition	condition__adult_control_vs_juvenile_control	adult_control	juvenile_control	Smp_331660	547.813370485687	-1.05118034625418	0.131571539865885	-7.98942041208667	1.35574617031329e-15	7.50264215562132e-15	Smp_331660	protein_coding
smansoni_prjna597909_primary	condition	condition__adult_control_vs_juvenile_control	adult_control	juvenile_control	Smp_316570	91.1558472970709	-1.69042856956451	0.211707043907143	-7.98475354606509	1.4080333169701e-15	7.78743763136419e-15	Smp_316570	protein_coding
smansoni_prjna597909_primary	condition	condition__adult_control_vs_juvenile_control	adult_control	juvenile_control	Smp_314620	424.815107749441	1.18277425796872	0.148372832408603	7.97163630813142	1.56587053769938e-15	8.61001065871701e-15	Smp_314620	protein_coding
smansoni_prjna597909_primary	condition	condition__adult_control_vs_juvenile_control	adult_control	juvenile_control	Smp_160210	107.487885180163	1.53935897248039	0.193199509502703	7.96771677341578	1.61632776174095e-15	8.87196864342363e-15	Smp_160210	protein_coding
smansoni_prjna597909_primary	condition	condition__adult_control_vs_juvenile_control	adult_control	juvenile_control	Smp_247680	257.077823743315	1.07873333416137	0.135824728249617	7.94209823250221	1.98789401879306e-15	1.0867307267572e-14	Smp_247680	protein_coding
smansoni_prjna597909_primary	condition	condition__adult_control_vs_juvenile_control	adult_control	juvenile_control	Smp_325680	1306.57149785552	-1.11472817645012	0.140497815580297	-7.93413172899497	2.11973018547728e-15	1.15546076776997e-14	Smp_325680	protein_coding
smansoni_prjna597909_primary	condition	condition__adult_control_vs_juvenile_control	adult_control	juvenile_control	Smp_332800	799.055975784098	1.42066256652458	0.179161044992591	7.92952824417454	2.19979927092387e-15	1.19670203929854e-14	Smp_332800	protein_coding
smansoni_prjna597909_primary	condition	condition__adult_control_vs_juvenile_control	adult_control	juvenile_control	Smp_147040	121.575730879868	-1.08157956651205	0.136426903002513	-7.9279052936658	2.22873169264895e-15	1.21052691844052e-14	Smp_147040	protein_coding
smansoni_prjna597909_primary	condition	condition__adult_control_vs_juvenile_control	adult_control	juvenile_control	Smp_149820	308.455986384054	1.19923356397312	0.151535964536912	7.91385442814141	2.49540063706412e-15	1.34934363967563e-14	Smp_149820	protein_coding
smansoni_prjna597909_primary	condition	condition__adult_control_vs_juvenile_control	adult_control	juvenile_control	Smp_130250	977.744834190536	1.14008067375736	0.144178184472216	7.90744229392805	2.62730853716937e-15	1.41823645307395e-14	Smp_130250	protein_coding
smansoni_prjna597909_primary	condition	condition__adult_control_vs_juvenile_control	adult_control	juvenile_control	Smp_124470	28.9722433654685	2.3790630084284	0.301189062452819	7.89890240055143	2.8137008653322e-15	1.51108526017727e-14	Smp_124470	protein_coding
smansoni_prjna597909_primary	condition	condition__adult_control_vs_juvenile_control	adult_control	juvenile_control	Smp_138750	510.716169401974	-1.09523263761941	0.138764716803501	-7.89273140066522	2.95643461332904e-15	1.58503800142859e-14	Smp_138750	protein_coding
smansoni_prjna597909_primary	condition	condition__adult_control_vs_juvenile_control	adult_control	juvenile_control	Smp_157050	109.036050258494	1.67249647595946	0.211959665669999	7.89063556348205	3.00651428900428e-15	1.61006079658178e-14	Smp_157050	protein_coding
smansoni_prjna597909_primary	condition	condition__adult_control_vs_juvenile_control	adult_control	juvenile_control	Smp_342770	30.8334376191476	2.01671619711896	0.25559548833449	7.89026524004894	3.01544952990119e-15	1.61393142449751e-14	Smp_342770	protein_coding
smansoni_prjna597909_primary	condition	condition__adult_control_vs_juvenile_control	adult_control	juvenile_control	Smp_007760	1859.46953585394	1.12288036493567	0.142508680417813	7.87938223582983	3.29003608628179e-15	1.75394365975947e-14	Smp_007760	protein_coding
smansoni_prjna597909_primary	condition	condition__adult_control_vs_juvenile_control	adult_control	juvenile_control	Smp_247080	114.061030710776	2.57379492437929	0.327615351670009	7.85614871604598	3.96124716740664e-15	2.09875046111702e-14	Smp_247080	protein_coding
smansoni_prjna597909_primary	condition	condition__adult_control_vs_juvenile_control	adult_control	juvenile_control	Smp_300490	260.474758281796	1.41449778137125	0.180688476372481	7.82837848748764	4.94202269067872e-15	2.59944343195855e-14	Smp_300490	protein_coding
smansoni_prjna597909_primary	condition	condition__adult_control_vs_juvenile_control	adult_control	juvenile_control	Smp_348820	361.949229492526	1.6153323977384	0.206646877639141	7.81687299703214	5.41516898289229e-15	2.83568848899158e-14	Smp_348820	protein_coding
smansoni_prjna597909_primary	condition	condition__adult_control_vs_juvenile_control	adult_control	juvenile_control	Smp_135560	42129.6781202319	-1.21184847264519	0.155053334930302	-7.8156878933944	5.46636689687099e-15	2.86091361623613e-14	Smp_135560	protein_coding
smansoni_prjna597909_primary	condition	condition__adult_control_vs_juvenile_control	adult_control	juvenile_control	Smp_343210	976.667500798959	2.34454029973734	0.300833242963949	7.79348810203901	6.51842219216479e-15	3.39647886220185e-14	Smp_343210	protein_coding
smansoni_prjna597909_primary	condition	condition__adult_control_vs_juvenile_control	adult_control	juvenile_control	Smp_331120	897.225170985193	1.14741535401296	0.148114498095358	7.74681323413886	9.42273898492648e-15	4.84832492572265e-14	Smp_331120	protein_coding
smansoni_prjna597909_primary	condition	condition__adult_control_vs_juvenile_control	adult_control	juvenile_control	Smp_142900	63.7258065900201	-1.53945521541809	0.198874620665514	-7.74083294422615	9.87676020603875e-15	5.05989904972782e-14	Smp_142900	protein_coding
smansoni_prjna597909_primary	condition	condition__adult_control_vs_juvenile_control	adult_control	juvenile_control	Smp_335120	781.033332979646	1.79024323047299	0.232579084561035	7.69735263964886	1.38914143638369e-14	7.05711292413655e-14	Smp_335120	protein_coding
smansoni_prjna597909_primary	condition	condition__adult_control_vs_juvenile_control	adult_control	juvenile_control	Smp_350080	1721.6717154607	-1.18922105745658	0.154507973847502	-7.69682643453941	1.39487159235168e-14	7.08073377599789e-14	Smp_350080	protein_coding
smansoni_prjna597909_primary	condition	condition__adult_control_vs_juvenile_control	adult_control	juvenile_control	Smp_136110	83.6972050627611	1.39802171767128	0.181680500600291	7.69494641996292	1.41553478746601e-14	7.17791567120637e-14	Smp_136110	protein_coding
smansoni_prjna597909_primary	condition	condition__adult_control_vs_juvenile_control	adult_control	juvenile_control	Smp_325960	12.6833877084579	7.34965944124151	0.955899031365134	7.68874033771679	1.48590681349151e-14	7.51862484000093e-14	Smp_325960	protein_coding
smansoni_prjna597909_primary	condition	condition__adult_control_vs_juvenile_control	adult_control	juvenile_control	Smp_331470	27.4968762563686	-3.53292075339818	0.46018809848746	-7.67712325679463	1.62700870056904e-14	8.21061731862176e-14	Smp_331470	protein_coding
smansoni_prjna597909_primary	condition	condition__adult_control_vs_juvenile_control	adult_control	juvenile_control	Smp_331160	119.186434658925	-1.13991375723287	0.148721459777977	-7.66475637701935	1.79170968283064e-14	9.02731339131939e-14	Smp_331160	protein_coding
smansoni_prjna597909_primary	condition	condition__adult_control_vs_juvenile_control	adult_control	juvenile_control	Smp_161650	203.323168242298	1.44976909790326	0.189197334864948	7.66273530722898	1.82014228866308e-14	9.15592597788366e-14	Smp_161650	protein_coding
smansoni_prjna597909_primary	condition	condition__adult_control_vs_juvenile_control	adult_control	juvenile_control	Smp_333920	64.1405581710986	1.52248175653886	0.198772589601954	7.65941501083051	1.86781905542869e-14	9.37579697924163e-14	Smp_333920	protein_coding
smansoni_prjna597909_primary	condition	condition__adult_control_vs_juvenile_control	adult_control	juvenile_control	Smp_349830	100.195708702188	2.39727743882869	0.31311138104194	7.65630885358198	1.91353214983384e-14	9.59506943248248e-14	Smp_349830	protein_coding
smansoni_prjna597909_primary	condition	condition__adult_control_vs_juvenile_control	adult_control	juvenile_control	Smp_301330	79.047039208363	1.75252825293483	0.228903121701406	7.65620075387582	1.91514270653272e-14	9.59805347939942e-14	Smp_301330	protein_coding
smansoni_prjna597909_primary	condition	condition__adult_control_vs_juvenile_control	adult_control	juvenile_control	Smp_334190	295.366170023876	1.26889132188121	0.16576343155764	7.65483261270437	1.93564198333265e-14	9.69564813272929e-14	Smp_334190	protein_coding
smansoni_prjna597909_primary	condition	condition__adult_control_vs_juvenile_control	adult_control	juvenile_control	Smp_126230	55.046611718112	1.85315390346003	0.242468988511688	7.64284915293695	2.12466861664645e-14	1.06255914098107e-13	Smp_126230	protein_coding
smansoni_prjna597909_primary	condition	condition__adult_control_vs_juvenile_control	adult_control	juvenile_control	Smp_165040	83.5461044655748	-1.11700302053511	0.14662071367774	-7.61831662469049	2.57005262360566e-14	1.27920681402426e-13	Smp_165040	protein_coding
smansoni_prjna597909_primary	condition	condition__adult_control_vs_juvenile_control	adult_control	juvenile_control	Smp_340540	442.757738532522	1.55593447364521	0.204499751656376	7.60849077342483	2.77315048665503e-14	1.37956938946649e-13	Smp_340540	protein_coding
smansoni_prjna597909_primary	condition	condition__adult_control_vs_juvenile_control	adult_control	juvenile_control	Smp_034680	18.4405092179481	2.8761065390609	0.379034513263313	7.58798061500771	3.24929509184877e-14	1.6113503257164e-13	Smp_034680	protein_coding
smansoni_prjna597909_primary	condition	condition__adult_control_vs_juvenile_control	adult_control	juvenile_control	Smp_334670	248.633676779346	1.35565544022112	0.178883755144337	7.57841559803616	3.4980034493891e-14	1.72833918471645e-13	Smp_334670	protein_coding
smansoni_prjna597909_primary	condition	condition__adult_control_vs_juvenile_control	adult_control	juvenile_control	Smp_166690	86.5899762352843	5.88871349224088	0.777993294010327	7.56910572054714	3.7580223065192e-14	1.85293828071046e-13	Smp_166690	protein_coding
smansoni_prjna597909_primary	condition	condition__adult_control_vs_juvenile_control	adult_control	juvenile_control	Smp_316810	78.9581042605614	-1.14645318988635	0.15156329522196	-7.56418754426922	3.90296287721448e-14	1.92239734838099e-13	Smp_316810	protein_coding
smansoni_prjna597909_primary	condition	condition__adult_control_vs_juvenile_control	adult_control	juvenile_control	Smp_245690	25.0999258858125	2.30897217415926	0.305575538891329	7.55614203458998	4.15200441791961e-14	2.04187022675214e-13	Smp_245690	protein_coding
smansoni_prjna597909_primary	condition	condition__adult_control_vs_juvenile_control	adult_control	juvenile_control	Smp_301800	125.957376154682	-1.03688300069972	0.137472590652374	-7.54247079930048	4.6114940024051e-14	2.26312779391137e-13	Smp_301800	protein_coding
smansoni_prjna597909_primary	condition	condition__adult_control_vs_juvenile_control	adult_control	juvenile_control	Smp_032970	26.1195368879588	-4.29265025096326	0.569212017289594	-7.54139076578793	4.64985475126392e-14	2.2807694400076e-13	Smp_032970	protein_coding
smansoni_prjna597909_primary	condition	condition__adult_control_vs_juvenile_control	adult_control	juvenile_control	Smp_154290	8.29303167155033	7.35126389292636	0.97597223746716	7.53224693358526	4.98745237882662e-14	2.4387687472669e-13	Smp_154290	protein_coding
smansoni_prjna597909_primary	condition	condition__adult_control_vs_juvenile_control	adult_control	juvenile_control	Smp_161450	266.575937877379	-1.08022806852391	0.143516909616647	-7.52683479186765	5.19850764309015e-14	2.53803172740125e-13	Smp_161450	protein_coding
smansoni_prjna597909_primary	condition	condition__adult_control_vs_juvenile_control	adult_control	juvenile_control	Smp_336290	420.621589137061	1.12439135865024	0.149581103314916	7.5169345173437	5.60754849276113e-14	2.73349914149449e-13	Smp_336290	protein_coding
smansoni_prjna597909_primary	condition	condition__adult_control_vs_juvenile_control	adult_control	juvenile_control	Smp_349080	29.4086208690336	3.01617419800753	0.403296741042152	7.47879635777241	7.50063951958427e-14	3.61899156401789e-13	Smp_349080	protein_coding
smansoni_prjna597909_primary	condition	condition__adult_control_vs_juvenile_control	adult_control	juvenile_control	Smp_201330	191.010560069845	1.7777385962571	0.238505822645087	7.45364862183048	9.07936123973442e-14	4.3604037983977e-13	Smp_201330	protein_coding
smansoni_prjna597909_primary	condition	condition__adult_control_vs_juvenile_control	adult_control	juvenile_control	Smp_241510	350.814406450812	-1.02605510608784	0.138158189669402	-7.42666872331694	1.1136681361362e-13	5.31635920341381e-13	Smp_241510	protein_coding
smansoni_prjna597909_primary	condition	condition__adult_control_vs_juvenile_control	adult_control	juvenile_control	Smp_128710	36.3747909692955	1.86816131902996	0.252196316914769	7.40756781020445	1.28636714810354e-13	6.10992074566565e-13	Smp_128710	protein_coding
smansoni_prjna597909_primary	condition	condition__adult_control_vs_juvenile_control	adult_control	juvenile_control	Smp_139180	99.0667327863181	-1.25083987474122	0.16899187695231	-7.40177514623506	1.34375901196727e-13	6.37610952867201e-13	Smp_139180	protein_coding
smansoni_prjna597909_primary	condition	condition__adult_control_vs_juvenile_control	adult_control	juvenile_control	Smp_330380	210.09504736301	-1.21992284555884	0.164991031084169	-7.39387370054383	1.42611879598385e-13	6.76350971381802e-13	Smp_330380	protein_coding
smansoni_prjna597909_primary	condition	condition__adult_control_vs_juvenile_control	adult_control	juvenile_control	Smp_056280	96.1187778928194	1.08053698169425	0.14671173445138	7.36503447208813	1.77101097157357e-13	8.31987858017564e-13	Smp_056280	protein_coding
smansoni_prjna597909_primary	condition	condition__adult_control_vs_juvenile_control	adult_control	juvenile_control	Smp_319270	230.421994165759	1.28534162732618	0.175509899482026	7.32347081913638	2.41638158133519e-13	1.12289275844544e-12	Smp_319270	protein_coding
smansoni_prjna597909_primary	condition	condition__adult_control_vs_juvenile_control	adult_control	juvenile_control	Smp_105780	79.126209529833	1.98756397817005	0.271470469651246	7.32147397366441	2.45261896455896e-13	1.13770634358146e-12	Smp_105780	protein_coding
smansoni_prjna597909_primary	condition	condition__adult_control_vs_juvenile_control	adult_control	juvenile_control	Smp_158730	305.397800472033	-1.01011017037477	0.138234620373276	-7.30721557050734	2.72734826148727e-13	1.26181574975907e-12	Smp_158730	protein_coding
smansoni_prjna597909_primary	condition	condition__adult_control_vs_juvenile_control	adult_control	juvenile_control	Smp_000900	152.381143834087	1.14058125092873	0.156373616958547	7.29394940855711	3.00998502782029e-13	1.38714668371318e-12	Smp_000900	protein_coding
smansoni_prjna597909_primary	condition	condition__adult_control_vs_juvenile_control	adult_control	juvenile_control	Smp_130780	20.9874246333841	7.11916266011814	0.97669696454336	7.28901892660903	3.12220194434592e-13	1.43676011577204e-12	Smp_130780	protein_coding
smansoni_prjna597909_primary	condition	condition__adult_control_vs_juvenile_control	adult_control	juvenile_control	Smp_088090	249.973021568626	1.46703405500592	0.201338343588891	7.28641166335128	3.18319338985877e-13	1.46411405941339e-12	Smp_088090	protein_coding
smansoni_prjna597909_primary	condition	condition__adult_control_vs_juvenile_control	adult_control	juvenile_control	Smp_132470	111.619553466395	-1.9047351273821	0.261742298791438	-7.27713914096794	3.40973534615381e-13	1.56298828767439e-12	Smp_132470	protein_coding
smansoni_prjna597909_primary	condition	condition__adult_control_vs_juvenile_control	adult_control	juvenile_control	Smp_104890	148.780741066138	1.23919047886009	0.170370593751186	7.27349979580302	3.50291324874664e-13	1.60492176573695e-12	Smp_104890	protein_coding
smansoni_prjna597909_primary	condition	condition__adult_control_vs_juvenile_control	adult_control	juvenile_control	Smp_000180	208.270297809809	1.70126921737094	0.234197681633206	7.26424448571368	3.75128986659381e-13	1.71685789648275e-12	Smp_000180	protein_coding
smansoni_prjna597909_primary	condition	condition__adult_control_vs_juvenile_control	adult_control	juvenile_control	Smp_200520	81.4353688952075	-1.24747709831455	0.172410151923414	-7.2355199760435	4.63748869711588e-13	2.10535750072715e-12	Smp_200520	protein_coding
smansoni_prjna597909_primary	condition	condition__adult_control_vs_juvenile_control	adult_control	juvenile_control	Smp_139380	50.5137043789613	2.07446065202407	0.287019210328408	7.22760211642442	4.91596478133663e-13	2.2253687314748e-12	Smp_139380	protein_coding
smansoni_prjna597909_primary	condition	condition__adult_control_vs_juvenile_control	adult_control	juvenile_control	Smp_170770	14.4669840216558	5.01195919950245	0.694619123150126	7.21540630320255	5.37731757077443e-13	2.4260814166568e-12	Smp_170770	protein_coding
smansoni_prjna597909_primary	condition	condition__adult_control_vs_juvenile_control	adult_control	juvenile_control	Smp_344210	73.2427830545084	1.38172215372016	0.191602235461614	7.21140935747053	5.5375704504175e-13	2.49719064395736e-12	Smp_344210	protein_coding
smansoni_prjna597909_primary	condition	condition__adult_control_vs_juvenile_control	adult_control	juvenile_control	Smp_149580	31.0895677985549	1.88321110188838	0.262675360911296	7.16934810845974	7.53557228615766e-13	3.36131331990383e-12	Smp_149580	protein_coding
smansoni_prjna597909_primary	condition	condition__adult_control_vs_juvenile_control	adult_control	juvenile_control	Smp_174520	34.3918475509542	-2.37063725844617	0.33098515561872	-7.16236730923679	7.9295609543877e-13	3.53372042154043e-12	Smp_174520	protein_coding
smansoni_prjna597909_primary	condition	condition__adult_control_vs_juvenile_control	adult_control	juvenile_control	Smp_134390	646.764301511972	1.33806315427198	0.186919119318006	7.15851411644802	8.15561914688726e-13	3.6310368429759e-12	Smp_134390	protein_coding
smansoni_prjna597909_primary	condition	condition__adult_control_vs_juvenile_control	adult_control	juvenile_control	Smp_166300	605.958931865363	1.1800846457183	0.16512189185744	7.14674857733058	8.88574097302889e-13	3.94309970314878e-12	Smp_166300	protein_coding
smansoni_prjna597909_primary	condition	condition__adult_control_vs_juvenile_control	adult_control	juvenile_control	Smp_148470	61.7195358135368	1.21526690141584	0.170342990758072	7.13423485173988	9.73270320873757e-13	4.30681230004623e-12	Smp_148470	protein_coding
smansoni_prjna597909_primary	condition	condition__adult_control_vs_juvenile_control	adult_control	juvenile_control	Smp_048050	194.507788407167	5.16931718746507	0.727888881267848	7.10179440914261	1.23147336194822e-12	5.40384689746265e-12	Smp_048050	protein_coding
smansoni_prjna597909_primary	condition	condition__adult_control_vs_juvenile_control	adult_control	juvenile_control	Smp_349590	130.613094945873	1.75033492650415	0.246669397637755	7.09587384274799	1.2853669251013e-12	5.62988330679217e-12	Smp_349590	protein_coding
smansoni_prjna597909_primary	condition	condition__adult_control_vs_juvenile_control	adult_control	juvenile_control	Smp_130100	18972.7437322593	1.3394188630781	0.188865725429828	7.09191072138579	1.32272840126665e-12	5.78548303969104e-12	Smp_130100	protein_coding
smansoni_prjna597909_primary	condition	condition__adult_control_vs_juvenile_control	adult_control	juvenile_control	Smp_316530	114.346113457682	1.09120662634922	0.154190252128678	7.07701434613752	1.47293290670449e-12	6.43650570234435e-12	Smp_316530	protein_coding
smansoni_prjna597909_primary	condition	condition__adult_control_vs_juvenile_control	adult_control	juvenile_control	Smp_165340	106.938683714968	-1.40063685024013	0.197962617336761	-7.07525930442444	1.49169563755831e-12	6.50946775909562e-12	Smp_165340	protein_coding
smansoni_prjna597909_primary	condition	condition__adult_control_vs_juvenile_control	adult_control	juvenile_control	Smp_165570	58.1298312879103	-1.30967482760951	0.185441607961611	-7.06246479420431	1.63574767407918e-12	7.11508836419531e-12	Smp_165570	protein_coding
smansoni_prjna597909_primary	condition	condition__adult_control_vs_juvenile_control	adult_control	juvenile_control	Smp_158480	690.394877729586	-1.17450816107405	0.166324680505194	-7.06153865744155	1.64668918567443e-12	7.15938646871882e-12	Smp_158480	protein_coding
smansoni_prjna597909_primary	condition	condition__adult_control_vs_juvenile_control	adult_control	juvenile_control	Smp_121230	27.0913677636217	2.92640059722665	0.414452667450244	7.06088011263187	1.65451297452163e-12	7.19009500467975e-12	Smp_121230	protein_coding
smansoni_prjna597909_primary	condition	condition__adult_control_vs_juvenile_control	adult_control	juvenile_control	Smp_132750	75.5293750351407	-1.31057661527383	0.186337067159805	-7.03336504781339	2.01610971268072e-12	8.71342889998088e-12	Smp_132750	protein_coding
smansoni_prjna597909_primary	condition	condition__adult_control_vs_juvenile_control	adult_control	juvenile_control	Smp_105370	147.418791734818	1.47379724726793	0.210129352432464	7.01376190526077	2.3199406499051e-12	9.96756299880853e-12	Smp_105370	protein_coding
smansoni_prjna597909_primary	condition	condition__adult_control_vs_juvenile_control	adult_control	juvenile_control	Smp_245150	338.552632492176	1.0399760547347	0.148946059746113	6.98223273920369	2.90525300967739e-12	1.24255436413895e-11	Smp_245150	protein_coding
smansoni_prjna597909_primary	condition	condition__adult_control_vs_juvenile_control	adult_control	juvenile_control	Smp_348060	71.8941545613175	-2.06525539920652	0.297549615889774	-6.94087738285499	3.89672131808179e-12	1.65461859382341e-11	Smp_348060	protein_coding
smansoni_prjna597909_primary	condition	condition__adult_control_vs_juvenile_control	adult_control	juvenile_control	Smp_319540	206.7209429603	1.41780504655966	0.204567898242258	6.93073086609432	4.18671898093289e-12	1.77536419056876e-11	Smp_319540	protein_coding
smansoni_prjna597909_primary	condition	condition__adult_control_vs_juvenile_control	adult_control	juvenile_control	Smp_341970	2733.28995224927	1.72046045526827	0.248465024353871	6.92435669665095	4.37961122098745e-12	1.85314234386705e-11	Smp_341970	protein_coding
smansoni_prjna597909_primary	condition	condition__adult_control_vs_juvenile_control	adult_control	juvenile_control	Smp_309990	129.220051450214	1.24465085075169	0.181106952273111	6.87246312264559	6.31026966100163e-12	2.63564599362737e-11	Smp_309990	protein_coding
smansoni_prjna597909_primary	condition	condition__adult_control_vs_juvenile_control	adult_control	juvenile_control	Smp_003280	46.8446500172899	1.28812548294182	0.18752444637809	6.86910697682949	6.46050471385484e-12	2.69482306069532e-11	Smp_003280	protein_coding
smansoni_prjna597909_primary	condition	condition__adult_control_vs_juvenile_control	adult_control	juvenile_control	Smp_312010	28.3425233674357	-1.92189299123037	0.28068218565497	-6.8472211257214	7.52982834484563e-12	3.11610934831352e-11	Smp_312010	protein_coding
smansoni_prjna597909_primary	condition	condition__adult_control_vs_juvenile_control	adult_control	juvenile_control	Smp_132010	46.6524827033427	-1.42564063430824	0.208491981360159	-6.83786793625179	8.03804424220831e-12	3.32206358449291e-11	Smp_132010	protein_coding
smansoni_prjna597909_primary	condition	condition__adult_control_vs_juvenile_control	adult_control	juvenile_control	Smp_133260	86.706252830602	1.62669776952016	0.238375612323445	6.82409477070556	8.84814586830995e-12	3.65048776723115e-11	Smp_133260	protein_coding
smansoni_prjna597909_primary	condition	condition__adult_control_vs_juvenile_control	adult_control	juvenile_control	Smp_156960	4041.17124183034	1.34454082656005	0.197977959329276	6.79136622639805	1.11076553013134e-11	4.54107084377224e-11	Smp_156960	protein_coding
smansoni_prjna597909_primary	condition	condition__adult_control_vs_juvenile_control	adult_control	juvenile_control	Smp_331680	11.14528402592	7.48536039638588	1.10283866419534	6.78735760669706	1.14205883630247e-11	4.65892970251659e-11	Smp_331680	protein_coding
smansoni_prjna597909_primary	condition	condition__adult_control_vs_juvenile_control	adult_control	juvenile_control	Smp_343850	54.752382504405	-1.40337997724877	0.206799457019479	-6.7861879207767	1.15135163934681e-11	4.69278813932989e-11	Smp_343850	protein_coding
smansoni_prjna597909_primary	condition	condition__adult_control_vs_juvenile_control	adult_control	juvenile_control	Smp_327910	27.2569581296965	3.5686783712194	0.527207340088965	6.76902254550779	1.29655339949774e-11	5.25741000946059e-11	Smp_327910	protein_coding
smansoni_prjna597909_primary	condition	condition__adult_control_vs_juvenile_control	adult_control	juvenile_control	Smp_162760	75.4849801507215	-1.33543372912205	0.197922285040306	-6.74726309293617	1.50659946743902e-11	6.09083753902208e-11	Smp_162760	protein_coding
smansoni_prjna597909_primary	condition	condition__adult_control_vs_juvenile_control	adult_control	juvenile_control	Smp_066520	26.7305418829517	-2.14245226661561	0.317722494919932	-6.7431557439945	1.54982920783533e-11	6.25223460198872e-11	Smp_066520	protein_coding
smansoni_prjna597909_primary	condition	condition__adult_control_vs_juvenile_control	adult_control	juvenile_control	Smp_157730	13.3308516375079	4.19115415236544	0.621605714927953	6.74246399560726	1.55722839458126e-11	6.27940391876369e-11	Smp_157730	protein_coding
smansoni_prjna597909_primary	condition	condition__adult_control_vs_juvenile_control	adult_control	juvenile_control	Smp_045470	24.29233289255	-2.02835686343756	0.301497160871472	-6.72761513765049	1.7246635510729e-11	6.9220891230323e-11	Smp_045470	protein_coding
smansoni_prjna597909_primary	condition	condition__adult_control_vs_juvenile_control	adult_control	juvenile_control	Smp_159560	188.227843836697	-1.21930164471086	0.181354179023208	-6.72331705438575	1.77633476228012e-11	7.12040550172676e-11	Smp_159560	protein_coding
smansoni_prjna597909_primary	condition	condition__adult_control_vs_juvenile_control	adult_control	juvenile_control	Smp_048380	93.7229579613403	1.44013470012571	0.214463305848893	6.71506342040815	1.87984441164826e-11	7.51301876486229e-11	Smp_048380	protein_coding
smansoni_prjna597909_primary	condition	condition__adult_control_vs_juvenile_control	adult_control	juvenile_control	Smp_137720	3952.32491981966	1.61452606119895	0.240774963371744	6.70553963995917	2.00663408789241e-11	7.99945398513667e-11	Smp_137720	protein_coding
smansoni_prjna597909_primary	condition	condition__adult_control_vs_juvenile_control	adult_control	juvenile_control	Smp_318660	58.3959646634825	1.53901905032502	0.229554695009406	6.70436755938255	2.02280519664424e-11	8.06052053907308e-11	Smp_318660	protein_coding
smansoni_prjna597909_primary	condition	condition__adult_control_vs_juvenile_control	adult_control	juvenile_control	Smp_348510	32.3505725835251	1.95762732368191	0.292912298187096	6.68332239990652	2.33584903066696e-11	9.2572096594818e-11	Smp_348510	protein_coding
smansoni_prjna597909_primary	condition	condition__adult_control_vs_juvenile_control	adult_control	juvenile_control	Smp_334920	78.3288459405845	-2.06312588004871	0.308949239292809	-6.67787978624334	2.42423758067420e-11	9.59945270738692e-11	Smp_334920	protein_coding
smansoni_prjna597909_primary	condition	condition__adult_control_vs_juvenile_control	adult_control	juvenile_control	Smp_142940	117.311998992559	-1.13602441690303	0.170392994728709	-6.66708404715665	2.60935680497122e-11	1.02936730052538e-10	Smp_142940	protein_coding
smansoni_prjna597909_primary	condition	condition__adult_control_vs_juvenile_control	adult_control	juvenile_control	Smp_147060	22.9612114672418	2.32623356129576	0.34948718438225	6.65613408802839	2.81123800503299e-11	1.10531703925008e-10	Smp_147060	protein_coding
smansoni_prjna597909_primary	condition	condition__adult_control_vs_juvenile_control	adult_control	juvenile_control	Smp_328220	41.742169007386	1.59138558956216	0.239287064566995	6.650529114233	2.92041222879726e-11	1.14633456754949e-10	Smp_328220	protein_coding
smansoni_prjna597909_primary	condition	condition__adult_control_vs_juvenile_control	adult_control	juvenile_control	Smp_157690	589.229501670494	1.66733701512403	0.252284728268845	6.60894944598962	3.8705685626213e-11	1.50306549112147e-10	Smp_157690	protein_coding
smansoni_prjna597909_primary	condition	condition__adult_control_vs_juvenile_control	adult_control	juvenile_control	Smp_312640	76.4723073529385	1.05906393898303	0.161116092545371	6.57329706953257	4.92131311598486e-11	1.89475566485902e-10	Smp_312640	protein_coding
smansoni_prjna597909_primary	condition	condition__adult_control_vs_juvenile_control	adult_control	juvenile_control	Smp_346430	83.260699883668	1.01365156263939	0.154436766364631	6.56353785759871	5.25458864905822e-11	2.01731811173429e-10	Smp_346430	protein_coding
smansoni_prjna597909_primary	condition	condition__adult_control_vs_juvenile_control	adult_control	juvenile_control	Smp_318240	21.0594505761255	-1.98025301682826	0.302472323555824	-6.54688995524836	5.87476187819134e-11	2.24901779152145e-10	Smp_318240	protein_coding
smansoni_prjna597909_primary	condition	condition__adult_control_vs_juvenile_control	adult_control	juvenile_control	Smp_343940	104.304759379373	-1.03513291073811	0.158332246565835	-6.53772641511595	6.24610455989618e-11	2.38827590210917e-10	Smp_343940	protein_coding
smansoni_prjna597909_primary	condition	condition__adult_control_vs_juvenile_control	adult_control	juvenile_control	Smp_344940	130.425575682092	-1.86152511647235	0.285194620236724	-6.52720978722252	6.70061667615699e-11	2.55379954931596e-10	Smp_344940	protein_coding
smansoni_prjna597909_primary	condition	condition__adult_control_vs_juvenile_control	adult_control	juvenile_control	Smp_092150	71.0554419628879	1.92096262656016	0.294851409488008	6.51501931055984	7.26803075936319e-11	2.76115059234328e-10	Smp_092150	protein_coding
smansoni_prjna597909_primary	condition	condition__adult_control_vs_juvenile_control	adult_control	juvenile_control	Smp_316210	116.585196292611	-1.74148080449723	0.267322890860043	-6.51452181627416	7.2921583528175e-11	2.76920372642953e-10	Smp_316210	protein_coding
smansoni_prjna597909_primary	condition	condition__adult_control_vs_juvenile_control	adult_control	juvenile_control	Smp_174060	28.1488672802959	1.7367940294948	0.266655110535346	6.51325986592925	7.35371260230864e-11	2.79033687342518e-10	Smp_174060	protein_coding
smansoni_prjna597909_primary	condition	condition__adult_control_vs_juvenile_control	adult_control	juvenile_control	Smp_320500	83.7145348521949	1.02119797254041	0.156908145505203	6.50825340680962	7.6029587142076e-11	2.87913324385778e-10	Smp_320500	protein_coding
smansoni_prjna597909_primary	condition	condition__adult_control_vs_juvenile_control	adult_control	juvenile_control	Smp_162300	154.840911732478	-1.03792082716196	0.159729532148176	-6.49798952769178	8.14004692529866e-11	3.07144604941808e-10	Smp_162300	protein_coding
smansoni_prjna597909_primary	condition	condition__adult_control_vs_juvenile_control	adult_control	juvenile_control	Smp_151660	32.9442419639884	1.40789293731405	0.217565204438324	6.47113099242468	9.72720598606735e-11	3.652822843874e-10	Smp_151660	protein_coding
smansoni_prjna597909_primary	condition	condition__adult_control_vs_juvenile_control	adult_control	juvenile_control	Smp_333720	676.985559379607	-1.00746030125963	0.155735016518246	-6.46906728996044	9.86096799327525e-11	3.70011391315751e-10	Smp_333720	protein_coding
smansoni_prjna597909_primary	condition	condition__adult_control_vs_juvenile_control	adult_control	juvenile_control	Smp_342380	33.3048984176528	-1.45209022517825	0.22548007121289	-6.43999364275187	1.19478506344489e-10	4.45487511624503e-10	Smp_342380	protein_coding
smansoni_prjna597909_primary	condition	condition__adult_control_vs_juvenile_control	adult_control	juvenile_control	Smp_148820	177.44665553106	-1.11895109049359	0.173809439902565	-6.4378039024857	1.21214459796524e-10	4.51603891997141e-10	Smp_148820	protein_coding
smansoni_prjna597909_primary	condition	condition__adult_control_vs_juvenile_control	adult_control	juvenile_control	Smp_031020	16.6666458112982	3.26203587756519	0.507910761885533	6.42245867257357	1.3409066167955e-10	4.97614815153163e-10	Smp_031020	protein_coding
smansoni_prjna597909_primary	condition	condition__adult_control_vs_juvenile_control	adult_control	juvenile_control	Smp_081420	36.7624448684514	1.51070008157387	0.235578973190009	6.41271188645259	1.42953532544849e-10	5.29051209715705e-10	Smp_081420	protein_coding
smansoni_prjna597909_primary	condition	condition__adult_control_vs_juvenile_control	adult_control	juvenile_control	Smp_315480	30.1112617883226	1.57273545178436	0.245691590360612	6.40125878739271	1.54101120704113e-10	5.67639825758097e-10	Smp_315480	protein_coding
smansoni_prjna597909_primary	condition	condition__adult_control_vs_juvenile_control	adult_control	juvenile_control	Smp_322640	6.11975741823825	6.27323558510733	0.980966483195916	6.39495405048865	1.60595642317272e-10	5.90412295286992e-10	Smp_322640	protein_coding
smansoni_prjna597909_primary	condition	condition__adult_control_vs_juvenile_control	adult_control	juvenile_control	Smp_334220	150.209347808427	-1.07629616739288	0.168920138164734	-6.37162732097254	1.87032927851498e-10	6.84676697928875e-10	Smp_334220	protein_coding
smansoni_prjna597909_primary	condition	condition__adult_control_vs_juvenile_control	adult_control	juvenile_control	Smp_302140	57.1742581651867	-1.32343050272322	0.208405385476453	-6.35027017031072	2.149371071535e-10	7.82583026508044e-10	Smp_302140	protein_coding
smansoni_prjna597909_primary	condition	condition__adult_control_vs_juvenile_control	adult_control	juvenile_control	Smp_344820	804.468330651051	4.0972135099743	0.646633966848168	6.33621758217403	2.35474195856449e-10	8.54396199322517e-10	Smp_344820	protein_coding
smansoni_prjna597909_primary	condition	condition__adult_control_vs_juvenile_control	adult_control	juvenile_control	Smp_244365	17.5943135122916	2.35202861494127	0.37176497297925	6.32665470362252	2.5053311402e-10	9.0764238931278e-10	Smp_244365	protein_coding
smansoni_prjna597909_primary	condition	condition__adult_control_vs_juvenile_control	adult_control	juvenile_control	Smp_025890	248.789124251348	1.0421693808566	0.165028689816272	6.31508001437116	2.70021731729204e-10	9.74511419742053e-10	Smp_025890	protein_coding
smansoni_prjna597909_primary	condition	condition__adult_control_vs_juvenile_control	adult_control	juvenile_control	Smp_045490	122.865748975532	1.03521363446037	0.164764864710672	6.28297565915049	3.32153084136933e-10	1.19056160457425e-09	Smp_045490	protein_coding
smansoni_prjna597909_primary	condition	condition__adult_control_vs_juvenile_control	adult_control	juvenile_control	Smp_315880	89.7913382106486	-1.12862977965654	0.179790952559775	-6.27745592082175	3.44157787915302e-10	1.23130826765032e-09	Smp_315880	protein_coding
smansoni_prjna597909_primary	condition	condition__adult_control_vs_juvenile_control	adult_control	juvenile_control	Smp_347450	24.3412321006651	1.95639509154075	0.311654459715774	6.27744936916661	3.44172285562013e-10	1.23130826765032e-09	Smp_347450	protein_coding
smansoni_prjna597909_primary	condition	condition__adult_control_vs_juvenile_control	adult_control	juvenile_control	Smp_129810	46.2972056924895	1.16388757770418	0.185641177143488	6.26955503952969	3.62081294214189e-10	1.29098166462185e-09	Smp_129810	protein_coding
smansoni_prjna597909_primary	condition	condition__adult_control_vs_juvenile_control	adult_control	juvenile_control	Smp_137810	12.3908933942081	2.91392400994686	0.46512266031799	6.26485066961627	3.73182856184792e-10	1.32905966716603e-09	Smp_137810	protein_coding
smansoni_prjna597909_primary	condition	condition__adult_control_vs_juvenile_control	adult_control	juvenile_control	Smp_346585	45.7963569741827	-1.3261898701187	0.212120837795482	-6.25204899198706	4.05102262816843e-10	1.43948367975368e-09	Smp_346585	protein_coding
smansoni_prjna597909_primary	condition	condition__adult_control_vs_juvenile_control	adult_control	juvenile_control	Smp_158980	39.1103845259216	-1.72372301712293	0.276314862609449	-6.23825660641094	4.42474406413661e-10	1.56522009334653e-09	Smp_158980	protein_coding
smansoni_prjna597909_primary	condition	condition__adult_control_vs_juvenile_control	adult_control	juvenile_control	Smp_319730	64.1766201765432	1.04108853485384	0.166990001366261	6.23443635149394	4.53407627673581e-10	1.60209678383951e-09	Smp_319730	protein_coding
smansoni_prjna597909_primary	condition	condition__adult_control_vs_juvenile_control	adult_control	juvenile_control	Smp_136730	5543.55499548716	1.88299654184236	0.302282271184252	6.2292655618384	4.68626844232412e-10	1.65278392973312e-09	Smp_136730	protein_coding
smansoni_prjna597909_primary	condition	condition__adult_control_vs_juvenile_control	adult_control	juvenile_control	Smp_300150	18.8305786576097	1.83278078340117	0.294309846759527	6.22738519822171	4.74284030843557e-10	1.67024316674117e-09	Smp_300150	protein_coding
smansoni_prjna597909_primary	condition	condition__adult_control_vs_juvenile_control	adult_control	juvenile_control	Smp_135230	290.81115794939	1.11035518939517	0.178592456169522	6.21725695032276	5.05920933867714e-10	1.77636131757713e-09	Smp_135230	protein_coding
smansoni_prjna597909_primary	condition	condition__adult_control_vs_juvenile_control	adult_control	juvenile_control	Smp_156550	33.0832859000437	-1.63493882255218	0.263462142242405	-6.20559298818695	5.44910394411891e-10	1.90900409487813e-09	Smp_156550	protein_coding
smansoni_prjna597909_primary	condition	condition__adult_control_vs_juvenile_control	adult_control	juvenile_control	Smp_159830	6.46826628089114	6.26818649725407	1.01431174525748	6.1797435813611	6.42057996587599e-10	2.23279329791979e-09	Smp_159830	protein_coding
smansoni_prjna597909_primary	condition	condition__adult_control_vs_juvenile_control	adult_control	juvenile_control	Smp_329260	46.2000723965261	1.7809476390992	0.28840096543341	6.17524853435488	6.60594707194159e-10	2.29641087620419e-09	Smp_329260	protein_coding
smansoni_prjna597909_primary	condition	condition__adult_control_vs_juvenile_control	adult_control	juvenile_control	Smp_247260	74.0681397705846	-1.45649485461924	0.235882291567741	-6.17466807253295	6.63026159494684e-10	2.30401590424403e-09	Smp_247260	protein_coding
smansoni_prjna597909_primary	condition	condition__adult_control_vs_juvenile_control	adult_control	juvenile_control	Smp_099670	34.2067397182092	-1.3111267638169	0.212398945846367	-6.17294383732612	6.70300278386905e-10	2.32843742422382e-09	Smp_099670	protein_coding
smansoni_prjna597909_primary	condition	condition__adult_control_vs_juvenile_control	adult_control	juvenile_control	Smp_325970	9.4902838497772	5.45495488064603	0.890413801500525	6.12631438489985	8.99380148728363e-10	3.09801062892875e-09	Smp_325970	protein_coding
smansoni_prjna597909_primary	condition	condition__adult_control_vs_juvenile_control	adult_control	juvenile_control	Smp_333830	43.8543893291968	-1.69791691142603	0.277270573103483	-6.12368233823475	9.14371063012876e-10	3.14735443830943e-09	Smp_333830	protein_coding
smansoni_prjna597909_primary	condition	condition__adult_control_vs_juvenile_control	adult_control	juvenile_control	Smp_329920	166.17617813546	1.06573526683908	0.1741463476374	6.11976812202863	9.37116236747873e-10	3.22212538004398e-09	Smp_329920	protein_coding
smansoni_prjna597909_primary	condition	condition__adult_control_vs_juvenile_control	adult_control	juvenile_control	Smp_127220	91.7235374823664	1.06059030029612	0.173572935545138	6.1103437408899	9.94167756411316e-10	3.40755828389905e-09	Smp_127220	protein_coding
smansoni_prjna597909_primary	condition	condition__adult_control_vs_juvenile_control	adult_control	juvenile_control	Smp_303400	183.654115132889	25.5258888670002	4.18132129793803	6.10474226881059	1.02966697199109e-09	3.52240760740493e-09	Smp_303400	protein_coding
smansoni_prjna597909_primary	condition	condition__adult_control_vs_juvenile_control	adult_control	juvenile_control	Smp_341940	31.7925131519924	1.79116115970393	0.293554841080655	6.10162364589249	1.04996369815518e-09	3.58924299275327e-09	Smp_341940	protein_coding
smansoni_prjna597909_primary	condition	condition__adult_control_vs_juvenile_control	adult_control	juvenile_control	Smp_326180	109.014967204913	-1.13009026038706	0.185444680690557	-6.09394810451742	1.10159385006121e-09	3.76165645620612e-09	Smp_326180	protein_coding
smansoni_prjna597909_primary	condition	condition__adult_control_vs_juvenile_control	adult_control	juvenile_control	Smp_158150	251.673047050469	1.4600025114811	0.239597112354233	6.09357306995652	1.1041789871886e-09	3.7691223499121e-09	Smp_158150	protein_coding
smansoni_prjna597909_primary	condition	condition__adult_control_vs_juvenile_control	adult_control	juvenile_control	Smp_165940	75.5023919630466	1.04186697362855	0.171007339312143	6.09252782845079	1.11141515823287e-09	3.79108483421765e-09	Smp_165940	protein_coding
smansoni_prjna597909_primary	condition	condition__adult_control_vs_juvenile_control	adult_control	juvenile_control	Smp_312650	5.7677669981313	6.10539786047155	1.00657171809062	6.06553686214528	1.31513601311687e-09	4.46824787777883e-09	Smp_312650	protein_coding
smansoni_prjna597909_primary	condition	condition__adult_control_vs_juvenile_control	adult_control	juvenile_control	Smp_340080	27.0706165358222	-1.51900147311875	0.250567209998256	-6.06225161356638	1.3422900636588e-09	4.55232353128919e-09	Smp_340080	protein_coding
smansoni_prjna597909_primary	condition	condition__adult_control_vs_juvenile_control	adult_control	juvenile_control	Smp_161060	33.7019743102302	1.43076131454733	0.236228396612864	6.0566863893679	1.38954114587259e-09	4.70413428036809e-09	Smp_161060	protein_coding
smansoni_prjna597909_primary	condition	condition__adult_control_vs_juvenile_control	adult_control	juvenile_control	Smp_335020	47.3738936174816	-1.07428475461629	0.177970838356162	-6.03629653340394	1.57691360912736e-09	5.32320979766852e-09	Smp_335020	protein_coding
smansoni_prjna597909_primary	condition	condition__adult_control_vs_juvenile_control	adult_control	juvenile_control	Smp_324420	31.6558126279489	2.21589139306142	0.367835700966923	6.02413356625404	1.70017922905243e-09	5.71686021807314e-09	Smp_324420	protein_coding
smansoni_prjna597909_primary	condition	condition__adult_control_vs_juvenile_control	adult_control	juvenile_control	Smp_142560	108.277844424593	-1.04378468939001	0.173281278866793	-6.02364373241034	1.70533526763154e-09	5.73215823245141e-09	Smp_142560	protein_coding
smansoni_prjna597909_primary	condition	condition__adult_control_vs_juvenile_control	adult_control	juvenile_control	Smp_137700	1294.77057581649	1.89013831666807	0.313838013188006	6.02265575628589	1.71578120099258e-09	5.76522001840805e-09	Smp_137700	protein_coding
smansoni_prjna597909_primary	condition	condition__adult_control_vs_juvenile_control	adult_control	juvenile_control	Smp_098340	113.931478960576	1.22300189331974	0.203968650863836	5.99602874333951	2.02201246724791e-09	6.77252368548095e-09	Smp_098340	protein_coding
smansoni_prjna597909_primary	condition	condition__adult_control_vs_juvenile_control	adult_control	juvenile_control	Smp_335785	51.9785027436162	1.61991828660625	0.270969165252635	5.97823846523621	2.25563382859183e-09	7.53099644925819e-09	Smp_335785	protein_coding
smansoni_prjna597909_primary	condition	condition__adult_control_vs_juvenile_control	adult_control	juvenile_control	Smp_346280	60.7947128811004	-1.17315826236609	0.196742026933716	-5.96292658284618	2.47759761507064e-09	8.25167465033392e-09	Smp_346280	protein_coding
smansoni_prjna597909_primary	condition	condition__adult_control_vs_juvenile_control	adult_control	juvenile_control	Smp_200110	75.7272170062354	1.11031712063408	0.187138312393533	5.93313633340454	2.97201861534989e-09	9.83941154195698e-09	Smp_200110	protein_coding
smansoni_prjna597909_primary	condition	condition__adult_control_vs_juvenile_control	adult_control	juvenile_control	Smp_348810	330.834968444195	1.26988950601619	0.21434137478766	5.92461211594925	3.13035381739456e-09	1.0320231699342e-08	Smp_348810	protein_coding
smansoni_prjna597909_primary	condition	condition__adult_control_vs_juvenile_control	adult_control	juvenile_control	Smp_347710	493.603589029765	2.36263214842785	0.399845087759128	5.9088687613217	3.44464984349543e-09	1.13012253803259e-08	Smp_347710	protein_coding
smansoni_prjna597909_primary	condition	condition__adult_control_vs_juvenile_control	adult_control	juvenile_control	Smp_335170	35.0633634311858	1.4074820287274	0.238429447149467	5.90313841496716	3.56650798855923e-09	1.16767002105514e-08	Smp_335170	protein_coding
smansoni_prjna597909_primary	condition	condition__adult_control_vs_juvenile_control	adult_control	juvenile_control	Smp_350310	137.221659813048	1.42812472969492	0.2425682168476	5.88751794548657	3.92038614179946e-09	1.2799823769357e-08	Smp_350310	protein_coding
smansoni_prjna597909_primary	condition	condition__adult_control_vs_juvenile_control	adult_control	juvenile_control	Smp_153580	14.5489956350202	2.56746838648187	0.439255067278766	5.84505126460492	5.06412286443838e-09	1.63812762883886e-08	Smp_153580	protein_coding
smansoni_prjna597909_primary	condition	condition__adult_control_vs_juvenile_control	adult_control	juvenile_control	Smp_337390	234.496734105501	1.07038883718882	0.183595402361588	5.8301505561708	5.53773894454294e-09	1.7864405632703e-08	Smp_337390	protein_coding
smansoni_prjna597909_primary	condition	condition__adult_control_vs_juvenile_control	adult_control	juvenile_control	Smp_318280	13.233993880073	-4.49057584949305	0.771706387219829	-5.81902122861899	5.91932169737526e-09	1.89981082117457e-08	Smp_318280	protein_coding
smansoni_prjna597909_primary	condition	condition__adult_control_vs_juvenile_control	adult_control	juvenile_control	Smp_200100	40.2267438562646	1.20789488832608	0.207676003769355	5.81624678057446	6.01835974913396e-09	1.93028626904697e-08	Smp_200100	protein_coding
smansoni_prjna597909_primary	condition	condition__adult_control_vs_juvenile_control	adult_control	juvenile_control	Smp_342760	100.196519380523	1.27151733708324	0.219469942490885	5.7935830421792	6.89003924144907e-09	2.19842401230709e-08	Smp_342760	protein_coding
smansoni_prjna597909_primary	condition	condition__adult_control_vs_juvenile_control	adult_control	juvenile_control	Smp_114435	29.8899356411478	-1.49645125494551	0.258966015027596	-5.77856231361494	7.53416399625852e-09	2.39854894215681e-08	Smp_114435	protein_coding
smansoni_prjna597909_primary	condition	condition__adult_control_vs_juvenile_control	adult_control	juvenile_control	Smp_127370	338.241709856755	1.2922423496238	0.223751867184014	5.77533660785522	7.679939493801e-09	2.44331161546304e-08	Smp_127370	protein_coding
smansoni_prjna597909_primary	condition	condition__adult_control_vs_juvenile_control	adult_control	juvenile_control	Smp_323440	23.7039211572137	2.83946688533553	0.492339972794794	5.76728895120408	8.05568685920901e-09	2.55854678068695e-08	Smp_323440	protein_coding
smansoni_prjna597909_primary	condition	condition__adult_control_vs_juvenile_control	adult_control	juvenile_control	Smp_328330	290.700225142945	-1.02814621446874	0.178341499545037	-5.76504188364245	8.16375646512104e-09	2.59199953336661e-08	Smp_328330	protein_coding
smansoni_prjna597909_primary	condition	condition__adult_control_vs_juvenile_control	adult_control	juvenile_control	Smp_322070	21.6834994709415	2.08226446024431	0.362142241556405	5.74985246486355	8.93213583405759e-09	2.82363036466596e-08	Smp_322070	protein_coding
smansoni_prjna597909_primary	condition	condition__adult_control_vs_juvenile_control	adult_control	juvenile_control	Smp_096390	392.937639791597	-1.45353396205017	0.253227074992585	-5.74004166850141	9.46532586054921e-09	2.98818503787278e-08	Smp_096390	protein_coding
smansoni_prjna597909_primary	condition	condition__adult_control_vs_juvenile_control	adult_control	juvenile_control	Smp_058380	887.537486571757	1.07257723642911	0.187420617402418	5.72283482625682	1.0476110596619e-08	3.28861499034349e-08	Smp_058380	protein_coding
smansoni_prjna597909_primary	condition	condition__adult_control_vs_juvenile_control	adult_control	juvenile_control	Smp_347370	42.5683594591671	-1.28077801143861	0.223859220068268	-5.72135474718453	1.05677983226467e-08	3.31629580828873e-08	Smp_347370	protein_coding
smansoni_prjna597909_primary	condition	condition__adult_control_vs_juvenile_control	adult_control	juvenile_control	Smp_083800	296.347429823462	1.65103202754852	0.289445202418999	5.70412642445011	1.16941261300835e-08	3.65639696267115e-08	Smp_083800	protein_coding
smansoni_prjna597909_primary	condition	condition__adult_control_vs_juvenile_control	adult_control	juvenile_control	Smp_346770	13.7940481279797	2.19264227899147	0.384449571543003	5.70332871016403	1.17490098331145e-08	3.67234262376316e-08	Smp_346770	protein_coding
smansoni_prjna597909_primary	condition	condition__adult_control_vs_juvenile_control	adult_control	juvenile_control	Smp_330540	17.8955678201536	2.03367858715954	0.357844339411289	5.68313750751309	1.32245853953817e-08	4.11044989007391e-08	Smp_330540	protein_coding
smansoni_prjna597909_primary	condition	condition__adult_control_vs_juvenile_control	adult_control	juvenile_control	Smp_330210	166.254261876868	-1.28868719018083	0.228102084005629	-5.64960726158484	1.60814817157525e-08	4.95928760774202e-08	Smp_330210	protein_coding
smansoni_prjna597909_primary	condition	condition__adult_control_vs_juvenile_control	adult_control	juvenile_control	Smp_345470	289.692335547114	1.1327008969582	0.200543282550736	5.64816174618879	1.62172561639372e-08	4.9963135764368e-08	Smp_345470	protein_coding
smansoni_prjna597909_primary	condition	condition__adult_control_vs_juvenile_control	adult_control	juvenile_control	Smp_151640	85.8312379523271	1.9243306263967	0.34132334563633	5.63785235026678	1.72184040448836e-08	5.28239026191522e-08	Smp_151640	protein_coding
smansoni_prjna597909_primary	condition	condition__adult_control_vs_juvenile_control	adult_control	juvenile_control	Smp_007690	64.2302488919323	-1.26270362778885	0.224076187603495	-5.63515312043426	1.74902862131913e-08	5.36225057694076e-08	Smp_007690	protein_coding
smansoni_prjna597909_primary	condition	condition__adult_control_vs_juvenile_control	adult_control	juvenile_control	Smp_134500	41.8098974697903	1.26056893072008	0.22479945532952	5.60752662355118	2.05238449680421e-08	6.24368788664094e-08	Smp_134500	protein_coding
smansoni_prjna597909_primary	condition	condition__adult_control_vs_juvenile_control	adult_control	juvenile_control	Smp_331540	75.8238512244797	-1.70500746211127	0.304156093134482	-5.60569885199507	2.07416331658656e-08	6.30791237721241e-08	Smp_331540	protein_coding
smansoni_prjna597909_primary	condition	condition__adult_control_vs_juvenile_control	adult_control	juvenile_control	Smp_137320	21.053878228271	1.8864373187696	0.336957266301459	5.59844676886087	2.16280789209648e-08	6.56060981902951e-08	Smp_137320	protein_coding
smansoni_prjna597909_primary	condition	condition__adult_control_vs_juvenile_control	adult_control	juvenile_control	Smp_172640	69.0536350668772	-1.08576773658935	0.194022309458485	-5.59609737467674	2.19230601246118e-08	6.64369234683651e-08	Smp_172640	protein_coding
smansoni_prjna597909_primary	condition	condition__adult_control_vs_juvenile_control	adult_control	juvenile_control	Smp_028870	9297.16722400255	1.12264061507188	0.200643450549192	5.59520189669309	2.20365178644159e-08	6.67593483507882e-08	Smp_028870	protein_coding
smansoni_prjna597909_primary	condition	condition__adult_control_vs_juvenile_control	adult_control	juvenile_control	Smp_137690	103.45480746528	1.00922388597185	0.181239192382673	5.56846382233345	2.56994972627807e-08	7.74343793840621e-08	Smp_137690	protein_coding
smansoni_prjna597909_primary	condition	condition__adult_control_vs_juvenile_control	adult_control	juvenile_control	Smp_167840	24.167547823796	-1.55669303855794	0.279573518386805	-5.56809903720627	2.57533443773114e-08	7.75718964481668e-08	Smp_167840	protein_coding
smansoni_prjna597909_primary	condition	condition__adult_control_vs_juvenile_control	adult_control	juvenile_control	Smp_248150	13.4992623241639	4.00113286539427	0.719008448626104	5.56479255986452	2.6246444432432e-08	7.89565222073033e-08	Smp_248150	protein_coding
smansoni_prjna597909_primary	condition	condition__adult_control_vs_juvenile_control	adult_control	juvenile_control	Smp_346400	76.5273880291769	1.16085902332437	0.208868071496444	5.55785771854621	2.7310586278629e-08	8.21054903007637e-08	Smp_346400	protein_coding
smansoni_prjna597909_primary	condition	condition__adult_control_vs_juvenile_control	adult_control	juvenile_control	Smp_202610	2705.90328336983	1.26372119043959	0.227826781828437	5.54685090267933	2.90860564661295e-08	8.72766367358274e-08	Smp_202610	protein_coding
smansoni_prjna597909_primary	condition	condition__adult_control_vs_juvenile_control	adult_control	juvenile_control	Smp_043290	6.76616674832822	3.27285113137584	0.591274645938226	5.53524686684735	3.10790293452684e-08	9.31090286438912e-08	Smp_043290	protein_coding
smansoni_prjna597909_primary	condition	condition__adult_control_vs_juvenile_control	adult_control	juvenile_control	Smp_182090	16.1098984369953	-3.19520389056731	0.57937305535163	-5.5149335321231	3.48911799419212e-08	1.04067981322512e-07	Smp_182090	protein_coding
smansoni_prjna597909_primary	condition	condition__adult_control_vs_juvenile_control	adult_control	juvenile_control	Smp_020920	384.544857756216	1.11066887773204	0.201670900118078	5.50733336877924	3.64309971025646e-08	1.0845536523258e-07	Smp_020920	protein_coding
smansoni_prjna597909_primary	condition	condition__adult_control_vs_juvenile_control	adult_control	juvenile_control	Smp_173010	41.2873941695316	1.55059163884738	0.282078571461197	5.49702031889606	3.86262208891823e-08	1.14665527589369e-07	Smp_173010	protein_coding
smansoni_prjna597909_primary	condition	condition__adult_control_vs_juvenile_control	adult_control	juvenile_control	Smp_341290	876.531155009106	1.17936881728963	0.215267639067168	5.47861639770963	4.28664557287119e-08	1.26814941955488e-07	Smp_341290	protein_coding
smansoni_prjna597909_primary	condition	condition__adult_control_vs_juvenile_control	adult_control	juvenile_control	Smp_187410	39.2121997428264	-2.03118704411924	0.370806707542144	-5.47775162316444	4.30764203223425e-08	1.27396221804375e-07	Smp_187410	protein_coding
smansoni_prjna597909_primary	condition	condition__adult_control_vs_juvenile_control	adult_control	juvenile_control	Smp_204860	328.774183594617	3.14728487881186	0.57474763349413	5.47594230128136	4.35189485441121e-08	1.28624484565024e-07	Smp_204860	protein_coding
smansoni_prjna597909_primary	condition	condition__adult_control_vs_juvenile_control	adult_control	juvenile_control	Smp_341930	10.5707251059385	-2.49259695136855	0.456938619397176	-5.45499295869748	4.89747861219366e-08	1.44073973988343e-07	Smp_341930	protein_coding
smansoni_prjna597909_primary	condition	condition__adult_control_vs_juvenile_control	adult_control	juvenile_control	Smp_346580	51.8322112716952	-1.05445591343993	0.193599841340583	-5.44657426441237	5.13491694285003e-08	1.50590241836235e-07	Smp_346580	protein_coding
smansoni_prjna597909_primary	condition	condition__adult_control_vs_juvenile_control	adult_control	juvenile_control	Smp_028800	31.7682878279619	1.29964080978642	0.241828415983983	5.37422702993061	7.6911901723939e-08	2.21705183011489e-07	Smp_028800	protein_coding
smansoni_prjna597909_primary	condition	condition__adult_control_vs_juvenile_control	adult_control	juvenile_control	Smp_311700	6.10729601422214	5.53511497984887	1.03113043878178	5.36800657964117	7.96116499979503e-08	2.28928906535025e-07	Smp_311700	protein_coding
smansoni_prjna597909_primary	condition	condition__adult_control_vs_juvenile_control	adult_control	juvenile_control	Smp_132800	14.8522990295092	2.21280539699768	0.413105452033357	5.35651462866437	8.48426339821012e-08	2.43304786528768e-07	Smp_132800	protein_coding
smansoni_prjna597909_primary	condition	condition__adult_control_vs_juvenile_control	adult_control	juvenile_control	Smp_038410	69.3834052687674	1.0210726433447	0.191046227464571	5.34463651491917	9.05986735967461e-08	2.59260872793353e-07	Smp_038410	protein_coding
smansoni_prjna597909_primary	condition	condition__adult_control_vs_juvenile_control	adult_control	juvenile_control	Smp_245980	46.1611838333629	-1.15859084212452	0.216860039926705	-5.34257414374775	9.16358702061213e-08	2.62070270858777e-07	Smp_245980	protein_coding
smansoni_prjna597909_primary	condition	condition__adult_control_vs_juvenile_control	adult_control	juvenile_control	Smp_212720	101.417709628732	1.00899521172827	0.189453134724285	5.32583012256135	1.00493019295602e-07	2.8601626569769e-07	Smp_212720	protein_coding
smansoni_prjna597909_primary	condition	condition__adult_control_vs_juvenile_control	adult_control	juvenile_control	Smp_079970	43.2474512142821	-1.07871188230851	0.202554258409578	-5.32554531698508	1.00650617882735e-07	2.86292398503644e-07	Smp_079970	protein_coding
smansoni_prjna597909_primary	condition	condition__adult_control_vs_juvenile_control	adult_control	juvenile_control	Smp_000500	18.9172291559894	1.77742626194598	0.335624503799241	5.29587751140237	1.18446217956732e-07	3.35095376272681e-07	Smp_000500	protein_coding
smansoni_prjna597909_primary	condition	condition__adult_control_vs_juvenile_control	adult_control	juvenile_control	Smp_343480	8.16926315154526	-3.58725437204417	0.678454280957437	-5.28739293527904	1.24071935298826e-07	3.50172568660646e-07	Smp_343480	protein_coding
smansoni_prjna597909_primary	condition	condition__adult_control_vs_juvenile_control	adult_control	juvenile_control	Smp_346850	9.13515078984636	2.95859640372916	0.560017213374466	5.28304547265915	1.27053838539428e-07	3.58053930195192e-07	Smp_346850	protein_coding
smansoni_prjna597909_primary	condition	condition__adult_control_vs_juvenile_control	adult_control	juvenile_control	Smp_328590	3076.32356272971	2.4279120225684	0.461195462823196	5.26438835218802	1.406568455728e-07	3.94741242385424e-07	Smp_328590	protein_coding
smansoni_prjna597909_primary	condition	condition__adult_control_vs_juvenile_control	adult_control	juvenile_control	Smp_316220	166.24904210154	-1.31412515848372	0.24989844165832	-5.258636867694	1.45127149975612e-07	4.06562484164044e-07	Smp_316220	protein_coding
smansoni_prjna597909_primary	condition	condition__adult_control_vs_juvenile_control	adult_control	juvenile_control	Smp_319900	79.9881026556994	1.06520509545829	0.204759914885271	5.20221497481643	1.96927241209964e-07	5.44415409159572e-07	Smp_319900	protein_coding
smansoni_prjna597909_primary	condition	condition__adult_control_vs_juvenile_control	adult_control	juvenile_control	Smp_122170	19.1443008779765	1.87202226913571	0.360450247831298	5.19356632544716	2.06303397046697e-07	5.6900487565958e-07	Smp_122170	protein_coding
smansoni_prjna597909_primary	condition	condition__adult_control_vs_juvenile_control	adult_control	juvenile_control	Smp_124380	15.2675953352382	1.97922752583248	0.382648648635838	5.17244091384753	2.31055574921343e-07	6.3394406216445e-07	Smp_124380	protein_coding
smansoni_prjna597909_primary	condition	condition__adult_control_vs_juvenile_control	adult_control	juvenile_control	Smp_327630	65.7477790459651	-1.12747661962037	0.218004179943882	-5.17181193457211	2.31834856204833e-07	6.35897580048776e-07	Smp_327630	protein_coding
smansoni_prjna597909_primary	condition	condition__adult_control_vs_juvenile_control	adult_control	juvenile_control	Smp_179600	5.89932671066681	5.35751749135197	1.03663913407152	5.16816056356051	2.36409172788988e-07	6.47692609043917e-07	Smp_179600	protein_coding
smansoni_prjna597909_primary	condition	condition__adult_control_vs_juvenile_control	adult_control	juvenile_control	Smp_346140	35.1722097021092	1.28451548202949	0.249764372482688	5.1429091717976	2.70516426366105e-07	7.37289867938992e-07	Smp_346140	protein_coding
smansoni_prjna597909_primary	condition	condition__adult_control_vs_juvenile_control	adult_control	juvenile_control	Smp_123810	34.0912322548329	1.38193777675559	0.269198572472723	5.13352565008724	2.8436425516576e-07	7.73693419639252e-07	Smp_123810	protein_coding
smansoni_prjna597909_primary	condition	condition__adult_control_vs_juvenile_control	adult_control	juvenile_control	Smp_156400	42.8761692105684	1.81959383599466	0.355642550985075	5.11635582118806	3.11495186673963e-07	8.43625359439053e-07	Smp_156400	protein_coding
smansoni_prjna597909_primary	condition	condition__adult_control_vs_juvenile_control	adult_control	juvenile_control	Smp_345930	13.6838118618271	2.2216016624494	0.434521215814339	5.1127576320661	3.17489541833119e-07	8.59121428401558e-07	Smp_345930	protein_coding
smansoni_prjna597909_primary	condition	condition__adult_control_vs_juvenile_control	adult_control	juvenile_control	Smp_306960	6.50110205266054	4.22601976279459	0.82959181397996	5.09409530274931	3.50410476983234e-07	9.4549809547403e-07	Smp_306960	protein_coding
smansoni_prjna597909_primary	condition	condition__adult_control_vs_juvenile_control	adult_control	juvenile_control	Smp_312580	1038.16198207121	-1.2639620318844	0.249205696212844	-5.0719628447211	3.93733275106668e-07	1.05636301910537e-06	Smp_312580	protein_coding
smansoni_prjna597909_primary	condition	condition__adult_control_vs_juvenile_control	adult_control	juvenile_control	Smp_331230	47.5323657333891	1.26497689343548	0.251075639849456	5.038230288665	4.69855920537481e-07	1.2510079326536e-06	Smp_331230	protein_coding
smansoni_prjna597909_primary	condition	condition__adult_control_vs_juvenile_control	adult_control	juvenile_control	Smp_247210	16.1144929279132	1.7709812665927	0.351982137990322	5.03145209783739	4.86778742519406e-07	1.29331861514786e-06	Smp_247210	protein_coding
smansoni_prjna597909_primary	condition	condition__adult_control_vs_juvenile_control	adult_control	juvenile_control	Smp_308470	34.6358896025938	-1.58365603337558	0.314990233133895	-5.02763535751411	4.96564966085877e-07	1.31692818727377e-06	Smp_308470	protein_coding
smansoni_prjna597909_primary	condition	condition__adult_control_vs_juvenile_control	adult_control	juvenile_control	Smp_036670	18.4296711385803	-1.72003901557214	0.342967951565545	-5.01515960229135	5.29894605958565e-07	1.40256617628685e-06	Smp_036670	protein_coding
smansoni_prjna597909_primary	condition	condition__adult_control_vs_juvenile_control	adult_control	juvenile_control	Smp_244880	429.707914093636	1.04825654383741	0.20918765667443	5.01108220485908	5.41247857986048e-07	1.4306137454374e-06	Smp_244880	protein_coding
smansoni_prjna597909_primary	condition	condition__adult_control_vs_juvenile_control	adult_control	juvenile_control	Smp_344150	43.3928830837384	1.37234091002236	0.274559043177978	4.99834532542701	5.78243624503897e-07	1.52286395620252e-06	Smp_344150	protein_coding
smansoni_prjna597909_primary	condition	condition__adult_control_vs_juvenile_control	adult_control	juvenile_control	Smp_312230	47.1389797861154	1.1639719359672	0.233446360560455	4.98603590637588	6.16306956420422e-07	1.61904762425954e-06	Smp_312230	protein_coding
smansoni_prjna597909_primary	condition	condition__adult_control_vs_juvenile_control	adult_control	juvenile_control	Smp_152200	17.0291853373923	1.57937189876638	0.317559396883801	4.97346926044293	6.57652062052135e-07	1.722873417549e-06	Smp_152200	protein_coding
smansoni_prjna597909_primary	condition	condition__adult_control_vs_juvenile_control	adult_control	juvenile_control	Smp_349700	11.0743564674361	5.11058189193851	1.0281501549649	4.97065712363093	6.67263611611942e-07	1.74611729151608e-06	Smp_349700	protein_coding
smansoni_prjna597909_primary	condition	condition__adult_control_vs_juvenile_control	adult_control	juvenile_control	Smp_134490	4.33752073633056	5.01925910110408	1.01005707460834	4.9692826546959	6.72010494406132e-07	1.75756590844681e-06	Smp_134490	protein_coding
smansoni_prjna597909_primary	condition	condition__adult_control_vs_juvenile_control	adult_control	juvenile_control	Smp_316230	58.6544040458099	-1.60195245144249	0.323418248971147	-4.95319128261499	7.30061443553789e-07	1.90254777073902e-06	Smp_316230	protein_coding
smansoni_prjna597909_primary	condition	condition__adult_control_vs_juvenile_control	adult_control	juvenile_control	Smp_336630	66.451762554288	1.77605790562223	0.360320525833709	4.92910555542956	8.26069363518722e-07	2.14211457447983e-06	Smp_336630	protein_coding
smansoni_prjna597909_primary	condition	condition__adult_control_vs_juvenile_control	adult_control	juvenile_control	Smp_309000	109.316078214746	1.50057559264956	0.304886980089671	4.92174376291249	8.57764750340051e-07	2.22186692798415e-06	Smp_309000	protein_coding
smansoni_prjna597909_primary	condition	condition__adult_control_vs_juvenile_control	adult_control	juvenile_control	Smp_342150	20.8058680490788	1.39464242699622	0.283860737613223	4.91312197214291	8.96374730975066e-07	2.31679900387649e-06	Smp_342150	protein_coding
smansoni_prjna597909_primary	condition	condition__adult_control_vs_juvenile_control	adult_control	juvenile_control	Smp_309730	13.3978969516372	2.39175947705475	0.489214738554147	4.88897673877016	1.01361470710889e-06	2.60274007378246e-06	Smp_309730	protein_coding
smansoni_prjna597909_primary	condition	condition__adult_control_vs_juvenile_control	adult_control	juvenile_control	Smp_316800	6.7200674910028	3.95383473058805	0.812585056787011	4.86574875770131	1.14024292685498e-06	2.91285841746846e-06	Smp_316800	protein_coding
smansoni_prjna597909_primary	condition	condition__adult_control_vs_juvenile_control	adult_control	juvenile_control	Smp_010720	27.1607384886055	1.25527329326409	0.258214437769927	4.86135982211248	1.16582121717616e-06	2.97659161122341e-06	Smp_010720	protein_coding
smansoni_prjna597909_primary	condition	condition__adult_control_vs_juvenile_control	adult_control	juvenile_control	Smp_091210	58.1167012358436	1.12197288261052	0.231029176430342	4.85641207723739	1.19531819532038e-06	3.04860970916573e-06	Smp_091210	protein_coding
smansoni_prjna597909_primary	condition	condition__adult_control_vs_juvenile_control	adult_control	juvenile_control	Smp_330280	29.3875675624243	2.31438479697675	0.476879197722521	4.8531888327899	1.21491906018166e-06	3.0952600961825e-06	Smp_330280	protein_coding
smansoni_prjna597909_primary	condition	condition__adult_control_vs_juvenile_control	adult_control	juvenile_control	Smp_130730	71.9267808555833	-1.08251222948867	0.224708364138647	-4.81740959504629	1.45433948878282e-06	3.67551252619659e-06	Smp_130730	protein_coding
smansoni_prjna597909_primary	condition	condition__adult_control_vs_juvenile_control	adult_control	juvenile_control	Smp_095400	1178.87235422853	3.1022978260768	0.645486378967651	4.806139877093	1.53872263405938e-06	3.8794362062228e-06	Smp_095400	protein_coding
smansoni_prjna597909_primary	condition	condition__adult_control_vs_juvenile_control	adult_control	juvenile_control	Smp_191400	28.1056116439357	-1.30020184502845	0.271652848716094	-4.78626250810018	1.69915786606677e-06	4.27139365693167e-06	Smp_191400	protein_coding
smansoni_prjna597909_primary	condition	condition__adult_control_vs_juvenile_control	adult_control	juvenile_control	Smp_165230	122.54929958034	-1.15742074144047	0.243081429460611	-4.76145275272053	1.92204300409945e-06	4.81331794354205e-06	Smp_165230	protein_coding
smansoni_prjna597909_primary	condition	condition__adult_control_vs_juvenile_control	adult_control	juvenile_control	Smp_343010	35.6682979801973	1.26685986409476	0.266067766080913	4.7614180505785	1.92237359679129e-06	4.81331794354205e-06	Smp_343010	protein_coding
smansoni_prjna597909_primary	condition	condition__adult_control_vs_juvenile_control	adult_control	juvenile_control	Smp_169350	45.5624856731386	-1.08163478035086	0.227519617395349	-4.75402865358794	1.99402758502463e-06	4.98085325942199e-06	Smp_169350	protein_coding
smansoni_prjna597909_primary	condition	condition__adult_control_vs_juvenile_control	adult_control	juvenile_control	Smp_309540	24.4950861010334	-1.40031257119839	0.294994709948867	-4.74690739858052	2.06550457058011e-06	5.15122670214331e-06	Smp_309540	protein_coding
smansoni_prjna597909_primary	condition	condition__adult_control_vs_juvenile_control	adult_control	juvenile_control	Smp_078490	5.36136336162225	4.49092364892538	0.947813524321246	4.73819325604312	2.1563212248349e-06	5.36638973595037e-06	Smp_078490	protein_coding
smansoni_prjna597909_primary	condition	condition__adult_control_vs_juvenile_control	adult_control	juvenile_control	Smp_123920	9.90784153634704	2.55617720513084	0.542679756533526	4.71028663655877	2.47368644676376e-06	6.12235776245379e-06	Smp_123920	protein_coding
smansoni_prjna597909_primary	condition	condition__adult_control_vs_juvenile_control	adult_control	juvenile_control	Smp_156250	11.7051279744104	2.03785618486983	0.433755084897466	4.69817243837397	2.62499767078848e-06	6.47988456105843e-06	Smp_156250	protein_coding
smansoni_prjna597909_primary	condition	condition__adult_control_vs_juvenile_control	adult_control	juvenile_control	Smp_331970	16.1106049633913	1.62103122331624	0.349279304952553	4.6410743503296	3.4660237576999e-06	8.43916964394113e-06	Smp_331970	protein_coding
smansoni_prjna597909_primary	condition	condition__adult_control_vs_juvenile_control	adult_control	juvenile_control	Smp_317250	572.356581476469	1.15704106709111	0.250468950287211	4.61949900682037	3.84667721424209e-06	9.33713226220241e-06	Smp_317250	protein_coding
smansoni_prjna597909_primary	condition	condition__adult_control_vs_juvenile_control	adult_control	juvenile_control	Smp_139250	5.66987365630527	4.27173307437082	0.925285471697468	4.61666502396734	3.89955949618605e-06	9.4630645334918e-06	Smp_139250	protein_coding
smansoni_prjna597909_primary	condition	condition__adult_control_vs_juvenile_control	adult_control	juvenile_control	Smp_016540	20.3776413546944	1.27550924449959	0.277813194217144	4.59124789984823	4.4060362095453e-06	1.06511136195965e-05	Smp_016540	protein_coding
smansoni_prjna597909_primary	condition	condition__adult_control_vs_juvenile_control	adult_control	juvenile_control	Smp_328060	3.03478677200753	-4.84667233466914	1.05613843155484	-4.58905025123827	4.45267240430725e-06	1.07473594396098e-05	Smp_328060	protein_coding
smansoni_prjna597909_primary	condition	condition__adult_control_vs_juvenile_control	adult_control	juvenile_control	Smp_332350	4.78877055443811	-5.4693262057176	1.20411533662691	-4.5421946215209	5.56716080747759e-06	1.33015176825779e-05	Smp_332350	protein_coding
smansoni_prjna597909_primary	condition	condition__adult_control_vs_juvenile_control	adult_control	juvenile_control	Smp_309740	4.68385196545738	4.6070447498147	1.0231566225188	4.50277567326215	6.7071669270497e-06	1.59047019052869e-05	Smp_309740	protein_coding
smansoni_prjna597909_primary	condition	condition__adult_control_vs_juvenile_control	adult_control	juvenile_control	Smp_348730	198.544063391129	-1.02700462898014	0.22878509459444	-4.4889490322815	7.15754181990305e-06	1.69217321865242e-05	Smp_348730	protein_coding
smansoni_prjna597909_primary	condition	condition__adult_control_vs_juvenile_control	adult_control	juvenile_control	Smp_242440	24.3794036530937	-1.20335719660107	0.26838763422935	-4.48365365288306	7.33757232568178e-06	1.7325689138732e-05	Smp_242440	protein_coding
smansoni_prjna597909_primary	condition	condition__adult_control_vs_juvenile_control	adult_control	juvenile_control	Smp_323250	31.5345926835898	-1.06704730602214	0.238099829063998	-4.48151227246506	7.4115970034505e-06	1.74873726601633e-05	Smp_323250	protein_coding
smansoni_prjna597909_primary	condition	condition__adult_control_vs_juvenile_control	adult_control	juvenile_control	Smp_078540	10.8734700685927	2.16762812756899	0.484032835080712	4.47826670107523	7.52515504505026e-06	1.77331751398193e-05	Smp_078540	protein_coding
smansoni_prjna597909_primary	condition	condition__adult_control_vs_juvenile_control	adult_control	juvenile_control	Smp_317630	27.9907870951045	1.12420345635948	0.251769793517472	4.46520386998477	7.99925439898596e-06	1.88081971590088e-05	Smp_317630	protein_coding
smansoni_prjna597909_primary	condition	condition__adult_control_vs_juvenile_control	adult_control	juvenile_control	Smp_317120	54.3063741684039	1.27955460409206	0.286692663981918	4.46315781617895	8.07605251989078e-06	1.8979325812533e-05	Smp_317120	protein_coding
smansoni_prjna597909_primary	condition	condition__adult_control_vs_juvenile_control	adult_control	juvenile_control	Smp_171130	4.52920954752372	-4.69304319196811	1.05400333218655	-4.45258857221288	8.48412247154326e-06	1.98839389042963e-05	Smp_171130	protein_coding
smansoni_prjna597909_primary	condition	condition__adult_control_vs_juvenile_control	adult_control	juvenile_control	Smp_333280	3.53642443506927	4.69918708558352	1.05647706653552	4.44797831816024	8.66822769343688e-06	2.02952906015272e-05	Smp_333280	protein_coding
smansoni_prjna597909_primary	condition	condition__adult_control_vs_juvenile_control	adult_control	juvenile_control	Smp_323490	83.0796825334298	8.87667667638073	1.99693060504709	4.44516031450748	8.78263498150686e-06	2.05529749554847e-05	Smp_323490	protein_coding
smansoni_prjna597909_primary	condition	condition__adult_control_vs_juvenile_control	adult_control	juvenile_control	Smp_345130	33.0245472084465	-1.1121982320849	0.250255019157978	-4.44425944313553	8.81951257311539e-06	2.06290603417685e-05	Smp_345130	protein_coding
smansoni_prjna597909_primary	condition	condition__adult_control_vs_juvenile_control	adult_control	juvenile_control	Smp_329940	3.81047360281074	4.47350046547365	1.00826100315043	4.43684765303395	9.12858515218461e-06	2.13308743778613e-05	Smp_329940	protein_coding
smansoni_prjna597909_primary	condition	condition__adult_control_vs_juvenile_control	adult_control	juvenile_control	Smp_179200	11.1734136820932	1.600824146888	0.36420233899758	4.39542522240265	1.10556118613209e-05	2.56435934510933e-05	Smp_179200	protein_coding
smansoni_prjna597909_primary	condition	condition__adult_control_vs_juvenile_control	adult_control	juvenile_control	Smp_210800	90.8076297204758	1.68509407002043	0.384377396209965	4.38395724263648	1.16542657045491e-05	2.69792112268915e-05	Smp_210800	protein_coding
smansoni_prjna597909_primary	condition	condition__adult_control_vs_juvenile_control	adult_control	juvenile_control	Smp_317510	10.3590497213913	2.16313086632738	0.496184923235008	4.35952558216456	1.30344716214237e-05	2.99834085582129e-05	Smp_317510	protein_coding
smansoni_prjna597909_primary	condition	condition__adult_control_vs_juvenile_control	adult_control	juvenile_control	Smp_344680	16.8119535245018	1.4527530007003	0.333798607153286	4.35218413009487	1.34787984788105e-05	3.09527704620304e-05	Smp_344680	protein_coding
smansoni_prjna597909_primary	condition	condition__adult_control_vs_juvenile_control	adult_control	juvenile_control	Smp_330470	52.241823071995	1.29420533033204	0.297938680750071	4.34386474114012	1.39997731389269e-05	3.20401587673456e-05	Smp_330470	protein_coding
smansoni_prjna597909_primary	condition	condition__adult_control_vs_juvenile_control	adult_control	juvenile_control	Smp_348800	1731.46250168009	1.06561417777603	0.245858287404521	4.33426177748781	1.46250062039518e-05	3.34306066843415e-05	Smp_348800	protein_coding
smansoni_prjna597909_primary	condition	condition__adult_control_vs_juvenile_control	adult_control	juvenile_control	Smp_336990	217.583900985841	-1.60886958892654	0.371228317581507	-4.33390857520802	1.46485028522236e-05	3.34762207348204e-05	Smp_336990	protein_coding
smansoni_prjna597909_primary	condition	condition__adult_control_vs_juvenile_control	adult_control	juvenile_control	Smp_337300	10.8092662242288	2.00244554255376	0.462223912016253	4.33219807651004	1.47628033326685e-05	3.37129782798702e-05	Smp_337300	protein_coding
smansoni_prjna597909_primary	condition	condition__adult_control_vs_juvenile_control	adult_control	juvenile_control	Smp_138130	10.5975939380819	1.73866922119162	0.401376928223341	4.33176174048588	1.47920964254678e-05	3.37717138680004e-05	Smp_138130	protein_coding
smansoni_prjna597909_primary	condition	condition__adult_control_vs_juvenile_control	adult_control	juvenile_control	Smp_187140	4940.21691744973	1.1549100810084	0.267210084515726	4.32210514472718	1.54547502603226e-05	3.52235508027273e-05	Smp_187140	protein_coding
smansoni_prjna597909_primary	condition	condition__adult_control_vs_juvenile_control	adult_control	juvenile_control	Smp_319090	8.05575256328025	2.3637935881004	0.550515799718333	4.29377974130773	1.75656743711851e-05	3.97678453069321e-05	Smp_319090	protein_coding
smansoni_prjna597909_primary	condition	condition__adult_control_vs_juvenile_control	adult_control	juvenile_control	Smp_349540	17.6902057714844	1.88528505592692	0.440483606705972	4.28003455117313	1.86864301199473e-05	4.22040949805836e-05	Smp_349540	protein_coding
smansoni_prjna597909_primary	condition	condition__adult_control_vs_juvenile_control	adult_control	juvenile_control	Smp_344040	37.3824572792792	1.04721702357444	0.244947517663899	4.27527101953064	1.90904920745077e-05	4.30755147023746e-05	Smp_344040	protein_coding
smansoni_prjna597909_primary	condition	condition__adult_control_vs_juvenile_control	adult_control	juvenile_control	Smp_316160	5850.5176514526	7.1328569773365	1.67607138766884	4.25569998379198	2.083959971806e-05	4.68321199560398e-05	Smp_316160	protein_coding
smansoni_prjna597909_primary	condition	condition__adult_control_vs_juvenile_control	adult_control	juvenile_control	Smp_318350	19.5824323011648	1.4950026278741	0.351396162731525	4.25446486453615	2.09549559031344e-05	4.70354412720083e-05	Smp_318350	protein_coding
smansoni_prjna597909_primary	condition	condition__adult_control_vs_juvenile_control	adult_control	juvenile_control	Smp_349550	48.2857087231173	1.29503825487437	0.305754605270807	4.23554783002322	2.27995164389056e-05	5.0994091192744e-05	Smp_349550	protein_coding
smansoni_prjna597909_primary	condition	condition__adult_control_vs_juvenile_control	adult_control	juvenile_control	Smp_345040	18.8031464196745	1.3569464404182	0.321040229914376	4.22671775677493	2.37124791785543e-05	5.29608585055992e-05	Smp_345040	protein_coding
smansoni_prjna597909_primary	condition	condition__adult_control_vs_juvenile_control	adult_control	juvenile_control	Smp_350240	6.88102796855041	-3.20703892338556	0.7595429875495	-4.22232707819787	2.41792888869294e-05	5.39397306016654e-05	Smp_350240	protein_coding
smansoni_prjna597909_primary	condition	condition__adult_control_vs_juvenile_control	adult_control	juvenile_control	Smp_067060	61251.4688326871	-1.04487817921216	0.248339623733158	-4.20745656091873	2.58261027254272e-05	5.74778250437338e-05	Smp_067060	protein_coding
smansoni_prjna597909_primary	condition	condition__adult_control_vs_juvenile_control	adult_control	juvenile_control	Smp_348050	1.82073142561551	-4.80913067144314	1.15482566354784	-4.16437807302323	3.12202410230596e-05	6.89793637564186e-05	Smp_348050	protein_coding
smansoni_prjna597909_primary	condition	condition__adult_control_vs_juvenile_control	adult_control	juvenile_control	Smp_322150	41.3611292881414	-1.04921917737726	0.253669227604082	-4.13617050553268	3.53149829652223e-05	7.77538362420875e-05	Smp_322150	protein_coding
smansoni_prjna597909_primary	condition	condition__adult_control_vs_juvenile_control	adult_control	juvenile_control	Smp_324410	18.2497740749453	1.7228366406726	0.416710342623794	4.13437456297545	3.55922585461054e-05	7.83460707447108e-05	Smp_324410	protein_coding
smansoni_prjna597909_primary	condition	condition__adult_control_vs_juvenile_control	adult_control	juvenile_control	Smp_303920	139.671601887573	2.87546979316071	0.697800098150752	4.12076438622039	3.77617452932743e-05	8.28706794780656e-05	Smp_303920	protein_coding
smansoni_prjna597909_primary	condition	condition__adult_control_vs_juvenile_control	adult_control	juvenile_control	Smp_345190	19.5767118819702	1.24925365919962	0.304935172298958	4.0967844075883	4.18928718972948e-05	9.15117691641393e-05	Smp_345190	protein_coding
smansoni_prjna597909_primary	condition	condition__adult_control_vs_juvenile_control	adult_control	juvenile_control	Smp_154900	9.31957266207471	2.16818228255761	0.532562873852858	4.07122311563284	4.67669283480414e-05	0.000101362303771082	Smp_154900	protein_coding
smansoni_prjna597909_primary	condition	condition__adult_control_vs_juvenile_control	adult_control	juvenile_control	Smp_349750	9.00618739985199	1.7261267378602	0.425798994336102	4.05385348678793	5.0380776979141e-05	0.000108870394148798	Smp_349750	protein_coding
smansoni_prjna597909_primary	condition	condition__adult_control_vs_juvenile_control	adult_control	juvenile_control	Smp_307000	1647.62375012449	1.2176355849413	0.300520614454345	4.05175394424161	5.0835110949954e-05	0.000109801980964114	Smp_307000	protein_coding
smansoni_prjna597909_primary	condition	condition__adult_control_vs_juvenile_control	adult_control	juvenile_control	Smp_344660	12.9965355590506	1.78766818834715	0.44408299353147	4.02552724239926	5.68477983271549e-05	0.000122202726811068	Smp_344660	protein_coding
smansoni_prjna597909_primary	condition	condition__adult_control_vs_juvenile_control	adult_control	juvenile_control	Smp_322930	28.9884655108161	1.07547957163779	0.267675710982073	4.01784520415385	5.87327573959681e-05	0.000126054046981537	Smp_322930	protein_coding
smansoni_prjna597909_primary	condition	condition__adult_control_vs_juvenile_control	adult_control	juvenile_control	Smp_318130	22.5276164113772	1.15740264874682	0.288478856326923	4.0120883155304	6.01839749889655e-05	0.000129080765054618	Smp_318130	protein_coding
smansoni_prjna597909_primary	condition	condition__adult_control_vs_juvenile_control	adult_control	juvenile_control	Smp_332020	9.55151328827454	1.79008668259688	0.446876024210855	4.0057791996293	6.18133712310347e-05	0.000132275296553258	Smp_332020	protein_coding
smansoni_prjna597909_primary	condition	condition__adult_control_vs_juvenile_control	adult_control	juvenile_control	Smp_343510	4.32351716142199	2.67038955369953	0.667896000177558	3.99821162724378	6.38228762635569e-05	0.000136297746598089	Smp_343510	protein_coding
smansoni_prjna597909_primary	condition	condition__adult_control_vs_juvenile_control	adult_control	juvenile_control	Smp_159860	17.6835834378443	1.21390562477232	0.303626783823645	3.99801891481811	6.38748480053897e-05	0.000136377922599264	Smp_159860	protein_coding
smansoni_prjna597909_primary	condition	condition__adult_control_vs_juvenile_control	adult_control	juvenile_control	Smp_307650	4636.81905215971	1.1407667649066	0.285592394316809	3.9943877624456	6.4861637682333e-05	0.000138234994221739	Smp_307650	protein_coding
smansoni_prjna597909_primary	condition	condition__adult_control_vs_juvenile_control	adult_control	juvenile_control	Smp_332670	2.37334551966825	4.42660529669864	1.11155906757491	3.98233924388396	6.82402804667202e-05	0.000145141118580432	Smp_332670	protein_coding
smansoni_prjna597909_primary	condition	condition__adult_control_vs_juvenile_control	adult_control	juvenile_control	Smp_336840	354.919967658803	1.24860242568811	0.31357253598936	3.98186155477111	6.83776071177301e-05	0.000145400481997027	Smp_336840	protein_coding
smansoni_prjna597909_primary	condition	condition__adult_control_vs_juvenile_control	adult_control	juvenile_control	Smp_319590	4.5374291311174	6.118526459518	1.54156788101107	3.96902824383252	7.21663286934461e-05	0.000152975137656527	Smp_319590	protein_coding
smansoni_prjna597909_primary	condition	condition__adult_control_vs_juvenile_control	adult_control	juvenile_control	Smp_159520	9.86764318026503	1.7539062672635	0.444837544982258	3.94280178696123	8.05352133198776e-05	0.000169839097791049	Smp_159520	protein_coding
smansoni_prjna597909_primary	condition	condition__adult_control_vs_juvenile_control	adult_control	juvenile_control	Smp_140540	24.2984424041278	1.55066918683276	0.393711891589908	3.93858864808671	8.19623116159925e-05	0.000172656066279109	Smp_140540	protein_coding
smansoni_prjna597909_primary	condition	condition__adult_control_vs_juvenile_control	adult_control	juvenile_control	Smp_342530	20.8347046233336	-1.09817796239644	0.280734191088407	-3.91180695924071	9.16081247218228e-05	0.000191906027231975	Smp_342530	protein_coding
smansoni_prjna597909_primary	condition	condition__adult_control_vs_juvenile_control	adult_control	juvenile_control	Smp_083880	12.6316463121956	1.37801754326725	0.35433124556596	3.8890658402597	0.000100630817413768	0.000209876982832069	Smp_083880	protein_coding
smansoni_prjna597909_primary	condition	condition__adult_control_vs_juvenile_control	adult_control	juvenile_control	Smp_326600	2.32834723344202	4.82682419977685	1.24386776434016	3.88049625382594	0.000104243550692767	0.000216837597083635	Smp_326600	protein_coding
smansoni_prjna597909_primary	condition	condition__adult_control_vs_juvenile_control	adult_control	juvenile_control	Smp_349470	28.2640860336301	-1.04374942123488	0.269229206208256	-3.8768060714316	0.000105836648393407	0.000219861099036149	Smp_349470	protein_coding
smansoni_prjna597909_primary	condition	condition__adult_control_vs_juvenile_control	adult_control	juvenile_control	Smp_316480	4404.97346797193	1.9276916775717	0.498583686040005	3.86633524430447	0.000110483041175946	0.000228558919937632	Smp_316480	protein_coding
smansoni_prjna597909_primary	condition	condition__adult_control_vs_juvenile_control	adult_control	juvenile_control	Smp_134820	21.3615357828301	-1.01137929267702	0.262307459887312	-3.85570159960955	0.000115398184059942	0.000238101644997724	Smp_134820	protein_coding
smansoni_prjna597909_primary	condition	condition__adult_control_vs_juvenile_control	adult_control	juvenile_control	Smp_154090	110.248520794778	1.26849022459281	0.329221154673049	3.85300338871769	0.000116677775034351	0.000240636772774315	Smp_154090	protein_coding
smansoni_prjna597909_primary	condition	condition__adult_control_vs_juvenile_control	adult_control	juvenile_control	Smp_349240	28.2013515497646	3.16286467653682	0.820992483819974	3.85248919919511	0.000116923135641543	0.000240985244453776	Smp_349240	protein_coding
smansoni_prjna597909_primary	condition	condition__adult_control_vs_juvenile_control	adult_control	juvenile_control	Smp_032990	4.55954435012696	-4.12609332117351	1.07498663286949	-3.83827407245021	0.000123902143049983	0.000254426038693991	Smp_032990	protein_coding
smansoni_prjna597909_primary	condition	condition__adult_control_vs_juvenile_control	adult_control	juvenile_control	Smp_316150	1039.65396345284	6.54254952110055	1.70960112295416	3.82694503019227	0.000129743474061302	0.000265843337703757	Smp_316150	protein_coding
smansoni_prjna597909_primary	condition	condition__adult_control_vs_juvenile_control	adult_control	juvenile_control	Smp_329440	4.34283270144404	4.07557653156373	1.06505969555648	3.82661793378098	0.000129915921190984	0.000266138987233892	Smp_329440	protein_coding
smansoni_prjna597909_primary	condition	condition__adult_control_vs_juvenile_control	adult_control	juvenile_control	Smp_060620	21.067980341765	-1.3441778779664	0.352278225614564	-3.81567119461166	0.000135813256249754	0.00027755824823193	Smp_060620	protein_coding
smansoni_prjna597909_primary	condition	condition__adult_control_vs_juvenile_control	adult_control	juvenile_control	Smp_327280	11.1321708678109	1.60654433789979	0.42156745763482	3.81088319035158	0.000138471190078685	0.000282684597974888	Smp_327280	protein_coding
smansoni_prjna597909_primary	condition	condition__adult_control_vs_juvenile_control	adult_control	juvenile_control	Smp_143900	1.35894865857341	4.48098955036994	1.17910540261708	3.80032992845606	0.00014450356536742	0.00029404686756789	Smp_143900	protein_coding
smansoni_prjna597909_primary	condition	condition__adult_control_vs_juvenile_control	adult_control	juvenile_control	Smp_328630	11.3570782411242	1.69697803328976	0.446825050080234	3.79785787073719	0.000145951967550558	0.000296674838126425	Smp_328630	protein_coding
smansoni_prjna597909_primary	condition	condition__adult_control_vs_juvenile_control	adult_control	juvenile_control	Smp_322270	37.7621178048314	-2.73771309386836	0.722596228981151	-3.78871766010804	0.000151426888991585	0.000307521239895177	Smp_322270	protein_coding
smansoni_prjna597909_primary	condition	condition__adult_control_vs_juvenile_control	adult_control	juvenile_control	Smp_214390	22.4466206961972	-1.4151082127328	0.373737643713278	-3.78636788810719	0.000152865308815088	0.00031032708310142	Smp_214390	protein_coding
smansoni_prjna597909_primary	condition	condition__adult_control_vs_juvenile_control	adult_control	juvenile_control	Smp_331890	51.5831203941548	1.0171600646983	0.268688555547867	3.78564715056163	0.000153309081652143	0.000311094340870772	Smp_331890	protein_coding
smansoni_prjna597909_primary	condition	condition__adult_control_vs_juvenile_control	adult_control	juvenile_control	Smp_192670	57.0774840500134	-1.12920305130303	0.300014445858953	-3.76382893187052	0.000167331374236525	0.00033795216865035	Smp_192670	protein_coding
smansoni_prjna597909_primary	condition	condition__adult_control_vs_juvenile_control	adult_control	juvenile_control	Smp_326390	8.41320421872323	2.03800561674187	0.541930880668499	3.76063754519374	0.000169480853383136	0.000341928073890587	Smp_326390	protein_coding
smansoni_prjna597909_primary	condition	condition__adult_control_vs_juvenile_control	adult_control	juvenile_control	Smp_094250	413.994246669946	-1.22037431866363	0.325085371271559	-3.75401179662493	0.000174026667959235	0.000350650195171752	Smp_094250	protein_coding
smansoni_prjna597909_primary	condition	condition__adult_control_vs_juvenile_control	adult_control	juvenile_control	Smp_327890	9.79584555021827	1.52601658561717	0.408801805663927	3.73290079562833	0.000189287160843153	0.000379296638602816	Smp_327890	protein_coding
smansoni_prjna597909_primary	condition	condition__adult_control_vs_juvenile_control	adult_control	juvenile_control	Smp_344300	10.0175824949155	-2.11136703571057	0.566648152606035	-3.7260635651953	0.000194493376059797	0.000389044952173102	Smp_344300	protein_coding
smansoni_prjna597909_primary	condition	condition__adult_control_vs_juvenile_control	adult_control	juvenile_control	Smp_166350	12.2625490123738	1.78106684577649	0.482365190150229	3.69236189125047	0.000222181001556545	0.000441744809994209	Smp_166350	protein_coding
smansoni_prjna597909_primary	condition	condition__adult_control_vs_juvenile_control	adult_control	juvenile_control	Smp_348460	22.7284247789091	-1.04172495327998	0.283488027493515	-3.67467001160678	0.000238157019288253	0.000471821451752792	Smp_348460	protein_coding
smansoni_prjna597909_primary	condition	condition__adult_control_vs_juvenile_control	adult_control	juvenile_control	Smp_062490	6.02685273541222	1.91533298810278	0.523878384393466	3.65606416519801	0.000256117272953953	0.000506235981589452	Smp_062490	protein_coding
smansoni_prjna597909_primary	condition	condition__adult_control_vs_juvenile_control	adult_control	juvenile_control	Smp_027990	10.0665290079808	-1.53869781025292	0.422372427940627	-3.64298829295083	0.00026949109953345	0.00053122625084258	Smp_027990	protein_coding
smansoni_prjna597909_primary	condition	condition__adult_control_vs_juvenile_control	adult_control	juvenile_control	Smp_015820	8.00349458284854	2.00604305537146	0.552565549400883	3.63041644117428	0.00028296430201591	0.000556276743480528	Smp_015820	protein_coding
smansoni_prjna597909_primary	condition	condition__adult_control_vs_juvenile_control	adult_control	juvenile_control	Smp_319020	23.4954509853908	1.04861505280527	0.289510431812576	3.62202856125105	0.000292301839136973	0.000573678775648395	Smp_319020	protein_coding
smansoni_prjna597909_primary	condition	condition__adult_control_vs_juvenile_control	adult_control	juvenile_control	Smp_204230	33.0603864609523	1.0229170721038	0.28383379781189	3.60392976449456	0.000313441790421139	0.000613512487691159	Smp_204230	protein_coding
smansoni_prjna597909_primary	condition	condition__adult_control_vs_juvenile_control	adult_control	juvenile_control	Smp_005140	24.7152254870361	1.07047315255806	0.297696721050788	3.59585133749402	0.000323332418315859	0.0006322172151265	Smp_005140	protein_coding
smansoni_prjna597909_primary	condition	condition__adult_control_vs_juvenile_control	adult_control	juvenile_control	Smp_083980	20.0610243650265	1.07719137585271	0.301254286469882	3.57568812870785	0.000349307874229226	0.000679633187981607	Smp_083980	protein_coding
smansoni_prjna597909_primary	condition	condition__adult_control_vs_juvenile_control	adult_control	juvenile_control	Smp_337000	11.7769805191006	1.62890153738	0.456150745538224	3.57097199404556	0.000355658926465892	0.000691420850052574	Smp_337000	protein_coding
smansoni_prjna597909_primary	condition	condition__adult_control_vs_juvenile_control	adult_control	juvenile_control	Smp_092580	14.9103796918438	-1.25672353161556	0.356448482274715	-3.52568069190711	0.000422395916690548	0.000814128508270608	Smp_092580	protein_coding
smansoni_prjna597909_primary	condition	condition__adult_control_vs_juvenile_control	adult_control	juvenile_control	Smp_088360	7.38281354224203	1.84169267436534	0.523313953281546	3.51928830258899	0.000432706212059944	0.000832642328255413	Smp_088360	protein_coding
smansoni_prjna597909_primary	condition	condition__adult_control_vs_juvenile_control	adult_control	juvenile_control	Smp_330120	6.01610917907794	2.52732725165525	0.721908664738473	3.50089613146676	0.000463696531702793	0.000887937523836061	Smp_330120	protein_coding
smansoni_prjna597909_primary	condition	condition__adult_control_vs_juvenile_control	adult_control	juvenile_control	Smp_317170	11.6306366296023	2.53633472102394	0.725039390894887	3.4982026533668	0.000468405070771896	0.000896409137261786	Smp_317170	protein_coding
smansoni_prjna597909_primary	condition	condition__adult_control_vs_juvenile_control	adult_control	juvenile_control	Smp_077820	3.5578315305205	-3.06514562463306	0.876390646541377	-3.49746501372359	0.000469702316771527	0.000898527888711692	Smp_077820	protein_coding
smansoni_prjna597909_primary	condition	condition__adult_control_vs_juvenile_control	adult_control	juvenile_control	Smp_072100	16.88852023567	1.33191136105982	0.381557536697319	3.49072219248652	0.000481716868087544	0.000920579829592291	Smp_072100	protein_coding
smansoni_prjna597909_primary	condition	condition__adult_control_vs_juvenile_control	adult_control	juvenile_control	Smp_326650	4.09842273642727	3.45278363246208	0.990649239388932	3.48537453538236	0.000491448631144003	0.000938229137865708	Smp_326650	protein_coding
smansoni_prjna597909_primary	condition	condition__adult_control_vs_juvenile_control	adult_control	juvenile_control	Smp_007570	18.2063252398984	1.29855097376086	0.372860207837808	3.48267513256798	0.000496430391705391	0.000947165939119773	Smp_007570	protein_coding
smansoni_prjna597909_primary	condition	condition__adult_control_vs_juvenile_control	adult_control	juvenile_control	Smp_028860	26.9315193600759	-1.05013213481113	0.301785460959452	-3.47973070496008	0.000501918016389341	0.00095686347134168	Smp_028860	protein_coding
smansoni_prjna597909_primary	condition	condition__adult_control_vs_juvenile_control	adult_control	juvenile_control	Smp_303290	112.822064692094	1.45379257674522	0.418813797034107	3.471214623397	0.000518109713864469	0.000986338975920839	Smp_303290	protein_coding
smansoni_prjna597909_primary	condition	condition__adult_control_vs_juvenile_control	adult_control	juvenile_control	Smp_350160	7.13987625182715	-3.53961624268453	1.02142976135034	-3.46535452227778	0.000529532928170129	0.00100666637913597	Smp_350160	protein_coding
smansoni_prjna597909_primary	condition	condition__adult_control_vs_juvenile_control	adult_control	juvenile_control	Smp_329420	12.3590227037486	1.38003922544433	0.401406409224295	3.43800994137391	0.000586006183974418	0.00110712181709498	Smp_329420	protein_coding
smansoni_prjna597909_primary	condition	condition__adult_control_vs_juvenile_control	adult_control	juvenile_control	Smp_329100	18.140244207506	1.04962790450152	0.306138772547733	3.42860166246294	0.000606699264789559	0.00114438663955117	Smp_329100	protein_coding
smansoni_prjna597909_primary	condition	condition__adult_control_vs_juvenile_control	adult_control	juvenile_control	Smp_331110	9.31452206872683	1.45167529425364	0.425130265458958	3.4146599576637	0.000638616834584904	0.0012007571753524	Smp_331110	protein_coding
smansoni_prjna597909_primary	condition	condition__adult_control_vs_juvenile_control	adult_control	juvenile_control	Smp_205300	3.46657015105004	3.60806597391388	1.05758602360372	3.41160519653938	0.000645815765064086	0.00121332749182781	Smp_205300	protein_coding
smansoni_prjna597909_primary	condition	condition__adult_control_vs_juvenile_control	adult_control	juvenile_control	Smp_350100	11.3066130905397	-1.68221390130045	0.493186943779234	-3.41090518011252	0.000647476037465746	0.00121596334316039	Smp_350100	protein_coding
smansoni_prjna597909_primary	condition	condition__adult_control_vs_juvenile_control	adult_control	juvenile_control	Smp_248090	8.61446587110015	-1.44816144372896	0.425640299502074	-3.40231281065974	0.000668181108790567	0.00125385107013866	Smp_248090	protein_coding
smansoni_prjna597909_primary	condition	condition__adult_control_vs_juvenile_control	adult_control	juvenile_control	Smp_063190	30.0283157132352	1.15721524994679	0.340224856122606	3.40132482716009	0.000670600919785503	0.00125814209881155	Smp_063190	protein_coding
smansoni_prjna597909_primary	condition	condition__adult_control_vs_juvenile_control	adult_control	juvenile_control	Smp_319770	21.8932163339704	1.66920579224275	0.491495619906576	3.39617633329068	0.000683343218236754	0.00128001587371657	Smp_319770	protein_coding
smansoni_prjna597909_primary	condition	condition__adult_control_vs_juvenile_control	adult_control	juvenile_control	Smp_342430	3.68266710611151	3.14295640382129	0.927199332534589	3.38973108967811	0.000699612147551341	0.00130712275521947	Smp_342430	protein_coding
smansoni_prjna597909_primary	condition	condition__adult_control_vs_juvenile_control	adult_control	juvenile_control	Smp_337250	14.200795168849	1.5813532268591	0.466595110343009	3.38913373030548	0.000701138073902214	0.0013097148368624	Smp_337250	protein_coding
smansoni_prjna597909_primary	condition	condition__adult_control_vs_juvenile_control	adult_control	juvenile_control	Smp_319040	1.74753245366466	4.10515074000022	1.21230364542696	3.38623970610469	0.000708574608218079	0.0013230832076012	Smp_319040	protein_coding
smansoni_prjna597909_primary	condition	condition__adult_control_vs_juvenile_control	adult_control	juvenile_control	Smp_201070	3.14900140173474	3.71497120688167	1.09758372726241	3.38468138202773	0.000712609196949627	0.00132982865341913	Smp_201070	protein_coding
smansoni_prjna597909_primary	condition	condition__adult_control_vs_juvenile_control	adult_control	juvenile_control	Smp_112930	5.01384016770316	2.84677660434762	0.842150036961172	3.380367487271	0.000723889717567703	0.00134901530174486	Smp_112930	protein_coding
smansoni_prjna597909_primary	condition	condition__adult_control_vs_juvenile_control	adult_control	juvenile_control	Smp_318140	26.3382598663345	1.04916681229978	0.310667770145949	3.37713439603627	0.000732452525948191	0.00136443462263743	Smp_318140	protein_coding
smansoni_prjna597909_primary	condition	condition__adult_control_vs_juvenile_control	adult_control	juvenile_control	Smp_204020	12.8316219079549	1.1668328474611	0.345791106441719	3.37438651753688	0.000739804118955392	0.00137735644958209	Smp_204020	protein_coding
smansoni_prjna597909_primary	condition	condition__adult_control_vs_juvenile_control	adult_control	juvenile_control	Smp_343100	5.04229221135594	2.18320694331879	0.651507560884794	3.35100783842606	0.000805180232383907	0.00149226736401817	Smp_343100	protein_coding
smansoni_prjna597909_primary	condition	condition__adult_control_vs_juvenile_control	adult_control	juvenile_control	Smp_314800	25.6196038978817	-1.05553292730492	0.315485806593219	-3.34573824002772	0.000820638266734794	0.00151912904370883	Smp_314800	protein_coding
smansoni_prjna597909_primary	condition	condition__adult_control_vs_juvenile_control	adult_control	juvenile_control	Smp_303270	59.118661032064	1.15392780433501	0.345909349678149	3.33592545390484	0.000850159572157387	0.00157070138311799	Smp_303270	protein_coding
smansoni_prjna597909_primary	condition	condition__adult_control_vs_juvenile_control	adult_control	juvenile_control	Smp_343920	491.340509079388	1.27290964749174	0.382711835843538	3.32602634221152	0.00088093602729082	0.00162502094651695	Smp_343920	protein_coding
smansoni_prjna597909_primary	condition	condition__adult_control_vs_juvenile_control	adult_control	juvenile_control	Smp_317040	7.3677482495372	-1.66932671346446	0.505137667842252	-3.30469656043503	0.000950792786426062	0.00174910342882428	Smp_317040	protein_coding
smansoni_prjna597909_primary	condition	condition__adult_control_vs_juvenile_control	adult_control	juvenile_control	Smp_348240	3.18945055710417	-2.92638124353495	0.887654284090573	-3.29675786619236	0.000978077828692534	0.00179545380400113	Smp_348240	protein_coding
smansoni_prjna597909_primary	condition	condition__adult_control_vs_juvenile_control	adult_control	juvenile_control	Smp_167770	13.8065818673483	-1.24864262188484	0.37995712043989	-3.286272462638	0.00101522758045045	0.00186184149988702	Smp_167770	protein_coding
smansoni_prjna597909_primary	condition	condition__adult_control_vs_juvenile_control	adult_control	juvenile_control	Smp_348770	7.42216103407903	1.96587380009172	0.600923352743216	3.27142187288529	0.00107008150471006	0.00195863872628184	Smp_348770	protein_coding
smansoni_prjna597909_primary	condition	condition__adult_control_vs_juvenile_control	adult_control	juvenile_control	Smp_194410	3.19808082921347	2.37492415793195	0.726277558741889	3.26999523714592	0.00107549295193044	0.00196816251338751	Smp_194410	protein_coding
smansoni_prjna597909_primary	condition	condition__adult_control_vs_juvenile_control	adult_control	juvenile_control	Smp_328510	6.86023902353914	3.61101461181838	1.10448168899629	3.26942007983848	0.00107768176249805	0.00197140468727145	Smp_328510	protein_coding
smansoni_prjna597909_primary	condition	condition__adult_control_vs_juvenile_control	adult_control	juvenile_control	Smp_186930	17.8561113180507	1.23581236511035	0.380025283119469	3.25192143787403	0.00114627700543048	0.00208880089749931	Smp_186930	protein_coding
smansoni_prjna597909_primary	condition	condition__adult_control_vs_juvenile_control	adult_control	juvenile_control	Smp_131370	15.902076237869	1.53888902174091	0.473610464230279	3.24927158069015	0.00115700958181042	0.00210632792127737	Smp_131370	protein_coding
smansoni_prjna597909_primary	condition	condition__adult_control_vs_juvenile_control	adult_control	juvenile_control	Smp_109240	22.1929937917918	-1.05274977156641	0.324983962625497	-3.23938991654049	0.00119785695898329	0.00217649826534219	Smp_109240	protein_coding
smansoni_prjna597909_primary	condition	condition__adult_control_vs_juvenile_control	adult_control	juvenile_control	Smp_349890	10.3485745612119	1.29019877950197	0.399767949197221	3.22736923280827	0.00124934131129294	0.00226699444698424	Smp_349890	protein_coding
smansoni_prjna597909_primary	condition	condition__adult_control_vs_juvenile_control	adult_control	juvenile_control	Smp_153090	7.53469983433687	1.60465736275493	0.500796293155117	3.20421174175485	0.00135432833154846	0.00244716333201988	Smp_153090	protein_coding
smansoni_prjna597909_primary	condition	condition__adult_control_vs_juvenile_control	adult_control	juvenile_control	Smp_173160	9.52543862719074	3.29679539258363	1.03541913237825	3.18402016100596	0.00145244895868766	0.00261396564309135	Smp_173160	protein_coding
smansoni_prjna597909_primary	condition	condition__adult_control_vs_juvenile_control	adult_control	juvenile_control	Smp_194700	11.4849377792441	1.15495816094264	0.362831329225829	3.18318201299476	0.00145666015043661	0.00262054658201882	Smp_194700	protein_coding
smansoni_prjna597909_primary	condition	condition__adult_control_vs_juvenile_control	adult_control	juvenile_control	Smp_317470	28.8712845063345	-1.54197600731905	0.486235531647363	-3.17125324448183	0.00151782758434688	0.00272281387877144	Smp_317470	protein_coding
smansoni_prjna597909_primary	condition	condition__adult_control_vs_juvenile_control	adult_control	juvenile_control	Smp_178420	11.3187791994548	-1.12348363215524	0.354606760706169	-3.16825215040436	0.00153358448104084	0.00275003614395713	Smp_178420	protein_coding
smansoni_prjna597909_primary	condition	condition__adult_control_vs_juvenile_control	adult_control	juvenile_control	Smp_317750	5.85098415837158	-2.12661989914074	0.671623334900114	-3.1663877483605	0.00154344903363253	0.00276562659069093	Smp_317750	protein_coding
smansoni_prjna597909_primary	condition	condition__adult_control_vs_juvenile_control	adult_control	juvenile_control	Smp_311480	16.6339753276002	1.06600157027097	0.336827463846064	3.16482972646836	0.00155173731387802	0.00277889751625142	Smp_311480	protein_coding
smansoni_prjna597909_primary	condition	condition__adult_control_vs_juvenile_control	adult_control	juvenile_control	Smp_346950	3.14455183802598	2.62234462228747	0.832202111172404	3.15109104757392	0.00162661775480663	0.0029058384083221	Smp_346950	protein_coding
smansoni_prjna597909_primary	condition	condition__adult_control_vs_juvenile_control	adult_control	juvenile_control	Smp_334040	18.515064662865	1.10645709352034	0.351290577440939	3.14969192051946	0.00163442716867787	0.00291813479379358	Smp_334040	protein_coding
smansoni_prjna597909_primary	condition	condition__adult_control_vs_juvenile_control	adult_control	juvenile_control	Smp_318490	3.44676484717723	3.07899095462293	0.980437954588412	3.14042407294962	0.00168703431674136	0.00300694858793877	Smp_318490	protein_coding
smansoni_prjna597909_primary	condition	condition__adult_control_vs_juvenile_control	adult_control	juvenile_control	Smp_125150	4.93699577387862	1.95922467798749	0.627383985856168	3.12284776493588	0.00179110365407845	0.00318343582894876	Smp_125150	protein_coding
smansoni_prjna597909_primary	condition	condition__adult_control_vs_juvenile_control	adult_control	juvenile_control	Smp_349210	22.4549793486346	2.0391673093726	0.653717692407159	3.11933933111685	0.00181257084303139	0.00321930856501145	Smp_349210	protein_coding
smansoni_prjna597909_primary	condition	condition__adult_control_vs_juvenile_control	adult_control	juvenile_control	Smp_200460	14.2356903729482	1.15914012035211	0.371665736993967	3.11877045682832	0.00181607383175422	0.00322478486901012	Smp_200460	protein_coding
smansoni_prjna597909_primary	condition	condition__adult_control_vs_juvenile_control	adult_control	juvenile_control	Smp_318210	7.18984892285748	2.64844365060726	0.850607658403022	3.11359017808469	0.00184826018810072	0.00327885797633784	Smp_318210	protein_coding
smansoni_prjna597909_primary	condition	condition__adult_control_vs_juvenile_control	adult_control	juvenile_control	Smp_347120	11.2369694495987	1.28227831913794	0.412288067653727	3.11015142018347	0.00186991458666179	0.00331478482241697	Smp_347120	protein_coding
smansoni_prjna597909_primary	condition	condition__adult_control_vs_juvenile_control	adult_control	juvenile_control	Smp_313100	23.8209933763288	1.37910210244216	0.445654885125438	3.09455174502123	0.00197110548277017	0.00348240916320442	Smp_313100	protein_coding
smansoni_prjna597909_primary	condition	condition__adult_control_vs_juvenile_control	adult_control	juvenile_control	Smp_317720	56.2372203637145	1.02453714036129	0.331669398509954	3.08903126114163	0.00200810307965442	0.0035418156948859	Smp_317720	protein_coding
smansoni_prjna597909_primary	condition	condition__adult_control_vs_juvenile_control	adult_control	juvenile_control	Smp_316540	40.1892587724455	1.02657940566617	0.334043296188884	3.07319265909079	0.0021178171227249	0.00371798058023696	Smp_316540	protein_coding
smansoni_prjna597909_primary	condition	condition__adult_control_vs_juvenile_control	adult_control	juvenile_control	Smp_350330	21.4479572043098	1.10093972894716	0.358883395310191	3.0676808772264	0.0021572686033684	0.00378372663556097	Smp_350330	protein_coding
smansoni_prjna597909_primary	condition	condition__adult_control_vs_juvenile_control	adult_control	juvenile_control	Smp_315690	13.7771162248715	-6.46928395753793	2.1144874478873	-3.05950454518032	0.00221703423532114	0.00387991253328187	Smp_315690	protein_coding
smansoni_prjna597909_primary	condition	condition__adult_control_vs_juvenile_control	adult_control	juvenile_control	Smp_177290	17.3790924120412	-1.28104207876808	0.419022351011462	-3.05721657967845	0.00223402795897445	0.0039082051209007	Smp_177290	protein_coding
smansoni_prjna597909_primary	condition	condition__adult_control_vs_juvenile_control	adult_control	juvenile_control	Smp_330180	3.07093009706861	-3.25731164398629	1.06769892969579	-3.05077728692147	0.00228249812096718	0.00398661449268996	Smp_330180	protein_coding
smansoni_prjna597909_primary	condition	condition__adult_control_vs_juvenile_control	adult_control	juvenile_control	Smp_333630	18.7613802277655	-1.08447107990357	0.355715282036168	-3.04870534011329	0.00229829785369308	0.00401098805633437	Smp_333630	protein_coding
smansoni_prjna597909_primary	condition	condition__adult_control_vs_juvenile_control	adult_control	juvenile_control	Smp_133080	13.1127715390562	-1.13551462582513	0.376601802681453	-3.01515982594911	0.00256843872273604	0.004452023254594	Smp_133080	protein_coding
smansoni_prjna597909_primary	condition	condition__adult_control_vs_juvenile_control	adult_control	juvenile_control	Smp_332590	10.115268213146	1.89512210993597	0.628780775451257	3.01396318705179	0.00257859092423707	0.00446880113969357	Smp_332590	protein_coding
smansoni_prjna597909_primary	condition	condition__adult_control_vs_juvenile_control	adult_control	juvenile_control	Smp_306610	13.5906916629989	1.5381317225949	0.513684465919377	2.99431231552233	0.00275064226320103	0.0047524208714897	Smp_306610	protein_coding
smansoni_prjna597909_primary	condition	condition__adult_control_vs_juvenile_control	adult_control	juvenile_control	Smp_205560	6.29151189252566	2.31665782660104	0.774776118616669	2.99009968290883	0.0027888641847088	0.00481115975066027	Smp_205560	protein_coding
smansoni_prjna597909_primary	condition	condition__adult_control_vs_juvenile_control	adult_control	juvenile_control	Smp_344420	15.8145569012665	1.12048365958694	0.37518948992058	2.98644735443982	0.00282239429747146	0.00486668345252607	Smp_344420	protein_coding
smansoni_prjna597909_primary	condition	condition__adult_control_vs_juvenile_control	adult_control	juvenile_control	Smp_345100	126.900048472171	-1.20758605575471	0.405173267086201	-2.98041888212185	0.00287854464870393	0.00495501803306312	Smp_345100	protein_coding
smansoni_prjna597909_primary	condition	condition__adult_control_vs_juvenile_control	adult_control	juvenile_control	Smp_318000	8.58390440704935	1.38385095632939	0.465053857567369	2.97567891075696	0.00292340771019945	0.00502766551615816	Smp_318000	protein_coding
smansoni_prjna597909_primary	condition	condition__adult_control_vs_juvenile_control	adult_control	juvenile_control	Smp_344860	10.4277404501827	-1.17186704557398	0.396146091551699	-2.95816889416677	0.00309472510978009	0.00530588458872509	Smp_344860	protein_coding
smansoni_prjna597909_primary	condition	condition__adult_control_vs_juvenile_control	adult_control	juvenile_control	Smp_305200	335.496497256387	-1.45498267500293	0.493507917436831	-2.94824586109943	0.00319582785962754	0.00546831370912373	Smp_305200	protein_coding
smansoni_prjna597909_primary	condition	condition__adult_control_vs_juvenile_control	adult_control	juvenile_control	Smp_340160	4.30125837184327	2.29805380952567	0.78148212778414	2.94063514419928	0.00327540086226035	0.00559434205820108	Smp_340160	protein_coding
smansoni_prjna597909_primary	condition	condition__adult_control_vs_juvenile_control	adult_control	juvenile_control	Smp_335380	1.46516832575075	3.34497623741378	1.13840757189524	2.93829408727931	0.00330023805060651	0.00563472724969883	Smp_335380	protein_coding
smansoni_prjna597909_primary	condition	condition__adult_control_vs_juvenile_control	adult_control	juvenile_control	Smp_327430	6.37892895201729	-1.66274890553577	0.566732032903964	-2.93392433989616	0.00334705786663856	0.00570744920719243	Smp_327430	protein_coding
smansoni_prjna597909_primary	condition	condition__adult_control_vs_juvenile_control	adult_control	juvenile_control	Smp_322920	79.3513188074397	-1.40722473846588	0.480464598314394	-2.92888330046131	0.00340182115700239	0.0057945600245065	Smp_322920	protein_coding
smansoni_prjna597909_primary	condition	condition__adult_control_vs_juvenile_control	adult_control	juvenile_control	Smp_158570	3.92292608854264	2.35346113925167	0.804518218207345	2.92530496636326	0.00344118805407692	0.00585317788143513	Smp_158570	protein_coding
smansoni_prjna597909_primary	condition	condition__adult_control_vs_juvenile_control	adult_control	juvenile_control	Smp_157640	12.8646690474126	1.05713263160965	0.362567563758584	2.91568451587562	0.00354909176750978	0.00602695209962315	Smp_157640	protein_coding
smansoni_prjna597909_primary	condition	condition__adult_control_vs_juvenile_control	adult_control	juvenile_control	Smp_134460	1.57315194303691	-3.55057126964709	1.22173427797337	-2.90617308007175	0.00365879004962246	0.00619876027048422	Smp_134460	protein_coding
smansoni_prjna597909_primary	condition	condition__adult_control_vs_juvenile_control	adult_control	juvenile_control	Smp_162840	2.84659051017652	2.69413407899907	0.929794209889116	2.89755953558838	0.00376078351402619	0.00636015848534184	Smp_162840	protein_coding
smansoni_prjna597909_primary	condition	condition__adult_control_vs_juvenile_control	adult_control	juvenile_control	Smp_303330	12.3428182017084	1.1028019662355	0.380946213361517	2.89490202961788	0.00379276885826163	0.00640966408873394	Smp_303330	protein_coding
smansoni_prjna597909_primary	condition	condition__adult_control_vs_juvenile_control	adult_control	juvenile_control	Smp_170610	9.1536281234453	1.33456358314899	0.462582228965177	2.88502994620974	0.0039137643142037	0.0066046956432518	Smp_170610	protein_coding
smansoni_prjna597909_primary	condition	condition__adult_control_vs_juvenile_control	adult_control	juvenile_control	Smp_039600	10.5140482043592	1.10791619529806	0.385356585645932	2.87504154999967	0.00403974332785382	0.00680999713480904	Smp_039600	protein_coding
smansoni_prjna597909_primary	condition	condition__adult_control_vs_juvenile_control	adult_control	juvenile_control	Smp_079600	6.63279996471845	1.58232620945409	0.55119347043682	2.87072742026516	0.00409528494172441	0.0068950183949375	Smp_079600	protein_coding
smansoni_prjna597909_primary	condition	condition__adult_control_vs_juvenile_control	adult_control	juvenile_control	Smp_327200	14.0708048806959	-6.38056377337271	2.23681107199333	-2.85252690907269	0.00433731400461265	0.00728305062561713	Smp_327200	protein_coding
smansoni_prjna597909_primary	condition	condition__adult_control_vs_juvenile_control	adult_control	juvenile_control	Smp_136860	8.38809208014979	1.16889475779561	0.410336097554146	2.84862766099044	0.00439082337289818	0.0073689741691466	Smp_136860	protein_coding
smansoni_prjna597909_primary	condition	condition__adult_control_vs_juvenile_control	adult_control	juvenile_control	Smp_021460	4.23954660730395	-1.73814222029415	0.610750980871262	-2.84590983024639	0.00442847328050858	0.00742820398356116	Smp_021460	protein_coding
smansoni_prjna597909_primary	condition	condition__adult_control_vs_juvenile_control	adult_control	juvenile_control	Smp_018880	3.2711835683898	3.34217513933449	1.17509895552511	2.84416484553933	0.00445280040327594	0.00746635966148025	Smp_018880	protein_coding
smansoni_prjna597909_primary	condition	condition__adult_control_vs_juvenile_control	adult_control	juvenile_control	Smp_322100	10.9142851940558	1.33478528342684	0.469810229629627	2.84111583623693	0.00449559797365661	0.00753411206507133	Smp_322100	protein_coding
smansoni_prjna597909_primary	condition	condition__adult_control_vs_juvenile_control	adult_control	juvenile_control	Smp_324100	3.11181955347633	-2.43990569937259	0.858868278340773	-2.84083806667792	0.00449951536318859	0.00753934040291766	Smp_324100	protein_coding
smansoni_prjna597909_primary	condition	condition__adult_control_vs_juvenile_control	adult_control	juvenile_control	Smp_322980	11.9467843118809	-1.15870970426971	0.410544361402963	-2.82237393374501	0.00476695594938749	0.00795924176534367	Smp_322980	protein_coding
smansoni_prjna597909_primary	condition	condition__adult_control_vs_juvenile_control	adult_control	juvenile_control	Smp_101840	8.67882854047996	-1.48612818113843	0.530836866722527	-2.79959489308652	0.00511667750762415	0.00849364871831112	Smp_101840	protein_coding
smansoni_prjna597909_primary	condition	condition__adult_control_vs_juvenile_control	adult_control	juvenile_control	Smp_180320	6.96658542715853	1.71590270631556	0.615927807218203	2.78588283595332	0.00533821626227365	0.00884276552944453	Smp_180320	protein_coding
smansoni_prjna597909_primary	condition	condition__adult_control_vs_juvenile_control	adult_control	juvenile_control	Smp_350150	4.30557690376557	2.77083213880089	0.996918316513317	2.77939736175354	0.0054459860893134	0.00900614767917702	Smp_350150	protein_coding
smansoni_prjna597909_primary	condition	condition__adult_control_vs_juvenile_control	adult_control	juvenile_control	Smp_319460	3.16155983314015	-2.9344428056498	1.0581899144368	-2.77307765422391	0.00555288682158439	0.00917182499103697	Smp_319460	protein_coding
smansoni_prjna597909_primary	condition	condition__adult_control_vs_juvenile_control	adult_control	juvenile_control	Smp_349250	9.70705063129837	2.23813081193443	0.811676584077787	2.75741700061159	0.00582600016396048	0.00959361560100252	Smp_349250	protein_coding
smansoni_prjna597909_primary	condition	condition__adult_control_vs_juvenile_control	adult_control	juvenile_control	Smp_348010	1.65611601304016	4.66410653862157	1.69986414689138	2.74381134936638	0.00607304272600669	0.0099795549106772	Smp_348010	protein_coding
smansoni_prjna597909_primary	condition	condition__adult_control_vs_juvenile_control	adult_control	juvenile_control	Smp_331630	18.4620295262419	4.96450168792656	1.8112219600827	2.74096814048119	0.00612584470493074	0.0100540864995668	Smp_331630	protein_coding
smansoni_prjna597909_primary	condition	condition__adult_control_vs_juvenile_control	adult_control	juvenile_control	Smp_350530	3.20098839094028	4.1684613417807	1.52445341158449	2.73439733225306	0.00624945811945688	0.0102374138899665	Smp_350530	pseudogene
smansoni_prjna597909_primary	condition	condition__adult_control_vs_juvenile_control	adult_control	juvenile_control	Smp_316850	1.23372370732027	3.43227008828101	1.25855512582499	2.72715117347851	0.00638837635787715	0.010455919192148	Smp_316850	protein_coding
smansoni_prjna597909_primary	condition	condition__adult_control_vs_juvenile_control	adult_control	juvenile_control	Smp_312140	3.263431644588	-3.84072758722296	1.40894635938532	-2.72595728122578	0.00641152958338052	0.0104919975107536	Smp_312140	protein_coding
smansoni_prjna597909_primary	condition	condition__adult_control_vs_juvenile_control	adult_control	juvenile_control	Smp_341820	2.46987051757595	2.09199807544934	0.775878474299287	2.69629606278054	0.00701153170410246	0.0113949445782628	Smp_341820	protein_coding
smansoni_prjna597909_primary	condition	condition__adult_control_vs_juvenile_control	adult_control	juvenile_control	Smp_349050	14.1065923377055	2.2736560532434	0.851553261640288	2.67001038650691	0.00758489006588577	0.0122676900928734	Smp_349050	protein_coding
smansoni_prjna597909_primary	condition	condition__adult_control_vs_juvenile_control	adult_control	juvenile_control	Smp_344730	7.82226163132746	1.31066688392865	0.491604709343127	2.666099121955	0.0076737063912334	0.0124028510276912	Smp_344730	protein_coding
smansoni_prjna597909_primary	condition	condition__adult_control_vs_juvenile_control	adult_control	juvenile_control	Smp_319890	7.94840135545618	1.43468240732194	0.539310075652042	2.66021806766241	0.00780900738809431	0.0125978388517268	Smp_319890	protein_coding
smansoni_prjna597909_primary	condition	condition__adult_control_vs_juvenile_control	adult_control	juvenile_control	Smp_243840	12.1476107496525	1.05648746828332	0.399425774338825	2.64501576051805	0.00816871122170649	0.0131448254090811	Smp_243840	protein_coding
smansoni_prjna597909_primary	condition	condition__adult_control_vs_juvenile_control	adult_control	juvenile_control	Smp_300710	14.6191488259681	1.30026812792803	0.494469570881448	2.62962213349177	0.00854798211438274	0.0137104237137529	Smp_300710	protein_coding
smansoni_prjna597909_primary	condition	condition__adult_control_vs_juvenile_control	adult_control	juvenile_control	Smp_314020	10.3760734413689	1.17620915796593	0.44820018029344	2.6242942544018	0.00868287344136872	0.013903188170052	Smp_314020	protein_coding
smansoni_prjna597909_primary	condition	condition__adult_control_vs_juvenile_control	adult_control	juvenile_control	Smp_316470	11.3271497332939	-1.63182391301352	0.624051409312678	-2.61488699274118	0.00892569817757684	0.0142630091588261	Smp_316470	protein_coding
smansoni_prjna597909_primary	condition	condition__adult_control_vs_juvenile_control	adult_control	juvenile_control	Smp_323820	16.0972731493428	-1.07162391559349	0.410203451756468	-2.61242052207229	0.00899035933501046	0.014349354345579	Smp_323820	protein_coding
smansoni_prjna597909_primary	condition	condition__adult_control_vs_juvenile_control	adult_control	juvenile_control	Smp_302300	3.4561699709898	2.01106476985067	0.770895799088602	2.60873748725609	0.00908769280658306	0.0144949160323697	Smp_302300	protein_coding
smansoni_prjna597909_primary	condition	condition__adult_control_vs_juvenile_control	adult_control	juvenile_control	Smp_330440	7.75637847348179	1.53638483168292	0.590196823247888	2.60317367217958	0.00923651513858874	0.0147129109917051	Smp_330440	protein_coding
smansoni_prjna597909_primary	condition	condition__adult_control_vs_juvenile_control	adult_control	juvenile_control	Smp_178780	9.74921917788538	-1.06795544830403	0.417899359540356	-2.55553262746959	0.0106025420605002	0.0167388053375392	Smp_178780	protein_coding
smansoni_prjna597909_primary	condition	condition__adult_control_vs_juvenile_control	adult_control	juvenile_control	Smp_322450	1.89702940011313	3.7279739944234	1.46042057410604	2.55267151156467	0.0106900263164181	0.016862838575231	Smp_322450	protein_coding
smansoni_prjna597909_primary	condition	condition__adult_control_vs_juvenile_control	adult_control	juvenile_control	Smp_243740	8.28172261332079	-1.05841124696762	0.41778485359433	-2.53338826877466	0.0112965747510457	0.0177633046991988	Smp_243740	protein_coding
smansoni_prjna597909_primary	condition	condition__adult_control_vs_juvenile_control	adult_control	juvenile_control	Smp_106750	2.42656851180233	3.43763967369394	1.35844849051889	2.53056313705413	0.011387958735283	0.0178950932611629	Smp_106750	protein_coding
smansoni_prjna597909_primary	condition	condition__adult_control_vs_juvenile_control	adult_control	juvenile_control	Smp_329150	9.46748776515159	-1.1035084397421	0.437451194881461	-2.52258641113353	0.0116495324658289	0.0182818165145302	Smp_329150	protein_coding
smansoni_prjna597909_primary	condition	condition__adult_control_vs_juvenile_control	adult_control	juvenile_control	Smp_330770	4.95290136566398	-1.56144095588436	0.620916230554821	-2.51473689854931	0.0119121242875358	0.0186660143842487	Smp_330770	protein_coding
smansoni_prjna597909_primary	condition	condition__adult_control_vs_juvenile_control	adult_control	juvenile_control	Smp_203270	5.82978259632571	-1.32815170233672	0.530563231693856	-2.50328636248786	0.012304594137691	0.0192427239889899	Smp_203270	protein_coding
smansoni_prjna597909_primary	condition	condition__adult_control_vs_juvenile_control	adult_control	juvenile_control	Smp_146470	4.67445784309895	1.45138776613043	0.588499775411542	2.46625033138792	0.0136535875635297	0.021222448552949	Smp_146470	protein_coding
smansoni_prjna597909_primary	condition	condition__adult_control_vs_juvenile_control	adult_control	juvenile_control	Smp_330520	1.3509950740128	-3.63366454105178	1.47359753830387	-2.46584596309394	0.0136690102262236	0.021242927434769	Smp_330520	protein_coding
smansoni_prjna597909_primary	condition	condition__adult_control_vs_juvenile_control	adult_control	juvenile_control	Smp_327410	26.0163694370909	-1.06326580222896	0.433878314871589	-2.45060830602619	0.0142615050829804	0.0221128192329939	Smp_327410	pseudogene
smansoni_prjna597909_primary	condition	condition__adult_control_vs_juvenile_control	adult_control	juvenile_control	Smp_349170	12.7592513048561	3.47746296925585	1.42001057390867	2.44889934846324	0.0143293484213822	0.0221888927390079	Smp_349170	protein_coding
smansoni_prjna597909_primary	condition	condition__adult_control_vs_juvenile_control	adult_control	juvenile_control	Smp_319720	2.13799815319592	2.76490754486024	1.13023446367274	2.44631325068213	0.0144325544336317	0.0223340708098702	Smp_319720	protein_coding
smansoni_prjna597909_primary	condition	condition__adult_control_vs_juvenile_control	adult_control	juvenile_control	Smp_340690	173.94676282357	-1.51385212998648	0.620301829548302	-2.44050889079088	0.0146665849254277	0.0226776641117524	Smp_340690	protein_coding
smansoni_prjna597909_primary	condition	condition__adult_control_vs_juvenile_control	adult_control	juvenile_control	Smp_344590	11.2508672617445	1.09420562061541	0.449233142160248	2.43571882375742	0.0148622322098124	0.0229651493946618	Smp_344590	protein_coding
smansoni_prjna597909_primary	condition	condition__adult_control_vs_juvenile_control	adult_control	juvenile_control	Smp_181720	14.3015646800676	-3.79535093078359	1.56488625604069	-2.42532063664882	0.0152948715418754	0.0235835441784349	Smp_181720	protein_coding
smansoni_prjna597909_primary	condition	condition__adult_control_vs_juvenile_control	adult_control	juvenile_control	Smp_327510	7.88623591378374	1.16823002501793	0.482084949438606	2.42328665596873	0.0153807845698065	0.0237121474072437	Smp_327510	protein_coding
smansoni_prjna597909_primary	condition	condition__adult_control_vs_juvenile_control	adult_control	juvenile_control	Smp_175710	3.07552005680153	-1.69430790550291	0.704409984405864	-2.4052866129261	0.0161597863146184	0.0248079097361983	Smp_175710	protein_coding
smansoni_prjna597909_primary	condition	condition__adult_control_vs_juvenile_control	adult_control	juvenile_control	Smp_093070	6.32636518861505	1.80221129706465	0.750090456237834	2.40265861547399	0.0162763741881343	0.0249747222120528	Smp_093070	protein_coding
smansoni_prjna597909_primary	condition	condition__adult_control_vs_juvenile_control	adult_control	juvenile_control	Smp_331390	9.38467223906701	1.05404232212506	0.439389115519139	2.39888127606372	0.0164452457596627	0.0252011126654234	Smp_331390	protein_coding
smansoni_prjna597909_primary	condition	condition__adult_control_vs_juvenile_control	adult_control	juvenile_control	Smp_305110	13.5834307157618	-1.16963117665617	0.490792560288021	-2.38314773143622	0.0171653042407588	0.02624073357329	Smp_305110	protein_coding
smansoni_prjna597909_primary	condition	condition__adult_control_vs_juvenile_control	adult_control	juvenile_control	Smp_133400	7.14536399525395	2.31416265696873	0.971211590121414	2.38275848487293	0.0171834636510679	0.026264246188534	Smp_133400	protein_coding
smansoni_prjna597909_primary	condition	condition__adult_control_vs_juvenile_control	adult_control	juvenile_control	Smp_091950	4.11809510074672	1.55712773802137	0.659190046735397	2.36218332745308	0.0181676555179984	0.0276656484543452	Smp_091950	protein_coding
smansoni_prjna597909_primary	condition	condition__adult_control_vs_juvenile_control	adult_control	juvenile_control	Smp_345060	1.83806342709542	3.01523663376793	1.27655465169267	2.36201139510152	0.0181760835034986	0.0276740240455974	Smp_345060	protein_coding
smansoni_prjna597909_primary	condition	condition__adult_control_vs_juvenile_control	adult_control	juvenile_control	Smp_314010	9.37650585214564	-1.10397326109888	0.468565872927045	-2.35606843110993	0.0184695149342585	0.0280620246196128	Smp_314010	protein_coding
smansoni_prjna597909_primary	condition	condition__adult_control_vs_juvenile_control	adult_control	juvenile_control	Smp_165050	4.64168236031588	1.44963003271965	0.616348452602616	2.35196507202766	0.0186745283881485	0.0283461767022289	Smp_165050	protein_coding
smansoni_prjna597909_primary	condition	condition__adult_control_vs_juvenile_control	adult_control	juvenile_control	Smp_308030	3.14266340894253	2.1456996361471	0.920322711622417	2.33146439727049	0.0197288852917303	0.0298419836629635	Smp_308030	protein_coding
smansoni_prjna597909_primary	condition	condition__adult_control_vs_juvenile_control	adult_control	juvenile_control	Smp_049230	7.88351146787687	-6.62591238742737	2.84826598991607	-2.32629691569733	0.0200027164590446	0.0302311602128061	Smp_049230	protein_coding
smansoni_prjna597909_primary	condition	condition__adult_control_vs_juvenile_control	adult_control	juvenile_control	Smp_056080	4.98197281619026	1.22882512786736	0.528451689022161	2.325331063169	0.0200542645214164	0.0302993779182269	Smp_056080	protein_coding
smansoni_prjna597909_primary	condition	condition__adult_control_vs_juvenile_control	adult_control	juvenile_control	Smp_310500	5.73209472981338	-1.36205270659264	0.585907711468241	-2.324688137624	0.0200886420401879	0.030341617859357	Smp_310500	protein_coding
smansoni_prjna597909_primary	condition	condition__adult_control_vs_juvenile_control	adult_control	juvenile_control	Smp_032980	1.0566047956404	-3.63670847288617	1.56599317373809	-2.32230161272363	0.0202167007775058	0.0305155311001253	Smp_032980	protein_coding
smansoni_prjna597909_primary	condition	condition__adult_control_vs_juvenile_control	adult_control	juvenile_control	Smp_102020	39.67487328643	1.05334750733719	0.457378227259844	2.30301191564758	0.0212781726780515	0.0320256828269017	Smp_102020	protein_coding
smansoni_prjna597909_primary	condition	condition__adult_control_vs_juvenile_control	adult_control	juvenile_control	Smp_126580	8.34740677072468	1.24033593978015	0.545206333877098	2.27498446498193	0.0229068617697782	0.0343022270988503	Smp_126580	protein_coding
smansoni_prjna597909_primary	condition	condition__adult_control_vs_juvenile_control	adult_control	juvenile_control	Smp_329710	4.19769579004683	1.57114875501713	0.693262107584716	2.26631275217236	0.0234322411985418	0.0350451802505104	Smp_329710	protein_coding
smansoni_prjna597909_primary	condition	condition__adult_control_vs_juvenile_control	adult_control	juvenile_control	Smp_193400	3.55144823617295	-2.51732369097544	1.11236283481243	-2.26304188902529	0.0236331071933124	0.0353114336375576	Smp_193400	protein_coding
smansoni_prjna597909_primary	condition	condition__adult_control_vs_juvenile_control	adult_control	juvenile_control	Smp_154130	1.84226701229555	-3.5789776855041	1.58403438106013	-2.25940656863069	0.0238581061878277	0.0356082140671636	Smp_154130	protein_coding
smansoni_prjna597909_primary	condition	condition__adult_control_vs_juvenile_control	adult_control	juvenile_control	Smp_345660	0.8213259323495	3.17836023351094	1.40889385126978	2.25592597387404	0.0240752675506131	0.0358983165938468	Smp_345660	protein_coding
smansoni_prjna597909_primary	condition	condition__adult_control_vs_juvenile_control	adult_control	juvenile_control	Smp_344620	2535.60452552213	1.09130373354205	0.485855793967908	2.24614741059181	0.0246945674250694	0.0367695417929672	Smp_344620	protein_coding
smansoni_prjna597909_primary	condition	condition__adult_control_vs_juvenile_control	adult_control	juvenile_control	Smp_349200	10.1223097513304	-1.5796404708401	0.71845239421324	-2.19867103730641	0.0279013217914962	0.0412971020315098	Smp_349200	protein_coding
smansoni_prjna597909_primary	condition	condition__adult_control_vs_juvenile_control	adult_control	juvenile_control	Smp_318150	147.523545708834	1.2872747654788	0.585668892970648	2.19795652616864	0.027952204114415	0.0413659360089949	Smp_318150	protein_coding
smansoni_prjna597909_primary	condition	condition__adult_control_vs_juvenile_control	adult_control	juvenile_control	Smp_152310	1.39896853615335	2.81914402639649	1.29432978271436	2.1780724387601	0.0294006441437857	0.0433533367312109	Smp_152310	protein_coding
smansoni_prjna597909_primary	condition	condition__adult_control_vs_juvenile_control	adult_control	juvenile_control	Smp_317070	29.6916073102858	-2.10603948928927	0.985645725746225	-2.13671041661019	0.0326215522447348	0.0477009455162799	Smp_317070	protein_coding
smansoni_prjna597909_primary	condition	condition__adult_control_vs_juvenile_control	adult_control	juvenile_control	Smp_323300	3.44414349935212	-2.1604675287861	1.01357078594579	-2.13154084425401	0.0330446112872776	0.0482822176360099	Smp_323300	protein_coding
smansoni_prjna597909_primary	condition	condition__adult_control_vs_juvenile_control	adult_control	juvenile_control	Smp_331440	1.73429535503943	2.60414825565409	1.22284271275617	2.12958561922046	0.0332058393564632	0.0484878099177028	Smp_331440	protein_coding
smansoni_prjna597909_primary	condition	condition__adult_control_vs_juvenile_control	adult_control	juvenile_control	Smp_332640	1277.31639857284	-1.26330326729543	0.594948053956874	-2.12338414907565	0.033721674369813	0.0491660292857989	Smp_332640	protein_coding
smansoni_prjna597909_primary	condition	condition__adult_pzq_vs_juvenile_pzq	adult_pzq	juvenile_pzq	Smp_169090	1031.42135420189	5.00445545991141	0.124489656771438	40.1997691189682	0	0	Smp_169090	protein_coding
smansoni_prjna597909_primary	condition	condition__adult_pzq_vs_juvenile_pzq	adult_pzq	juvenile_pzq	Smp_155310	3566.73163552128	5.83770101231762	0.160091215813384	36.4648427626568	4.00279402034694e-291	1.89172045401596e-287	Smp_155310	protein_coding
smansoni_prjna597909_primary	condition	condition__adult_pzq_vs_juvenile_pzq	adult_pzq	juvenile_pzq	Smp_331690	1217.98204003839	7.81902286319954	0.224195513059544	34.875911460025	1.72396429645341e-266	5.4316368433592e-263	Smp_331690	protein_coding
smansoni_prjna597909_primary	condition	condition__adult_pzq_vs_juvenile_pzq	adult_pzq	juvenile_pzq	Smp_173150	3237.48692344155	3.31237308731292	0.0999071643985776	33.1545100619439	4.87617403298837e-241	1.15223992399515e-237	Smp_173150	protein_coding
smansoni_prjna597909_primary	condition	condition__adult_pzq_vs_juvenile_pzq	adult_pzq	juvenile_pzq	Smp_074710	404.256998898843	4.48301110837379	0.161019941647713	27.8413410320438	1.37126170283797e-170	2.5922331230449e-167	Smp_074710	protein_coding
smansoni_prjna597909_primary	condition	condition__adult_pzq_vs_juvenile_pzq	adult_pzq	juvenile_pzq	Smp_054010	1232.25692221099	4.23194486550092	0.161314726034203	26.2340889114093	1.0858246534874e-151	1.71053577079382e-148	Smp_054010	protein_coding
smansoni_prjna597909_primary	condition	condition__adult_pzq_vs_juvenile_pzq	adult_pzq	juvenile_pzq	Smp_194830	2577.84848387203	-2.37865409250315	0.0921896894971546	-25.8017366744311	8.47797220694953e-147	1.14476847571553e-143	Smp_194830	protein_coding
smansoni_prjna597909_primary	condition	condition__adult_pzq_vs_juvenile_pzq	adult_pzq	juvenile_pzq	Smp_166560	476.91362085849	4.96780867256602	0.192610268822115	25.7920239816187	1.08960882881672e-146	1.28737283124696e-143	Smp_166560	protein_coding
smansoni_prjna597909_primary	condition	condition__adult_pzq_vs_juvenile_pzq	adult_pzq	juvenile_pzq	Smp_012930	3111.32502503954	1.80378335509492	0.0714241108988434	25.2545440523521	1.00960191335532e-140	1.06030636500383e-137	Smp_012930	protein_coding
smansoni_prjna597909_primary	condition	condition__adult_pzq_vs_juvenile_pzq	adult_pzq	juvenile_pzq	Smp_181390	1099.62474545211	3.00003130943455	0.1226304053144	24.4640087565809	3.57052176971113e-132	3.37485717673096e-129	Smp_181390	protein_coding
smansoni_prjna597909_primary	condition	condition__adult_pzq_vs_juvenile_pzq	adult_pzq	juvenile_pzq	Smp_202970	315.825720323582	7.1822377934455	0.303739318406157	23.6460588347061	1.29582670853995e-123	1.11346854991996e-120	Smp_202970	protein_coding
smansoni_prjna597909_primary	condition	condition__adult_pzq_vs_juvenile_pzq	adult_pzq	juvenile_pzq	Smp_346170	591.67435850656	3.41648676094781	0.144807208632311	23.5933472733586	4.51048213705927e-123	3.55275642995702e-120	Smp_346170	protein_coding
smansoni_prjna597909_primary	condition	condition__adult_pzq_vs_juvenile_pzq	adult_pzq	juvenile_pzq	Smp_179710	836.582109617242	3.44497856641427	0.146625728728964	23.4950482175082	4.58298957420466e-122	3.09417267538446e-119	Smp_179710	protein_coding
smansoni_prjna597909_primary	condition	condition__adult_pzq_vs_juvenile_pzq	adult_pzq	juvenile_pzq	Smp_313980	1410.53197505873	-1.55273819028692	0.0662296332117362	-23.44476505438	1.49487460313637e-121	9.41970316589666e-119	Smp_313980	protein_coding
smansoni_prjna597909_primary	condition	condition__adult_pzq_vs_juvenile_pzq	adult_pzq	juvenile_pzq	Smp_144440	4231.6221435968	8.29203947628511	0.365585667815347	22.6815222977322	6.81889420591864e-114	4.02826175214644e-111	Smp_144440	protein_coding
smansoni_prjna597909_primary	condition	condition__adult_pzq_vs_juvenile_pzq	adult_pzq	juvenile_pzq	Smp_055100	689.142901831841	1.90266441360401	0.0870699977325495	21.8521243040384	7.41999768295765e-106	3.89632322773976e-103	Smp_055100	protein_coding
smansoni_prjna597909_primary	condition	condition__adult_pzq_vs_juvenile_pzq	adult_pzq	juvenile_pzq	Smp_038030	2719.98830705765	1.60057182269383	0.0744134810640861	21.5091647347527	1.27784529648723e-102	6.35694407494594e-100	Smp_038030	protein_coding
smansoni_prjna597909_primary	condition	condition__adult_pzq_vs_juvenile_pzq	adult_pzq	juvenile_pzq	Smp_095350	204.766728091613	6.20319734242293	0.293443326873857	21.1393368815285	3.45903604329319e-99	1.63474043406036e-96	Smp_095350	protein_coding
smansoni_prjna597909_primary	condition	condition__adult_pzq_vs_juvenile_pzq	adult_pzq	juvenile_pzq	Smp_340490	1298.78665946836	1.60974370550947	0.0765623666060385	21.0252605407642	3.85273499272394e-98	1.73409767386794e-95	Smp_340490	protein_coding
smansoni_prjna597909_primary	condition	condition__adult_pzq_vs_juvenile_pzq	adult_pzq	juvenile_pzq	Smp_307260	682.711167792785	2.04614089022367	0.0980708608690538	20.8639026117627	1.13980449622027e-96	4.89701459012455e-94	Smp_307260	protein_coding
smansoni_prjna597909_primary	condition	condition__adult_pzq_vs_juvenile_pzq	adult_pzq	juvenile_pzq	Smp_170010	344.06073784141	-1.68320045031661	0.0809501597875317	-20.7930466688945	5.00313311253988e-96	2.05607018172726e-93	Smp_170010	protein_coding
smansoni_prjna597909_primary	condition	condition__adult_pzq_vs_juvenile_pzq	adult_pzq	juvenile_pzq	Smp_312560	578.951839053245	2.24130318309271	0.108178213440615	20.7186189511541	2.35339255590574e-95	9.26844434934212e-93	Smp_312560	protein_coding
smansoni_prjna597909_primary	condition	condition__adult_pzq_vs_juvenile_pzq	adult_pzq	juvenile_pzq	Smp_340010	2902.96009626754	8.10063532411131	0.39136381123028	20.6984782232327	3.57480728098537e-95	1.35156313679495e-92	Smp_340010	protein_coding
smansoni_prjna597909_primary	condition	condition__adult_pzq_vs_juvenile_pzq	adult_pzq	juvenile_pzq	Smp_337380	202.479075432362	4.95118691589221	0.239417711061912	20.6801196700601	5.23109230024906e-95	1.90170324699824e-92	Smp_337380	protein_coding
smansoni_prjna597909_primary	condition	condition__adult_pzq_vs_juvenile_pzq	adult_pzq	juvenile_pzq	Smp_318920	512.944224138078	-2.171533192747	0.106806039554374	-20.3315580449127	6.76208994198732e-92	2.36723237524682e-89	Smp_318920	protein_coding
smansoni_prjna597909_primary	condition	condition__adult_pzq_vs_juvenile_pzq	adult_pzq	juvenile_pzq	Smp_129840	1085.80717736086	-1.69073607518586	0.0842739035293549	-20.0623918482301	1.57331105156081e-89	5.31104859262598e-87	Smp_129840	protein_coding
smansoni_prjna597909_primary	condition	condition__adult_pzq_vs_juvenile_pzq	adult_pzq	juvenile_pzq	Smp_316120	461.357454718419	1.82953192740494	0.0915997345313507	19.9731138607041	9.43819730650585e-89	3.07620141176184e-86	Smp_316120	protein_coding
smansoni_prjna597909_primary	condition	condition__adult_pzq_vs_juvenile_pzq	adult_pzq	juvenile_pzq	Smp_335190	909.430659130411	7.23603152997087	0.365945380847399	19.7735288069897	5.03294570287038e-87	1.5345613801139e-84	Smp_335190	protein_coding
smansoni_prjna597909_primary	condition	condition__adult_pzq_vs_juvenile_pzq	adult_pzq	juvenile_pzq	Smp_349410	818.750530815321	5.68084850397206	0.288684975317606	19.678365656966	3.30489072932089e-86	9.76182099173159e-84	Smp_349410	protein_coding
smansoni_prjna597909_primary	condition	condition__adult_pzq_vs_juvenile_pzq	adult_pzq	juvenile_pzq	Smp_306270	777.271931912562	-1.21217595822169	0.0617577371535444	-19.6279205503909	8.92951389806744e-86	2.55762925347071e-83	Smp_306270	protein_coding
smansoni_prjna597909_primary	condition	condition__adult_pzq_vs_juvenile_pzq	adult_pzq	juvenile_pzq	Smp_062070	3673.72075431322	1.57383575382785	0.0802531406527424	19.610892994679	1.24821040455923e-85	3.47002492467466e-83	Smp_062070	protein_coding
smansoni_prjna597909_primary	condition	condition__adult_pzq_vs_juvenile_pzq	adult_pzq	juvenile_pzq	Smp_313990	745.544784906007	-1.31237363061807	0.0675824190703262	-19.4188614238921	5.34620845902284e-84	1.4437817815624e-81	Smp_313990	protein_coding
smansoni_prjna597909_primary	condition	condition__adult_pzq_vs_juvenile_pzq	adult_pzq	juvenile_pzq	Smp_142520	562.418911191521	1.37747374752526	0.0709447416615835	19.4161500241414	5.63600305674415e-84	1.47976391367627e-81	Smp_142520	protein_coding
smansoni_prjna597909_primary	condition	condition__adult_pzq_vs_juvenile_pzq	adult_pzq	juvenile_pzq	Smp_347180	661.617735663745	-1.65086654193046	0.0850751504883947	-19.4048030764949	7.028731955667e-84	1.79555606608012e-81	Smp_347180	protein_coding
smansoni_prjna597909_primary	condition	condition__adult_pzq_vs_juvenile_pzq	adult_pzq	juvenile_pzq	Smp_140720	253.088151720982	4.44405597122707	0.231016496874767	19.2369637292014	1.81535610394461e-82	4.51545944591697e-80	Smp_140720	protein_coding
smansoni_prjna597909_primary	condition	condition__adult_pzq_vs_juvenile_pzq	adult_pzq	juvenile_pzq	Smp_059670	1462.36242447439	-1.22824441338796	0.063958508708929	-19.20376878982	3.44188190553556e-82	8.34170968490311e-80	Smp_059670	protein_coding
smansoni_prjna597909_primary	condition	condition__adult_pzq_vs_juvenile_pzq	adult_pzq	juvenile_pzq	Smp_128860	1015.51540297134	-1.01737829488264	0.0530590674441303	-19.1744473450068	6.05080062068249e-82	1.42980418666727e-79	Smp_128860	protein_coding
smansoni_prjna597909_primary	condition	condition__adult_pzq_vs_juvenile_pzq	adult_pzq	juvenile_pzq	Smp_900040	4254.25621087757	2.04185875948081	0.106599406812021	19.1545039559316	8.87670335375129e-82	2.04640488047944e-79	Smp_900040	protein_coding
smansoni_prjna597909_primary	condition	condition__adult_pzq_vs_juvenile_pzq	adult_pzq	juvenile_pzq	Smp_067010	2637.14320358349	-1.07930536258245	0.056357068979749	-19.151197571511	9.45864023471275e-82	2.12864446425012e-79	Smp_067010	protein_coding
smansoni_prjna597909_primary	condition	condition__adult_pzq_vs_juvenile_pzq	adult_pzq	juvenile_pzq	Smp_318890	290.086850986251	-2.14892759158407	0.112427916797561	-19.1138255763776	1.93732172667499e-81	4.25850347919349e-79	Smp_318890	protein_coding
smansoni_prjna597909_primary	condition	condition__adult_pzq_vs_juvenile_pzq	adult_pzq	juvenile_pzq	Smp_081900	4750.20149222855	1.63518354560788	0.0856632038480667	19.0885172647531	3.14571956571124e-81	6.75757757615969e-79	Smp_081900	protein_coding
smansoni_prjna597909_primary	condition	condition__adult_pzq_vs_juvenile_pzq	adult_pzq	juvenile_pzq	Smp_013080	476.968544384063	-1.452864103368	0.0761437197956492	-19.0805506648102	3.66378469943123e-81	7.69557621756089e-79	Smp_013080	protein_coding
smansoni_prjna597909_primary	condition	condition__adult_pzq_vs_juvenile_pzq	adult_pzq	juvenile_pzq	Smp_241620	4972.20583519784	7.96816352746499	0.419915388505846	18.9756406780364	2.71185323638949e-80	5.57226886746815e-78	Smp_241620	protein_coding
smansoni_prjna597909_primary	condition	condition__adult_pzq_vs_juvenile_pzq	adult_pzq	juvenile_pzq	Smp_126990	1936.75882157265	-1.23762525373849	0.0657540804827137	-18.8220296695329	4.98383418127064e-79	1.00228086556107e-76	Smp_126990	protein_coding
smansoni_prjna597909_primary	condition	condition__adult_pzq_vs_juvenile_pzq	adult_pzq	juvenile_pzq	Smp_319650	903.69874170727	-1.36899871502986	0.0727627292685707	-18.8145597174732	5.73831728070722e-79	1.1299703111926e-76	Smp_319650	protein_coding
smansoni_prjna597909_primary	condition	condition__adult_pzq_vs_juvenile_pzq	adult_pzq	juvenile_pzq	Smp_244300	156.981229354817	2.90517929594948	0.154534422778498	18.7995609244526	7.61440826963264e-79	1.46880381560342e-76	Smp_244300	protein_coding
smansoni_prjna597909_primary	condition	condition__adult_pzq_vs_juvenile_pzq	adult_pzq	juvenile_pzq	Smp_129230	419.252453556416	-1.49098208049798	0.0795530181835282	-18.7419926301011	2.25040124937145e-78	4.17074364883508e-76	Smp_129230	protein_coding
smansoni_prjna597909_primary	condition	condition__adult_pzq_vs_juvenile_pzq	adult_pzq	juvenile_pzq	Smp_900100	2019.14643065234	1.54784598694999	0.0832465109699636	18.5935238476057	3.62556825160116e-77	6.46582473851588e-75	Smp_900100	protein_coding
smansoni_prjna597909_primary	condition	condition__adult_pzq_vs_juvenile_pzq	adult_pzq	juvenile_pzq	Smp_344360	2048.66371515617	6.86985993401656	0.370129477700409	18.5606938866327	6.68358102139731e-77	1.16987421878236e-74	Smp_344360	protein_coding
smansoni_prjna597909_primary	condition	condition__adult_pzq_vs_juvenile_pzq	adult_pzq	juvenile_pzq	Smp_136190	2100.56746265939	-1.33845422092157	0.0722069508533582	-18.5363625676394	1.05093814615698e-76	1.8060849740865e-74	Smp_136190	protein_coding
smansoni_prjna597909_primary	condition	condition__adult_pzq_vs_juvenile_pzq	adult_pzq	juvenile_pzq	Smp_245090	2312.04742651668	-1.01765104020098	0.0552616665378534	-18.415134829564	9.93416716371855e-76	1.67674550056192e-73	Smp_245090	protein_coding
smansoni_prjna597909_primary	condition	condition__adult_pzq_vs_juvenile_pzq	adult_pzq	juvenile_pzq	Smp_267180	335.603125677828	1.61352728323276	0.0883096449597557	18.271246407661	1.40211378038967e-74	2.24623380546495e-72	Smp_267180	protein_coding
smansoni_prjna597909_primary	condition	condition__adult_pzq_vs_juvenile_pzq	adult_pzq	juvenile_pzq	Smp_159600	2368.94296141499	-1.63169093937818	0.0893779424170711	-18.256080809783	1.85111060017559e-74	2.91611623214329e-72	Smp_159600	protein_coding
smansoni_prjna597909_primary	condition	condition__adult_pzq_vs_juvenile_pzq	adult_pzq	juvenile_pzq	Smp_129060	1576.47863483356	-1.06652005682556	0.0591144723968483	-18.0416066249527	9.18347898122396e-73	1.42298759558244e-70	Smp_129060	protein_coding
smansoni_prjna597909_primary	condition	condition__adult_pzq_vs_juvenile_pzq	adult_pzq	juvenile_pzq	Smp_137950	505.12027802142	-1.17787922672818	0.065624048927576	-17.9488959608102	4.8953870172732e-72	7.46309646568811e-70	Smp_137950	protein_coding
smansoni_prjna597909_primary	condition	condition__adult_pzq_vs_juvenile_pzq	adult_pzq	juvenile_pzq	Smp_333320	471.845047974185	-1.38362031716392	0.0771197821512123	-17.941185498307	5.62423502456653e-72	8.43813800828616e-70	Smp_333320	protein_coding
smansoni_prjna597909_primary	condition	condition__adult_pzq_vs_juvenile_pzq	adult_pzq	juvenile_pzq	Smp_241840	1425.42110529816	1.05143356790302	0.0587061880259684	17.9100977811389	9.8362628823007e-72	1.45269307442978e-69	Smp_241840	protein_coding
smansoni_prjna597909_primary	condition	condition__adult_pzq_vs_juvenile_pzq	adult_pzq	juvenile_pzq	Smp_334740	911.930240852265	1.64526915095547	0.0920953900048498	17.864837217898	2.21577522911972e-71	3.22207807163686e-69	Smp_334740	protein_coding
smansoni_prjna597909_primary	condition	condition__adult_pzq_vs_juvenile_pzq	adult_pzq	juvenile_pzq	Smp_050270	2919.95640890516	8.06480954132038	0.452277306803875	17.8315591341787	4.02051155411205e-71	5.6719216730548e-69	Smp_050270	protein_coding
smansoni_prjna597909_primary	condition	condition__adult_pzq_vs_juvenile_pzq	adult_pzq	juvenile_pzq	Smp_344580	24326.3486034698	-1.13362015769629	0.0636854109277363	-17.8003115812915	7.02767944781327e-71	9.76847443246045e-69	Smp_344580	protein_coding
smansoni_prjna597909_primary	condition	condition__adult_pzq_vs_juvenile_pzq	adult_pzq	juvenile_pzq	Smp_343530	497.820068261697	-1.06213984068656	0.0597039148084547	-17.7901205321991	8.4298384039896e-71	1.1547656897755e-68	Smp_343530	protein_coding
smansoni_prjna597909_primary	condition	condition__adult_pzq_vs_juvenile_pzq	adult_pzq	juvenile_pzq	Smp_203580	1319.92494719391	-1.65048383823268	0.0941001053899318	-17.5396598270895	7.13532279838148e-69	9.4990240972256e-67	Smp_203580	protein_coding
smansoni_prjna597909_primary	condition	condition__adult_pzq_vs_juvenile_pzq	adult_pzq	juvenile_pzq	Smp_333270	2360.88352767036	-1.05435553803946	0.0601383980878176	-17.5321520287226	8.14283936555086e-69	1.06897385671093e-66	Smp_333270	protein_coding
smansoni_prjna597909_primary	condition	condition__adult_pzq_vs_juvenile_pzq	adult_pzq	juvenile_pzq	Smp_000270	1215.72216630423	9.01141720941395	0.516942081284799	17.4321602664212	4.70350641130071e-68	6.00777602697491e-66	Smp_000270	protein_coding
smansoni_prjna597909_primary	condition	condition__adult_pzq_vs_juvenile_pzq	adult_pzq	juvenile_pzq	Smp_123720	346.239778952149	2.012495872184	0.116316580421799	17.3018830581684	4.55261954112916e-67	5.73751465370038e-65	Smp_123720	protein_coding
smansoni_prjna597909_primary	condition	condition__adult_pzq_vs_juvenile_pzq	adult_pzq	juvenile_pzq	Smp_140140	699.601563796465	1.79644955396875	0.104007849959071	17.2722496876503	7.61164827932876e-67	9.46648678108098e-65	Smp_140140	protein_coding
smansoni_prjna597909_primary	condition	condition__adult_pzq_vs_juvenile_pzq	adult_pzq	juvenile_pzq	Smp_000340	267.193709938121	1.73269944457113	0.100538233216151	17.2342340733792	1.46987309433822e-66	1.80431694645258e-64	Smp_000340	protein_coding
smansoni_prjna597909_primary	condition	condition__adult_pzq_vs_juvenile_pzq	adult_pzq	juvenile_pzq	Smp_129830	803.409687980434	-1.43104290489684	0.0832237649444679	-17.19512336232	2.88842465653156e-66	3.50017818635081e-64	Smp_129830	protein_coding
smansoni_prjna597909_primary	condition	condition__adult_pzq_vs_juvenile_pzq	adult_pzq	juvenile_pzq	Smp_128190	278.132609333284	2.85658015293339	0.166557004887358	17.1507656184457	6.20298173104584e-66	7.42159282555003e-64	Smp_128190	protein_coding
smansoni_prjna597909_primary	condition	condition__adult_pzq_vs_juvenile_pzq	adult_pzq	juvenile_pzq	Smp_170840	141.841176221966	6.77730313066481	0.396476257744239	17.0938435739493	1.64935405830971e-65	1.92465364927695e-63	Smp_170840	protein_coding
smansoni_prjna597909_primary	condition	condition__adult_pzq_vs_juvenile_pzq	adult_pzq	juvenile_pzq	Smp_245770	464.163527428163	-1.09652991230752	0.0641848818014696	-17.0839282013356	1.95502448704966e-65	2.25352334775529e-63	Smp_245770	protein_coding
smansoni_prjna597909_primary	condition	condition__adult_pzq_vs_juvenile_pzq	adult_pzq	juvenile_pzq	Smp_195190	4064.99279576693	-1.12758941413838	0.0662486606674449	-17.0205616653694	5.78133894566094e-65	6.50538282314133e-63	Smp_195190	protein_coding
smansoni_prjna597909_primary	condition	condition__adult_pzq_vs_juvenile_pzq	adult_pzq	juvenile_pzq	Smp_013540	1031.20652644202	7.65940414641013	0.450580145800213	16.9989827954077	8.35572527120348e-65	9.29156650157827e-63	Smp_013540	protein_coding
smansoni_prjna597909_primary	condition	condition__adult_pzq_vs_juvenile_pzq	adult_pzq	juvenile_pzq	Smp_346610	4801.77110696264	-2.45087818651383	0.144504905805207	-16.9605189031964	1.60917079360186e-64	1.76859096989823e-62	Smp_346610	protein_coding
smansoni_prjna597909_primary	condition	condition__adult_pzq_vs_juvenile_pzq	adult_pzq	juvenile_pzq	Smp_341410	784.310327827318	-1.53687134201501	0.0906692211433248	-16.9503092960907	1.91444000437559e-64	2.07991803693771e-62	Smp_341410	protein_coding
smansoni_prjna597909_primary	condition	condition__adult_pzq_vs_juvenile_pzq	adult_pzq	juvenile_pzq	Smp_336900	329.400498202439	3.10594820877215	0.183299173471921	16.9446929298235	2.10631011708927e-64	2.2623685484918e-62	Smp_336900	protein_coding
smansoni_prjna597909_primary	condition	condition__adult_pzq_vs_juvenile_pzq	adult_pzq	juvenile_pzq	Smp_342050	1127.65927937163	-1.19053000114809	0.0705658194847589	-16.8711992554019	7.32931127948153e-64	7.77742111968964e-62	Smp_342050	protein_coding
smansoni_prjna597909_primary	condition	condition__adult_pzq_vs_juvenile_pzq	adult_pzq	juvenile_pzq	Smp_346370	316.484912504159	5.42698892678122	0.321683440734259	16.8705884095054	7.40550043135916e-64	7.77742111968964e-62	Smp_346370	protein_coding
smansoni_prjna597909_primary	condition	condition__adult_pzq_vs_juvenile_pzq	adult_pzq	juvenile_pzq	Smp_003230	3978.72578671727	-1.14686444965859	0.0683738081328169	-16.7734470402876	3.81708227646972e-63	3.9216371388252e-61	Smp_003230	protein_coding
smansoni_prjna597909_primary	condition	condition__adult_pzq_vs_juvenile_pzq	adult_pzq	juvenile_pzq	Smp_190140	897.11590015741	-1.25407812440045	0.0748098232433417	-16.7635488232766	4.50888872583313e-63	4.58258239102954e-61	Smp_190140	protein_coding
smansoni_prjna597909_primary	condition	condition__adult_pzq_vs_juvenile_pzq	adult_pzq	juvenile_pzq	Smp_180240	3892.88019742778	-1.15610466550692	0.0690960271396982	-16.7318543969179	7.68091531151604e-63	7.72340548132443e-61	Smp_180240	protein_coding
smansoni_prjna597909_primary	condition	condition__adult_pzq_vs_juvenile_pzq	adult_pzq	juvenile_pzq	Smp_245380	581.833291083752	-1.0310041267965	0.062252410115805	-16.5616740762097	1.31873222455087e-61	1.31206915646893e-59	Smp_245380	protein_coding
smansoni_prjna597909_primary	condition	condition__adult_pzq_vs_juvenile_pzq	adult_pzq	juvenile_pzq	Smp_197230	525.800840210999	-1.0520156097796	0.0639837321310894	-16.4419232004822	9.58289942246454e-61	9.14924902435705e-59	Smp_197230	protein_coding
smansoni_prjna597909_primary	condition	condition__adult_pzq_vs_juvenile_pzq	adult_pzq	juvenile_pzq	Smp_147420	1677.31958438516	1.51943040276114	0.0925782057015133	16.4123984824249	1.55922145643977e-60	1.45918427784839e-58	Smp_147420	protein_coding
smansoni_prjna597909_primary	condition	condition__adult_pzq_vs_juvenile_pzq	adult_pzq	juvenile_pzq	Smp_204120	358.903596520202	-1.68234738628324	0.102512557904177	-16.4111346031948	1.59202305677891e-60	1.47527469928179e-58	Smp_204120	protein_coding
smansoni_prjna597909_primary	condition	condition__adult_pzq_vs_juvenile_pzq	adult_pzq	juvenile_pzq	Smp_041540	1108.84486815554	1.95768980350853	0.119375641264728	16.3994076410208	1.93111812983548e-60	1.77212898671893e-58	Smp_041540	protein_coding
smansoni_prjna597909_primary	condition	condition__adult_pzq_vs_juvenile_pzq	adult_pzq	juvenile_pzq	Smp_161360	608.881596559022	-1.15697258679306	0.0713161702782395	-16.2231452176855	3.4601284735422e-59	3.08539003131329e-57	Smp_161360	protein_coding
smansoni_prjna597909_primary	condition	condition__adult_pzq_vs_juvenile_pzq	adult_pzq	juvenile_pzq	Smp_074080	2824.16476580939	-1.26994434933327	0.0783993064307097	-16.1984130619276	5.174524749865e-59	4.52866740145592e-57	Smp_074080	protein_coding
smansoni_prjna597909_primary	condition	condition__adult_pzq_vs_juvenile_pzq	adult_pzq	juvenile_pzq	Smp_350130	875.958819828579	-1.23915953265047	0.076635761540518	-16.16946850584	8.28096537037042e-59	7.18088850282029e-57	Smp_350130	protein_coding
smansoni_prjna597909_primary	condition	condition__adult_pzq_vs_juvenile_pzq	adult_pzq	juvenile_pzq	Smp_143300	462.244284506127	-1.72456224308541	0.107058245346532	-16.1086354208706	2.21866062218656e-58	1.90643456371886e-56	Smp_143300	protein_coding
smansoni_prjna597909_primary	condition	condition__adult_pzq_vs_juvenile_pzq	adult_pzq	juvenile_pzq	Smp_033250	2196.09006078451	6.63354789521585	0.412502640580892	16.0812252883385	3.45477728089807e-58	2.94185178910347e-56	Smp_033250	protein_coding
smansoni_prjna597909_primary	condition	condition__adult_pzq_vs_juvenile_pzq	adult_pzq	juvenile_pzq	Smp_314250	1061.32023748597	4.37994069378443	0.27259297623962	16.0676946053602	4.29775060854798e-58	3.62699453142817e-56	Smp_314250	protein_coding
smansoni_prjna597909_primary	condition	condition__adult_pzq_vs_juvenile_pzq	adult_pzq	juvenile_pzq	Smp_308930	691.833962361548	1.46663069547296	0.0916467212975588	16.0030896327551	1.21588341922705e-57	1.01703806004726e-55	Smp_308930	protein_coding
smansoni_prjna597909_primary	condition	condition__adult_pzq_vs_juvenile_pzq	adult_pzq	juvenile_pzq	Smp_087760	3814.62317020226	1.3877999922383	0.086778302377103	15.9924768544963	1.44182567099782e-57	1.19545054756766e-55	Smp_087760	protein_coding
smansoni_prjna597909_primary	condition	condition__adult_pzq_vs_juvenile_pzq	adult_pzq	juvenile_pzq	Smp_341380	163.456637242188	2.78934665381351	0.174593849428627	15.9762022713966	1.87209652626885e-57	1.53870055359071e-55	Smp_341380	protein_coding
smansoni_prjna597909_primary	condition	condition__adult_pzq_vs_juvenile_pzq	adult_pzq	juvenile_pzq	Smp_134660	524.354006778988	-1.05994256533005	0.0664254681384158	-15.9568700836457	2.55213047649184e-57	2.0795463158449e-55	Smp_134660	protein_coding
smansoni_prjna597909_primary	condition	condition__adult_pzq_vs_juvenile_pzq	adult_pzq	juvenile_pzq	Smp_078230	1000.78007201949	-1.11216215397743	0.0697294165505675	-15.9496839210018	2.8634245766727e-57	2.31325547852226e-55	Smp_078230	protein_coding
smansoni_prjna597909_primary	condition	condition__adult_pzq_vs_juvenile_pzq	adult_pzq	juvenile_pzq	Smp_130370	345.990622471202	3.42049528046562	0.215115944596254	15.9007054864551	6.2655173569355e-57	5.01878559811478e-55	Smp_130370	protein_coding
smansoni_prjna597909_primary	condition	condition__adult_pzq_vs_juvenile_pzq	adult_pzq	juvenile_pzq	Smp_123100	357.639664830379	-1.70663995053358	0.107364795666977	-15.8957127420725	6.78523186135969e-57	5.38941273559427e-55	Smp_123100	protein_coding
smansoni_prjna597909_primary	condition	condition__adult_pzq_vs_juvenile_pzq	adult_pzq	juvenile_pzq	Smp_334420	928.758218425372	1.27992594387794	0.0809088606763393	15.8193544338492	2.28826875709496e-56	1.78749721421996e-54	Smp_334420	protein_coding
smansoni_prjna597909_primary	condition	condition__adult_pzq_vs_juvenile_pzq	adult_pzq	juvenile_pzq	Smp_163810	1080.40201649359	-1.26163676892044	0.0797576401879134	-15.8183813606816	2.3239062020933e-56	1.80045585427753e-54	Smp_163810	protein_coding
smansoni_prjna597909_primary	condition	condition__adult_pzq_vs_juvenile_pzq	adult_pzq	juvenile_pzq	Smp_057090	432.842753787639	-1.20407648075342	0.0761480035971999	-15.812318430863	2.55874572080903e-56	1.96628167098268e-54	Smp_057090	protein_coding
smansoni_prjna597909_primary	condition	condition__adult_pzq_vs_juvenile_pzq	adult_pzq	juvenile_pzq	Smp_241440	211.195204951746	5.80646646953732	0.36729260306932	15.8088304011977	2.70441012772415e-56	2.06145842961683e-54	Smp_241440	protein_coding
smansoni_prjna597909_primary	condition	condition__adult_pzq_vs_juvenile_pzq	adult_pzq	juvenile_pzq	Smp_016250	770.386365372788	-1.03073239929791	0.0652551953151114	-15.7954074663419	3.34624024949603e-56	2.53029302705892e-54	Smp_016250	protein_coding
smansoni_prjna597909_primary	condition	condition__adult_pzq_vs_juvenile_pzq	adult_pzq	juvenile_pzq	Smp_141500	2535.70062457119	-1.25315437169363	0.0793852813999806	-15.7857268953882	3.90129030843549e-56	2.92658698375653e-54	Smp_141500	protein_coding
smansoni_prjna597909_primary	condition	condition__adult_pzq_vs_juvenile_pzq	adult_pzq	juvenile_pzq	Smp_302830	551.614703304031	8.78109237043726	0.556319619317928	15.7842579436678	3.9931766463711e-56	2.97192957964564e-54	Smp_302830	protein_coding
smansoni_prjna597909_primary	condition	condition__adult_pzq_vs_juvenile_pzq	adult_pzq	juvenile_pzq	Smp_327770	946.789681041177	8.79796454157522	0.557596417528088	15.7783735063758	4.38338460390329e-56	3.23685556844483e-54	Smp_327770	protein_coding
smansoni_prjna597909_primary	condition	condition__adult_pzq_vs_juvenile_pzq	adult_pzq	juvenile_pzq	Smp_200410	842.578495746767	1.32886918827429	0.0848156556025294	15.6677346750906	2.51380451023741e-55	1.82772924852031e-53	Smp_200410	protein_coding
smansoni_prjna597909_primary	condition	condition__adult_pzq_vs_juvenile_pzq	adult_pzq	juvenile_pzq	Smp_163660	365.633793162953	-1.35798133979048	0.0867418456147124	-15.6554351612753	3.05019730968703e-55	2.1986153580237e-53	Smp_163660	protein_coding
smansoni_prjna597909_primary	condition	condition__adult_pzq_vs_juvenile_pzq	adult_pzq	juvenile_pzq	Smp_170340	9630.2352559965	-1.12596426041835	0.0722100922555896	-15.5928932542139	8.13635315416152e-55	5.73916492635334e-53	Smp_170340	protein_coding
smansoni_prjna597909_primary	condition	condition__adult_pzq_vs_juvenile_pzq	adult_pzq	juvenile_pzq	Smp_167660	783.7092951821	1.61452049836325	0.103619584208406	15.5812292695175	9.76584977632951e-55	6.83754163599011e-53	Smp_167660	protein_coding
smansoni_prjna597909_primary	condition	condition__adult_pzq_vs_juvenile_pzq	adult_pzq	juvenile_pzq	Smp_195070	127.813781559202	4.43447985447421	0.28498618153337	15.5603328926844	1.35392878278184e-54	9.40980504033378e-53	Smp_195070	protein_coding
smansoni_prjna597909_primary	condition	condition__adult_pzq_vs_juvenile_pzq	adult_pzq	juvenile_pzq	Smp_060030	270.257542674758	-1.86965929397957	0.12028056026631	-15.5441518549632	1.74315030561292e-54	1.20264647362433e-52	Smp_060030	protein_coding
smansoni_prjna597909_primary	condition	condition__adult_pzq_vs_juvenile_pzq	adult_pzq	juvenile_pzq	Smp_010370	2950.72093164879	1.88044828768247	0.121190072899354	15.5165208064867	2.68204129794343e-54	1.83700393827256e-52	Smp_010370	protein_coding
smansoni_prjna597909_primary	condition	condition__adult_pzq_vs_juvenile_pzq	adult_pzq	juvenile_pzq	Smp_138210	657.387847726417	2.50341536690013	0.162583872104911	15.3976857266922	1.6963251466792e-53	1.12913135819801e-51	Smp_138210	protein_coding
smansoni_prjna597909_primary	condition	condition__adult_pzq_vs_juvenile_pzq	adult_pzq	juvenile_pzq	Smp_344050	257.534686831602	1.42204588386468	0.0926683499126501	15.3455401461784	3.79388333562074e-53	2.50767729288722e-51	Smp_344050	protein_coding
smansoni_prjna597909_primary	condition	condition__adult_pzq_vs_juvenile_pzq	adult_pzq	juvenile_pzq	Smp_326610	1610.09004748912	6.51218324767676	0.426084409795618	15.283786728551	9.80724664497823e-53	6.22134867706941e-51	Smp_326610	protein_coding
smansoni_prjna597909_primary	condition	condition__adult_pzq_vs_juvenile_pzq	adult_pzq	juvenile_pzq	Smp_174350	515.761779139099	-1.29194242637116	0.0847172037391838	-15.2500598384788	1.64482320289272e-52	1.0364579275828e-50	Smp_174350	protein_coding
smansoni_prjna597909_primary	condition	condition__adult_pzq_vs_juvenile_pzq	adult_pzq	juvenile_pzq	Smp_012380	563.535330829129	-1.63547937669421	0.107291414626476	-15.2433387367289	1.82311145140535e-52	1.14119532706513e-50	Smp_012380	protein_coding
smansoni_prjna597909_primary	condition	condition__adult_pzq_vs_juvenile_pzq	adult_pzq	juvenile_pzq	Smp_007550	4558.17975231846	-1.08039771940706	0.071516842577847	-15.106899024954	1.45843364241836e-51	9.00987894649567e-50	Smp_007550	protein_coding
smansoni_prjna597909_primary	condition	condition__adult_pzq_vs_juvenile_pzq	adult_pzq	juvenile_pzq	Smp_093980	166.293872031736	-3.98251143465345	0.263646885159669	-15.1054750077611	1.49028584028391e-51	9.14687127426205e-50	Smp_093980	protein_coding
smansoni_prjna597909_primary	condition	condition__adult_pzq_vs_juvenile_pzq	adult_pzq	juvenile_pzq	Smp_900060	10134.2704444822	3.27959947998462	0.217239966489829	15.0966672154139	1.70327571595648e-51	1.03866852046585e-49	Smp_900060	protein_coding
smansoni_prjna597909_primary	condition	condition__adult_pzq_vs_juvenile_pzq	adult_pzq	juvenile_pzq	Smp_203090	658.625908410453	2.80673727462944	0.186083874188064	15.0831837894392	2.08945452545542e-51	1.25793147608946e-49	Smp_203090	protein_coding
smansoni_prjna597909_primary	condition	condition__adult_pzq_vs_juvenile_pzq	adult_pzq	juvenile_pzq	Smp_316160	5850.5176514526	28.7607546322745	1.90736952026852	15.078753396576	2.23448080788159e-51	1.33672864532258e-49	Smp_316160	protein_coding
smansoni_prjna597909_primary	condition	condition__adult_pzq_vs_juvenile_pzq	adult_pzq	juvenile_pzq	Smp_243790	1569.49353785463	-2.07006150182073	0.137359872526227	-15.0703510694179	2.53761028062376e-51	1.50852153285885e-49	Smp_243790	protein_coding
smansoni_prjna597909_primary	condition	condition__adult_pzq_vs_juvenile_pzq	adult_pzq	juvenile_pzq	Smp_131160	252.77714414163	1.56899021904279	0.104341726943126	15.0370351824636	4.19940968983265e-51	2.48080127426864e-49	Smp_131160	protein_coding
smansoni_prjna597909_primary	condition	condition__adult_pzq_vs_juvenile_pzq	adult_pzq	juvenile_pzq	Smp_350210	103.169655478489	6.14066181474678	0.40920575572348	15.0062938481646	6.67760035086669e-51	3.92029059108025e-49	Smp_350210	protein_coding
smansoni_prjna597909_primary	condition	condition__adult_pzq_vs_juvenile_pzq	adult_pzq	juvenile_pzq	Smp_135020	653.267308309501	1.36163316531958	0.0909054891656954	14.9785582566714	1.01392736798358e-50	5.91582807542026e-49	Smp_135020	protein_coding
smansoni_prjna597909_primary	condition	condition__adult_pzq_vs_juvenile_pzq	adult_pzq	juvenile_pzq	Smp_124070	389.359051495862	1.81884162338343	0.121553106875428	14.9633495197078	1.27446640725418e-50	7.39034139961137e-49	Smp_124070	protein_coding
smansoni_prjna597909_primary	condition	condition__adult_pzq_vs_juvenile_pzq	adult_pzq	juvenile_pzq	Smp_101970	4273.6788883002	-1.13998902487769	0.0762473546696451	-14.951194435753	1.52980462268944e-50	8.81689834979303e-49	Smp_101970	protein_coding
smansoni_prjna597909_primary	condition	condition__adult_pzq_vs_juvenile_pzq	adult_pzq	juvenile_pzq	Smp_302270	834.182016832065	14.0751445240197	0.94146390768119	14.9502752141466	1.55106844576192e-50	8.88527209051012e-49	Smp_302270	protein_coding
smansoni_prjna597909_primary	condition	condition__adult_pzq_vs_juvenile_pzq	adult_pzq	juvenile_pzq	Smp_030870	536.731645232764	-1.03816566157342	0.0697814189062877	-14.8773939803031	4.62153325949355e-50	2.61573247716964e-48	Smp_030870	protein_coding
smansoni_prjna597909_primary	condition	condition__adult_pzq_vs_juvenile_pzq	adult_pzq	juvenile_pzq	Smp_180810	8225.6371215436	-1.0411412835648	0.0702464118744106	-14.821273511111	1.06741390466399e-49	6.00547394457383e-48	Smp_180810	protein_coding
smansoni_prjna597909_primary	condition	condition__adult_pzq_vs_juvenile_pzq	adult_pzq	juvenile_pzq	Smp_063680	224.148732389702	-1.69796470327536	0.114591511820768	-14.8175434314118	1.12836067218489e-49	6.31080773579386e-48	Smp_063680	protein_coding
smansoni_prjna597909_primary	condition	condition__adult_pzq_vs_juvenile_pzq	adult_pzq	juvenile_pzq	Smp_038530	1677.68659464824	1.18946635944142	0.0804463605810482	14.7858318368928	1.80809583994583e-49	9.99422332115086e-48	Smp_038530	protein_coding
smansoni_prjna597909_primary	condition	condition__adult_pzq_vs_juvenile_pzq	adult_pzq	juvenile_pzq	Smp_145400	381.784632573842	1.69982095602209	0.115343575188938	14.7370233083005	3.72860678594251e-49	2.04899949655399e-47	Smp_145400	protein_coding
smansoni_prjna597909_primary	condition	condition__adult_pzq_vs_juvenile_pzq	adult_pzq	juvenile_pzq	Smp_135010	1390.28222950939	-1.0471971995153	0.0712485862979215	-14.6977961799341	6.65918873221531e-49	3.63830357785544e-47	Smp_135010	protein_coding
smansoni_prjna597909_primary	condition	condition__adult_pzq_vs_juvenile_pzq	adult_pzq	juvenile_pzq	Smp_308820	4845.92011491431	-1.00895567204397	0.0688111075251928	-14.6626861320983	1.11762567102959e-48	6.03645591004098e-47	Smp_308820	protein_coding
smansoni_prjna597909_primary	condition	condition__adult_pzq_vs_juvenile_pzq	adult_pzq	juvenile_pzq	Smp_332250	71.0265901039222	3.49729340500265	0.239196752007534	14.6209903589849	2.06376299430339e-48	1.10833453534975e-46	Smp_332250	protein_coding
smansoni_prjna597909_primary	condition	condition__adult_pzq_vs_juvenile_pzq	adult_pzq	juvenile_pzq	Smp_302910	95.4828821129595	2.45377877143826	0.167914907597926	14.613227655247	2.31295403463009e-48	1.2351435895663e-46	Smp_302910	protein_coding
smansoni_prjna597909_primary	condition	condition__adult_pzq_vs_juvenile_pzq	adult_pzq	juvenile_pzq	Smp_337650	163.760935497599	-1.57618117868457	0.107888587336237	-14.6093411509076	2.44874558807966e-48	1.30031142126567e-46	Smp_337650	protein_coding
smansoni_prjna597909_primary	condition	condition__adult_pzq_vs_juvenile_pzq	adult_pzq	juvenile_pzq	Smp_347270	1439.49801983679	1.39583257235884	0.0957706047365616	14.574749488096	4.0661142900499e-48	2.14709007092468e-46	Smp_347270	protein_coding
smansoni_prjna597909_primary	condition	condition__adult_pzq_vs_juvenile_pzq	adult_pzq	juvenile_pzq	Smp_324380	166.795847508366	4.11938158944828	0.283008556320817	14.5556786091604	5.37498906237629e-48	2.8068727413028e-46	Smp_324380	protein_coding
smansoni_prjna597909_primary	condition	condition__adult_pzq_vs_juvenile_pzq	adult_pzq	juvenile_pzq	Smp_335140	56.7820252457492	4.54930524017938	0.313467054182075	14.512865640856	1.00435463956091e-47	5.21602200721413e-46	Smp_335140	protein_coding
smansoni_prjna597909_primary	condition	condition__adult_pzq_vs_juvenile_pzq	adult_pzq	juvenile_pzq	Smp_201330	191.010560069845	3.13002302730812	0.216460033344509	14.4600505642836	2.16638626025077e-47	1.10684772604812e-45	Smp_201330	protein_coding
smansoni_prjna597909_primary	condition	condition__adult_pzq_vs_juvenile_pzq	adult_pzq	juvenile_pzq	Smp_140200	716.037791066061	1.04216755009942	0.0721008143232345	14.4543103969296	2.35476381499716e-47	1.1966251386749e-45	Smp_140200	protein_coding
smansoni_prjna597909_primary	condition	condition__adult_pzq_vs_juvenile_pzq	adult_pzq	juvenile_pzq	Smp_084890	2008.53735224119	1.1705373252903	0.0810180591839657	14.447856898576	2.58607911528501e-47	1.30714544372588e-45	Smp_084890	protein_coding
smansoni_prjna597909_primary	condition	condition__adult_pzq_vs_juvenile_pzq	adult_pzq	juvenile_pzq	Smp_056460	439.928225196061	1.43092990645773	0.0992100831183201	14.4232305979542	3.69627985533592e-47	1.84853106839339e-45	Smp_056460	protein_coding
smansoni_prjna597909_primary	condition	condition__adult_pzq_vs_juvenile_pzq	adult_pzq	juvenile_pzq	Smp_020550	7843.67556724865	-1.20320436155204	0.0834779115251626	-14.4134458992707	4.2591866562612e-47	2.10773990968486e-45	Smp_020550	protein_coding
smansoni_prjna597909_primary	condition	condition__adult_pzq_vs_juvenile_pzq	adult_pzq	juvenile_pzq	Smp_151310	322.287030609702	-1.45588229109618	0.101105186674034	-14.3996795712369	5.19839669703785e-47	2.55912737397926e-45	Smp_151310	protein_coding
smansoni_prjna597909_primary	condition	condition__adult_pzq_vs_juvenile_pzq	adult_pzq	juvenile_pzq	Smp_181470	2019.83227855918	1.21917008016094	0.0847855384626617	14.3794578918413	6.96378772919919e-47	3.39287224826756e-45	Smp_181470	protein_coding
smansoni_prjna597909_primary	condition	condition__adult_pzq_vs_juvenile_pzq	adult_pzq	juvenile_pzq	Smp_340840	1472.90611218883	5.25439938353272	0.366636518520161	14.331358492986	1.39367453614145e-46	6.72092434469846e-45	Smp_340840	protein_coding
smansoni_prjna597909_primary	condition	condition__adult_pzq_vs_juvenile_pzq	adult_pzq	juvenile_pzq	Smp_121940	1374.834391975	1.14085647281119	0.0801855090564213	14.2277137881415	6.16649687899154e-46	2.89978748757353e-44	Smp_121940	protein_coding
smansoni_prjna597909_primary	condition	condition__adult_pzq_vs_juvenile_pzq	adult_pzq	juvenile_pzq	Smp_130500	81.5857338342363	2.48584690211502	0.174753009240038	14.2249161426485	6.41812392651559e-46	3.00317363135769e-44	Smp_130500	protein_coding
smansoni_prjna597909_primary	condition	condition__adult_pzq_vs_juvenile_pzq	adult_pzq	juvenile_pzq	Smp_335050	1419.27166905301	5.39156210546547	0.379192005937949	14.2185542443839	7.02901162853135e-46	3.26202484241835e-44	Smp_335050	protein_coding
smansoni_prjna597909_primary	condition	condition__adult_pzq_vs_juvenile_pzq	adult_pzq	juvenile_pzq	Smp_340940	370.241282069084	1.12726378978197	0.079358494062237	14.2047023838168	8.56658234558736e-46	3.9367799179671e-44	Smp_340940	protein_coding
smansoni_prjna597909_primary	condition	condition__adult_pzq_vs_juvenile_pzq	adult_pzq	juvenile_pzq	Smp_303290	112.822064692094	4.81007687855186	0.339784249396309	14.1562679467864	1.70828509656836e-45	7.72569891519815e-44	Smp_303290	protein_coding
smansoni_prjna597909_primary	condition	condition__adult_pzq_vs_juvenile_pzq	adult_pzq	juvenile_pzq	Smp_313310	109.617303102788	2.49946119211661	0.176644722817458	14.1496510750537	1.87686210167492e-45	8.40763060901958e-44	Smp_313310	protein_coding
smansoni_prjna597909_primary	condition	condition__adult_pzq_vs_juvenile_pzq	adult_pzq	juvenile_pzq	Smp_169870	1061.42330476552	1.59463621555263	0.113300317142339	14.0744196995431	5.45508335542735e-45	2.42072525237086e-43	Smp_169870	protein_coding
smansoni_prjna597909_primary	condition	condition__adult_pzq_vs_juvenile_pzq	adult_pzq	juvenile_pzq	Smp_245220	502.170619053193	-1.45704844172416	0.103742724627904	-14.0448252824493	8.2872515622982e-45	3.64330705892291e-43	Smp_245220	protein_coding
smansoni_prjna597909_primary	condition	condition__adult_pzq_vs_juvenile_pzq	adult_pzq	juvenile_pzq	Smp_336370	1400.45645544188	-1.2587515557875	0.0899706332864759	-13.9906935164	1.77670882293941e-44	7.77474620112189e-43	Smp_336370	protein_coding
smansoni_prjna597909_primary	condition	condition__adult_pzq_vs_juvenile_pzq	adult_pzq	juvenile_pzq	Smp_079640	261.693523086241	-1.64723079440473	0.117774665193501	-13.9862914634345	1.89014267498901e-44	8.2330085548369e-43	Smp_079640	protein_coding
smansoni_prjna597909_primary	condition	condition__adult_pzq_vs_juvenile_pzq	adult_pzq	juvenile_pzq	Smp_155210	303.007736174466	1.95253857387168	0.139687471395405	13.9779076417294	2.126482855775e-44	9.1778611656554e-43	Smp_155210	protein_coding
smansoni_prjna597909_primary	condition	condition__adult_pzq_vs_juvenile_pzq	adult_pzq	juvenile_pzq	Smp_124240	4754.61057262806	-1.09387352510561	0.0783377937691259	-13.9635477650728	2.60154339545144e-44	1.11771764426396e-42	Smp_124240	protein_coding
smansoni_prjna597909_primary	condition	condition__adult_pzq_vs_juvenile_pzq	adult_pzq	juvenile_pzq	Smp_154830	205.876956332579	2.03654135901496	0.146119878859223	13.9374695278596	3.75001620566569e-44	1.59662852143928e-42	Smp_154830	protein_coding
smansoni_prjna597909_primary	condition	condition__adult_pzq_vs_juvenile_pzq	adult_pzq	juvenile_pzq	Smp_211020	1893.5604679556	-1.64561285696026	0.118129430526039	-13.9305916369209	4.12920770510852e-44	1.75019153491864e-42	Smp_211020	protein_coding
smansoni_prjna597909_primary	condition	condition__adult_pzq_vs_juvenile_pzq	adult_pzq	juvenile_pzq	Smp_307900	788.380605286796	5.43840368487572	0.391918634370278	13.8763590397123	8.81071356152976e-44	3.65258177998155e-42	Smp_307900	protein_coding
smansoni_prjna597909_primary	condition	condition__adult_pzq_vs_juvenile_pzq	adult_pzq	juvenile_pzq	Smp_153140	469.378116449853	-1.1865344844871	0.0857406968916231	-13.8386382138564	1.49002670802488e-43	6.09685387197022e-42	Smp_153140	protein_coding
smansoni_prjna597909_primary	condition	condition__adult_pzq_vs_juvenile_pzq	adult_pzq	juvenile_pzq	Smp_195090	656.336613984311	1.9492077361532	0.141328598412362	13.7920262285903	2.8465097045491e-43	1.14005125963551e-41	Smp_195090	protein_coding
smansoni_prjna597909_primary	condition	condition__adult_pzq_vs_juvenile_pzq	adult_pzq	juvenile_pzq	Smp_132660	55.5557124292852	3.03575007159034	0.220313719439824	13.7792148365028	3.39949321549595e-43	1.35578100729399e-41	Smp_132660	protein_coding
smansoni_prjna597909_primary	condition	condition__adult_pzq_vs_juvenile_pzq	adult_pzq	juvenile_pzq	Smp_043650	735.474585333884	2.47235718920163	0.180080306299873	13.7291924919576	6.78859019630568e-43	2.68475960399503e-41	Smp_043650	protein_coding
smansoni_prjna597909_primary	condition	condition__adult_pzq_vs_juvenile_pzq	adult_pzq	juvenile_pzq	Smp_141450	119.495782643536	6.49892362743416	0.473457155335216	13.7265295374675	7.04270222566685e-43	2.77365089320846e-41	Smp_141450	protein_coding
smansoni_prjna597909_primary	condition	condition__adult_pzq_vs_juvenile_pzq	adult_pzq	juvenile_pzq	Smp_335930	219.5275365503	-1.24195008011959	0.090492664384293	-13.7243177507232	7.26093874093127e-43	2.83596665203646e-41	Smp_335930	protein_coding
smansoni_prjna597909_primary	condition	condition__adult_pzq_vs_juvenile_pzq	adult_pzq	juvenile_pzq	Smp_326530	279.069787829676	8.26260304359572	0.603524174545816	13.690591681458	1.1556436927616e-42	4.45842619754392e-41	Smp_326530	protein_coding
smansoni_prjna597909_primary	condition	condition__adult_pzq_vs_juvenile_pzq	adult_pzq	juvenile_pzq	Smp_138010	125.242709146809	2.61958464202917	0.191723132304743	13.6633728571957	1.68017552061393e-42	6.45569878896052e-41	Smp_138010	protein_coding
smansoni_prjna597909_primary	condition	condition__adult_pzq_vs_juvenile_pzq	adult_pzq	juvenile_pzq	Smp_027340	1017.72525619559	1.28269548399345	0.0939120537227883	13.6584754900552	1.79706643548587e-42	6.87687123409411e-41	Smp_027340	protein_coding
smansoni_prjna597909_primary	condition	condition__adult_pzq_vs_juvenile_pzq	adult_pzq	juvenile_pzq	Smp_328530	368.307824014119	1.43049027142366	0.104912202337227	13.6351181231096	2.47589631161195e-42	9.43635965215972e-41	Smp_328530	protein_coding
smansoni_prjna597909_primary	condition	condition__adult_pzq_vs_juvenile_pzq	adult_pzq	juvenile_pzq	Smp_146760	124.032684021106	2.21266655903459	0.163137326696555	13.5632145250871	6.61713923916588e-42	2.49184064097992e-40	Smp_146760	protein_coding
smansoni_prjna597909_primary	condition	condition__adult_pzq_vs_juvenile_pzq	adult_pzq	juvenile_pzq	Smp_316380	962.767564873988	1.18381305301411	0.0873437707603335	13.5534914820935	7.55493592321723e-42	2.83370056929561e-40	Smp_316380	protein_coding
smansoni_prjna597909_primary	condition	condition__adult_pzq_vs_juvenile_pzq	adult_pzq	juvenile_pzq	Smp_316150	1039.65396345284	26.0944896012796	1.9349805726818	13.4856597372002	1.89958658797737e-41	7.06885528722916e-40	Smp_316150	protein_coding
smansoni_prjna597909_primary	condition	condition__adult_pzq_vs_juvenile_pzq	adult_pzq	juvenile_pzq	Smp_123830	22764.2134385294	-1.53379043113469	0.113768817435681	-13.4816416809625	2.00593271540068e-41	7.40627969764344e-40	Smp_123830	protein_coding
smansoni_prjna597909_primary	condition	condition__adult_pzq_vs_juvenile_pzq	adult_pzq	juvenile_pzq	Smp_348320	1124.44852702691	3.21454276712627	0.238685126387661	13.4677129479168	2.42254088674476e-41	8.87513816337653e-40	Smp_348320	protein_coding
smansoni_prjna597909_primary	condition	condition__adult_pzq_vs_juvenile_pzq	adult_pzq	juvenile_pzq	Smp_090980	364.803986614606	-1.04729663151863	0.0777844816445947	-13.4640819013726	2.54461406769136e-41	9.28636763236243e-40	Smp_090980	protein_coding
smansoni_prjna597909_primary	condition	condition__adult_pzq_vs_juvenile_pzq	adult_pzq	juvenile_pzq	Smp_169760	177.497371902825	-1.36464658922216	0.101538628196212	-13.4396791985915	3.53967811311427e-41	1.28187883238146e-39	Smp_169760	protein_coding
smansoni_prjna597909_primary	condition	condition__adult_pzq_vs_juvenile_pzq	adult_pzq	juvenile_pzq	Smp_145490	64.380097116529	4.85369433851627	0.362079027981492	13.4050689584937	5.64707703337671e-41	2.02951224788884e-39	Smp_145490	protein_coding
smansoni_prjna597909_primary	condition	condition__adult_pzq_vs_juvenile_pzq	adult_pzq	juvenile_pzq	Smp_333330	244.436292756672	-1.42257057570447	0.106228383139586	-13.3916240995138	6.76843262724899e-41	2.42330398457415e-39	Smp_333330	protein_coding
smansoni_prjna597909_primary	condition	condition__adult_pzq_vs_juvenile_pzq	adult_pzq	juvenile_pzq	Smp_099770	1518.02512296881	1.56311738685286	0.116966126415774	13.3638467371016	9.83474529968076e-41	3.46858255867845e-39	Smp_099770	protein_coding
smansoni_prjna597909_primary	condition	condition__adult_pzq_vs_juvenile_pzq	adult_pzq	juvenile_pzq	Smp_204720	192.842478995764	1.46850311050756	0.110009649573483	13.3488572702584	1.20279869358429e-40	4.22633949879506e-39	Smp_204720	protein_coding
smansoni_prjna597909_primary	condition	condition__adult_pzq_vs_juvenile_pzq	adult_pzq	juvenile_pzq	Smp_346630	430.216773366368	-1.36719863835444	0.102765763459676	-13.3040284266551	2.19325590464676e-40	7.64968812203732e-39	Smp_346630	protein_coding
smansoni_prjna597909_primary	condition	condition__adult_pzq_vs_juvenile_pzq	adult_pzq	juvenile_pzq	Smp_125130	516.249694318372	-1.01879586391429	0.0769558271887702	-13.2387098044598	5.24419690388808e-40	1.8090565377938e-38	Smp_125130	protein_coding
smansoni_prjna597909_primary	condition	condition__adult_pzq_vs_juvenile_pzq	adult_pzq	juvenile_pzq	Smp_096480	360.033308217643	-1.48801076228478	0.112451933035501	-13.2324160387266	5.70243847007743e-40	1.95287856591203e-38	Smp_096480	protein_coding
smansoni_prjna597909_primary	condition	condition__adult_pzq_vs_juvenile_pzq	adult_pzq	juvenile_pzq	Smp_241990	287.715910059705	-1.14348780732948	0.0864643460712591	-13.224963343701	6.29679256191063e-40	2.14863838610756e-38	Smp_241990	protein_coding
smansoni_prjna597909_primary	condition	condition__adult_pzq_vs_juvenile_pzq	adult_pzq	juvenile_pzq	Smp_124710	128.712048309361	2.30662056977344	0.174570967277521	13.2130823684246	7.37417509647532e-40	2.48045206447989e-38	Smp_124710	protein_coding
smansoni_prjna597909_primary	condition	condition__adult_pzq_vs_juvenile_pzq	adult_pzq	juvenile_pzq	Smp_070600	2594.44804345858	1.1371134506167	0.0860763227636398	13.2105254279872	7.62900338102757e-40	2.55706879281818e-38	Smp_070600	protein_coding
smansoni_prjna597909_primary	condition	condition__adult_pzq_vs_juvenile_pzq	adult_pzq	juvenile_pzq	Smp_191910	34325.8942237244	8.65227246226089	0.656041732319138	13.1886007185468	1.02062091941246e-39	3.38488032641636e-38	Smp_191910	protein_coding
smansoni_prjna597909_primary	condition	condition__adult_pzq_vs_juvenile_pzq	adult_pzq	juvenile_pzq	Smp_175310	457.386573381318	1.48134397574953	0.112365568688861	13.1832552714734	1.09559404456534e-39	3.62082339483622e-38	Smp_175310	protein_coding
smansoni_prjna597909_primary	condition	condition__adult_pzq_vs_juvenile_pzq	adult_pzq	juvenile_pzq	Smp_128920	1454.18293950513	-1.63847839127615	0.125589692065404	-13.0462808239299	6.67261040973608e-39	2.14522155077638e-37	Smp_128920	protein_coding
smansoni_prjna597909_primary	condition	condition__adult_pzq_vs_juvenile_pzq	adult_pzq	juvenile_pzq	Smp_186780	85.8989164852868	2.52482179029295	0.193972362910153	13.0163996170033	9.87168053984734e-39	3.14165402231101e-37	Smp_186780	protein_coding
smansoni_prjna597909_primary	condition	condition__adult_pzq_vs_juvenile_pzq	adult_pzq	juvenile_pzq	Smp_302980	4958.22263930052	5.54133565469302	0.425840337262473	13.0127072750216	1.03605439675878e-38	3.28616985173289e-37	Smp_302980	protein_coding
smansoni_prjna597909_primary	condition	condition__adult_pzq_vs_juvenile_pzq	adult_pzq	juvenile_pzq	Smp_077890	4361.30689488554	8.48809161474592	0.652867488165464	13.0012472187843	1.20364119185605e-38	3.80495536636233e-37	Smp_077890	protein_coding
smansoni_prjna597909_primary	condition	condition__adult_pzq_vs_juvenile_pzq	adult_pzq	juvenile_pzq	Smp_135980	613.368801840239	1.07262933305388	0.0827147375971654	12.9678140100953	1.86267008019173e-38	5.84915534816354e-37	Smp_135980	protein_coding
smansoni_prjna597909_primary	condition	condition__adult_pzq_vs_juvenile_pzq	adult_pzq	juvenile_pzq	Smp_244860	111.629804652043	2.84286930238878	0.221439763218136	12.8381157072875	1.00285723208371e-37	3.09771456132524e-36	Smp_244860	protein_coding
smansoni_prjna597909_primary	condition	condition__adult_pzq_vs_juvenile_pzq	adult_pzq	juvenile_pzq	Smp_049610	405.12373114186	-1.01760472628517	0.0792967377127906	-12.8328699973874	1.07313932408686e-37	3.30401071376842e-36	Smp_049610	protein_coding
smansoni_prjna597909_primary	condition	condition__adult_pzq_vs_juvenile_pzq	adult_pzq	juvenile_pzq	Smp_330650	476.985352652248	-1.13870293044758	0.0888346523888699	-12.8182291462453	1.29627313148171e-37	3.97804338920946e-36	Smp_330650	protein_coding
smansoni_prjna597909_primary	condition	condition__adult_pzq_vs_juvenile_pzq	adult_pzq	juvenile_pzq	Smp_317690	348.956907823442	3.33841812292838	0.26190663519267	12.7465962077383	3.256563687923e-37	9.83419807611764e-36	Smp_317690	protein_coding
smansoni_prjna597909_primary	condition	condition__adult_pzq_vs_juvenile_pzq	adult_pzq	juvenile_pzq	Smp_159160	338.217037620347	-1.13089802385028	0.0889053702293635	-12.7202442432074	4.56431264689098e-37	1.36524946640549e-35	Smp_159160	protein_coding
smansoni_prjna597909_primary	condition	condition__adult_pzq_vs_juvenile_pzq	adult_pzq	juvenile_pzq	Smp_348260	658.850475274608	1.03926699871462	0.082099258621683	12.6586648425609	1.00188795026605e-36	2.95932653309835e-35	Smp_348260	protein_coding
smansoni_prjna597909_primary	condition	condition__adult_pzq_vs_juvenile_pzq	adult_pzq	juvenile_pzq	Smp_093710	200.065371695675	1.43164042634989	0.113320481556864	12.6335540290789	1.37905961913544e-36	4.0480967453628e-35	Smp_093710	protein_coding
smansoni_prjna597909_primary	condition	condition__adult_pzq_vs_juvenile_pzq	adult_pzq	juvenile_pzq	Smp_011870	149.888650423425	2.76891473407705	0.21926668624549	12.6280685018288	1.47863225266114e-36	4.31359013955342e-35	Smp_011870	protein_coding
smansoni_prjna597909_primary	condition	condition__adult_pzq_vs_juvenile_pzq	adult_pzq	juvenile_pzq	Smp_308140	237.806878371523	1.58333915182613	0.125385886301228	12.6277302695959	1.48500052849205e-36	4.31883846009442e-35	Smp_308140	protein_coding
smansoni_prjna597909_primary	condition	condition__adult_pzq_vs_juvenile_pzq	adult_pzq	juvenile_pzq	Smp_000280	4505.21968886678	6.66730100599642	0.528010944327307	12.6272022912151	1.49499589426236e-36	4.33457091796558e-35	Smp_000280	protein_coding
smansoni_prjna597909_primary	condition	condition__adult_pzq_vs_juvenile_pzq	adult_pzq	juvenile_pzq	Smp_132480	725.072912397685	-1.80947747768023	0.143334257961225	-12.6241800349622	1.55351172129845e-36	4.49045651061557e-35	Smp_132480	protein_coding
smansoni_prjna597909_primary	condition	condition__adult_pzq_vs_juvenile_pzq	adult_pzq	juvenile_pzq	Smp_047680	442.127423243643	2.17410009382945	0.172591547942994	12.5967935263408	2.19903897091296e-36	6.33153040808259e-35	Smp_047680	protein_coding
smansoni_prjna597909_primary	condition	condition__adult_pzq_vs_juvenile_pzq	adult_pzq	juvenile_pzq	Smp_129960	395.722042238834	1.3072110497119	0.103805134729237	12.5929324509967	2.30931965473749e-36	6.61445132623599e-35	Smp_129960	protein_coding
smansoni_prjna597909_primary	condition	condition__adult_pzq_vs_juvenile_pzq	adult_pzq	juvenile_pzq	Smp_146810	48.3456688344442	3.38211921427325	0.268626073866063	12.5904353423248	2.38355161459859e-36	6.80644406682352e-35	Smp_146810	protein_coding
smansoni_prjna597909_primary	condition	condition__adult_pzq_vs_juvenile_pzq	adult_pzq	juvenile_pzq	Smp_114660	2709.7780105287	1.21551841358285	0.096605591944571	12.5822779935998	2.64296957981241e-36	7.52450255071895e-35	Smp_114660	protein_coding
smansoni_prjna597909_primary	condition	condition__adult_pzq_vs_juvenile_pzq	adult_pzq	juvenile_pzq	Smp_170560	262.332621316797	1.36942754302927	0.109006067928839	12.562856078097	3.37910976355923e-36	9.53413298064532e-35	Smp_170560	protein_coding
smansoni_prjna597909_primary	condition	condition__adult_pzq_vs_juvenile_pzq	adult_pzq	juvenile_pzq	Smp_342880	2071.01551218774	-1.04088433685695	0.0829026269081674	-12.5555048817688	3.70808444191459e-36	1.0431194686005e-34	Smp_342880	protein_coding
smansoni_prjna597909_primary	condition	condition__adult_pzq_vs_juvenile_pzq	adult_pzq	juvenile_pzq	Smp_050220	2453.0430049933	-1.03246972496989	0.0824358511881342	-12.5245231302774	5.48198456693163e-36	1.53755840138391e-34	Smp_050220	protein_coding
smansoni_prjna597909_primary	condition	condition__adult_pzq_vs_juvenile_pzq	adult_pzq	juvenile_pzq	Smp_326760	88.7546448175338	5.92992048829827	0.474193293016832	12.5052812336757	6.98521743364419e-36	1.95338092256819e-34	Smp_326760	protein_coding
smansoni_prjna597909_primary	condition	condition__adult_pzq_vs_juvenile_pzq	adult_pzq	juvenile_pzq	Smp_309250	2122.79424699564	7.46830906284123	0.597714650110454	12.4947733194446	7.9723199490332e-36	2.21630494583123e-34	Smp_309250	protein_coding
smansoni_prjna597909_primary	condition	condition__adult_pzq_vs_juvenile_pzq	adult_pzq	juvenile_pzq	Smp_900030	2706.08570090936	1.28767778967191	0.103158797090721	12.4824816301365	9.3040878795453e-36	2.57895127969097e-34	Smp_900030	protein_coding
smansoni_prjna597909_primary	condition	condition__adult_pzq_vs_juvenile_pzq	adult_pzq	juvenile_pzq	Smp_326580	1049.43233822661	6.35617065237763	0.50929186072243	12.4804088629286	9.54950186299831e-36	2.63923659675614e-34	Smp_326580	protein_coding
smansoni_prjna597909_primary	condition	condition__adult_pzq_vs_juvenile_pzq	adult_pzq	juvenile_pzq	Smp_035210	10069.7363842684	-1.21603385200241	0.0974587048104142	-12.4774267662181	9.91390510461121e-36	2.73196008888587e-34	Smp_035210	protein_coding
smansoni_prjna597909_primary	condition	condition__adult_pzq_vs_juvenile_pzq	adult_pzq	juvenile_pzq	Smp_331450	116.447931451323	3.81184216284358	0.306015236700898	12.4563802898785	1.29098404990354e-35	3.53692209846036e-34	Smp_331450	protein_coding
smansoni_prjna597909_primary	condition	condition__adult_pzq_vs_juvenile_pzq	adult_pzq	juvenile_pzq	Smp_267190	384.425900709844	1.03321449280317	0.083665976833869	12.3492790247913	4.91499136172113e-35	1.31978688497125e-33	Smp_267190	protein_coding
smansoni_prjna597909_primary	condition	condition__adult_pzq_vs_juvenile_pzq	adult_pzq	juvenile_pzq	Smp_302280	19081.5047250162	1.31603703605616	0.106677587344614	12.336584176813	5.75458580770639e-35	1.54085963327028e-33	Smp_302280	protein_coding
smansoni_prjna597909_primary	condition	condition__adult_pzq_vs_juvenile_pzq	adult_pzq	juvenile_pzq	Smp_306240	245.163512270894	-1.11238363532358	0.0902272176813213	-12.328692648514	6.34680903879095e-35	1.69463387103537e-33	Smp_306240	protein_coding
smansoni_prjna597909_primary	condition	condition__adult_pzq_vs_juvenile_pzq	adult_pzq	juvenile_pzq	Smp_132300	485.882803481425	-1.00789871572109	0.0817703742561718	-12.325964322525	6.56533572903074e-35	1.74804375523376e-33	Smp_132300	protein_coding
smansoni_prjna597909_primary	condition	condition__adult_pzq_vs_juvenile_pzq	adult_pzq	juvenile_pzq	Smp_316640	445.455109928752	1.47662953873749	0.119996410942238	12.3056142024805	8.44912337806715e-35	2.2370059991454e-33	Smp_316640	protein_coding
smansoni_prjna597909_primary	condition	condition__adult_pzq_vs_juvenile_pzq	adult_pzq	juvenile_pzq	Smp_342080	2575.27352736068	-1.2524815550197	0.101825316791644	-12.3002961786266	9.02426289502776e-35	2.38260706379336e-33	Smp_342080	protein_coding
smansoni_prjna597909_primary	condition	condition__adult_pzq_vs_juvenile_pzq	adult_pzq	juvenile_pzq	Smp_141490	411.331100429756	2.12622074951703	0.173309903611895	12.2683164966638	1.34010749231373e-34	3.52832758143437e-33	Smp_141490	protein_coding
smansoni_prjna597909_primary	condition	condition__adult_pzq_vs_juvenile_pzq	adult_pzq	juvenile_pzq	Smp_131410	279.757607113418	3.18655101575395	0.261366537437398	12.1918859506534	3.43381415999765e-34	8.86787197822344e-33	Smp_131410	protein_coding
smansoni_prjna597909_primary	condition	condition__adult_pzq_vs_juvenile_pzq	adult_pzq	juvenile_pzq	Smp_245060	177.592817817871	-1.32034135084081	0.108409037881194	-12.1792553152974	4.00925786722622e-34	1.03257507795701e-32	Smp_245060	protein_coding
smansoni_prjna597909_primary	condition	condition__adult_pzq_vs_juvenile_pzq	adult_pzq	juvenile_pzq	Smp_327810	275.725608836692	2.69669858490715	0.221548197483949	12.1720628537387	4.37874487418769e-34	1.12467110192451e-32	Smp_327810	protein_coding
smansoni_prjna597909_primary	condition	condition__adult_pzq_vs_juvenile_pzq	adult_pzq	juvenile_pzq	Smp_065530	139.344177812191	4.72861702915031	0.388821060059012	12.1614220907495	4.98826767356708e-34	1.27430016352854e-32	Smp_065530	protein_coding
smansoni_prjna597909_primary	condition	condition__adult_pzq_vs_juvenile_pzq	adult_pzq	juvenile_pzq	Smp_136930	1365.19034725516	1.76089941704565	0.144873784401149	12.1547140107129	5.41509539981792e-34	1.3759000462118e-32	Smp_136930	protein_coding
smansoni_prjna597909_primary	condition	condition__adult_pzq_vs_juvenile_pzq	adult_pzq	juvenile_pzq	Smp_341070	255.829037073165	1.04464399322154	0.085976767593056	12.1503055123686	5.71516305191382e-34	1.44824989723028e-32	Smp_341070	protein_coding
smansoni_prjna597909_primary	condition	condition__adult_pzq_vs_juvenile_pzq	adult_pzq	juvenile_pzq	Smp_181060	356.780439130271	1.61970439190119	0.133309967437461	12.1499121411235	5.742727560783e-34	1.45134387445243e-32	Smp_181060	protein_coding
smansoni_prjna597909_primary	condition	condition__adult_pzq_vs_juvenile_pzq	adult_pzq	juvenile_pzq	Smp_056350	533.760476601833	1.16829045011681	0.0961835106540665	12.1464733629726	5.98938406039203e-34	1.50964421703535e-32	Smp_056350	protein_coding
smansoni_prjna597909_primary	condition	condition__adult_pzq_vs_juvenile_pzq	adult_pzq	juvenile_pzq	Smp_335370	899.993752467495	2.86875669701958	0.236195404423361	12.1456922670585	6.04686102960473e-34	1.52007793754851e-32	Smp_335370	protein_coding
smansoni_prjna597909_primary	condition	condition__adult_pzq_vs_juvenile_pzq	adult_pzq	juvenile_pzq	Smp_340930	430.679763427078	2.68217317892831	0.221361923313876	12.1166871825791	8.61724125144706e-34	2.16048181190126e-32	Smp_340930	protein_coding
smansoni_prjna597909_primary	condition	condition__adult_pzq_vs_juvenile_pzq	adult_pzq	juvenile_pzq	Smp_077860	327.936456573334	-2.10826404360589	0.174303805419671	-12.0953414558554	1.11776541452744e-33	2.76573787908727e-32	Smp_077860	protein_coding
smansoni_prjna597909_primary	condition	condition__adult_pzq_vs_juvenile_pzq	adult_pzq	juvenile_pzq	Smp_162240	483.235643277451	1.31601280988817	0.108904401226462	12.0841104222369	1.28149622516312e-33	3.14615644681606e-32	Smp_162240	protein_coding
smansoni_prjna597909_primary	condition	condition__adult_pzq_vs_juvenile_pzq	adult_pzq	juvenile_pzq	Smp_350110	155.549155827441	2.32667045884767	0.192661616437125	12.0764608014538	1.40644150870526e-33	3.44395988090211e-32	Smp_350110	protein_coding
smansoni_prjna597909_primary	condition	condition__adult_pzq_vs_juvenile_pzq	adult_pzq	juvenile_pzq	Smp_022740	76.6174217356929	-2.71329518865539	0.224744191134048	-12.0728156530509	1.47016477844236e-33	3.59069702476412e-32	Smp_022740	protein_coding
smansoni_prjna597909_primary	condition	condition__adult_pzq_vs_juvenile_pzq	adult_pzq	juvenile_pzq	Smp_309090	5682.02230572073	7.18103284809483	0.59518993199237	12.0651114242754	1.61443720642585e-33	3.92279189592215e-32	Smp_309090	protein_coding
smansoni_prjna597909_primary	condition	condition__adult_pzq_vs_juvenile_pzq	adult_pzq	juvenile_pzq	Smp_055260	218.966305224943	2.37029674049495	0.196897096392611	12.0382513704956	2.23646005569634e-33	5.40639909116158e-32	Smp_055260	protein_coding
smansoni_prjna597909_primary	condition	condition__adult_pzq_vs_juvenile_pzq	adult_pzq	juvenile_pzq	Smp_174870	667.083963475395	1.26340076847948	0.105408507065874	11.9857571618004	4.21971047252278e-33	1.00973932623507e-31	Smp_174870	protein_coding
smansoni_prjna597909_primary	condition	condition__adult_pzq_vs_juvenile_pzq	adult_pzq	juvenile_pzq	Smp_005880	2535.85852122028	-1.04110158323682	0.0869400258039483	-11.9749398922946	4.80785928179996e-33	1.14757287705993e-31	Smp_005880	protein_coding
smansoni_prjna597909_primary	condition	condition__adult_pzq_vs_juvenile_pzq	adult_pzq	juvenile_pzq	Smp_123550	631.258636846149	-1.79346333170975	0.149794014079582	-11.9728638205591	4.92971734733809e-33	1.17369492108412e-31	Smp_123550	protein_coding
smansoni_prjna597909_primary	condition	condition__adult_pzq_vs_juvenile_pzq	adult_pzq	juvenile_pzq	Smp_152590	118.93605462429	-2.54347084908319	0.212540001625413	-11.9670218765025	5.28932614242407e-33	1.25300026812512e-31	Smp_152590	protein_coding
smansoni_prjna597909_primary	condition	condition__adult_pzq_vs_juvenile_pzq	adult_pzq	juvenile_pzq	Smp_214320	133.231078666803	4.89591274961058	0.411129551274938	11.9084428118292	1.06956010707685e-32	2.51479655027125e-31	Smp_214320	protein_coding
smansoni_prjna597909_primary	condition	condition__adult_pzq_vs_juvenile_pzq	adult_pzq	juvenile_pzq	Smp_070360	41.2527966750075	3.10571075089846	0.260868167640836	11.9052883262262	1.11078703324937e-32	2.60525038170548e-31	Smp_070360	protein_coding
smansoni_prjna597909_primary	condition	condition__adult_pzq_vs_juvenile_pzq	adult_pzq	juvenile_pzq	Smp_900080	3375.46657090298	1.11985122734504	0.0941432459928638	11.8951839352334	1.25376490008176e-32	2.93331332563684e-31	Smp_900080	protein_coding
smansoni_prjna597909_primary	condition	condition__adult_pzq_vs_juvenile_pzq	adult_pzq	juvenile_pzq	Smp_165360	1621.82775456547	7.05773492283967	0.593918296120078	11.8833431617549	1.44471392414884e-32	3.37171259532219e-31	Smp_165360	protein_coding
smansoni_prjna597909_primary	condition	condition__adult_pzq_vs_juvenile_pzq	adult_pzq	juvenile_pzq	Smp_306840	97.4153038641756	5.76583722856156	0.485343072680939	11.8799207264095	1.50510030473661e-32	3.50399213802227e-31	Smp_306840	protein_coding
smansoni_prjna597909_primary	condition	condition__adult_pzq_vs_juvenile_pzq	adult_pzq	juvenile_pzq	Smp_105220	1816.70349135411	1.12289369769846	0.0946210322915658	11.8672738027035	1.75080302090848e-32	4.05602699843798e-31	Smp_105220	protein_coding
smansoni_prjna597909_primary	condition	condition__adult_pzq_vs_juvenile_pzq	adult_pzq	juvenile_pzq	Smp_155700	909.995893333478	1.03895371657331	0.0875599377034707	11.8656287775332	1.78555963760665e-32	4.12643268818045e-31	Smp_155700	protein_coding
smansoni_prjna597909_primary	condition	condition__adult_pzq_vs_juvenile_pzq	adult_pzq	juvenile_pzq	Smp_344380	166.625548183159	-1.29955032393698	0.109604638402176	-11.8567091948106	1.9862932950702e-32	4.55690393810764e-31	Smp_344380	protein_coding
smansoni_prjna597909_primary	condition	condition__adult_pzq_vs_juvenile_pzq	adult_pzq	juvenile_pzq	Smp_125930	201.03476525359	-1.34424268586622	0.113491722190976	-11.844411732551	2.3002676583216e-32	5.25172219962699e-31	Smp_125930	protein_coding
smansoni_prjna597909_primary	condition	condition__adult_pzq_vs_juvenile_pzq	adult_pzq	juvenile_pzq	Smp_176100	271.848163400424	-1.09094083505935	0.0924589350430314	-11.7991931720997	3.94071633979057e-32	8.86454458066325e-31	Smp_176100	protein_coding
smansoni_prjna597909_primary	condition	condition__adult_pzq_vs_juvenile_pzq	adult_pzq	juvenile_pzq	Smp_333730	329.533410297887	1.36294685066083	0.115669627296052	11.7831005642684	4.77053598123438e-32	1.06598359561767e-30	Smp_333730	protein_coding
smansoni_prjna597909_primary	condition	condition__adult_pzq_vs_juvenile_pzq	adult_pzq	juvenile_pzq	Smp_000420	6824.77762563272	6.89838568397335	0.586604659602229	11.7598549057743	6.28421940537645e-32	1.39432962017883e-30	Smp_000420	protein_coding
smansoni_prjna597909_primary	condition	condition__adult_pzq_vs_juvenile_pzq	adult_pzq	juvenile_pzq	Smp_094250	413.994246669946	-4.01240475843223	0.341357655156716	-11.7542545122949	6.71507806361036e-32	1.47606785714523e-30	Smp_094250	protein_coding
smansoni_prjna597909_primary	condition	condition__adult_pzq_vs_juvenile_pzq	adult_pzq	juvenile_pzq	Smp_134040	300.641745681861	1.58845071288868	0.135135262553281	11.7545241921026	6.69367406841055e-32	1.47606785714523e-30	Smp_134040	protein_coding
smansoni_prjna597909_primary	condition	condition__adult_pzq_vs_juvenile_pzq	adult_pzq	juvenile_pzq	Smp_330210	166.254261876868	-2.73287157424353	0.232701665663494	-11.7440997530095	7.57245805553243e-32	1.66066991974229e-30	Smp_330210	protein_coding
smansoni_prjna597909_primary	condition	condition__adult_pzq_vs_juvenile_pzq	adult_pzq	juvenile_pzq	Smp_074230	413.087762249187	1.52975319158391	0.130276860181748	11.7423246879742	7.73311479414495e-32	1.69197687579301e-30	Smp_074230	protein_coding
smansoni_prjna597909_primary	condition	condition__adult_pzq_vs_juvenile_pzq	adult_pzq	juvenile_pzq	Smp_247080	114.061030710776	2.98699449643291	0.25449725940683	11.7368434669782	8.25087572821971e-32	1.80109185642339e-30	Smp_247080	protein_coding
smansoni_prjna597909_primary	condition	condition__adult_pzq_vs_juvenile_pzq	adult_pzq	juvenile_pzq	Smp_153930	520.473482813573	1.08780229106594	0.0927104985037561	11.7333237186926	8.60135382172621e-32	1.86896543271164e-30	Smp_153930	protein_coding
smansoni_prjna597909_primary	condition	condition__adult_pzq_vs_juvenile_pzq	adult_pzq	juvenile_pzq	Smp_125020	198.104724351293	2.04602018635208	0.17482195990579	11.7034506846546	1.22373994693369e-31	2.64081962977563e-30	Smp_125020	protein_coding
smansoni_prjna597909_primary	condition	condition__adult_pzq_vs_juvenile_pzq	adult_pzq	juvenile_pzq	Smp_170280	2548.21054147696	-1.53489120611557	0.131156611900863	-11.7027360181867	1.23409229234614e-31	2.65709347317899e-30	Smp_170280	protein_coding
smansoni_prjna597909_primary	condition	condition__adult_pzq_vs_juvenile_pzq	adult_pzq	juvenile_pzq	Smp_149720	318.464378989444	2.65859789103663	0.22756334689565	11.6828914994634	1.55900401665956e-31	3.34142992414199e-30	Smp_149720	protein_coding
smansoni_prjna597909_primary	condition	condition__adult_pzq_vs_juvenile_pzq	adult_pzq	juvenile_pzq	Smp_157080	220.313106219006	1.51915925935889	0.13006535153115	11.6799688885249	1.61354576450293e-31	3.44271660633898e-30	Smp_157080	protein_coding
smansoni_prjna597909_primary	condition	condition__adult_pzq_vs_juvenile_pzq	adult_pzq	juvenile_pzq	Smp_244360	965.925292608499	-1.0261232412655	0.0880401876461442	-11.6551687212407	2.15952260155264e-31	4.56639991719811e-30	Smp_244360	protein_coding
smansoni_prjna597909_primary	condition	condition__adult_pzq_vs_juvenile_pzq	adult_pzq	juvenile_pzq	Smp_167830	82.3339460468004	7.93507320574128	0.680940820490973	11.6531025413044	2.21254069899383e-31	4.66806577832358e-30	Smp_167830	protein_coding
smansoni_prjna597909_primary	condition	condition__adult_pzq_vs_juvenile_pzq	adult_pzq	juvenile_pzq	Smp_172460	351.682473647243	1.97654999165913	0.169826929335087	11.6386134955028	2.62244029780485e-31	5.49607665074311e-30	Smp_172460	protein_coding
smansoni_prjna597909_primary	condition	condition__adult_pzq_vs_juvenile_pzq	adult_pzq	juvenile_pzq	Smp_008660	35187.4043136653	1.32245583447594	0.113911073552914	11.6095458784491	3.68567807304165e-31	7.67335443753077e-30	Smp_008660	protein_coding
smansoni_prjna597909_primary	condition	condition__adult_pzq_vs_juvenile_pzq	adult_pzq	juvenile_pzq	Smp_041460	1794.9696299953	1.20491379527112	0.103944949892118	11.5918454578282	4.53259961365625e-31	9.41585308753381e-30	Smp_041460	protein_coding
smansoni_prjna597909_primary	condition	condition__adult_pzq_vs_juvenile_pzq	adult_pzq	juvenile_pzq	Smp_344220	225.807407487004	1.51592586617171	0.130806319352272	11.5890873902598	4.68093311216012e-31	9.70267100353893e-30	Smp_344220	protein_coding
smansoni_prjna597909_primary	condition	condition__adult_pzq_vs_juvenile_pzq	adult_pzq	juvenile_pzq	Smp_332580	293.214096700098	-1.11070703168211	0.0960467013583568	-11.5642392291849	6.25431591253322e-31	1.27956264080658e-29	Smp_332580	protein_coding
smansoni_prjna597909_primary	condition	condition__adult_pzq_vs_juvenile_pzq	adult_pzq	juvenile_pzq	Smp_000050	965.967775823516	1.21667335322546	0.105634338901799	11.5177826251794	1.07337717439397e-30	2.16116997501433e-29	Smp_000050	protein_coding
smansoni_prjna597909_primary	condition	condition__adult_pzq_vs_juvenile_pzq	adult_pzq	juvenile_pzq	Smp_124300	1188.43190353522	-1.01248528443685	0.0879070413584205	-11.5176812777565	1.07464016954796e-30	2.16116997501433e-29	Smp_124300	protein_coding
smansoni_prjna597909_primary	condition	condition__adult_pzq_vs_juvenile_pzq	adult_pzq	juvenile_pzq	Smp_197370	34412.8115955232	-1.19093991637875	0.10341916916865	-11.5156592917182	1.10014880022994e-30	2.20777207213872e-29	Smp_197370	protein_coding
smansoni_prjna597909_primary	condition	condition__adult_pzq_vs_juvenile_pzq	adult_pzq	juvenile_pzq	Smp_127270	250.369561065929	-1.49920614509561	0.13032273786799	-11.5037956508728	1.26239216019394e-30	2.52264919622688e-29	Smp_127270	protein_coding
smansoni_prjna597909_primary	condition	condition__adult_pzq_vs_juvenile_pzq	adult_pzq	juvenile_pzq	Smp_145290	491.743526036493	1.65811774080776	0.14422882657812	11.4964378491262	1.37472610314674e-30	2.74133146138038e-29	Smp_145290	protein_coding
smansoni_prjna597909_primary	condition	condition__adult_pzq_vs_juvenile_pzq	adult_pzq	juvenile_pzq	Smp_320330	273.569961476544	2.33676980422176	0.203329360218911	11.4925350756326	1.43828217826782e-30	2.86203013662894e-29	Smp_320330	protein_coding
smansoni_prjna597909_primary	condition	condition__adult_pzq_vs_juvenile_pzq	adult_pzq	juvenile_pzq	Smp_331460	1453.58528302804	-1.15686446289515	0.100870687829682	-11.4687872937725	1.89293389694319e-30	3.74309857613118e-29	Smp_331460	protein_coding
smansoni_prjna597909_primary	condition	condition__adult_pzq_vs_juvenile_pzq	adult_pzq	juvenile_pzq	Smp_166800	240.160476957554	1.2426641609401	0.108597004398675	11.4428953894354	2.55223245525723e-30	5.03626329166833e-29	Smp_166800	protein_coding
smansoni_prjna597909_primary	condition	condition__adult_pzq_vs_juvenile_pzq	adult_pzq	juvenile_pzq	Smp_214020	198.677375077296	2.07121755481347	0.181012114711746	11.4424250449302	2.5661095045974e-30	5.05309729946971e-29	Smp_214020	protein_coding
smansoni_prjna597909_primary	condition	condition__adult_pzq_vs_juvenile_pzq	adult_pzq	juvenile_pzq	Smp_309990	129.220051450214	2.02394010973758	0.177491586375969	11.4030200025955	4.03861800835937e-30	7.85453033230715e-29	Smp_309990	protein_coding
smansoni_prjna597909_primary	condition	condition__adult_pzq_vs_juvenile_pzq	adult_pzq	juvenile_pzq	Smp_174090	345.817505204364	-1.34011053484803	0.117638412198119	-11.3917767998356	4.59522469266203e-30	8.90042290881999e-29	Smp_174090	protein_coding
smansoni_prjna597909_primary	condition	condition__adult_pzq_vs_juvenile_pzq	adult_pzq	juvenile_pzq	Smp_331290	813.915239993272	-1.08843098741864	0.0958834566583683	-11.3516035544767	7.28148963195446e-30	1.40172382894569e-28	Smp_331290	protein_coding
smansoni_prjna597909_primary	condition	condition__adult_pzq_vs_juvenile_pzq	adult_pzq	juvenile_pzq	Smp_153070	554.515945086901	1.78817133018328	0.157703027396819	11.3388522699936	8.4242024036895e-30	1.61840571381449e-28	Smp_153070	protein_coding
smansoni_prjna597909_primary	condition	condition__adult_pzq_vs_juvenile_pzq	adult_pzq	juvenile_pzq	Smp_039590	90.6486881680747	3.18804190673349	0.281390947779	11.3295823191773	9.36502539370922e-30	1.79550142031115e-28	Smp_039590	protein_coding
smansoni_prjna597909_primary	condition	condition__adult_pzq_vs_juvenile_pzq	adult_pzq	juvenile_pzq	Smp_157620	891.552519499843	-1.27208536172008	0.112506700009212	-11.3067520566857	1.21504423958436e-29	2.31078433652946e-28	Smp_157620	protein_coding
smansoni_prjna597909_primary	condition	condition__adult_pzq_vs_juvenile_pzq	adult_pzq	juvenile_pzq	Smp_306200	1565.72630068505	-1.21570814161758	0.107538563816306	-11.3048575178502	1.24155524159601e-29	2.35646187621796e-28	Smp_306200	protein_coding
smansoni_prjna597909_primary	condition	condition__adult_pzq_vs_juvenile_pzq	adult_pzq	juvenile_pzq	Smp_000430	14746.7889957167	7.64607407691374	0.67780223821414	11.2806857897954	1.63466642700977e-29	3.09017341361926e-28	Smp_000430	protein_coding
smansoni_prjna597909_primary	condition	condition__adult_pzq_vs_juvenile_pzq	adult_pzq	juvenile_pzq	Smp_098650	431.770218733638	-1.02696472363055	0.0911606434494133	-11.2654396104656	1.94379422659201e-29	3.6381669365837e-28	Smp_098650	protein_coding
smansoni_prjna597909_primary	condition	condition__adult_pzq_vs_juvenile_pzq	adult_pzq	juvenile_pzq	Smp_316720	214.470933261829	1.46406579369719	0.129987055872698	11.2631660427098	1.9946144649803e-29	3.72590828517664e-28	Smp_316720	protein_coding
smansoni_prjna597909_primary	condition	condition__adult_pzq_vs_juvenile_pzq	adult_pzq	juvenile_pzq	Smp_028190	1678.01309393415	1.09049980556383	0.0970378123795888	11.2378853028761	2.6567014225779e-29	4.91411777812256e-28	Smp_028190	protein_coding
smansoni_prjna597909_primary	condition	condition__adult_pzq_vs_juvenile_pzq	adult_pzq	juvenile_pzq	Smp_155290	619.695432456485	-1.0560685304648	0.094074416970731	-11.2258844058887	3.04326253558472e-29	5.60719639110073e-28	Smp_155290	protein_coding
smansoni_prjna597909_primary	condition	condition__adult_pzq_vs_juvenile_pzq	adult_pzq	juvenile_pzq	Smp_326810	95.3195938440803	2.77436285771796	0.247166968250815	11.2246505969303	3.08603844725153e-29	5.67494852206644e-28	Smp_326810	protein_coding
smansoni_prjna597909_primary	condition	condition__adult_pzq_vs_juvenile_pzq	adult_pzq	juvenile_pzq	Smp_202690	4085.45532454077	1.05878973104222	0.0945528405417368	11.1978627503513	4.17688777579506e-29	7.66600839938154e-28	Smp_202690	protein_coding
smansoni_prjna597909_primary	condition	condition__adult_pzq_vs_juvenile_pzq	adult_pzq	juvenile_pzq	Smp_124510	91.047234178229	5.95975063913769	0.532916814974477	11.1832662653422	4.92435664738204e-29	8.98552490947009e-28	Smp_124510	protein_coding
smansoni_prjna597909_primary	condition	condition__adult_pzq_vs_juvenile_pzq	adult_pzq	juvenile_pzq	Smp_134600	748.052555545396	1.2327539111533	0.110365011260144	11.1697892029164	5.73167413470694e-29	1.04184199848558e-27	Smp_134600	protein_coding
smansoni_prjna597909_primary	condition	condition__adult_pzq_vs_juvenile_pzq	adult_pzq	juvenile_pzq	Smp_150030	68.3945814710968	2.54567430774135	0.228542451148119	11.1387372234469	8.12633828902537e-29	1.46584254786007e-27	Smp_150030	protein_coding
smansoni_prjna597909_primary	condition	condition__adult_pzq_vs_juvenile_pzq	adult_pzq	juvenile_pzq	Smp_049160	361.484229363407	-1.23157748113056	0.110801593296427	-11.1151603915633	1.05860235806857e-28	1.89505861523941e-27	Smp_049160	protein_coding
smansoni_prjna597909_primary	condition	condition__adult_pzq_vs_juvenile_pzq	adult_pzq	juvenile_pzq	Smp_246040	859.39432266851	1.22022595348446	0.109840451363182	11.10907628602	1.13325701334597e-28	2.0172401676358e-27	Smp_246040	protein_coding
smansoni_prjna597909_primary	condition	condition__adult_pzq_vs_juvenile_pzq	adult_pzq	juvenile_pzq	Smp_095980	12956.4320202042	7.68355164426835	0.692447820294536	11.0962175330411	1.30865787928673e-28	2.31637345974123e-27	Smp_095980	protein_coding
smansoni_prjna597909_primary	condition	condition__adult_pzq_vs_juvenile_pzq	adult_pzq	juvenile_pzq	Smp_170260	683.733985237578	1.03619830730724	0.0934357445353579	11.0899561239663	1.40356589698836e-28	2.47972053426803e-27	Smp_170260	protein_coding
smansoni_prjna597909_primary	condition	condition__adult_pzq_vs_juvenile_pzq	adult_pzq	juvenile_pzq	Smp_148110	256.224604899636	-1.70218449473208	0.15371442648618	-11.073680809557	1.68341050648904e-28	2.96305327883322e-27	Smp_148110	protein_coding
smansoni_prjna597909_primary	condition	condition__adult_pzq_vs_juvenile_pzq	adult_pzq	juvenile_pzq	Smp_347650	838.430014604253	-1.08888465740629	0.0984670568613583	-11.0583650219122	1.99704574325186e-28	3.50856438015179e-27	Smp_347650	protein_coding
smansoni_prjna597909_primary	condition	condition__adult_pzq_vs_juvenile_pzq	adult_pzq	juvenile_pzq	Smp_067480	4541.40759841509	1.07727778171795	0.0974972491962957	11.0493146278314	2.20894811976776e-28	3.85933043032253e-27	Smp_067480	protein_coding
smansoni_prjna597909_primary	condition	condition__adult_pzq_vs_juvenile_pzq	adult_pzq	juvenile_pzq	Smp_335180	92.9210900151802	2.6934841434801	0.244508133993746	11.0159285888992	3.20217510511786e-28	5.49309602424211e-27	Smp_335180	protein_coding
smansoni_prjna597909_primary	condition	condition__adult_pzq_vs_juvenile_pzq	adult_pzq	juvenile_pzq	Smp_335570	511.845471466293	-1.09126184829102	0.0990943669084118	-11.0123499683854	3.33197588585524e-28	5.70540508570719e-27	Smp_335570	protein_coding
smansoni_prjna597909_primary	condition	condition__adult_pzq_vs_juvenile_pzq	adult_pzq	juvenile_pzq	Smp_246030	478.990572135416	1.26375104856173	0.114869908199195	11.0015849091677	3.75473852551829e-28	6.39455649427007e-27	Smp_246030	protein_coding
smansoni_prjna597909_primary	condition	condition__adult_pzq_vs_juvenile_pzq	adult_pzq	juvenile_pzq	Smp_335890	531.823731845458	-1.37726802628695	0.12519938964133	-11.000596969622	3.79610461423739e-28	6.45337784420356e-27	Smp_335890	protein_coding
smansoni_prjna597909_primary	condition	condition__adult_pzq_vs_juvenile_pzq	adult_pzq	juvenile_pzq	Smp_331560	241.37014362939	-1.14456068947953	0.104295109376051	-10.9742508189205	5.08254153859954e-28	8.56331241048892e-27	Smp_331560	protein_coding
smansoni_prjna597909_primary	condition	condition__adult_pzq_vs_juvenile_pzq	adult_pzq	juvenile_pzq	Smp_170690	196.214337822398	-1.74378761573995	0.159437851385293	-10.9370993185674	7.66119514771874e-28	1.27713609411354e-26	Smp_170690	protein_coding
smansoni_prjna597909_primary	condition	condition__adult_pzq_vs_juvenile_pzq	adult_pzq	juvenile_pzq	Smp_063520	82.9285546630504	2.07874013923309	0.190775687151733	10.8962529254568	1.2010198756427e-27	1.98809804983797e-26	Smp_063520	protein_coding
smansoni_prjna597909_primary	condition	condition__adult_pzq_vs_juvenile_pzq	adult_pzq	juvenile_pzq	Smp_314630	328.931764143252	-1.09547601485716	0.101210538393673	-10.8237346845853	2.65723897440447e-27	4.360455344804e-26	Smp_314630	protein_coding
smansoni_prjna597909_primary	condition	condition__adult_pzq_vs_juvenile_pzq	adult_pzq	juvenile_pzq	Smp_303270	59.118661032064	3.39565217918295	0.314907831155185	10.7830032893326	4.14139276504101e-27	6.74904214054615e-26	Smp_303270	protein_coding
smansoni_prjna597909_primary	condition	condition__adult_pzq_vs_juvenile_pzq	adult_pzq	juvenile_pzq	Smp_319070	152.359316564089	1.66534711857526	0.154605855868593	10.7715655996285	4.68958047217524e-27	7.61613653316158e-26	Smp_319070	protein_coding
smansoni_prjna597909_primary	condition	condition__adult_pzq_vs_juvenile_pzq	adult_pzq	juvenile_pzq	Smp_172180	8448.4051550367	-1.09930082891674	0.102092958489354	-10.7676459295807	4.89353214780455e-27	7.93373342385054e-26	Smp_172180	protein_coding
smansoni_prjna597909_primary	condition	condition__adult_pzq_vs_juvenile_pzq	adult_pzq	juvenile_pzq	Smp_213010	273.510045611786	1.312138918277	0.122299052204831	10.7289377523497	7.44470228701842e-27	1.19469144341083e-25	Smp_213010	protein_coding
smansoni_prjna597909_primary	condition	condition__adult_pzq_vs_juvenile_pzq	adult_pzq	juvenile_pzq	Smp_136920	118.881020920031	1.40236976128072	0.130743835622425	10.7260870434506	7.67789177174015e-27	1.22794302921299e-25	Smp_136920	protein_coding
smansoni_prjna597909_primary	condition	condition__adult_pzq_vs_juvenile_pzq	adult_pzq	juvenile_pzq	Smp_900070	15620.7402896454	1.22673593426382	0.114720926266305	10.693218527683	1.09503687030964e-26	1.74541121385611e-25	Smp_900070	protein_coding
smansoni_prjna597909_primary	condition	condition__adult_pzq_vs_juvenile_pzq	adult_pzq	juvenile_pzq	Smp_331410	494.531047797852	1.82638374120078	0.171620789247632	10.6419726258542	1.90062264687845e-26	3.01420893595556e-25	Smp_331410	protein_coding
smansoni_prjna597909_primary	condition	condition__adult_pzq_vs_juvenile_pzq	adult_pzq	juvenile_pzq	Smp_045490	122.865748975532	1.77998524264763	0.167751691526011	10.6108333481193	2.65371536719508e-26	4.17353039113609e-25	Smp_045490	protein_coding
smansoni_prjna597909_primary	condition	condition__adult_pzq_vs_juvenile_pzq	adult_pzq	juvenile_pzq	Smp_126210	127.548193856605	2.32816117673521	0.219435888645208	10.6097557291527	2.68449968236317e-26	4.21381661818234e-25	Smp_126210	protein_coding
smansoni_prjna597909_primary	condition	condition__adult_pzq_vs_juvenile_pzq	adult_pzq	juvenile_pzq	Smp_175580	568.712830520719	1.02488335719139	0.0966141953989115	10.607999714325	2.73542392444592e-26	4.28066671090444e-25	Smp_175580	protein_coding
smansoni_prjna597909_primary	condition	condition__adult_pzq_vs_juvenile_pzq	adult_pzq	juvenile_pzq	Smp_155530	265.805293790863	1.22888869759645	0.115939326677008	10.5994120616207	2.99859377198769e-26	4.68474517897978e-25	Smp_155530	protein_coding
smansoni_prjna597909_primary	condition	condition__adult_pzq_vs_juvenile_pzq	adult_pzq	juvenile_pzq	Smp_166230	248.499218059168	1.37995248204545	0.130239077175177	10.5955333220717	3.12554301595446e-26	4.87502187901015e-25	Smp_166230	protein_coding
smansoni_prjna597909_primary	condition	condition__adult_pzq_vs_juvenile_pzq	adult_pzq	juvenile_pzq	Smp_341810	850.829120264806	1.29357972176282	0.122091755768566	10.5951439032042	3.13857910869883e-26	4.8872899069887e-25	Smp_341810	protein_coding
smansoni_prjna597909_primary	condition	condition__adult_pzq_vs_juvenile_pzq	adult_pzq	juvenile_pzq	Smp_187360	391.806728054456	1.82602739121082	0.172439046158643	10.5894078625956	3.33695992438909e-26	5.18765546140226e-25	Smp_187360	protein_coding
smansoni_prjna597909_primary	condition	condition__adult_pzq_vs_juvenile_pzq	adult_pzq	juvenile_pzq	Smp_156540	1522.28850840007	-1.26758374554453	0.119837689596415	-10.5775048719101	3.7891450447966e-26	5.87131130547828e-25	Smp_156540	protein_coding
smansoni_prjna597909_primary	condition	condition__adult_pzq_vs_juvenile_pzq	adult_pzq	juvenile_pzq	Smp_132700	2235.19915994359	-1.21838925083311	0.115204876622058	-10.5758478855906	3.85673048782762e-26	5.96625475792907e-25	Smp_132700	protein_coding
smansoni_prjna597909_primary	condition	condition__adult_pzq_vs_juvenile_pzq	adult_pzq	juvenile_pzq	Smp_331250	281.870604009925	2.4661251722754	0.233269752394116	10.5719886396107	4.01881014720825e-26	6.20682900513274e-25	Smp_331250	protein_coding
smansoni_prjna597909_primary	condition	condition__adult_pzq_vs_juvenile_pzq	adult_pzq	juvenile_pzq	Smp_145020	69.6357466271833	4.47587925248906	0.423430483170826	10.5705173112993	4.08236490904578e-26	6.29470034588919e-25	Smp_145020	protein_coding
smansoni_prjna597909_primary	condition	condition__adult_pzq_vs_juvenile_pzq	adult_pzq	juvenile_pzq	Smp_129920	47.4668171654682	2.81345207598874	0.267206517110907	10.5291297024054	6.34180841845706e-26	9.6838082667619e-25	Smp_129920	protein_coding
smansoni_prjna597909_primary	condition	condition__adult_pzq_vs_juvenile_pzq	adult_pzq	juvenile_pzq	Smp_245970	1101.61149133536	-1.14181982910591	0.108882553501155	-10.4867106105644	9.94298479408915e-26	1.50369747637969e-24	Smp_245970	protein_coding
smansoni_prjna597909_primary	condition	condition__adult_pzq_vs_juvenile_pzq	adult_pzq	juvenile_pzq	Smp_127220	91.7235374823664	1.72692183418754	0.165502615297348	10.4344081275386	1.7268654734493e-25	2.57856752844278e-24	Smp_127220	protein_coding
smansoni_prjna597909_primary	condition	condition__adult_pzq_vs_juvenile_pzq	adult_pzq	juvenile_pzq	Smp_200090	278.039637154922	1.28769099151803	0.123501896151939	10.4264876219701	1.87698792828974e-25	2.78951099028217e-24	Smp_200090	protein_coding
smansoni_prjna597909_primary	condition	condition__adult_pzq_vs_juvenile_pzq	adult_pzq	juvenile_pzq	Smp_164590	18309.4167882951	-1.2024159063737	0.115434811786986	-10.4164063488278	2.08690079628306e-25	3.09660695862911e-24	Smp_164590	protein_coding
smansoni_prjna597909_primary	condition	condition__adult_pzq_vs_juvenile_pzq	adult_pzq	juvenile_pzq	Smp_316610	603.361499965554	9.69498825947533	0.932337560821345	10.398581658487	2.51650962938342e-25	3.70499205871217e-24	Smp_316610	protein_coding
smansoni_prjna597909_primary	condition	condition__adult_pzq_vs_juvenile_pzq	adult_pzq	juvenile_pzq	Smp_001120	257.901710885289	2.0043015895626	0.193333741287303	10.3670553117995	3.50148695378033e-25	5.13117126932274e-24	Smp_001120	protein_coding
smansoni_prjna597909_primary	condition	condition__adult_pzq_vs_juvenile_pzq	adult_pzq	juvenile_pzq	Smp_124770	144.30000034765	1.51718386256149	0.146397893088042	10.3634268947373	3.6369337989549e-25	5.32140840057612e-24	Smp_124770	protein_coding
smansoni_prjna597909_primary	condition	condition__adult_pzq_vs_juvenile_pzq	adult_pzq	juvenile_pzq	Smp_102020	39.67487328643	3.44640602336964	0.333154944514084	10.3447542355894	4.42049023596309e-25	6.44791260961776e-24	Smp_102020	protein_coding
smansoni_prjna597909_primary	condition	condition__adult_pzq_vs_juvenile_pzq	adult_pzq	juvenile_pzq	Smp_342020	707.595823890243	1.02554682919986	0.0995167135571272	10.3052722758087	6.67025233018222e-25	9.69957308075113e-24	Smp_342020	protein_coding
smansoni_prjna597909_primary	condition	condition__adult_pzq_vs_juvenile_pzq	adult_pzq	juvenile_pzq	Smp_331280	2006.68014911658	-1.09078214950385	0.105993931636438	-10.2909867825761	7.73792633478592e-25	1.12176195884044e-23	Smp_331280	protein_coding
smansoni_prjna597909_primary	condition	condition__adult_pzq_vs_juvenile_pzq	adult_pzq	juvenile_pzq	Smp_151600	598.429590699693	1.53489048592021	0.149167957589669	10.2896795714156	7.84369570556876e-25	1.13535393275706e-23	Smp_151600	protein_coding
smansoni_prjna597909_primary	condition	condition__adult_pzq_vs_juvenile_pzq	adult_pzq	juvenile_pzq	Smp_164400	268.884265126107	3.90156102903133	0.379696485368804	10.2754731196463	9.08973419169386e-25	1.31000474429175e-23	Smp_164400	protein_coding
smansoni_prjna597909_primary	condition	condition__adult_pzq_vs_juvenile_pzq	adult_pzq	juvenile_pzq	Smp_001100	4820.8019186028	-1.43026414561061	0.139464742157273	-10.255381564451	1.11933043681918e-24	1.60788925361928e-23	Smp_001100	protein_coding
smansoni_prjna597909_primary	condition	condition__adult_pzq_vs_juvenile_pzq	adult_pzq	juvenile_pzq	Smp_324130	37.3168002687411	5.57241238183761	0.543653770509936	10.2499286937913	1.18430874313721e-24	1.69864738090029e-23	Smp_324130	protein_coding
smansoni_prjna597909_primary	condition	condition__adult_pzq_vs_juvenile_pzq	adult_pzq	juvenile_pzq	Smp_326560	1359.49533581467	8.0588333253934	0.786391991066396	10.2478578329176	1.20995319661705e-24	1.73279963854914e-23	Smp_326560	protein_coding
smansoni_prjna597909_primary	condition	condition__adult_pzq_vs_juvenile_pzq	adult_pzq	juvenile_pzq	Smp_076320	386.380376940735	2.31088473600063	0.225575067130382	10.2444155969815	1.25380275584609e-24	1.79288103604497e-23	Smp_076320	protein_coding
smansoni_prjna597909_primary	condition	condition__adult_pzq_vs_juvenile_pzq	adult_pzq	juvenile_pzq	Smp_141480	48.4111011438685	4.28699023963027	0.418636615041552	10.2403614151255	1.30747037312528e-24	1.86398340373758e-23	Smp_141480	protein_coding
smansoni_prjna597909_primary	condition	condition__adult_pzq_vs_juvenile_pzq	adult_pzq	juvenile_pzq	Smp_307840	422.786351773893	1.04238292685892	0.101888493277388	10.2306246105835	1.44583814028478e-24	2.05504693262733e-23	Smp_307840	protein_coding
smansoni_prjna597909_primary	condition	condition__adult_pzq_vs_juvenile_pzq	adult_pzq	juvenile_pzq	Smp_345440	3228.46863543697	-1.01082118710384	0.0988158582867394	-10.229341773976	1.46511785814109e-24	2.07932342269513e-23	Smp_345440	protein_coding
smansoni_prjna597909_primary	condition	condition__adult_pzq_vs_juvenile_pzq	adult_pzq	juvenile_pzq	Smp_345960	124.262086257922	1.6643584262872	0.162842807505654	10.2206443857179	1.60271886900713e-24	2.27119921287187e-23	Smp_345960	protein_coding
smansoni_prjna597909_primary	condition	condition__adult_pzq_vs_juvenile_pzq	adult_pzq	juvenile_pzq	Smp_126760	1107.08829711415	1.24922373940208	0.123078481085574	10.1498143979655	3.31994206824794e-24	4.64202550726029e-23	Smp_126760	protein_coding
smansoni_prjna597909_primary	condition	condition__adult_pzq_vs_juvenile_pzq	adult_pzq	juvenile_pzq	Smp_198560	218.31001534622	1.36233582069199	0.134296809005258	10.1442158662061	3.51590595049301e-24	4.89430678115757e-23	Smp_198560	protein_coding
smansoni_prjna597909_primary	condition	condition__adult_pzq_vs_juvenile_pzq	adult_pzq	juvenile_pzq	Smp_004630	309.106655272029	1.6258383302476	0.160338097515316	10.1400625019409	3.66864778675584e-24	5.09942042359062e-23	Smp_004630	protein_coding
smansoni_prjna597909_primary	condition	condition__adult_pzq_vs_juvenile_pzq	adult_pzq	juvenile_pzq	Smp_319560	165.509777436441	1.66788092608697	0.164543370085864	10.1364213290187	3.8079489733478e-24	5.2775269349096e-23	Smp_319560	protein_coding
smansoni_prjna597909_primary	condition	condition__adult_pzq_vs_juvenile_pzq	adult_pzq	juvenile_pzq	Smp_350310	137.221659813048	2.32776779612029	0.229672497275528	10.1351612567166	3.85736595609058e-24	5.33038348201289e-23	Smp_350310	protein_coding
smansoni_prjna597909_primary	condition	condition__adult_pzq_vs_juvenile_pzq	adult_pzq	juvenile_pzq	Smp_151640	85.8312379523271	3.41686331149756	0.337169518944853	10.133962649383	3.90496174576289e-24	5.38827714174465e-23	Smp_151640	protein_coding
smansoni_prjna597909_primary	condition	condition__adult_pzq_vs_juvenile_pzq	adult_pzq	juvenile_pzq	Smp_103790	876.482505374712	-1.03947690724697	0.10260313574831	-10.1310442382273	4.02329599997058e-24	5.5434684827583e-23	Smp_103790	protein_coding
smansoni_prjna597909_primary	condition	condition__adult_pzq_vs_juvenile_pzq	adult_pzq	juvenile_pzq	Smp_123260	638.929572377185	1.34619234029837	0.132889415051801	10.1301698090372	4.05943854932351e-24	5.58512564311584e-23	Smp_123260	protein_coding
smansoni_prjna597909_primary	condition	condition__adult_pzq_vs_juvenile_pzq	adult_pzq	juvenile_pzq	Smp_135550	210.102453753655	-1.07362444485653	0.106164503797696	-10.1128381563615	4.84597043191105e-24	6.62867040845488e-23	Smp_135550	protein_coding
smansoni_prjna597909_primary	condition	condition__adult_pzq_vs_juvenile_pzq	adult_pzq	juvenile_pzq	Smp_324420	31.6558126279489	3.00810542969645	0.298292033170653	10.084431011188	6.47391631600294e-24	8.804526189764e-23	Smp_324420	protein_coding
smansoni_prjna597909_primary	condition	condition__adult_pzq_vs_juvenile_pzq	adult_pzq	juvenile_pzq	Smp_214210	123.734753373946	1.81659060997969	0.180214510424547	10.0801572842286	6.76177972924113e-24	9.16963299867822e-23	Smp_214210	protein_coding
smansoni_prjna597909_primary	condition	condition__adult_pzq_vs_juvenile_pzq	adult_pzq	juvenile_pzq	Smp_326540	693.03402472325	7.92180372067448	0.786068163306734	10.0777567270375	6.92899612280061e-24	9.38293285855464e-23	Smp_326540	protein_coding
smansoni_prjna597909_primary	condition	condition__adult_pzq_vs_juvenile_pzq	adult_pzq	juvenile_pzq	Smp_244890	212.860452879601	1.73147724843657	0.171873825803516	10.0741182686884	7.19028018041313e-24	9.70893260932357e-23	Smp_244890	protein_coding
smansoni_prjna597909_primary	condition	condition__adult_pzq_vs_juvenile_pzq	adult_pzq	juvenile_pzq	Smp_135300	264.168219603845	-1.03417244962275	0.102760294330019	-10.0639303961262	7.97494568663945e-24	1.07377758732359e-22	Smp_135300	protein_coding
smansoni_prjna597909_primary	condition	condition__adult_pzq_vs_juvenile_pzq	adult_pzq	juvenile_pzq	Smp_047550	174.362383443454	-1.02500274389416	0.102132035743205	-10.0360551558119	1.05821865706895e-23	1.42077879923519e-22	Smp_047550	protein_coding
smansoni_prjna597909_primary	condition	condition__adult_pzq_vs_juvenile_pzq	adult_pzq	juvenile_pzq	Smp_244960	512.526457053049	1.45662631532499	0.145534796828813	10.008783789614	1.39456345266178e-23	1.85915567765292e-22	Smp_244960	protein_coding
smansoni_prjna597909_primary	condition	condition__adult_pzq_vs_juvenile_pzq	adult_pzq	juvenile_pzq	Smp_136870	40.8200711704213	4.56235920628512	0.456328426930922	9.99797281306729	1.5554857188194e-23	2.07076774849028e-22	Smp_136870	protein_coding
smansoni_prjna597909_primary	condition	condition__adult_pzq_vs_juvenile_pzq	adult_pzq	juvenile_pzq	Smp_347900	248.748895130965	-1.02977042103807	0.103256176973569	-9.97296676306028	2.00158902020946e-23	2.64601670196081e-22	Smp_347900	protein_coding
smansoni_prjna597909_primary	condition	condition__adult_pzq_vs_juvenile_pzq	adult_pzq	juvenile_pzq	Smp_061050	171.039775184532	-1.00342624683475	0.10067840533664	-9.96664819510776	2.13306070096699e-23	2.81195115000558e-22	Smp_061050	protein_coding
smansoni_prjna597909_primary	condition	condition__adult_pzq_vs_juvenile_pzq	adult_pzq	juvenile_pzq	Smp_176780	527.676266472716	-1.12267201220821	0.112807490628621	-9.95210518337136	2.46903997792048e-23	3.24130081545894e-22	Smp_176780	protein_coding
smansoni_prjna597909_primary	condition	condition__adult_pzq_vs_juvenile_pzq	adult_pzq	juvenile_pzq	Smp_130890	748.7012663851	-1.0136767106922	0.101899232363271	-9.94783461251638	2.57730014453633e-23	3.36938325949618e-22	Smp_130890	protein_coding
smansoni_prjna597909_primary	condition	condition__adult_pzq_vs_juvenile_pzq	adult_pzq	juvenile_pzq	Smp_000390	2920.10786311452	7.51149817882286	0.755404849651744	9.94367216769366	2.68733903187812e-23	3.50354876266372e-22	Smp_000390	protein_coding
smansoni_prjna597909_primary	condition	condition__adult_pzq_vs_juvenile_pzq	adult_pzq	juvenile_pzq	Smp_128710	36.3747909692955	2.74711915259061	0.276932748182259	9.91980605624378	3.41418933691743e-23	4.43281835337137e-22	Smp_128710	protein_coding
smansoni_prjna597909_primary	condition	condition__adult_pzq_vs_juvenile_pzq	adult_pzq	juvenile_pzq	Smp_074190	664.046850054906	1.02665042565074	0.103689087720065	9.9012388692477	4.11149926818221e-23	5.32354672367921e-22	Smp_074190	protein_coding
smansoni_prjna597909_primary	condition	condition__adult_pzq_vs_juvenile_pzq	adult_pzq	juvenile_pzq	Smp_210800	90.8076297204758	3.47711790294799	0.352255197778294	9.87101943386071	5.55966674863334e-23	7.15939647249078e-22	Smp_210800	protein_coding
smansoni_prjna597909_primary	condition	condition__adult_pzq_vs_juvenile_pzq	adult_pzq	juvenile_pzq	Smp_327040	271.327797023169	1.93914752231282	0.196598021399396	9.86351494541937	5.99144506542512e-23	7.69444820086933e-22	Smp_327040	protein_coding
smansoni_prjna597909_primary	condition	condition__adult_pzq_vs_juvenile_pzq	adult_pzq	juvenile_pzq	Smp_150650	325.652096589564	1.50902300210303	0.153161570134697	9.85249107054679	6.68657894723381e-23	8.53089409302631e-22	Smp_150650	protein_coding
smansoni_prjna597909_primary	condition	condition__adult_pzq_vs_juvenile_pzq	adult_pzq	juvenile_pzq	Smp_105410	3895.44143761243	1.10213392696326	0.1121743779989	9.82518420538122	8.77135254892341e-23	1.1143390361885e-21	Smp_105410	protein_coding
smansoni_prjna597909_primary	condition	condition__adult_pzq_vs_juvenile_pzq	adult_pzq	juvenile_pzq	Smp_151220	452.751471031443	-1.22301541172675	0.124586397057453	-9.81660470655364	9.55061668158463e-23	1.21008617794019e-21	Smp_151220	protein_coding
smansoni_prjna597909_primary	condition	condition__adult_pzq_vs_juvenile_pzq	adult_pzq	juvenile_pzq	Smp_346070	729.167014184922	-2.94826758545208	0.300397998260866	-9.81453805458385	9.74834458933298e-23	1.23348531537316e-21	Smp_346070	protein_coding
smansoni_prjna597909_primary	condition	condition__adult_pzq_vs_juvenile_pzq	adult_pzq	juvenile_pzq	Smp_156400	42.8761692105684	2.85569655963005	0.291150550691061	9.80831584502213	1.03684535097176e-22	1.30670163431801e-21	Smp_156400	protein_coding
smansoni_prjna597909_primary	condition	condition__adult_pzq_vs_juvenile_pzq	adult_pzq	juvenile_pzq	Smp_158520	718.109220493466	1.22254990143235	0.125125733418527	9.77057131280185	1.50600407200361e-22	1.87546119744113e-21	Smp_158520	protein_coding
smansoni_prjna597909_primary	condition	condition__adult_pzq_vs_juvenile_pzq	adult_pzq	juvenile_pzq	Smp_171190	4075.97717238522	-1.100684520118	0.112682012337854	-9.76805878135922	1.54381650928513e-22	1.91749719392419e-21	Smp_171190	protein_coding
smansoni_prjna597909_primary	condition	condition__adult_pzq_vs_juvenile_pzq	adult_pzq	juvenile_pzq	Smp_323440	23.7039211572137	4.02559702284786	0.413698458696373	9.73075180297536	2.22939103304432e-22	2.73664987588766e-21	Smp_323440	protein_coding
smansoni_prjna597909_primary	condition	condition__adult_pzq_vs_juvenile_pzq	adult_pzq	juvenile_pzq	Smp_201600	497.841063197042	2.32864317668252	0.239345715535173	9.72920351415408	2.26358358243469e-22	2.77142383693946e-21	Smp_201600	protein_coding
smansoni_prjna597909_primary	condition	condition__adult_pzq_vs_juvenile_pzq	adult_pzq	juvenile_pzq	Smp_311490	70.3460218663706	-1.68003085151359	0.172773767527112	-9.72387692622349	2.38522893835035e-22	2.90905599035967e-21	Smp_311490	protein_coding
smansoni_prjna597909_primary	condition	condition__adult_pzq_vs_juvenile_pzq	adult_pzq	juvenile_pzq	Smp_324180	114.808131000818	9.02281784958496	0.930209481210708	9.69976981726887	3.0217958156938e-22	3.66179667306895e-21	Smp_324180	protein_coding
smansoni_prjna597909_primary	condition	condition__adult_pzq_vs_juvenile_pzq	adult_pzq	juvenile_pzq	Smp_143970	103.442003116409	1.89084533349819	0.194959740735411	9.69864509649887	3.0552878541844e-22	3.69764158742009e-21	Smp_143970	protein_coding
smansoni_prjna597909_primary	condition	condition__adult_pzq_vs_juvenile_pzq	adult_pzq	juvenile_pzq	Smp_171270	133.749377727624	1.36599006667415	0.140927029014494	9.69288912302028	3.23252654187974e-22	3.90215081402903e-21	Smp_171270	protein_coding
smansoni_prjna597909_primary	condition	condition__adult_pzq_vs_juvenile_pzq	adult_pzq	juvenile_pzq	Smp_086960	144.15254440345	1.9462024456069	0.200867318939991	9.68899498374014	3.35816810719542e-22	4.04864859046061e-21	Smp_086960	protein_coding
smansoni_prjna597909_primary	condition	condition__adult_pzq_vs_juvenile_pzq	adult_pzq	juvenile_pzq	Smp_199800	307.856664936243	1.10124085276887	0.113671986866456	9.68788250409159	3.39494075402745e-22	4.08776815376655e-21	Smp_199800	protein_coding
smansoni_prjna597909_primary	condition	condition__adult_pzq_vs_juvenile_pzq	adult_pzq	juvenile_pzq	Smp_126970	234.008707426102	-1.17376011143925	0.121170634584403	-9.68683638131525	3.42988344003229e-22	4.12458756681745e-21	Smp_126970	protein_coding
smansoni_prjna597909_primary	condition	condition__adult_pzq_vs_juvenile_pzq	adult_pzq	juvenile_pzq	Smp_202770	1122.68481539131	1.56397226130306	0.161540795209194	9.68159318070539	3.61045210568138e-22	4.33070981001274e-21	Smp_202770	protein_coding
smansoni_prjna597909_primary	condition	condition__adult_pzq_vs_juvenile_pzq	adult_pzq	juvenile_pzq	Smp_122810	200.511565010167	-1.05485968551648	0.108978581997849	-9.67951377397532	3.6846415744675e-22	4.40293706218291e-21	Smp_122810	protein_coding
smansoni_prjna597909_primary	condition	condition__adult_pzq_vs_juvenile_pzq	adult_pzq	juvenile_pzq	Smp_331470	27.4968762563686	-4.67623067199923	0.483104502998624	-9.67954271378949	3.68359877363073e-22	4.40293706218291e-21	Smp_331470	protein_coding
smansoni_prjna597909_primary	condition	condition__adult_pzq_vs_juvenile_pzq	adult_pzq	juvenile_pzq	Smp_159490	259.610786569831	-1.03854647542634	0.107467257925332	-9.66384083371627	4.29453998730872e-22	5.11878839344793e-21	Smp_159490	protein_coding
smansoni_prjna597909_primary	condition	condition__adult_pzq_vs_juvenile_pzq	adult_pzq	juvenile_pzq	Smp_211190	359.179788800464	1.11289975115132	0.115206157340723	9.66007179512043	4.4555160058084e-22	5.2973002876605e-21	Smp_211190	protein_coding
smansoni_prjna597909_primary	condition	condition__adult_pzq_vs_juvenile_pzq	adult_pzq	juvenile_pzq	Smp_307800	451.564123853787	1.15258464886057	0.119419058762318	9.65159716385458	4.83960108347949e-22	5.70372935673917e-21	Smp_307800	protein_coding
smansoni_prjna597909_primary	condition	condition__adult_pzq_vs_juvenile_pzq	adult_pzq	juvenile_pzq	Smp_112450	912.84530578305	7.13410930542249	0.739351951241188	9.64913840214542	4.95704519567893e-22	5.83486814315781e-21	Smp_112450	protein_coding
smansoni_prjna597909_primary	condition	condition__adult_pzq_vs_juvenile_pzq	adult_pzq	juvenile_pzq	Smp_334460	106.190500988409	1.27680868775985	0.133461802263256	9.56684733839661	1.10215279919408e-21	1.2750977059954e-20	Smp_334460	protein_coding
smansoni_prjna597909_primary	condition	condition__adult_pzq_vs_juvenile_pzq	adult_pzq	juvenile_pzq	Smp_132740	2267.0793284817	-1.02341634443541	0.107096294491475	-9.5560387900898	1.22350247946429e-21	1.41203240975537e-20	Smp_132740	protein_coding
smansoni_prjna597909_primary	condition	condition__adult_pzq_vs_juvenile_pzq	adult_pzq	juvenile_pzq	Smp_325680	1306.57149785552	-1.34683923045633	0.14151115742163	-9.51754797993376	1.77313353218026e-21	2.02656083992355e-20	Smp_325680	protein_coding
smansoni_prjna597909_primary	condition	condition__adult_pzq_vs_juvenile_pzq	adult_pzq	juvenile_pzq	Smp_122280	86.951478156808	8.84875278844387	0.930396376081024	9.51073436648175	1.89321257491632e-21	2.15338691433322e-20	Smp_122280	protein_coding
smansoni_prjna597909_primary	condition	condition__adult_pzq_vs_juvenile_pzq	adult_pzq	juvenile_pzq	Smp_244390	58.7207855776978	2.56834432927249	0.270614314571156	9.49079258184315	2.29284220436448e-21	2.58924068287372e-20	Smp_244390	protein_coding
smansoni_prjna597909_primary	condition	condition__adult_pzq_vs_juvenile_pzq	adult_pzq	juvenile_pzq	Smp_336780	3127.4652125372	-1.11240189484982	0.117246593665976	-9.48771183936438	2.36161083480497e-21	2.66054178910328e-20	Smp_336780	protein_coding
smansoni_prjna597909_primary	condition	condition__adult_pzq_vs_juvenile_pzq	adult_pzq	juvenile_pzq	Smp_150420	142.85213237486	-1.04904485294547	0.110606455287811	-9.48448126482071	2.43591599478091e-21	2.73772627617945e-20	Smp_150420	protein_coding
smansoni_prjna597909_primary	condition	condition__adult_pzq_vs_juvenile_pzq	adult_pzq	juvenile_pzq	Smp_342340	45.6688647473136	2.02797880289738	0.213817955546348	9.48460477846905	2.43303304535619e-21	2.73772627617945e-20	Smp_342340	protein_coding
smansoni_prjna597909_primary	condition	condition__adult_pzq_vs_juvenile_pzq	adult_pzq	juvenile_pzq	Smp_131100	637.252618474938	1.08819345508598	0.115231886095558	9.44350988218299	3.60496968843608e-21	4.0040156868505e-20	Smp_131100	protein_coding
smansoni_prjna597909_primary	condition	condition__adult_pzq_vs_juvenile_pzq	adult_pzq	juvenile_pzq	Smp_243810	391.197040032927	1.87640896864548	0.199424827446238	9.40910413549853	5.00383484442703e-21	5.51238309435015e-20	Smp_243810	protein_coding
smansoni_prjna597909_primary	condition	condition__adult_pzq_vs_juvenile_pzq	adult_pzq	juvenile_pzq	Smp_092150	71.0554419628879	2.38367913709608	0.253575664504441	9.40026773371357	5.44244065314854e-21	5.98162198297209e-20	Smp_092150	protein_coding
smansoni_prjna597909_primary	condition	condition__adult_pzq_vs_juvenile_pzq	adult_pzq	juvenile_pzq	Smp_344070	28.366520852595	3.0512664584125	0.32513929450573	9.38449000158832	6.3221655662696e-21	6.93237922649423e-20	Smp_344070	protein_coding
smansoni_prjna597909_primary	condition	condition__adult_pzq_vs_juvenile_pzq	adult_pzq	juvenile_pzq	Smp_024010	37.5974184961179	-3.04522209351691	0.324543398275704	-9.38309671278524	6.40629704132118e-21	7.01649126704146e-20	Smp_024010	protein_coding
smansoni_prjna597909_primary	condition	condition__adult_pzq_vs_juvenile_pzq	adult_pzq	juvenile_pzq	Smp_162550	809.189304620935	-1.0382192827281	0.110803359851291	-9.36992600334045	7.25833962697676e-21	7.92215082611828e-20	Smp_162550	protein_coding
smansoni_prjna597909_primary	condition	condition__adult_pzq_vs_juvenile_pzq	adult_pzq	juvenile_pzq	Smp_306850	233.05885970684	5.44840295194195	0.581790556613795	9.36488722617531	7.61315495517431e-21	8.2998316766214e-20	Smp_306850	protein_coding
smansoni_prjna597909_primary	condition	condition__adult_pzq_vs_juvenile_pzq	adult_pzq	juvenile_pzq	Smp_050380	540.408696873063	-1.14321707774051	0.12231272696083	-9.34667312344869	9.04479541725535e-21	9.83790636178338e-20	Smp_050380	protein_coding
smansoni_prjna597909_primary	condition	condition__adult_pzq_vs_juvenile_pzq	adult_pzq	juvenile_pzq	Smp_098340	113.931478960576	2.09415810685788	0.224489381832262	9.32853968310463	1.07339565106102e-20	1.1608393242367e-19	Smp_098340	protein_coding
smansoni_prjna597909_primary	condition	condition__adult_pzq_vs_juvenile_pzq	adult_pzq	juvenile_pzq	Smp_172340	184.869872761075	1.2515573512654	0.134178824260655	9.3275325533792	1.08364167436383e-20	1.17055033080032e-19	Smp_172340	protein_coding
smansoni_prjna597909_primary	condition	condition__adult_pzq_vs_juvenile_pzq	adult_pzq	juvenile_pzq	Smp_171280	349.474573518516	1.60454688315893	0.172203004795274	9.31776356090021	1.18818295658438e-20	1.28058213291169e-19	Smp_171280	protein_coding
smansoni_prjna597909_primary	condition	condition__adult_pzq_vs_juvenile_pzq	adult_pzq	juvenile_pzq	Smp_058690	3808.08041974757	1.00632663371503	0.108023876414158	9.3157796879722	1.2106008350288e-20	1.30325729985105e-19	Smp_058690	protein_coding
smansoni_prjna597909_primary	condition	condition__adult_pzq_vs_juvenile_pzq	adult_pzq	juvenile_pzq	Smp_333140	1521.83814869415	-1.03668907301298	0.111314698603148	-9.31313731270036	1.24111054876242e-20	1.33306555760254e-19	Smp_333140	protein_coding
smansoni_prjna597909_primary	condition	condition__adult_pzq_vs_juvenile_pzq	adult_pzq	juvenile_pzq	Smp_086630	42.0575523503711	2.39362847926958	0.2571044352665	9.3099462745109	1.27897027435731e-20	1.37061530988949e-19	Smp_086630	protein_coding
smansoni_prjna597909_primary	condition	condition__adult_pzq_vs_juvenile_pzq	adult_pzq	juvenile_pzq	Smp_033930	200.766255978738	1.07374187203656	0.115453704850432	9.30019416377827	1.40189442195755e-20	1.50064621476136e-19	Smp_033930	protein_coding
smansoni_prjna597909_primary	condition	condition__adult_pzq_vs_juvenile_pzq	adult_pzq	juvenile_pzq	Smp_341340	52.6958888317117	3.67931622414477	0.395912456199191	9.29325704845628	1.49637689338466e-20	1.59636054133993e-19	Smp_341340	protein_coding
smansoni_prjna597909_primary	condition	condition__adult_pzq_vs_juvenile_pzq	adult_pzq	juvenile_pzq	Smp_348100	16389.9921211919	1.91842358235379	0.206585290186159	9.28635132068237	1.59668036257583e-20	1.69380727127573e-19	Smp_348100	protein_coding
smansoni_prjna597909_primary	condition	condition__adult_pzq_vs_juvenile_pzq	adult_pzq	juvenile_pzq	Smp_189830	111.239932629498	-1.29033151576332	0.138957245611619	-9.28581672790031	1.60471677921441e-20	1.70042410281778e-19	Smp_189830	protein_coding
smansoni_prjna597909_primary	condition	condition__adult_pzq_vs_juvenile_pzq	adult_pzq	juvenile_pzq	Smp_305050	311.493578606289	-1.05863441211065	0.114123431829767	-9.27622307826993	1.75592731484269e-20	1.85441619887074e-19	Smp_305050	protein_coding
smansoni_prjna597909_primary	condition	condition__adult_pzq_vs_juvenile_pzq	adult_pzq	juvenile_pzq	Smp_245570	90.6686609007865	2.28793024711834	0.246824549443885	9.26945983401256	1.87090991736377e-20	1.97144264647964e-19	Smp_245570	protein_coding
smansoni_prjna597909_primary	condition	condition__adult_pzq_vs_juvenile_pzq	adult_pzq	juvenile_pzq	Smp_337145	441.179135873349	1.20740336287073	0.130883568255731	9.22501868616241	2.83511464012985e-20	2.97419573568339e-19	Smp_337145	protein_coding
smansoni_prjna597909_primary	condition	condition__adult_pzq_vs_juvenile_pzq	adult_pzq	juvenile_pzq	Smp_326180	109.014967204913	-1.77378756442471	0.19242802791772	-9.21792726152739	3.02898524216117e-20	3.17053914827324e-19	Smp_326180	protein_coding
smansoni_prjna597909_primary	condition	condition__adult_pzq_vs_juvenile_pzq	adult_pzq	juvenile_pzq	Smp_079960	131.807724301178	1.93980498955349	0.210736245549221	9.20489488885959	3.42005786920315e-20	3.5719764618462e-19	Smp_079960	protein_coding
smansoni_prjna597909_primary	condition	condition__adult_pzq_vs_juvenile_pzq	adult_pzq	juvenile_pzq	Smp_078720	55.2864684862363	2.7104482915801	0.294839111918555	9.19297400518836	3.82127385296401e-20	3.98660932209887e-19	Smp_078720	protein_coding
smansoni_prjna597909_primary	condition	condition__adult_pzq_vs_juvenile_pzq	adult_pzq	juvenile_pzq	Smp_062560	547.42477810598	-1.03756668939182	0.112927336236906	-9.18791431700069	4.00531741042818e-20	4.17400883829847e-19	Smp_062560	protein_coding
smansoni_prjna597909_primary	condition	condition__adult_pzq_vs_juvenile_pzq	adult_pzq	juvenile_pzq	Smp_245800	1111.84708099047	-1.05643157845028	0.115512654018009	-9.14559177460833	5.93042704579556e-20	6.11947559354363e-19	Smp_245800	protein_coding
smansoni_prjna597909_primary	condition	condition__adult_pzq_vs_juvenile_pzq	adult_pzq	juvenile_pzq	Smp_194610	678.86819150549	-1.19978089988188	0.131486915672088	-9.12471703932867	7.1923899066566e-20	7.39743954273321e-19	Smp_194610	protein_coding
smansoni_prjna597909_primary	condition	condition__adult_pzq_vs_juvenile_pzq	adult_pzq	juvenile_pzq	Smp_213740	201.840383168747	-1.12286364907701	0.123310988510619	-9.10594962086703	8.55150127207667e-20	8.78573804605094e-19	Smp_213740	protein_coding
smansoni_prjna597909_primary	condition	condition__adult_pzq_vs_juvenile_pzq	adult_pzq	juvenile_pzq	Smp_343560	241.016207924551	-1.1404713438051	0.125644398712432	-9.07697721102037	1.11631972869653e-19	1.13578622988585e-18	Smp_343560	protein_coding
smansoni_prjna597909_primary	condition	condition__adult_pzq_vs_juvenile_pzq	adult_pzq	juvenile_pzq	Smp_194750	141.578162707595	3.12531685156077	0.344605799361449	9.0692520478528	1.19836785847055e-19	1.21403783475494e-18	Smp_194750	protein_coding
smansoni_prjna597909_primary	condition	condition__adult_pzq_vs_juvenile_pzq	adult_pzq	juvenile_pzq	Smp_313330	119.456268783151	1.73749059198028	0.191613182256784	9.06769863908343	1.21557221738444e-19	1.23014867223959e-18	Smp_313330	protein_coding
smansoni_prjna597909_primary	condition	condition__adult_pzq_vs_juvenile_pzq	adult_pzq	juvenile_pzq	Smp_306210	180.058111724984	-1.05643626540828	0.11678492264171	-9.04599876003999	1.48303144396211e-19	1.49123544769467e-18	Smp_306210	protein_coding
smansoni_prjna597909_primary	condition	condition__adult_pzq_vs_juvenile_pzq	adult_pzq	juvenile_pzq	Smp_000910	198.63654570626	-1.07953179548102	0.119607345535821	-9.02563124902479	1.78662310642715e-19	1.78889423749464e-18	Smp_000910	protein_coding
smansoni_prjna597909_primary	condition	condition__adult_pzq_vs_juvenile_pzq	adult_pzq	juvenile_pzq	Smp_046360	592.228382318286	1.66340946889478	0.184387229108074	9.02128350722061	1.85898311748446e-19	1.85937655306488e-18	Smp_046360	protein_coding
smansoni_prjna597909_primary	condition	condition__adult_pzq_vs_juvenile_pzq	adult_pzq	juvenile_pzq	Smp_041880	45.3751326131213	5.98734497138766	0.664414940047653	9.01145445488965	2.03341535378931e-19	2.02527312160344e-18	Smp_041880	protein_coding
smansoni_prjna597909_primary	condition	condition__adult_pzq_vs_juvenile_pzq	adult_pzq	juvenile_pzq	Smp_246790	1552.0534346426	-1.182468795501	0.131361368502912	-9.00164796528282	2.22354542886052e-19	2.20303473727354e-18	Smp_246790	protein_coding
smansoni_prjna597909_primary	condition	condition__adult_pzq_vs_juvenile_pzq	adult_pzq	juvenile_pzq	Smp_196840	24085.1845295814	-1.01575361696083	0.112854087834256	-9.00059214915302	2.24503487719215e-19	2.21967255849584e-18	Smp_196840	protein_coding
smansoni_prjna597909_primary	condition	condition__adult_pzq_vs_juvenile_pzq	adult_pzq	juvenile_pzq	Smp_033000	118.451991792751	1.60402693987153	0.17848525534224	8.98688766641176	2.54330356398544e-19	2.50932205498856e-18	Smp_033000	protein_coding
smansoni_prjna597909_primary	condition	condition__adult_pzq_vs_juvenile_pzq	adult_pzq	juvenile_pzq	Smp_329090	206.351399628605	1.3476060410409	0.150405776557478	8.95980242172353	3.25260694258464e-19	3.19248606659502e-18	Smp_329090	protein_coding
smansoni_prjna597909_primary	condition	condition__adult_pzq_vs_juvenile_pzq	adult_pzq	juvenile_pzq	Smp_163520	932.082050211817	1.02587511568138	0.114503359044235	8.95934516021549	3.26612254865321e-19	3.20242638276661e-18	Smp_163520	protein_coding
smansoni_prjna597909_primary	condition	condition__adult_pzq_vs_juvenile_pzq	adult_pzq	juvenile_pzq	Smp_055240	481.117192114563	-1.06135367072893	0.118631538794413	-8.9466400041244	3.66467039669423e-19	3.58205424917827e-18	Smp_055240	protein_coding
smansoni_prjna597909_primary	condition	condition__adult_pzq_vs_juvenile_pzq	adult_pzq	juvenile_pzq	Smp_267070	161.75429865134	-1.02059362961847	0.114538070118435	-8.91051882193534	5.07943054358817e-19	4.90907745378276e-18	Smp_267070	protein_coding
smansoni_prjna597909_primary	condition	condition__adult_pzq_vs_juvenile_pzq	adult_pzq	juvenile_pzq	Smp_088990	562.787737328163	1.05185228441818	0.118139312934751	8.90349078802519	5.41172660506905e-19	5.22488660583377e-18	Smp_088990	protein_coding
smansoni_prjna597909_primary	condition	condition__adult_pzq_vs_juvenile_pzq	adult_pzq	juvenile_pzq	Smp_089050	746.840830881077	1.24495934512954	0.139870990082449	8.90076880413643	5.54611755684405e-19	5.32742918163516e-18	Smp_089050	protein_coding
smansoni_prjna597909_primary	condition	condition__adult_pzq_vs_juvenile_pzq	adult_pzq	juvenile_pzq	Smp_300070	1645.77563324227	-1.14063221363238	0.128179446362943	-8.89871384217601	5.6497550017823e-19	5.42147048495902e-18	Smp_300070	protein_coding
smansoni_prjna597909_primary	condition	condition__adult_pzq_vs_juvenile_pzq	adult_pzq	juvenile_pzq	Smp_322860	75.8888108267549	2.82875203354917	0.318032047286598	8.89455027467724	5.8656350991393e-19	5.61722218409976e-18	Smp_322860	protein_coding
smansoni_prjna597909_primary	condition	condition__adult_pzq_vs_juvenile_pzq	adult_pzq	juvenile_pzq	Smp_316140	84486.4305873258	6.7410700406418	0.758907955784509	8.88259240038317	6.53199499884069e-19	6.22383233155668e-18	Smp_316140	protein_coding
smansoni_prjna597909_primary	condition	condition__adult_pzq_vs_juvenile_pzq	adult_pzq	juvenile_pzq	Smp_343930	75.5295660649649	1.30471575854304	0.146929689441151	8.87986467204514	6.6941752784086e-19	6.36552763898573e-18	Smp_343930	protein_coding
smansoni_prjna597909_primary	condition	condition__adult_pzq_vs_juvenile_pzq	adult_pzq	juvenile_pzq	Smp_343820	140.000221028781	-1.20250285139817	0.135608990861405	-8.86742717986264	7.48552967640986e-19	7.11087703531919e-18	Smp_343820	protein_coding
smansoni_prjna597909_primary	condition	condition__adult_pzq_vs_juvenile_pzq	adult_pzq	juvenile_pzq	Smp_334670	248.633676779346	1.37632444708724	0.155831483583054	8.83213337536949	1.02697882907163e-18	9.66833057010459e-18	Smp_334670	protein_coding
smansoni_prjna597909_primary	condition	condition__adult_pzq_vs_juvenile_pzq	adult_pzq	juvenile_pzq	Smp_136620	271.739640685079	2.15763049299101	0.245021595625817	8.80587887561563	1.29831191900503e-18	1.21501428301342e-17	Smp_136620	protein_coding
smansoni_prjna597909_primary	condition	condition__adult_pzq_vs_juvenile_pzq	adult_pzq	juvenile_pzq	Smp_322480	55.7345090246963	1.88281522587638	0.214147495145524	8.79214218497822	1.46734904156091e-18	1.36778926438203e-17	Smp_322480	protein_coding
smansoni_prjna597909_primary	condition	condition__adult_pzq_vs_juvenile_pzq	adult_pzq	juvenile_pzq	Smp_336210	190.071723290953	2.46912662886327	0.281157499865389	8.78200521076417	1.60585648627955e-18	1.49248333415087e-17	Smp_336210	protein_coding
smansoni_prjna597909_primary	condition	condition__adult_pzq_vs_juvenile_pzq	adult_pzq	juvenile_pzq	Smp_213640	253.088962361184	1.2308361200428	0.14029807078573	8.77300816147781	1.73955423470258e-18	1.61198692415773e-17	Smp_213640	protein_coding
smansoni_prjna597909_primary	condition	condition__adult_pzq_vs_juvenile_pzq	adult_pzq	juvenile_pzq	Smp_333780	447.377250603886	1.03098277027982	0.118090336701568	8.73045838530605	2.53642518512777e-18	2.32986305634866e-17	Smp_333780	protein_coding
smansoni_prjna597909_primary	condition	condition__adult_pzq_vs_juvenile_pzq	adult_pzq	juvenile_pzq	Smp_018940	135.521996930729	-1.25105220214668	0.143480159136521	-8.71933938236235	2.79829634655884e-18	2.56542163604987e-17	Smp_018940	protein_coding
smansoni_prjna597909_primary	condition	condition__adult_pzq_vs_juvenile_pzq	adult_pzq	juvenile_pzq	Smp_333860	123.300589633633	-1.21519642876423	0.139709217801691	-8.69804045778234	3.37664161882832e-18	3.08069658119356e-17	Smp_333860	protein_coding
smansoni_prjna597909_primary	condition	condition__adult_pzq_vs_juvenile_pzq	adult_pzq	juvenile_pzq	Smp_349210	22.4549793486346	4.83018874729061	0.555995378028888	8.68746205123965	3.70626165189161e-18	3.37166363173047e-17	Smp_349210	protein_coding
smansoni_prjna597909_primary	condition	condition__adult_pzq_vs_juvenile_pzq	adult_pzq	juvenile_pzq	Smp_125210	139.462356928987	1.20491029693329	0.13955431627143	8.63398803509429	5.92492001765866e-18	5.30325227338159e-17	Smp_125210	protein_coding
smansoni_prjna597909_primary	condition	condition__adult_pzq_vs_juvenile_pzq	adult_pzq	juvenile_pzq	Smp_165570	58.1298312879103	-1.62211307822479	0.187884258629256	-8.63357627754034	5.94629717879012e-18	5.31735108173361e-17	Smp_165570	protein_coding
smansoni_prjna597909_primary	condition	condition__adult_pzq_vs_juvenile_pzq	adult_pzq	juvenile_pzq	Smp_185680	3493.50810388666	3.20008215140638	0.370811729841307	8.62993776592746	6.13853647452311e-18	5.48406869160609e-17	Smp_185680	protein_coding
smansoni_prjna597909_primary	condition	condition__adult_pzq_vs_juvenile_pzq	adult_pzq	juvenile_pzq	Smp_246770	525.571408010707	3.38856603821079	0.392975478965947	8.62284345864852	6.53117108815062e-18	5.8073969073565e-17	Smp_246770	protein_coding
smansoni_prjna597909_primary	condition	condition__adult_pzq_vs_juvenile_pzq	adult_pzq	juvenile_pzq	Smp_343690	72.798793378443	2.71025102855822	0.314786440648075	8.60980867847555	7.3182610002973e-18	6.49504253284601e-17	Smp_343690	protein_coding
smansoni_prjna597909_primary	condition	condition__adult_pzq_vs_juvenile_pzq	adult_pzq	juvenile_pzq	Smp_242140	373.384792250024	1.06244115463489	0.123620509470234	8.59437612082253	8.37183889338164e-18	7.40923419665199e-17	Smp_242140	protein_coding
smansoni_prjna597909_primary	condition	condition__adult_pzq_vs_juvenile_pzq	adult_pzq	juvenile_pzq	Smp_333360	143.022162602526	2.08728717397869	0.243385043836836	8.57607000444115	9.81698110695349e-18	8.61560867436624e-17	Smp_333360	protein_coding
smansoni_prjna597909_primary	condition	condition__adult_pzq_vs_juvenile_pzq	adult_pzq	juvenile_pzq	Smp_105340	379.470448768351	-1.08744134721111	0.126826874751459	-8.57421859004377	9.97617942485513e-18	8.73909619311684e-17	Smp_105340	protein_coding
smansoni_prjna597909_primary	condition	condition__adult_pzq_vs_juvenile_pzq	adult_pzq	juvenile_pzq	Smp_154250	1290.83782884702	1.10304573693416	0.128824359769437	8.5624003015294	1.10541619549952e-17	9.67443877764954e-17	Smp_154250	protein_coding
smansoni_prjna597909_primary	condition	condition__adult_pzq_vs_juvenile_pzq	adult_pzq	juvenile_pzq	Smp_053120	202.898037789357	1.06774482853652	0.124761682636073	8.55827531319136	1.14568503582344e-17	1.00083317547164e-16	Smp_053120	protein_coding
smansoni_prjna597909_primary	condition	condition__adult_pzq_vs_juvenile_pzq	adult_pzq	juvenile_pzq	Smp_044800	205.969393312832	-1.13455747424679	0.132623460278423	-8.55472683237908	1.18148179568384e-17	1.03115105566054e-16	Smp_044800	protein_coding
smansoni_prjna597909_primary	condition	condition__adult_pzq_vs_juvenile_pzq	adult_pzq	juvenile_pzq	Smp_319770	21.8932163339704	3.97789652779424	0.466554778605353	8.5261082089549	1.51353687934368e-17	1.30887013573252e-16	Smp_319770	protein_coding
smansoni_prjna597909_primary	condition	condition__adult_pzq_vs_juvenile_pzq	adult_pzq	juvenile_pzq	Smp_349240	28.2013515497646	5.91584374948794	0.694661453887143	8.51615375573876	1.64939814674297e-17	1.42115873135958e-16	Smp_349240	protein_coding
smansoni_prjna597909_primary	condition	condition__adult_pzq_vs_juvenile_pzq	adult_pzq	juvenile_pzq	Smp_176570	209.974002851033	-1.25394036822866	0.147461944916918	-8.5034845358587	1.83983054759267e-17	1.57366868768685e-16	Smp_176570	protein_coding
smansoni_prjna597909_primary	condition	condition__adult_pzq_vs_juvenile_pzq	adult_pzq	juvenile_pzq	Smp_148290	54.0522680117746	2.25859662544728	0.266215633726765	8.48408710573859	2.17418849905218e-17	1.84639979272607e-16	Smp_148290	protein_coding
smansoni_prjna597909_primary	condition	condition__adult_pzq_vs_juvenile_pzq	adult_pzq	juvenile_pzq	Smp_316170	44384.8372048844	6.565353639993	0.77524566719449	8.46873954646162	2.4806265123629e-17	2.10097507122349e-16	Smp_316170	protein_coding
smansoni_prjna597909_primary	condition	condition__adult_pzq_vs_juvenile_pzq	adult_pzq	juvenile_pzq	Smp_327910	27.2569581296965	4.48591688745972	0.530349376139994	8.45841833568141	2.71028320399483e-17	2.29137717747398e-16	Smp_327910	protein_coding
smansoni_prjna597909_primary	condition	condition__adult_pzq_vs_juvenile_pzq	adult_pzq	juvenile_pzq	Smp_244480	786.053976162994	1.48861762791329	0.176076576624466	8.45437625180658	2.80583189814718e-17	2.37003781066015e-16	Smp_244480	protein_coding
smansoni_prjna597909_primary	condition	condition__adult_pzq_vs_juvenile_pzq	adult_pzq	juvenile_pzq	Smp_196950	246.424137904836	1.71096696757294	0.202679304521694	8.44174481262742	3.12635312464418e-17	2.62902933577729e-16	Smp_196950	protein_coding
smansoni_prjna597909_primary	condition	condition__adult_pzq_vs_juvenile_pzq	adult_pzq	juvenile_pzq	Smp_306970	29.8507485426247	4.23386355041365	0.502097746196825	8.43234924371471	3.38794100027548e-17	2.84142132516449e-16	Smp_306970	protein_coding
smansoni_prjna597909_primary	condition	condition__adult_pzq_vs_juvenile_pzq	adult_pzq	juvenile_pzq	Smp_342310	73.8210788040681	1.60897977100582	0.191655440591942	8.3951687780757	4.65225482750111e-17	3.86406965110197e-16	Smp_342310	protein_coding
smansoni_prjna597909_primary	condition	condition__adult_pzq_vs_juvenile_pzq	adult_pzq	juvenile_pzq	Smp_343210	976.667500798959	2.52837544148584	0.301607928505724	8.38298732401479	5.16010349004063e-17	4.27460983241578e-16	Smp_343210	protein_coding
smansoni_prjna597909_primary	condition	condition__adult_pzq_vs_juvenile_pzq	adult_pzq	juvenile_pzq	Smp_324210	174.930499428057	1.90356435354797	0.227149171825915	8.38023902198877	5.2820326972584e-17	4.36414100126629e-16	Smp_324210	protein_coding
smansoni_prjna597909_primary	condition	condition__adult_pzq_vs_juvenile_pzq	adult_pzq	juvenile_pzq	Smp_245815	687.630503017821	-1.40013507634824	0.167477433094913	-8.36014172461522	6.26429567102436e-17	5.14870632021932e-16	Smp_245815	protein_coding
smansoni_prjna597909_primary	condition	condition__adult_pzq_vs_juvenile_pzq	adult_pzq	juvenile_pzq	Smp_241410	196.48801426409	1.18227271048756	0.141462921102049	8.35747417964515	6.40753244451804e-17	5.25273171427446e-16	Smp_241410	protein_coding
smansoni_prjna597909_primary	condition	condition__adult_pzq_vs_juvenile_pzq	adult_pzq	juvenile_pzq	Smp_327360	208.276962497091	2.1087031723161	0.252514563110169	8.35081805319915	6.7791782436262e-17	5.54777426482726e-16	Smp_327360	protein_coding
smansoni_prjna597909_primary	condition	condition__adult_pzq_vs_juvenile_pzq	adult_pzq	juvenile_pzq	Smp_343710	125.084822279454	1.20814776029495	0.14505759814921	8.32874510339137	8.17037681521624e-17	6.63457058912576e-16	Smp_343710	protein_coding
smansoni_prjna597909_primary	condition	condition__adult_pzq_vs_juvenile_pzq	adult_pzq	juvenile_pzq	Smp_323790	30.4958237301679	2.81758327396915	0.338598265650839	8.32131632025142	8.69917464359268e-17	7.03375523791599e-16	Smp_323790	protein_coding
smansoni_prjna597909_primary	condition	condition__adult_pzq_vs_juvenile_pzq	adult_pzq	juvenile_pzq	Smp_331480	112.01209234642	-1.6195280632813	0.19462834311514	-8.32113163663534	8.71274190951849e-17	7.03870397681784e-16	Smp_331480	protein_coding
smansoni_prjna597909_primary	condition	condition__adult_pzq_vs_juvenile_pzq	adult_pzq	juvenile_pzq	Smp_144510	88.7674901117624	1.32863470680018	0.159900702910763	8.30912361618361	9.64114468351008e-17	7.7292705299862e-16	Smp_144510	protein_coding
smansoni_prjna597909_primary	condition	condition__adult_pzq_vs_juvenile_pzq	adult_pzq	juvenile_pzq	Smp_179970	22.5436468204257	3.71824836067136	0.448442660527984	8.29146887205958	1.11858408005211e-16	8.92977763906461e-16	Smp_179970	protein_coding
smansoni_prjna597909_primary	condition	condition__adult_pzq_vs_juvenile_pzq	adult_pzq	juvenile_pzq	Smp_303980	320.038651623324	1.58317056619146	0.191104031292771	8.28433893038101	1.18766931456372e-16	9.44936899095643e-16	Smp_303980	protein_coding
smansoni_prjna597909_primary	condition	condition__adult_pzq_vs_juvenile_pzq	adult_pzq	juvenile_pzq	Smp_245580	144.1969094412	-1.04493036896988	0.12648910156289	-8.26103084027632	1.44419763165847e-16	1.14039732785596e-15	Smp_245580	protein_coding
smansoni_prjna597909_primary	condition	condition__adult_pzq_vs_juvenile_pzq	adult_pzq	juvenile_pzq	Smp_349610	140.67143035561	1.73586202472859	0.210208742287097	8.25780129714013	1.4838029389598e-16	1.17069327037129e-15	Smp_349610	protein_coding
smansoni_prjna597909_primary	condition	condition__adult_pzq_vs_juvenile_pzq	adult_pzq	juvenile_pzq	Smp_128510	21.8393576849602	3.31487323332751	0.401571380143923	8.25475468928953	1.5221455467216e-16	1.19994326168578e-15	Smp_128510	protein_coding
smansoni_prjna597909_primary	condition	condition__adult_pzq_vs_juvenile_pzq	adult_pzq	juvenile_pzq	Smp_340540	442.757738532522	1.6759828487343	0.20370820768185	8.22737025575244	1.91368231055603e-16	1.50108922816395e-15	Smp_340540	protein_coding
smansoni_prjna597909_primary	condition	condition__adult_pzq_vs_juvenile_pzq	adult_pzq	juvenile_pzq	Smp_156370	113.675482858756	-1.10822948821429	0.134757727880432	-8.22386593811969	1.97046341050888e-16	1.54434661327777e-15	Smp_156370	protein_coding
smansoni_prjna597909_primary	condition	condition__adult_pzq_vs_juvenile_pzq	adult_pzq	juvenile_pzq	Smp_194130	26.1300756279932	8.46312193675442	1.03071916965113	8.21089020748391	2.19554575981106e-16	1.71223585162823e-15	Smp_194130	protein_coding
smansoni_prjna597909_primary	condition	condition__adult_pzq_vs_juvenile_pzq	adult_pzq	juvenile_pzq	Smp_127460	805.385124393493	-1.09060892189143	0.13297992348213	-8.20130507924367	2.37791210830851e-16	1.84532226992874e-15	Smp_127460	protein_coding
smansoni_prjna597909_primary	condition	condition__adult_pzq_vs_juvenile_pzq	adult_pzq	juvenile_pzq	Smp_131640	297.59829814856	-1.07949798158983	0.13241031777873	-8.15267268970516	3.5596810243014e-16	2.72217678330881e-15	Smp_131640	protein_coding
smansoni_prjna597909_primary	condition	condition__adult_pzq_vs_juvenile_pzq	adult_pzq	juvenile_pzq	Smp_340220	510.481758972444	1.32315378694842	0.16242581622627	8.1462037112695	3.75527303318791e-16	2.86942932172127e-15	Smp_340220	protein_coding
smansoni_prjna597909_primary	condition	condition__adult_pzq_vs_juvenile_pzq	adult_pzq	juvenile_pzq	Smp_245690	25.0999258858125	2.36778742571997	0.290859402329158	8.1406597371757	3.93129789504915e-16	2.99908213914484e-15	Smp_245690	protein_coding
smansoni_prjna597909_primary	condition	condition__adult_pzq_vs_juvenile_pzq	adult_pzq	juvenile_pzq	Smp_266900	93.0809655008351	1.52494015431228	0.187480675933799	8.13385244488207	4.15858684995111e-16	3.16991636336596e-15	Smp_266900	protein_coding
smansoni_prjna597909_primary	condition	condition__adult_pzq_vs_juvenile_pzq	adult_pzq	juvenile_pzq	Smp_300490	260.474758281796	1.48663786268643	0.183003696067521	8.12354009581274	4.52779074667271e-16	3.44024743870984e-15	Smp_300490	protein_coding
smansoni_prjna597909_primary	condition	condition__adult_pzq_vs_juvenile_pzq	adult_pzq	juvenile_pzq	Smp_319550	98.7435696582606	7.54673114281189	0.929930195979672	8.1153737941174	4.84291787296642e-16	3.67377686478961e-15	Smp_319550	protein_coding
smansoni_prjna597909_primary	condition	condition__adult_pzq_vs_juvenile_pzq	adult_pzq	juvenile_pzq	Smp_105450	23077.413885912	1.9214962967329	0.237443259181671	8.09244407845131	5.84792526797394e-16	4.40083645729547e-15	Smp_105450	protein_coding
smansoni_prjna597909_primary	condition	condition__adult_pzq_vs_juvenile_pzq	adult_pzq	juvenile_pzq	Smp_345500	2670.02541660313	-2.0889539497661	0.258355455723491	-8.08558094473465	6.18685710887707e-16	4.6485034493725e-15	Smp_345500	protein_coding
smansoni_prjna597909_primary	condition	condition__adult_pzq_vs_juvenile_pzq	adult_pzq	juvenile_pzq	Smp_136480	396.717252901896	1.62630185040947	0.201274117128984	8.08003469898352	6.47483470993558e-16	4.86101172981026e-15	Smp_136480	protein_coding
smansoni_prjna597909_primary	condition	condition__adult_pzq_vs_juvenile_pzq	adult_pzq	juvenile_pzq	Smp_302320	1041.65121832427	3.66644288486877	0.454253266733747	8.07136272509801	6.95178531741663e-16	5.2108068850295e-15	Smp_302320	protein_coding
smansoni_prjna597909_primary	condition	condition__adult_pzq_vs_juvenile_pzq	adult_pzq	juvenile_pzq	Smp_349590	130.613094945873	1.67013214565163	0.206950180968099	8.07021350664618	7.01753437668708e-16	5.25592194361698e-15	Smp_349590	protein_coding
smansoni_prjna597909_primary	condition	condition__adult_pzq_vs_juvenile_pzq	adult_pzq	juvenile_pzq	Smp_005470	145.680095516038	1.19167075147509	0.147697678139804	8.06831066326652	7.12774946369573e-16	5.33424290822265e-15	Smp_005470	protein_coding
smansoni_prjna597909_primary	condition	condition__adult_pzq_vs_juvenile_pzq	adult_pzq	juvenile_pzq	Smp_121230	27.0913677636217	3.24632466100192	0.402851980444052	8.05835596842194	7.73273626986544e-16	5.77785163816349e-15	Smp_121230	protein_coding
smansoni_prjna597909_primary	condition	condition__adult_pzq_vs_juvenile_pzq	adult_pzq	juvenile_pzq	Smp_248100	523.426380236153	1.02267905709086	0.127262105499914	8.03600610781619	9.28141202348971e-16	6.89684799103968e-15	Smp_248100	protein_coding
smansoni_prjna597909_primary	condition	condition__adult_pzq_vs_juvenile_pzq	adult_pzq	juvenile_pzq	Smp_302350	215.445539911283	8.68019464421987	1.08623165378611	7.99110817104684	1.33731151440291e-15	9.78348950010548e-15	Smp_302350	protein_coding
smansoni_prjna597909_primary	condition	condition__adult_pzq_vs_juvenile_pzq	adult_pzq	juvenile_pzq	Smp_131230	134.565518384178	1.15910655157966	0.145340033592215	7.97513611997505	1.52212969300693e-15	1.1067053737155e-14	Smp_131230	protein_coding
smansoni_prjna597909_primary	condition	condition__adult_pzq_vs_juvenile_pzq	adult_pzq	juvenile_pzq	Smp_128330	78.9842308128431	1.44032519180966	0.180648948332784	7.97306159323081	1.5479097969729e-15	1.1245844274395e-14	Smp_128330	protein_coding
smansoni_prjna597909_primary	condition	condition__adult_pzq_vs_juvenile_pzq	adult_pzq	juvenile_pzq	Smp_126470	203.114412566764	1.10745085087365	0.13899485253899	7.96756736414393	1.61828250544004e-15	1.17300661360577e-14	Smp_126470	protein_coding
smansoni_prjna597909_primary	condition	condition__adult_pzq_vs_juvenile_pzq	adult_pzq	juvenile_pzq	Smp_350080	1721.6717154607	-1.23513225375429	0.15523897290495	-7.9563284312023	1.77219591034461e-15	1.28358588081052e-14	Smp_350080	protein_coding
smansoni_prjna597909_primary	condition	condition__adult_pzq_vs_juvenile_pzq	adult_pzq	juvenile_pzq	Smp_127470	89.6727645852262	-1.0745426444014	0.135122537493221	-7.95235690756108	1.8299614342856e-15	1.32238497529568e-14	Smp_127470	protein_coding
smansoni_prjna597909_primary	condition	condition__adult_pzq_vs_juvenile_pzq	adult_pzq	juvenile_pzq	Smp_325640	274.582598183713	1.30147504726759	0.163822425478475	7.94442545619978	1.95092904899144e-15	1.40764743290588e-14	Smp_325640	protein_coding
smansoni_prjna597909_primary	condition	condition__adult_pzq_vs_juvenile_pzq	adult_pzq	juvenile_pzq	Smp_141520	678.50926791531	-1.05868405462861	0.133612503551583	-7.92354028618206	2.30841922568628e-15	1.65673337290711e-14	Smp_141520	protein_coding
smansoni_prjna597909_primary	condition	condition__adult_pzq_vs_juvenile_pzq	adult_pzq	juvenile_pzq	Smp_087320	51.0418256541174	1.81508212251806	0.229197343429081	7.91929825783383	2.38854769695692e-15	1.71164160967679e-14	Smp_087320	protein_coding
smansoni_prjna597909_primary	condition	condition__adult_pzq_vs_juvenile_pzq	adult_pzq	juvenile_pzq	Smp_314210	48.8753410479959	1.55340139528622	0.196259501695996	7.91503790574389	2.47177773188708e-15	1.76726498652017e-14	Smp_314210	protein_coding
smansoni_prjna597909_primary	condition	condition__adult_pzq_vs_juvenile_pzq	adult_pzq	juvenile_pzq	Smp_123540	344.29852245854	-1.12245049137874	0.14206746393095	-7.90082725714232	2.77058401705729e-15	1.97047104057378e-14	Smp_123540	protein_coding
smansoni_prjna597909_primary	condition	condition__adult_pzq_vs_juvenile_pzq	adult_pzq	juvenile_pzq	Smp_349830	100.195708702188	2.43737703242453	0.309830100142336	7.86681807643867	3.63775045709472e-15	2.5678877759865e-14	Smp_349830	protein_coding
smansoni_prjna597909_primary	condition	condition__adult_pzq_vs_juvenile_pzq	adult_pzq	juvenile_pzq	Smp_200520	81.4353688952075	-1.19853498622322	0.152493595293527	-7.85957589835969	3.85436219923791e-15	2.71471173675088e-14	Smp_200520	protein_coding
smansoni_prjna597909_primary	condition	condition__adult_pzq_vs_juvenile_pzq	adult_pzq	juvenile_pzq	Smp_335900	127.630287188466	-1.41355873972662	0.180432649315099	-7.83427359234775	4.71560964913515e-15	3.30162536323151e-14	Smp_335900	protein_coding
smansoni_prjna597909_primary	condition	condition__adult_pzq_vs_juvenile_pzq	adult_pzq	juvenile_pzq	Smp_158150	251.673047050469	1.89618220308159	0.242148983779341	7.83064282776214	4.85381776547915e-15	3.39336431355835e-14	Smp_158150	protein_coding
smansoni_prjna597909_primary	condition	condition__adult_pzq_vs_juvenile_pzq	adult_pzq	juvenile_pzq	Smp_310040	164.901148439893	2.04175253649413	0.260814736292331	7.82836340277054	4.94261555841599e-15	3.45289004125262e-14	Smp_310040	protein_coding
smansoni_prjna597909_primary	condition	condition__adult_pzq_vs_juvenile_pzq	adult_pzq	juvenile_pzq	Smp_031020	16.6666458112982	4.02934676329962	0.515998332143217	7.8088367971338	5.77181798040407e-15	4.02621576020511e-14	Smp_031020	protein_coding
smansoni_prjna597909_primary	condition	condition__adult_pzq_vs_juvenile_pzq	adult_pzq	juvenile_pzq	Smp_241510	350.814406450812	-1.07265977200559	0.137643090508843	-7.79305207431876	6.54096478924031e-15	4.5326422548867e-14	Smp_241510	protein_coding
smansoni_prjna597909_primary	condition	condition__adult_pzq_vs_juvenile_pzq	adult_pzq	juvenile_pzq	Smp_148670	487.218624269449	-1.03798875806304	0.133565702771536	-7.77137196544023	7.76405327688668e-15	5.34103577679279e-14	Smp_148670	protein_coding
smansoni_prjna597909_primary	condition	condition__adult_pzq_vs_juvenile_pzq	adult_pzq	juvenile_pzq	Smp_176110	1659.43799894174	1.1115351377465	0.143397438036506	7.7514295441145	9.08637562614034e-15	6.23254153978799e-14	Smp_176110	protein_coding
smansoni_prjna597909_primary	condition	condition__adult_pzq_vs_juvenile_pzq	adult_pzq	juvenile_pzq	Smp_025890	248.789124251348	1.25731420423844	0.162219446421163	7.750699635444	9.1387621486748e-15	6.26392892162974e-14	Smp_025890	protein_coding
smansoni_prjna597909_primary	condition	condition__adult_pzq_vs_juvenile_pzq	adult_pzq	juvenile_pzq	Smp_147060	22.9612114672418	2.76401852968593	0.356805429587184	7.74657082120035	9.44073686273559e-15	6.46622063960702e-14	Smp_147060	protein_coding
smansoni_prjna597909_primary	condition	condition__adult_pzq_vs_juvenile_pzq	adult_pzq	juvenile_pzq	Smp_302290	1320.7052399424	1.16018382400875	0.150190553619377	7.72474563845715	1.12076917187423e-14	7.64322526158385e-14	Smp_302290	protein_coding
smansoni_prjna597909_primary	condition	condition__adult_pzq_vs_juvenile_pzq	adult_pzq	juvenile_pzq	Smp_312730	163.017689278422	1.20453231264583	0.155976573834843	7.72252065185933	1.14051433309346e-14	7.7722721531358e-14	Smp_312730	protein_coding
smansoni_prjna597909_primary	condition	condition__adult_pzq_vs_juvenile_pzq	adult_pzq	juvenile_pzq	Smp_312580	1038.16198207121	-1.96354371485287	0.254376682172837	-7.7190397251849	1.17209372408502e-14	7.98172181559916e-14	Smp_312580	protein_coding
smansoni_prjna597909_primary	condition	condition__adult_pzq_vs_juvenile_pzq	adult_pzq	juvenile_pzq	Smp_123810	34.0912322548329	2.09155640564854	0.271039216385938	7.71680361807988	1.192832208832e-14	8.11125902005759e-14	Smp_123810	protein_coding
smansoni_prjna597909_primary	condition	condition__adult_pzq_vs_juvenile_pzq	adult_pzq	juvenile_pzq	Smp_323540	257.250295672902	-1.02321752764788	0.132730585145524	-7.70898076374815	1.2682652658602e-14	8.61181271042429e-14	Smp_323540	protein_coding
smansoni_prjna597909_primary	condition	condition__adult_pzq_vs_juvenile_pzq	adult_pzq	juvenile_pzq	Smp_066520	26.7305418829517	-2.3520932021189	0.305256077817707	-7.7053116155267	1.30524392835127e-14	8.82486810499011e-14	Smp_066520	protein_coding
smansoni_prjna597909_primary	condition	condition__adult_pzq_vs_juvenile_pzq	adult_pzq	juvenile_pzq	Smp_078910	59.1498209720743	1.88004603910697	0.244082223394464	7.70251111679117	1.33418006940732e-14	9.01406005435167e-14	Smp_078910	protein_coding
smansoni_prjna597909_primary	condition	condition__adult_pzq_vs_juvenile_pzq	adult_pzq	juvenile_pzq	Smp_349650	136.795030534304	2.40041491702537	0.311906709526749	7.69593870124655	1.40459139795688e-14	9.46947068009161e-14	Smp_349650	protein_coding
smansoni_prjna597909_primary	condition	condition__adult_pzq_vs_juvenile_pzq	adult_pzq	juvenile_pzq	Smp_135890	113.733818357168	-1.1088287295551	0.144207641267421	-7.68911217054633	1.48159527023278e-14	9.97438639190898e-14	Smp_135890	protein_coding
smansoni_prjna597909_primary	condition	condition__adult_pzq_vs_juvenile_pzq	adult_pzq	juvenile_pzq	Smp_084270	500.017328895791	1.15921101306951	0.150878395346504	7.68308153335865	1.55306673097523e-14	1.04258428559502e-13	Smp_084270	protein_coding
smansoni_prjna597909_primary	condition	condition__adult_pzq_vs_juvenile_pzq	adult_pzq	juvenile_pzq	Smp_069400	59.8211051384764	-1.38256764601281	0.180313841283947	-7.66756249086629	1.7529562545575e-14	1.17095000127756e-13	Smp_069400	protein_coding
smansoni_prjna597909_primary	condition	condition__adult_pzq_vs_juvenile_pzq	adult_pzq	juvenile_pzq	Smp_123910	111.466836483208	-1.04166645276955	0.136084115558593	-7.65457782117891	1.93948337421712e-14	1.29007718881775e-13	Smp_123910	protein_coding
smansoni_prjna597909_primary	condition	condition__adult_pzq_vs_juvenile_pzq	adult_pzq	juvenile_pzq	Smp_320940	355.598310635514	1.50737923625914	0.197108851281922	7.64744569538965	2.05010778425353e-14	1.36078783544694e-13	Smp_320940	protein_coding
smansoni_prjna597909_primary	condition	condition__adult_pzq_vs_juvenile_pzq	adult_pzq	juvenile_pzq	Smp_326120	62.2421964994968	-2.03833418487452	0.267065026337232	-7.63235161424937	2.30509704727462e-14	1.52575471224368e-13	Smp_326120	protein_coding
smansoni_prjna597909_primary	condition	condition__adult_pzq_vs_juvenile_pzq	adult_pzq	juvenile_pzq	Smp_129510	673.275597901378	1.1164768871427	0.146987215357594	7.59574146925979	3.06034981151241e-14	1.99816710845479e-13	Smp_129510	protein_coding
smansoni_prjna597909_primary	condition	condition__adult_pzq_vs_juvenile_pzq	adult_pzq	juvenile_pzq	Smp_154390	27.366898345191	3.29119273981215	0.434104848464878	7.58156180805346	3.41419721302524e-14	2.2194630025801e-13	Smp_154390	protein_coding
smansoni_prjna597909_primary	condition	condition__adult_pzq_vs_juvenile_pzq	adult_pzq	juvenile_pzq	Smp_319780	19.441086949522	2.72979730111344	0.361090108896449	7.55987836237374	4.03446464521088e-14	2.61727932920613e-13	Smp_319780	protein_coding
smansoni_prjna597909_primary	condition	condition__adult_pzq_vs_juvenile_pzq	adult_pzq	juvenile_pzq	Smp_333920	64.1405581710986	1.56271758635354	0.207294269876344	7.53864343324947	4.74885467092565e-14	3.06809120639708e-13	Smp_333920	protein_coding
smansoni_prjna597909_primary	condition	condition__adult_pzq_vs_juvenile_pzq	adult_pzq	juvenile_pzq	Smp_162760	75.4849801507215	-1.52932459871424	0.203087310235355	-7.53037989888155	5.05929073973233e-14	3.26196562564461e-13	Smp_162760	protein_coding
smansoni_prjna597909_primary	condition	condition__adult_pzq_vs_juvenile_pzq	adult_pzq	juvenile_pzq	Smp_326550	1130.777845523	8.07464262788505	1.07391173861738	7.51890712944516	5.52360022059297e-14	3.54440388900508e-13	Smp_326550	protein_coding
smansoni_prjna597909_primary	condition	condition__adult_pzq_vs_juvenile_pzq	adult_pzq	juvenile_pzq	Smp_346900	3556.8086469258	1.60438168361922	0.213521868200171	7.51389867999445	5.73920090554944e-14	3.67526605414995e-13	Smp_346900	protein_coding
smansoni_prjna597909_primary	condition	condition__adult_pzq_vs_juvenile_pzq	adult_pzq	juvenile_pzq	Smp_310740	31.1183776856608	2.14652580147501	0.285859110370181	7.5090340786946	5.95652195943586e-14	3.81185142590303e-13	Smp_310740	protein_coding
smansoni_prjna597909_primary	condition	condition__adult_pzq_vs_juvenile_pzq	adult_pzq	juvenile_pzq	Smp_315840	291.357410159558	-1.04739665309748	0.139891010600065	-7.48723344412667	7.03405271118638e-14	4.46813617111114e-13	Smp_315840	protein_coding
smansoni_prjna597909_primary	condition	condition__adult_pzq_vs_juvenile_pzq	adult_pzq	juvenile_pzq	Smp_214260	135.853632598416	1.06648643747525	0.14271668170271	7.47275248241003	7.85344869085814e-14	4.97525449235866e-13	Smp_214260	protein_coding
smansoni_prjna597909_primary	condition	condition__adult_pzq_vs_juvenile_pzq	adult_pzq	juvenile_pzq	Smp_031390	15.6838524375151	3.83095001731057	0.513826756600091	7.45572309752679	8.93762787963218e-14	5.63941646984535e-13	Smp_031390	protein_coding
smansoni_prjna597909_primary	condition	condition__adult_pzq_vs_juvenile_pzq	adult_pzq	juvenile_pzq	Smp_165940	75.5023919630466	1.35254953735495	0.181434725148996	7.45474459888658	9.00420828890244e-14	5.67385178311373e-13	Smp_165940	protein_coding
smansoni_prjna597909_primary	condition	condition__adult_pzq_vs_juvenile_pzq	adult_pzq	juvenile_pzq	Smp_203190	1341.16187842579	1.13440106420789	0.152187061105737	7.45399152835815	9.05578154432709e-14	5.70254811172416e-13	Smp_203190	protein_coding
smansoni_prjna597909_primary	condition	condition__adult_pzq_vs_juvenile_pzq	adult_pzq	juvenile_pzq	Smp_148470	61.7195358135368	1.50372458394183	0.201797258560206	7.45166012001691	9.21729338273594e-14	5.8003899503076e-13	Smp_148470	protein_coding
smansoni_prjna597909_primary	condition	condition__adult_pzq_vs_juvenile_pzq	adult_pzq	juvenile_pzq	Smp_148630	108.171882367308	1.05609925787936	0.141912876736335	7.44188464195202	9.92588851477504e-14	6.23385370376436e-13	Smp_148630	protein_coding
smansoni_prjna597909_primary	condition	condition__adult_pzq_vs_juvenile_pzq	adult_pzq	juvenile_pzq	Smp_200440	184.530798461831	1.45135709921871	0.196412095207135	7.38934686119058	1.47551795311373e-13	9.16935942986912e-13	Smp_200440	protein_coding
smansoni_prjna597909_primary	condition	condition__adult_pzq_vs_juvenile_pzq	adult_pzq	juvenile_pzq	Smp_330220	538.135201226254	-1.11676336366953	0.151151009591743	-7.3883950010383	1.48611709355528e-13	9.22915819203976e-13	Smp_330220	protein_coding
smansoni_prjna597909_primary	condition	condition__adult_pzq_vs_juvenile_pzq	adult_pzq	juvenile_pzq	Smp_074210	577.496686134404	1.19716755478875	0.162806666518701	7.35330794732068	1.93360757562025e-13	1.19064878206922e-12	Smp_074210	protein_coding
smansoni_prjna597909_primary	condition	condition__adult_pzq_vs_juvenile_pzq	adult_pzq	juvenile_pzq	Smp_089860	59.1993287390662	1.49131455485769	0.202883362008194	7.35060056229477	1.97318261537718e-13	1.21422669795215e-12	Smp_089860	protein_coding
smansoni_prjna597909_primary	condition	condition__adult_pzq_vs_juvenile_pzq	adult_pzq	juvenile_pzq	Smp_314500	346.521715620782	-1.11101085389453	0.151409736477179	-7.33777681504643	2.17170909931166e-13	1.33033016245585e-12	Smp_314500	protein_coding
smansoni_prjna597909_primary	condition	condition__adult_pzq_vs_juvenile_pzq	adult_pzq	juvenile_pzq	Smp_042020	3901.63070288257	1.05644439279168	0.144089267776244	7.33187425473092	2.26955999993274e-13	1.38937053881893e-12	Smp_042020	protein_coding
smansoni_prjna597909_primary	condition	condition__adult_pzq_vs_juvenile_pzq	adult_pzq	juvenile_pzq	Smp_342770	30.8334376191476	2.02992761186389	0.277586812381531	7.31276675015036	2.61697065719517e-13	1.59584559043927e-12	Smp_342770	protein_coding
smansoni_prjna597909_primary	condition	condition__adult_pzq_vs_juvenile_pzq	adult_pzq	juvenile_pzq	Smp_345360	80.3127930804499	1.14509853600099	0.156765533477136	7.30452996013946	2.78237670420676e-13	1.69234392587917e-12	Smp_345360	protein_coding
smansoni_prjna597909_primary	condition	condition__adult_pzq_vs_juvenile_pzq	adult_pzq	juvenile_pzq	Smp_344190	85.3154216084799	-1.22977763543376	0.168448958441602	-7.3005950693373	2.8649777304579e-13	1.73922732872755e-12	Smp_344190	protein_coding
smansoni_prjna597909_primary	condition	condition__adult_pzq_vs_juvenile_pzq	adult_pzq	juvenile_pzq	Smp_346400	76.5273880291769	1.48961301614168	0.204726523772458	7.27611151057932	3.43579620778451e-13	2.07111898953949e-12	Smp_346400	protein_coding
smansoni_prjna597909_primary	condition	condition__adult_pzq_vs_juvenile_pzq	adult_pzq	juvenile_pzq	Smp_314620	424.815107749441	1.07681203142671	0.148390881935015	7.25659162736349	3.96965860364803e-13	2.38229924582103e-12	Smp_314620	protein_coding
smansoni_prjna597909_primary	condition	condition__adult_pzq_vs_juvenile_pzq	adult_pzq	juvenile_pzq	Smp_161650	203.323168242298	1.39242552791592	0.191915376522223	7.25541409525713	4.00434854920965e-13	2.4015927974067e-12	Smp_161650	protein_coding
smansoni_prjna597909_primary	condition	condition__adult_pzq_vs_juvenile_pzq	adult_pzq	juvenile_pzq	Smp_200600	27.5830655996235	3.34913574295838	0.462031330136462	7.2487199990728	4.20728622716879e-13	2.51850977955665e-12	Smp_200600	protein_coding
smansoni_prjna597909_primary	condition	condition__adult_pzq_vs_juvenile_pzq	adult_pzq	juvenile_pzq	Smp_345990	41.1246513503009	2.73044071637936	0.377387030272221	7.23512070462468	4.65115278594583e-13	2.77192283308701e-12	Smp_345990	protein_coding
smansoni_prjna597909_primary	condition	condition__adult_pzq_vs_juvenile_pzq	adult_pzq	juvenile_pzq	Smp_135560	42129.6781202319	-1.121933433929	0.155109141231306	-7.2331870644292	4.71788821479264e-13	2.80638636917684e-12	Smp_135560	protein_coding
smansoni_prjna597909_primary	condition	condition__adult_pzq_vs_juvenile_pzq	adult_pzq	juvenile_pzq	Smp_125420	67.0301023877645	1.09498583399821	0.151800263144477	7.21333291073445	5.459871001286e-13	3.23350255038567e-12	Smp_125420	protein_coding
smansoni_prjna597909_primary	condition	condition__adult_pzq_vs_juvenile_pzq	adult_pzq	juvenile_pzq	Smp_342560	183.182407673598	1.96842196515716	0.273665722469825	7.19279691805102	6.34773255092691e-13	3.73824100133091e-12	Smp_342560	protein_coding
smansoni_prjna597909_primary	condition	condition__adult_pzq_vs_juvenile_pzq	adult_pzq	juvenile_pzq	Smp_317730	83.5967925701379	1.70236968270007	0.236749410420344	7.19059734796191	6.45084634566609e-13	3.79187808826094e-12	Smp_317730	protein_coding
smansoni_prjna597909_primary	condition	condition__adult_pzq_vs_juvenile_pzq	adult_pzq	juvenile_pzq	Smp_155860	31.6420448317478	1.63821181040861	0.228474661623476	7.17021221858013	7.48815970760789e-13	4.38525932814807e-12	Smp_155860	protein_coding
smansoni_prjna597909_primary	condition	condition__adult_pzq_vs_juvenile_pzq	adult_pzq	juvenile_pzq	Smp_313830	85.7672635181314	1.26946295547494	0.177335108432076	7.15855403196246	8.15324528144158e-13	4.76294650186563e-12	Smp_313830	protein_coding
smansoni_prjna597909_primary	condition	condition__adult_pzq_vs_juvenile_pzq	adult_pzq	juvenile_pzq	Smp_083800	296.347429823462	2.09438387647	0.292727409220022	7.1547241922119	8.38413191310608e-13	4.89177869399251e-12	Smp_083800	protein_coding
smansoni_prjna597909_primary	condition	condition__adult_pzq_vs_juvenile_pzq	adult_pzq	juvenile_pzq	Smp_333720	676.985559379607	-1.11209707025327	0.15589667382546	-7.13355226230392	9.78111461558401e-13	5.69280143759237e-12	Smp_333720	protein_coding
smansoni_prjna597909_primary	condition	condition__adult_pzq_vs_juvenile_pzq	adult_pzq	juvenile_pzq	Smp_336290	420.621589137061	1.07773732452776	0.151144270157582	7.13052055102132	9.99900443950857e-13	5.81245940727152e-12	Smp_336290	protein_coding
smansoni_prjna597909_primary	condition	condition__adult_pzq_vs_juvenile_pzq	adult_pzq	juvenile_pzq	Smp_247950	160.599005937633	1.08444093671634	0.152353219213673	7.11793910436131	1.09552750259136e-12	6.3255503692691e-12	Smp_247950	protein_coding
smansoni_prjna597909_primary	condition	condition__adult_pzq_vs_juvenile_pzq	adult_pzq	juvenile_pzq	Smp_172440	25.590732750997	2.15477051598112	0.303357389518654	7.10307574639985	1.22010487308206e-12	7.0063373392294e-12	Smp_172440	protein_coding
smansoni_prjna597909_primary	condition	condition__adult_pzq_vs_juvenile_pzq	adult_pzq	juvenile_pzq	Smp_330830	175.149585315836	1.9632152939402	0.276526536146542	7.09955478883882	1.25159421123934e-12	7.17408640669148e-12	Smp_330830	protein_coding
smansoni_prjna597909_primary	condition	condition__adult_pzq_vs_juvenile_pzq	adult_pzq	juvenile_pzq	Smp_212750	33.3409778658525	1.62011774535421	0.228327973177106	7.09557275357386	1.28816865371614e-12	7.37032089281172e-12	Smp_212750	protein_coding
smansoni_prjna597909_primary	condition	condition__adult_pzq_vs_juvenile_pzq	adult_pzq	juvenile_pzq	Smp_032970	26.1195368879588	-2.50814776274559	0.353604340990033	-7.09309098333801	1.31149170514554e-12	7.49922540655512e-12	Smp_032970	protein_coding
smansoni_prjna597909_primary	condition	condition__adult_pzq_vs_juvenile_pzq	adult_pzq	juvenile_pzq	Smp_012000	75.0630362909619	-1.10177795313304	0.156508170622526	-7.0397471822117	1.92588948075724e-12	1.08872651747114e-11	Smp_012000	protein_coding
smansoni_prjna597909_primary	condition	condition__adult_pzq_vs_juvenile_pzq	adult_pzq	juvenile_pzq	Smp_134390	646.764301511972	1.27447821938574	0.181043657890178	7.03961814646303	1.92767373047042e-12	1.08908380755567e-11	Smp_134390	protein_coding
smansoni_prjna597909_primary	condition	condition__adult_pzq_vs_juvenile_pzq	adult_pzq	juvenile_pzq	Smp_214380	126.024118888135	1.18879558618023	0.169563379339171	7.01092176160469	2.36753107529568e-12	1.32178994233283e-11	Smp_214380	protein_coding
smansoni_prjna597909_primary	condition	condition__adult_pzq_vs_juvenile_pzq	adult_pzq	juvenile_pzq	Smp_349080	29.4086208690336	2.65301180430448	0.378988113204288	7.00025069882444	2.55504897694764e-12	1.42153656545839e-11	Smp_349080	protein_coding
smansoni_prjna597909_primary	condition	condition__adult_pzq_vs_juvenile_pzq	adult_pzq	juvenile_pzq	Smp_332440	59.3816243759158	4.74483230784242	0.679252326597381	6.98537512798961	2.84095851563966e-12	1.57217446661745e-11	Smp_332440	protein_coding
smansoni_prjna597909_primary	condition	condition__adult_pzq_vs_juvenile_pzq	adult_pzq	juvenile_pzq	Smp_035250	47.8667752209611	1.81658033008775	0.260397109563661	6.97619237453032	3.03287372734281e-12	1.67543673120072e-11	Smp_035250	protein_coding
smansoni_prjna597909_primary	condition	condition__adult_pzq_vs_juvenile_pzq	adult_pzq	juvenile_pzq	Smp_187410	39.2121997428264	-2.36825005890508	0.339927924366134	-6.96691824692298	3.239587929152e-12	1.78649854762804e-11	Smp_187410	protein_coding
smansoni_prjna597909_primary	condition	condition__adult_pzq_vs_juvenile_pzq	adult_pzq	juvenile_pzq	Smp_329690	53.0215814584919	1.86476024092477	0.268227167220065	6.95216767283996	3.59715489373732e-12	1.96874974265229e-11	Smp_329690	protein_coding
smansoni_prjna597909_primary	condition	condition__adult_pzq_vs_juvenile_pzq	adult_pzq	juvenile_pzq	Smp_063190	30.0283157132352	1.77420334497257	0.256316333082813	6.92192855458549	4.45535950323928e-12	2.4174545364304e-11	Smp_063190	protein_coding
smansoni_prjna597909_primary	condition	condition__adult_pzq_vs_juvenile_pzq	adult_pzq	juvenile_pzq	Smp_325960	12.6833877084579	6.63968491523548	0.959514519763868	6.91983787475094	4.52160817142458e-12	2.44918283302608e-11	Smp_325960	protein_coding
smansoni_prjna597909_primary	condition	condition__adult_pzq_vs_juvenile_pzq	adult_pzq	juvenile_pzq	Smp_348060	71.8941545613175	-1.82898251057875	0.264337473255724	-6.91911929115462	4.54460061473182e-12	2.45741218595224e-11	Smp_348060	protein_coding
smansoni_prjna597909_primary	condition	condition__adult_pzq_vs_juvenile_pzq	adult_pzq	juvenile_pzq	Smp_139140	25.7303515671821	2.79906122230619	0.405187932435155	6.90805672687238	4.91337521657154e-12	2.65226856350852e-11	Smp_139140	protein_coding
smansoni_prjna597909_primary	condition	condition__adult_pzq_vs_juvenile_pzq	adult_pzq	juvenile_pzq	Smp_174060	28.1488672802959	2.04424970974603	0.296156191977606	6.90260668228949	5.10568515884404e-12	2.74666682534968e-11	Smp_174060	protein_coding
smansoni_prjna597909_primary	condition	condition__adult_pzq_vs_juvenile_pzq	adult_pzq	juvenile_pzq	Smp_126290	143.796406537034	-1.06369955345907	0.154136281119993	-6.90103294130333	5.16257585395753e-12	2.77569209167273e-11	Smp_126290	protein_coding
smansoni_prjna597909_primary	condition	condition__adult_pzq_vs_juvenile_pzq	adult_pzq	juvenile_pzq	Smp_322340	109.472061246366	1.47650290194937	0.214126289101521	6.89547700165547	5.36843587270787e-12	2.88145689204059e-11	Smp_322340	protein_coding
smansoni_prjna597909_primary	condition	condition__adult_pzq_vs_juvenile_pzq	adult_pzq	juvenile_pzq	Smp_141940	132.934218544611	1.3820119135818	0.200623093306068	6.88859837024552	5.63447660143244e-12	3.01910843745689e-11	Smp_141940	protein_coding
smansoni_prjna597909_primary	condition	condition__adult_pzq_vs_juvenile_pzq	adult_pzq	juvenile_pzq	Smp_319270	230.421994165759	1.18854365497427	0.173259378401132	6.8599094948993	6.89041880752495e-12	3.66713055004087e-11	Smp_319270	protein_coding
smansoni_prjna597909_primary	condition	condition__adult_pzq_vs_juvenile_pzq	adult_pzq	juvenile_pzq	Smp_349050	14.1065923377055	4.69119799390504	0.68497623612849	6.84870181835776	7.45231456148054e-12	3.95948719702721e-11	Smp_349050	protein_coding
smansoni_prjna597909_primary	condition	condition__adult_pzq_vs_juvenile_pzq	adult_pzq	juvenile_pzq	Smp_266750	429.630918865748	1.00343090672304	0.146563858147449	6.84637344708505	7.57455908277636e-12	4.02217598035967e-11	Smp_266750	protein_coding
smansoni_prjna597909_primary	condition	condition__adult_pzq_vs_juvenile_pzq	adult_pzq	juvenile_pzq	Smp_138070	11.0088517696844	4.76365890042327	0.695814524788374	6.84616191631254	7.58576177884212e-12	4.02586301704748e-11	Smp_138070	protein_coding
smansoni_prjna597909_primary	condition	condition__adult_pzq_vs_juvenile_pzq	adult_pzq	juvenile_pzq	Smp_158480	690.394877729586	-1.19616933293802	0.17475040575069	-6.8450160547527	7.64672951452166e-12	4.05594205225919e-11	Smp_158480	protein_coding
smansoni_prjna597909_primary	condition	condition__adult_pzq_vs_juvenile_pzq	adult_pzq	juvenile_pzq	Smp_131620	189.37633358886	-1.23825826332813	0.181047076272556	-6.83942700882948	7.95105574319209e-12	4.21499601147794e-11	Smp_131620	protein_coding
smansoni_prjna597909_primary	condition	condition__adult_pzq_vs_juvenile_pzq	adult_pzq	juvenile_pzq	Smp_341910	444.569237650154	1.42082310180254	0.207896641910603	6.83427634398013	8.24200116822898e-12	4.36678223330159e-11	Smp_341910	protein_coding
smansoni_prjna597909_primary	condition	condition__adult_pzq_vs_juvenile_pzq	adult_pzq	juvenile_pzq	Smp_142900	63.7258065900201	-1.30488646559647	0.191238207244905	-6.82335650598	8.89375747388396e-12	4.70418554242592e-11	Smp_142900	protein_coding
smansoni_prjna597909_primary	condition	condition__adult_pzq_vs_juvenile_pzq	adult_pzq	juvenile_pzq	Smp_318480	18.069498319209	3.21706588103432	0.472846680652262	6.80361312169218	1.02027305600415e-11	5.36651136636127e-11	Smp_318480	protein_coding
smansoni_prjna597909_primary	condition	condition__adult_pzq_vs_juvenile_pzq	adult_pzq	juvenile_pzq	Smp_165340	106.938683714968	-1.42809623044836	0.210535108487392	-6.78317379323876	1.17564067316695e-11	6.14270627019019e-11	Smp_165340	protein_coding
smansoni_prjna597909_primary	condition	condition__adult_pzq_vs_juvenile_pzq	adult_pzq	juvenile_pzq	Smp_309730	13.3978969516372	3.81064195863872	0.562247032859893	6.77752257625216	1.22254053262503e-11	6.37366415574836e-11	Smp_309730	protein_coding
smansoni_prjna597909_primary	condition	condition__adult_pzq_vs_juvenile_pzq	adult_pzq	juvenile_pzq	Smp_315480	30.1112617883226	1.77207130156078	0.26210351395522	6.76095972472747	1.37080630153811e-11	7.10743892602208e-11	Smp_315480	protein_coding
smansoni_prjna597909_primary	condition	condition__adult_pzq_vs_juvenile_pzq	adult_pzq	juvenile_pzq	Smp_169220	76.7826746758284	1.37009026904005	0.202650581991047	6.76085040358078	1.37184115581409e-11	7.1089049368173e-11	Smp_169220	protein_coding
smansoni_prjna597909_primary	condition	condition__adult_pzq_vs_juvenile_pzq	adult_pzq	juvenile_pzq	Smp_136110	83.6972050627611	1.21939295036025	0.180930319869302	6.7395721802797	1.58853666115293e-11	8.19140672188627e-11	Smp_136110	protein_coding
smansoni_prjna597909_primary	condition	condition__adult_pzq_vs_juvenile_pzq	adult_pzq	juvenile_pzq	Smp_309510	186.648983274942	1.04329043335159	0.154818255096184	6.73880759541841	1.59691695787739e-11	8.23013036306276e-11	Smp_309510	protein_coding
smansoni_prjna597909_primary	condition	condition__adult_pzq_vs_juvenile_pzq	adult_pzq	juvenile_pzq	Smp_003600	42.3385868816437	1.58418964177357	0.235120929235618	6.73776531474166	1.60841073507225e-11	8.28484919231767e-11	Smp_003600	protein_coding
smansoni_prjna597909_primary	condition	condition__adult_pzq_vs_juvenile_pzq	adult_pzq	juvenile_pzq	Smp_316790	66.0855563392305	-1.39151264902367	0.206621957633867	-6.73458264048308	1.64401143421067e-11	8.46361442056605e-11	Smp_316790	protein_coding
smansoni_prjna597909_primary	condition	condition__adult_pzq_vs_juvenile_pzq	adult_pzq	juvenile_pzq	Smp_248150	13.4992623241639	2.93656764584459	0.437493876657423	6.71224856512462	1.91647859138732e-11	9.79165170042864e-11	Smp_248150	protein_coding
smansoni_prjna597909_primary	condition	condition__adult_pzq_vs_juvenile_pzq	adult_pzq	juvenile_pzq	Smp_342040	354.411030333071	1.06628656023483	0.159031861367533	6.70486122130313	2.01597868578685e-11	1.02667190399016e-10	Smp_342040	protein_coding
smansoni_prjna597909_primary	condition	condition__adult_pzq_vs_juvenile_pzq	adult_pzq	juvenile_pzq	Smp_344150	43.3928830837384	1.85120620776625	0.276209678753858	6.70217718697662	2.05336833873487e-11	1.04458759621755e-10	Smp_344150	protein_coding
smansoni_prjna597909_primary	condition	condition__adult_pzq_vs_juvenile_pzq	adult_pzq	juvenile_pzq	Smp_126230	55.046611718112	1.6348366307983	0.246779344337252	6.62468990339852	3.47977897173001e-11	1.73841812054926e-10	Smp_126230	protein_coding
smansoni_prjna597909_primary	condition	condition__adult_pzq_vs_juvenile_pzq	adult_pzq	juvenile_pzq	Smp_329110	120.634228686903	-1.03801485291735	0.15683438685291	-6.61854121246305	3.62760780424873e-11	1.80749335612857e-10	Smp_329110	protein_coding
smansoni_prjna597909_primary	condition	condition__adult_pzq_vs_juvenile_pzq	adult_pzq	juvenile_pzq	Smp_316220	166.24904210154	1.48814859201775	0.224996208779961	6.61410518909284	3.73805877648088e-11	1.85958587133144e-10	Smp_316220	protein_coding
smansoni_prjna597909_primary	condition	condition__adult_pzq_vs_juvenile_pzq	adult_pzq	juvenile_pzq	Smp_319020	23.4954509853908	1.91762559736981	0.290149225551565	6.60910120895363	3.86660318377151e-11	1.92151068838109e-10	Smp_319020	protein_coding
smansoni_prjna597909_primary	condition	condition__adult_pzq_vs_juvenile_pzq	adult_pzq	juvenile_pzq	Smp_166690	86.5899762352843	5.27589318151487	0.798585713605495	6.60654591189091	3.93390307757535e-11	1.95187673959277e-10	Smp_166690	protein_coding
smansoni_prjna597909_primary	condition	condition__adult_pzq_vs_juvenile_pzq	adult_pzq	juvenile_pzq	Smp_149580	31.0895677985549	1.7226271101369	0.260751649617145	6.60639007525431	3.93804428757967e-11	1.95290632771265e-10	Smp_149580	protein_coding
smansoni_prjna597909_primary	condition	condition__adult_pzq_vs_juvenile_pzq	adult_pzq	juvenile_pzq	Smp_174520	34.3918475509542	-3.00254627272638	0.454914940913115	-6.60023666556127	4.10501935434801e-11	2.03357667386255e-10	Smp_174520	protein_coding
smansoni_prjna597909_primary	condition	condition__adult_pzq_vs_juvenile_pzq	adult_pzq	juvenile_pzq	Smp_165230	122.54929958034	1.41151277208525	0.215400699457375	6.55296280671815	5.64065692839785e-11	2.7553224437838e-10	Smp_165230	protein_coding
smansoni_prjna597909_primary	condition	condition__adult_pzq_vs_juvenile_pzq	adult_pzq	juvenile_pzq	Smp_341970	2733.28995224927	1.62205112780656	0.248676064164133	6.52274730685764	6.90311090651803e-11	3.34092187856674e-10	Smp_341970	protein_coding
smansoni_prjna597909_primary	condition	condition__adult_pzq_vs_juvenile_pzq	adult_pzq	juvenile_pzq	Smp_308700	149.27484240393	-10.7455619234541	1.64994417096503	-6.51268213346224	7.38206198477844e-11	3.56177896274251e-10	Smp_308700	protein_coding
smansoni_prjna597909_primary	condition	condition__adult_pzq_vs_juvenile_pzq	adult_pzq	juvenile_pzq	Smp_165750	124.099636777764	1.08668421481105	0.167198773261229	6.49935519032327	8.06650053153434e-11	3.88210606028832e-10	Smp_165750	protein_coding
smansoni_prjna597909_primary	condition	condition__adult_pzq_vs_juvenile_pzq	adult_pzq	juvenile_pzq	Smp_159020	62.7715189658889	-1.25408209728841	0.193054872015399	-6.49598782043884	8.24903310450538e-11	3.95987104640858e-10	Smp_159020	protein_coding
smansoni_prjna597909_primary	condition	condition__adult_pzq_vs_juvenile_pzq	adult_pzq	juvenile_pzq	Smp_333850	29.6787019999656	1.56205750555896	0.240563403565121	6.49332975178045	8.39596368154130e-11	4.02631398873305e-10	Smp_333850	protein_coding
smansoni_prjna597909_primary	condition	condition__adult_pzq_vs_juvenile_pzq	adult_pzq	juvenile_pzq	Smp_194380	366.407673503935	1.68051715470483	0.25895220668275	6.48968076477402	8.60184437267452e-11	4.12295299241986e-10	Smp_194380	protein_coding
smansoni_prjna597909_primary	condition	condition__adult_pzq_vs_juvenile_pzq	adult_pzq	juvenile_pzq	Smp_330380	210.09504736301	-1.05110479875491	0.162176904662133	-6.48122370410696	9.09816560547732e-11	4.35201727241759e-10	Smp_330380	protein_coding
smansoni_prjna597909_primary	condition	condition__adult_pzq_vs_juvenile_pzq	adult_pzq	juvenile_pzq	Smp_133260	86.706252830602	1.60103847485382	0.247047667879718	6.48068645454013	9.13062413447206e-11	4.36533431052251e-10	Smp_133260	protein_coding
smansoni_prjna597909_primary	condition	condition__adult_pzq_vs_juvenile_pzq	adult_pzq	juvenile_pzq	Smp_017610	452.289540695873	1.25271507594022	0.193832641821364	6.46286953615746	1.02735863793718e-10	4.89692074925983e-10	Smp_017610	protein_coding
smansoni_prjna597909_primary	condition	condition__adult_pzq_vs_juvenile_pzq	adult_pzq	juvenile_pzq	Smp_048380	93.7229579613403	1.38515598706755	0.21437505671254	6.46136732653992	1.03761105205839e-10	4.94329620164108e-10	Smp_048380	protein_coding
smansoni_prjna597909_primary	condition	condition__adult_pzq_vs_juvenile_pzq	adult_pzq	juvenile_pzq	Smp_316240	79.3088716942067	1.57103155203257	0.243291542309835	6.45740306924371	1.06514930897283e-10	5.05919159216641e-10	Smp_316240	protein_coding
smansoni_prjna597909_primary	condition	condition__adult_pzq_vs_juvenile_pzq	adult_pzq	juvenile_pzq	Smp_348540	78.2551870380712	1.98344570075728	0.307866767432343	6.44254564173823	1.17486016294455e-10	5.55794707715308e-10	Smp_348540	protein_coding
smansoni_prjna597909_primary	condition	condition__adult_pzq_vs_juvenile_pzq	adult_pzq	juvenile_pzq	Smp_316530	114.346113457682	1.01674628426942	0.158680713886419	6.40749754250032	1.47927470920032e-10	6.92183393631755e-10	Smp_316530	protein_coding
smansoni_prjna597909_primary	condition	condition__adult_pzq_vs_juvenile_pzq	adult_pzq	juvenile_pzq	Smp_303970	20.8910026642185	2.00482421019738	0.313399457957713	6.39702513610567	1.58433254459841e-10	7.39511664767614e-10	Smp_303970	protein_coding
smansoni_prjna597909_primary	condition	condition__adult_pzq_vs_juvenile_pzq	adult_pzq	juvenile_pzq	Smp_340570	353.407352300845	1.00849996247451	0.158142013381442	6.3771792258771	1.80379328700843e-10	8.35348071964903e-10	Smp_340570	protein_coding
smansoni_prjna597909_primary	condition	condition__adult_pzq_vs_juvenile_pzq	adult_pzq	juvenile_pzq	Smp_324410	18.2497740749453	2.03670439430496	0.320328137710326	6.35818136009879	2.0415634983506e-10	9.4176955521766e-10	Smp_324410	protein_coding
smansoni_prjna597909_primary	condition	condition__adult_pzq_vs_juvenile_pzq	adult_pzq	juvenile_pzq	Smp_334920	78.3288459405845	-2.32687343829355	0.366260988041206	-6.35304745596266	2.1109055825575e-10	9.72807389874866e-10	Smp_334920	protein_coding
smansoni_prjna597909_primary	condition	condition__adult_pzq_vs_juvenile_pzq	adult_pzq	juvenile_pzq	Smp_347450	24.3412321006651	1.68519258663609	0.267781071970449	6.29317290514865	3.1104153902072e-10	1.41140884629085e-09	Smp_347450	protein_coding
smansoni_prjna597909_primary	condition	condition__adult_pzq_vs_juvenile_pzq	adult_pzq	juvenile_pzq	Smp_105780	79.126209529833	1.70086513097793	0.270502102759602	6.28780742783914	3.21980959483451e-10	1.45964701632498e-09	Smp_105780	protein_coding
smansoni_prjna597909_primary	condition	condition__adult_pzq_vs_juvenile_pzq	adult_pzq	juvenile_pzq	Smp_148820	177.44665553106	-1.16830384020613	0.185897683436966	-6.28466056491918	3.28570789185877e-10	1.48666878859976e-09	Smp_148820	protein_coding
smansoni_prjna597909_primary	condition	condition__adult_pzq_vs_juvenile_pzq	adult_pzq	juvenile_pzq	Smp_329570	49.8149775664423	1.10515842820136	0.176038438587076	6.27793814278071	3.43092351952913e-10	1.54940702850403e-09	Smp_329570	protein_coding
smansoni_prjna597909_primary	condition	condition__adult_pzq_vs_juvenile_pzq	adult_pzq	juvenile_pzq	Smp_137320	21.053878228271	2.55979144431356	0.408694944198922	6.26333034124261	3.76841123352072e-10	1.69372434518487e-09	Smp_137320	protein_coding
smansoni_prjna597909_primary	condition	condition__adult_pzq_vs_juvenile_pzq	adult_pzq	juvenile_pzq	Smp_350490	36.522207446724	1.71909267173535	0.276330955396286	6.22113678603252	4.93565621968475e-10	2.19952015975767e-09	Smp_350490	protein_coding
smansoni_prjna597909_primary	condition	condition__adult_pzq_vs_juvenile_pzq	adult_pzq	juvenile_pzq	Smp_137720	3952.32491981966	1.48585236620114	0.240669037299831	6.17384098458015	6.66505775041695e-10	2.93150888119782e-09	Smp_137720	protein_coding
smansoni_prjna597909_primary	condition	condition__adult_pzq_vs_juvenile_pzq	adult_pzq	juvenile_pzq	Smp_322770	80.1402960185175	-1.03763886110732	0.168069615904985	-6.17386346437496	6.66410965909335e-10	2.93150888119782e-09	Smp_322770	protein_coding
smansoni_prjna597909_primary	condition	condition__adult_pzq_vs_juvenile_pzq	adult_pzq	juvenile_pzq	Smp_105730	202.97290401909	1.0837231615335	0.175783772162232	6.16509219368285	7.04420865254056e-10	3.09107985997277e-09	Smp_105730	protein_coding
smansoni_prjna597909_primary	condition	condition__adult_pzq_vs_juvenile_pzq	adult_pzq	juvenile_pzq	Smp_318660	58.3959646634825	1.52164517608125	0.247181012824404	6.15599539258389	7.46073923879699e-10	3.26476422616246e-09	Smp_318660	protein_coding
smansoni_prjna597909_primary	condition	condition__adult_pzq_vs_juvenile_pzq	adult_pzq	juvenile_pzq	Smp_130100	18972.7437322593	1.16259173222432	0.188863558057794	6.15572291542107	7.47357914836087e-10	3.2688695099633e-09	Smp_130100	protein_coding
smansoni_prjna597909_primary	condition	condition__adult_pzq_vs_juvenile_pzq	adult_pzq	juvenile_pzq	Smp_335120	781.033332979646	1.4366541745538	0.233604044343616	6.14995420387749	7.75053227251415e-10	3.38530642512956e-09	Smp_335120	protein_coding
smansoni_prjna597909_primary	condition	condition__adult_pzq_vs_juvenile_pzq	adult_pzq	juvenile_pzq	Smp_330130	15.9367043543418	1.96355960700963	0.319826978459071	6.13944332172999	8.28111635779159e-10	3.60539437189526e-09	Smp_330130	protein_coding
smansoni_prjna597909_primary	condition	condition__adult_pzq_vs_juvenile_pzq	adult_pzq	juvenile_pzq	Smp_137360	61.5678140947836	2.74308674338643	0.450499083540844	6.08899516914939	1.13621547354379e-09	4.88603669514827e-09	Smp_137360	protein_coding
smansoni_prjna597909_primary	condition	condition__adult_pzq_vs_juvenile_pzq	adult_pzq	juvenile_pzq	Smp_028800	31.7682878279619	1.60466920330887	0.26396098982259	6.07919073340109	1.20790610854915e-09	5.1778360716583e-09	Smp_028800	protein_coding
smansoni_prjna597909_primary	condition	condition__adult_pzq_vs_juvenile_pzq	adult_pzq	juvenile_pzq	Smp_344840	57.7507929856457	-1.12873680066622	0.185752497986049	-6.07656323820201	1.22785595590759e-09	5.25144547295863e-09	Smp_344840	protein_coding
smansoni_prjna597909_primary	condition	condition__adult_pzq_vs_juvenile_pzq	adult_pzq	juvenile_pzq	Smp_306610	13.5906916629989	2.53106918990188	0.417714008951365	6.05933518067999	1.36685303556801e-09	5.82221491310898e-09	Smp_306610	protein_coding
smansoni_prjna597909_primary	condition	condition__adult_pzq_vs_juvenile_pzq	adult_pzq	juvenile_pzq	Smp_322070	21.6834994709415	2.2717169904885	0.3753574276169	6.05214343275784	1.42931116038116e-09	6.0827776172547e-09	Smp_322070	protein_coding
smansoni_prjna597909_primary	condition	condition__adult_pzq_vs_juvenile_pzq	adult_pzq	juvenile_pzq	Smp_081420	36.7624448684514	1.40884917792033	0.233666498236743	6.02931609174428	1.64654966876388e-09	6.95716918603316e-09	Smp_081420	protein_coding
smansoni_prjna597909_primary	condition	condition__adult_pzq_vs_juvenile_pzq	adult_pzq	juvenile_pzq	Smp_328220	41.742169007386	1.42399881351673	0.236307155560285	6.02605033326404	1.68014878528272e-09	7.08962782075548e-09	Smp_328220	protein_coding
smansoni_prjna597909_primary	condition	condition__adult_pzq_vs_juvenile_pzq	adult_pzq	juvenile_pzq	Smp_170770	14.4669840216558	5.72315036699827	0.950611661910721	6.0204924853276	1.73887179438376e-09	7.32760419104562e-09	Smp_170770	protein_coding
smansoni_prjna597909_primary	condition	condition__adult_pzq_vs_juvenile_pzq	adult_pzq	juvenile_pzq	Smp_141930	64.8251028471918	1.32294901712285	0.219777205099324	6.01950059618315	1.74956012795386e-09	7.36279711906495e-09	Smp_141930	protein_coding
smansoni_prjna597909_primary	condition	condition__adult_pzq_vs_juvenile_pzq	adult_pzq	juvenile_pzq	Smp_334990	9.17293474911011	3.19510826812878	0.53105036716487	6.01658235392354	1.78137891337801e-09	7.4933660388291e-09	Smp_334990	protein_coding
smansoni_prjna597909_primary	condition	condition__adult_pzq_vs_juvenile_pzq	adult_pzq	juvenile_pzq	Smp_346580	51.8322112716952	-1.13215572030634	0.188324906861035	-6.01171528066522	1.83570524195274e-09	7.7117128763659e-09	Smp_346580	protein_coding
smansoni_prjna597909_primary	condition	condition__adult_pzq_vs_juvenile_pzq	adult_pzq	juvenile_pzq	Smp_303400	183.654115132889	25.1363128155616	4.18143446097555	6.01140901529213	1.83917724464274e-09	7.72274691975265e-09	Smp_303400	protein_coding
smansoni_prjna597909_primary	condition	condition__adult_pzq_vs_juvenile_pzq	adult_pzq	juvenile_pzq	Smp_009230	11302.0436434641	1.17582449760409	0.196646054472796	5.97939531894727	2.2396743214718e-09	9.33395136091333e-09	Smp_009230	protein_coding
smansoni_prjna597909_primary	condition	condition__adult_pzq_vs_juvenile_pzq	adult_pzq	juvenile_pzq	Smp_329420	12.3590227037486	3.00336879332836	0.502674877440689	5.97477401023035	2.30409358928106e-09	9.58973694666867e-09	Smp_329420	protein_coding
smansoni_prjna597909_primary	condition	condition__adult_pzq_vs_juvenile_pzq	adult_pzq	juvenile_pzq	Smp_133400	7.14536399525395	4.83699361752965	0.809601469212831	5.97453661025667	2.30745114290267e-09	9.59948424415318e-09	Smp_133400	protein_coding
smansoni_prjna597909_primary	condition	condition__adult_pzq_vs_juvenile_pzq	adult_pzq	juvenile_pzq	Smp_348510	32.3505725835251	1.79023567339532	0.299773328364422	5.97196449451634	2.34413554921715e-09	9.74352208056312e-09	Smp_348510	protein_coding
smansoni_prjna597909_primary	condition	condition__adult_pzq_vs_juvenile_pzq	adult_pzq	juvenile_pzq	Smp_329260	46.2000723965261	1.76442268438647	0.296674044145928	5.94734429655257	2.72527792613902e-09	1.12880486230789e-08	Smp_329260	protein_coding
smansoni_prjna597909_primary	condition	condition__adult_pzq_vs_juvenile_pzq	adult_pzq	juvenile_pzq	Smp_159560	188.227843836697	-1.09019876393899	0.183346719391245	-5.94610455839468	2.74598781214502e-09	1.13688466055168e-08	Smp_159560	protein_coding
smansoni_prjna597909_primary	condition	condition__adult_pzq_vs_juvenile_pzq	adult_pzq	juvenile_pzq	Smp_020920	384.544857756216	1.20606801386217	0.203048989113147	5.93978831970496	2.85390338937693e-09	1.18052931450288e-08	Smp_020920	protein_coding
smansoni_prjna597909_primary	condition	condition__adult_pzq_vs_juvenile_pzq	adult_pzq	juvenile_pzq	Smp_349700	11.0743564674361	5.06776307670697	0.854909510227607	5.92783565521192	3.06953468652408e-09	1.26474463195404e-08	Smp_349700	protein_coding
smansoni_prjna597909_primary	condition	condition__adult_pzq_vs_juvenile_pzq	adult_pzq	juvenile_pzq	Smp_170320	85.284517937615	1.22614931441965	0.207375556434912	5.9126993339955	3.36546178433818e-09	1.38065732576235e-08	Smp_170320	protein_coding
smansoni_prjna597909_primary	condition	condition__adult_pzq_vs_juvenile_pzq	adult_pzq	juvenile_pzq	Smp_130780	20.9874246333841	5.77938620960588	0.981485596230704	5.88840654595546	3.89936942145765e-09	1.59415396936063e-08	Smp_130780	protein_coding
smansoni_prjna597909_primary	condition	condition__adult_pzq_vs_juvenile_pzq	adult_pzq	juvenile_pzq	Smp_349540	17.6902057714844	2.3653466348847	0.403220965412434	5.86613008196464	4.46083877440470e-09	1.81116185977978e-08	Smp_349540	protein_coding
smansoni_prjna597909_primary	condition	condition__adult_pzq_vs_juvenile_pzq	adult_pzq	juvenile_pzq	Smp_344820	804.468330651051	3.79422729059483	0.646889388653252	5.86534167532717	4.4820876794268e-09	1.81900784654109e-08	Smp_344820	protein_coding
smansoni_prjna597909_primary	condition	condition__adult_pzq_vs_juvenile_pzq	adult_pzq	juvenile_pzq	Smp_310050	210.961227672953	1.44595160701081	0.248168051329213	5.82650183722745	5.66012442958901e-09	2.2746384399862e-08	Smp_310050	protein_coding
smansoni_prjna597909_primary	condition	condition__adult_pzq_vs_juvenile_pzq	adult_pzq	juvenile_pzq	Smp_347550	1284.5549401743	-1.16479574329614	0.200840726943635	-5.79959931943007	6.64735585372957e-09	2.65669376445885e-08	Smp_347550	protein_coding
smansoni_prjna597909_primary	condition	condition__adult_pzq_vs_juvenile_pzq	adult_pzq	juvenile_pzq	Smp_204230	33.0603864609523	1.60113643634867	0.276181455244093	5.7974074868045	6.73479107279921e-09	2.68822826098388e-08	Smp_204230	protein_coding
smansoni_prjna597909_primary	condition	condition__adult_pzq_vs_juvenile_pzq	adult_pzq	juvenile_pzq	Smp_328520	8.79954878277838	4.67527460437348	0.806946700443629	5.79378365609921	6.88180979995785e-09	2.74227935198995e-08	Smp_328520	protein_coding
smansoni_prjna597909_primary	condition	condition__adult_pzq_vs_juvenile_pzq	adult_pzq	juvenile_pzq	Smp_334320	13.3646792469773	2.57015926492935	0.443694685688627	5.79263026542765	6.92925421700473e-09	2.76002152798688e-08	Smp_334320	protein_coding
smansoni_prjna597909_primary	condition	condition__adult_pzq_vs_juvenile_pzq	adult_pzq	juvenile_pzq	Smp_317720	56.2372203637145	1.87814172713146	0.324451975139615	5.78865863375704	7.09507230051795e-09	2.82131356266284e-08	Smp_317720	protein_coding
smansoni_prjna597909_primary	condition	condition__adult_pzq_vs_juvenile_pzq	adult_pzq	juvenile_pzq	Smp_347460	1886.2524622745	-1.075582007188	0.186332140769922	-5.77239118674701	7.81544141504177e-09	3.09863893686975e-08	Smp_347460	protein_coding
smansoni_prjna597909_primary	condition	condition__adult_pzq_vs_juvenile_pzq	adult_pzq	juvenile_pzq	Smp_099090	192.666627679479	1.04064115044201	0.180287545576174	5.77211890658483	7.82808419992483e-09	3.10235018271235e-08	Smp_099090	protein_coding
smansoni_prjna597909_primary	condition	condition__adult_pzq_vs_juvenile_pzq	adult_pzq	juvenile_pzq	Smp_329440	4.34283270144404	5.99631142942217	1.04006813701711	5.76530634485105	8.15096475138847e-09	3.22355308912652e-08	Smp_329440	protein_coding
smansoni_prjna597909_primary	condition	condition__adult_pzq_vs_juvenile_pzq	adult_pzq	juvenile_pzq	Smp_244880	429.707914093636	1.21340067157661	0.21049527284333	5.76450318900859	8.18987296426278e-09	3.23623241046036e-08	Smp_244880	protein_coding
smansoni_prjna597909_primary	condition	condition__adult_pzq_vs_juvenile_pzq	adult_pzq	juvenile_pzq	Smp_136730	5543.55499548716	1.74094457731837	0.302353787696087	5.75797178062243	8.51305819375264e-09	3.35412363682159e-08	Smp_136730	protein_coding
smansoni_prjna597909_primary	condition	condition__adult_pzq_vs_juvenile_pzq	adult_pzq	juvenile_pzq	Smp_317630	27.9907870951045	1.45513252297036	0.252738101533959	5.75747192108604	8.5382965829417e-09	3.36266580424854e-08	Smp_317630	protein_coding
smansoni_prjna597909_primary	condition	condition__adult_pzq_vs_juvenile_pzq	adult_pzq	juvenile_pzq	Smp_214390	22.4466206961972	-2.066538383856	0.35981576410901	-5.74332363945543	9.28360475508173e-09	3.65010949022598e-08	Smp_214390	protein_coding
smansoni_prjna597909_primary	condition	condition__adult_pzq_vs_juvenile_pzq	adult_pzq	juvenile_pzq	Smp_133660	97.7187405397784	1.33716283539754	0.233072275497414	5.7371166628198	9.63019249485885e-09	3.77538695401932e-08	Smp_133660	protein_coding
smansoni_prjna597909_primary	condition	condition__adult_pzq_vs_juvenile_pzq	adult_pzq	juvenile_pzq	Smp_344940	130.425575682092	-1.6135345952833	0.281464966778961	-5.73263029409424	9.88850185786572e-09	3.8702326940185e-08	Smp_344940	protein_coding
smansoni_prjna597909_primary	condition	condition__adult_pzq_vs_juvenile_pzq	adult_pzq	juvenile_pzq	Smp_301330	79.047039208363	1.35034956274049	0.235620175812594	5.73104386363979	9.98144483635442e-09	3.90499240865985e-08	Smp_301330	protein_coding
smansoni_prjna597909_primary	condition	condition__adult_pzq_vs_juvenile_pzq	adult_pzq	juvenile_pzq	Smp_326570	36.4966140805001	4.93561152759579	0.863804329946615	5.71380734789882	1.10476064171035e-08	4.30961518177723e-08	Smp_326570	protein_coding
smansoni_prjna597909_primary	condition	condition__adult_pzq_vs_juvenile_pzq	adult_pzq	juvenile_pzq	Smp_337250	14.200795168849	2.07492445680705	0.363974118124779	5.70074726053933	1.1928337693421e-08	4.63977974807472e-08	Smp_337250	protein_coding
smansoni_prjna597909_primary	condition	condition__adult_pzq_vs_juvenile_pzq	adult_pzq	juvenile_pzq	Smp_349250	9.70705063129837	6.11880976313539	1.07408517712342	5.69676399363653	1.22102764174628e-08	4.74553999580009e-08	Smp_349250	protein_coding
smansoni_prjna597909_primary	condition	condition__adult_pzq_vs_juvenile_pzq	adult_pzq	juvenile_pzq	Smp_200100	40.2267438562646	1.19537810423509	0.210039691821819	5.69120100047162	1.26148901901654e-08	4.90077854818919e-08	Smp_200100	protein_coding
smansoni_prjna597909_primary	condition	condition__adult_pzq_vs_juvenile_pzq	adult_pzq	juvenile_pzq	Smp_168990	163.556236460224	-1.30059780932259	0.228748547549113	-5.68570958485912	1.30270611244404e-08	5.05052427187083e-08	Smp_168990	protein_coding
smansoni_prjna597909_primary	condition	condition__adult_pzq_vs_juvenile_pzq	adult_pzq	juvenile_pzq	Smp_167840	24.167547823796	-1.46636322023789	0.258115001331061	-5.68104609447755	1.33873388487675e-08	5.17746017997341e-08	Smp_167840	protein_coding
smansoni_prjna597909_primary	condition	condition__adult_pzq_vs_juvenile_pzq	adult_pzq	juvenile_pzq	Smp_139380	50.5137043789613	1.59205976955806	0.282048978049057	5.64462165603432	1.65544888593648e-08	6.33237671787599e-08	Smp_139380	protein_coding
smansoni_prjna597909_primary	condition	condition__adult_pzq_vs_juvenile_pzq	adult_pzq	juvenile_pzq	Smp_337740	68.7289808034302	-1.2687072691729	0.224775783531632	-5.64432364216122	1.65831867497911e-08	6.3407880727761e-08	Smp_337740	protein_coding
smansoni_prjna597909_primary	condition	condition__adult_pzq_vs_juvenile_pzq	adult_pzq	juvenile_pzq	Smp_245610	229.553811390634	1.10739119824638	0.196842196078324	5.62578156670101	1.84669910379538e-08	7.02697259624555e-08	Smp_245610	protein_coding
smansoni_prjna597909_primary	condition	condition__adult_pzq_vs_juvenile_pzq	adult_pzq	juvenile_pzq	Smp_331240	301.034502522014	1.24310084928277	0.220989570120094	5.6251561945083	1.85340194521661e-08	7.0496399139587e-08	Smp_331240	protein_coding
smansoni_prjna597909_primary	condition	condition__adult_pzq_vs_juvenile_pzq	adult_pzq	juvenile_pzq	Smp_349690	10.8731549946561	6.19010945539006	1.10162220546749	5.6190855854827	1.91970749978486e-08	7.29303669130488e-08	Smp_349690	protein_coding
smansoni_prjna597909_primary	condition	condition__adult_pzq_vs_juvenile_pzq	adult_pzq	juvenile_pzq	Smp_346800	62.1906593116152	1.09066047476221	0.194652289792574	5.60312173016019	2.10525261506252e-08	7.94682416835899e-08	Smp_346800	protein_coding
smansoni_prjna597909_primary	condition	condition__adult_pzq_vs_juvenile_pzq	adult_pzq	juvenile_pzq	Smp_327630	65.7477790459651	-1.22268807400919	0.21927591938927	-5.5760252991511	2.46076155084236e-08	9.2224893650127e-08	Smp_327630	protein_coding
smansoni_prjna597909_primary	condition	condition__adult_pzq_vs_juvenile_pzq	adult_pzq	juvenile_pzq	Smp_350220	9.47724045713077	5.28064061785381	0.950579298178153	5.55518159081993	2.77323304638282e-08	1.03361982470073e-07	Smp_350220	protein_coding
smansoni_prjna597909_primary	condition	condition__adult_pzq_vs_juvenile_pzq	adult_pzq	juvenile_pzq	Smp_316210	116.585196292611	1.31051929955672	0.23605837915112	5.55167456571305	2.829459710988e-08	1.053745200483e-07	Smp_316210	protein_coding
smansoni_prjna597909_primary	condition	condition__adult_pzq_vs_juvenile_pzq	adult_pzq	juvenile_pzq	Smp_336120	66.8881677922745	1.11527680584007	0.200944287821522	5.55017919608971	2.85376930205146e-08	1.06237997018473e-07	Smp_336120	protein_coding
smansoni_prjna597909_primary	condition	condition__adult_pzq_vs_juvenile_pzq	adult_pzq	juvenile_pzq	Smp_346585	45.7963569741827	-1.10625315391058	0.199880831026878	-5.53456351080419	3.12004362889986e-08	1.15513718685317e-07	Smp_346585	protein_coding
smansoni_prjna597909_primary	condition	condition__adult_pzq_vs_juvenile_pzq	adult_pzq	juvenile_pzq	Smp_124340	46.4363549944903	1.57224352103584	0.284330662758041	5.52963055684845	3.20905895868413e-08	1.18484473740166e-07	Smp_124340	protein_coding
smansoni_prjna597909_primary	condition	condition__adult_pzq_vs_juvenile_pzq	adult_pzq	juvenile_pzq	Smp_064460	50.0166229390904	1.09501999429661	0.198318431613829	5.52152407310715	3.36071758621951e-08	1.23697440128298e-07	Smp_064460	protein_coding
smansoni_prjna597909_primary	condition	condition__adult_pzq_vs_juvenile_pzq	adult_pzq	juvenile_pzq	Smp_342280	50.3507383203069	-1.13210931402676	0.205110512422992	-5.5195089742258	3.39948233516113e-08	1.25075543137186e-07	Smp_342280	protein_coding
smansoni_prjna597909_primary	condition	condition__adult_pzq_vs_juvenile_pzq	adult_pzq	juvenile_pzq	Smp_312450	404.139589011249	-1.35514570293774	0.24863051316069	-5.45044003533831	5.0245342561899e-08	1.82100835082465e-07	Smp_312450	protein_coding
smansoni_prjna597909_primary	condition	condition__adult_pzq_vs_juvenile_pzq	adult_pzq	juvenile_pzq	Smp_202610	2705.90328336983	1.23980291309373	0.227882834275245	5.44052787932351	5.31229253206127e-08	1.92014489533626e-07	Smp_202610	protein_coding
smansoni_prjna597909_primary	condition	condition__adult_pzq_vs_juvenile_pzq	adult_pzq	juvenile_pzq	Smp_318210	7.18984892285748	3.14576330757836	0.579391191849449	5.42942894512585	5.65346556781567e-08	2.03956322698449e-07	Smp_318210	protein_coding
smansoni_prjna597909_primary	condition	condition__adult_pzq_vs_juvenile_pzq	adult_pzq	juvenile_pzq	Smp_062080	292.445685892849	1.16390876066187	0.214432310642621	5.42786092811209	5.70334512067639e-08	2.05677291417906e-07	Smp_062080	protein_coding
smansoni_prjna597909_primary	condition	condition__adult_pzq_vs_juvenile_pzq	adult_pzq	juvenile_pzq	Smp_207040	216.140650732913	1.18104977385438	0.217604775831081	5.42749932460669	5.71490831109514e-08	2.05937145850062e-07	Smp_207040	protein_coding
smansoni_prjna597909_primary	condition	condition__adult_pzq_vs_juvenile_pzq	adult_pzq	juvenile_pzq	Smp_204020	12.8316219079549	2.73213668408439	0.503400338309166	5.42736362327677	5.71925356546098e-08	2.06015185597322e-07	Smp_204020	protein_coding
smansoni_prjna597909_primary	condition	condition__adult_pzq_vs_juvenile_pzq	adult_pzq	juvenile_pzq	Smp_331420	49.2255862082687	-1.14608749249911	0.213098359308311	-5.37820889949203	7.52304975107559e-08	2.67927152400778e-07	Smp_331420	protein_coding
smansoni_prjna597909_primary	condition	condition__adult_pzq_vs_juvenile_pzq	adult_pzq	juvenile_pzq	Smp_341290	876.531155009106	1.07890250202211	0.200724385013633	5.37504450168738	7.65637697901069e-08	2.72470162671721e-07	Smp_341290	protein_coding
smansoni_prjna597909_primary	condition	condition__adult_pzq_vs_juvenile_pzq	adult_pzq	juvenile_pzq	Smp_157690	589.229501670494	1.3587251556707	0.252835049747354	5.37395885985117	7.70264393295864e-08	2.73932732642145e-07	Smp_157690	protein_coding
smansoni_prjna597909_primary	condition	condition__adult_pzq_vs_juvenile_pzq	adult_pzq	juvenile_pzq	Smp_126580	8.34740677072468	2.44556315794699	0.455536870754014	5.36852956358735	7.93811803335566e-08	2.81754005449785e-07	Smp_126580	protein_coding
smansoni_prjna597909_primary	condition	condition__adult_pzq_vs_juvenile_pzq	adult_pzq	juvenile_pzq	Smp_343420	24.5210946501723	2.49587148313409	0.46502800870724	5.36714227186556	7.99939560189967e-08	2.83609479479204e-07	Smp_343420	protein_coding
smansoni_prjna597909_primary	condition	condition__adult_pzq_vs_juvenile_pzq	adult_pzq	juvenile_pzq	Smp_182090	16.1098984369953	-2.33738712332151	0.436484443093912	-5.35502962431723	8.55424008209747e-08	3.02486633954303e-07	Smp_182090	protein_coding
smansoni_prjna597909_primary	condition	condition__adult_pzq_vs_juvenile_pzq	adult_pzq	juvenile_pzq	Smp_312620	128.772165141362	-1.11646380490166	0.20902650043679	-5.34125482926162	9.23053918973704e-08	3.25548717990278e-07	Smp_312620	protein_coding
smansoni_prjna597909_primary	condition	condition__adult_pzq_vs_juvenile_pzq	adult_pzq	juvenile_pzq	Smp_331890	51.5831203941548	1.26931474449634	0.237794422493441	5.33786592295433	9.40469620817196e-08	3.31443656076217e-07	Smp_331890	protein_coding
smansoni_prjna597909_primary	condition	condition__adult_pzq_vs_juvenile_pzq	adult_pzq	juvenile_pzq	Smp_157100	164.688086435983	-1.18681453107085	0.222345482016967	-5.33770473006636	9.41305872766058e-08	3.31614726402713e-07	Smp_157100	protein_coding
smansoni_prjna597909_primary	condition	condition__adult_pzq_vs_juvenile_pzq	adult_pzq	juvenile_pzq	Smp_328510	6.86023902353914	4.77073161887612	0.899281568444826	5.30504770283059	1.12643535074988e-07	3.93461453632219e-07	Smp_328510	protein_coding
smansoni_prjna597909_primary	condition	condition__adult_pzq_vs_juvenile_pzq	adult_pzq	juvenile_pzq	Smp_337300	10.8092662242288	3.9273154955429	0.741513885822392	5.29634787781112	1.18141670598859e-07	4.12057221586869e-07	Smp_337300	protein_coding
smansoni_prjna597909_primary	condition	condition__adult_pzq_vs_juvenile_pzq	adult_pzq	juvenile_pzq	Smp_129810	46.2972056924895	1.0561757217095	0.199447505193346	5.29550730998433	1.18686445731794e-07	4.13804605332688e-07	Smp_129810	protein_coding
smansoni_prjna597909_primary	condition	condition__adult_pzq_vs_juvenile_pzq	adult_pzq	juvenile_pzq	Smp_323810	53.0624846508313	-1.26574313535392	0.239140349494873	-5.29288820572315	1.20399528190622e-07	4.19313316307206e-07	Smp_323810	protein_coding
smansoni_prjna597909_primary	condition	condition__adult_pzq_vs_juvenile_pzq	adult_pzq	juvenile_pzq	Smp_321790	16.7502151451033	1.64075116827622	0.310915498523072	5.27716108096963	1.31200551852024e-07	4.54751601065396e-07	Smp_321790	protein_coding
smansoni_prjna597909_primary	condition	condition__adult_pzq_vs_juvenile_pzq	adult_pzq	juvenile_pzq	Smp_122820	125.203176013241	1.01693185828647	0.192755013608353	5.27577383980637	1.32197041953708e-07	4.57701992874158e-07	Smp_122820	protein_coding
smansoni_prjna597909_primary	condition	condition__adult_pzq_vs_juvenile_pzq	adult_pzq	juvenile_pzq	Smp_329500	30.8983374837919	1.56520203124912	0.298916070770275	5.23625921890302	1.6386377099157e-07	5.6219250940556e-07	Smp_329500	protein_coding
smansoni_prjna597909_primary	condition	condition__adult_pzq_vs_juvenile_pzq	adult_pzq	juvenile_pzq	Smp_348770	7.42216103407903	4.30122519715587	0.829595057556098	5.18472857086063	2.16329688623974e-07	7.3341040777396e-07	Smp_348770	protein_coding
smansoni_prjna597909_primary	condition	condition__adult_pzq_vs_juvenile_pzq	adult_pzq	juvenile_pzq	Smp_325970	9.4902838497772	5.06379381828367	0.977767694252594	5.17893345019385	2.23158054358124e-07	7.54935551107012e-07	Smp_325970	protein_coding
smansoni_prjna597909_primary	condition	condition__adult_pzq_vs_juvenile_pzq	adult_pzq	juvenile_pzq	Smp_093070	6.32636518861505	4.07757742333209	0.789489572352036	5.16482746084186	2.40660811666587e-07	8.11532640696603e-07	Smp_093070	protein_coding
smansoni_prjna597909_primary	condition	condition__adult_pzq_vs_juvenile_pzq	adult_pzq	juvenile_pzq	Smp_323490	83.0796825334298	10.287665553572	1.99621386207903	5.1535888759221	2.55547873405996e-07	8.59586654602658e-07	Smp_323490	protein_coding
smansoni_prjna597909_primary	condition	condition__adult_pzq_vs_juvenile_pzq	adult_pzq	juvenile_pzq	Smp_243780	95.6362314864121	-1.24192676628374	0.242536293233228	-5.12058112923115	3.0459553897574e-07	1.01660912231592e-06	Smp_243780	protein_coding
smansoni_prjna597909_primary	condition	condition__adult_pzq_vs_juvenile_pzq	adult_pzq	juvenile_pzq	Smp_144740	52.2024974520559	1.01306051679207	0.198263413307818	5.10966950427318	3.22722842250317e-07	1.07294277346113e-06	Smp_144740	protein_coding
smansoni_prjna597909_primary	condition	condition__adult_pzq_vs_juvenile_pzq	adult_pzq	juvenile_pzq	Smp_331680	11.14528402592	5.68881887600843	1.1148332775864	5.10284272131225	3.34589062118383e-07	1.10927247111293e-06	Smp_331680	protein_coding
smansoni_prjna597909_primary	condition	condition__adult_pzq_vs_juvenile_pzq	adult_pzq	juvenile_pzq	Smp_173010	41.2873941695316	1.47595555877713	0.28950456728618	5.09821165383593	3.42877322997199e-07	1.13476066420501e-06	Smp_173010	protein_coding
smansoni_prjna597909_primary	condition	condition__adult_pzq_vs_juvenile_pzq	adult_pzq	juvenile_pzq	Smp_078200	20.2548503657597	1.45067913560028	0.28497337084964	5.09057787145208	3.5697393156851e-07	1.18017404728421e-06	Smp_078200	protein_coding
smansoni_prjna597909_primary	condition	condition__adult_pzq_vs_juvenile_pzq	adult_pzq	juvenile_pzq	Smp_330280	29.3875675624243	2.59452468910195	0.510173239196589	5.08557581967206	3.66512375317088e-07	1.20874911775894e-06	Smp_330280	protein_coding
smansoni_prjna597909_primary	condition	condition__adult_pzq_vs_juvenile_pzq	adult_pzq	juvenile_pzq	Smp_333560	28.0489611986727	1.33636728365304	0.262899308755493	5.08319055679188	3.71147013966541e-07	1.22318046583394e-06	Smp_333560	protein_coding
smansoni_prjna597909_primary	condition	condition__adult_pzq_vs_juvenile_pzq	adult_pzq	juvenile_pzq	Smp_007570	18.2063252398984	1.78156822739324	0.350732476231126	5.07956447756841	3.78301116892657e-07	1.24545529671522e-06	Smp_007570	protein_coding
smansoni_prjna597909_primary	condition	condition__adult_pzq_vs_juvenile_pzq	adult_pzq	juvenile_pzq	Smp_021060	37.2767267246131	-1.1764715223703	0.232336563997574	-5.06365206632991	4.11300014524489e-07	1.34752434567954e-06	Smp_021060	protein_coding
smansoni_prjna597909_primary	condition	condition__adult_pzq_vs_juvenile_pzq	adult_pzq	juvenile_pzq	Smp_332350	4.78877055443811	-6.05768600274938	1.19742325137609	-5.05893467141867	4.2160526447759e-07	1.37794362373519e-06	Smp_332350	protein_coding
smansoni_prjna597909_primary	condition	condition__adult_pzq_vs_juvenile_pzq	adult_pzq	juvenile_pzq	Smp_349190	6.10873481059444	4.70226264665605	0.929639570005035	5.05815672909726	4.23328450007238e-07	1.38309730710972e-06	Smp_349190	protein_coding
smansoni_prjna597909_primary	condition	condition__adult_pzq_vs_juvenile_pzq	adult_pzq	juvenile_pzq	Smp_326390	8.41320421872323	2.48036780021659	0.491310305000722	5.04847501664544	4.45350696977362e-07	1.45303927781499e-06	Smp_326390	protein_coding
smansoni_prjna597909_primary	condition	condition__adult_pzq_vs_juvenile_pzq	adult_pzq	juvenile_pzq	Smp_350160	7.13987625182715	4.26864388416711	0.847304201012619	5.0379118610124	4.7063806114514e-07	1.53289833009781e-06	Smp_350160	protein_coding
smansoni_prjna597909_primary	condition	condition__adult_pzq_vs_juvenile_pzq	adult_pzq	juvenile_pzq	Smp_016490	12779.9112011393	1.07077186067057	0.212558556888986	5.03753824989414	4.71557347755427e-07	1.53536343471729e-06	Smp_016490	protein_coding
smansoni_prjna597909_primary	condition	condition__adult_pzq_vs_juvenile_pzq	adult_pzq	juvenile_pzq	Smp_349200	10.1223097513304	3.37979367986354	0.67388929893267	5.01535442871193	5.29357912662001e-07	1.71176564847117e-06	Smp_349200	protein_coding
smansoni_prjna597909_primary	condition	condition__adult_pzq_vs_juvenile_pzq	adult_pzq	juvenile_pzq	Smp_328630	11.3570782411242	2.32728706469707	0.465221279512439	5.00253786141535	5.65804651600276e-07	1.82525104673236e-06	Smp_328630	protein_coding
smansoni_prjna597909_primary	condition	condition__adult_pzq_vs_juvenile_pzq	adult_pzq	juvenile_pzq	Smp_309000	109.316078214746	1.53040587075475	0.307335025284951	4.97960123268023	6.37154184583993e-07	2.03872083706429e-06	Smp_309000	protein_coding
smansoni_prjna597909_primary	condition	condition__adult_pzq_vs_juvenile_pzq	adult_pzq	juvenile_pzq	Smp_156550	33.0832859000437	-1.12685060540908	0.226731393759726	-4.96998049861255	6.69596359838036e-07	2.13674030830153e-06	Smp_156550	protein_coding
smansoni_prjna597909_primary	condition	condition__adult_pzq_vs_juvenile_pzq	adult_pzq	juvenile_pzq	Smp_340080	27.0706165358222	-1.29568046768001	0.261170064670498	-4.96106040833851	7.01093823143939e-07	2.23348123234126e-06	Smp_340080	protein_coding
smansoni_prjna597909_primary	condition	condition__adult_pzq_vs_juvenile_pzq	adult_pzq	juvenile_pzq	Smp_344210	73.2427830545084	1.01693172617345	0.205307250388684	4.95321876966457	7.29958280151623e-07	2.32152276715785e-06	Smp_344210	protein_coding
smansoni_prjna597909_primary	condition	condition__adult_pzq_vs_juvenile_pzq	adult_pzq	juvenile_pzq	Smp_187140	4940.21691744973	1.3231231034121	0.26713292916385	4.95305130503226	7.30587020306052e-07	2.3227408395334e-06	Smp_187140	protein_coding
smansoni_prjna597909_primary	condition	condition__adult_pzq_vs_juvenile_pzq	adult_pzq	juvenile_pzq	Smp_093790	24.4343432211527	4.40855403114071	0.892087431870313	4.94184075869998	7.7388413481447e-07	2.45379162773109e-06	Smp_093790	protein_coding
smansoni_prjna597909_primary	condition	condition__adult_pzq_vs_juvenile_pzq	adult_pzq	juvenile_pzq	Smp_247260	74.0681397705846	-1.13607970056476	0.229945147214298	-4.9406552576906	7.78604660253587e-07	2.46793133759789e-06	Smp_247260	protein_coding
smansoni_prjna597909_primary	condition	condition__adult_pzq_vs_juvenile_pzq	adult_pzq	juvenile_pzq	Smp_120070	12.2744235325196	1.54278742112384	0.312842960766163	4.93150754405821	8.15974159506522e-07	2.58118733455678e-06	Smp_120070	protein_coding
smansoni_prjna597909_primary	condition	condition__adult_pzq_vs_juvenile_pzq	adult_pzq	juvenile_pzq	Smp_349350	69.8789198016016	4.26163469215676	0.869168083851006	4.90311916801502	9.4326720364181e-07	2.96204704612039e-06	Smp_349350	protein_coding
smansoni_prjna597909_primary	condition	condition__adult_pzq_vs_juvenile_pzq	adult_pzq	juvenile_pzq	Smp_048050	194.507788407167	3.46151593751541	0.707066572679621	4.89560116580969	9.80056568118628e-07	3.07145049133199e-06	Smp_048050	protein_coding
smansoni_prjna597909_primary	condition	condition__adult_pzq_vs_juvenile_pzq	adult_pzq	juvenile_pzq	Smp_314020	10.3760734413689	2.19508547952275	0.449260479721908	4.88599727463566	1.029066213728e-06	3.21970667069084e-06	Smp_314020	protein_coding
smansoni_prjna597909_primary	condition	condition__adult_pzq_vs_juvenile_pzq	adult_pzq	juvenile_pzq	Smp_349140	24.1825445003864	-1.46082101171861	0.299541732588907	-4.87685304846471	1.07791676165845e-06	3.36808900204817e-06	Smp_349140	protein_coding
smansoni_prjna597909_primary	condition	condition__adult_pzq_vs_juvenile_pzq	adult_pzq	juvenile_pzq	Smp_022870	34.7320344609745	1.06039994798693	0.218660609245384	4.84952434572673	1.23757880074458e-06	3.84409951516194e-06	Smp_022870	protein_coding
smansoni_prjna597909_primary	condition	condition__adult_pzq_vs_juvenile_pzq	adult_pzq	juvenile_pzq	Smp_000180	208.270297809809	1.18430825611006	0.245317399100283	4.82765698826737	1.38148775995434e-06	4.26586811731083e-06	Smp_000180	protein_coding
smansoni_prjna597909_primary	condition	condition__adult_pzq_vs_juvenile_pzq	adult_pzq	juvenile_pzq	Smp_331510	42.8434610455269	1.25478657532989	0.260614263192774	4.81472717554885	1.47401131947328e-06	4.53232107731343e-06	Smp_331510	protein_coding
smansoni_prjna597909_primary	condition	condition__adult_pzq_vs_juvenile_pzq	adult_pzq	juvenile_pzq	Smp_133770	61.9871464566457	1.59058675790981	0.331326896307952	4.80065692110742	1.58145997924025e-06	4.8390934683648e-06	Smp_133770	protein_coding
smansoni_prjna597909_primary	condition	condition__adult_pzq_vs_juvenile_pzq	adult_pzq	juvenile_pzq	Smp_319640	30.40960664388	1.20932284036035	0.25226259130012	4.79390477251383	1.6356593894317e-06	4.99362162432443e-06	Smp_319640	protein_coding
smansoni_prjna597909_primary	condition	condition__adult_pzq_vs_juvenile_pzq	adult_pzq	juvenile_pzq	Smp_349160	4.38981384974018	4.24827319916816	0.886581517528466	4.79174572803088	1.65336359630373e-06	5.03953328354172e-06	Smp_349160	protein_coding
smansoni_prjna597909_primary	condition	condition__adult_pzq_vs_juvenile_pzq	adult_pzq	juvenile_pzq	Smp_318240	21.0594505761255	-1.44776891039083	0.303870146296103	-4.76443286067353	1.89385561548408e-06	5.73373583521959e-06	Smp_318240	protein_coding
smansoni_prjna597909_primary	condition	condition__adult_pzq_vs_juvenile_pzq	adult_pzq	juvenile_pzq	Smp_316800	6.7200674910028	3.85914870215972	0.811583079197154	4.75508768119873	1.98360307600433e-06	5.98245573528812e-06	Smp_316800	protein_coding
smansoni_prjna597909_primary	condition	condition__adult_pzq_vs_juvenile_pzq	adult_pzq	juvenile_pzq	Smp_153580	14.5489956350202	2.13032770271787	0.448588409268188	4.74895841868322	2.04466972591572e-06	6.14897176244205e-06	Smp_153580	protein_coding
smansoni_prjna597909_primary	condition	condition__adult_pzq_vs_juvenile_pzq	adult_pzq	juvenile_pzq	Smp_000500	18.9172291559894	1.68786053885581	0.3556556125958	4.74577225574125	2.07712317887631e-06	6.2366481215816e-06	Smp_000500	protein_coding
smansoni_prjna597909_primary	condition	condition__adult_pzq_vs_juvenile_pzq	adult_pzq	juvenile_pzq	Smp_340620	5.17759698827174	3.56743838271838	0.751759348331913	4.74545263804728	2.08040589394589e-06	6.24452096207576e-06	Smp_340620	protein_coding
smansoni_prjna597909_primary	condition	condition__adult_pzq_vs_juvenile_pzq	adult_pzq	juvenile_pzq	Smp_045470	24.29233289255	-1.40490591307445	0.296611984611064	-4.7365109502121	2.17428998367939e-06	6.51391091148577e-06	Smp_045470	protein_coding
smansoni_prjna597909_primary	condition	condition__adult_pzq_vs_juvenile_pzq	adult_pzq	juvenile_pzq	Smp_201810	904.416908500567	1.03372966285798	0.218349880387337	4.73428087537406	2.19833124471155e-06	6.57967920361416e-06	Smp_201810	protein_coding
smansoni_prjna597909_primary	condition	condition__adult_pzq_vs_juvenile_pzq	adult_pzq	juvenile_pzq	Smp_341940	31.7925131519924	1.53989174697009	0.326255812394361	4.7198906148797	2.35971501149596e-06	7.03597043806304e-06	Smp_341940	protein_coding
smansoni_prjna597909_primary	condition	condition__adult_pzq_vs_juvenile_pzq	adult_pzq	juvenile_pzq	Smp_343780	28.1621127467535	1.18539386196248	0.251576194875242	4.71186815807564	2.4545616900001e-06	7.29805507828908e-06	Smp_343780	protein_coding
smansoni_prjna597909_primary	condition	condition__adult_pzq_vs_juvenile_pzq	adult_pzq	juvenile_pzq	Smp_083980	20.0610243650265	1.29207141943843	0.274425645121672	4.70827505521785	2.49821850796901e-06	7.4208552285742e-06	Smp_083980	protein_coding
smansoni_prjna597909_primary	condition	condition__adult_pzq_vs_juvenile_pzq	adult_pzq	juvenile_pzq	Smp_094930	150.275395237454	1.13834393322717	0.24266637409577	4.69098340249611	2.71895029486138e-06	8.03863565437277e-06	Smp_094930	protein_coding
smansoni_prjna597909_primary	condition	condition__adult_pzq_vs_juvenile_pzq	adult_pzq	juvenile_pzq	Smp_157050	109.036050258494	1.04280013528411	0.222915215700322	4.67801236451265	2.89669083408351e-06	8.534763642069e-06	Smp_157050	protein_coding
smansoni_prjna597909_primary	condition	condition__adult_pzq_vs_juvenile_pzq	adult_pzq	juvenile_pzq	Smp_318280	13.233993880073	-1.55470136255701	0.332647206289151	-4.67372439378192	2.95786201860941e-06	8.70685512298229e-06	Smp_318280	protein_coding
smansoni_prjna597909_primary	condition	condition__adult_pzq_vs_juvenile_pzq	adult_pzq	juvenile_pzq	Smp_323420	6.53965370361496	2.82537965489796	0.604637564252044	4.67284836725791	2.97051076568103e-06	8.73864542708281e-06	Smp_323420	protein_coding
smansoni_prjna597909_primary	condition	condition__adult_pzq_vs_juvenile_pzq	adult_pzq	juvenile_pzq	Smp_201070	3.14900140173474	5.09404546618489	1.09115379114549	4.66849449410533	3.034149076993e-06	8.91753018524186e-06	Smp_201070	protein_coding
smansoni_prjna597909_primary	condition	condition__adult_pzq_vs_juvenile_pzq	adult_pzq	juvenile_pzq	Smp_060660	24.4949052947291	1.08893087731643	0.233621361964596	4.66109292471915	3.14534664088933e-06	9.23286225145527e-06	Smp_060660	protein_coding
smansoni_prjna597909_primary	condition	condition__adult_pzq_vs_juvenile_pzq	adult_pzq	juvenile_pzq	Smp_311700	6.10729601422214	3.47218714325324	0.745282564850897	4.65888685313321	3.17923880682884e-06	9.32077084433816e-06	Smp_311700	protein_coding
smansoni_prjna597909_primary	condition	condition__adult_pzq_vs_juvenile_pzq	adult_pzq	juvenile_pzq	Smp_134490	4.33752073633056	4.71509123911581	1.01349811255812	4.65229405037045	3.28262526455413e-06	9.61492841666118e-06	Smp_134490	protein_coding
smansoni_prjna597909_primary	condition	condition__adult_pzq_vs_juvenile_pzq	adult_pzq	juvenile_pzq	Smp_311870	62.5961308890435	-1.78527835641962	0.384513121793526	-4.64295821191317	3.43455836269281e-06	1.00153367247186e-05	Smp_311870	protein_coding
smansoni_prjna597909_primary	condition	condition__adult_pzq_vs_juvenile_pzq	adult_pzq	juvenile_pzq	Smp_319960	92.318756771507	1.07191141153772	0.230889839803061	4.6425230856932	3.44180168419579e-06	1.00314244585318e-05	Smp_319960	protein_coding
smansoni_prjna597909_primary	condition	condition__adult_pzq_vs_juvenile_pzq	adult_pzq	juvenile_pzq	Smp_186930	17.8561113180507	1.8888768262622	0.407194872658553	4.63875395564249	3.50516041020912e-06	1.02066470108739e-05	Smp_186930	protein_coding
smansoni_prjna597909_primary	condition	condition__adult_pzq_vs_juvenile_pzq	adult_pzq	juvenile_pzq	Smp_345820	9.55509065393194	2.1178928009632	0.460008841040077	4.60402629691781	4.14400102524942e-06	1.19856480081571e-05	Smp_345820	protein_coding
smansoni_prjna597909_primary	condition	condition__adult_pzq_vs_juvenile_pzq	adult_pzq	juvenile_pzq	Smp_137700	1294.77057581649	1.44275828807244	0.313760240828652	4.5982827023018	4.25987704447878e-06	1.23019730597047e-05	Smp_137700	protein_coding
smansoni_prjna597909_primary	condition	condition__adult_pzq_vs_juvenile_pzq	adult_pzq	juvenile_pzq	Smp_344660	12.9965355590506	2.01390974251826	0.439108715430167	4.58635793768147	4.51045061419727e-06	1.30017624902082e-05	Smp_344660	protein_coding
smansoni_prjna597909_primary	condition	condition__adult_pzq_vs_juvenile_pzq	adult_pzq	juvenile_pzq	Smp_134870	1340.32819951391	1.20950462670612	0.263722779097202	4.58627286898234	4.51228788019906e-06	1.30030930011102e-05	Smp_134870	protein_coding
smansoni_prjna597909_primary	condition	condition__adult_pzq_vs_juvenile_pzq	adult_pzq	juvenile_pzq	Smp_300150	18.8305786576097	1.66431146280791	0.363159941414324	4.5828608087287	4.58657359391025e-06	1.31970452388553e-05	Smp_300150	protein_coding
smansoni_prjna597909_primary	condition	condition__adult_pzq_vs_juvenile_pzq	adult_pzq	juvenile_pzq	Smp_332610	12.1875397741945	1.85775170225514	0.408050873194485	4.55274531754207	5.29503601682484e-06	1.51113165552622e-05	Smp_332610	protein_coding
smansoni_prjna597909_primary	condition	condition__adult_pzq_vs_juvenile_pzq	adult_pzq	juvenile_pzq	Smp_243750	35.9357705338604	-1.21535587317632	0.266992589913169	-4.55202098894045	5.31330333058741e-06	1.51588720436801e-05	Smp_243750	protein_coding
smansoni_prjna597909_primary	condition	condition__adult_pzq_vs_juvenile_pzq	adult_pzq	juvenile_pzq	Smp_307000	1647.62375012449	1.3683143612076	0.301013804273563	4.54568641630821	5.47565089159603e-06	1.56032114040897e-05	Smp_307000	protein_coding
smansoni_prjna597909_primary	condition	condition__adult_pzq_vs_juvenile_pzq	adult_pzq	juvenile_pzq	Smp_132470	111.619553466395	-1.18275332716142	0.260478361657043	-4.54069704537948	5.60685495683662e-06	1.59482374517062e-05	Smp_132470	protein_coding
smansoni_prjna597909_primary	condition	condition__adult_pzq_vs_juvenile_pzq	adult_pzq	juvenile_pzq	Smp_124470	28.9722433654685	1.22779136683963	0.270551562072832	4.53810488999917	5.67620271671156e-06	1.61309284661328e-05	Smp_124470	protein_coding
smansoni_prjna597909_primary	condition	condition__adult_pzq_vs_juvenile_pzq	adult_pzq	juvenile_pzq	Smp_343510	4.32351716142199	4.66919948701562	1.02901468136008	4.53754409105631	5.69131338616042e-06	1.61592953217147e-05	Smp_343510	protein_coding
smansoni_prjna597909_primary	condition	condition__adult_pzq_vs_juvenile_pzq	adult_pzq	juvenile_pzq	Smp_138130	10.5975939380819	1.9684400626101	0.434277005560505	4.53268314326131	5.82391432368189e-06	1.65258595579229e-05	Smp_138130	protein_coding
smansoni_prjna597909_primary	condition	condition__adult_pzq_vs_juvenile_pzq	adult_pzq	juvenile_pzq	Smp_179600	5.89932671066681	4.69219442838495	1.03662943759167	4.52639512079262	5.99983542601402e-06	1.69944394506097e-05	Smp_179600	protein_coding
smansoni_prjna597909_primary	condition	condition__adult_pzq_vs_juvenile_pzq	adult_pzq	juvenile_pzq	Smp_056060	60.0170759084082	1.02006771882989	0.226721105119878	4.49921818390279	6.82038295499326e-06	1.91863868126775e-05	Smp_056060	protein_coding
smansoni_prjna597909_primary	condition	condition__adult_pzq_vs_juvenile_pzq	adult_pzq	juvenile_pzq	Smp_346950	3.14455183802598	4.73485466103726	1.0568193533059	4.48028761606783	7.45425217639653e-06	2.09010950967962e-05	Smp_346950	protein_coding
smansoni_prjna597909_primary	condition	condition__adult_pzq_vs_juvenile_pzq	adult_pzq	juvenile_pzq	Smp_139250	5.66987365630527	4.4686032191461	0.99967621204608	4.47005056767333	7.82011059397088e-06	2.18536601923229e-05	Smp_139250	protein_coding
smansoni_prjna597909_primary	condition	condition__adult_pzq_vs_juvenile_pzq	adult_pzq	juvenile_pzq	Smp_312230	47.1389797861154	1.00781012426254	0.225927216953984	4.46077342008692	8.16643956740083e-06	2.27361374936886e-05	Smp_312230	protein_coding
smansoni_prjna597909_primary	condition	condition__adult_pzq_vs_juvenile_pzq	adult_pzq	juvenile_pzq	Smp_091210	58.1167012358436	1.01621577773992	0.228282085582417	4.45157917296595	8.52410929350692e-06	2.36413970194329e-05	Smp_091210	protein_coding
smansoni_prjna597909_primary	condition	condition__adult_pzq_vs_juvenile_pzq	adult_pzq	juvenile_pzq	Smp_336630	66.451762554288	1.57454455762616	0.353923887309618	4.44882251264583	8.63423266615251e-06	2.3925759941505e-05	Smp_336630	protein_coding
smansoni_prjna597909_primary	condition	condition__adult_pzq_vs_juvenile_pzq	adult_pzq	juvenile_pzq	Smp_317250	572.356581476469	1.10567184472271	0.249415964406626	4.43304359988808	9.2912067835387e-06	2.56185783308074e-05	Smp_317250	protein_coding
smansoni_prjna597909_primary	condition	condition__adult_pzq_vs_juvenile_pzq	adult_pzq	juvenile_pzq	Smp_124060	234.272368954668	-1.00157854423769	0.226274064534563	-4.42639569098604	9.58206845052984e-06	2.63974675005561e-05	Smp_124060	protein_coding
smansoni_prjna597909_primary	condition	condition__adult_pzq_vs_juvenile_pzq	adult_pzq	juvenile_pzq	Smp_331230	47.5323657333891	1.07743218552924	0.243556946007453	4.42373828047701	9.70075285589111e-06	2.67094569735492e-05	Smp_331230	protein_coding
smansoni_prjna597909_primary	condition	condition__adult_pzq_vs_juvenile_pzq	adult_pzq	juvenile_pzq	Smp_205300	3.46657015105004	4.50831312447625	1.020765217291	4.4166014359706	1.0026486007363e-05	2.75575300208187e-05	Smp_205300	protein_coding
smansoni_prjna597909_primary	condition	condition__adult_pzq_vs_juvenile_pzq	adult_pzq	juvenile_pzq	Smp_312010	28.3425233674357	-1.12581863727073	0.257350801894027	-4.37464592682452	1.21629736664346e-05	3.31214137410371e-05	Smp_312010	protein_coding
smansoni_prjna597909_primary	condition	condition__adult_pzq_vs_juvenile_pzq	adult_pzq	juvenile_pzq	Smp_162840	2.84659051017652	4.73247719817574	1.08428768607025	4.36459553951731	1.27358179087093e-05	3.46115442418401e-05	Smp_162840	protein_coding
smansoni_prjna597909_primary	condition	condition__adult_pzq_vs_juvenile_pzq	adult_pzq	juvenile_pzq	Smp_309740	4.68385196545738	3.67666154383261	0.844779565081091	4.35221411100266	1.34769549047593e-05	3.65102257838305e-05	Smp_309740	protein_coding
smansoni_prjna597909_primary	condition	condition__adult_pzq_vs_juvenile_pzq	adult_pzq	juvenile_pzq	Smp_346770	13.7940481279797	1.90256081521742	0.438648416637165	4.33732516306141	1.44227178129382e-05	3.89607112797634e-05	Smp_346770	protein_coding
smansoni_prjna597909_primary	condition	condition__adult_pzq_vs_juvenile_pzq	adult_pzq	juvenile_pzq	Smp_317120	54.3063741684039	1.25046853552174	0.288352064153106	4.33660337821539	1.44701386564135e-05	3.9066481171214e-05	Smp_317120	protein_coding
smansoni_prjna597909_primary	condition	condition__adult_pzq_vs_juvenile_pzq	adult_pzq	juvenile_pzq	Smp_034680	18.4405092179481	1.91419740192312	0.442457127271741	4.32628899827279	1.51642441296005e-05	4.08470890604115e-05	Smp_034680	protein_coding
smansoni_prjna597909_primary	condition	condition__adult_pzq_vs_juvenile_pzq	adult_pzq	juvenile_pzq	Smp_342370	9.29656342931307	2.25209334994313	0.522099395385874	4.31353372527591	1.60665617598979e-05	4.31914510109656e-05	Smp_342370	protein_coding
smansoni_prjna597909_primary	condition	condition__adult_pzq_vs_juvenile_pzq	adult_pzq	juvenile_pzq	Smp_067060	61251.4688326871	-1.06120472683192	0.248337660568512	-4.27323316327673	1.92658808567268e-05	5.12383528018518e-05	Smp_067060	protein_coding
smansoni_prjna597909_primary	condition	condition__adult_pzq_vs_juvenile_pzq	adult_pzq	juvenile_pzq	Smp_203400	3.39910096597706	3.7124332840809	0.869774980702847	4.26826865160108	1.96995991334997e-05	5.2303542418494e-05	Smp_203400	protein_coding
smansoni_prjna597909_primary	condition	condition__adult_pzq_vs_juvenile_pzq	adult_pzq	juvenile_pzq	Smp_194910	34692.4148317533	1.03478842377706	0.242718805049498	4.2633220098708	2.01409943888356e-05	5.33705295663791e-05	Smp_194910	protein_coding
smansoni_prjna597909_primary	condition	condition__adult_pzq_vs_juvenile_pzq	adult_pzq	juvenile_pzq	Smp_350150	4.30557690376557	3.4204767015816	0.811360218925971	4.21573133830669	2.48970019801966e-05	6.53321662178841e-05	Smp_350150	protein_coding
smansoni_prjna597909_primary	condition	condition__adult_pzq_vs_juvenile_pzq	adult_pzq	juvenile_pzq	Smp_244365	17.5943135122916	1.55420470466444	0.368704768601657	4.21530947527175	2.49435897753518e-05	6.54362505014224e-05	Smp_244365	protein_coding
smansoni_prjna597909_primary	condition	condition__adult_pzq_vs_juvenile_pzq	adult_pzq	juvenile_pzq	Smp_340040	21.4744155877667	1.93590077665745	0.459362896750947	4.21431680780052	2.50535408444777e-05	6.56882296981978e-05	Smp_340040	protein_coding
smansoni_prjna597909_primary	condition	condition__adult_pzq_vs_juvenile_pzq	adult_pzq	juvenile_pzq	Smp_157730	13.3308516375079	2.08394043799696	0.494645843591591	4.21299494374723	2.52006706764187e-05	6.6037354930277e-05	Smp_157730	protein_coding
smansoni_prjna597909_primary	condition	condition__adult_pzq_vs_juvenile_pzq	adult_pzq	juvenile_pzq	Smp_345130	33.0245472084465	-1.05639170087825	0.251714123599675	-4.196791525923	2.70722919396206e-05	7.07066326093655e-05	Smp_345130	protein_coding
smansoni_prjna597909_primary	condition	condition__adult_pzq_vs_juvenile_pzq	adult_pzq	juvenile_pzq	Smp_122170	19.1443008779765	1.56735652594788	0.375100510671285	4.17849744630556	2.93441290980514e-05	7.62608491159697e-05	Smp_122170	protein_coding
smansoni_prjna597909_primary	condition	condition__adult_pzq_vs_juvenile_pzq	adult_pzq	juvenile_pzq	Smp_300410	116.639546958026	-1.09139039278517	0.261514337038529	-4.17334821923882	3.00155647825321e-05	7.79415160232124e-05	Smp_300410	protein_coding
smansoni_prjna597909_primary	condition	condition__adult_pzq_vs_juvenile_pzq	adult_pzq	juvenile_pzq	Smp_332020	9.55151328827454	2.09755640249513	0.502808646672097	4.17167925885538	3.02363050094355e-05	7.84715966362396e-05	Smp_332020	protein_coding
smansoni_prjna597909_primary	condition	condition__adult_pzq_vs_juvenile_pzq	adult_pzq	juvenile_pzq	Smp_332640	1277.31639857284	-2.48797510008084	0.599285276953406	-4.15157053870736	3.30201456955977e-05	8.51586404133122e-05	Smp_332640	protein_coding
smansoni_prjna597909_primary	condition	condition__adult_pzq_vs_juvenile_pzq	adult_pzq	juvenile_pzq	Smp_336840	354.919967658803	1.30174161325247	0.313640066321409	4.15043150742892	3.31849062906786e-05	8.55135589584225e-05	Smp_336840	protein_coding
smansoni_prjna597909_primary	condition	condition__adult_pzq_vs_juvenile_pzq	adult_pzq	juvenile_pzq	Smp_332590	10.115268213146	1.93854566119713	0.468449023620295	4.13822115844229	3.50008910747268e-05	8.99479125715927e-05	Smp_332590	protein_coding
smansoni_prjna597909_primary	condition	condition__adult_pzq_vs_juvenile_pzq	adult_pzq	juvenile_pzq	Smp_350120	8.3870496184733	2.7836156973585	0.672755213184729	4.13763526882423	3.50903581436952e-05	9.01533202430571e-05	Smp_350120	protein_coding
smansoni_prjna597909_primary	condition	condition__adult_pzq_vs_juvenile_pzq	adult_pzq	juvenile_pzq	Smp_346140	35.1722097021092	1.16760762646298	0.282390649050632	4.13472482317793	3.55380201138014e-05	9.11877509839941e-05	Smp_346140	protein_coding
smansoni_prjna597909_primary	condition	condition__adult_pzq_vs_juvenile_pzq	adult_pzq	juvenile_pzq	Smp_316470	11.3271497332939	-1.94292581473067	0.47245200347242	-4.1124300467573	3.91516122404349e-05	9.99894728172361e-05	Smp_316470	protein_coding
smansoni_prjna597909_primary	condition	condition__adult_pzq_vs_juvenile_pzq	adult_pzq	juvenile_pzq	Smp_335785	51.9785027436162	1.04437234099108	0.254585887935088	4.10223971745586	4.0917002608989e-05	0.000104188445220949	Smp_335785	protein_coding
smansoni_prjna597909_primary	condition	condition__adult_pzq_vs_juvenile_pzq	adult_pzq	juvenile_pzq	Smp_160830	1780.52504766939	1.1710123001071	0.288275526703705	4.06212873321948	4.86272470905237e-05	0.000122763018028747	Smp_160830	protein_coding
smansoni_prjna597909_primary	condition	condition__adult_pzq_vs_juvenile_pzq	adult_pzq	juvenile_pzq	Smp_072100	16.88852023567	1.49918077017378	0.36918453806582	4.06078970161664	4.89070097345709e-05	0.000123370444625344	Smp_072100	protein_coding
smansoni_prjna597909_primary	condition	condition__adult_pzq_vs_juvenile_pzq	adult_pzq	juvenile_pzq	Smp_167140	28.6289696516705	-1.13176646517257	0.278990950484705	-4.05664220723394	4.97832559198189e-05	0.000125480355987767	Smp_167140	protein_coding
smansoni_prjna597909_primary	condition	condition__adult_pzq_vs_juvenile_pzq	adult_pzq	juvenile_pzq	Smp_333830	43.8543893291968	-1.32968147125274	0.328871808807174	-4.04316039150795	5.27355192040438e-05	0.000132603385878325	Smp_333830	protein_coding
smansoni_prjna597909_primary	condition	condition__adult_pzq_vs_juvenile_pzq	adult_pzq	juvenile_pzq	Smp_138060	2.69067846838637	4.55939840048582	1.13528291380009	4.01609003805431	5.91716567872203e-05	0.000147725964065717	Smp_138060	protein_coding
smansoni_prjna597909_primary	condition	condition__adult_pzq_vs_juvenile_pzq	adult_pzq	juvenile_pzq	Smp_329060	2.43191905657688	4.81109344856503	1.20125298191064	4.00506264793017	6.20010470786042e-05	0.000154300657447859	Smp_329060	protein_coding
smansoni_prjna597909_primary	condition	condition__adult_pzq_vs_juvenile_pzq	adult_pzq	juvenile_pzq	Smp_152200	17.0291853373923	1.2909093491027	0.323100962305136	3.99537451047133	6.45920640423374e-05	0.000160140517114184	Smp_152200	protein_coding
smansoni_prjna597909_primary	condition	condition__adult_pzq_vs_juvenile_pzq	adult_pzq	juvenile_pzq	Smp_331130	16.5373841976956	1.94642979891362	0.487868280536441	3.98966253098768	6.61673673037516e-05	0.000163806693492682	Smp_331130	protein_coding
smansoni_prjna597909_primary	condition	condition__adult_pzq_vs_juvenile_pzq	adult_pzq	juvenile_pzq	Smp_327920	7.72307406721304	6.79639536065644	1.70454512574621	3.98721938070201	6.68522041238653e-05	0.000165199224412751	Smp_327920	protein_coding
smansoni_prjna597909_primary	condition	condition__adult_pzq_vs_juvenile_pzq	adult_pzq	juvenile_pzq	Smp_306960	6.50110205266054	3.34856319099528	0.841823515517444	3.97774964617972	6.95705644406263e-05	0.000171557781135612	Smp_306960	protein_coding
smansoni_prjna597909_primary	condition	condition__adult_pzq_vs_juvenile_pzq	adult_pzq	juvenile_pzq	Smp_171130	4.52920954752372	-4.2174379227558	1.06359595955652	-3.96526320437915	7.33150028540505e-05	0.000180508832241856	Smp_171130	protein_coding
smansoni_prjna597909_primary	condition	condition__adult_pzq_vs_juvenile_pzq	adult_pzq	juvenile_pzq	Smp_154090	110.248520794778	1.3362635210053	0.339636410953124	3.93439418717015	8.34068026554659e-05	0.000203868916136401	Smp_154090	protein_coding
smansoni_prjna597909_primary	condition	condition__adult_pzq_vs_juvenile_pzq	adult_pzq	juvenile_pzq	Smp_158570	3.92292608854264	4.15741937891058	1.05692321287235	3.93351127903809	8.37139088191505e-05	0.000204566666535318	Smp_158570	protein_coding
smansoni_prjna597909_primary	condition	condition__adult_pzq_vs_juvenile_pzq	adult_pzq	juvenile_pzq	Smp_331730	22.4507666043513	1.45181606385582	0.369753921242479	3.92643858644502	8.62128917017586e-05	0.000210346993382814	Smp_331730	protein_coding
smansoni_prjna597909_primary	condition	condition__adult_pzq_vs_juvenile_pzq	adult_pzq	juvenile_pzq	Smp_331150	13.5009623361918	1.43982672439408	0.367094694022004	3.92222156255895	8.77362555820005e-05	0.000213622639814804	Smp_331150	protein_coding
smansoni_prjna597909_primary	condition	condition__adult_pzq_vs_juvenile_pzq	adult_pzq	juvenile_pzq	Smp_350320	14.2390716830503	1.34526635941189	0.343257688015271	3.91911501586542	8.88746985480934e-05	0.000216283123243197	Smp_350320	protein_coding
smansoni_prjna597909_primary	condition	condition__adult_pzq_vs_juvenile_pzq	adult_pzq	juvenile_pzq	Smp_083880	12.6316463121956	1.45738747366772	0.371935319955398	3.91838955720175	8.91425569778909e-05	0.000216879137337201	Smp_083880	protein_coding
smansoni_prjna597909_primary	condition	condition__adult_pzq_vs_juvenile_pzq	adult_pzq	juvenile_pzq	Smp_166350	12.2625490123738	1.23756097711615	0.31636242429733	3.91184566202793	9.15934418298689e-05	0.00022261280847928	Smp_166350	protein_coding
smansoni_prjna597909_primary	condition	condition__adult_pzq_vs_juvenile_pzq	adult_pzq	juvenile_pzq	Smp_324280	103.870865205938	-1.00010951156617	0.255938187642527	-3.90762129238424	9.32092523005965e-05	0.000226190976314567	Smp_324280	protein_coding
smansoni_prjna597909_primary	condition	condition__adult_pzq_vs_juvenile_pzq	adult_pzq	juvenile_pzq	Smp_303920	139.671601887573	2.72682040363792	0.701964391881005	3.88455658887632	0.00010251681389567	0.000247380373995882	Smp_303920	protein_coding
smansoni_prjna597909_primary	condition	condition__adult_pzq_vs_juvenile_pzq	adult_pzq	juvenile_pzq	Smp_132810	25.7025703937391	1.19690469952076	0.308425544019592	3.88069251308422	0.000104159460151052	0.000250882294200887	Smp_132810	protein_coding
smansoni_prjna597909_primary	condition	condition__adult_pzq_vs_juvenile_pzq	adult_pzq	juvenile_pzq	Smp_243760	26.8096311668836	1.13498537774564	0.298282415797942	3.80506968441103	0.000141764273990943	0.00033524040974791	Smp_243760	protein_coding
smansoni_prjna597909_primary	condition	condition__adult_pzq_vs_juvenile_pzq	adult_pzq	juvenile_pzq	Smp_349720	1.87846688365035	5.16969579564204	1.36937698633779	3.77521737784399	0.000159868189502546	0.000374956359101256	Smp_349720	protein_coding
smansoni_prjna597909_primary	condition	condition__adult_pzq_vs_juvenile_pzq	adult_pzq	juvenile_pzq	Smp_326650	4.09842273642727	3.71294318546201	0.983716940949312	3.77440199604464	0.000160391945894856	0.000376091459339662	Smp_326650	protein_coding
smansoni_prjna597909_primary	condition	condition__adult_pzq_vs_juvenile_pzq	adult_pzq	juvenile_pzq	Smp_039600	10.5140482043592	1.47439353762958	0.391758020409772	3.76353121267917	0.000167530805745327	0.000391664896340548	Smp_039600	protein_coding
smansoni_prjna597909_primary	condition	condition__adult_pzq_vs_juvenile_pzq	adult_pzq	juvenile_pzq	Smp_319720	2.13799815319592	4.13208782429722	1.10182264677362	3.75022952777098	0.000176672779040222	0.000411510869267663	Smp_319720	protein_coding
smansoni_prjna597909_primary	condition	condition__adult_pzq_vs_juvenile_pzq	adult_pzq	juvenile_pzq	Smp_335800	16.3568815412807	1.33829764729762	0.356976236567196	3.74898245375419	0.000177553505887545	0.000413460393606572	Smp_335800	protein_coding
smansoni_prjna597909_primary	condition	condition__adult_pzq_vs_juvenile_pzq	adult_pzq	juvenile_pzq	Smp_337510	15.9276321922999	1.41360765505839	0.377124349824802	3.74838605811346	0.000177976158911455	0.000414240495944612	Smp_337510	protein_coding
smansoni_prjna597909_primary	condition	condition__adult_pzq_vs_juvenile_pzq	adult_pzq	juvenile_pzq	Smp_318030	2.89391463891404	3.93350839472132	1.05050639788505	3.74439261164	0.000180830698884325	0.000420470299103232	Smp_318030	protein_coding
smansoni_prjna597909_primary	condition	condition__adult_pzq_vs_juvenile_pzq	adult_pzq	juvenile_pzq	Smp_327410	26.0163694370909	-1.59146734518269	0.425282734729187	-3.74213955851302	0.000182460132416912	0.000424154739696176	Smp_327410	pseudogene
smansoni_prjna597909_primary	condition	condition__adult_pzq_vs_juvenile_pzq	adult_pzq	juvenile_pzq	Smp_331930	4.73486411900554	3.50213440643561	0.936735645367351	3.73865820496476	0.000185005053798056	0.000429542561655423	Smp_331930	protein_coding
smansoni_prjna597909_primary	condition	condition__adult_pzq_vs_juvenile_pzq	adult_pzq	juvenile_pzq	Smp_161880	2.56011134347502	3.94268945968013	1.05640467081043	3.73217723152953	0.000189831857802475	0.000440208714413394	Smp_161880	protein_coding
smansoni_prjna597909_primary	condition	condition__adult_pzq_vs_juvenile_pzq	adult_pzq	juvenile_pzq	Smp_200980	4.46499301100314	2.42769115858855	0.652984739037809	3.71783751357776	0.000200935436290772	0.000464135323514265	Smp_200980	protein_coding
smansoni_prjna597909_primary	condition	condition__adult_pzq_vs_juvenile_pzq	adult_pzq	juvenile_pzq	Smp_310500	5.73209472981338	-2.01661327283744	0.542622076100121	-3.71642320071281	0.00020206302306822	0.000466511894001176	Smp_310500	protein_coding
smansoni_prjna597909_primary	condition	condition__adult_pzq_vs_juvenile_pzq	adult_pzq	juvenile_pzq	Smp_345930	13.6838118618271	1.43501340129935	0.386486642734179	3.7129702365583	0.000204840984793367	0.000472579201431999	Smp_345930	protein_coding
smansoni_prjna597909_primary	condition	condition__adult_pzq_vs_juvenile_pzq	adult_pzq	juvenile_pzq	Smp_331550	18.818690923574	1.20520614289477	0.32519323772752	3.70612301570863	0.000210456108522003	0.000484587366077946	Smp_331550	protein_coding
smansoni_prjna597909_primary	condition	condition__adult_pzq_vs_juvenile_pzq	adult_pzq	juvenile_pzq	Smp_062490	6.02685273541222	2.31488758282367	0.627764932444278	3.68750700012882	0.000226461865668724	0.000518787579811145	Smp_062490	protein_coding
smansoni_prjna597909_primary	condition	condition__adult_pzq_vs_juvenile_pzq	adult_pzq	juvenile_pzq	Smp_248090	8.61446587110015	-1.68658210523153	0.459462928434383	-3.67076863192979	0.000241822166466846	0.000551569285097642	Smp_248090	protein_coding
smansoni_prjna597909_primary	condition	condition__adult_pzq_vs_juvenile_pzq	adult_pzq	juvenile_pzq	Smp_180320	6.96658542715853	2.17616232519888	0.593742420987764	3.6651622795935	0.00024718179808453	0.000562843255961208	Smp_180320	protein_coding
smansoni_prjna597909_primary	condition	condition__adult_pzq_vs_juvenile_pzq	adult_pzq	juvenile_pzq	Smp_138080	3.36818413191968	4.9035682769002	1.33838347256854	3.66379918566208	0.000248501640614706	0.00056557609128105	Smp_138080	protein_coding
smansoni_prjna597909_primary	condition	condition__adult_pzq_vs_juvenile_pzq	adult_pzq	juvenile_pzq	Smp_078540	10.8734700685927	1.85247207757201	0.507272777846017	3.65182631214311	0.000260381973861631	0.000590907663130886	Smp_078540	protein_coding
smansoni_prjna597909_primary	condition	condition__adult_pzq_vs_juvenile_pzq	adult_pzq	juvenile_pzq	Smp_016540	20.3776413546944	1.16840507165861	0.320505509906336	3.64550697427967	0.000266865177074707	0.000604025300217944	Smp_016540	protein_coding
smansoni_prjna597909_primary	condition	condition__adult_pzq_vs_juvenile_pzq	adult_pzq	juvenile_pzq	Smp_059790	998.871988649243	1.08165911497166	0.297155132818009	3.6400485655892	0.000272586622764546	0.000616532366204951	Smp_059790	protein_coding
smansoni_prjna597909_primary	condition	condition__adult_pzq_vs_juvenile_pzq	adult_pzq	juvenile_pzq	Smp_350290	8.46689081188615	-1.63962471547618	0.450770053173842	-3.63738607729527	0.000275418944576152	0.000622789441180332	Smp_350290	protein_coding
smansoni_prjna597909_primary	condition	condition__adult_pzq_vs_juvenile_pzq	adult_pzq	juvenile_pzq	Smp_125450	14.1879413396774	1.95449143364716	0.53829539524342	3.63089012263113	0.000282445419507229	0.000637458000282312	Smp_125450	protein_coding
smansoni_prjna597909_primary	condition	condition__adult_pzq_vs_juvenile_pzq	adult_pzq	juvenile_pzq	Smp_318350	19.5824323011648	1.10785834391774	0.305481688119849	3.62659493842752	0.000287183260501873	0.000647841569991336	Smp_318350	protein_coding
smansoni_prjna597909_primary	condition	condition__adult_pzq_vs_juvenile_pzq	adult_pzq	juvenile_pzq	Smp_303550	15539.1538584713	-1.03026530262138	0.284109077133761	-3.62630195773831	0.000287509133098215	0.000648421934155174	Smp_303550	protein_coding
smansoni_prjna597909_primary	condition	condition__adult_pzq_vs_juvenile_pzq	adult_pzq	juvenile_pzq	Smp_327280	11.1321708678109	1.84409423846072	0.510773100658288	3.61039811235955	0.000305727382418066	0.000687214082905009	Smp_327280	protein_coding
smansoni_prjna597909_primary	condition	condition__adult_pzq_vs_juvenile_pzq	adult_pzq	juvenile_pzq	Smp_329030	2.00382865999542	4.42116107106502	1.22866739277101	3.59833840881378	0.000320256735035406	0.000717654494915756	Smp_329030	protein_coding
smansoni_prjna597909_primary	condition	condition__adult_pzq_vs_juvenile_pzq	adult_pzq	juvenile_pzq	Smp_148180	22.8756942045688	-1.10693070008416	0.307629784915034	-3.59825593737581	0.000320358284364747	0.000717711899458542	Smp_148180	protein_coding
smansoni_prjna597909_primary	condition	condition__adult_pzq_vs_juvenile_pzq	adult_pzq	juvenile_pzq	Smp_342210	2.54273711095508	4.34314697947124	1.2079863489827	3.5953609766607	0.000323942085825291	0.000724881769701859	Smp_342210	protein_coding
smansoni_prjna597909_primary	condition	condition__adult_pzq_vs_juvenile_pzq	adult_pzq	juvenile_pzq	Smp_034100	79.9330514615141	4.56287475913024	1.27241182146609	3.58600468979677	0.000335782921532373	0.000750312097948933	Smp_034100	protein_coding
smansoni_prjna597909_primary	condition	condition__adult_pzq_vs_juvenile_pzq	adult_pzq	juvenile_pzq	Smp_200460	14.2356903729482	1.1906545972032	0.332188218664293	3.58427701617697	0.000338013193881669	0.00075476038473176	Smp_200460	protein_coding
smansoni_prjna597909_primary	condition	condition__adult_pzq_vs_juvenile_pzq	adult_pzq	juvenile_pzq	Smp_124380	15.2675953352382	1.22057391742551	0.341642326682329	3.57266597871064	0.000353365370492112	0.000787552341874899	Smp_124380	protein_coding
smansoni_prjna597909_primary	condition	condition__adult_pzq_vs_juvenile_pzq	adult_pzq	juvenile_pzq	Smp_088360	7.38281354224203	1.92513216413089	0.540848376537102	3.5594673990832	0.000371607657755593	0.00082432189183428	Smp_088360	protein_coding
smansoni_prjna597909_primary	condition	condition__adult_pzq_vs_juvenile_pzq	adult_pzq	juvenile_pzq	Smp_327200	14.0708048806959	-7.93710664851134	2.23264828928286	-3.55501880283203	0.000377952060036564	0.000836824284719044	Smp_327200	protein_coding
smansoni_prjna597909_primary	condition	condition__adult_pzq_vs_juvenile_pzq	adult_pzq	juvenile_pzq	Smp_322270	37.7621178048314	-2.49893535863562	0.703479683803842	-3.55224950509363	0.000381952496839846	0.000845285647419861	Smp_322270	protein_coding
smansoni_prjna597909_primary	condition	condition__adult_pzq_vs_juvenile_pzq	adult_pzq	juvenile_pzq	Smp_347710	493.603589029765	1.41856122274212	0.399644359567605	3.54955897357575	0.000385877023444881	0.000853770979775519	Smp_347710	protein_coding
smansoni_prjna597909_primary	condition	condition__adult_pzq_vs_juvenile_pzq	adult_pzq	juvenile_pzq	Smp_316540	40.1892587724455	1.20086681338932	0.338368171517425	3.54899459959247	0.000386705011186135	0.000855005189557553	Smp_316540	protein_coding
smansoni_prjna597909_primary	condition	condition__adult_pzq_vs_juvenile_pzq	adult_pzq	juvenile_pzq	Smp_247210	16.1144929279132	1.19722796542004	0.337592050364744	3.54637487502008	0.000390570170608901	0.000863144552863065	Smp_247210	protein_coding
smansoni_prjna597909_primary	condition	condition__adult_pzq_vs_juvenile_pzq	adult_pzq	juvenile_pzq	Smp_318490	3.44676484717723	3.07075915847226	0.872886633395684	3.51793582464021	0.00043491752801741	0.000955342894450514	Smp_318490	protein_coding
smansoni_prjna597909_primary	condition	condition__adult_pzq_vs_juvenile_pzq	adult_pzq	juvenile_pzq	Smp_343060	3.19733811645189	2.59159418556049	0.736693965799082	3.51787079285959	0.000435024121051831	0.00095535501677089	Smp_343060	protein_coding
smansoni_prjna597909_primary	condition	condition__adult_pzq_vs_juvenile_pzq	adult_pzq	juvenile_pzq	Smp_317150	53.652269495172	1.45161442065531	0.413202149547668	3.51308535602827	0.000442935159301929	0.000971825238096991	Smp_317150	protein_coding
smansoni_prjna597909_primary	condition	condition__adult_pzq_vs_juvenile_pzq	adult_pzq	juvenile_pzq	Smp_317170	11.6306366296023	1.91700080508454	0.546031088480404	3.51079058597108	0.000446776205982776	0.000980025226026734	Smp_317170	protein_coding
smansoni_prjna597909_primary	condition	condition__adult_pzq_vs_juvenile_pzq	adult_pzq	juvenile_pzq	Smp_329780	1.96737611381217	4.28319646393874	1.22444125513335	3.49808244861226	0.00046861624000321	0.0010241296417365	Smp_329780	protein_coding
smansoni_prjna597909_primary	condition	condition__adult_pzq_vs_juvenile_pzq	adult_pzq	juvenile_pzq	Smp_337670	2.21284656009269	3.59699752160828	1.02920322220821	3.49493418208575	0.000474178671626417	0.00103461145064933	Smp_337670	protein_coding
smansoni_prjna597909_primary	condition	condition__adult_pzq_vs_juvenile_pzq	adult_pzq	juvenile_pzq	Smp_161040	11.2993259871179	1.55403761957831	0.447964906211805	3.46910572241017	0.000522193918935052	0.00113231863312093	Smp_161040	protein_coding
smansoni_prjna597909_primary	condition	condition__adult_pzq_vs_juvenile_pzq	adult_pzq	juvenile_pzq	Smp_171060	1.32183681187898	4.42245952841962	1.27786368040552	3.46082261843155	0.000538527526727484	0.00116479683813002	Smp_171060	protein_coding
smansoni_prjna597909_primary	condition	condition__adult_pzq_vs_juvenile_pzq	adult_pzq	juvenile_pzq	Smp_172150	303.866440810632	1.32303878385752	0.383828649316808	3.44695161815683	0.000566950103311692	0.0012217994474469	Smp_172150	protein_coding
smansoni_prjna597909_primary	condition	condition__adult_pzq_vs_juvenile_pzq	adult_pzq	juvenile_pzq	Smp_309540	24.4950861010334	-1.01473274374114	0.295005734901121	-3.43970514363477	0.000582348256638218	0.0012521282351557	Smp_309540	protein_coding
smansoni_prjna597909_primary	condition	condition__adult_pzq_vs_juvenile_pzq	adult_pzq	juvenile_pzq	Smp_326600	2.32834723344202	4.31083614179108	1.25408171391332	3.43744438178535	0.000587231305980745	0.00126205327515462	Smp_326600	protein_coding
smansoni_prjna597909_primary	condition	condition__adult_pzq_vs_juvenile_pzq	adult_pzq	juvenile_pzq	Smp_344730	7.82226163132746	1.9404139035611	0.569446366486341	3.40754462186501	0.000655501897378142	0.00139702456234909	Smp_344730	protein_coding
smansoni_prjna597909_primary	condition	condition__adult_pzq_vs_juvenile_pzq	adult_pzq	juvenile_pzq	Smp_349070	2.25708840587442	4.1422631307448	1.22274541328531	3.38767423352278	0.000704879308978492	0.00149473307498225	Smp_349070	protein_coding
smansoni_prjna597909_primary	condition	condition__adult_pzq_vs_juvenile_pzq	adult_pzq	juvenile_pzq	Smp_317040	7.3677482495372	-1.81074142063929	0.53634147650164	-3.37609806433412	0.000735217090335384	0.00155569105391763	Smp_317040	protein_coding
smansoni_prjna597909_primary	condition	condition__adult_pzq_vs_juvenile_pzq	adult_pzq	juvenile_pzq	Smp_322430	2.36901065767825	3.46900870462494	1.02893787218387	3.3714462246998	0.000747746351572432	0.0015807869637805	Smp_322430	protein_coding
smansoni_prjna597909_primary	condition	condition__adult_pzq_vs_juvenile_pzq	adult_pzq	juvenile_pzq	Smp_350520	3.94940404328362	4.42674976797701	1.31456083999534	3.36747424181046	0.000758601126175327	0.00160194321818793	Smp_350520	pseudogene
smansoni_prjna597909_primary	condition	condition__adult_pzq_vs_juvenile_pzq	adult_pzq	juvenile_pzq	Smp_317510	10.3590497213913	1.55754888507614	0.462574773670222	3.36712889187197	0.000759551791683344	0.00160359248045365	Smp_317510	protein_coding
smansoni_prjna597909_primary	condition	condition__adult_pzq_vs_juvenile_pzq	adult_pzq	juvenile_pzq	Smp_333280	3.53642443506927	3.72349929628176	1.10871795340217	3.35838279235577	0.000783999614980326	0.00165041522512117	Smp_333280	protein_coding
smansoni_prjna597909_primary	condition	condition__adult_pzq_vs_juvenile_pzq	adult_pzq	juvenile_pzq	Smp_322920	79.3513188074397	-1.59312244746061	0.478884331403215	-3.32673746662892	0.00087869115647561	0.00183180167865184	Smp_322920	protein_coding
smansoni_prjna597909_primary	condition	condition__adult_pzq_vs_juvenile_pzq	adult_pzq	juvenile_pzq	Smp_344680	16.8119535245018	1.20292861490131	0.361745062035957	3.32534909566158	0.000883078894660185	0.00183932607146938	Smp_344680	protein_coding
smansoni_prjna597909_primary	condition	condition__adult_pzq_vs_juvenile_pzq	adult_pzq	juvenile_pzq	Smp_332460	3.52832733554072	2.38201416006432	0.717765661940484	3.31865159671268	0.000904532092089965	0.00188028091806342	Smp_332460	protein_coding
smansoni_prjna597909_primary	condition	condition__adult_pzq_vs_juvenile_pzq	adult_pzq	juvenile_pzq	Smp_323280	18.8311793865891	-1.33830183260258	0.404344974972331	-3.30980206368128	0.000933619677264807	0.0019356379007473	Smp_323280	protein_coding
smansoni_prjna597909_primary	condition	condition__adult_pzq_vs_juvenile_pzq	adult_pzq	juvenile_pzq	Smp_343390	123.780027587753	1.38171192960729	0.41918538018267	3.29618349047665	0.000980079801414902	0.00202840251433625	Smp_343390	protein_coding
smansoni_prjna597909_primary	condition	condition__adult_pzq_vs_juvenile_pzq	adult_pzq	juvenile_pzq	Smp_018880	3.2711835683898	2.7063293949791	0.82269241708851	3.28960051018427	0.00100329716458727	0.00207418302705137	Smp_018880	protein_coding
smansoni_prjna597909_primary	condition	condition__adult_pzq_vs_juvenile_pzq	adult_pzq	juvenile_pzq	Smp_043290	6.76616674832822	2.48688010403961	0.761100266449904	3.26748026989858	0.00108509429516123	0.00223449047448016	Smp_043290	protein_coding
smansoni_prjna597909_primary	condition	condition__adult_pzq_vs_juvenile_pzq	adult_pzq	juvenile_pzq	Smp_345850	35.2981116537906	1.02065408966181	0.312660929808523	3.26441199508641	0.00109691533642106	0.0022558841949199	Smp_345850	protein_coding
smansoni_prjna597909_primary	condition	condition__adult_pzq_vs_juvenile_pzq	adult_pzq	juvenile_pzq	Smp_342150	20.8058680490788	1.03699733804429	0.318477555127702	3.25610807213235	0.00112950750060878	0.0023203879364821	Smp_342150	protein_coding
smansoni_prjna597909_primary	condition	condition__adult_pzq_vs_juvenile_pzq	adult_pzq	juvenile_pzq	Smp_078490	5.36136336162225	2.82073578447899	0.870165512335212	3.24160834288772	0.00118857245602523	0.00243221191910598	Smp_078490	protein_coding
smansoni_prjna597909_primary	condition	condition__adult_pzq_vs_juvenile_pzq	adult_pzq	juvenile_pzq	Smp_060620	21.067980341765	-1.12340357294803	0.346680835999326	-3.24045478230649	0.00119339197909592	0.00244101730933016	Smp_060620	protein_coding
smansoni_prjna597909_primary	condition	condition__adult_pzq_vs_juvenile_pzq	adult_pzq	juvenile_pzq	Smp_139680	3.01831759963209	2.99535052874762	0.934534255169207	3.20518002649917	0.0013497802870683	0.00273779469385612	Smp_139680	protein_coding
smansoni_prjna597909_primary	condition	condition__adult_pzq_vs_juvenile_pzq	adult_pzq	juvenile_pzq	Smp_342320	9.83305718714003	1.28001989771125	0.399458553796762	3.20438725255714	0.00135350290779337	0.00274475637941706	Smp_342320	protein_coding
smansoni_prjna597909_primary	condition	condition__adult_pzq_vs_juvenile_pzq	adult_pzq	juvenile_pzq	Smp_322640	6.11975741823825	3.37724271215181	1.06486445548323	3.17152356317429	0.00151641565362173	0.00304572051806898	Smp_322640	protein_coding
smansoni_prjna597909_primary	condition	condition__adult_pzq_vs_juvenile_pzq	adult_pzq	juvenile_pzq	Smp_326360	10.079943334547	-1.35197186228268	0.429824424607323	-3.14540492555258	0.00165857093498662	0.00331293585745848	Smp_326360	pseudogene
smansoni_prjna597909_primary	condition	condition__adult_pzq_vs_juvenile_pzq	adult_pzq	juvenile_pzq	Smp_137810	12.3908933942081	1.62244155885434	0.516749279415538	3.13970744320995	0.00169116631718861	0.00337092029313934	Smp_137810	protein_coding
smansoni_prjna597909_primary	condition	condition__adult_pzq_vs_juvenile_pzq	adult_pzq	juvenile_pzq	Smp_311860	6.74332842541908	1.57076889357148	0.500986215211594	3.13535352047174	0.00171647125045069	0.00341703585915331	Smp_311860	protein_coding
smansoni_prjna597909_primary	condition	condition__adult_pzq_vs_juvenile_pzq	adult_pzq	juvenile_pzq	Smp_153370	2.52125061896648	2.86000299094583	0.913033533502123	3.1324183460992	0.00173372644850219	0.00344920698615927	Smp_153370	protein_coding
smansoni_prjna597909_primary	condition	condition__adult_pzq_vs_juvenile_pzq	adult_pzq	juvenile_pzq	Smp_154900	9.31957266207471	1.42659233803223	0.455764205599807	3.13011052755836	0.00174740542534688	0.00347276620697617	Smp_154900	protein_coding
smansoni_prjna597909_primary	condition	condition__adult_pzq_vs_juvenile_pzq	adult_pzq	juvenile_pzq	Smp_332140	4.88561402370152	2.54987283139279	0.817703117712514	3.11833570908466	0.00181875509491924	0.00360093698307009	Smp_332140	protein_coding
smansoni_prjna597909_primary	condition	condition__adult_pzq_vs_juvenile_pzq	adult_pzq	juvenile_pzq	Smp_335610	5.93657968445994	1.91474026991472	0.614463569982575	3.11611682685928	0.00183249658155681	0.00362434770639778	Smp_335610	protein_coding
smansoni_prjna597909_primary	condition	condition__adult_pzq_vs_juvenile_pzq	adult_pzq	juvenile_pzq	Smp_114870	323.043679868591	1.74624581210282	0.560629858704503	3.1147927371154	0.00184074202345622	0.00363913273493164	Smp_114870	protein_coding
smansoni_prjna597909_primary	condition	condition__adult_pzq_vs_juvenile_pzq	adult_pzq	juvenile_pzq	Smp_199340	13.4321771516552	-1.18054254457243	0.381915883594331	-3.09110617097664	0.00199412317628721	0.00392839772035571	Smp_199340	protein_coding
smansoni_prjna597909_primary	condition	condition__adult_pzq_vs_juvenile_pzq	adult_pzq	juvenile_pzq	Smp_345060	1.83806342709542	3.65223774126097	1.2001021195564	3.04327246968865	0.0023402033720026	0.00455416970808495	Smp_345060	protein_coding
smansoni_prjna597909_primary	condition	condition__adult_pzq_vs_juvenile_pzq	adult_pzq	juvenile_pzq	Smp_193400	3.55144823617295	-3.19179762678672	1.05007455442074	-3.03959143981681	0.00236899276400728	0.00460640189372491	Smp_193400	protein_coding
smansoni_prjna597909_primary	condition	condition__adult_pzq_vs_juvenile_pzq	adult_pzq	juvenile_pzq	Smp_154260	3.55303288186064	3.07627247606097	1.01613057292252	3.02743816398835	0.00246636169014102	0.0047809784034481	Smp_154260	protein_coding
smansoni_prjna597909_primary	condition	condition__adult_pzq_vs_juvenile_pzq	adult_pzq	juvenile_pzq	Smp_349890	10.3485745612119	1.38692921174401	0.458607562204738	3.02421792845369	0.00249276803381217	0.00482820562614602	Smp_349890	protein_coding
smansoni_prjna597909_primary	condition	condition__adult_pzq_vs_juvenile_pzq	adult_pzq	juvenile_pzq	Smp_200840	36.2582159322833	-1.33572852805954	0.44394966798989	-3.00873865748662	0.0026233467075484	0.00506658624432927	Smp_200840	protein_coding
smansoni_prjna597909_primary	condition	condition__adult_pzq_vs_juvenile_pzq	adult_pzq	juvenile_pzq	Smp_349530	1.72184961901022	3.82498545212295	1.27481285008548	3.00042900561167	0.00269599593363917	0.00519733909132316	Smp_349530	protein_coding
smansoni_prjna597909_primary	condition	condition__adult_pzq_vs_juvenile_pzq	adult_pzq	juvenile_pzq	Smp_346780	2.23408563808912	2.87628853917033	0.959727555246352	2.99698442901539	0.0027266464001355	0.00524893315154395	Smp_346780	protein_coding
smansoni_prjna597909_primary	condition	condition__adult_pzq_vs_juvenile_pzq	adult_pzq	juvenile_pzq	Smp_315690	13.7771162248715	-6.22614156294432	2.08831831579143	-2.98141404778358	0.00286920576521068	0.00550654474980128	Smp_315690	protein_coding
smansoni_prjna597909_primary	condition	condition__adult_pzq_vs_juvenile_pzq	adult_pzq	juvenile_pzq	Smp_319590	4.5374291311174	4.62441629377394	1.55767912699593	2.96878619840813	0.00298978539497419	0.00571590848569904	Smp_319590	protein_coding
smansoni_prjna597909_primary	condition	condition__adult_pzq_vs_juvenile_pzq	adult_pzq	juvenile_pzq	Smp_156250	11.7051279744104	1.24370999785431	0.419898744390838	2.96192835646271	0.00305718910852327	0.00583179645888233	Smp_156250	protein_coding
smansoni_prjna597909_primary	condition	condition__adult_pzq_vs_juvenile_pzq	adult_pzq	juvenile_pzq	Smp_349680	1.13200624523912	4.00497171669155	1.35495350210087	2.95580011452925	0.00311859127939705	0.00593574804125271	Smp_349680	protein_coding
smansoni_prjna597909_primary	condition	condition__adult_pzq_vs_juvenile_pzq	adult_pzq	juvenile_pzq	Smp_177780	3.36280319999058	2.35553621217598	0.797256421715946	2.9545528239285	0.00313122543773285	0.00595859529644672	Smp_177780	protein_coding
smansoni_prjna597909_primary	condition	condition__adult_pzq_vs_juvenile_pzq	adult_pzq	juvenile_pzq	Smp_327870	9.71353934721739	-1.43946855797828	0.490047313872828	-2.93740730176074	0.0033096910179174	0.00626290280307413	Smp_327870	pseudogene
smansoni_prjna597909_primary	condition	condition__adult_pzq_vs_juvenile_pzq	adult_pzq	juvenile_pzq	Smp_144120	7.0276174775893	1.43681064388625	0.490450737326067	2.92957178884006	0.00339429397879253	0.00641272570208814	Smp_144120	protein_coding
smansoni_prjna597909_primary	condition	condition__adult_pzq_vs_juvenile_pzq	adult_pzq	juvenile_pzq	Smp_313100	23.8209933763288	1.07580239456061	0.369736209645155	2.90964846422017	0.00361835487082191	0.00679663955465196	Smp_313100	protein_coding
smansoni_prjna597909_primary	condition	condition__adult_pzq_vs_juvenile_pzq	adult_pzq	juvenile_pzq	Smp_314360	9.95107983267649	-1.50072389425149	0.516645280638267	-2.90474712630198	0.00367549919593962	0.00689165213251761	Smp_314360	protein_coding
smansoni_prjna597909_primary	condition	condition__adult_pzq_vs_juvenile_pzq	adult_pzq	juvenile_pzq	Smp_154130	1.84226701229555	-4.55308955131157	1.57573714277707	-2.88949814515842	0.0038585728337334	0.00721126074050381	Smp_154130	protein_coding
smansoni_prjna597909_primary	condition	condition__adult_pzq_vs_juvenile_pzq	adult_pzq	juvenile_pzq	Smp_090110	16.2856357966483	1.15634245940832	0.400201544966275	2.88940028831164	0.00385977395550027	0.00721142190697541	Smp_090110	protein_coding
smansoni_prjna597909_primary	condition	condition__adult_pzq_vs_juvenile_pzq	adult_pzq	juvenile_pzq	Smp_323980	6.127519309897	1.8566116362768	0.651229778784162	2.85093172450294	0.0043591328503932	0.00809108586941215	Smp_323980	protein_coding
smansoni_prjna597909_primary	condition	condition__adult_pzq_vs_juvenile_pzq	adult_pzq	juvenile_pzq	Smp_330440	7.75637847348179	1.64351296219276	0.577421111757536	2.84629870423388	0.00442306836243422	0.00819581300955269	Smp_330440	protein_coding
smansoni_prjna597909_primary	condition	condition__adult_pzq_vs_juvenile_pzq	adult_pzq	juvenile_pzq	Smp_320300	1.29645877237968	3.79803349241165	1.34166192038889	2.83084243108783	0.00464255858573656	0.00857227266114122	Smp_320300	protein_coding
smansoni_prjna597909_primary	condition	condition__adult_pzq_vs_juvenile_pzq	adult_pzq	juvenile_pzq	Smp_305110	13.5834307157618	-1.23926867259159	0.437872552511765	-2.83020405248692	0.00465183253561072	0.00858604200870777	Smp_305110	protein_coding
smansoni_prjna597909_primary	condition	condition__adult_pzq_vs_juvenile_pzq	adult_pzq	juvenile_pzq	Smp_336130	1.14190998379727	4.36941050657538	1.5584968628259	2.8036055835574	0.0050534682998728	0.00927663281615803	Smp_336130	protein_coding
smansoni_prjna597909_primary	condition	condition__adult_pzq_vs_juvenile_pzq	adult_pzq	juvenile_pzq	Smp_316550	16.7279487792943	1.02913257920845	0.36822653826183	2.79483544034156	0.00519261395070649	0.00950989867507803	Smp_316550	protein_coding
smansoni_prjna597909_primary	condition	condition__adult_pzq_vs_juvenile_pzq	adult_pzq	juvenile_pzq	Smp_137250	20.1542639268052	1.3836676521036	0.495447635399092	2.7927626518775	0.00522600217842903	0.0095599327637916	Smp_137250	protein_coding
smansoni_prjna597909_primary	condition	condition__adult_pzq_vs_juvenile_pzq	adult_pzq	juvenile_pzq	Smp_333230	5.75762577841149	1.52404931934941	0.547447057887241	2.78392092420985	0.00537061259231832	0.00980359795724078	Smp_333230	protein_coding
smansoni_prjna597909_primary	condition	condition__adult_pzq_vs_juvenile_pzq	adult_pzq	juvenile_pzq	Smp_056770	1.48852434160056	4.2158030692717	1.51931259834305	2.77480952495847	0.00552340465913818	0.0100572569520659	Smp_056770	protein_coding
smansoni_prjna597909_primary	condition	condition__adult_pzq_vs_juvenile_pzq	adult_pzq	juvenile_pzq	Smp_329940	3.81047360281074	2.39257376398668	0.865184832900392	2.76539032239616	0.00568547204871207	0.0103185640945519	Smp_329940	protein_coding
smansoni_prjna597909_primary	condition	condition__adult_pzq_vs_juvenile_pzq	adult_pzq	juvenile_pzq	Smp_329280	36.065537070431	1.15971434675712	0.421498483169893	2.75140811429604	0.00593396644800187	0.0107201549821318	Smp_329280	protein_coding
smansoni_prjna597909_primary	condition	condition__adult_pzq_vs_juvenile_pzq	adult_pzq	juvenile_pzq	Smp_308040	0.999811899026211	4.14649223014075	1.51572766808787	2.7356446131063	0.00622582237054344	0.0112024506084859	Smp_308040	protein_coding
smansoni_prjna597909_primary	condition	condition__adult_pzq_vs_juvenile_pzq	adult_pzq	juvenile_pzq	Smp_318000	8.58390440704935	1.2279379254238	0.449633740485215	2.73097371229012	0.00631475083413788	0.0113495008336701	Smp_318000	protein_coding
smansoni_prjna597909_primary	condition	condition__adult_pzq_vs_juvenile_pzq	adult_pzq	juvenile_pzq	Smp_314670	1.05198658218242	4.06322453853152	1.48961856701671	2.7276946115602	0.00637786236858249	0.011456395877583	Smp_314670	protein_coding
smansoni_prjna597909_primary	condition	condition__adult_pzq_vs_juvenile_pzq	adult_pzq	juvenile_pzq	Smp_349750	9.00618739985199	1.15498311038852	0.425219373361089	2.71620528777678	0.00660349578924341	0.01181901954174	Smp_349750	protein_coding
smansoni_prjna597909_primary	condition	condition__adult_pzq_vs_juvenile_pzq	adult_pzq	juvenile_pzq	Smp_247800	9.14581075041125	-1.06625949153487	0.393367560082397	-2.71059334763529	0.00671629404128616	0.0120095367533554	Smp_247800	protein_coding
smansoni_prjna597909_primary	condition	condition__adult_pzq_vs_juvenile_pzq	adult_pzq	juvenile_pzq	Smp_335200	20.7574693952538	1.06909656503176	0.394841634092083	2.70765915425837	0.00677595729201534	0.0121001980585923	Smp_335200	protein_coding
smansoni_prjna597909_primary	condition	condition__adult_pzq_vs_juvenile_pzq	adult_pzq	juvenile_pzq	Smp_162360	9.18257132589412	1.31101704034126	0.486855733198124	2.69282448771688	0.00708495548925412	0.0126186167862125	Smp_162360	protein_coding
smansoni_prjna597909_primary	condition	condition__adult_pzq_vs_juvenile_pzq	adult_pzq	juvenile_pzq	Smp_318260	113.895387168314	-1.12547352987419	0.420891170095132	-2.6740250445734	0.00749468542352264	0.013313243116545	Smp_318260	protein_coding
smansoni_prjna597909_primary	condition	condition__adult_pzq_vs_juvenile_pzq	adult_pzq	juvenile_pzq	Smp_161770	9.84014934057171	-1.26925393168675	0.475013858800903	-2.67203557995294	0.00753926540810949	0.0133823730774556	Smp_161770	protein_coding
smansoni_prjna597909_primary	condition	condition__adult_pzq_vs_juvenile_pzq	adult_pzq	juvenile_pzq	Smp_331440	1.73429535503943	2.55637858350002	0.957389944295512	2.67015399392053	0.00758164666484369	0.0134474993950277	Smp_331440	protein_coding
smansoni_prjna597909_primary	condition	condition__adult_pzq_vs_juvenile_pzq	adult_pzq	juvenile_pzq	Smp_204840	8.88729218622247	-1.38591534726847	0.520321684288687	-2.66357407180349	0.00773153880600686	0.0136902406883434	Smp_204840	protein_coding
smansoni_prjna597909_primary	condition	condition__adult_pzq_vs_juvenile_pzq	adult_pzq	juvenile_pzq	Smp_341600	31.712172879655	1.02211729251156	0.384515992429954	2.65819188963319	0.00785611481535477	0.0138952090633857	Smp_341600	protein_coding
smansoni_prjna597909_primary	condition	condition__adult_pzq_vs_juvenile_pzq	adult_pzq	juvenile_pzq	Smp_346820	14.578542476533	6.80192655997588	2.56284693988442	2.65405102978278	0.00795317983965615	0.014040615585437	Smp_346820	protein_coding
smansoni_prjna597909_primary	condition	condition__adult_pzq_vs_juvenile_pzq	adult_pzq	juvenile_pzq	Smp_243840	12.1476107496525	1.21714064478875	0.459585518166063	2.64834420728845	0.00808871215331432	0.0142718886080132	Smp_243840	protein_coding
smansoni_prjna597909_primary	condition	condition__adult_pzq_vs_juvenile_pzq	adult_pzq	juvenile_pzq	Smp_341500	6.05426342935616	1.38001509408945	0.522459022819681	2.64138436473274	0.0082567987551552	0.0145386106247628	Smp_341500	protein_coding
smansoni_prjna597909_primary	condition	condition__adult_pzq_vs_juvenile_pzq	adult_pzq	juvenile_pzq	Smp_348240	3.18945055710417	-2.78210230220443	1.0578972106623	-2.62984179763806	0.00854246109051706	0.0150052670930249	Smp_348240	protein_coding
smansoni_prjna597909_primary	condition	condition__adult_pzq_vs_juvenile_pzq	adult_pzq	juvenile_pzq	Smp_202010	1.18408380463627	3.58810717371776	1.3656834977136	2.62733435655106	0.00860567286448592	0.0151050733361413	Smp_202010	protein_coding
smansoni_prjna597909_primary	condition	condition__adult_pzq_vs_juvenile_pzq	adult_pzq	juvenile_pzq	Smp_123920	9.90784153634704	1.10871213994338	0.422631693974797	2.62335304178464	0.00870689982774058	0.0152714078997595	Smp_123920	protein_coding
smansoni_prjna597909_primary	condition	condition__adult_pzq_vs_juvenile_pzq	adult_pzq	juvenile_pzq	Smp_183870	2.07740147386718	2.40036048711791	0.917394108728056	2.61649869372493	0.008883670425388	0.0155670101707021	Smp_183870	protein_coding
smansoni_prjna597909_primary	condition	condition__adult_pzq_vs_juvenile_pzq	adult_pzq	juvenile_pzq	Smp_343100	5.04229221135594	1.44423506005945	0.554024420975645	2.60680757991883	0.00913907018788004	0.0159730938268939	Smp_343100	protein_coding
smansoni_prjna597909_primary	condition	condition__adult_pzq_vs_juvenile_pzq	adult_pzq	juvenile_pzq	Smp_322100	10.9142851940558	1.29050296750078	0.495526142517933	2.60430854554576	0.00920598386784824	0.0160840960293718	Smp_322100	protein_coding
smansoni_prjna597909_primary	condition	condition__adult_pzq_vs_juvenile_pzq	adult_pzq	juvenile_pzq	Smp_165050	4.64168236031588	1.75760768016727	0.676194849853617	2.59926215135735	0.00934243963534756	0.0163026289819489	Smp_165050	protein_coding
smansoni_prjna597909_primary	condition	condition__adult_pzq_vs_juvenile_pzq	adult_pzq	juvenile_pzq	Smp_152310	1.39896853615335	3.15284126856144	1.21544438005797	2.59398234941122	0.00948713572760653	0.0165325233955267	Smp_152310	protein_coding
smansoni_prjna597909_primary	condition	condition__adult_pzq_vs_juvenile_pzq	adult_pzq	juvenile_pzq	Smp_313760	7.57703914601784	-1.49678115810289	0.579344533061758	-2.58357690922291	0.00977816633124744	0.0170145854497332	Smp_313760	protein_coding
smansoni_prjna597909_primary	condition	condition__adult_pzq_vs_juvenile_pzq	adult_pzq	juvenile_pzq	Smp_156180	1.91466000370447	2.73785652900059	1.06032631113656	2.58208864596211	0.00982043565915848	0.0170787042962955	Smp_156180	protein_coding
smansoni_prjna597909_primary	condition	condition__adult_pzq_vs_juvenile_pzq	adult_pzq	juvenile_pzq	Smp_324150	1.47909763534987	3.19933890678159	1.23908643217086	2.58201431612514	0.00982255102160777	0.0170792406652385	Smp_324150	protein_coding
smansoni_prjna597909_primary	condition	condition__adult_pzq_vs_juvenile_pzq	adult_pzq	juvenile_pzq	Smp_349150	1.05759165370892	3.47784287883628	1.35423010690859	2.56813289048448	0.0102247949802151	0.0177199783925547	Smp_349150	protein_coding
smansoni_prjna597909_primary	condition	condition__adult_pzq_vs_juvenile_pzq	adult_pzq	juvenile_pzq	Smp_345980	9.25487289918451	-1.05582854376985	0.411337074495582	-2.56682076388228	0.0102635649076451	0.0177839075173348	Smp_345980	protein_coding
smansoni_prjna597909_primary	condition	condition__adult_pzq_vs_juvenile_pzq	adult_pzq	juvenile_pzq	Smp_170610	9.1536281234453	1.19911222533323	0.467847963466196	2.56303824953996	0.0103760616791343	0.0179459350395567	Smp_170610	protein_coding
smansoni_prjna597909_primary	condition	condition__adult_pzq_vs_juvenile_pzq	adult_pzq	juvenile_pzq	Smp_242050	1.81474420593954	2.90195185573121	1.13661373947417	2.55315570712152	0.010675176112143	0.0184396499656388	Smp_242050	protein_coding
smansoni_prjna597909_primary	condition	condition__adult_pzq_vs_juvenile_pzq	adult_pzq	juvenile_pzq	Smp_202850	31.4574291246996	-2.18531091666458	0.865119637000188	-2.5260216312303	0.0115362377905264	0.0198298813971206	Smp_202850	protein_coding
smansoni_prjna597909_primary	condition	condition__adult_pzq_vs_juvenile_pzq	adult_pzq	juvenile_pzq	Smp_327520	3.24573848778393	2.17777346140442	0.864304437493384	2.51968330478586	0.0117460463272124	0.0201677801788941	Smp_327520	protein_coding
smansoni_prjna597909_primary	condition	condition__adult_pzq_vs_juvenile_pzq	adult_pzq	juvenile_pzq	Smp_204250	4.57092341342148	1.50541198371583	0.599042760868418	2.51302925609763	0.0119699407900456	0.0205335536020891	Smp_204250	protein_coding
smansoni_prjna597909_primary	condition	condition__adult_pzq_vs_juvenile_pzq	adult_pzq	juvenile_pzq	Smp_327490	4.3374063141375	5.17267807054764	2.07701078600107	2.49044352846465	0.0127583769118931	0.0217636128083764	Smp_327490	protein_coding
smansoni_prjna597909_primary	condition	condition__adult_pzq_vs_juvenile_pzq	adult_pzq	juvenile_pzq	Smp_311580	402.142126279527	-5.00286852043215	2.01204434773382	-2.48646036359333	0.0129020941165452	0.0219770397530339	Smp_311580	protein_coding
smansoni_prjna597909_primary	condition	condition__adult_pzq_vs_juvenile_pzq	adult_pzq	juvenile_pzq	Smp_326510	1.37240092825407	3.55279855147416	1.43467379144075	2.47638074429889	0.0132721956081988	0.0225430126396676	Smp_326510	protein_coding
smansoni_prjna597909_primary	condition	condition__adult_pzq_vs_juvenile_pzq	adult_pzq	juvenile_pzq	Smp_349580	2.58821837463323	2.24716865750717	0.908549388521405	2.47335883541154	0.013384967187596	0.0227095153216941	Smp_349580	protein_coding
smansoni_prjna597909_primary	condition	condition__adult_pzq_vs_juvenile_pzq	adult_pzq	juvenile_pzq	Smp_328090	14.461309140662	-1.00424690021454	0.407067222274897	-2.46702963358805	0.0136239082206329	0.0230900449168768	Smp_328090	protein_coding
smansoni_prjna597909_primary	condition	condition__adult_pzq_vs_juvenile_pzq	adult_pzq	juvenile_pzq	Smp_177290	17.3790924120412	-1.03943891732923	0.422096418289196	-2.46256275175751	0.0137948030950878	0.0233211373376444	Smp_177290	protein_coding
smansoni_prjna597909_primary	condition	condition__adult_pzq_vs_juvenile_pzq	adult_pzq	juvenile_pzq	Smp_317740	2.09818885349304	2.77547326424151	1.12880666109608	2.45876761707492	0.0139414826464674	0.0235354338228987	Smp_317740	protein_coding
smansoni_prjna597909_primary	condition	condition__adult_pzq_vs_juvenile_pzq	adult_pzq	juvenile_pzq	Smp_159520	9.86764318026503	1.10871866171332	0.456338526769966	2.42959688186093	0.015115624499772	0.0253141181381724	Smp_159520	protein_coding
smansoni_prjna597909_primary	condition	condition__adult_pzq_vs_juvenile_pzq	adult_pzq	juvenile_pzq	Smp_344620	2535.60452552213	1.18011531829482	0.486042359253859	2.4280091967837	0.0151819582862962	0.0254116999684915	Smp_344620	protein_coding
smansoni_prjna597909_primary	condition	condition__adult_pzq_vs_juvenile_pzq	adult_pzq	juvenile_pzq	Smp_325820	1.39031310982449	2.93169029756172	1.20908311122165	2.42472189905917	0.015320117550448	0.0256157352002183	Smp_325820	protein_coding
smansoni_prjna597909_primary	condition	condition__adult_pzq_vs_juvenile_pzq	adult_pzq	juvenile_pzq	Smp_328590	3076.32356272971	1.11423923271292	0.461057088439934	2.41670556781403	0.0156616799265723	0.0261359814028886	Smp_328590	protein_coding
smansoni_prjna597909_primary	condition	condition__adult_pzq_vs_juvenile_pzq	adult_pzq	juvenile_pzq	Smp_305730	4.27602847876628	1.37292767649017	0.570082452928162	2.4082966761006	0.0160271509435457	0.0266799279179982	Smp_305730	protein_coding
smansoni_prjna597909_primary	condition	condition__adult_pzq_vs_juvenile_pzq	adult_pzq	juvenile_pzq	Smp_322450	1.89702940011313	3.42430842772211	1.43419225025498	2.38762162263345	0.0169577907500677	0.0281053898245905	Smp_322450	protein_coding
smansoni_prjna597909_primary	condition	condition__adult_pzq_vs_juvenile_pzq	adult_pzq	juvenile_pzq	Smp_303690	939.28581872582	4.28314730002419	1.79985720083845	2.37971506741141	0.0173260292854348	0.0286654347638596	Smp_303690	protein_coding
smansoni_prjna597909_primary	condition	condition__adult_pzq_vs_juvenile_pzq	adult_pzq	juvenile_pzq	Smp_319570	1.06346956524889	3.66086411790668	1.53881906709378	2.37900881019145	0.0173592610649264	0.0287103649318782	Smp_319570	protein_coding
smansoni_prjna597909_primary	condition	condition__adult_pzq_vs_juvenile_pzq	adult_pzq	juvenile_pzq	Smp_316850	1.23372370732027	3.08637004214872	1.29845436066499	2.37695689247642	0.017456128011196	0.0288554253168633	Smp_316850	protein_coding
smansoni_prjna597909_primary	condition	condition__adult_pzq_vs_juvenile_pzq	adult_pzq	juvenile_pzq	Smp_136860	8.38809208014979	1.07938141051322	0.454728408087098	2.37368370068157	0.0176116299711673	0.0290768779890784	Smp_136860	protein_coding
smansoni_prjna597909_primary	condition	condition__adult_pzq_vs_juvenile_pzq	adult_pzq	juvenile_pzq	Smp_198170	10.8611436693129	-1.02112924659865	0.430439198265855	-2.37229613546479	0.0176779156780068	0.0291608479910157	Smp_198170	protein_coding
smansoni_prjna597909_primary	condition	condition__adult_pzq_vs_juvenile_pzq	adult_pzq	juvenile_pzq	Smp_328010	25.3532129369032	1.09350212179745	0.461041880201163	2.37180648604055	0.0177013589760764	0.0291944241915676	Smp_328010	protein_coding
smansoni_prjna597909_primary	condition	condition__adult_pzq_vs_juvenile_pzq	adult_pzq	juvenile_pzq	Smp_319310	6.7911546232497	1.25425866515083	0.535330422837529	2.34296167683243	0.0191313480791918	0.0313722245046012	Smp_319310	protein_coding
smansoni_prjna597909_primary	condition	condition__adult_pzq_vs_juvenile_pzq	adult_pzq	juvenile_pzq	Smp_319090	8.05575256328025	1.26837185224433	0.544207816128356	2.33067555197549	0.019770474277761	0.032308181686272	Smp_319090	protein_coding
smansoni_prjna597909_primary	condition	condition__adult_pzq_vs_juvenile_pzq	adult_pzq	juvenile_pzq	Smp_302300	3.4561699709898	1.58445607837755	0.680641746714878	2.32788553747245	0.0199181824071288	0.0325439343322699	Smp_302300	protein_coding
smansoni_prjna597909_primary	condition	condition__adult_pzq_vs_juvenile_pzq	adult_pzq	juvenile_pzq	Smp_324120	9.73186954700227	-1.00468917018039	0.432659869447134	-2.3221223901912	0.0202263463846648	0.0329939068614259	Smp_324120	protein_coding
smansoni_prjna597909_primary	condition	condition__adult_pzq_vs_juvenile_pzq	adult_pzq	juvenile_pzq	Smp_327430	6.37892895201729	-1.11214460842137	0.479263221317539	-2.32052984446414	0.0203122323765197	0.033096228309406	Smp_327430	protein_coding
smansoni_prjna597909_primary	condition	condition__adult_pzq_vs_juvenile_pzq	adult_pzq	juvenile_pzq	Smp_324230	2.83518177529102	-2.00097722459229	0.86311590161433	-2.31831810866855	0.0204320389629364	0.033279964204321	Smp_324230	protein_coding
smansoni_prjna597909_primary	condition	condition__adult_pzq_vs_juvenile_pzq	adult_pzq	juvenile_pzq	Smp_343480	8.16926315154526	-1.1887561014669	0.513144182848242	-2.31661225285382	0.0205248633088112	0.0334023774095874	Smp_343480	protein_coding
smansoni_prjna597909_primary	condition	condition__adult_pzq_vs_juvenile_pzq	adult_pzq	juvenile_pzq	Smp_194410	3.19808082921347	2.30511910070747	0.995361300941472	2.31586168613061	0.020565821853602	0.0334485470834498	Smp_194410	protein_coding
smansoni_prjna597909_primary	condition	condition__adult_pzq_vs_juvenile_pzq	adult_pzq	juvenile_pzq	Smp_139450	6.40967672352113	-1.06741387748302	0.46316320035615	-2.30461719899644	0.0211880218699178	0.0343573825209236	Smp_139450	protein_coding
smansoni_prjna597909_primary	condition	condition__adult_pzq_vs_juvenile_pzq	adult_pzq	juvenile_pzq	Smp_325690	0.944772240559441	3.25735478225515	1.41528881525375	2.30154774569537	0.0213606898649343	0.0346017550305671	Smp_325690	protein_coding
smansoni_prjna597909_primary	condition	condition__adult_pzq_vs_juvenile_pzq	adult_pzq	juvenile_pzq	Smp_091950	4.11809510074672	1.51281310962747	0.658339881596318	2.29792110719354	0.0215662797319205	0.0348809849462889	Smp_091950	protein_coding
smansoni_prjna597909_primary	condition	condition__adult_pzq_vs_juvenile_pzq	adult_pzq	juvenile_pzq	Smp_331390	9.38467223906701	1.04976579166446	0.460865638830987	2.27781310476358	0.0227377152094059	0.0366065208924041	Smp_331390	protein_coding
smansoni_prjna597909_primary	condition	condition__adult_pzq_vs_juvenile_pzq	adult_pzq	juvenile_pzq	Smp_318150	147.523545708834	-1.33941692282146	0.590124139274664	-2.26972061245921	0.0232245399570064	0.0372759979068813	Smp_318150	protein_coding
smansoni_prjna597909_primary	condition	condition__adult_pzq_vs_juvenile_pzq	adult_pzq	juvenile_pzq	Smp_200540	1.7277926635398	2.32029959640734	1.02512847241611	2.26342322825026	0.0236096122035138	0.0378426410967631	Smp_200540	protein_coding
smansoni_prjna597909_primary	condition	condition__adult_pzq_vs_juvenile_pzq	adult_pzq	juvenile_pzq	Smp_330100	7.14609537266677	-1.16165962962309	0.513803368576806	-2.26090310159078	0.0237652580303777	0.0380703598647684	Smp_330100	protein_coding
smansoni_prjna597909_primary	condition	condition__adult_pzq_vs_juvenile_pzq	adult_pzq	juvenile_pzq	Smp_349170	12.7592513048561	2.98223667073003	1.32631445070521	2.2485140451756	0.0245434305157122	0.0391923910423663	Smp_349170	protein_coding
smansoni_prjna597909_primary	condition	condition__adult_pzq_vs_juvenile_pzq	adult_pzq	juvenile_pzq	Smp_126560	3.49523040029678	-1.50002479119633	0.670099852796864	-2.23850935787484	0.0251878578595085	0.0401612065600666	Smp_126560	protein_coding
smansoni_prjna597909_primary	condition	condition__adult_pzq_vs_juvenile_pzq	adult_pzq	juvenile_pzq	Smp_346860	52.8783427836722	-1.01010325876937	0.451465732297983	-2.23738633191027	0.0252611010773898	0.0402644059668615	Smp_346860	protein_coding
smansoni_prjna597909_primary	condition	condition__adult_pzq_vs_juvenile_pzq	adult_pzq	juvenile_pzq	Smp_049230	7.88351146787687	-6.35802570523741	2.84951663329291	-2.23126464009794	0.0256636044474104	0.0408439786558213	Smp_049230	protein_coding
smansoni_prjna597909_primary	condition	condition__adult_pzq_vs_juvenile_pzq	adult_pzq	juvenile_pzq	Smp_319700	2.48602175736978	1.9810130731907	0.903620965218219	2.1923053464262	0.0283574659724275	0.0447619853659628	Smp_319700	protein_coding
smansoni_prjna597909_primary	condition	condition__adult_pzq_vs_juvenile_pzq	adult_pzq	juvenile_pzq	Smp_241490	5.13875668073562	1.25087713387845	0.576461054393003	2.16992479257006	0.0300125438052442	0.047161856034442	Smp_241490	protein_coding
smansoni_prjna597909_primary	condition	condition__adult_pzq_vs_juvenile_pzq	adult_pzq	juvenile_pzq	Smp_349670	0.916330936442795	3.21661698646526	1.48263106317008	2.16953297847927	0.0300422434303144	0.0472006790065378	Smp_349670	protein_coding
