gene_id	dispersion
Smp_000020	0.00305820799407427
Smp_000030	0.00216229949467277
Smp_000040	0.00119106775446938
Smp_000050	0.0124811735932147
Smp_000070	0.00455614372613534
Smp_000080	0.362223557786538
Smp_000100	0.00851189145908846
Smp_000110	0.00319783132541102
Smp_000130	0.00316751830124985
Smp_000150	0.0027784156961607
Smp_000160	0.0151509634187733
Smp_000180	0.0612356035779629
Smp_000190	0.0385109690845415
Smp_000200	0.00206763972000373
Smp_000230	0.00355542888985116
Smp_000240	0.0034582366964658
Smp_000260	0.00189560720873952
Smp_000270	0.174349362821446
Smp_000280	0.320229953763703
Smp_000300	0.00767528478065858
Smp_000310	0.00288550687275589
Smp_000320	0.0128153479849456
Smp_000340	0.00726327722305394
Smp_000370	0.00222323824794802
Smp_000390	0.654263038858141
Smp_000420	0.402993878702848
Smp_000430	0.543060096800034
Smp_000470	0.0019977776245812
Smp_000480	0.0011705507397031
Smp_000500	0.0661807315989232
Smp_000510	0.0027946486787881
Smp_000580	0.0159873671212135
Smp_000590	0.00179683547692529
Smp_000600	0.0037341174098137
Smp_000620	0.0682976096470856
Smp_000630	0.00769299607713748
Smp_000640	0.00636533562568242
Smp_000650	0.00284295907216251
Smp_000660	0.0053550468198609
Smp_000670	0.00105583934230096
Smp_000680	0.00749677566915715
Smp_000690	0.016740742109036
Smp_000700	0.00523142086747211
Smp_000710	0.00112033891952595
Smp_000720	0.00197394508674201
Smp_000740	0.00250943652858462
Smp_000755	0.00863491037971157
Smp_000790	0.00158833764767067
Smp_000810	0.00417555983625025
Smp_000820	0.0109926174931285
Smp_000830	0.0401998770437696
Smp_000850	0.00377648322569054
Smp_000870	0.00287075319689654
Smp_000880	0.00561285831819049
Smp_000900	0.0217618974368796
Smp_000910	0.0118313993408883
Smp_000950	0.0145311583740429
Smp_000980	0.00240846313088135
Smp_000990	0.00274662926438761
Smp_001000	0.0219106891635108
Smp_001020	0.00338998519629673
Smp_001030	0.00661953869304351
Smp_001040	0.00500765891216746
Smp_001070	0.0141839022296402
Smp_001080	0.00524142545318514
Smp_001090	0.0029829984682337
Smp_001095	0.00387560291254505
Smp_001100	0.0229991817747325
Smp_001120	0.0378363616245081
Smp_001160	0.0117055918702364
Smp_001170	0.00215091334956112
Smp_001180	0.0040537153110589
Smp_001210	0.00675218443783201
Smp_001360	0.00224270100739282
Smp_001390	0.00424253614540645
Smp_001410	0.00311391915331639
Smp_001420	0.00168920852449866
Smp_001500	0.00608938597020193
Smp_001530	0.00111867716336683
Smp_001560	0.00255846314704719
Smp_001590	0.00214427708495331
Smp_001610	0.00422984247985143
Smp_001640	0.00242083492094497
Smp_001780	0.0164453262484763
Smp_001830	0.00345098877657879
Smp_001900	0.0423901504149276
Smp_001940	0.00408826315841806
Smp_001950	0.0188201949985387
Smp_001960	0.00184786424566164
Smp_001980	0.0347758660076619
Smp_002010	0.0042470743548457
Smp_002060	0.188901523620916
Smp_002080	0.00568191255146186
Smp_002100	0.00979346200970584
Smp_002160	0.00240969911224605
Smp_002180	0.00195076099333952
Smp_002230	0.00467744373651747
Smp_002280	0.00150560294346769
Smp_002380	0.0015741104916691
Smp_002410	0.00220612827543149
Smp_002510	0.00297297969786086
Smp_002550	0.00363055412610544
Smp_002600	0.0745921024330348
Smp_002640	0.0202980785243508
Smp_002740	0.0025274707650699
Smp_002820	0.00834245186367894
Smp_002840	0.00172861651100443
Smp_002870	0.00277837275786724
Smp_002880	0.00360592412918947
Smp_002920	0.00479442872415037
Smp_002950	0.00506935612415969
Smp_003000	0.00201868485895115
Smp_003130	0.00370937928534872
Smp_003140	0.00232770142214266
Smp_003190	0.0062616344093069
Smp_003230	0.00532749267634032
Smp_003250	0.00651026279940692
Smp_003270	0.00493620222252437
Smp_003280	0.0181078881907335
Smp_003330	0.003409791729204
Smp_003340	0.00114029127482299
Smp_003410	0.0034300955132015
Smp_003440	0.0104520954596976
Smp_003600	0.029666748913797
Smp_003610	0.00371367201179184
Smp_003620	0.000912588779728045
Smp_003630	0.00174566629357003
Smp_003660	0.00352838030618734
Smp_003670	0.00280811851824061
Smp_003700	0.00153932856137061
Smp_003710	0.00210730204479583
Smp_003770	0.0061541768170786
Smp_003860	0.0013634784211112
Smp_003900	0.0202557251469762
Smp_003930	0.00463652258971567
Smp_003940	0.00452914865695284
Smp_003970	0.0033977606979196
Smp_003980	0.00615399844208952
Smp_003990	0.00214501535468519
Smp_004000	0.00476526778372702
Smp_004060	0.00753078180600081
Smp_004070	0.0139166551799532
Smp_004080	0.00252716092026197
Smp_004160	0.00552153110936621
Smp_004170	0.00700370268640998
Smp_004190	0.00157840476340114
Smp_004200	0.00331873108315471
Smp_004220	0.00292098073281135
Smp_004260	0.00115020311236488
Smp_004310	0.00320476325606157
Smp_004350	0.00171040631845475
Smp_004360	0.00169577263954956
Smp_004420	0.0760928297035466
Smp_004440	0.00742787130035683
Smp_004470	0.00279563461869588
Smp_004480	0.00117919164180072
Smp_004550	0.00489110199772143
Smp_004590	0.00704921390297759
Smp_004600	0.00378214489624997
Smp_004630	0.026590389929992
Smp_004640	0.00288633490372088
Smp_004680	0.00779514981816518
Smp_004690	0.0136940228254146
Smp_004710	0.0022454940212533
Smp_004730	0.0135682203034003
Smp_004780	0.020335279711323
Smp_004810	0.0020935522541826
Smp_004820	0.00363327837248893
Smp_004910	0.00107248849394525
Smp_004940	0.00463442323139271
Smp_004990	0.006873905503758
Smp_005000	0.00230336583348286
Smp_005010	0.00302732892747015
Smp_005020	0.00141481212495655
Smp_005070	0.00378007237445559
Smp_005080	0.00537312968958253
Smp_005140	0.0502391608179189
Smp_005160	0.00205226351996995
Smp_005180	0.00262571110351853
Smp_005190	0.000680184848429081
Smp_005210	0.00181148385146876
Smp_005230	0.00128290831257963
Smp_005260	0.00656802628770195
Smp_005280	0.00591978486368445
Smp_005290	0.00333451993790827
Smp_005320	0.00225067241135626
Smp_005330	0.00578854507845926
Smp_005390	0.00217582757268571
Smp_005470	0.0175461061633136
Smp_005500	0.00285403875570179
Smp_005520	0.0092081868720374
Smp_005640	0.00949109402652659
Smp_005670	0.00237319935968881
Smp_005720	0.00472911238509896
Smp_005780	0.00332424303937315
Smp_005790	0.00226449892478166
Smp_005880	0.00854145415362886
Smp_005900	0.00580532334401644
Smp_005910	0.00907278704026796
Smp_005960	0.00752625803913401
Smp_006000	0.00220506824660264
Smp_006060	0.0033374667335756
Smp_006190	0.00311941408651304
Smp_006195	0.0250682453375998
Smp_006250	0.00152480995057079
Smp_006320	0.00404891733208718
Smp_006340	0.0034734673524067
Smp_006350	0.00217067814351707
Smp_006390	0.0054154968177013
Smp_006440	0.00488219065644981
Smp_006550	0.00231858779989661
Smp_006560	0.00299552445627422
Smp_006590	0.00295257744672632
Smp_006630	0.00276254087085795
Smp_006680	0.00220394153883023
Smp_006690	0.00195736911666578
Smp_006700	0.00152446065925455
Smp_006710	0.00154964561931691
Smp_006720	0.00218499936771833
Smp_006730	0.00516801959201894
Smp_006750	0.00577207674471732
Smp_006760	0.0130839325843259
Smp_006780	0.00300083967519652
Smp_006810	0.00328809694203251
Smp_006830	0.00198507546337994
Smp_006840	0.00225791863231462
Smp_006850	0.0022631921897569
Smp_006860	0.00604680629829655
Smp_006920	0.0033267685335465
Smp_006930	0.00425020273364377
Smp_007000	0.00593275381072146
Smp_007070	0.0112906665015873
Smp_007170	0.00319616717690209
Smp_007180	0.00267728144017234
Smp_007190	0.00230224328030321
Smp_007210	0.00200782609388033
Smp_007260	0.00264314596019212
Smp_007270	0.0076498117711298
Smp_007290	0.00773425906059436
Smp_007300	0.00524810776051045
Smp_007330	0.00326389864389608
Smp_007380	0.00237019856858566
Smp_007450	0.00395151651257604
Smp_007500	0.00105467047171737
Smp_007510	0.00240650201478504
Smp_007540	0.00423077322991554
Smp_007550	0.00590154848011754
Smp_007570	0.0809340806390223
Smp_007630	0.00197282049694344
Smp_007650	0.00260137363492226
Smp_007660	0.00149917719173374
Smp_007670	0.00684716874102493
Smp_007690	0.0387552648095832
Smp_007710	0.00684766940089025
Smp_007730	0.00365551586109319
Smp_007760	0.0235513213219936
Smp_007890	0.0019661315610079
Smp_007900	0.00480828950768343
Smp_007960	0.00334909370724939
Smp_007970	0.00252553813716613
Smp_008070	0.00538653535981984
Smp_008120	0.00220928872931484
Smp_008140	0.00444606971284609
Smp_008220	0.00335751444171047
Smp_008230	0.00306830533974908
Smp_008260	0.00124595491233419
Smp_008290	0.00311023983906728
Smp_008310	0.00292535394966397
Smp_008320	0.00307069711660022
Smp_008360	0.00983269127887863
Smp_008400	1.13236021784712
Smp_008430	0.00176971538920448
Smp_008440	0.00286993405341265
Smp_008450	0.0386328004331931
Smp_008470	0.00444446200906834
Smp_008490	0.00515591983704647
Smp_008500	0.00216119317022477
Smp_008545	0.0111879854476479
Smp_008580	0.00207281423067622
Smp_008610	0.120095019584535
Smp_008620	0.00247406155177209
Smp_008660	0.0155640924209625
Smp_008710	0.016614552028374
Smp_008770	0.00264947412478507
Smp_008830	0.00232175364082585
Smp_008850	0.036262256013768
Smp_008900	0.00352748635167937
Smp_009020	0.0225074601976888
Smp_009030	0.00676205928829221
Smp_009070	0.00743742363996527
Smp_009150	0.00226290123871747
Smp_009230	0.0463529632125552
Smp_009250	0.00266193687524418
Smp_009310	0.00671670250819985
Smp_009320	0.00324935999935772
Smp_009340	0.00283242726689275
Smp_009390	0.00377686485782109
Smp_009400	0.00351207527210137
Smp_009420	0.00658463215031919
Smp_009430	0.00589666843893766
Smp_009520	0.00110843566015161
Smp_009540	0.00221891757558405
Smp_009550	0.00830429040761479
Smp_009560	0.00225621000737762
Smp_009600	0.00807223986195028
Smp_009630	0.063752255913255
Smp_009650	0.00414909700665118
Smp_009690	0.00242480297056234
Smp_009760	0.00298039659144443
Smp_009800	0.0127959212788401
Smp_009810	0.822318374637461
Smp_009830	0.00421420584122693
Smp_009990	0.0013622437054807
Smp_010090	0.00221971203007029
Smp_010100	0.00152710160778355
Smp_010110	0.00354080916774903
Smp_010140	0.00248769906271058
Smp_010160	0.00439530384395866
Smp_010230	0.00605036992922141
Smp_010250	0.00244588797574837
Smp_010260	0.00589240007359895
Smp_010280	0.00249880728539781
Smp_010290	0.00282016875239872
Smp_010370	0.0172991269352506
Smp_010380	0.00555652853855167
Smp_010400	0.00195709835151004
Smp_010450	0.00817232970553303
Smp_010550	0.0149114242040379
Smp_010620	0.00721034447753554
Smp_010690	0.00251636675696585
Smp_010710	0.0012305897208728
Smp_010720	0.0429771253056801
Smp_010800	0.00829951452422684
Smp_010820	0.00802138559037453
Smp_010930	0.00125609220422509
Smp_010940	0.00225388831228121
Smp_011000	0.0103559921483548
Smp_011010	0.00287433723164191
Smp_011030	0.0100198124297036
Smp_011120	0.00147149450472269
Smp_011150	0.0100062532705235
Smp_011220	0.00640772634675604
Smp_011230	0.00218852797272592
Smp_011270	0.0436839506643633
Smp_011560	0.00821937715484996
Smp_011570	0.00202883225016392
Smp_011640	0.00360962850858138
Smp_011660	0.00197277126405193
Smp_011680	0.00710580868739248
Smp_011700	0.0059775901462004
Smp_011710	0.00168102695114126
Smp_011720	0.00288119859367242
Smp_011830	0.00261627146623965
Smp_011860	0.00174256571401008
Smp_011870	0.0237938084611402
Smp_011960	0.00584933335055206
Smp_011980	0.00275444991081116
Smp_011990	0.00488167937398118
Smp_012000	0.0144040010705333
Smp_012010	0.00552356170620858
Smp_012030	0.00339033619783828
Smp_012050	0.0103052297854442
Smp_012070	0.00387542826735611
Smp_012110	0.00276707830796903
Smp_012150	0.00161160280421309
Smp_012200	0.00252548608229761
Smp_012280	0.00132113936825488
Smp_012340	0.00261971855780514
Smp_012350	0.00327055920140957
Smp_012380	0.0109101989639847
Smp_012400	0.00250233858112395
Smp_012410	0.00214885101087083
Smp_012440	0.0051199703723869
Smp_012470	0.00337334950187186
Smp_012480	0.00588131395907112
Smp_012530	0.00162572953555398
Smp_012540	0.00260703229637022
Smp_012570	0.00226514686192037
Smp_012580	0.00330935434498408
Smp_012670	0.00275212210112925
Smp_012690	0.0016941768384412
Smp_012720	0.00271272765598893
Smp_012740	0.00276998310444073
Smp_012750	0.00374171202240839
Smp_012780	0.00317952804185279
Smp_012790	0.00318792451394728
Smp_012800	0.00284568744684374
Smp_012810	0.0129228181979511
Smp_012860	0.00206980258638007
Smp_012900	0.00266797236086357
Smp_012920	0.0124878219353847
Smp_012930	0.00568100008779899
Smp_012980	0.00299087530570793
Smp_013040	0.0117288880774346
Smp_013050	0.00250394387229663
Smp_013060	0.00199019297379642
Smp_013070	0.00244757258519736
Smp_013080	0.00439481549417262
Smp_013150	0.00691775107920039
Smp_013200	0.00434501478558505
Smp_013210	0.0607567593168934
Smp_013300	0.00291939987029232
Smp_013360	0.00633515758475426
Smp_013370	0.00311830209713058
Smp_013440	0.00158817677405098
Smp_013460	0.00354960008670571
Smp_013470	0.00355088144789014
Smp_013520	0.00473231625391212
Smp_013540	0.130277354112784
Smp_013600	2.57510676509229
Smp_013610	0.00491800469307881
Smp_013690	0.0013568260322205
Smp_013790	0.0151566649071599
Smp_013810	0.0290182359670097
Smp_013815	0.003073486081629
Smp_013840	0.00136222233712966
Smp_013860	0.00587253086238371
Smp_013870	0.00296271993283952
Smp_013930	0.00202917408166066
Smp_013950	0.00877540435347095
Smp_014010	0.00246977487185318
Smp_014020	0.00188141639760226
Smp_014050	0.00132985760794404
Smp_014080	0.00637616379544913
Smp_014170	0.00562670362216718
Smp_014260	0.0163265809296931
Smp_014280	0.00530161521437146
Smp_014290	0.00291997772159868
Smp_014400	0.0046933187704939
Smp_014410	0.0376138789431279
Smp_014430	0.0152010023865298
Smp_014570	0.0616057134512361
Smp_014620	0.00481866023480289
Smp_014650	0.00549629327195114
Smp_014660	0.00300858740684456
Smp_014670	0.00256228178984797
Smp_014680	0.00470878955015858
Smp_014730	0.00506095520840688
Smp_014780	0.00353263401548895
Smp_014800	0.00370619669299845
Smp_014840	0.00344736489393448
Smp_014850	0.0012625534827734
Smp_015020	0.00607161807693874
Smp_015050	0.0139590940519435
Smp_015090	0.00190865043375256
Smp_015100	0.00544343869231962
Smp_015220	0.00408643894756956
Smp_015390	0.00228757810766251
Smp_015440	0.00229876902634307
Smp_015480	0.0156624276569553
Smp_015530	0.00111691695096624
Smp_015630	0.0153215106453295
Smp_015670	0.0090811800714428
Smp_015690	0.00621073803903686
Smp_015710	0.00164903067516195
Smp_015720	0.00269516242369295
Smp_015730	0.00443962417846913
Smp_015760	0.0308499450011452
Smp_015780	0.00403232984900499
Smp_015800	0.00239807518370667
Smp_015820	0.20507436180292
Smp_015840	0.00532906230713619
Smp_015850	0.0061307110452186
Smp_015860	0.00179161312758664
Smp_015880	0.00359800884813281
Smp_015900	0.00358818634616493
Smp_015980	0.00296600518232979
Smp_016050	0.0013537535066824
Smp_016090	0.00165107744362111
Smp_016130	0.00404273036340013
Smp_016180	0.00627903466769242
Smp_016200	0.001561853681061
Smp_016250	0.00344880740959208
Smp_016340	0.00481574329415842
Smp_016380	0.00575568240583918
Smp_016410	0.00239813028467113
Smp_016490	0.0541838245991401
Smp_016510	0.00410528337158127
Smp_016540	0.0445426848743236
Smp_016550	0.00243678389277017
Smp_016600	0.0103141527336907
Smp_016630	0.00831671123691376
Smp_016640	0.00159382469980992
Smp_016670	0.00236192638242191
Smp_016730	0.00545892799927879
Smp_016750	0.0273724217450245
Smp_016780	0.0132945387934157
Smp_016810	0.00515986230455994
Smp_016870	0.00713687070168811
Smp_016900	0.00414994197489119
Smp_016910	0.00752833927504104
Smp_016920	0.00380414549884831
Smp_016990	0.00224219484855829
Smp_017010	0.00166524673529954
Smp_017070	0.00296868130063394
Smp_017230	0.00461222143673771
Smp_017280	0.0030985909106316
Smp_017290	0.00745190902023969
Smp_017360	0.00367557407147089
Smp_017420	0.0153602375494297
Smp_017430	0.00290321361024107
Smp_017470	0.00366115819843554
Smp_017520	0.00933295765737201
Smp_017610	0.0360970629683936
Smp_017640	0.00237349848630354
Smp_017650	0.00228632821897847
Smp_017660	0.00172608617553095
Smp_017710	0.00490547587697582
Smp_017730	0.00724030386082167
Smp_017750	0.00161499056962521
Smp_017830	0.00223284449925447
Smp_017860	0.0052947008578212
Smp_017870	0.00430807933393005
Smp_017880	0.00742651959349513
Smp_017890	0.00212867898367346
Smp_017990	0.00428734377390695
Smp_018010	0.00170625945006115
Smp_018020	0.00348420480473749
Smp_018030	0.00199177504804175
Smp_018160	0.00285928182488281
Smp_018170	0.00750438884942447
Smp_018210	0.00387293953339846
Smp_018220	0.00198224104311798
Smp_018240	0.00242735719197445
Smp_018250	0.0095869146072417
Smp_018260	0.00138760661776346
Smp_018280	0.000926298605168761
Smp_018290	0.00639152166574037
Smp_018310	0.00432629507733856
Smp_018360	0.00198709159606239
Smp_018400	0.00281115639428112
Smp_018430	0.00515507302532887
Smp_018440	0.0250173321560505
Smp_018460	0.00148917979208365
Smp_018500	0.0133410286281255
Smp_018530	0.0025004901644619
Smp_018550	0.00165242202343122
Smp_018570	0.0065363926956617
Smp_018580	0.00444430003144986
Smp_018590	0.0640835617267469
Smp_018610	0.00173206811767941
Smp_018620	0.0020777449536263
Smp_018640	0.0037374513128914
Smp_018680	0.0037287930959857
Smp_018710	0.00171112833202454
Smp_018760	0.00217246528169343
Smp_018790	0.00891545677380852
Smp_018800	0.0580514469748021
Smp_018870	0.00598082841285673
Smp_018880	0.409633995262875
Smp_018930	0.00837596097068611
Smp_018940	0.0166555496832985
Smp_018950	0.00395197437496667
Smp_018980	0.014367800926829
Smp_018990	0.00326978651232719
Smp_019010	0.0019793646232786
Smp_019030	0.0288167844362173
Smp_019040	0.00280536075861562
Smp_019050	0.00354100246202461
Smp_019060	0.00171084478776216
Smp_019100	0.00301772712428594
Smp_019130	0.00271268125410288
Smp_019170	0.00178663539154498
Smp_019190	0.00620469421090929
Smp_019260	0.00262516889524833
Smp_019280	0.0047855997433802
Smp_019310	0.0200912639062517
Smp_019340	0.0044785917114059
Smp_019350	0.00481122906263751
Smp_019380	0.00169193879764848
Smp_019430	0.00165992751287189
Smp_019440	0.00130601192384082
Smp_019460	0.553378029642569
Smp_019490	0.00341729545525855
Smp_019620	0.00170073415367537
Smp_019630	0.00386991010209389
Smp_019640	0.00360047601508478
Smp_019680	0.00451592251764206
Smp_019690	0.0036468979334936
Smp_019730	0.00250592421973888
Smp_019750	0.00753984268896339
Smp_019760	0.00516634907501375
Smp_019790	0.00147418462851699
Smp_019820	0.00377469022339756
Smp_019840	0.00259208800526421
Smp_019880	0.00157372117482117
Smp_019890	0.00160777563211221
Smp_019900	0.00219318558781075
Smp_019920	0.00264310267100059
Smp_019950	0.00621156587354365
Smp_019980	0.00362022184213397
Smp_019990	0.00419550651993736
Smp_020040	0.00178168332585955
Smp_020050	0.00140965105731708
Smp_020060	0.00156871475854573
Smp_020070	0.0104348460657609
Smp_020080	0.0230732497559051
Smp_020090	0.00700518971819386
Smp_020120	0.004891792435215
Smp_020130	0.00468885169443959
Smp_020200	0.00302771052445298
Smp_020220	0.0034121385926083
Smp_020270	0.00633980296571619
Smp_020300	0.00148176587652985
Smp_020340	0.00477034185676105
Smp_020370	0.00318439420436611
Smp_020400	0.00376601511438828
Smp_020450	0.00258717534481153
Smp_020480	0.00321330508587981
Smp_020540	0.0070706891882546
Smp_020550	0.00823132146525135
Smp_020590	0.00269841665662546
Smp_020760	0.00205015154079502
Smp_020770	0.00190172045881628
Smp_020800	0.00880809305199705
Smp_020920	0.0460533371105547
Smp_021040	0.0019059436823047
Smp_021060	0.0358200237445917
Smp_021070	0.0053406856793685
Smp_021080	0.00144270287954208
Smp_021100	0.00122086327133525
Smp_021130	0.00384342804991207
Smp_021140	0.00423974802483335
Smp_021160	0.00243941958714206
Smp_021170	0.00730305168808282
Smp_021220	0.0046608088671881
Smp_021290	0.00268589202108782
Smp_021300	0.00192441150470567
Smp_021330	0.00192625879682509
Smp_021340	0.00426218270171801
Smp_021370	0.00343342723969638
Smp_021390	0.00651509948868012
Smp_021460	0.146059667585475
Smp_021540	0.00435700644445226
Smp_021550	0.00376100003644722
Smp_021590	0.00560165967724284
Smp_021600	0.00809345097805074
Smp_021730	0.003345012395601
Smp_021750	0.00427263390805466
Smp_021760	0.0044599326323617
Smp_021790	0.00476616969429575
Smp_021800	0.00705907499407673
Smp_021830	0.00220623621794156
Smp_021910	0.0039196527899095
Smp_021920	0.0121663563995208
Smp_021960	0.00528953744862058
Smp_022020	0.00248906134228303
Smp_022070	0.0146412436844893
Smp_022090	0.00277765817094992
Smp_022110	0.00208665696446564
Smp_022130	0.00661294950198963
Smp_022140	0.00493542841190119
Smp_022170	0.00199995866269489
Smp_022320	0.0023382662033963
Smp_022330	0.00223152632565442
Smp_022340	0.00344811456675691
Smp_022400	0.00411100473986806
Smp_022430	0.00529044769596786
Smp_022450	0.0285164684178776
Smp_022470	0.00436747551809098
Smp_022500	0.00232116110653337
Smp_022540	0.00269387617790966
Smp_022570	0.00443251949207917
Smp_022640	0.00475636379558545
Smp_022660	0.0027865736348689
Smp_022700	0.0085520134528607
Smp_022740	0.038996243873792
Smp_022810	0.0039370669160727
Smp_022850	0.00178977631289387
Smp_022870	0.0220498840705986
Smp_022890	0.00692234273004669
Smp_022960	0.00329862334474116
Smp_022990	0.00250848824468889
Smp_023010	0.0155328121024075
Smp_023150	0.00206570795451033
Smp_023170	0.00207674600740106
Smp_023230	0.00166144841041661
Smp_023250	0.00162472613539094
Smp_023270	0.00327465981643894
Smp_023360	0.00313918804857639
Smp_023470	0.0170411605015481
Smp_023550	0.00398083759332924
Smp_023620	0.0021629818108293
Smp_023660	0.00265861827864151
Smp_023700	0.00188194028761198
Smp_023710	0.290370590871782
Smp_023840	0.0107436498289917
Smp_023930	0.00350950618727253
Smp_023940	0.0093770216943927
Smp_024000	0.00182599486271489
Smp_024010	0.0493356308256354
Smp_024030	0.00446141146011266
Smp_024110	0.00387950672297369
Smp_024120	0.00395383074731985
Smp_024140	0.0036930559230739
Smp_024150	0.00176771495948959
Smp_024180	0.00510299632734006
Smp_024240	0.0043214582645776
Smp_024360	0.00206448508312676
Smp_024370	0.0033651193662304
Smp_024380	0.00464029917553151
Smp_024390	0.00388488636900643
Smp_024490	0.00239963175625075
Smp_024500	0.0024456392341358
Smp_024520	0.00464650535655134
Smp_024580	0.00142730291842294
Smp_024590	0.00187860885972801
Smp_024660	0.00631389037358825
Smp_024800	0.00388496318755165
Smp_024820	0.00309051609010183
Smp_024850	0.0030746026637012
Smp_024860	0.0215245594544148
Smp_024870	0.0113890768079271
Smp_024880	0.00164575715083729
Smp_024900	0.0022399837089317
Smp_024930	0.012627346338025
Smp_024970	0.00281976810505287
Smp_025010	0.00242667082265053
Smp_025020	0.00172845164236162
Smp_025030	0.00770248789975405
Smp_025100	0.00370999524675946
Smp_025130	0.00733899693499353
Smp_025150	0.00163398162060096
Smp_025160	0.00252903538486801
Smp_025260	0.00331530665020627
Smp_025340	0.00157602974283423
Smp_025360	0.00351353154890198
Smp_025370	0.00958496724391095
Smp_025380	0.0133542857154363
Smp_025510	0.00140098608580441
Smp_025550	0.00244500777816099
Smp_025560	0.00691844689778765
Smp_025570	0.0017016891896369
Smp_025620	0.00468770270829964
Smp_025670	0.0028344399695721
Smp_025680	0.0018532632043989
Smp_025700	0.00485143405521853
Smp_025740	0.00580550128933639
Smp_025750	0.00318116547523855
Smp_025830	0.00175309961987964
Smp_025860	0.0056244799523054
Smp_025890	0.027299566305382
Smp_026030	0.0106864931205045
Smp_026090	0.000920744145949918
Smp_026160	0.00450957581931543
Smp_026190	0.00657498317789763
Smp_026230	0.00312823151953304
Smp_026250	0.00401594577934468
Smp_026260	0.00159136367438489
Smp_026270	0.00459402024924798
Smp_026280	0.00508585963822571
Smp_026300	0.00261672581517339
Smp_026320	0.00207836501102082
Smp_026340	0.00249737485603651
Smp_026390	0.00396257311029855
Smp_026400	14.1400366093798
Smp_026420	0.00481800032196373
Smp_026510	0.00177168099296322
Smp_026540	0.00433655464519729
Smp_026560	0.00296182000658419
Smp_026630	0.00162048908788949
Smp_026700	0.00398777426485747
Smp_026770	0.00660838716133436
Smp_026790	0.0247726743318569
Smp_026820	0.0102955402834569
Smp_026830	0.0024405144401217
Smp_026910	0.00189532446267427
Smp_026920	0.00737893708007992
Smp_026930	0.00319988829812746
Smp_027000	0.00151217452917161
Smp_027010	0.000902243742783015
Smp_027040	0.0035539836901526
Smp_027080	0.00257058569643366
Smp_027210	0.0169773808617568
Smp_027220	0.00545260169339967
Smp_027240	0.00283642984524991
Smp_027250	0.00458230944308707
Smp_027300	0.00309959635726537
Smp_027340	0.00958192761312182
Smp_027370	0.00124794015996049
Smp_027390	0.00332436705548039
Smp_027400	0.00377514644218901
Smp_027430	0.00961399578918012
Smp_027450	0.00185360986368225
Smp_027480	0.00444723695142669
Smp_027500	0.0158396633811474
Smp_027550	0.00306008000290054
Smp_027610	0.00461651687722493
Smp_027850	0.00392117137147067
Smp_027870	0.00176658161197144
Smp_027880	0.0036986575957635
Smp_027910	0.00114972839942105
Smp_027920	0.00746676072137889
Smp_027940	1.0580599975575
Smp_027970	0.00322911198569828
Smp_027990	0.0822706192650593
Smp_028030	0.00194729197205993
Smp_028050	0.00817154885011543
Smp_028060	0.00186364101591484
Smp_028070	0.00216710752375816
Smp_028080	0.00107103149206932
Smp_028100	0.00187809178157179
Smp_028120	0.00105029591404714
Smp_028130	0.167461356565482
Smp_028140	0.00173521531004604
Smp_028170	0.00388053000933226
Smp_028190	0.0107933297533893
Smp_028200	0.0024017456187615
Smp_028210	0.0152387363759167
Smp_028330	0.00255925545880622
Smp_028340	0.00364051742174754
Smp_028360	0.00174380870582228
Smp_028410	0.00346586668398801
Smp_028430	0.00699697373191688
Smp_028440	0.00469273321961098
Smp_028490	0.00398768000505417
Smp_028500	0.00228672854889004
Smp_028650	0.0029240563985795
Smp_028670	0.00655030988632723
Smp_028690	0.00340960140613321
Smp_028730	0.00299697149429545
Smp_028800	0.0350461967464791
Smp_028850	0.00237185240280165
Smp_028860	0.0586900923142887
Smp_028870	0.0482130616194667
Smp_028930	0.0109676967829966
Smp_028940	0.00104196378015083
Smp_028980	0.00485524094198686
Smp_028990	0.00562545467159289
Smp_029040	0.00251409310677273
Smp_029060	0.0022594988313516
Smp_029070	0.0467366160368071
Smp_029100	0.00228301929668698
Smp_029160	0.00283370423686981
Smp_029210	0.00104210703121045
Smp_029240	0.00343305737345943
Smp_029360	0.00445222137718274
Smp_029370	0.00256760799700235
Smp_029390	0.00568380416709389
Smp_029400	0.0678134695779237
Smp_029470	0.00515452429721268
Smp_029500	0.00218611306341512
Smp_029670	0.00558309948025697
Smp_029700	0.00220696638489815
Smp_029740	0.00146326417286145
Smp_029750	0.00187825892033705
Smp_029800	0.00536761530516169
Smp_029820	0.00788747757967744
Smp_029850	0.00284905032694396
Smp_029890	0.00144449990456636
Smp_029900	0.00380117916600875
Smp_029940	0.001979359435005
Smp_029970	0.00670973089371421
Smp_029990	0.00561170665528483
Smp_030000	0.0362528650144373
Smp_030010	0.0067774736049379
Smp_030020	0.00167056520283558
Smp_030030	0.00778938643492501
Smp_030110	0.00422761539662489
Smp_030150	0.00313693646835812
Smp_030180	0.00230344707504627
Smp_030220	0.00339723887796832
Smp_030250	0.00378036810830177
Smp_030260	0.00536558204606559
Smp_030280	0.00478027519529925
Smp_030290	0.00281056051875436
Smp_030320	0.00228315292193194
Smp_030330	0.00249186353924504
Smp_030350	0.378928895865434
Smp_030370	0.00334435423924652
Smp_030400	0.00239154276536198
Smp_030440	0.00492901272442257
Smp_030500	0.00686352052656373
Smp_030690	0.00422111737620234
Smp_030710	0.00340045967131133
Smp_030730	0.0041927157027151
Smp_030760	0.00189447461917986
Smp_030780	0.00166515762482809
Smp_030830	0.00357696888904908
Smp_030860	0.000998366653144458
Smp_030870	0.00379627565796044
Smp_030910	0.0218100850177012
Smp_030920	0.00327133661783709
Smp_030930	0.00187302061664333
Smp_031000	0.00187714095890148
Smp_031010	0.00298800510381461
Smp_031020	0.0805303806776126
Smp_031040	0.00278297968566
Smp_031050	0.00305157989916651
Smp_031070	0.00163460558548807
Smp_031100	0.00230676758178313
Smp_031180	0.0261199151173681
Smp_031190	0.0358736795446581
Smp_031220	0.00965574780387268
Smp_031270	0.0060310783919783
Smp_031300	0.00834681823735688
Smp_031310	0.00443626553714213
Smp_031360	0.00160352020763966
Smp_031390	0.152354331259299
Smp_031560	0.00294123733707216
Smp_031570	0.00437720988839912
Smp_031590	0.00135774927228606
Smp_031680	0.0343232493620058
Smp_031690	0.00530459707388221
Smp_031710	0.00274210648691011
Smp_031720	0.0044462736328952
Smp_031730	0.0040279183214662
Smp_031770	0.00483138112504915
Smp_031880	0.00209632128265811
Smp_031920	0.00376849451147494
Smp_031950	0.0032988781107236
Smp_031990	0.00389813235447907
Smp_032000	0.00448409860070837
Smp_032060	0.00235933493294609
Smp_032120	0.00339142805357745
Smp_032150	0.00338147343605457
Smp_032180	0.00311175803196436
Smp_032230	0.00489417847954858
Smp_032240	0.00163695412441853
Smp_032250	0.00374962161648888
Smp_032260	0.00489818139818926
Smp_032280	0.00519517804386137
Smp_032310	0.00253853201313497
Smp_032320	0.00404087304726357
Smp_032370	0.589548122921829
Smp_032420	0.00206293363198909
Smp_032480	0.00236180303716923
Smp_032490	0.00701647856699507
Smp_032500	0.00658835634399614
Smp_032510	0.00273474084903533
Smp_032520	0.00252291650818224
Smp_032580	0.00259772867684027
Smp_032640	0.00347248270095814
Smp_032720	0.00732404860262224
Smp_032760	0.00384871392209837
Smp_032770	0.00154749844079671
Smp_032780	0.00271434925703123
Smp_032790	0.00453867994871195
Smp_032800	0.00146455887538504
Smp_032810	0.00166260815061043
Smp_032820	0.000998167764039777
Smp_032920	0.00432012372115908
Smp_032930	0.00161764868102246
Smp_032950	0.010110329569612
Smp_032970	0.0963079186233761
Smp_032980	1.71021283022848
Smp_032990	0.220479850318126
Smp_033000	0.0299396257161076
Smp_033010	0.0172653330904052
Smp_033020	0.00632653721073094
Smp_033040	0.00439573102430655
Smp_033050	0.00362675426068336
Smp_033110	0.00202927226117106
Smp_033140	0.00182294904479174
Smp_033210	0.00205272845770227
Smp_033250	0.128113434031235
Smp_033260	0.00668585369135617
Smp_033330	0.00212568543170145
Smp_033350	0.00254989148107601
Smp_033380	0.223907777285266
Smp_033400	0.00263336318305607
Smp_033530	0.0106322136063444
Smp_033540	0.00221378477199242
Smp_033590	0.00349305371613221
Smp_033600	0.00251886974671263
Smp_033610	0.00431773542291895
Smp_033620	0.00326182446924975
Smp_033660	0.00313483394749271
Smp_033670	0.00273017263698775
Smp_033680	0.0014289741145332
Smp_033700	0.00459934703318138
Smp_033710	0.00326738374555138
Smp_033760	0.00302414350877629
Smp_033770	0.00326637769054359
Smp_033870	0.00220733702910585
Smp_033930	0.0118052445572906
Smp_033950	0.00346449376242615
Smp_033970	0.00179075935603154
Smp_033990	0.00362606085187081
Smp_034000	0.0024539231519972
Smp_034090	0.00221606820640218
Smp_034100	1.85606754024917
Smp_034120	0.00142647259417417
Smp_034190	0.00164415188557421
Smp_034270	0.00267326226193772
Smp_034300	0.00849384990489541
Smp_034400	0.00231094193399398
Smp_034410	0.0041786842250663
Smp_034420	0.00285297699815462
Smp_034430	0.00184237144036189
Smp_034450	0.00171201337806725
Smp_034490	0.00237968250295066
Smp_034500	0.00983536932370232
Smp_034530	0.00249882261942452
Smp_034550	0.00750024117430644
Smp_034610	0.0118932838744367
Smp_034660	0.00203726746523904
Smp_034670	0.00251144551388578
Smp_034680	0.081098295558565
Smp_034700	0.00340851086113169
Smp_034840	0.00181087065528818
Smp_034850	0.00575841762223545
Smp_034860	0.0531260273274969
Smp_034870	0.00173291692636882
Smp_034920	0.0088535322432173
Smp_034940	0.00247446601767486
Smp_034980	0.00555527559463143
Smp_035000	0.00363224715831806
Smp_035010	0.00223765569265385
Smp_035020	0.0024463613324009
Smp_035030	0.00393828693413349
Smp_035040	0.00764231543697669
Smp_035080	0.00262727856418807
Smp_035090	0.00465452697790319
Smp_035110	0.00178179638715044
Smp_035150	0.00251734989372463
Smp_035180	0.00598678932215995
Smp_035190	0.00495769917880041
Smp_035200	0.00524836255287373
Smp_035210	0.0112738541361219
Smp_035220	0.0137542648953119
Smp_035250	0.0304466172518396
Smp_035260	0.00335701856059738
Smp_035270	0.00383832250821657
Smp_035280	0.00195561215991498
Smp_035290	0.0240907221260988
Smp_035300	0.00211082666259921
Smp_035310	0.00560835381020217
Smp_035360	0.00472577995322282
Smp_035370	0.0270178314491256
Smp_035380	0.011073063518642
Smp_035390	0.00372306588482814
Smp_035410	0.00337869732495291
Smp_035430	0.00168596528210333
Smp_035460	0.00589043695137215
Smp_035470	0.00181487140165748
Smp_035480	0.00340518463859051
Smp_035500	0.00599712379346213
Smp_035540	0.0614755527857325
Smp_035550	0.0205392460995791
Smp_035560	0.0943847934694595
Smp_035580	0.00311186268931673
Smp_035620	0.0021409561409785
Smp_035650	0.0293061684643277
Smp_035700	0.0251769994586292
Smp_035730	0.0028598314058691
Smp_035790	0.00403600009098642
Smp_035800	0.00486758811305203
Smp_036010	0.0253380270429472
Smp_036020	0.0210305169037218
Smp_036060	0.00153779364332458
Smp_036130	0.00181975850736965
Smp_036180	0.00303314170536832
Smp_036220	0.00181701704024201
Smp_036250	0.0017552188343765
Smp_036270	0.00637528631906976
Smp_036370	0.00104366301611498
Smp_036390	0.00281421317170086
Smp_036400	0.00252508786730156
Smp_036500	0.00268207052804052
Smp_036550	0.00370945409400487
Smp_036590	0.00353825668020145
Smp_036630	0.00295278258289503
Smp_036670	0.062072363505625
Smp_036720	0.0279752885936489
Smp_036780	0.00586336764370169
Smp_036920	0.00306091084583801
Smp_036940	0.0041183947158686
Smp_036950	0.00463025300171569
Smp_036980	0.00826721671496742
Smp_036990	0.0061145799283723
Smp_037120	0.00460635615517191
Smp_037190	0.00370936608810147
Smp_037230	0.00529465199527781
Smp_037290	0.00395194829220665
Smp_037400	0.00356024797648065
Smp_037460	0.00303912204871345
Smp_037530	0.00913686877768058
Smp_037540	0.00429061756477633
Smp_037590	0.00497314426121177
Smp_037640	0.00555123118104831
Smp_037690	0.182965463460894
Smp_037700	0.00181340056552012
Smp_037780	0.00640144273710099
Smp_037900	0.00219041428269941
Smp_037910	0.00313622475268794
Smp_037930	0.00379760579929732
Smp_037960	0.00272909754554091
Smp_038030	0.00617859145107384
Smp_038080	0.00186851192056619
Smp_038100	0.00484035677342228
Smp_038140	0.00666728289560836
Smp_038210	0.00298452946087327
Smp_038240	0.00857568350152244
Smp_038300	0.0042341256673829
Smp_038330	0.00253078672778508
Smp_038340	0.00161295374924294
Smp_038410	0.0272233363218847
Smp_038420	0.00276095385156637
Smp_038440	0.00833667460493592
Smp_038510	0.00316315936491412
Smp_038530	0.00710734405670104
Smp_038540	0.00529423801653485
Smp_038560	0.00364116594144777
Smp_038630	0.00883930054868747
Smp_038680	0.00508302141935759
Smp_038700	0.00248417310692691
Smp_038710	0.0040624964128786
Smp_038820	0.00192069253748496
Smp_038830	0.00298322799504815
Smp_038840	0.00205015451789156
Smp_038870	0.00141079631463087
Smp_038930	0.00230807469232103
Smp_038940	0.0077288111084077
Smp_038950	0.00442523927214523
Smp_038960	0.00430563343693545
Smp_038965	0.00382077607576523
Smp_038980	0.00335176524871233
Smp_039000	0.00162526997445713
Smp_039080	0.00325576478410986
Smp_039130	0.00373835453085713
Smp_039160	0.00456655969322229
Smp_039180	0.00211129090991063
Smp_039300	0.00584456347025416
Smp_039390	0.00274850131503652
Smp_039400	0.00246570910918431
Smp_039470	1.58621376732094
Smp_039490	0.00156526023082331
Smp_039590	0.0659687796937254
Smp_039600	0.0629076964531727
Smp_039640	0.00491241086175024
Smp_039650	0.00537758336218713
Smp_039670	0.00575463676232035
Smp_039740	0.00250257312745543
Smp_039750	0.00247458822041235
Smp_039810	0.00954020493527825
Smp_039820	0.00125920198168526
Smp_039870	0.00304031745205811
Smp_039970	0.0138055195375121
Smp_039980	0.00244912875113332
Smp_040020	0.0110705466459796
Smp_040080	0.01160985299793
Smp_040100	0.00493210536214007
Smp_040110	0.0197652390645909
Smp_040130	0.00389922993997835
Smp_040190	0.00529547680777453
Smp_040270	0.002513817162583
Smp_040280	0.00106656984535417
Smp_040350	0.0127683236165659
Smp_040360	0.00261405760967724
Smp_040460	0.00111599104315958
Smp_040500	0.00151679815703886
Smp_040510	0.00849949878785348
Smp_040550	0.00426764819364302
Smp_040560	0.00246434774447604
Smp_040570	0.00144511160801484
Smp_040610	0.00455984955217581
Smp_040710	0.00278367102764339
Smp_040720	0.00296173264220679
Smp_040770	0.0013824152311692
Smp_040790	0.00399110980614564
Smp_040800	0.00218808215971097
Smp_040960	0.00256192491653666
Smp_040970	0.00203645136917591
Smp_040990	0.00570840688086052
Smp_041050	0.00144523577466389
Smp_041060	0.000854183160440916
Smp_041100	0.00216335582803561
Smp_041190	0.00346262908503781
Smp_041370	0.00285842994350295
Smp_041390	0.00164276921927837
Smp_041430	0.00289319837098827
Smp_041450	0.00209779426677066
Smp_041460	0.0124860020866803
Smp_041480	0.00234351997964873
Smp_041490	0.00237482184981761
Smp_041500	0.00340880947518364
Smp_041540	0.0150865169480575
Smp_041550	0.00418985004095577
Smp_041570	0.0154470612385148
Smp_041600	0.00752458775010184
Smp_041630	0.00609267524029586
Smp_041650	0.00646545842529351
Smp_041700	0.0142623838919613
Smp_041730	0.00249671367610715
Smp_041740	0.00459684789175428
Smp_041750	0.00196953244140928
Smp_041760	0.00179289317184155
Smp_041770	0.00217271968072144
Smp_041830	0.0064625072698845
Smp_041880	0.0233526812713924
Smp_041890	0.00118170529724731
Smp_041980	0.0044802422706811
Smp_042020	0.0245353198695892
Smp_042030	0.00364650306814433
Smp_042050	0.00330392084642453
Smp_042060	0.00750199455540899
Smp_042080	0.00227971568973204
Smp_042090	0.00701279954748048
Smp_042110	0.00141198508733778
Smp_042120	0.00729696222926827
Smp_042140	0.00466246301197522
Smp_042150	0.0366070853661621
Smp_042160	0.00510948090033227
Smp_042210	0.0129693045299132
Smp_042270	0.00364697315519989
Smp_042280	0.00206269913591276
Smp_042300	0.00751227001684485
Smp_042340	0.0104936351597671
Smp_042390	0.00978841188657698
Smp_042400	0.00520044313025744
Smp_042420	0.00237324223634981
Smp_042430	0.0112419058027753
Smp_042440	0.0288780307937217
Smp_042530	0.0122912178467592
Smp_042550	0.00306034707633627
Smp_042560	0.00505340139584433
Smp_042590	0.00312154140397958
Smp_042630	0.00317842789001708
Smp_042670	0.00292313270418989
Smp_042680	0.0142731320488152
Smp_042700	0.0193737034641745
Smp_042740	0.00299315197044489
Smp_042770	0.00831534950463294
Smp_042780	0.00161862028245871
Smp_042790	0.00722029604969287
Smp_042810	0.0176630236602833
Smp_042910	0.024820966938944
Smp_042920	0.0054115639185063
Smp_042980	0.00308030400748667
Smp_042990	0.00239704937186315
Smp_043030	0.00305000043915449
Smp_043070	0.00421974533624808
Smp_043100	0.00379750550970008
Smp_043110	0.00820768315162293
Smp_043120	0.00333245794461119
Smp_043130	0.00194752431423979
Smp_043150	0.00136288424646913
Smp_043170	0.00209626497293778
Smp_043200	0.00433214687726396
Smp_043210	0.00514059719555814
Smp_043220	0.00438461316485116
Smp_043250	0.0620710090467417
Smp_043260	0.077217261242889
Smp_043270	0.0842476320708433
Smp_043290	0.116036324619362
Smp_043340	2.01294028546383
Smp_043350	0.00151509992471163
Smp_043360	0.0181923819309602
Smp_043390	0.0236720910575458
Smp_043500	0.00204884754193237
Smp_043570	0.00573759427076006
Smp_043580	0.0039791824059197
Smp_043600	0.00495884466694791
Smp_043610	0.00252782928923483
Smp_043650	0.035788107134115
Smp_043670	0.00227821065927383
Smp_043780	0.00805252571809083
Smp_043910	0.0206592167220502
Smp_043940	0.00199180355906566
Smp_043970	0.00261710732292761
Smp_043990	0.00369264043269242
Smp_044000	0.00146471525887909
Smp_044020	0.0027014146162216
Smp_044060	0.0102856756178177
Smp_044160	0.00220620164645297
Smp_044250	0.00156818691464379
Smp_044260	0.00243347972203657
Smp_044280	0.00707669706010901
Smp_044400	0.00353604125664209
Smp_044440	0.00532903028745429
Smp_044470	0.00680601441604144
Smp_044520	0.0025741087261139
Smp_044530	0.00163788666101649
Smp_044550	0.00479543166642215
Smp_044560	0.00410892686521366
Smp_044580	0.00602196463102149
Smp_044610	20
Smp_044680	0.00207189667604062
Smp_044690	0.00133797247135997
Smp_044750	0.0118918883211602
Smp_044800	0.0155844736734115
Smp_044810	0.00316633727219842
Smp_044850	0.00573719358430693
Smp_044920	0.000738803743185996
Smp_044950	0.00208409846863503
Smp_044970	0.00216545509271113
Smp_045010	0.00670781352593819
Smp_045060	0.00202271750591482
Smp_045070	0.0028515624810063
Smp_045200	0.0121778925881858
Smp_045220	0.00625738594019725
Smp_045230	0.00317188019266124
Smp_045250	0.00315910428920535
Smp_045260	0.00787746197805631
Smp_045300	0.00688129649744379
Smp_045360	0.00644268623807777
Smp_045400	0.00300840457342831
Smp_045410	0.00420188639597425
Smp_045420	0.00286530101629629
Smp_045430	0.00199085692042972
Smp_045470	0.0506528372759041
Smp_045480	0.00236473334913532
Smp_045490	0.0225669773782709
Smp_045500	0.00771846317453812
Smp_045510	0.00358787854497452
Smp_045550	0.00586022134377456
Smp_045560	0.00200137574817505
Smp_045590	0.00789929422326594
Smp_045600	0.00424079213200276
Smp_045610	0.00347000712057036
Smp_045620	0.00277152435024351
Smp_045650	0.00638911716941513
Smp_045680	0.0271055201361336
Smp_045710	0.00308505135134399
Smp_045730	0.00278741812365952
Smp_045750	0.00591038653050264
Smp_045760	0.00186593103721272
Smp_045780	0.00158846241350203
Smp_045790	0.00246064202848913
Smp_045810	0.0026138303999583
Smp_045860	0.00177880949666314
Smp_045920	0.00301684860933458
Smp_045930	0.00324427053834457
Smp_045950	0.0028942553476073
Smp_045960	0.00169019913529796
Smp_045980	0.00162565882207962
Smp_045990	0.00667637504774097
Smp_046020	0.00111661173277152
Smp_046030	0.00643818394515212
Smp_046060	0.00365171899760278
Smp_046090	0.0037823847128984
Smp_046100	0.00348127448635249
Smp_046120	0.00673457484514763
Smp_046130	0.00261916020616399
Smp_046140	0.00302507819668759
Smp_046160	0.00198506629644118
Smp_046190	0.00118683463838914
Smp_046250	0.00285379522635262
Smp_046290	0.00248526838819514
Smp_046360	0.0385742092386995
Smp_046410	0.0055770803415911
Smp_046430	0.00275705008079346
Smp_046500	0.00287408541661118
Smp_046550	0.00258903376281849
Smp_046630	0.0030099167477337
Smp_046680	0.00354962122810897
Smp_046690	0.00624510821079739
Smp_046740	0.00366134467249259
Smp_046750	0.00126381144952878
Smp_046780	0.0621060098090156
Smp_046790	0.00901230190143162
Smp_046800	0.00581657458812076
Smp_046810	0.00483179912968776
Smp_046870	0.00246744416541256
Smp_046880	0.0107786606144228
Smp_046890	0.00816033061329577
Smp_046900	0.00236977860577864
Smp_046910	0.00773497576748989
Smp_046930	0.00609514083030262
Smp_046980	0.00165994587528427
Smp_047060	0.00370746463566373
Smp_047090	0.00348167911831822
Smp_047110	0.00320805676657758
Smp_047190	0.00155284819354335
Smp_047200	0.00372313895332547
Smp_047240	0.0109865299484619
Smp_047330	0.0051203438473765
Smp_047360	0.00208771876632718
Smp_047370	0.0044767705340191
Smp_047400	0.0135215436134942
Smp_047410	0.00162548901266127
Smp_047440	0.00361118254500941
Smp_047450	0.00301392031915257
Smp_047460	0.00491714466961982
Smp_047500	0.00221287857414905
Smp_047540	0.00421423595812423
Smp_047550	0.00642914443330916
Smp_047610	0.00690605060832205
Smp_047620	0.00964440184718513
Smp_047640	0.0419711798794429
Smp_047650	0.0133704895083342
Smp_047680	0.0313777863778617
Smp_047700	0.00430436671336624
Smp_047720	0.00264551205164143
Smp_047740	0.00228814813207274
Smp_047860	0.00244813451189304
Smp_047870	0.00863631647714294
Smp_047900	0.00594251736832907
Smp_048050	0.583516177097499
Smp_048080	0.00965734694118172
Smp_048160	0.00229401844959368
Smp_048230	0.00266679156148119
Smp_048240	0.00317151520195064
Smp_048260	0.00226814549849489
Smp_048380	0.0414957471830729
Smp_048420	0.00352638453833164
Smp_048430	0.00480185389963409
Smp_048520	0.00923005995553836
Smp_048540	0.00322576162221496
Smp_048550	0.00288041182737102
Smp_048560	0.00782291569453167
Smp_048620	0.00280386258532908
Smp_048650	0.00151251483475116
Smp_048660	0.00273398341618371
Smp_048760	0.00218413346400657
Smp_048830	0.00516754794728426
Smp_048880	0.00210241442633605
Smp_048930	0.00599201212174563
Smp_048940	0.00221475334029862
Smp_048970	0.00450277452796376
Smp_048980	0.00155733410267771
Smp_048990	0.00188940124987482
Smp_049000	0.00135852603484538
Smp_049010	0.00152417496768663
Smp_049140	0.00403788020012846
Smp_049150	0.00711302444178172
Smp_049160	0.0115183644130017
Smp_049170	0.00312942434552202
Smp_049230	8.71497571223762
Smp_049270	0.00443902337398739
Smp_049330	0.00168874043992581
Smp_049380	0.00155421199921331
Smp_049390	0.00580515648815562
Smp_049500	0.00215336445956923
Smp_049510	0.00436022205787156
Smp_049520	0.0023246922690649
Smp_049550	0.00622960988482728
Smp_049580	0.00811239563365506
Smp_049600	0.00301379102143095
Smp_049610	0.00489409568060377
Smp_049630	0.00130190565344228
Smp_049680	0.0028661030738149
Smp_049730	0.00248677637621446
Smp_049740	0.00460613193412228
Smp_049760	0.00665134968575274
Smp_049880	0.0030229849222987
Smp_049890	0.0055639267488217
Smp_049910	0.00294266702802363
Smp_049920	0.0052073630409705
Smp_049930	0.00202046988890459
Smp_049970	0.00210653971631422
Smp_049990	0.00136674226541216
Smp_050080	0.00347588463962564
Smp_050110	0.00261282764434321
Smp_050130	0.00363838039036701
Smp_050160	0.00257936306111626
Smp_050220	0.00766630117778844
Smp_050250	0.01341604141699
Smp_050270	0.184924636698943
Smp_050280	0.00314506639729118
Smp_050350	0.0013398445964708
Smp_050360	0.0051621085002847
Smp_050380	0.0159657504769968
Smp_050430	0.00862740484999115
Smp_050470	0.0100513631252843
Smp_050520	0.00943034265082897
Smp_050540	0.00780051639217413
Smp_050570	0.00332535079336652
Smp_050590	0.00256549260206299
Smp_050700	0.00192566509993115
Smp_050730	0.00261123367249752
Smp_050740	0.00346520315720441
Smp_050760	0.00296678094713069
Smp_050820	0.00805284960283572
Smp_050830	0.00241940062965783
Smp_050880	0.00934782728622896
Smp_050890	0.00159480082569479
Smp_050920	0.00451465614736141
Smp_050940	0.00404968626098973
Smp_051000	0.0049413869696089
Smp_051010	0.00265030550194587
Smp_051070	0.0256829037312102
Smp_051080	0.000716534546640843
Smp_051090	0.010246761479471
Smp_051120	0.0123698966590227
Smp_051130	0.0167551639600075
Smp_051210	0.0047432151307653
Smp_051220	0.0151967069848803
Smp_051230	0.00286323201571531
Smp_051260	0.00460314885129238
Smp_051280	0.00271914243320461
Smp_051290	0.0314628130949212
Smp_051300	0.00242942611518063
Smp_051320	0.00343295005404513
Smp_051360	0.00426554244973783
Smp_051390	0.00403534575599983
Smp_051400	0.00782749721447512
Smp_051410	0.00523057861116542
Smp_051420	0.0116479614804812
Smp_051530	0.00293687653396552
Smp_051550	0.00195046925208333
Smp_051640	0.0037764898505617
Smp_051660	0.00327154127641483
Smp_051670	0.0642613233802967
Smp_051810	0.00535443405126593
Smp_051920	0.00860591406232621
Smp_051930	0.0150740922462671
Smp_052060	0.00273534871343136
Smp_052140	0.00394705051816539
Smp_052150	0.0102057511567664
Smp_052160	0.00263971828206281
Smp_052230	0.00773979304082378
Smp_052280	0.00122673960760332
Smp_052290	0.00656755560295074
Smp_052330	0.00264924157280328
Smp_052350	0.0043841830326239
Smp_052390	0.0127330353358141
Smp_052460	0.891796625469728
Smp_052500	0.00489412650717644
Smp_052630	0.0233334475257104
Smp_052640	0.000999984493288658
Smp_052710	0.00171051241310755
Smp_052740	0.0068030696969699
Smp_052750	0.00267661016177201
Smp_052760	0.00636607973452261
Smp_052780	0.00518466909292658
Smp_052790	0.00332021095914412
Smp_052800	0.00298272601321209
Smp_052870	0.00185460675844666
Smp_052890	0.00384020006563132
Smp_052910	0.00247496586057628
Smp_053020	0.00794046453481488
Smp_053030	0.00258102834472749
Smp_053040	0.00652281975845593
Smp_053060	0.00297162404473417
Smp_053120	0.0127527098082427
Smp_053130	0.00462150875498332
Smp_053140	0.00126580969495039
Smp_053160	0.00229072210977705
Smp_053220	0.00326099360278437
Smp_053230	0.00259566636428519
Smp_053300	3.22243149053343
Smp_053390	0.00538979281538796
Smp_053420	0.00389374568612938
Smp_053430	0.00168298222021492
Smp_053470	0.00954750990973401
Smp_053510	0.0088199227500495
Smp_053550	0.00270308568087357
Smp_053560	0.00773818190206212
Smp_053610	0.00308055160261
Smp_053640	0.00938581476213354
Smp_053700	0.00495225597042494
Smp_053780	0.00583162206187788
Smp_053790	0.00812111783763306
Smp_053800	0.00324496988626511
Smp_053820	0.00351620935995591
Smp_053830	0.00659694247917558
Smp_053900	0.00326942884247071
Smp_053940	0.00561299118721357
Smp_053990	0.00329439635013381
Smp_054010	0.0247963716878051
Smp_054070	0.00373077396735804
Smp_054120	0.00377594214605464
Smp_054200	0.0018362837628469
Smp_054220	0.0045938300323283
Smp_054230	0.00692087689484762
Smp_054240	0.00280429446396403
Smp_054300	0.020709706509436
Smp_054310	0.00210304958248924
Smp_054320	0.00268203652636814
Smp_054330	0.00178026216610003
Smp_054340	0.00333128088185247
Smp_054350	0.0135081899514276
Smp_054360	0.00165077922099031
Smp_054410	0.00257704368069287
Smp_054450	0.00742465020274046
Smp_054470	0.0064370745617469
Smp_054540	0.001915596226542
Smp_054560	0.00448312556317011
Smp_054600	0.00161142741248968
Smp_054610	0.0102126944181439
Smp_054620	0.0231388909135028
Smp_054730	0.00202792001995862
Smp_054770	0.0151481145900907
Smp_054775	0.0219749924285275
Smp_054790	0.00146940407642634
Smp_054800	0.000967268905368808
Smp_054810	0.00381856491140964
Smp_054820	0.00266472495641302
Smp_054840	0.00518323830619791
Smp_055050	0.00440043820593029
Smp_055090	0.00104649154098571
Smp_055100	0.00729295915029517
Smp_055130	0.00235883833409334
Smp_055190	0.00277114833449551
Smp_055200	0.00135236449780003
Smp_055220	0.0024566300841349
Smp_055240	0.0144988141845634
Smp_055260	0.0245768820185511
Smp_055310	0.00433870278528914
Smp_055340	0.00335023854762982
Smp_055390	0.00467619030651411
Smp_055400	0.0018085920142636
Smp_055420	0.00408176503697793
Smp_055440	0.0149789475108843
Smp_055450	0.00561751744116602
Smp_055600	0.00348522305860176
Smp_055630	0.00493687274548146
Smp_055670	0.00124305927815081
Smp_055720	0.00248147951907109
Smp_055740	0.0167166734127662
Smp_055760	0.00126842214231004
Smp_055770	0.00117819393829909
Smp_055780	0.0666469228374477
Smp_055800	0.00326604822729162
Smp_055870	0.00496685100920291
Smp_055880	0.00246152010331391
Smp_055890	0.00293412950477677
Smp_055900	0.00313798209463606
Smp_055920	0.00200845759226002
Smp_055960	0.00160355998369617
Smp_055990	0.00415611000723635
Smp_056060	0.0406547246710253
Smp_056080	0.168869437828061
Smp_056200	0.00281494241203305
Smp_056240	0.00408865405310709
Smp_056260	0.00529739536805402
Smp_056280	0.0150554209471635
Smp_056350	0.00864580698090067
Smp_056360	0.00481504651459265
Smp_056370	0.00422747294044764
Smp_056390	0.00295409383414492
Smp_056440	0.00403945750785885
Smp_056460	0.00870494376055874
Smp_056500	0.00268724178802874
Smp_056620	0.00609684913755288
Smp_056640	0.00137916307241675
Smp_056760	0.00223101923627972
Smp_056770	1.68687791766079
Smp_056780	0.00124399073321042
Smp_056810	0.00166474909747254
Smp_056850	0.00149416573751504
Smp_056860	0.00104400549638094
Smp_056900	0.00737653208905648
Smp_056930	0.00385028014321904
Smp_056970	0.00332958702299033
Smp_056990	0.0196776157189044
Smp_057020	0.00317608620681743
Smp_057060	0.00490707925503609
Smp_057090	0.00420292455009972
Smp_057120	0.00389708942159027
Smp_057130	0.00417966591606563
Smp_057210	0.00541058658135673
Smp_057230	0.00257809771461925
Smp_057320	0.00103034009574517
Smp_057360	0.0182477595907521
Smp_057430	0.0035448590945546
Smp_057530	0.00639417892934209
Smp_057590	0.00511385054256885
Smp_057620	0.00176936322484532
Smp_057630	0.00153962623575312
Smp_057650	0.0049619776583712
Smp_057860	0.00615981436806627
Smp_058050	0.00133444415939424
Smp_058080	0.0218026454413151
Smp_058130	0.00165511964846543
Smp_058140	0.00159285030353301
Smp_058150	0.00337321779325457
Smp_058170	0.00177325602790518
Smp_058190	0.00441542180112545
Smp_058240	0.00256898527525718
Smp_058270	0.00237938199158897
Smp_058320	0.00231420533528366
Smp_058350	0.00328800470907356
Smp_058360	0.0055424010829176
Smp_058380	0.0382243724785301
Smp_058400	0.00176395173012019
Smp_058410	0.00176315587109312
Smp_058450	0.00285056191279769
Smp_058460	0.00253023770383743
Smp_058470	0.0129229615067143
Smp_058530	0.00515855128959241
Smp_058620	0.0037835010099576
Smp_058650	0.000720098477710234
Smp_058690	0.013714849449647
Smp_058700	0.0132443839476915
Smp_058730	0.0024007971634235
Smp_058780	0.0042932265543443
Smp_058790	0.00371302631983686
Smp_058850	0.0117895502297197
Smp_058880	0.00992591866604465
Smp_058980	0.0010716545192529
Smp_058990	0.00281891736441646
Smp_059090	0.00835461464763379
Smp_059100	0.00162686155786554
Smp_059130	0.00370004617290496
Smp_059150	0.00126353089644814
Smp_059170	0.0151155002945056
Smp_059200	0.00925051505152775
Smp_059210	0.00273516499132052
Smp_059240	0.00184445453209916
Smp_059290	0.00380886714306215
Smp_059340	0.00244259684620543
Smp_059350	0.00277516673442619
Smp_059360	0.00579401931426986
Smp_059530	0.0109838766325549
Smp_059540	0.00222372707018951
Smp_059570	0.0127006369869313
Smp_059600	0.086552454890907
Smp_059670	0.00405703156401969
Smp_059710	0.00272012025562984
Smp_059750	0.00322690794504477
Smp_059780	0.00145202272908283
Smp_059790	0.105157846933825
Smp_059810	0.00309653504532714
Smp_059820	0.00838167810392622
Smp_059870	0.00352109899283821
Smp_059880	0.00123186278818304
Smp_059910	0.00289458100231361
Smp_059920	0.00542795135902051
Smp_059930	0.00583546607949824
Smp_059980	0.0119641576944543
Smp_060010	0.00180884362522873
Smp_060030	0.011705469527012
Smp_060070	0.00153430551038452
Smp_060080	0.00296574742531684
Smp_060090	0.00400527372853713
Smp_060160	0.00597868427749242
Smp_060170	0.00318559618508187
Smp_060180	0.00225110372401611
Smp_060190	0.00459646877728854
Smp_060210	0.245871716340102
Smp_060220	0.0334902400593206
Smp_060240	0.00603469902307379
Smp_060270	0.00303860447000466
Smp_060290	0.00950284822052921
Smp_060420	0.00284829179936688
Smp_060480	0.00208043858869745
Smp_060490	0.00633101731013827
Smp_060570	0.00666390412375579
Smp_060620	0.0911642731169854
Smp_060660	0.0245043671396368
Smp_060700	0.00250086660612944
Smp_060750	0.012584729380861
Smp_060760	0.0543342517772505
Smp_060820	0.00273164267314201
Smp_060860	0.00494315426504018
Smp_060900	0.00257603545468937
Smp_060910	0.00197319695497216
Smp_060940	0.00357874533985631
Smp_060950	0.00268794030390563
Smp_061040	0.00466553531829034
Smp_061050	0.00527977930268623
Smp_061100	0.0123294962748285
Smp_061200	0.00398555664516731
Smp_061210	0.011142959603568
Smp_061230	0.00317440654709332
Smp_061250	0.00455019163385343
Smp_061300	0.00291286598856984
Smp_061310	0.00193851682599479
Smp_061480	0.00589313485069196
Smp_061510	0.00290490345147724
Smp_061540	0.009706056993046
Smp_061560	0.00636348142134775
Smp_061570	0.00348533739905742
Smp_061580	0.00433174003139742
Smp_061590	0.00472576057630845
Smp_061650	0.00191606103102148
Smp_061680	0.00303050595532943
Smp_061840	0.00153589403222853
Smp_061870	0.00301315569891146
Smp_061920	0.00250240809999198
Smp_061940	0.00284143152793678
Smp_061950	0.00324009297749239
Smp_061970	0.00141730126069003
Smp_062020	0.0126385798528188
Smp_062070	0.00730208696188821
Smp_062080	0.0512008027539722
Smp_062120	0.00596711346304444
Smp_062250	0.00243419734512996
Smp_062260	0.00237473244479387
Smp_062270	0.00481017149939366
Smp_062300	0.00249630490972207
Smp_062420	0.00575790580370181
Smp_062490	0.107320913099278
Smp_062510	0.00369516669987059
Smp_062520	0.00151989378998873
Smp_062530	0.000728124890721797
Smp_062550	0.00348791019385307
Smp_062560	0.0130400145493844
Smp_062620	0.00284112614152507
Smp_062630	0.0042043622528445
Smp_062640	0.00200392274401551
Smp_062680	0.00709183674246389
Smp_062790	0.00155424764477587
Smp_062890	0.00273965548654798
Smp_062900	0.0209246085704632
Smp_062950	0.00202273778759879
Smp_062970	0.0294994902087264
Smp_062980	0.00199559643985461
Smp_063000	0.000880725220014027
Smp_063030	0.00428465905812557
Smp_063040	0.00168996415942194
Smp_063070	0.00374971746476466
Smp_063090	0.00315940507327321
Smp_063110	0.00262137991174833
Smp_063120	0.00242965076102838
Smp_063180	0.00329511670622902
Smp_063190	0.0478361842821689
Smp_063230	0.00301410396770841
Smp_063250	0.00204753804567877
Smp_063260	0.00205869633623745
Smp_063300	0.00476480700400711
Smp_063330	0.00346614263071806
Smp_063350	0.00413544928658985
Smp_063380	0.0304239470759925
Smp_063390	0.00965351986787285
Smp_063420	0.00458556305968076
Smp_063500	0.0043737572360495
Smp_063520	0.0211292720046488
Smp_063530	0.00210173942805521
Smp_063540	0.00158199192927669
Smp_063580	0.00165594546405532
Smp_063630	0.00677544123850371
Smp_063640	0.00213224714734538
Smp_063650	0.00397952697021531
Smp_063670	0.00208984083332382
Smp_063680	0.00936670852794845
Smp_063830	0.00166122114992212
Smp_064010	0.00416730698372736
Smp_064020	0.00224533156079337
Smp_064030	0.00201793314707406
Smp_064040	0.00366646839354886
Smp_064050	0.00297788142757289
Smp_064150	0.00361400464243703
Smp_064240	0.00133623217944868
Smp_064250	0.00471077213045141
Smp_064280	0.00159981755067874
Smp_064320	0.00274838274057052
Smp_064330	0.00415338470816728
Smp_064350	0.002256800727137
Smp_064360	0.00295980231908325
Smp_064380	0.00330544728302723
Smp_064390	0.00336360702078632
Smp_064400	0.00262496525582997
Smp_064430	0.00553060369477522
Smp_064460	0.0203741654295876
Smp_064500	0.00361538767032263
Smp_064510	0.00291793352692317
Smp_064520	0.00248925596367131
Smp_064590	0.00548929319473276
Smp_064600	0.00849223960229679
Smp_064640	0.00388935677005387
Smp_064650	0.0017788394355286
Smp_064750	0.0038162158228043
Smp_064800	0.0065535169568274
Smp_064860	0.00544022309708025
Smp_064870	0.00303563981851734
Smp_064950	0.00163022231391679
Smp_065060	0.00309115888210508
Smp_065120	0.00503168358822092
Smp_065130	0.00212658839943688
Smp_065150	0.00697695128799418
Smp_065160	0.00422937260641388
Smp_065170	0.00319284490022596
Smp_065180	0.00407587187859626
Smp_065190	0.00325403314821586
Smp_065210	0.00701902474974356
Smp_065240	0.00907304352577375
Smp_065290	0.00457311796749437
Smp_065370	0.00392021933969162
Smp_065420	0.00357235533848738
Smp_065470	0.00104065053191604
Smp_065530	0.0201006885860627
Smp_065580	0.00426861796267526
Smp_065610	0.00295873254814496
Smp_065770	0.00214198145483517
Smp_065810	0.0057301209689835
Smp_065840	0.00160183375773614
Smp_065890	0.00390316038927532
Smp_065980	0.00127429507311449
Smp_066050	0.0117334900836084
Smp_066200	0.00427459520296586
Smp_066260	0.00811266196603531
Smp_066330	0.00608709224851615
Smp_066340	0.00390826728002898
Smp_066410	0.00263837973228701
Smp_066430	0.0031692078304102
Smp_066480	0.00268470879597161
Smp_066520	0.0534115197512855
Smp_066590	0.0052895143864066
Smp_066610	0.00256230935908766
Smp_066620	0.00207427709888689
Smp_066630	0.00385305559517709
Smp_066670	0.00319453349042858
Smp_066730	0.00529996661186775
Smp_066740	0.00336256327670413
Smp_066760	0.00174802174814691
Smp_066820	0.00333127312588274
Smp_066830	0.0093460371049061
Smp_066890	0.00544706917048596
Smp_066900	0.00270484855161363
Smp_066930	0.0302969629543262
Smp_066940	0.00436054427181804
Smp_066950	0.0022053970895728
Smp_066960	0.0019255876850348
Smp_066970	0.0257022015426385
Smp_066990	0.00643674018901851
Smp_067000	0.00348218361712629
Smp_067010	0.00340674273240121
Smp_067060	0.0740581071111819
Smp_067090	0.00168936352147774
Smp_067140	0.00252905964317862
Smp_067250	0.00183383122367043
Smp_067260	0.00466928177364989
Smp_067280	0.00212589009478146
Smp_067400	0.00163210496413487
Smp_067420	0.00257421444763367
Smp_067430	0.0814838891741805
Smp_067480	0.0112413358297525
Smp_067490	0.00551559368562211
Smp_067510	0.0097711626134696
Smp_067520	0.0032521618383382
Smp_067540	0.00347954950555305
Smp_067580	0.00303561882041989
Smp_067590	0.00202491726822782
Smp_067780	0.00404241673385881
Smp_067810	0.00171301144896969
Smp_067890	0.00539966037050555
Smp_067900	0.00491583436366013
Smp_067930	0.0022443959764522
Smp_068000	0.00370655151778023
Smp_068060	0.00188859508455414
Smp_068070	0.00339551173003554
Smp_068100	0.00166601956023246
Smp_068110	0.00258224175994741
Smp_068120	0.00325297484519587
Smp_068170	0.0021803122731686
Smp_068220	0.00512142533602984
Smp_068240	0.0111271257828491
Smp_068250	0.00245941468955241
Smp_068270	0.00152825645539591
Smp_068280	0.00670724665857071
Smp_068300	0.00204770018731419
Smp_068340	0.00129264842800702
Smp_068350	0.0181797828381886
Smp_068420	0.00327958673651849
Smp_068440	0.00246860141346295
Smp_068480	0.00249591981230627
Smp_068500	0.00779638031414068
Smp_068510	0.0094754776486439
Smp_068530	0.0129962606497705
Smp_068580	0.00279070814383639
Smp_068680	0.0175821642540928
Smp_068710	0.0065166400382648
Smp_068720	0.00413382050102796
Smp_068750	0.0181823208499083
Smp_068760	0.00321537431607074
Smp_068840	0.00562893265009897
Smp_068920	0.00404427427060153
Smp_068950	0.00520389954198953
Smp_068960	0.00567732995010852
Smp_068990	0.00220522494452886
Smp_069120	0.015951190919811
Smp_069130	0.00757484170030566
Smp_069160	0.00545952634388964
Smp_069170	0.00395258022066725
Smp_069220	0.00301381409831595
Smp_069240	0.0053666547596859
Smp_069380	0.00581899535573208
Smp_069400	0.0167829880767266
Smp_069600	0.00282254652047214
Smp_069720	0.037139718428428
Smp_069760	0.00241326836738254
Smp_069770	0.00167778878892163
Smp_069810	0.00164732078694203
Smp_069820	0.00303821853950583
Smp_069840	0.00416292272028265
Smp_069870	0.00316684548894779
Smp_069880	0.00156558934236564
Smp_069890	0.0176992008127867
Smp_069900	0.00172823894138897
Smp_069910	0.00192672431807458
Smp_069960	0.00245748820641429
Smp_070020	0.00955864924028892
Smp_070030	0.00923142386498016
Smp_070100	0.0040316720800581
Smp_070110	0.00188091578094848
Smp_070130	0.00358066637351688
Smp_070170	0.00109429938317097
Smp_070190	0.000996040794327066
Smp_070200	0.00135678825713851
Smp_070250	4.106522283657
Smp_070310	0.00372243065093046
Smp_070330	0.00333973668180421
Smp_070340	0.00377629449121765
Smp_070360	0.0278601385749711
Smp_070370	0.431764298867643
Smp_070380	0.00688261859590699
Smp_070540	0.0304262583638803
Smp_070600	0.00844450071636233
Smp_070610	0.00669495465361543
Smp_070640	0.019233285943666
Smp_070680	0.00236607282417619
Smp_070710	0.00679601187216408
Smp_070760	0.00428660774534674
Smp_070770	0.00571389281527428
Smp_070780	0.00474698923184808
Smp_070860	0.0131693262485126
Smp_070930	0.00334167613963135
Smp_071000	0.00421356637552275
Smp_071020	0.00340921347648552
Smp_071050	0.00310911406398938
Smp_071140	0.00204106007874793
Smp_071150	0.00233399534010594
Smp_071250	0.00258968651283575
Smp_071380	0.00865011800848161
Smp_071390	0.00478026549826514
Smp_071470	0.00329301330380134
Smp_071540	0.0275670386840418
Smp_071550	0.00080841477798965
Smp_071560	0.00168700883875167
Smp_071570	0.00183702454583458
Smp_071590	0.799142695668701
Smp_071610	0.0240052391715647
Smp_071630	0.00208556282157223
Smp_071640	0.00444423638297688
Smp_071770	0.00129882203255178
Smp_071830	0.00357795338818984
Smp_071880	0.00271075826696939
Smp_071890	0.0167171346852648
Smp_071950	0.00115991692836154
Smp_071960	0.00296620076325868
Smp_072080	0.0105380705971701
Smp_072090	0.00207810298187885
Smp_072100	0.0925930509640782
Smp_072110	0.00414717223780039
Smp_072140	0.00419739692394049
Smp_072180	0.00329507824283217
Smp_072190	0.00205918716645469
Smp_072210	0.0104253835059252
Smp_072320	0.0127397987472137
Smp_072330	0.0143549509598535
Smp_072340	0.00298007479696084
Smp_072350	0.00152625379144767
Smp_072360	0.00143691540731522
Smp_072370	0.00131630375386526
Smp_072380	0.00252635291282524
Smp_072440	0.00447319293856098
Smp_072450	0.00663464602749979
Smp_072460	0.013113704355846
Smp_072470	0.0110470534144238
Smp_072490	0.00134815003937901
Smp_072500	0.0212688489096522
Smp_072560	0.00635030135233392
Smp_072640	0.00236357146398655
Smp_072660	0.00275438623368021
Smp_072670	0.619020671717119
Smp_072720	0.00320767059398234
Smp_072740	0.0050147037917084
Smp_072790	0.00133226860584048
Smp_072800	0.00316702089737892
Smp_072870	0.0122141081266889
Smp_072890	0.0046581466188073
Smp_072900	0.00470563606791891
Smp_072950	0.00213717290243485
Smp_072970	0.00251261913977508
Smp_072980	0.00505752086007214
Smp_072990	0.00705268432682728
Smp_073070	0.00137334870239432
Smp_073080	0.00519909904129103
Smp_073140	0.00222228164333401
Smp_073200	0.0031594057763131
Smp_073210	0.00375312696879965
Smp_073220	0.00335031356495101
Smp_073270	0.00511415783676638
Smp_073280	0.00531175806815221
Smp_073290	0.00174892939641175
Smp_073300	0.00600942878508455
Smp_073340	0.00472272136866879
Smp_073390	0.00199394351531402
Smp_073400	0.00178660609080197
Smp_073410	0.00196954707454765
Smp_073470	0.0055079404369171
Smp_073490	0.0129327800958596
Smp_073500	0.00369309049715239
Smp_073510	0.00187891184304692
Smp_073540	0.00224697930946462
Smp_073560	0.00174337526057938
Smp_073570	0.00283425201975435
Smp_073590	0.00281474553099153
Smp_073600	0.00167489152364491
Smp_073610	0.00112364978959302
Smp_073620	0.00475863759744188
Smp_073680	0.00355715723618635
Smp_073690	0.00279220469698691
Smp_073720	0.00198032489395734
Smp_073790	0.00250117610378111
Smp_073800	0.00356049773373436
Smp_073830	0.00288666898633626
Smp_073880	0.00472993024046192
Smp_073940	0.00331640282439251
Smp_074000	0.001861965913041
Smp_074010	0.00492206316000475
Smp_074020	0.00115841553276827
Smp_074040	0.00150155014447055
Smp_074050	0.00246794278888704
Smp_074070	0.00164429785130846
Smp_074080	0.00683999924485011
Smp_074140	0.0105498706204303
Smp_074150	0.0119033653472721
Smp_074190	0.0104971683794728
Smp_074200	0.00528892778395655
Smp_074210	0.0294846750760094
Smp_074230	0.0169545503054979
Smp_074260	0.00892149634322924
Smp_074280	0.00520591758038918
Smp_074330	0.00363836838870161
Smp_074370	0.00293735249986803
Smp_074390	0.00521030321161411
Smp_074400	0.00279092979759256
Smp_074410	0.00354265045656149
Smp_074450	0.00772985562285756
Smp_074460	0.0104206478346798
Smp_074470	0.00314172074472111
Smp_074500	0.00330814931769021
Smp_074510	0.00372546577902401
Smp_074560	0.014299217011219
Smp_074570	0.0366121351254583
Smp_074590	0.0057219838984683
Smp_074610	0.12389238724859
Smp_074700	0.00216986484550042
Smp_074710	0.0166403505764124
Smp_074770	0.0013490754569233
Smp_074780	0.00444068067531811
Smp_074830	0.0156461917936022
Smp_074870	0.00231636043029645
Smp_074880	0.00493582957011516
Smp_074900	0.00217690452387308
Smp_074930	0.00403396674752141
Smp_074940	0.013326705793749
Smp_074950	0.00180442722529708
Smp_074990	0.0112033597692321
Smp_075000	0.00399093856915331
Smp_075030	0.00772878506287148
Smp_075040	0.00435163255942471
Smp_075060	0.0171924339870753
Smp_075110	0.00735179324509133
Smp_075120	0.00359319932886574
Smp_075130	0.0031867837288993
Smp_075140	0.00759168382956688
Smp_075210	0.00353819002935964
Smp_075220	0.00177188078074823
Smp_075280	0.00484349565760905
Smp_075330	0.0200593200404664
Smp_075350	0.00748265154437064
Smp_075360	0.0174684981755402
Smp_075370	0.012776139627091
Smp_075380	0.0517836129329478
Smp_075400	0.00210706650269147
Smp_075420	0.00602196356494991
Smp_075430	0.0141834138135321
Smp_075440	0.00189770502748886
Smp_075470	0.00384067817475
Smp_075500	0.00339181042715072
Smp_075560	0.00264742689660214
Smp_075640	0.00271719963636127
Smp_075770	0.0178739160875617
Smp_075800	0.0750937191506138
Smp_075870	0.00400587907789975
Smp_076010	0.00698691810064462
Smp_076030	0.00307769071391485
Smp_076040	0.00250800676385531
Smp_076050	0.00361976709870604
Smp_076150	0.00265986585466946
Smp_076230	0.00271978989469915
Smp_076300	0.0116307996805699
Smp_076320	0.0294625127922034
Smp_076370	0.00653443806243288
Smp_076390	0.00241868438085952
Smp_076400	0.0136542471978525
Smp_076450	0.00566901077708524
Smp_076520	0.00318804786230378
Smp_076530	0.00435127125555057
Smp_076540	0.0342378043652015
Smp_076560	0.00324635539722015
Smp_076600	0.025094592789048
Smp_076630	0.00604552446111164
Smp_076650	0.00554858509344256
Smp_076660	0.00178341502652874
Smp_076740	0.00367574571157438
Smp_076860	0.00685777898826916
Smp_076880	0.00568033357630539
Smp_076910	0.0140540312087188
Smp_076930	0.0148535661945397
Smp_076950	0.00242312872784823
Smp_076960	0.00384100575116168
Smp_076990	0.00121112897622444
Smp_077000	0.00379831444210631
Smp_077020	0.00310694380840429
Smp_077030	0.00398963241597327
Smp_077070	0.00333496390968826
Smp_077090	0.002136827734596
Smp_077120	0.00154668104642356
Smp_077180	0.0088797421783478
Smp_077230	0.00240580920123648
Smp_077280	0.0030483619259643
Smp_077310	0.01024805104516
Smp_077390	0.00419715789418218
Smp_077400	0.00451300566663604
Smp_077540	0.00280065442105995
Smp_077560	0.00166985212017676
Smp_077580	0.0145125787787735
Smp_077590	0.00279126139065242
Smp_077670	0.00683128088244272
Smp_077720	0.013857697153782
Smp_077820	0.218449055021111
Smp_077850	0.00394153699882276
Smp_077860	0.030637637163474
Smp_077890	0.485908390133248
Smp_077980	0.0054468552186921
Smp_078040	0.00369737855737805
Smp_078090	0.00226583488505996
Smp_078110	0.00691526617284263
Smp_078200	0.0459079975291016
Smp_078230	0.00482934971447438
Smp_078240	0.00209478653237283
Smp_078270	0.00326070471881018
Smp_078280	0.00153136460866745
Smp_078310	0.00205040821367434
Smp_078320	0.0022881851227987
Smp_078400	0.0100118674583795
Smp_078490	0.209497524497894
Smp_078520	0.00380030047935393
Smp_078540	0.144239240468474
Smp_078550	0.0041581104563796
Smp_078560	0.00954160769468028
Smp_078570	0.00484129687183495
Smp_078590	0.0592982814739517
Smp_078600	0.00364135347741896
Smp_078610	0.00324066480606452
Smp_078640	0.00134415569055607
Smp_078690	0.0107546314409374
Smp_078700	0.00340963373536055
Smp_078710	0.00155256352117433
Smp_078720	0.021067706921992
Smp_078730	0.00380098459968865
Smp_078750	0.00203601788416749
Smp_078780	0.00323344360702281
Smp_078800	0.00193782177320444
Smp_078900	0.00182799288886964
Smp_078910	0.0449826854240232
Smp_078920	0.00968220108125474
Smp_078930	0.703513641246499
Smp_079000	0.00647746059407401
Smp_079010	0.00240874477182233
Smp_079050	0.00845962285010262
Smp_079220	0.00812918852736296
Smp_079230	0.00233967115646417
Smp_079240	0.00836034869802385
Smp_079260	0.381137829728047
Smp_079270	0.00337881215228034
Smp_079310	0.0013798422515737
Smp_079370	0.00244502298072615
Smp_079380	0.00883701388048705
Smp_079400	0.00168366373674734
Smp_079410	0.00277980210420339
Smp_079420	0.00673020816427543
Smp_079430	0.00251804710464156
Smp_079490	0.00343389302693671
Smp_079560	0.386229776039814
Smp_079600	0.161068753483761
Smp_079640	0.0109550508481362
Smp_079650	0.00153069818541607
Smp_079700	0.00201852845478014
Smp_079710	0.00418327704003713
Smp_079730	0.00557445748994055
Smp_079740	0.00273224339991107
Smp_079750	0.00406405048267048
Smp_079760	0.00115265060250801
Smp_079770	0.00258521060326242
Smp_079800	0.00897977720199675
Smp_079810	0.005158516577491
Smp_079840	0.00357251564971863
Smp_079860	0.00271242262233922
Smp_079910	0.00216051748659044
Smp_079920	0.00194901427275176
Smp_079950	0.00412879466522454
Smp_079960	0.0354756656117046
Smp_079970	0.0300547202087567
Smp_080100	0.00263806987801494
Smp_080110	0.00259740995961241
Smp_080130	0.00263311543372314
Smp_080150	0.00486413104784193
Smp_080180	0.00170043864228361
Smp_080210	0.0134948323244515
Smp_080280	0.00296103020989228
Smp_080320	0.00721840260495216
Smp_080370	0.00964941872635508
Smp_080420	0.00570285494224735
Smp_080520	0.0022900001989563
Smp_080530	0.0022316906270849
Smp_080550	0.00325675019659825
Smp_080560	0.0614824434989955
Smp_080610	0.00306311040777098
Smp_080620	0.0056151496124154
Smp_080700	0.00179340762347518
Smp_080730	0.00734121371576559
Smp_080840	0.0185316233387487
Smp_080850	0.00240108323386258
Smp_080870	0.00305629124195841
Smp_080920	0.00180057987446307
Smp_080980	0.00336951384698806
Smp_081140	0.00289808485696333
Smp_081190	0.0137787810189558
Smp_081200	0.00856389841412579
Smp_081250	0.0204465045248648
Smp_081260	0.00898448858856856
Smp_081380	0.00175411823958094
Smp_081420	0.0305911328029569
Smp_081430	0.0156841061531861
Smp_081450	0.00578877271294648
Smp_081460	0.00114143428945481
Smp_081470	0.0127648027065054
Smp_081510	0.00230278353449584
Smp_081790	0.00902188510630085
Smp_081820	0.00190861540354262
Smp_081900	0.00862561217640453
Smp_082030	0.00188849271528045
Smp_082050	0.00158895710853141
Smp_082240	0.00555691319508272
Smp_082250	0.00453073359686792
Smp_082280	0.00170469450426284
Smp_082290	0.0318703034385647
Smp_082300	0.00554010138210015
Smp_082360	0.0137980751753734
Smp_082370	0.0120218967033277
Smp_082410	1.02084074812748
Smp_082490	0.00521165701305799
Smp_082560	0.00167665631651856
Smp_082570	0.00403629041628623
Smp_082620	0.00194971717745872
Smp_082660	0.00268954448687441
Smp_082670	0.00444367996809648
Smp_082710	0.00212612213999044
Smp_082740	0.00391969175141419
Smp_082780	0.00736634733170697
Smp_082790	0.00148329976930779
Smp_082800	0.00158822907937609
Smp_082810	0.00532493126088298
Smp_082820	0.00160020775846828
Smp_082850	0.00341792603345963
Smp_082860	0.00238280308912557
Smp_082940	0.00377179078447779
Smp_083020	0.00163027024065957
Smp_083030	0.0068235896763909
Smp_083040	0.00268667947145474
Smp_083080	0.0107408309129366
Smp_083120	0.00247104527675303
Smp_083130	0.00227266488171853
Smp_083150	0.00148001899180496
Smp_083180	0.00313611379325401
Smp_083200	0.00299676859413215
Smp_083240	0.0045343554852434
Smp_083340	0.00412353437842618
Smp_083380	0.00132378558175088
Smp_083400	0.00219593900860728
Smp_083410	0.00406166690412321
Smp_083450	0.00550090709346846
Smp_083480	0.00253481765531588
Smp_083540	0.00233449636632195
Smp_083650	0.00560151762074103
Smp_083680	0.00244470032753075
Smp_083710	0.00552262871773498
Smp_083720	0.00472884377602079
Smp_083730	0.00199839915563733
Smp_083740	0.00250596587782339
Smp_083770	0.0103125030151757
Smp_083780	0.00258811430401175
Smp_083790	0.00279245203388537
Smp_083800	0.0964341683197597
Smp_083870	0.00220101787968538
Smp_083880	0.0563197914299202
Smp_083930	0.00292331643138563
Smp_083940	0.827279357339741
Smp_083970	0.00571596917442552
Smp_083980	0.0383020207597871
Smp_083990	0.00284799046330832
Smp_084010	0.00393571639804465
Smp_084060	0.00231557206532848
Smp_084080	0.00176504058942695
Smp_084090	0.00461089872202252
Smp_084140	0.00372384320923856
Smp_084180	20
Smp_084270	0.0248059230920417
Smp_084320	0.00350516947543685
Smp_084380	0.00211591089783546
Smp_084400	0.0013367813482185
Smp_084460	0.00384467939197941
Smp_084520	0.00174091839204054
Smp_084540	0.00459798446067156
Smp_084600	0.00215637262991653
Smp_084610	0.00205803183482703
Smp_084620	0.00202452299198532
Smp_084740	0.00410015216607737
Smp_084830	0.00733166287635925
Smp_084860	0.0138460966834217
Smp_084870	0.00388830751076307
Smp_084890	0.00720664032798019
Smp_084900	0.00385240782473196
Smp_084910	0.00340376696598887
Smp_084940	0.00215041435008936
Smp_085010	0.0743976596724875
Smp_085080	0.00198718663939125
Smp_085110	0.00454444312375218
Smp_085150	0.00162168721787946
Smp_085180	0.0887316699340957
Smp_085240	0.0017609639376754
Smp_085290	0.00514465037446922
Smp_085300	0.00379377509577566
Smp_085310	0.00176848039414097
Smp_085380	0.00567459984816724
Smp_085410	0.339035707693063
Smp_085480	0.00120653602063726
Smp_085490	0.00162570444829169
Smp_085500	0.00549677726436806
Smp_085520	0.00395445324721109
Smp_085530	0.00305971136280782
Smp_085540	0.0226137631832756
Smp_085640	0.00158438352037245
Smp_085650	0.00200580570159889
Smp_085680	0.0390560404494338
Smp_085690	0.0387324067583093
Smp_085740	0.00318249441945074
Smp_085750	0.0107904551684948
Smp_085780	0.00195708283371436
Smp_085790	0.00277898786495706
Smp_085830	0.00435971109866008
Smp_085840	0.0147164266375119
Smp_085910	0.00701702167900988
Smp_086030	0.000661334064929347
Smp_086060	0.00352938042736316
Smp_086190	0.00690695723506751
Smp_086210	0.00145398163967686
Smp_086220	0.00806270887477821
Smp_086270	0.00239816716912594
Smp_086330	0.00906791928860614
Smp_086450	0.00154587197460037
Smp_086460	0.0040063423341061
Smp_086470	0.0218776406061865
Smp_086480	0.00709967046017435
Smp_086530	0.0379076294528019
Smp_086590	0.00170817508347653
Smp_086630	0.0486584816444099
Smp_086690	0.00247373255160039
Smp_086710	0.00232005392072854
Smp_086750	0.00202503532747291
Smp_086760	0.00480400888527593
Smp_086830	0.00151173938513549
Smp_086860	0.00906254959742975
Smp_086900	0.0012028688256111
Smp_086910	0.00433996699905192
Smp_086960	0.0377457812946305
Smp_087010	0.00417792147358371
Smp_087220	0.00134967947222082
Smp_087250	0.0086695575147274
Smp_087270	0.00124915131001831
Smp_087320	0.0203994014649109
Smp_087330	0.00542574740591785
Smp_087340	0.00398451731529306
Smp_087440	0.00174158613377652
Smp_087520	0.00138711831272616
Smp_087550	0.00741384455258673
Smp_087560	0.0081548135158255
Smp_087580	0.00339426014886287
Smp_087620	0.0043934012735588
Smp_087690	0.0173767252810187
Smp_087760	0.00869950265652844
Smp_087810	0.00224380961741292
Smp_087820	0.190325180629648
Smp_087860	0.00196238552879999
Smp_087870	0.00445513441330196
Smp_087920	0.00178187996128747
Smp_087930	0.00149267184585674
Smp_087940	0.00295383077976121
Smp_088090	0.0404807213048374
Smp_088240	0.0022090318981521
Smp_088250	0.00155371908778645
Smp_088270	0.00276117996124393
Smp_088310	0.00852096883874985
Smp_088360	0.132153402010903
Smp_088390	0.00224754002916558
Smp_088420	0.00331615791291295
Smp_088460	0.00265408409715316
Smp_088550	0.00437831107097662
Smp_088600	0.00359470657494956
Smp_088650	0.00148582671710776
Smp_088660	0.00159715659158992
Smp_088720	0.098876877962974
Smp_088920	0.0179332200280466
Smp_088940	0.00306074371196779
Smp_088950	0.00499670105085626
Smp_088990	0.014666786369766
Smp_089000	0.0028862271607067
Smp_089050	0.0216215443994076
Smp_089060	0.0027088568767675
Smp_089100	0.002467948802677
Smp_089180	0.00160852716761276
Smp_089200	0.0166396792949662
Smp_089220	0.0107941123845859
Smp_089230	0.00195252761626054
Smp_089240	0.00203926347177697
Smp_089290	0.00603074595907118
Smp_089320	0.00769542474829923
Smp_089400	0.00265160554677853
Smp_089430	0.0039349811501837
Smp_089460	0.00213966254242473
Smp_089570	0.00299852166326593
Smp_089590	0.00271644776270052
Smp_089630	0.00474476269712504
Smp_089640	0.000949806692750454
Smp_089650	0.00386274918197962
Smp_089670	0.0426392737219169
Smp_089700	0.00290852879011944
Smp_089860	0.0305827654187217
Smp_089870	0.00303976007029712
Smp_089880	0.00157056898926914
Smp_089930	0.000861485770655535
Smp_090010	0.0103208095221268
Smp_090030	0.00757466054328699
Smp_090070	0.00263474788181317
Smp_090080	0.0317481485220316
Smp_090100	2.03474464653389
Smp_090110	0.107551650823756
Smp_090120	0.00476420448195869
Smp_090140	0.00130365444230876
Smp_090150	0.00173406179954952
Smp_090230	0.00385971308994727
Smp_090240	0.00287883825589094
Smp_090440	0.0080116231688421
Smp_090450	0.00348169615825392
Smp_090690	0.00390667702650127
Smp_090800	0.00479456471712917
Smp_090805	0.00581933832641343
Smp_090860	0.00120423894709535
Smp_090890	0.00316147113551859
Smp_090920	0.00161374112062354
Smp_090930	0.00291997540542349
Smp_090980	0.00420285135953898
Smp_091000	0.081609228941571
Smp_091010	0.00191425241802852
Smp_091170	0.00360701445538557
Smp_091190	0.00221157442217376
Smp_091210	0.0433235119215347
Smp_091230	0.00281055443588985
Smp_091240	0.00254786519144733
Smp_091360	0.00198214942108342
Smp_091380	0.00457408158824869
Smp_091390	0.0013808909696472
Smp_091460	0.00759572353594443
Smp_091470	0.0021822134556245
Smp_091480	0.00143379649712936
Smp_091640	0.00495787115374093
Smp_091650	0.0012052236133544
Smp_091730	0.0020606925709732
Smp_091740	0.00186136625695147
Smp_091750	0.00564668820050592
Smp_091790	0.00214391493772623
Smp_091820	0.00964113329614967
Smp_091840	0.00212342312628597
Smp_091850	0.00378723107807763
Smp_091950	0.195227137602001
Smp_091990	0.00121717720521758
Smp_092020	0.0161506659850659
Smp_092150	0.0594684402264194
Smp_092170	0.0037915152965691
Smp_092180	0.00855064668541441
Smp_092280	0.00296446016712618
Smp_092320	0.00303039297160496
Smp_092380	0.00176447547279942
Smp_092490	0.00243462796034376
Smp_092500	0.00796031259552979
Smp_092530	0.00089479127792124
Smp_092570	0.00202377457062707
Smp_092580	0.0617668303628415
Smp_092750	0.00306592486416099
Smp_092770	0.00197128606771426
Smp_092780	0.00197969055225875
Smp_092810	0.0027176543663019
Smp_092850	0.00567896420027315
Smp_092880	0.00732223164619707
Smp_092930	0.00530718824593371
Smp_092950	0.00437262495522875
Smp_093070	0.222222449211518
Smp_093100	0.00307249987245497
Smp_093210	0.0126008672046664
Smp_093220	0.00492648635119991
Smp_093230	0.00256471968050692
Smp_093280	0.00205742640799041
Smp_093310	0.00223269648448971
Smp_093320	0.00542172285378615
Smp_093430	0.00324429330400937
Smp_093440	0.00330947608219316
Smp_093450	0.00534041369172307
Smp_093540	0.00340649783858432
Smp_093580	0.00429493766752761
Smp_093620	0.00889346977261863
Smp_093630	0.00201640910765036
Smp_093690	0.002924503226666
Smp_093700	0.00239585513226176
Smp_093710	0.00961739090552455
Smp_093720	0.0199199428388803
Smp_093740	0.00239800543632511
Smp_093750	0.00233294354518613
Smp_093780	0.0364424438511848
Smp_093790	0.0880701977998463
Smp_093800	0.01299996257008
Smp_093820	0.00585628352707754
Smp_093830	0.454199255792468
Smp_093840	0.00407870545806435
Smp_093850	0.00287573664220107
Smp_093920	0.00182496819927633
Smp_093930	0.00229164081805811
Smp_093950	0.00194083004648683
Smp_093980	0.0550642020100795
Smp_094020	0.00295759720243235
Smp_094050	0.0028606180822176
Smp_094060	0.00430197819569744
Smp_094140	0.00549975837799152
Smp_094190	0.00492679595423884
Smp_094250	0.124780983502546
Smp_094320	0.00339620506525235
Smp_094330	0.00316671864173818
Smp_094340	0.00249672939632734
Smp_094360	0.00145274061219531
Smp_094380	0.00277491832215714
Smp_094420	0.00133044072381692
Smp_094470	0.00353616896327803
Smp_094480	0.00387065563032153
Smp_094560	0.031254215111729
Smp_094630	0.00253664570860639
Smp_094640	0.00329891350077396
Smp_094760	0.00226477097173052
Smp_094770	0.00335234060663783
Smp_094810	0.00232478946301261
Smp_094820	0.00359083358794135
Smp_094870	0.00443409988262573
Smp_094880	0.00379917015991192
Smp_09489	0.0035102275571089
Smp_094920	0.00285738096265814
Smp_094930	0.0662456179557979
Smp_094950	0.00138316964644614
Smp_094980	1.46425787523614
Smp_095010	0.00242191994868167
Smp_095130	0.00498976850985948
Smp_095140	0.00427248407355858
Smp_095150	0.00449438591529972
Smp_095190	0.00423015511198506
Smp_095290	0.0184183062827158
Smp_095350	0.00983760044371811
Smp_095360	0.00515828613561015
Smp_095400	0.498344122889749
Smp_095410	0.00130557756353053
Smp_095470	0.00250608158640735
Smp_095480	2.56471298913305
Smp_095520	0.0157580774381781
Smp_095580	0.00424294098658979
Smp_095630	0.00667672326370447
Smp_095650	0.00641603878315805
Smp_095670	0.00171792644623634
Smp_095680	0.00447261409547459
Smp_095810	0.00552137142518486
Smp_095910	0.00134342163708721
Smp_095920	0.00488228044149691
Smp_095980	0.568571654956175
Smp_096000	0.00880617423972655
Smp_096010	0.00304506589963228
Smp_096020	0.00160722443395243
Smp_096160	0.00501756492045966
Smp_096200	0.00148092788752741
Smp_096210	0.00330009153649037
Smp_096240	0.0037226867391572
Smp_096270	0.00538715057745493
Smp_096290	0.00388154335964253
Smp_096310	0.00170518235374469
Smp_096320	0.00190824882612058
Smp_096360	0.00184447243304258
Smp_096390	0.0743554131882675
Smp_096410	0.0159433857225373
Smp_096450	0.00189288618304137
Smp_096480	0.0108947103035876
Smp_096520	0.00537056899147975
Smp_096640	0.00240800123963521
Smp_096720	0.00423262879147087
Smp_096750	0.00505140490009282
Smp_096760	0.00430381375917838
Smp_096780	0.00395718249320539
Smp_096790	0.00595661339967867
Smp_096900	0.0130403586696557
Smp_096910	0.00227641065684587
Smp_097020	0.00285662553335997
Smp_097180	0.00591057859883529
Smp_097210	0.00215561918402932
Smp_097240	0.00535332774775471
Smp_097280	0.00181718105476352
Smp_097320	0.0057108294800271
Smp_097370	0.00323199966082486
Smp_097380	0.0117167411346422
Smp_097460	0.0260785169564042
Smp_097490	0.00352341475052116
Smp_097500	0.00207544376289698
Smp_097560	0.00349190957488122
Smp_097590	0.003676111196728
Smp_097620	0.00361783110371459
Smp_097660	0.00193179251186424
Smp_097700	0.00247641404184216
Smp_097710	0.0141540511582426
Smp_097730	0.00293920724729446
Smp_097740	0.00693121278735328
Smp_097750	0.00527566219798652
Smp_097790	0.00162596181385968
Smp_097800	0.00541062248059796
Smp_097810	0.000998054719731781
Smp_097820	0.0121767207726376
Smp_097830	0.00547763904161539
Smp_097940	0.00346847015124961
Smp_098090	0.00107647171299426
Smp_098300	0.0129536273642389
Smp_098320	0.00378469324724202
Smp_098330	0.00187902375520111
Smp_098340	0.0413073374992295
Smp_098450	0.00710222857067055
Smp_098550	0.00402252592378182
Smp_098560	0.00284040665585507
Smp_098650	0.00761405957015839
Smp_098740	0.00199971554223831
Smp_098760	0.00225183937355418
Smp_098840	0.00163382640774095
Smp_098850	0.00448929498556317
Smp_098890	0.00731405584693566
Smp_098920	0.00102957022666236
Smp_098950	0.0026664229662769
Smp_098960	0.00462923336053463
Smp_098980	0.0116077029895791
Smp_099030	0.00132677756749504
Smp_099090	0.0298130559999724
Smp_099150	0.00632534351591447
Smp_099160	0.00179556635590417
Smp_099170	0.0031966935027925
Smp_099210	0.0112962881458435
Smp_099240	0.00282929164677772
Smp_099300	0.00535826531265874
Smp_099310	0.000948270107446093
Smp_099320	0.00240659526241188
Smp_099420	0.00720637628112978
Smp_099440	0.0258277290875116
Smp_099570	0.00188656254872368
Smp_099630	0.00352423721960772
Smp_099670	0.0221534880569221
Smp_099690	0.00209389954166352
Smp_099770	0.0155415554268988
Smp_099850	0.00782355534749749
Smp_099890	0.00235585273418547
Smp_099930	0.00268068610172483
Smp_100030	0.0113199241914856
Smp_100040	0.00302666982074326
Smp_100070	0.00229942218289791
Smp_100080	0.00555544663871744
Smp_100090	0.00376241637858531
Smp_100110	0.00318040673187738
Smp_100120	0.0035998622011505
Smp_100130	0.00341074192327222
Smp_100140	0.00377601259411057
Smp_100350	0.00695331471008115
Smp_100380	0.00498538767390056
Smp_101230	0.00606353955218244
Smp_101290	0.00403085538464006
Smp_101310	0.00423886754464033
Smp_101370	0.00273208313285927
Smp_101820	0.00682133906298082
Smp_101840	0.180826933045757
Smp_101970	0.00671903920208766
Smp_102020	0.0866109974770312
Smp_102040	0.00555471093221469
Smp_102160	0.00456627417828193
Smp_102240	0.00371897782609046
Smp_102280	0.00329145239479149
Smp_102340	0.00237314546511471
Smp_102390	0.0635678450882857
Smp_102400	0.0937644934856879
Smp_102410	0.00360590513280063
Smp_102430	0.0208400763784489
Smp_102450	0.00267353832105298
Smp_102480	0.0015870204231033
Smp_102490	0.00254860643156279
Smp_102510	0.00260574417580683
Smp_102690	0.00175858047671757
Smp_102780	0.0210472876470793
Smp_102810	0.00205803836971433
Smp_102820	0.0029749167596249
Smp_102840	0.00414869173564865
Smp_102920	0.00668259244618895
Smp_102960	0.00367047406316329
Smp_103010	0.00288384279427458
Smp_103090	0.00286325113894562
Smp_103100	0.00280625936599595
Smp_103140	0.00376761395152016
Smp_103160	0.00125015126519701
Smp_103200	0.00322250389120369
Smp_103280	0.00484670541797144
Smp_103320	0.00231684222715431
Smp_103330	0.0220036791211038
Smp_103340	0.00222310249554022
Smp_103380	0.00325486124579209
Smp_103460	0.00230134089097949
Smp_103470	0.00207148625022641
Smp_103530	0.00233618113864395
Smp_103540	0.00430489661416792
Smp_103560	0.00399089730343041
Smp_103570	0.00321325622117909
Smp_103610	0.0776540601011087
Smp_103710	0.00230738425328134
Smp_103740	0.00147402987315144
Smp_103790	0.0113311411950248
Smp_103810	0.00273120504274892
Smp_103830	0.00355513272361171
Smp_103920	0.00573846813739059
Smp_103930	0.00116444932464844
Smp_103950	0.00336611987348145
Smp_103990	0.00235134209212436
Smp_104000	0.00593810386565074
Smp_104030	0.001425429352405
Smp_104110	0.00363896074382336
Smp_104120	0.00764684519245518
Smp_104210	0.027380698785206
Smp_104270	0.0511302299251221
Smp_104310	0.0211209427928365
Smp_104330	0.00360599764872896
Smp_104370	0.00816208611021791
Smp_104450	0.0119649732667656
Smp_104470	0.00134312132678658
Smp_104500	0.00198032005789575
Smp_104520	0.00244892480657399
Smp_104580	0.0034756293448524
Smp_104600	0.00157709216058345
Smp_104630	0.00326990462780918
Smp_104660	0.00375122323325929
Smp_104670	0.00200377374537897
Smp_104680	0.00200898370404341
Smp_104710	0.00319714333100149
Smp_104720	0.0017225331411253
Smp_104730	0.00433442103668767
Smp_104790	0.00399153601638118
Smp_104860	0.0038443349282633
Smp_104870	0.00305127359114701
Smp_104890	0.0289453676233853
Smp_104960	0.00260356195360009
Smp_104970	0.0176054888527217
Smp_104980	0.0100545656637955
Smp_105020	0.00931860615688055
Smp_105040	0.00533433459574951
Smp_105090	0.00524250761961054
Smp_105100	0.00192019217481031
Smp_105180	0.00284041730164885
Smp_105200	0.0031872555222898
Smp_105210	0.00242917375764216
Smp_105220	0.0102648212469561
Smp_105320	0.00727386314138907
Smp_105330	0.00255285076341907
Smp_105340	0.0164425392903146
Smp_105360	0.0118808929178369
Smp_105370	0.0426523260362542
Smp_105410	0.0147375829420139
Smp_105420	0.0578981585317576
Smp_105450	0.0676559092829793
Smp_105480	0.00254953759071394
Smp_105540	0.00280601003080115
Smp_105680	0.00313132763719641
Smp_105690	0.00206326186251237
Smp_105700	0.00217094054014497
Smp_105710	0.00225966232913484
Smp_105730	0.0302675149763284
Smp_105780	0.0691056798093261
Smp_105860	0.00396070885542228
Smp_105910	0.00243204940641967
Smp_105930	0.00446665679625695
Smp_105950	0.0032143344421181
Smp_105960	0.00253482156508064
Smp_105970	0.00301141216475875
Smp_106010	0.00704210816965187
Smp_106050	0.00289263353149673
Smp_106060	0.00389277808742673
Smp_106080	0.00167666932676961
Smp_106110	0.0200565111282408
Smp_106130	0.00350396419050416
Smp_106390	0.00490901453652784
Smp_106750	1.1117957080869
Smp_106970	0.0272783373074074
Smp_107200	0.00218639561444423
Smp_107590	6.78735405566026
Smp_108390	0.00854796473528601
Smp_109240	0.0740953065064627
Smp_110280	0.00823329910937371
Smp_111340	0.0920217481218194
Smp_111980	0.00615246976426795
Smp_112450	0.585525931024348
Smp_112480	0.0178866631396921
Smp_112930	0.380163783724087
Smp_113620	0.00989428214476045
Smp_113630	0.00364580742020026
Smp_113740	0.00174526325494941
Smp_114160	0.00280628597907871
Smp_114430	0.0855822059629196
Smp_114435	0.0362987692966662
Smp_114565	0.0192974447980812
Smp_114660	0.0107150539775456
Smp_114870	0.373397622907925
Smp_115290	0.0042764392122502
Smp_115340	0.00610850440539178
Smp_115450	0.0017229091535922
Smp_116360	0.00269872639675323
Smp_117340	0.305195025855741
Smp_117390	0.00853257295172172
Smp_118040	0.0189965615091453
Smp_118220	0.0016393775902683
Smp_118710	2.08230689065315
Smp_118750	0.00487151501344719
Smp_118780	0.00273143337909074
Smp_118830	0.00399764245258943
Smp_119110	0.00704182539750923
Smp_119310	0.00236018218817234
Smp_119920	0.00359363878083795
Smp_119980	0.000923831022747308
Smp_120020	0.266992639366775
Smp_120070	0.0497585116638611
Smp_120080	0.00168038770036472
Smp_120320	0.00193934773181056
Smp_120350	0.00171694656895739
Smp_120360	0.00144407450624499
Smp_120380	0.00554132766107837
Smp_120640	0.00277318759615282
Smp_120700	0.00406531852452096
Smp_120920	0.00323645831700309
Smp_120960	0.138699122325467
Smp_121130	0.00425711177120942
Smp_121140	0.00586741961682612
Smp_121160	0.00367572362598221
Smp_121190	0.0118719671805817
Smp_121230	0.0977348745043594
Smp_121320	0.00774141144197921
Smp_121390	0.0125940519318637
Smp_121420	0.00218006999265949
Smp_121430	0.00358674139618708
Smp_121460	0.00546738975640377
Smp_121580	0.0125807846315038
Smp_121600	0.00515362402426608
Smp_121610	0.00158044225253024
Smp_121640	0.0021970348320801
Smp_121660	0.00241534167144982
Smp_121780	0.0105697824051917
Smp_121790	0.0013529966923603
Smp_121800	0.00183050145274728
Smp_121810	0.00391795491612698
Smp_121920	0.012958748863936
Smp_121930	0.0754867924840576
Smp_121940	0.00708776286420643
Smp_121950	0.0101640549499818
Smp_121990	0.00276505562349392
Smp_122020	0.0326932900589075
Smp_122030	0.0026668028501664
Smp_122050	0.00476253610458284
Smp_122170	0.0862432391649642
Smp_122280	0.036293265507031
Smp_122340	0.00224686656889913
Smp_122370	0.00371710891861956
Smp_122490	0.00354802070115378
Smp_122500	0.0166000208487508
Smp_122630	0.0132914917760958
Smp_122680	0.00501625233157332
Smp_122730	0.00651171221831098
Smp_122780	0.00551859646012945
Smp_122790	0.00286791819313218
Smp_122800	0.00336588065342866
Smp_122810	0.00923016111568053
Smp_122820	0.0360758063911006
Smp_122840	0.00378417214982475
Smp_122890	0.00189479396677459
Smp_122900	0.00482901163539612
Smp_122910	0.00299380926884722
Smp_122920	0.00288678973417042
Smp_122930	0.00513528064958221
Smp_122940	0.00636528414055098
Smp_122950	0.00629782194803332
Smp_122960	0.00216174886818428
Smp_122980	0.00631060741611848
Smp_123000	0.00405265212585237
Smp_123010	0.00729790279123529
Smp_123020	0.00694463768009325
Smp_123030	0.00584701957235934
Smp_123040	0.00158723473102875
Smp_123050	0.0228432381610071
Smp_123060	0.00253181389226373
Smp_123070	0.00556964242918956
Smp_123100	0.0103234601438277
Smp_123120	0.0185939786960535
Smp_123130	0.00293110856322293
Smp_123165	0.00202835651283693
Smp_123180	0.00324330216147972
Smp_123190	0.0132847268172305
Smp_123200	0.00979298923451619
Smp_123210	0.00267309271424186
Smp_123220	0.0143851563931878
Smp_123230	0.00941207712672303
Smp_123240	0.0145002022144151
Smp_123260	0.0198431435867894
Smp_123270	0.0027460510342277
Smp_123280	0.00863480592826855
Smp_123290	0.00388642564651853
Smp_123300	0.0248561735727512
Smp_123320	0.00555686353532848
Smp_123330	0.0019597495207806
Smp_123340	0.00225890116601559
Smp_123360	0.00921289804976017
Smp_123370	0.0290865945248352
Smp_123390	0.00385425344129642
Smp_123410	0.00344410936400759
Smp_123440	0.00328597534346315
Smp_123450	0.000909773571710398
Smp_123470	0.0638703364425081
Smp_123480	0.00467438167292286
Smp_123490	0.00237077174412739
Smp_123500	0.00521885512776835
Smp_123510	0.00141881019211693
Smp_123520	0.00499309473687768
Smp_123530	0.00191330486713724
Smp_123540	0.0215114985713983
Smp_123550	0.0251436210262555
Smp_123570	0.00197095201393189
Smp_123590	0.00884303398089945
Smp_123600	0.00274552784930341
Smp_123610	0.00277073797172211
Smp_123620	0.00174760264527506
Smp_123630	0.00330560084670218
Smp_123640	0.00140409266639292
Smp_123670	0.00416339292090048
Smp_123690	0.00404961095208647
Smp_123710	0.00902847267608512
Smp_123720	0.0123640429197017
Smp_123810	0.0445616906749587
Smp_123820	0.0266830755942511
Smp_123830	0.015461651947141
Smp_123840	0.0175997534018498
Smp_123860	0.0178365092877383
Smp_123870	0.00381351120334863
Smp_123910	0.0126655538260284
Smp_123920	0.111083790790555
Smp_123940	0.00405702006002736
Smp_124000	0.0109045462157691
Smp_124010	0.018435094316448
Smp_124020	0.00280421650886201
Smp_124030	0.00349239797700964
Smp_124050	0.0122896658891812
Smp_124060	0.055367294782567
Smp_124070	0.0133281485049841
Smp_124080	0.0395647867848064
Smp_124100	0.00651905923502857
Smp_124110	0.00177876661730863
Smp_124120	0.0110427812595252
Smp_124130	0.00757658321128594
Smp_124160	0.00308021343077089
Smp_124210	0.0220637453301738
Smp_124230	0.0121398046500844
Smp_124240	0.00703194730089861
Smp_124280	0.0196657014087716
Smp_124290	0.00318896104066539
Smp_124300	0.00825197796759805
Smp_124320	0.00225814860783165
Smp_124340	0.0742485951735577
Smp_124350	0.0105724709835661
Smp_124380	0.0654781666940438
Smp_124390	0.00510365707425898
Smp_124430	0.00126700078052761
Smp_124440	0.00189512705485251
Smp_124450	0.00571483384034437
Smp_124460	0.00343691475730963
Smp_124470	0.0449425463330088
Smp_124490	0.00856519953216824
Smp_124510	0.024231566736147
Smp_124520	0.00515853742290769
Smp_124590	0.0178134079291396
Smp_124600	0.00753513571652541
Smp_124650	0.00634608232898882
Smp_124660	0.00592729047148639
Smp_124700	0.0038526717567669
Smp_124710	0.0251093858426313
Smp_124720	0.0209901496470978
Smp_124740	0.0403655758744403
Smp_124750	0.039294125334867
Smp_124760	0.0113060345366522
Smp_124770	0.0163207623631269
Smp_124820	0.00353940794717736
Smp_124840	0.00239434207617421
Smp_124850	0.00158094861758673
Smp_124860	0.00356198092760581
Smp_124890	0.133003332775806
Smp_124920	0.00392749815971914
Smp_124940	0.00447811849326827
Smp_124980	0.00843799775426759
Smp_125020	0.0283084785640298
Smp_125040	0.00233094115331031
Smp_125050	0.00247730155771515
Smp_125070	0.00898268611799437
Smp_125080	0.0110347132455151
Smp_125130	0.00446108811849986
Smp_125150	0.253170639342482
Smp_125160	0.00744450453097693
Smp_125200	0.0107353363734468
Smp_125210	0.0129780896629264
Smp_125250	0.0408849939877624
Smp_125260	0.0117547556758391
Smp_125270	0.0126112092636123
Smp_125280	0.00655744710461682
Smp_125290	0.0115999016050732
Smp_125300	0.0109565230190365
Smp_125320	0.0122519692138351
Smp_125340	0.0022405874423803
Smp_125350	0.00963454246694448
Smp_125360	0.0014538704179994
Smp_125370	0.0078398835075203
Smp_125400	0.162603690995271
Smp_125420	0.0115868248239163
Smp_125440	0.027822746327234
Smp_125450	0.144380951318538
Smp_125460	0.0030280826897169
Smp_125480	0.00467144854421548
Smp_125490	0.0243134731375353
Smp_125500	0.00297581080175743
Smp_125510	0.0150765270433302
Smp_125520	0.00403314132293499
Smp_125550	0.00181053888711252
Smp_125560	0.0438589446469422
Smp_125600	0.0456698716099274
Smp_125630	0.00780376528720027
Smp_125640	0.00263887485169379
Smp_125650	0.00403316486986225
Smp_125660	0.00203881003127629
Smp_125670	0.00204111554834496
Smp_125730	0.00397331935801333
Smp_125740	0.00376373518865484
Smp_125760	0.0095258264182778
Smp_125770	0.00265795804166004
Smp_125780	0.00511240497766803
Smp_125790	0.0010338536459927
Smp_125800	0.0020311051534848
Smp_125810	0.00580898440942846
Smp_125820	0.013423152307219
Smp_125870	0.00316071869022684
Smp_125890	0.0201513624348664
Smp_125900	0.00149623469169326
Smp_125930	0.0101737177659209
Smp_125940	0.0136210026871137
Smp_125960	0.00263451168142554
Smp_125980	0.00426220310721204
Smp_126000	0.0193953970840541
Smp_126020	0.00292254596814409
Smp_126030	0.00187803046830236
Smp_126050	0.00836719949982921
Smp_126070	0.0624831199534732
Smp_126080	0.00150460565139231
Smp_126110	0.00133855339376596
Smp_126140	0.00443597170166753
Smp_126170	0.00367264751139395
Smp_126200	0.00323727615900932
Smp_126210	0.0273157384102882
Smp_126220	0.0521248022897445
Smp_126230	0.0453698604618709
Smp_126240	0.0199970335148224
Smp_126260	0.00798623746066144
Smp_126290	0.0201933310520385
Smp_126300	0.00256917257703257
Smp_126310	0.00468570122801277
Smp_126360	0.0207452847542654
Smp_126370	0.00323086094872832
Smp_126420	0.0202734347380385
Smp_126450	0.00288411028084055
Smp_126460	0.00162517596444932
Smp_126470	0.0168188257150896
Smp_126480	0.00913829774294803
Smp_126490	0.00288318490780724
Smp_126520	0.00127728927591372
Smp_126530	0.0124961710524405
Smp_126540	0.00901872866592343
Smp_126560	0.2183535283676
Smp_126580	0.0880183271530351
Smp_126620	0.00688421104361779
Smp_126640	0.0104370675595987
Smp_126670	0.00303785597780006
Smp_126680	0.0241790640060872
Smp_126690	0.00202006226603267
Smp_126720	0.00138914491334527
Smp_126730	0.00749026524313528
Smp_126740	0.00258020119522206
Smp_126750	0.00647251433182841
Smp_126760	0.0172634027344991
Smp_126770	0.00149318885622525
Smp_126800	0.00235629268856223
Smp_126820	0.00934895877350075
Smp_126840	0.00467847167618983
Smp_126850	0.0041034856172817
Smp_126860	0.00270852491055517
Smp_126910	0.00666121280056178
Smp_126920	0.00177448029725362
Smp_126970	0.0125189104927557
Smp_126990	0.00459735746243763
Smp_127010	0.00294378022148222
Smp_127030	0.00762784631960055
Smp_127050	0.00770215787285916
Smp_127060	0.0396970160425076
Smp_127080	0.00430430966760431
Smp_127110	0.00179496679338533
Smp_127120	0.00645446002118391
Smp_127130	2.24516696425522
Smp_127140	0.00643621553786115
Smp_127160	0.0100505871215442
Smp_127180	0.00415486381636736
Smp_127190	0.00531559830896435
Smp_127200	0.00406620332441265
Smp_127220	0.0200223981444118
Smp_127240	0.155033262550241
Smp_127270	0.0142871529888024
Smp_127280	0.0113810837795141
Smp_127310	0.00835705780174962
Smp_127360	0.00955625331535566
Smp_127370	0.0568670073713987
Smp_127380	0.0021208221086796
Smp_127430	0.0177730315809115
Smp_127440	0.0021382975703309
Smp_127450	0.0082863425141474
Smp_127460	0.019783209389625
Smp_127470	0.00955842535714505
Smp_127480	0.00720356237863207
Smp_127490	0.00301044246898042
Smp_127500	0.00795377307888372
Smp_127520	0.0018131343421254
Smp_127580	0.00654193567880393
Smp_127600	0.00182197213323737
Smp_127620	0.00821512801158743
Smp_127640	0.0100154314150466
Smp_127650	0.00607090737993318
Smp_127660	0.00159052358720399
Smp_127670	0.013725344700362
Smp_127680	0.00478288155129575
Smp_127690	0.00707240138462637
Smp_127700	0.00575241371955097
Smp_127710	0.00334506207280511
Smp_127740	0.0164011717910364
Smp_127750	0.00900992572338472
Smp_127770	0.0240013004959726
Smp_127810	0.00847826416213905
Smp_127820	0.00604679515644407
Smp_127830	0.00685563710404416
Smp_127840	0.00329092423229007
Smp_127860	0.0170210217831101
Smp_127870	0.00330682242097018
Smp_127890	0.00415319739746872
Smp_127920	0.00574245701211335
Smp_127930	0.00361494750409813
Smp_127940	0.00493070799367018
Smp_127990	0.0801083459637171
Smp_128000	0.00493503347885809
Smp_128010	0.0334628961397819
Smp_128050	0.00298315204885003
Smp_128060	0.00683259148543616
Smp_128070	0.0169250255801799
Smp_128110	0.0127763931630852
Smp_128120	0.0023972041559925
Smp_128130	0.00234447524302192
Smp_128150	0.00153614218445178
Smp_128160	0.0228834731213312
Smp_128170	0.00273106366825972
Smp_128190	0.0239001521645809
Smp_128200	0.0111092256514505
Smp_128210	0.00669314790006511
Smp_128220	0.00528201177795894
Smp_128230	0.00183235150825325
Smp_128280	0.00114302490046702
Smp_128330	0.0254270814261569
Smp_128340	0.721223244675082
Smp_128350	0.0225601526778592
Smp_128360	0.00702780685549947
Smp_128370	0.00394849853321792
Smp_128420	0.00328329957254542
Smp_128430	0.02291693123873
Smp_128440	0.0030798014659137
Smp_128480	0.00511410204182439
Smp_128510	0.0427173851235163
Smp_128520	0.0344547672756708
Smp_128530	0.0110552511451399
Smp_128560	1.87868652516567
Smp_128570	0.00715258047483038
Smp_128600	0.00137119981816288
Smp_128610	0.00440692668604398
Smp_128630	0.00319104951400229
Smp_128650	0.00254611240299653
Smp_128660	0.00518833141892995
Smp_128680	0.00172183617358155
Smp_128690	0.00739164296584313
Smp_128710	0.032147853834849
Smp_128750	0.0104653831873844
Smp_128760	0.0151496219928411
Smp_128770	0.00103623321714806
Smp_128790	0.00411503664072213
Smp_128810	0.00332116810598819
Smp_128840	0.00446646137569339
Smp_128860	0.00236361445142349
Smp_128870	0.0138130004303233
Smp_128890	0.00170922135821358
Smp_128910	0.535056153275147
Smp_128920	0.0182315367131374
Smp_128940	0.087295408115887
Smp_128950	0.0034295482719068
Smp_128960	0.001915261009937
Smp_128990	0.00646248485931022
Smp_129000	0.0130706588737056
Smp_129010	0.0103744441768428
Smp_129020	0.00669999358977073
Smp_129050	0.00385836451172211
Smp_129060	0.00340868818824283
Smp_129070	0.0033123577671975
Smp_129080	0.00738285939131453
Smp_129090	0.040747869517903
Smp_129100	0.0141709613929768
Smp_129110	0.00295931813097092
Smp_129120	0.0110450106593133
Smp_129130	0.00685084247957119
Smp_129210	0.00491912109033066
Smp_129230	0.0045388040811327
Smp_129240	0.00301403540369159
Smp_129250	0.0388507377941186
Smp_129260	0.00323986028752595
Smp_129310	0.0179474479480313
Smp_129320	0.00376223983755382
Smp_129340	0.00105184280143491
Smp_129360	0.00293727922438342
Smp_129380	0.00274797601748177
Smp_129410	0.00830629854918816
Smp_129420	0.00427037314251607
Smp_129430	0.00390877177813982
Smp_129450	0.00548303958880043
Smp_129500	0.00309503010316846
Smp_129510	0.0248870889623453
Smp_129520	0.00133437636805558
Smp_129550	0.00314658164381941
Smp_129560	0.00232113642544495
Smp_129580	0.00722404483844664
Smp_129590	0.00531447332204008
Smp_129610	0.0185633214136581
Smp_129630	0.00416571682697393
Smp_129640	0.00928139305699067
Smp_129650	0.0024950257537522
Smp_129670	0.00187616582179566
Smp_129700	0.472522545709709
Smp_129710	0.0112486469800101
Smp_129720	0.00306306948681234
Smp_129760	0.00218508923740098
Smp_129770	0.00242056409993066
Smp_129810	0.018702367332512
Smp_129820	0.00122737233652474
Smp_129830	0.0066742659319355
Smp_129840	0.00719776158683634
Smp_129870	0.0070183759987272
Smp_129900	0.0024206028327944
Smp_129920	0.0284770278029381
Smp_129950	0.0130337527802399
Smp_129960	0.00919771562443311
Smp_129970	0.0157886436395693
Smp_129980	0.00784342504342126
Smp_129990	0.00253052546087042
Smp_130000	0.00445312690784257
Smp_130020	0.0140164686551409
Smp_130030	0.000792794647165381
Smp_130050	0.0182744424743822
Smp_130070	0.00721173040852031
Smp_130080	0.00685714181591141
Smp_130100	0.0427796653802421
Smp_130110	0.00686341136444237
Smp_130160	0.00701998610323384
Smp_130170	0.00206439124598334
Smp_130180	0.00230751753685893
Smp_130200	0.0117240324037168
Smp_130220	0.00319206804155917
Smp_130230	0.00167409990031751
Smp_130250	0.0238203458794195
Smp_130260	0.0133272891167886
Smp_130270	0.00554802553299623
Smp_130280	0.0115499884959705
Smp_130300	0.00421383119817894
Smp_130330	0.0077138832988089
Smp_130340	0.00346406531752689
Smp_130370	0.0473539428455774
Smp_130410	0.00304185555133617
Smp_130430	0.00251125008157995
Smp_130440	0.00218697752186224
Smp_130450	0.0245016963192717
Smp_130460	0.0023964549737763
Smp_130470	0.00447343294873791
Smp_130480	0.00179318920424321
Smp_130490	0.0028415795207985
Smp_130500	0.0192902789814282
Smp_130520	0.00153515592797215
Smp_130540	0.00439209802132779
Smp_130580	0.00556421624109159
Smp_130590	0.00437422808872515
Smp_130600	0.00238568471262472
Smp_130610	0.00292315135257529
Smp_130620	0.00348068799020119
Smp_130630	0.00247401816685363
Smp_130660	0.0183057287195095
Smp_130680	0.00163595603692515
Smp_130690	0.00276815675866669
Smp_130730	0.0325040192312352
Smp_130750	0.00216744225896626
Smp_130760	0.0130030359418458
Smp_130780	0.137641228881137
Smp_130790	0.00137540190951458
Smp_130800	0.0102653305341987
Smp_130810	0.0244322400736796
Smp_130840	0.00534911004771833
Smp_130850	0.00354154413817748
Smp_130890	0.0107458503440925
Smp_130900	0.00279088782909826
Smp_130910	0.00241073832089494
Smp_130940	0.00317602848988782
Smp_130950	0.0054930607118643
Smp_130960	0.0156627850722144
Smp_130980	0.00309835819987001
Smp_131000	0.0047613243064419
Smp_131020	0.0092473997641811
Smp_131030	0.00359314506919222
Smp_131050	0.0103003838332811
Smp_131060	0.0183643780811348
Smp_131070	0.00176220738781625
Smp_131080	0.0069772625538961
Smp_131100	0.0141409922072156
Smp_131150	0.00309979767123172
Smp_131160	0.00810135381370752
Smp_131170	1.39734997670393
Smp_131220	0.0029150189182764
Smp_131230	0.0180109561372063
Smp_131250	0.00180750797958495
Smp_131290	0.00963201688219017
Smp_131320	0.00772895488400768
Smp_131350	0.00574852468408464
Smp_131360	0.00197930235525613
Smp_131370	0.193043284906583
Smp_131380	0.0202621451287815
Smp_131390	0.00364301578314928
Smp_131400	0.00170612688732307
Smp_131410	0.0682211824260254
Smp_131460	0.00537519176512185
Smp_131470	0.0241715707241793
Smp_131490	0.0264844156343879
Smp_131580	0.00396554639606401
Smp_131600	0.0241100677509814
Smp_131620	0.0331614695891988
Smp_131630	0.0136380437041369
Smp_131640	0.0169883853539872
Smp_131650	0.00421808691483504
Smp_131660	0.00279487393523604
Smp_131680	0.002445001474687
Smp_131690	0.00389427038709518
Smp_131700	0.00193270001218517
Smp_131770	0.00257637919037075
Smp_131790	0.00629655495340475
Smp_131800	0.0012678828307103
Smp_131810	0.00303845093276149
Smp_131840	0.0129479708881987
Smp_131870	0.0027647092766819
Smp_131890	0.00853041074417936
Smp_131940	0.0106168221388316
Smp_131950	0.0012895545522745
Smp_131970	0.00161506589709449
Smp_131980	0.0179931602164547
Smp_131990	0.00454397536907641
Smp_132000	0.00743415280945373
Smp_132010	0.0280379922414248
Smp_132020	0.00299376881693823
Smp_132030	0.00409889394111197
Smp_132050	0.00239824036336238
Smp_132060	0.205550550844986
Smp_132080	0.00846436082861403
Smp_132090	0.0015501167330107
Smp_132120	0.00156156999468747
Smp_132170	0.00212357268213458
Smp_132180	0.0022893748301119
Smp_132200	0.00456688743506717
Smp_132210	0.0100447607201831
Smp_132230	0.0248701195159582
Smp_132240	0.00221248945076858
Smp_132250	0.022725003100809
Smp_132260	0.00316264233815304
Smp_132270	0.006174941094977
Smp_132280	0.00877367187753782
Smp_132300	0.00579210474242944
Smp_132320	0.012506760165201
Smp_132330	0.00336922487096224
Smp_132350	0.00418581679082454
Smp_132410	0.0114363518725832
Smp_132450	0.00206704887125259
Smp_132470	0.070198703561181
Smp_132480	0.022672656492552
Smp_132540	0.0174553628213982
Smp_132550	0.0232377700817648
Smp_132590	0.00154954069217724
Smp_132610	0.00616507624024365
Smp_132620	0.00150627293159861
Smp_132640	0.0037890892161341
Smp_132660	0.0150782754907251
Smp_132670	0.0071025924258838
Smp_132690	0.00223111962135249
Smp_132700	0.015381398987447
Smp_132730	0.0131696228133243
Smp_132740	0.013100798175762
Smp_132750	0.0294553173079414
Smp_132790	2.76948818308165
Smp_132800	0.12975078375484
Smp_132810	0.066431351839936
Smp_132830	0.0376780979429824
Smp_132850	0.00270539960916719
Smp_132870	0.00161109607843922
Smp_132900	0.00386873292230933
Smp_132930	0.00290286837200068
Smp_132940	0.00129098796833554
Smp_132990	1.12092708868911
Smp_133020	0.004919466098787
Smp_133030	0.0227158571293872
Smp_133050	0.00173989111295017
Smp_133080	0.0988090315469875
Smp_133090	0.0300465379023251
Smp_133110	0.00187244903666132
Smp_133120	0.00510050430775325
Smp_133150	0.00375128721242348
Smp_133170	0.00755451897953283
Smp_133210	0.0699004515822704
Smp_133250	0.00638921633243049
Smp_133260	0.0544443817030547
Smp_133270	0.0034283905412604
Smp_133280	0.00198152236127863
Smp_133300	0.0051322895028802
Smp_133310	0.00221663458082598
Smp_133330	0.00764436996499244
Smp_133340	0.00368285027928113
Smp_133350	0.00674816922762747
Smp_133370	0.0101951949881239
Smp_133380	0.00594614051533003
Smp_133400	0.143048024266627
Smp_133420	0.00380968606524914
Smp_133450	0.00605956287649701
Smp_133470	0.00163337100136697
Smp_133490	0.015680356342515
Smp_133530	0.00286281031601442
Smp_133580	0.00536493104598339
Smp_133590	0.00222311584888792
Smp_133600	0.0046728906761702
Smp_133620	0.00444633592418621
Smp_133660	0.0532795691675836
Smp_133690	0.0115788052012046
Smp_133700	0.00466166529054883
Smp_133710	0.0026849816354739
Smp_133720	1.35501257079894
Smp_133740	0.00248546147949437
Smp_133770	0.120784909451664
Smp_133790	0.00359827283631172
Smp_133800	0.0121856347322139
Smp_133820	0.00165865304809595
Smp_133830	0.024800838795478
Smp_133850	0.00185820896239608
Smp_133860	0.00286052019259636
Smp_133890	0.105141803104021
Smp_133900	0.045846635430272
Smp_133940	0.00292378286454527
Smp_133950	0.0534107740304927
Smp_133990	0.0101115534605743
Smp_134010	0.00221312714275871
Smp_134020	0.00344097712541002
Smp_134040	0.0172259745871338
Smp_134050	0.00983363754333851
Smp_134060	0.00233202251589552
Smp_134080	0.0143558100630573
Smp_134090	0.00696395180420874
Smp_134100	0.0762155260494239
Smp_134140	0.00748750592301202
Smp_134160	0.0157138844785001
Smp_134230	0.00239763499242021
Smp_134250	0.0163003055887604
Smp_134260	0.00960492215153125
Smp_134290	0.00243247856610054
Smp_134300	0.00291088460089803
Smp_134350	0.121068122274473
Smp_134360	0.00220821643196247
Smp_134370	0.0021109453385571
Smp_134390	0.0381025021479674
Smp_134410	0.00416756127356738
Smp_134440	0.00460426733130224
Smp_134450	0.00567618589918395
Smp_134460	0.625408721162489
Smp_134470	0.00641976810596578
Smp_134480	0.00357470186883984
Smp_134490	0.173215908059349
Smp_134500	0.036672167517838
Smp_134510	0.00547817001015983
Smp_134530	0.00392925118795054
Smp_134540	0.0109651356928252
Smp_134550	0.0160926400074586
Smp_134580	0.00595430412359313
Smp_134600	0.0125482341767289
Smp_134640	0.00433277478956138
Smp_134660	0.00315316917233262
Smp_134670	0.00462896253999998
Smp_134690	0.197239990173358
Smp_134720	0.00291949477400219
Smp_134790	0.00595364983804012
Smp_134800	0.0235205498345641
Smp_134820	0.0314580696893587
Smp_134860	0.00318504317994486
Smp_134870	0.0829989404208361
Smp_134880	0.00537351411289719
Smp_134910	0.00355067338550378
Smp_134930	0.314538736365859
Smp_134940	0.00286240126909309
Smp_134950	0.00242659354269214
Smp_134960	0.0313947679430127
Smp_134980	0.00767498182170507
Smp_135010	0.00533492834057902
Smp_135020	0.00755854323523879
Smp_135030	0.245117476567592
Smp_135040	0.0348023502457239
Smp_135080	0.00100353382963893
Smp_135100	0.00428379792157037
Smp_135120	0.00535266527505122
Smp_135130	0.00504909541791799
Smp_135140	0.00853372355249187
Smp_135145	0.0106916446035801
Smp_135160	0.011067691358694
Smp_135170	0.00598988629373639
Smp_135200	0.408643637374772
Smp_135210	0.00769002378612509
Smp_135230	0.0358173674510064
Smp_135240	0.00544118500207669
Smp_135250	0.0297116072807828
Smp_135270	0.00576502336406492
Smp_135280	0.00291509502342118
Smp_135300	0.00849490392906733
Smp_135350	0.0137696119790511
Smp_135380	0.0121201403475732
Smp_135390	0.0219000228766476
Smp_135460	0.00706042041438645
Smp_135470	0.0246517339542199
Smp_135480	0.00582348515399366
Smp_135490	0.00648830516025034
Smp_135500	0.00531779444788459
Smp_135510	0.00236119587721119
Smp_135540	0.00643151077722623
Smp_135550	0.00783474245081843
Smp_135560	0.0288564424043628
Smp_135570	0.00647264559837488
Smp_135710	0.00196741955375272
Smp_135740	0.0030792466961893
Smp_135770	0.00274799672472114
Smp_135790	0.00161380560190447
Smp_135820	0.0158916834931789
Smp_135830	0.00258684803608236
Smp_135840	0.00477637438465569
Smp_135860	0.00267877467281045
Smp_135870	0.00689868457953581
Smp_135880	0.00347364074825862
Smp_135890	0.0158348293075588
Smp_135900	0.00773237544759654
Smp_135910	0.00320965382482106
Smp_135920	0.00537904446797781
Smp_135930	0.00444136468817601
Smp_135940	0.00424478001658398
Smp_135960	0.00242741929766063
Smp_135970	0.0110160651294935
Smp_135980	0.00671206885870582
Smp_135990	0.0169591245001488
Smp_136010	0.00242732304378173
Smp_136030	0.0130592352874992
Smp_136040	0.00263392581039532
Smp_136050	0.0618082224557242
Smp_136070	0.00886460625306308
Smp_136090	0.00441535688694862
Smp_136110	0.0246051646552023
Smp_136130	0.0232033143781693
Smp_136150	0.011788776630821
Smp_136160	0.00876706908158235
Smp_136180	0.00136673529602559
Smp_136190	0.00566652124150373
Smp_136200	0.0142186268669003
Smp_136210	0.00742360751406814
Smp_136240	0.00227602544564471
Smp_136260	0.000998503766354097
Smp_136280	0.00227208403122953
Smp_136300	0.00427497013516975
Smp_136310	0.0016016247928424
Smp_136320	0.00174287244478703
Smp_136350	0.00501081117438063
Smp_136360	0.021245489236157
Smp_136400	0.00405263683598707
Smp_136460	0.0101778001604095
Smp_136470	0.0127995210368406
Smp_136480	0.0436572693466359
Smp_136490	0.00522855878489243
Smp_136510	0.00289959612368416
Smp_136520	0.00281922962078911
Smp_136530	0.00532512839104454
Smp_136540	0.00764126935488068
Smp_136550	0.00357569913896409
Smp_136570	0.00533244069935694
Smp_136580	0.0022829285044544
Smp_136590	0.00524092894060206
Smp_136620	0.0638401547359963
Smp_136640	0.00159755950513334
Smp_136660	0.0189832591028637
Smp_136690	0.00852341253518675
Smp_136700	0.00787297088991075
Smp_136710	0.00756424119608591
Smp_136730	0.109506835587286
Smp_136740	0.0027045771737601
Smp_136760	0.0263807287455193
Smp_136770	0.00192620417883741
Smp_136780	0.00201203496617625
Smp_136850	0.00910826641856115
Smp_136860	0.0803513733638362
Smp_136870	0.0647956157549572
Smp_136910	0.00450283074413623
Smp_136920	0.0106048781709951
Smp_136930	0.0239884245106152
Smp_136950	0.00645716097096541
Smp_136970	0.00438639685011107
Smp_136980	0.00775075249369322
Smp_136990	0.00830425625964995
Smp_137000	0.00159872309703779
Smp_137020	0.00166399667271655
Smp_137040	0.00215302684102881
Smp_137050	0.101777397040004
Smp_137080	0.00154386734391327
Smp_137090	0.0146272446909424
Smp_137120	0.0110838503983323
Smp_137160	0.00272121213141763
Smp_137180	0.013999539211329
Smp_137190	0.00278502256833578
Smp_137210	0.00226961396249026
Smp_137250	0.251891100948828
Smp_137280	0.0218758733585848
Smp_137300	0.0238445845956657
Smp_137310	0.0413579182274965
Smp_137320	0.0758412100949479
Smp_137330	0.00356637950293773
Smp_137360	0.0263976721301075
Smp_137380	0.00924744414209511
Smp_137390	0.00584624791548658
Smp_137410	0.00603700373910606
Smp_137530	0.00603342963178211
Smp_137540	0.00192112248062489
Smp_137580	0.00502006700348996
Smp_137590	0.00254302449571147
Smp_137600	0.00149844975805712
Smp_137610	0.00523342838840135
Smp_137640	0.0289263064281144
Smp_137650	0.00325642370554131
Smp_137660	0.00831621061298319
Smp_137690	0.0282599525455732
Smp_137700	0.117181956756145
Smp_137710	0.0024665466435055
Smp_137720	0.0692586886032781
Smp_137740	0.00952758754693107
Smp_137750	0.0145508479183294
Smp_137800	0.00752505896313674
Smp_137810	0.119752586716063
Smp_137840	0.0120254785853724
Smp_137860	0.417550794850148
Smp_137870	0.000974526392587772
Smp_137890	0.00750253154092237
Smp_137910	0.00606745816199143
Smp_137920	0.00376731932166839
Smp_137930	0.0125197414503587
Smp_137940	0.00776441463839611
Smp_137950	0.00296109974669071
Smp_137970	0.00298096674706854
Smp_137980	0.0825234544261959
Smp_137990	0.00797601318972357
Smp_138010	0.0254993452645765
Smp_138030	0.00739605052804762
Smp_138050	0.00456920637690708
Smp_138060	0.502833282361833
Smp_138070	0.212530131274953
Smp_138080	1.11588269498636
Smp_138110	0.0428817891423071
Smp_138130	0.065640502415684
Smp_138140	1.54952818929421
Smp_138150	0.0128920687245975
Smp_138160	0.00309800074721799
Smp_138180	0.00115624705774137
Smp_138200	0.0155300511586346
Smp_138210	0.0292382621781954
Smp_138220	0.00224354202167777
Smp_138230	0.0175555345556707
Smp_138240	0.00147090450284961
Smp_138280	0.00333506456834931
Smp_138290	0.00712692752604554
Smp_138300	0.00944646252255456
Smp_138310	0.00532555687352778
Smp_138320	0.0029462032165904
Smp_138330	0.0150945075124745
Smp_138340	0.0213408932599406
Smp_138350	0.0290924210163685
Smp_138430	0.00256117027573186
Smp_138470	0.00249000104664497
Smp_138480	0.00208039399499725
Smp_138500	0.00267221782126022
Smp_138510	0.00844315529928187
Smp_138520	0.00583455156279871
Smp_138580	2.4162180190892
Smp_138590	0.00427261880302402
Smp_138600	0.00422365853673157
Smp_138610	0.00646116553106723
Smp_138640	0.00353855880433257
Smp_138680	0.00195506683452054
Smp_138690	0.0693570876201203
Smp_138750	0.020902648955411
Smp_138760	0.00487737100604391
Smp_138770	0.00593147798865704
Smp_138810	0.0153186384575234
Smp_138840	0.00226885915614502
Smp_138850	0.0129350651300541
Smp_138860	0.00347400447140431
Smp_138880	0.00549341976030067
Smp_138890	0.00278507780597086
Smp_138900	0.00867225455016211
Smp_138920	0.00159777669052454
Smp_138930	0.00257586184830262
Smp_139010	0.00568053852189391
Smp_139030	0.00467973230176855
Smp_139060	0.00317178407996042
Smp_139070	0.00307632296249146
Smp_139080	0.00306866539507285
Smp_139090	0.00508071628190792
Smp_139100	0.00227290837040416
Smp_139140	0.148308393128845
Smp_139150	0.00606485008145576
Smp_139180	0.0166439977191181
Smp_139200	0.0200539316538902
Smp_139240	0.0920519492593957
Smp_139250	0.152191425743862
Smp_139330	0.0150258745859506
Smp_139340	0.00127835325283283
Smp_139380	0.0673600398961687
Smp_139410	0.0913368618420217
Smp_139420	0.00713517516121002
Smp_139430	0.00201959050305799
Smp_139450	0.0974370398277954
Smp_139470	0.00301876081635798
Smp_139480	0.0102453742807062
Smp_139500	0.00476912132153413
Smp_139520	0.00376648576795614
Smp_139530	0.00388841048539197
Smp_139540	0.00274524527344695
Smp_139580	0.00431007705521302
Smp_139600	0.00245662107261369
Smp_139620	0.00402946633252963
Smp_139650	0.00351880742511635
Smp_139680	0.354049476081094
Smp_139720	0.00603501737498239
Smp_139760	0.00192762346487364
Smp_139800	0.00993512839951695
Smp_139840	0.00208021295281041
Smp_139900	0.0152989278608553
Smp_139930	0.00219131743483934
Smp_139940	0.193725466636554
Smp_139970	0.0110360843722727
Smp_139980	0.00601728677797959
Smp_140000	0.00865728087336776
Smp_140020	0.00791015303268388
Smp_140030	0.00619274916858102
Smp_140040	0.0115584595357768
Smp_140080	0.00169166758610387
Smp_140100	0.00129409283954357
Smp_140110	0.00847943159845834
Smp_140120	0.00429219262273924
Smp_140140	0.0113487547850489
Smp_140150	0.0039481049336934
Smp_140180	0.0026549070165349
Smp_140200	0.00465482631448522
Smp_140240	0.00505907128136969
Smp_140250	0.0243236100000715
Smp_140260	0.00121139035139068
Smp_140270	0.00839113736820046
Smp_140290	0.00287482247201902
Smp_140330	0.00227032817118143
Smp_140370	0.00578502677622746
Smp_140390	0.00209197565442374
Smp_140400	0.00244590958538902
Smp_140420	0.00324352053795591
Smp_140430	0.00282025562954748
Smp_140440	0.00300922496870017
Smp_140460	0.00724671876929193
Smp_140480	0.00450589557734965
Smp_140490	0.0025844907409367
Smp_140510	0.00434059298468769
Smp_140520	0.00813160630665156
Smp_140530	0.00578201329667693
Smp_140540	0.130379563629878
Smp_140550	0.00304010030033789
Smp_140560	0.0449354643448128
Smp_140570	0.019939357650621
Smp_140580	0.0036163087748614
Smp_140590	0.00452400619997391
Smp_140610	0.00386799790918685
Smp_140620	0.0795807860496195
Smp_140640	0.00742616034443084
Smp_140650	0.0163087900793615
Smp_140680	0.00267824617108283
Smp_140690	0.00544655942202554
Smp_140700	0.00402812733841741
Smp_140720	0.0417349098098819
Smp_140730	0.277882062857044
Smp_140760	0.00147470253644332
Smp_140770	0.00579309649581466
Smp_140790	0.00653024710294271
Smp_140800	0.00942041262264562
Smp_140810	0.00626994769996095
Smp_140820	0.00291794628082627
Smp_140830	0.00476973651576558
Smp_140840	0.00219485265761895
Smp_140860	0.00533318243999954
Smp_140880	0.108581986560246
Smp_140900	0.00249804925276215
Smp_140920	0.0203684910973039
Smp_140940	0.00535128962595416
Smp_140950	0.00186308556338269
Smp_140990	0.00539321706824794
Smp_141000	0.0023410265949087
Smp_141010	0.00430000303368042
Smp_141040	0.00515856150874423
Smp_141070	0.0123568770947636
Smp_141080	0.00260754191906565
Smp_141120	0.00419759593101478
Smp_141140	0.00438721013387815
Smp_141150	0.00227170238620222
Smp_141160	0.0130736569421514
Smp_141170	0.0491140086338624
Smp_141220	0.00142507448010723
Smp_141230	0.00679652389199236
Smp_141240	0.00394383923993
Smp_141250	0.0215216405127324
Smp_141270	0.0441508680482622
Smp_141280	0.00824015591478956
Smp_141290	0.00648027196796499
Smp_141310	0.0147042883614979
Smp_141320	0.00747470243996946
Smp_141330	0.00232514988372335
Smp_141350	0.016552861644313
Smp_141360	0.00440773574102637
Smp_141380	0.00199926417620035
Smp_141390	0.00385334142533753
Smp_141410	0.00255445624672448
Smp_141430	0.0223462902256957
Smp_141440	0.00421207946585652
Smp_141450	0.0398609304342978
Smp_141460	0.010523999560929
Smp_141480	0.080578711317066
Smp_141490	0.0319652330848506
Smp_141500	0.00709645411519128
Smp_141520	0.019563323012491
Smp_141540	0.00695696163857829
Smp_141570	0.0226522869613656
Smp_141580	0.00315667306904
Smp_141610	0.00180422775065924
Smp_141630	0.00557849434560122
Smp_141650	0.00240340127545132
Smp_141660	0.00574009326701182
Smp_141680	0.011199404901696
Smp_141690	0.0495049085750884
Smp_141710	0.0103670729567525
Smp_141770	0.00637540492738273
Smp_141810	0.0139192517625796
Smp_141820	0.00376900734002794
Smp_141830	0.00638947398500814
Smp_141860	0.00621945817879405
Smp_141880	0.0222404851116738
Smp_141890	0.00534833140858044
Smp_141930	0.0382172148086714
Smp_141940	0.0379855254783365
Smp_141960	0.00936142133085382
Smp_141970	0.00127102984339078
Smp_141980	0.0107586123944825
Smp_142010	0.00171240668840467
Smp_142050	0.00647624401439235
Smp_142090	0.00540692706620333
Smp_142110	0.0159100804884795
Smp_142120	0.0650479438888351
Smp_142150	0.0415524848343652
Smp_142160	0.00945804133465801
Smp_142170	0.00292757084864244
Smp_142180	0.00171217329542154
Smp_142210	0.00717467671612028
Smp_142250	0.00363157168591135
Smp_142270	0.0015630547098454
Smp_142300	0.00328587880934417
Smp_142320	0.00361746850826718
Smp_142400	0.00272901722834268
Smp_142410	0.00164572959767778
Smp_142420	0.0553586259626951
Smp_142450	0.0047341979292384
Smp_142490	0.0514954254239746
Smp_142510	0.0165299505866889
Smp_142520	0.00380711092864403
Smp_142550	0.00385779236281358
Smp_142560	0.0264045919533236
Smp_142600	0.00636034667837356
Smp_142620	0.0105167511232493
Smp_142640	0.00228917222823716
Smp_142650	0.00118400990077892
Smp_142670	0.00536885382608499
Smp_142700	0.00894012010642426
Smp_142710	0.00241407639611221
Smp_142740	0.00704099793424397
Smp_142770	0.00203964795990969
Smp_142780	0.0016762446285448
Smp_142790	0.0272262933757967
Smp_142820	0.0231214908873239
Smp_142850	0.00226411421844134
Smp_142860	0.00734483755208364
Smp_142880	0.00849287107395876
Smp_142890	0.00390582603099767
Smp_142900	0.0262807671848791
Smp_142930	0.00368289930892244
Smp_142940	0.0257937902778273
Smp_142950	0.00589132688160716
Smp_142960	0.00194727868686672
Smp_142970	0.00837477458340131
Smp_142980	0.0106840817796124
Smp_143060	0.00492930086519037
Smp_143070	0.00152934752063132
Smp_143090	0.00854115258731071
Smp_143130	0.00544878403224476
Smp_143190	0.0322998170050572
Smp_143220	0.00810842679318709
Smp_143240	0.00192361310805981
Smp_143260	0.018109892428036
Smp_143270	0.00732816362676165
Smp_143300	0.0103098578508272
Smp_143310	0.0221031140412838
Smp_143350	0.00281593669090648
Smp_143390	0.00146935740382356
Smp_143430	0.00213082933988124
Smp_143440	0.00586222039517412
Smp_143460	0.00508287140711523
Smp_143470	0.00314463833433399
Smp_143480	0.00292373431327794
Smp_143490	0.0093083685724101
Smp_143550	0.00765551752191065
Smp_143560	0.00139250300139139
Smp_143580	0.0120252590247805
Smp_143630	0.00705123295368247
Smp_143670	0.0120895494466782
Smp_143690	0.00530979778260166
Smp_143700	0.00486991557427847
Smp_143730	0.000858671153706444
Smp_143740	0.0053918991985391
Smp_143750	0.00459090125657865
Smp_143760	0.00657194064533606
Smp_143770	0.00187331875959862
Smp_143780	0.00288274681996832
Smp_143810	0.0128472922953961
Smp_143830	0.0125729090840925
Smp_143840	0.00296580345419772
Smp_143860	0.00573657470251599
Smp_143870	0.0214549261429765
Smp_143900	0.556822265729701
Smp_143910	0.0197083494406853
Smp_143920	0.00321737966962893
Smp_143930	0.014628815880715
Smp_143940	0.059953459098583
Smp_143960	0.00351288486992496
Smp_143970	0.0183793665133294
Smp_143980	0.00881960044753683
Smp_144000	0.735434439202343
Smp_144010	0.00454812080733156
Smp_144020	0.00317063762305294
Smp_144030	0.00298472127005006
Smp_144070	0.00415383642553622
Smp_144080	0.00366383320379553
Smp_144110	0.0199665818711981
Smp_144120	0.114956643733491
Smp_144130	0.0050127244357577
Smp_144140	0.00167004617315395
Smp_144160	0.00899816524346503
Smp_144170	0.0103692385974103
Smp_144180	0.00268215631993607
Smp_144190	0.0239471614732125
Smp_144200	0.00316747417553893
Smp_144210	0.00855470181195636
Smp_144220	0.0101492976132186
Smp_144240	0.00688116084439971
Smp_144250	0.00171949120632134
Smp_144310	0.00812765510893254
Smp_144350	0.0577182415325412
Smp_144360	0.00297245809390296
Smp_144370	0.0114137495843764
Smp_144380	0.027389870449732
Smp_144390	0.00407743682649212
Smp_144430	0.00386231170493948
Smp_144440	0.125908677629574
Smp_144450	0.00374419447776665
Smp_144470	0.00357190253049975
Smp_144490	0.0038226231143673
Smp_144495	0.0207163911754132
Smp_144500	0.0283165010495448
Smp_144510	0.0167064783941233
Smp_144520	0.0048721983858261
Smp_144540	0.0234593296605986
Smp_144550	0.00279960869924504
Smp_144560	0.00328501844415649
Smp_144570	0.00228665177878905
Smp_144590	0.0132561568298859
Smp_144600	0.00439396538929452
Smp_144660	0.00684456702857577
Smp_144700	0.00365559178534499
Smp_144720	0.0318942363091057
Smp_144740	0.0279392682273551
Smp_144750	0.00367468953822975
Smp_144760	0.00220294447237717
Smp_144770	0.00306683510334465
Smp_144820	0.01419211199471
Smp_144840	0.00437391288221568
Smp_144850	0.00493252286532749
Smp_144860	0.014095347043567
Smp_144870	0.0018637357724932
Smp_144920	0.00310907921163732
Smp_144930	0.0055940663309208
Smp_144940	0.00531137873431636
Smp_144950	0.00532484088728364
Smp_144960	0.0112133595025389
Smp_144970	0.00318407416460126
Smp_144990	0.00308918535105858
Smp_145010	0.00432089367029689
Smp_145020	0.0297161112499348
Smp_145040	0.00365634712802526
Smp_145070	0.00595713368956763
Smp_145090	0.00162140336639839
Smp_145110	0.00763941398512804
Smp_145140	0.00768201724107478
Smp_145180	0.00553527732425005
Smp_145190	0.00194426156027357
Smp_145210	0.018024998868738
Smp_145230	0.0256857888206199
Smp_145250	0.00256743501733396
Smp_145290	0.0225390802924488
Smp_145300	0.00355333899318897
Smp_145310	0.00167420051877854
Smp_145320	0.0143685637202724
Smp_145350	0.00488070807928424
Smp_145360	0.0144581026461416
Smp_145370	0.00693561179561117
Smp_145380	0.014618744792916
Smp_145400	0.0129133372768844
Smp_145410	0.0106842074101069
Smp_145420	0.00752244007912024
Smp_145440	0.00405268187933914
Smp_145460	0.00838046126820013
Smp_145470	0.0365797461722805
Smp_145490	0.014488450132069
Smp_145510	0.00731468034980603
Smp_145540	0.00915293469275194
Smp_145550	0.0035860299696742
Smp_145560	0.0199132895681291
Smp_145580	0.0121127182297616
Smp_145600	0.00226235289517042
Smp_145610	0.00294808372302568
Smp_145620	0.00455723105861294
Smp_145630	0.00332628546139031
Smp_145640	0.0223000954982837
Smp_145650	0.00333022753086774
Smp_145670	0.0017519743559919
Smp_145680	0.00634340977665103
Smp_145700	0.00271398578511361
Smp_145740	0.0068364842708482
Smp_145800	0.00796562010398302
Smp_145810	0.00670453739525607
Smp_145890	0.00730771634677259
Smp_145910	0.0299857334481119
Smp_145930	0.0131201630630279
Smp_145980	0.00341664637533317
Smp_145990	0.00230630879144977
Smp_146000	0.0420105705382643
Smp_146010	0.00713409829783908
Smp_146060	0.00408122166096659
Smp_146080	0.0143535461902241
Smp_146100	0.00189069375708725
Smp_146110	0.00538989427690376
Smp_146120	0.011985583993571
Smp_146140	0.00102461245384535
Smp_146150	0.0112075548477615
Smp_146160	0.00611246951954064
Smp_146190	0.00355380956525587
Smp_146200	0.00363765355357617
Smp_146220	1.22441283039704
Smp_146240	0.0025052256876135
Smp_146250	0.00691908316790776
Smp_146280	0.0143302436425035
Smp_146290	0.00218285178001451
Smp_146300	0.00632341872175488
Smp_146310	0.00387971529199372
Smp_146340	0.00498997281390463
Smp_146360	0.0101572163289865
Smp_146400	0.00227815006752232
Smp_146410	0.00452328307004593
Smp_146420	0.0110013841274531
Smp_146430	0.008711367680059
Smp_146440	0.00497836317640564
Smp_146460	0.0246662925439305
Smp_146470	0.206403478341671
Smp_146480	0.0752111172380742
Smp_146570	0.00324658493387701
Smp_146580	0.0155369054837307
Smp_146600	0.00519945550165037
Smp_146610	0.0135568271828992
Smp_146630	0.00695514721020906
Smp_146640	0.0166360728197188
Smp_146650	0.819756391589685
Smp_146680	0.00965896100162062
Smp_146690	0.0138512973444475
Smp_146710	0.0327922219990467
Smp_146720	0.0145703278196961
Smp_146730	0.013026446639318
Smp_146740	0.38053857891861
Smp_146750	0.0174672345042149
Smp_146760	0.0209630182970542
Smp_146800	0.00186513686507716
Smp_146810	0.0171390447327439
Smp_146830	0.00645277870839396
Smp_146840	0.00561576979747241
Smp_146870	0.00576437311937912
Smp_146900	0.00202789725682304
Smp_146910	0.00655007155019676
Smp_146940	0.009627858969647
Smp_147000	0.00563828411304956
Smp_147020	0.0112173465306045
Smp_147040	0.0145273023968453
Smp_147050	0.0108398595517095
Smp_147060	0.0590815410846846
Smp_147070	0.0203634875505726
Smp_147090	0.0776519457698564
Smp_147110	0.00521989355394001
Smp_147120	0.00229586682536557
Smp_147140	0.00460453623582035
Smp_147150	0.0023516561931699
Smp_147160	0.00447813809116008
Smp_147220	0.00278698247967689
Smp_147230	0.00900049549630057
Smp_147240	0.0031240020507643
Smp_147250	0.00259014748781116
Smp_147260	0.020902745052175
Smp_147290	0.00495131503039531
Smp_147330	0.00235452660471418
Smp_147350	0.00687132977860302
Smp_147360	0.00126651487053464
Smp_147370	0.00649998786694821
Smp_147390	0.0157043923802272
Smp_147400	0.00334341427509007
Smp_147410	0.0139400285373848
Smp_147420	0.00975607704796081
Smp_147430	0.00453999349901392
Smp_147460	0.00437818642534528
Smp_147470	0.00437373011220084
Smp_147520	0.00683896341384771
Smp_147560	0.00220874706113036
Smp_147570	0.00450955325774103
Smp_147590	0.00498762007310817
Smp_147620	0.0042066632019932
Smp_147630	0.0030124306293587
Smp_147640	0.0716377092091831
Smp_147650	0.00345944225637914
Smp_147670	0.00605139883325797
Smp_147680	0.0090470087233885
Smp_147690	0.0362898979812883
Smp_147750	0.0149529320812016
Smp_147790	0.0114436807327863
Smp_147820	0.00142027830082773
Smp_147840	0.00339567382529714
Smp_147850	0.0011120162804979
Smp_147890	0.0603135569712844
Smp_147920	0.00267084470703804
Smp_147950	0.00229483147648601
Smp_147960	0.00159834993375549
Smp_147970	0.00717556033195732
Smp_147980	0.00593066927082628
Smp_147990	0.00347026809674797
Smp_148010	0.00188228052252912
Smp_148020	0.0018121103917745
Smp_148070	0.00218756995611986
Smp_148080	0.00424448593442487
Smp_148110	0.0232016558218388
Smp_148120	0.00949382143420462
Smp_148130	0.00872977812461604
Smp_148140	0.00256521516878331
Smp_148160	0.0104135713708299
Smp_148180	0.0620828425678254
Smp_148190	0.0386315665830482
Smp_148200	0.0218196282641565
Smp_148220	0.00137203649425893
Smp_148230	0.0050766343466269
Smp_148250	0.0118025224938706
Smp_148260	0.00286501279159606
Smp_148280	0.00226354845258653
Smp_148290	0.0428858297808086
Smp_148360	0.00469308136503157
Smp_148370	0.00171796600692334
Smp_148400	0.00577191418489148
Smp_148410	0.00835374331272223
Smp_148450	0.00103541408267633
Smp_148460	0.00889225422076438
Smp_148470	0.0194150845743629
Smp_148480	0.00178097830239571
Smp_148510	0.00275053730659042
Smp_148540	0.00362809284184602
Smp_148590	0.00717212090290778
Smp_148630	0.0134386504879015
Smp_148650	0.00464429938288788
Smp_148660	0.00450185366155933
Smp_148670	0.018314647987755
Smp_148700	0.012678871604532
Smp_148720	0.00725838082079376
Smp_148760	0.00868350100350762
Smp_148770	0.004772091034307
Smp_148790	0.00847669813138196
Smp_148800	0.00455286910901221
Smp_148820	0.0315140912249562
Smp_148830	0.00432423861042606
Smp_148870	0.00295201313525451
Smp_148900	0.00301651615539227
Smp_148910	0.0103126724524228
Smp_148930	0.00181004769317821
Smp_148940	0.0045745966529768
Smp_148970	0.00387964286616609
Smp_148980	0.00225521793097802
Smp_149000	0.00406416278053538
Smp_149010	0.00888619117022544
Smp_149030	0.00362910324248918
Smp_149040	0.001730431256104
Smp_149050	0.00123996527827975
Smp_149070	0.00632990961430604
Smp_149080	0.00454803950055012
Smp_149110	0.00288068925827175
Smp_149130	0.00334227711077159
Smp_149160	0.00832730679191452
Smp_149170	0.0212185182135361
Smp_149180	0.0012770991299468
Smp_149200	0.00155819011225027
Smp_149220	0.00415896061181681
Smp_149230	0.030098698515706
Smp_149240	0.00760283976010321
Smp_149300	0.00348193714978521
Smp_149320	0.00779408472259806
Smp_149330	0.0223603472531815
Smp_149370	0.00838889119877566
Smp_149380	0.0133145604793984
Smp_149400	0.0112863632565341
Smp_149410	0.00321144772634877
Smp_149420	0.00366909044148788
Smp_149430	0.00242692565755154
Smp_149450	0.00320528265922367
Smp_149460	0.0186459794641076
Smp_149480	0.0140484712351012
Smp_149500	0.00316727499435149
Smp_149520	0.0368332653189656
Smp_149530	0.00648894038080373
Smp_149540	0.00212102335230513
Smp_149560	0.0163603600724591
Smp_149580	0.034619690594057
Smp_149640	0.00326652981857719
Smp_149660	0.00766276971018098
Smp_149700	0.00567785575785979
Smp_149710	0.01015390946876
Smp_149720	0.0514926956018718
Smp_149730	0.0378829584569133
Smp_149740	0.00808689979243419
Smp_149750	0.0316843179210411
Smp_149770	0.0083502275234463
Smp_149820	0.0242219340803731
Smp_149900	0.00418346008146038
Smp_149950	0.00334905001366519
Smp_149960	0.00156736481975042
Smp_149980	0.0961384578232695
Smp_150000	0.0151983779584196
Smp_150020	0.0164503234231398
Smp_150030	0.0349107909150933
Smp_150040	0.00228817317568965
Smp_150070	0.00338718400802756
Smp_150080	0.0032192507153917
Smp_150090	0.0252179657455566
Smp_150120	0.00717827893977632
Smp_150140	0.0125643214550858
Smp_150150	0.00866243965845308
Smp_150160	0.00207101465328454
Smp_150180	0.019073556684426
Smp_150200	0.00378933754592056
Smp_150210	0.00167405787436218
Smp_150220	0.00390288635137114
Smp_150230	0.00483634535443582
Smp_150270	0.00287934641644695
Smp_150280	0.00416236296948812
Smp_150300	0.00504617656999349
Smp_150320	0.00400173256472674
Smp_150340	0.00497288949098956
Smp_150350	0.00977040767672902
Smp_150360	0.00343596086915147
Smp_150380	0.00317984810753612
Smp_150410	0.00482916613585389
Smp_150420	0.00700534633099995
Smp_150430	0.041170355498632
Smp_150460	0.0045220327857282
Smp_150470	0.012169342324872
Smp_150500	0.00235891433625664
Smp_150510	0.00268711604248901
Smp_150520	0.00692586815147035
Smp_150550	0.0047752397469297
Smp_150560	0.00275854648232259
Smp_150580	0.00193479680184083
Smp_150590	0.658916341256802
Smp_150610	0.00306108472691871
Smp_150640	0.00847842463032648
Smp_150650	0.0233673671130456
Smp_150660	0.0130594929356366
Smp_150680	0.00530283258236657
Smp_150690	0.0021092159368328
Smp_150700	0.0106555591816712
Smp_150740	0.0181597042972986
Smp_150750	0.0101280892716816
Smp_150840	0.00711549955720715
Smp_150850	0.00352979318124154
Smp_150860	0.00350635003487502
Smp_150870	0.0042823963432662
Smp_150890	0.00117621219155845
Smp_150960	0.00184933100209256
Smp_150980	0.0028054993555898
Smp_150990	0.002950004376364
Smp_151010	0.00414406033792681
Smp_151020	0.0055912836867534
Smp_151030	0.00437684094978578
Smp_151040	0.0175515118202665
Smp_151050	0.00197481526736935
Smp_151060	0.00336947571854637
Smp_151070	0.00138838318850909
Smp_151100	0.00510801736363429
Smp_151140	0.0038040226239104
Smp_151180	0.002193573441323
Smp_151190	0.00701632495351298
Smp_151210	0.0317836182332686
Smp_151220	0.015324164346235
Smp_151260	0.847890693056829
Smp_151270	0.110813605300962
Smp_151280	0.00168511958313892
Smp_151285	0.00472770862356256
Smp_151310	0.00800360349539018
Smp_151320	0.00954880368421962
Smp_151360	0.0262485309262549
Smp_151380	0.00276824046151254
Smp_151410	0.00627925708465214
Smp_151420	0.00596465640104413
Smp_151440	0.0133635511132767
Smp_151450	0.00690302216642724
Smp_151480	0.00154180290045869
Smp_151490	0.00461993526772718
Smp_151520	0.0011870179910242
Smp_151560	0.021382675900209
Smp_151570	0.0274193212752151
Smp_151580	0.00330324981035253
Smp_151590	0.0281011100701129
Smp_151600	0.0245562943832512
Smp_151640	0.109097556028633
Smp_151650	0.0038799576799587
Smp_151660	0.0315467390016404
Smp_151670	0.00266109050602161
Smp_151720	0.00181213046003042
Smp_151730	0.00727366686784197
Smp_151740	0.0209416974605243
Smp_151750	0.00155896836029084
Smp_151780	0.00209997609521279
Smp_151820	0.00442260892552263
Smp_151920	0.0209054024714013
Smp_151930	0.0126780376898319
Smp_152000	0.00161435475187793
Smp_152060	0.00327135333662584
Smp_152090	0.00851836531396625
Smp_152110	0.00790093013801269
Smp_152130	0.00297180168063366
Smp_152180	0.00455302554448274
Smp_152190	0.390621883833724
Smp_152200	0.046709975771537
Smp_152210	0.0445171012995225
Smp_152220	0.00777113334345461
Smp_152230	0.00386134682216865
Smp_152260	0.0065702459937518
Smp_152270	0.0123703554167114
Smp_152280	0.0162979494659395
Smp_152290	0.00668923152971249
Smp_152300	0.00500559084441141
Smp_152310	0.654485516559974
Smp_152330	0.00321733957320784
Smp_152350	0.00781332741866702
Smp_152370	0.00136302788488074
Smp_152380	0.0218802770096258
Smp_152390	0.0378758837505139
Smp_152400	0.00295088968897085
Smp_152430	0.0142551080301601
Smp_152440	0.00211139046615553
Smp_152500	0.00923474630953475
Smp_152510	0.00239549419542255
Smp_152520	0.00208978635211093
Smp_152530	0.00992804644726095
Smp_152550	0.00391163397930845
Smp_152570	0.0058650661503443
Smp_152580	0.0115860515585692
Smp_152590	0.0386395418349299
Smp_152630	0.0174936086726886
Smp_152650	0.000981907048996861
Smp_152670	0.0147394703880373
Smp_152710	0.00462165267864364
Smp_152740	0.0131435099833388
Smp_152750	0.00131934322433257
Smp_152760	0.0025071627744484
Smp_152790	0.00196612824780486
Smp_152800	0.00224052310668389
Smp_152830	0.00460120672617485
Smp_152840	0.00291724906846989
Smp_152850	0.00166152598326075
Smp_152860	0.0040394442060577
Smp_152870	0.00355053840280224
Smp_152940	0.00760811361934544
Smp_152960	0.00835971122044274
Smp_152980	1.8299491707615
Smp_152990	0.0189641382894191
Smp_153010	0.00197048990182581
Smp_153070	0.0272080949301126
Smp_153090	0.146316371607161
Smp_153100	0.0075193535104836
Smp_153110	0.00820348513212075
Smp_153140	0.00630387419439398
Smp_153150	0.00403379174831977
Smp_153160	0.0118148120193076
Smp_153170	0.0230699955143042
Smp_153190	0.00604766106984599
Smp_153200	0.0401590703243744
Smp_153210	0.049257224169346
Smp_153220	0.669616070648192
Smp_153250	0.00196721081109352
Smp_153270	0.00589291530673113
Smp_153290	0.00503999491156619
Smp_153300	0.00739043877774803
Smp_153330	1.72399972988146
Smp_153340	0.0014737022673966
Smp_153350	0.00323772542698156
Smp_153370	0.441741974160688
Smp_153390	0.0128721693622201
Smp_153410	0.000559352053332897
Smp_153430	0.00426798213209341
Smp_153440	0.0121646976236846
Smp_153460	0.00131181650009433
Smp_153480	0.0050376330242768
Smp_153490	0.00711760329572047
Smp_153500	0.00596545955131008
Smp_153520	0.00584733686173395
Smp_153530	0.00599106225560033
Smp_153540	0.00640528252288559
Smp_153550	0.00536338502225325
Smp_153560	0.00378584240261778
Smp_153580	0.10577843811283
Smp_153590	0.00138761683298226
Smp_153610	0.00230264755404887
Smp_153640	0.00870005982615563
Smp_153660	0.0163380781353723
Smp_153690	0.0105741919417657
Smp_153700	0.0132850484039178
Smp_153710	0.0163506054275437
Smp_153720	0.0065724170609877
Smp_153750	0.00636724378726514
Smp_153760	0.00238388626058662
Smp_153770	0.00182886918006264
Smp_153780	0.00423119305121988
Smp_153790	0.00456501219282486
Smp_153810	0.0157320776820606
Smp_153820	0.00791566009234503
Smp_153840	0.00278636870615513
Smp_153870	0.00428930966616615
Smp_153890	0.00366729469794538
Smp_153920	0.00463507642998433
Smp_153930	0.00712019766774439
Smp_153950	0.00521741171829184
Smp_153960	0.000909705161019787
Smp_153970	0.00587096693106157
Smp_153990	0.00385751618433391
Smp_154000	0.00468891560929506
Smp_154040	0.00271439352880097
Smp_154080	0.00783160431986029
Smp_154090	0.121722047615497
Smp_154100	0.00863543434492178
Smp_154130	1.84961832926088
Smp_154160	0.00320162420153038
Smp_154180	0.0175429288542749
Smp_154220	0.113588025902082
Smp_154250	0.0191489228368062
Smp_154260	0.691445552298236
Smp_154270	0.00245575699734435
Smp_154280	0.003264633656924
Smp_154290	0.128636672671951
Smp_154320	0.00212733239206125
Smp_154330	0.00229725062937829
Smp_154340	0.00344882606499205
Smp_154370	0.0127966552104333
Smp_154390	0.0448660051222523
Smp_154410	0.0130717781007181
Smp_154420	0.00160162385029595
Smp_154470	0.00190474780961227
Smp_154490	0.00359357493329852
Smp_154500	0.00514229421697637
Smp_154520	0.00408841462351595
Smp_154530	0.00317846741570703
Smp_154560	0.00479796746845074
Smp_154590	20
Smp_154600	0.0142787485910313
Smp_154610	0.00192420788760525
Smp_154620	0.00396668580882412
Smp_154640	0.00836389049057369
Smp_154650	0.00303159847897594
Smp_154670	0.00828723891154399
Smp_154680	0.0137861777419396
Smp_154690	0.00238349913607492
Smp_154730	0.00803835208382571
Smp_154740	0.00433577446692686
Smp_154760	0.00496368301095436
Smp_154780	0.00161682080552305
Smp_154830	0.0173985626762033
Smp_154840	0.00263187289244037
Smp_154850	0.0112200164101072
Smp_154870	0.00349503287338869
Smp_154880	0.00203764919405595
Smp_154900	0.126752109388476
Smp_154910	0.00599130772906029
Smp_154930	0.00419508107373291
Smp_154940	0.0136515815935675
Smp_154960	0.0022003832089901
Smp_154970	0.00951896405284115
Smp_154980	0.00237335996896688
Smp_155000	0.00280910644430175
Smp_155020	0.00547717642838654
Smp_155030	0.00434043051312502
Smp_155040	0.0305529897962915
Smp_155050	0.012579674380798
Smp_155060	0.00203935792714959
Smp_155110	1.30219834943908
Smp_155210	0.0187338151260548
Smp_155290	0.00826957841188187
Smp_155310	0.0231629637639238
Smp_155320	0.0170681902739461
Smp_155330	0.0061643869421431
Smp_155340	0.0118574324569481
Smp_155360	0.00366187129230107
Smp_155370	0.00272602197239425
Smp_155380	0.00934519327240675
Smp_155390	0.00745003039979116
Smp_155400	0.00220190801185906
Smp_155420	0.00213452803591907
Smp_155450	0.00499875454154363
Smp_155480	0.00277894143905494
Smp_155500	0.0122825999234636
Smp_155510	0.00412313701916404
Smp_155520	1.47839647812089
Smp_155530	0.010739825730216
Smp_155560	0.0043597274859536
Smp_155590	0.00700442978287654
Smp_155620	0.00472619312020533
Smp_155630	0.0022577488499079
Smp_155700	0.0078231162589384
Smp_155720	0.00103022462108284
Smp_155740	0.00367446872832351
Smp_155750	0.00204907705328398
Smp_155760	0.00218270926798292
Smp_155770	0.00165898917795044
Smp_155780	0.00228604936822217
Smp_155790	0.00304848449843476
Smp_155810	0.0509406247895347
Smp_155840	0.018123530580734
Smp_155850	0.0119256531837143
Smp_155860	0.0278592856195707
Smp_155900	0.0158176278687604
Smp_155970	0.0217689701791969
Smp_156000	0.00251222707349458
Smp_156050	0.29737638033797
Smp_156060	0.00298094192781905
Smp_156100	0.00300171439246491
Smp_156140	0.0135947374064385
Smp_156150	0.0196010948620183
Smp_156160	0.00470544131743386
Smp_156170	0.00265762002231316
Smp_156180	0.412122584884638
Smp_156230	0.00622440708276319
Smp_156240	0.0031179309620344
Smp_156250	0.0975729131534404
Smp_156270	0.00404888029870274
Smp_156280	0.00486549216980748
Smp_156290	0.00491749994479812
Smp_156300	0.0151314398606761
Smp_156340	0.0106033983136796
Smp_156350	0.00284386469987626
Smp_156370	0.0119726093522999
Smp_156390	0.00539532984478595
Smp_156400	0.0662771533033815
Smp_156410	0.00860807052317972
Smp_156450	0.00454393615791074
Smp_156460	0.00842926016816202
Smp_156470	0.00382040812749063
Smp_156480	0.00592892413663761
Smp_156500	0.00630704718869383
Smp_156520	0.0113074524721051
Smp_156540	0.0164124770034738
Smp_156550	0.0333249917141394
Smp_156630	0.007772511869511
Smp_156670	0.00280894793311987
Smp_156720	0.00349792630813548
Smp_156730	1.39325470618383
Smp_156740	0.0111653758632714
Smp_156750	0.0215609594428922
Smp_156780	0.00405062520594514
Smp_156850	0.00490897306730111
Smp_156860	0.00478430552967207
Smp_156870	0.00628271313364787
Smp_156880	0.0010660236235638
Smp_156890	0.0175863706580734
Smp_156900	0.00223182735475214
Smp_156910	0.0166271337417652
Smp_156930	0.0121939054308214
Smp_156950	0.00339485049514098
Smp_156960	0.0468639491044955
Smp_156990	0.00242950523439816
Smp_157000	0.00837317872111623
Smp_157050	0.0441377651727914
Smp_157070	0.00499383963132129
Smp_157080	0.0143195251955866
Smp_157100	0.0533987683955983
Smp_157140	0.00909718425219436
Smp_157150	0.00364258123412851
Smp_157160	0.0030946988010184
Smp_157200	0.0254799912226565
Smp_157210	0.450479042768832
Smp_157220	0.00346661043885436
Smp_157230	0.005960026700119
Smp_157240	0.00760434398407493
Smp_157250	0.00314723940716361
Smp_157290	0.00267425537923838
Smp_157300	0.00885304708018412
Smp_157310	0.00998250095379431
Smp_157320	0.00246512124442722
Smp_157340	0.00254677450993007
Smp_157350	0.00402559461319034
Smp_157360	0.00107881230143576
Smp_157390	0.00977866883419511
Smp_157400	0.00705110278591293
Smp_157410	0.00310402739102778
Smp_157450	1.41782678870193
Smp_157470	0.021241690461756
Smp_157510	0.00130823506081142
Smp_157540	0.00381590343537003
Smp_157560	0.00949736933117942
Smp_157570	0.0358652866034234
Smp_157590	0.00426641148169342
Smp_157620	0.0137347016531203
Smp_157640	0.0852817152970211
Smp_157660	0.00175889418900668
Smp_157670	0.00342107020356437
Smp_157680	0.00245015746499228
Smp_157690	0.0743262678882849
Smp_157700	0.0189735702924928
Smp_157710	0.00142772590104298
Smp_157715	0.00188543109288067
Smp_157720	0.00170446407110602
Smp_157730	0.135569366844593
Smp_157740	0.00589754017156925
Smp_157750	0.00340749565076295
Smp_157760	0.00792376021133535
Smp_157770	0.00172006393270302
Smp_157780	0.000944099507907499
Smp_157790	0.0189872132476261
Smp_157800	0.00397399939019125
Smp_157830	0.00845943669079495
Smp_157840	0.577306278749671
Smp_157860	0.0169099781726616
Smp_157870	0.0463971132694559
Smp_157910	0.00220374539213023
Smp_157920	0.00370392063652644
Smp_157930	0.00530766954561547
Smp_157940	0.00288586588911695
Smp_157950	0.00225964112372307
Smp_157980	0.00718533003406013
Smp_158030	0.00276394963360278
Smp_158050	0.00108228533789842
Smp_158110	0.0053503344595646
Smp_158130	0.00163804598968345
Smp_158140	0.00214841978690993
Smp_158150	0.0639921669350438
Smp_158160	0.0187063725591877
Smp_158170	0.00903193871036955
Smp_158180	0.0355113152333525
Smp_158190	0.00456893426095525
Smp_158230	0.00788859623729557
Smp_158240	0.0161852897096761
Smp_158290	0.0229352345602886
Smp_158310	0.00282246779765502
Smp_158320	0.00395083824419035
Smp_158330	0.0103358500123493
Smp_158360	0.0190509238106109
Smp_158380	0.00230530971545006
Smp_158400	0.00719646156531364
Smp_158430	0.00980700297865164
Smp_158440	0.00187846254796133
Smp_158450	0.00222819448477792
Smp_158460	0.012476855423292
Smp_158480	0.0321889957549782
Smp_158490	0.0256941913219976
Smp_158520	0.0160909471185615
Smp_158550	0.00506569702609404
Smp_158560	0.000974671018583669
Smp_158570	0.281990050355652
Smp_158600	0.00304973545643355
Smp_158610	0.0134174885184428
Smp_158620	0.00558761665479429
Smp_158630	0.00914450649019211
Smp_158640	0.00439147673598095
Smp_158660	0.00951632724053434
Smp_158670	0.0038810631049365
Smp_158690	0.00767361349149694
Smp_158700	0.00431770832437439
Smp_158720	0.00454267720310756
Smp_158730	0.0191549298186363
Smp_158740	0.00498180598530043
Smp_158750	0.0382470582235783
Smp_158770	0.00235245152443059
Smp_158810	0.00161000759287146
Smp_158840	0.00983291684680335
Smp_158860	0.00130308210876996
Smp_158890	0.00627299664160113
Smp_158910	0.00400017392664138
Smp_158950	0.0156162981377108
Smp_158970	0.0117805334059118
Smp_158980	0.0602956067509629
Smp_158990	0.0136929231429143
Smp_159020	0.0241063513827547
Smp_159050	0.00454145413355908
Smp_159060	0.00458116684863583
Smp_159070	0.0031870638325804
Smp_159090	0.00271417888874492
Smp_159100	0.00314858178899396
Smp_159110	0.00151129900767521
Smp_159120	0.00156213247253334
Smp_159130	0.107606459178488
Smp_159140	0.00809373794951093
Smp_159150	0.00236738625596305
Smp_159160	0.00625976617559643
Smp_159180	0.00138625976929505
Smp_159190	0.00311675517465565
Smp_159330	0.049522058614153
Smp_159340	0.00611271503451584
Smp_159350	0.00516759894905454
Smp_159370	0.0047764774310828
Smp_159380	0.00450869527874426
Smp_159450	0.0064374549065151
Smp_159490	0.00938006394068997
Smp_159510	0.00542610162010691
Smp_159520	0.10990836307855
Smp_159550	0.00458705395544608
Smp_159560	0.0338072985292872
Smp_159570	0.00209986201509732
Smp_159590	0.00510365101355516
Smp_159600	0.00891091730665412
Smp_159620	0.00224602105677378
Smp_159630	0.00827704616258117
Smp_159690	0.00167750812617095
Smp_159700	0.417990747158179
Smp_159730	0.0021245782249232
Smp_159740	0.0127794949065554
Smp_159750	0.00716575277121204
Smp_159780	0.00565501586670023
Smp_159790	0.0123924990941103
Smp_159830	0.202989216405229
Smp_159840	0.00834291638241206
Smp_159860	0.0522900576554985
Smp_159890	0.0022409301873736
Smp_159910	0.00182163792976234
Smp_159930	0.00664173279612169
Smp_159940	0.0026647015876001
Smp_159950	0.0272231638915093
Smp_159990	0.0126994808734161
Smp_160000	0.00436776579100959
Smp_160070	0.0201819077862381
Smp_160090	0.00217070837906677
Smp_160100	0.00277007151557436
Smp_160140	0.00282909809800372
Smp_160160	0.0153734436111811
Smp_160170	0.00597227674581525
Smp_160180	0.00601439619785932
Smp_160190	0.00404449229921508
Smp_160210	0.0343695493887748
Smp_160270	0.00157613058353233
Smp_160290	0.00363376213649892
Smp_160320	0.0738442996098681
Smp_160360	0.0619957312788786
Smp_160370	0.00768180894578122
Smp_160410	0.00221663636701462
Smp_160460	0.0147432458712564
Smp_160490	0.00634782182404378
Smp_160530	0.00120452298211084
Smp_160540	0.0105358167225455
Smp_160590	0.0172623550950376
Smp_160600	0.0025400060609132
Smp_160610	0.016989976131151
Smp_160670	0.117879203918644
Smp_160700	0.0029306933353726
Smp_160710	0.00496816584758805
Smp_160730	0.00636338970541063
Smp_160760	0.00254245109942764
Smp_160780	0.00639860263880228
Smp_160810	0.0051175829586558
Smp_160820	0.00394539627139119
Smp_160830	0.0991968120417472
Smp_160850	0.00237479341195267
Smp_160870	0.00387584045306682
Smp_160880	0.0065909549465667
Smp_160940	0.00321660608371102
Smp_160950	0.00486844351216953
Smp_161040	0.0999538147201583
Smp_161060	0.0391312774483586
Smp_161080	0.00675923117138266
Smp_161110	0.00396005420164336
Smp_161120	0.00239076200296085
Smp_161130	0.00348701530024167
Smp_161140	0.00811443962402051
Smp_161160	0.00194671903966549
Smp_161170	0.0028232092225437
Smp_161210	0.00488988147862707
Smp_161220	0.0198751793967979
Smp_161240	0.0291051903754063
Smp_161250	0.00513204394739127
Smp_161290	0.00214631319814795
Smp_161330	0.00516258910445254
Smp_161350	0.00144653136630692
Smp_161360	0.00376737408259363
Smp_161370	0.00590064953459943
Smp_161380	0.00251712300880974
Smp_161400	0.0104363151949102
Smp_161450	0.0207441611074268
Smp_161500	0.0123140714230405
Smp_161510	0.00553675405873062
Smp_161530	0.00460302066581116
Smp_161540	0.00285965147408278
Smp_161550	0.00136616320384162
Smp_161560	0.00219093129529896
Smp_161580	0.00352261019303069
Smp_161650	0.0372003394173367
Smp_161680	0.00196236484777628
Smp_161730	0.00247354049881416
Smp_161750	0.00167474636412287
Smp_161770	0.094638849754157
Smp_161790	0.00996025225708696
Smp_161800	0.0401252911320988
Smp_161820	0.0137492676007615
Smp_161850	0.00200839119523296
Smp_161870	0.00217951552618446
Smp_161880	0.27109081941994
Smp_161960	0.0036073468428143
Smp_161970	0.00128435607290645
Smp_161980	0.00416812431849434
Smp_162000	0.010473427493353
Smp_162010	0.0170677116133287
Smp_162030	0.00364755752976638
Smp_162040	0.00263312031239253
Smp_162060	0.00874067315194402
Smp_162080	0.00441284007819841
Smp_162100	0.00608694157669512
Smp_162110	0.00637881809078637
Smp_162180	0.00521560707186157
Smp_162210	0.00472404457406329
Smp_162220	0.00186603452054171
Smp_162230	0.00420978935137238
Smp_162240	0.0116430887777048
Smp_162250	0.0263931051020653
Smp_162260	0.00198463981445259
Smp_162280	0.0061783570234628
Smp_162290	0.0124306524514577
Smp_162300	0.0232016652908573
Smp_162310	0.00158781066858125
Smp_162340	0.00876934883906728
Smp_162350	0.00727459732019115
Smp_162360	0.193083689191222
Smp_162370	0.0331847354539159
Smp_162380	0.010260805654355
Smp_162390	0.019956343787613
Smp_162440	0.00789441828183533
Smp_162500	0.0205564326378955
Smp_162510	0.00192380874279468
Smp_162520	0.00525524560575732
Smp_162540	0.261320948185339
Smp_162550	0.0131984802731238
Smp_162600	0.005237248240546
Smp_162610	0.0216568152710182
Smp_162620	0.00152845660248512
Smp_162630	0.00222360958673078
Smp_162640	0.00441595508094325
Smp_162650	0.00427394044036704
Smp_162660	0.0028387360133926
Smp_162680	0.0127981140676969
Smp_162710	0.00404986706673284
Smp_162760	0.0318390929443549
Smp_162770	0.0829977569444013
Smp_162790	0.00243123679863401
Smp_162810	0.0107579775482821
Smp_162840	0.3228621003273
Smp_162860	0.0203140405466508
Smp_162900	0.00848524837216835
Smp_162910	0.00388490909141025
Smp_162920	0.00675126626976178
Smp_162940	0.00303317081243154
Smp_162960	0.00365580481276788
Smp_162970	0.00462705512236714
Smp_162980	0.0131071418234244
Smp_163000	0.00245490744337047
Smp_163030	0.00129981820068195
Smp_163050	0.00242407581418282
Smp_163080	0.0115447867620732
Smp_163090	0.0130428729449333
Smp_163110	0.00309633136394912
Smp_163140	0.640393748091156
Smp_163160	0.00649064438122975
Smp_163170	0.018711281020397
Smp_163180	0.00416672794444641
Smp_163210	0.00283735545029707
Smp_163220	0.00525145177305371
Smp_163230	0.00170621189843979
Smp_163240	0.0174131362912886
Smp_163250	0.0130376923309225
Smp_163260	0.00373128768720079
Smp_163290	0.00435473431657281
Smp_163300	0.00166029529319139
Smp_163310	0.0106366789885935
Smp_163320	0.002275715263764
Smp_163330	0.00343675421492912
Smp_163340	0.00391029440561713
Smp_163380	0.00588890003251486
Smp_163420	0.00148173836940638
Smp_163430	0.00372372972039117
Smp_163450	0.015640158306301
Smp_163460	0.00544648469579311
Smp_163500	0.0110501697303579
Smp_163520	0.0146697842360421
Smp_163550	0.0108032875224951
Smp_163560	0.00204635442457595
Smp_163570	0.0110685586991611
Smp_163580	0.00155950799989202
Smp_163590	0.0504167871361925
Smp_163600	0.00472910954456553
Smp_163610	0.0166185713246825
Smp_163620	0.00170401085567901
Smp_163640	0.0019008726428481
Smp_163660	0.00571037029531985
Smp_163670	0.0153715740224017
Smp_163710	0.00836765401217102
Smp_163720	0.0134719989049405
Smp_163750	0.00586722296141683
Smp_163760	0.00332852976753079
Smp_163780	0.00316152705969434
Smp_163790	0.0325323615505903
Smp_163810	0.00660230434415654
Smp_163820	0.0215131381233863
Smp_163830	0.00308842725698218
Smp_163840	0.00412428254635874
Smp_163850	0.00197894429395445
Smp_163880	0.00209622946919901
Smp_163930	0.0122844718494174
Smp_163950	0.0126701024764019
Smp_163970	0.00502289131238201
Smp_163980	0.00981174114208157
Smp_164010	0.0077321644989106
Smp_164020	0.010618938887728
Smp_164040	0.00938921588294
Smp_164050	0.00454814957576955
Smp_164060	0.00550312673766346
Smp_164070	0.0103338544591156
Smp_164080	0.0100436996433981
Smp_164130	0.0117934282081181
Smp_164150	0.00800443664221585
Smp_164180	0.160852013210797
Smp_164190	0.0077279494272971
Smp_164200	0.00288617697692445
Smp_164210	0.00222473394296398
Smp_164250	0.00279711373270984
Smp_164270	0.00812809319232041
Smp_164360	0.0115557543749801
Smp_164380	0.00419909407649896
Smp_164400	0.137739002792821
Smp_164410	0.00218717329936151
Smp_164480	0.177129338615941
Smp_164500	0.00188004539455778
Smp_164540	0.00353942800295996
Smp_164560	0.00719288286746752
Smp_164590	0.0159034924104737
Smp_164650	0.00318457313186447
Smp_164660	0.00148713627216115
Smp_164730	0.0202035080216963
Smp_164760	0.00296230197046203
Smp_164820	0.00418979842101222
Smp_164860	0.00657106874373138
Smp_164880	0.00169526688914014
Smp_164890	0.00176604404445916
Smp_164930	0.00262793760047005
Smp_164940	0.00208104264125711
Smp_164950	0.00463401828304528
Smp_164960	0.00299444065647342
Smp_164990	0.00164159279740734
Smp_165000	0.00207495121182988
Smp_165030	0.00209810736598407
Smp_165040	0.0113149983880124
Smp_165050	0.199642810490023
Smp_165060	0.00637041051080838
Smp_165070	0.0040984685099733
Smp_165080	0.0030802227253087
Smp_165150	0.0104119078519323
Smp_165170	0.00488294857652757
Smp_165180	0.0101641877629257
Smp_165190	0.00119985293569777
Smp_165200	0.00214763357605431
Smp_165220	0.00281154568897105
Smp_165230	0.0490690264901664
Smp_165260	0.00230867646450062
Smp_165280	0.00392969669251223
Smp_165320	0.00563442375821672
Smp_165330	0.00654711568261422
Smp_165340	0.0378449963334503
Smp_165350	0.00341188012554655
Smp_165360	0.342940521954077
Smp_165400	0.00529951320690982
Smp_165420	0.00518309112901121
Smp_165430	0.0494037417463912
Smp_165440	0.00145508747646942
Smp_165450	0.0310992025508087
Smp_165460	0.00317930799061786
Smp_165470	0.00340057856078284
Smp_165490	0.00164538093113463
Smp_165530	0.00754486040606755
Smp_165540	0.0023982757151238
Smp_165550	0.00371942580440969
Smp_165560	0.00152700365933683
Smp_165570	0.0203429024846317
Smp_165580	0.0096744672237561
Smp_165600	2.49079838853567
Smp_165610	0.0119671287641153
Smp_165630	0.00232601854934058
Smp_165660	0.013223636119888
Smp_165680	0.00162625649831314
Smp_165690	0.0230765410046608
Smp_165700	0.0014663069906196
Smp_165710	0.0019703941298083
Smp_165720	0.0203442126150537
Smp_165750	0.0260253164190721
Smp_165760	0.0131244447760915
Smp_165780	0.00305056778197134
Smp_165790	0.00673734757212415
Smp_165820	0.0192541738910712
Smp_165830	0.00254942261941856
Smp_165840	0.00254427372144777
Smp_165850	0.00788135399824732
Smp_165870	0.00260927702343581
Smp_165930	0.00151818142073125
Smp_165940	0.021112135039138
Smp_165950	0.00513741715774812
Smp_165960	0.0021255248979552
Smp_165980	0.00275253735956436
Smp_166020	0.0214357843575731
Smp_166040	0.00296874599846687
Smp_166070	0.00176855825127738
Smp_166080	0.00309084833879673
Smp_166090	0.0218311857246736
Smp_166120	0.00300531180521097
Smp_166170	0.024037829424573
Smp_166180	0.00491658418908331
Smp_166200	0.00423436272525763
Smp_166220	0.00147822486392821
Smp_166230	0.0156720777716178
Smp_166280	0.00776148726302987
Smp_166290	0.0011503295188726
Smp_166300	0.031216672832401
Smp_166310	0.00171980196346492
Smp_166320	0.00768901732414485
Smp_166340	0.00702566736523889
Smp_166350	0.0530391984529828
Smp_166370	0.00387867730502684
Smp_166390	0.00255706319502401
Smp_166400	0.00808708137199572
Smp_166420	0.0158239183084501
Smp_166430	0.0030279108168598
Smp_166440	0.0188504237934662
Smp_166500	0.00291122872303576
Smp_166530	0.0485324928176983
Smp_166550	0.00246338541680266
Smp_166560	0.0249922182020225
Smp_166580	0.00424484043073816
Smp_166600	0.00200495834103461
Smp_166610	0.00896742206567517
Smp_166660	0.00489942109729597
Smp_166680	0.00134020381155048
Smp_166690	0.586027488293111
Smp_166780	0.00643469079276745
Smp_166790	0.0047690378803393
Smp_166800	0.010146686233467
Smp_166820	0.00545525746038421
Smp_166830	0.00206945440206521
Smp_166890	0.00416874557809345
Smp_166930	0.00265229210242794
Smp_166940	0.00176942293248251
Smp_166960	0.0141594236754935
Smp_166980	0.00459616600511539
Smp_167000	0.00539310617195021
Smp_167010	0.00366229474876418
Smp_167020	0.00536681885433983
Smp_167140	0.0366771521860163
Smp_167160	0.00641235010789053
Smp_167170	0.00294843922945175
Smp_167190	0.0137010578880675
Smp_167200	0.0051399671252928
Smp_167220	0.00414260246283726
Smp_167230	0.00168430177663986
Smp_167240	0.00227181483623557
Smp_167280	0.00959546534491757
Smp_167290	0.00231765705531839
Smp_167300	0.00514892593547432
Smp_167310	0.00363255690349543
Smp_167330	0.00327735488168189
Smp_167360	0.0107903097576812
Smp_167370	0.0138400322454551
Smp_167400	0.00789690892904285
Smp_167410	0.00461266287079203
Smp_167430	0.0112668130709019
Smp_167450	0.0155669392676226
Smp_167470	0.0103336528501603
Smp_167500	0.00229176895727015
Smp_167520	0.00422482807225209
Smp_167540	0.0123853282013544
Smp_167550	0.00150186678591958
Smp_167590	0.0023629765852347
Smp_167630	0.00929098945110889
Smp_167640	0.0101910298096821
Smp_167650	0.00819237208360271
Smp_167660	0.0110737961309442
Smp_167670	1.48914589514185
Smp_167680	0.00273538712140281
Smp_167750	0.00750604593483072
Smp_167770	0.0843693068966158
Smp_167800	0.000799353529264926
Smp_167810	0.0138643180126773
Smp_167830	0.0553063371298332
Smp_167840	0.0339513613615911
Smp_167850	0.00218954317900052
Smp_167860	0.00148619118332991
Smp_167880	0.00203948155001817
Smp_167890	0.00460857141957643
Smp_167920	0.00385188374915292
Smp_167950	0.00256183512040077
Smp_168000	0.00501719534509544
Smp_168040	0.00286329297714432
Smp_168050	0.00470968918350262
Smp_168080	0.00593786457150475
Smp_168140	0.004302313888551
Smp_168160	0.00190375992476167
Smp_168170	0.0021299789245744
Smp_168200	0.00419108020978516
Smp_168240	0.00387200278913246
Smp_168250	1.51101211764577
Smp_168270	0.00324961691457108
Smp_168310	0.00205791640805203
Smp_168330	0.00483453063301718
Smp_168340	0.00435391461100865
Smp_168350	0.00221684714078604
Smp_168370	0.00309659527020541
Smp_168400	0.0155269379869967
Smp_168430	1.07012900985448
Smp_168450	0.0200897933550482
Smp_168460	0.00317088609477691
Smp_168500	0.00291960938775741
Smp_168520	0.00202499024109003
Smp_168550	0.0123162302275491
Smp_168590	0.00693041058119119
Smp_168600	0.0140209412932946
Smp_168610	0.436988522514226
Smp_168620	0.0433383444012344
Smp_168660	0.0022919335704808
Smp_168670	0.00780685681922508
Smp_168730	0.0151127605046047
Smp_168760	0.00282154017342374
Smp_168770	0.00288615680487769
Smp_168780	0.0153819008871478
Smp_168800	0.00861095035058259
Smp_168890	0.00197908321289006
Smp_168930	0.00510214961522348
Smp_168990	0.0561260090537366
Smp_169010	0.00523124541421727
Smp_169030	0.0032002978816252
Smp_169040	0.00209843868671199
Smp_169050	0.00681903786228631
Smp_169070	0.00745425593136911
Smp_169090	0.0129429889179553
Smp_169140	0.00240970416280719
Smp_169150	0.00862684812079878
Smp_169180	0.0154300424249784
Smp_169200	0.0160309809650222
Smp_169220	0.0310028417434845
Smp_169260	0.0131042756621562
Smp_169280	0.00381258804676693
Smp_169290	0.00365514385905778
Smp_169300	0.00205373410515913
Smp_169320	0.00178083829900271
Smp_169330	0.00360957920001832
Smp_169340	0.0063534472590357
Smp_169350	0.0375032658069743
Smp_169360	0.014585039198929
Smp_169380	0.0128824019178607
Smp_169410	0.0108466421045192
Smp_169430	0.0040197341853439
Smp_169440	0.00157559857149492
Smp_169460	0.0240192112883527
Smp_169470	0.00253437180634404
Smp_169480	0.0122945061709552
Smp_169520	0.00279672939509296
Smp_169530	0.00167666529174781
Smp_169550	0.00320800026299236
Smp_169580	0.00743722519268472
Smp_169610	0.00469304147417396
Smp_169630	0.00709367336200803
Smp_169640	0.004669683052195
Smp_169660	0.0124709426884725
Smp_169670	0.00275458497517759
Smp_169690	0.00176931181840505
Smp_169700	0.00805648551344619
Smp_169720	0.00337174343780359
Smp_169730	0.00329535519436422
Smp_169750	0.0041506058593964
Smp_169760	0.00577873485368198
Smp_169780	0.0120099486750619
Smp_169800	0.00355921343216991
Smp_169820	0.0021843644580481
Smp_169860	0.0310951955711876
Smp_169870	0.0145035461378252
Smp_169880	0.124628787322764
Smp_169890	0.0201847224471492
Smp_169930	0.012252476291396
Smp_169940	0.00119225640817315
Smp_169950	0.00290234945308079
Smp_169960	0.00255503028514354
Smp_169970	0.00422367691564399
Smp_169980	0.00167185102417863
Smp_169990	0.00190052945275975
Smp_170010	0.0048753323832509
Smp_170020	0.0140048414351916
Smp_170030	0.0029431247561895
Smp_170060	0.0024560262667749
Smp_170150	0.0197754471059037
Smp_170160	0.00229169339784079
Smp_170170	0.00219807168619544
Smp_170200	0.00890292666306814
Smp_170210	0.0161360291772674
Smp_170230	0.0018963141498101
Smp_170260	0.00885574710339748
Smp_170280	0.0199568415227941
Smp_170290	0.0033217132243171
Smp_170300	0.00192674374086697
Smp_170320	0.0285573811835136
Smp_170340	0.00612439853478956
Smp_170350	0.00185615789019403
Smp_170380	0.00785240489305155
Smp_170390	0.00774811179044221
Smp_170400	0.00301165445165564
Smp_170430	0.0127894770833934
Smp_170440	0.00331585141710892
Smp_170450	0.00328303675344677
Smp_170490	0.307455886317617
Smp_170540	0.00735752759388569
Smp_170550	0.0030258726238005
Smp_170560	0.00860562048023018
Smp_170570	0.00441663961771313
Smp_170580	0.0175831631018465
Smp_170600	0.00601501199589082
Smp_170610	0.125438715384125
Smp_170620	0.00807354710351815
Smp_170630	0.0139180782189071
Smp_170690	0.0231491887918829
Smp_170700	0.0378993699464495
Smp_170740	0.775381423649821
Smp_170760	0.00995466551907154
Smp_170770	0.0652325248043445
Smp_170790	0.0377448510194302
Smp_170800	0.00322521536602635
Smp_170810	0.0225237152749788
Smp_170840	0.0631811365701549
Smp_170890	0.0639525938141149
Smp_170910	0.00351888980196586
Smp_170930	0.0139355939219215
Smp_170940	0.0112334931889098
Smp_170950	0.00269867964880226
Smp_170980	0.0316820331694025
Smp_171000	0.0175419596366159
Smp_171010	0.0106868752725507
Smp_171020	0.00977864559921617
Smp_171030	0.00842471600496841
Smp_171040	0.00171925617278764
Smp_171060	0.850618310240338
Smp_171070	0.00249661889412752
Smp_171080	0.00431690345601188
Smp_171090	0.0077503260017415
Smp_171120	0.00323139827011956
Smp_171130	0.28351953671345
Smp_171140	0.0139497077407008
Smp_171150	0.00410077006007815
Smp_171170	0.00366656224096592
Smp_171180	0.00647570574897672
Smp_171190	0.0149457838460312
Smp_171200	0.00280385279491296
Smp_171270	0.0128223811475373
Smp_171280	0.0315141362280532
Smp_171370	0.00675634407905501
Smp_171460	0.00466629441811004
Smp_171490	0.0160254806868832
Smp_171530	0.000984850771227489
Smp_171540	0.00311936397338813
Smp_171550	0.00406176093431376
Smp_171580	0.00511925296359848
Smp_171600	0.00750041976516122
Smp_171610	0.0441359722202348
Smp_171620	0.00153584498691697
Smp_171630	0.00190421048698907
Smp_171640	0.00321384862203017
Smp_171660	0.00422859935986655
Smp_171670	0.00155666946614609
Smp_171680	0.0298772047664102
Smp_171710	0.00182555530403102
Smp_171720	0.00504786568967095
Smp_171730	0.105794514522397
Smp_171740	0.00673323065051648
Smp_171750	0.0116614269625205
Smp_171770	0.00516175846763323
Smp_171780	0.00729105510063502
Smp_171790	0.00579207613293052
Smp_171820	0.00219878753785105
Smp_171860	0.00361862612562647
Smp_171870	0.00375050058028759
Smp_171880	0.00105421160350467
Smp_171940	0.00389302324079649
Smp_172030	0.00214058486975952
Smp_172040	0.01106976023045
Smp_172050	0.00242734131657995
Smp_172060	0.00378585029021179
Smp_172070	0.00157425081515749
Smp_172090	0.00412036685098735
Smp_172110	0.00260615463549115
Smp_172120	0.0165325104358624
Smp_172130	0.00404926881972039
Smp_172140	0.00506815515168124
Smp_172150	0.172107643625322
Smp_172160	0.00140111632785446
Smp_172180	0.0123751240785336
Smp_172190	0.00372700319679242
Smp_172200	0.013913978682171
Smp_172210	0.0218947393744579
Smp_172220	0.00198578628156346
Smp_172240	0.0021165616084721
Smp_172250	0.011624638831034
Smp_172270	0.00109161351398808
Smp_172280	0.00270192427645465
Smp_172340	0.0147268690943194
Smp_172360	0.00366603955111087
Smp_172370	0.0223513480132267
Smp_172400	0.00646811242945988
Smp_172420	0.00292595334828104
Smp_172440	0.0424986124910654
Smp_172460	0.0320862943485364
Smp_172470	0.0160857103103873
Smp_172480	0.00997837056434257
Smp_172490	0.00358524303696654
Smp_172510	0.00182513813071326
Smp_172520	0.0174199604184996
Smp_172530	0.00382188560487606
Smp_172540	0.00148328117100893
Smp_172580	0.00710438509607482
Smp_172590	0.119481848089202
Smp_172610	0.0276883305386656
Smp_172640	0.0263744402518795
Smp_172660	0.00223300937907797
Smp_172700	0.00337274133485179
Smp_172730	0.00665477192031149
Smp_172780	0.00213353593271492
Smp_172790	0.0016297591955511
Smp_172810	0.00704988539861499
Smp_172850	0.00532978198133566
Smp_172990	0.00665696787527511
Smp_173000	0.0110499785969145
Smp_173010	0.0655868436056579
Smp_173020	0.0074628988245001
Smp_173060	0.00219274944574874
Smp_173100	0.0226753721166306
Smp_173110	0.00330991781707241
Smp_173120	0.00863293680534571
Smp_173140	0.00350605380285421
Smp_173150	0.0107244697924863
Smp_173160	1.05716805103483
Smp_173180	0.00284362121888087
Smp_173190	0.00324811521007616
Smp_173210	0.00297591594396035
Smp_173230	0.00603026187148912
Smp_173240	0.00366990186339454
Smp_173250	0.00631220278482199
Smp_173280	0.00209689967693183
Smp_173320	0.00342229580665943
Smp_173330	0.00193870414222715
Smp_173340	0.0163672030232989
Smp_173350	4.67373685092225
Smp_173380	0.00764758696824793
Smp_173410	0.00248457523650899
Smp_173420	0.0141259961893972
Smp_173480	0.00329191902501188
Smp_173550	0.00360099581424485
Smp_173580	0.00152563354272273
Smp_173610	0.00549627944132414
Smp_173620	0.00314218695953744
Smp_173640	0.00472616836194987
Smp_173650	0.00239014695232049
Smp_173700	0.00821193979925501
Smp_173730	0.00192825141604447
Smp_173760	0.0250627709600058
Smp_173790	0.00468484709405851
Smp_173810	0.00742638353477292
Smp_173840	0.00195467148002747
Smp_173880	0.00736704342826944
Smp_173900	0.00150757638516828
Smp_173910	0.00447959158599344
Smp_173940	0.00251222405015789
Smp_174060	0.0394522750948151
Smp_174090	0.0131835471467503
Smp_174110	0.00206341672166532
Smp_174130	0.00359845470508894
Smp_174170	0.0141924193556658
Smp_174190	0.0186057439387077
Smp_174220	0.00198064001254466
Smp_174230	0.00194400589336059
Smp_174240	0.00550667998311587
Smp_174260	0.0110582370269027
Smp_174300	0.0121141139309442
Smp_174310	0.00311069191777102
Smp_174320	0.0139875991604275
Smp_174350	0.00628963454718111
Smp_174370	0.00353432911635338
Smp_174380	0.0175232343441974
Smp_174390	0.00212218866448838
Smp_174410	0.0181994254729998
Smp_174420	0.00369679349938183
Smp_174450	0.00542416128139783
Smp_174490	0.003739008240671
Smp_174510	0.0135523911029491
Smp_174520	0.0974071518343304
Smp_174580	0.00353623407923863
Smp_174610	0.0164400886605791
Smp_174630	0.00346923484410573
Smp_174660	0.00842597353467728
Smp_174670	0.00351003979120273
Smp_174680	0.0066386590756444
Smp_174690	0.00546448120846508
Smp_174700	0.0754890597513396
Smp_174710	0.0090058927934401
Smp_174720	0.00355510293894909
Smp_174780	0.0100352299951879
Smp_174800	0.00474819588504271
Smp_174810	0.00783410207793786
Smp_174850	0.00387233546670731
Smp_174870	0.0118780788865522
Smp_174880	0.0068816485335038
Smp_174890	0.00643585414649662
Smp_174920	0.00809333856022349
Smp_174950	0.00463098796229831
Smp_174960	0.00339512744264468
Smp_174990	0.00172038239898958
Smp_175020	0.0190383880832165
Smp_175090	0.00756235572364838
Smp_175190	2.28358851651126
Smp_175200	0.00254925796725194
Smp_175210	0.00276137157309487
Smp_175230	0.00482827522095625
Smp_175240	1.94305991043474
Smp_175270	0.00758870728803834
Smp_175310	0.0126213750282977
Smp_175340	0.00201429749513957
Smp_175390	0.0116500973980469
Smp_175400	1.39409055986205
Smp_175410	0.025944536687469
Smp_175420	0.0032328284085818
Smp_175430	0.00402574573095975
Smp_175500	0.0384349638701675
Smp_175510	0.0141145572862264
Smp_175550	0.0027223381501181
Smp_175570	0.00187631249404098
Smp_175580	0.00912951426148091
Smp_175590	0.0061892852745464
Smp_175610	0.00352192693965856
Smp_175630	0.0334494025099345
Smp_175640	0.00523818524242919
Smp_175660	0.00109416022213259
Smp_175680	0.00246211624135009
Smp_175710	0.223578447553254
Smp_175740	0.00334511861496653
Smp_175780	0.00214917704791553
Smp_175810	0.00185453138808539
Smp_175840	0.00230597654352763
Smp_175860	0.0064197641637073
Smp_175880	0.0214095129119782
Smp_175900	0.00248438211307581
Smp_175910	0.00419224300498296
Smp_175920	0.00462077008093221
Smp_175930	0.0108716268171531
Smp_175950	0.0073601019043645
Smp_175980	0.00547432898959936
Smp_176000	0.0046904008607351
Smp_176010	0.0108313470310993
Smp_176020	0.0115076943318308
Smp_176040	0.00346124080156435
Smp_176050	0.00760859895850574
Smp_176070	0.00398156888381073
Smp_176080	0.0023158153999905
Smp_176090	0.00393667579246496
Smp_176100	0.00583666610824014
Smp_176110	0.0242385987631134
Smp_176150	0.00226676525662019
Smp_176160	1.29526950492834
Smp_176170	1.0688251666329
Smp_176200	0.00388828799268051
Smp_176230	0.00204223791860274
Smp_176260	0.00742384028162739
Smp_176270	0.00412143085484676
Smp_176290	0.00531560884273146
Smp_176300	0.0247964369938519
Smp_176310	0.00677424886169128
Smp_176340	0.00337252863050287
Smp_176350	0.00524790293840377
Smp_176370	0.00117018403881255
Smp_176380	0.00201015437593519
Smp_176390	0.0122447217360606
Smp_176410	0.0162212692796247
Smp_176420	0.00188983608352929
Smp_176430	0.00756117667253006
Smp_176440	0.000842159629603194
Smp_176460	0.0026641482666468
Smp_176490	0.00311244215845278
Smp_176540	0.00861216745545631
Smp_176570	0.018758593045804
Smp_176580	0.00153822229531182
Smp_176600	0.00143374137688675
Smp_176620	0.0025116022177833
Smp_176630	0.00781893461222912
Smp_176640	0.00158085859546388
Smp_176650	0.00538109484219184
Smp_176710	0.00814135865370122
Smp_176720	0.00268555427394759
Smp_176750	0.00398837350475941
Smp_176760	0.00511848022144208
Smp_176780	0.0129190723202677
Smp_176810	0.00636750699827348
Smp_176820	0.009874658659291
Smp_176840	0.00152784244625955
Smp_176850	0.00566734518121937
Smp_176910	0.00872636971201575
Smp_176930	0.0130317457952756
Smp_176940	0.006906308434598
Smp_176950	0.0135400242581608
Smp_176960	0.00325218136813516
Smp_176980	0.238608248909183
Smp_177010	0.0242605224898582
Smp_177020	0.0096361546803083
Smp_177040	0.00278865551848436
Smp_177060	0.0132549111549049
Smp_177080	0.00412609310747207
Smp_177100	0.253973557886058
Smp_177120	0.00186614015251784
Smp_177180	0.00373009471557329
Smp_177290	0.146232788367369
Smp_177780	0.274448715135321
Smp_177790	0.0018055145923019
Smp_178230	0.0060843684215675
Smp_178360	0.00371191288289722
Smp_178410	0.0010902803138142
Smp_178420	0.0744966359977281
Smp_178490	0.00562757480719973
Smp_178700	0.00169034366235119
Smp_178710	0.00722349381895835
Smp_178740	0.00980505241524159
Smp_178750	0.00256551547874493
Smp_178760	0.034700773538033
Smp_178780	0.0947086259263048
Smp_178810	0.00127727938231993
Smp_178850	0.00243113317171398
Smp_178990	0.0097963724085731
Smp_179000	0.00762703500963511
Smp_179010	0.0036632307281052
Smp_179070	0.00230989424663263
Smp_179080	0.00605005261327687
Smp_179110	0.0261122110982892
Smp_179130	0.00358845930586281
Smp_179180	0.00422721682258456
Smp_179200	0.0773892943172985
Smp_179250	1.89717413451857
Smp_179270	0.00560103634419848
Smp_179290	0.00774486541211298
Smp_179300	0.00872845514011496
Smp_179320	0.0119357360220455
Smp_179350	0.0112462513716233
Smp_179360	0.00295934956106449
Smp_179380	0.0109820954756773
Smp_179390	3.91049499102385
Smp_179440	3.08752866315534
Smp_179460	0.00807930866496654
Smp_179490	0.00637945054910826
Smp_179560	0.00540875872435838
Smp_179590	0.00523474240787742
Smp_179600	0.249466811855946
Smp_179610	0.00166711376444775
Smp_179620	0.00884947562070256
Smp_179650	0.00315222330066662
Smp_179660	0.0158821103424467
Smp_179710	0.0222662688426661
Smp_179720	0.00202310730458654
Smp_179740	0.0101231646160547
Smp_179810	0.00416292410154264
Smp_179890	0.00444421139292861
Smp_179910	0.0018208169898613
Smp_179930	0.00261823723508486
Smp_179940	0.018842251539267
Smp_179970	0.146267692505178
Smp_180000	0.0177386830509561
Smp_180020	0.00823829591634165
Smp_180030	0.0161247889777282
Smp_180040	0.00127395634777668
Smp_180060	0.00303124022334893
Smp_180070	0.00251876025653978
Smp_180150	0.0029444382737192
Smp_180160	0.00374665797075598
Smp_180170	0.00453141889978747
Smp_180180	0.00558470062084216
Smp_180190	0.00745746124581175
Smp_180200	0.0031679814788776
Smp_180240	0.00539428224852318
Smp_180260	0.063518340849947
Smp_180320	0.209585100294346
Smp_180330	0.284807215207793
Smp_180340	0.706820677973266
Smp_180350	0.0216594984453436
Smp_180360	0.00179667176427547
Smp_180370	0.00471348981352543
Smp_180380	0.00505234520384663
Smp_180390	0.00812079906930636
Smp_180400	0.00217350138148982
Smp_180430	0.0177927777033254
Smp_180470	0.00156289260256891
Smp_180480	0.00174979861278038
Smp_180500	0.00718982146495282
Smp_180520	0.00200214086248223
Smp_180540	0.00304844225800998
Smp_180570	0.0132080921234037
Smp_180580	0.00906805897559566
Smp_180590	0.0311469386285899
Smp_180620	0.0251047584155524
Smp_180660	0.0356931052532925
Smp_180680	0.00589896993205156
Smp_180690	0.0119985740010137
Smp_180740	0.00442537369641997
Smp_180790	0.00390267603379732
Smp_180800	0.0071439785582321
Smp_180810	0.00579621293891468
Smp_180890	0.0183475742249873
Smp_180900	0.00747303608237535
Smp_180910	0.0026044410138285
Smp_181000	0.00248875002720197
Smp_181040	0.00823835222803882
Smp_181050	0.002347999925898
Smp_181060	0.0176438056334064
Smp_181070	0.0638856126411149
Smp_181080	0.00280703423252045
Smp_181090	0.00158327390207997
Smp_181120	0.00166239160673122
Smp_181130	0.00488817701336181
Smp_181150	0.00481078558078556
Smp_181160	0.0154166654916134
Smp_181170	0.00447629431557225
Smp_181180	0.0124445054472193
Smp_181230	0.0191177094881666
Smp_181240	0.00301865805249014
Smp_181250	0.023770005010931
Smp_181270	0.00520236696980315
Smp_181290	0.00228928457423023
Smp_181390	0.0152720810647803
Smp_181410	0.00598076821410156
Smp_181440	0.00547883442185055
Smp_181450	0.00593890661300272
Smp_181460	0.00250714279703322
Smp_181470	0.00821139811150058
Smp_181480	0.00175175904423946
Smp_181490	0.00263429496124485
Smp_181720	2.59437290237342
Smp_181730	0.108408605508914
Smp_181870	0.0156645879700237
Smp_182090	0.149050452712277
Smp_182600	0.0164730904443985
Smp_182620	0.00401275973207367
Smp_182890	0.0130941181812709
Smp_183710	0.00480982197242897
Smp_183870	0.431469827005058
Smp_184350	0.0232705390806825
Smp_185180	0.0147880448930123
Smp_185420	0.00595521578506443
Smp_185460	5.83188459334625
Smp_185560	1.74104991746892
Smp_185680	0.164698945543921
Smp_186560	0.00392941280773161
Smp_186670	0.00690627875269828
Smp_186780	0.0236111229210776
Smp_186920	0.0175645831772767
Smp_186930	0.108450568247801
Smp_187090	0.0340360179798831
Smp_187140	0.0854875469878714
Smp_187190	0.00643603329951125
Smp_187360	0.0325491748629112
Smp_187410	0.105622492357656
Smp_187800	0.00760366933536339
Smp_187940	0.00298071469195773
Smp_188200	0.0607045550836009
Smp_188430	0.0049053054964636
Smp_188580	0.00427289948038175
Smp_189830	0.0135036683229769
Smp_189960	0.00459358664100589
Smp_190020	0.00372112548613101
Smp_190140	0.00540441070847814
Smp_190770	0.00204534144486524
Smp_190940	0.0354276460392437
Smp_191160	0.00283249496940087
Smp_191210	0.00607070541074889
Smp_191310	0.0113414768416644
Smp_191360	0.00308432374608202
Smp_191400	0.0406167134351353
Smp_191670	0.00716008998782205
Smp_191870	0.00310808708499489
Smp_191910	0.508000557458756
Smp_191970	0.0154231502534906
Smp_192010	0.0170443000608664
Smp_192400	0.0123632090899622
Smp_192570	0.00657155435267935
Smp_192610	0.00763775451513961
Smp_192670	0.0839505217066485
Smp_192780	0.0178947203800683
Smp_193150	0.0050051248827516
Smp_193400	0.745380316543499
Smp_193440	0.00454156616755441
Smp_193610	0.0217545984016869
Smp_193750	0.00477620178028588
Smp_193800	0.0709478093671495
Smp_194030	0.00275107617857386
Smp_194040	0.0257936235385106
Smp_194050	0.00268719370224854
Smp_194090	0.0023349463872368
Smp_194100	2.96165029361099
Smp_194130	0.271549409457962
Smp_194160	0.00117041809052934
Smp_194170	0.00263264662194437
Smp_194240	0.0040301301558961
Smp_194270	0.0027346342465832
Smp_194280	0.00200336740117567
Smp_194370	0.00214472770477796
Smp_194380	0.077516411002168
Smp_194390	0.0223996097417243
Smp_194410	0.210909614720115
Smp_194420	0.00774973320930377
Smp_194430	0.010326460077069
Smp_194520	0.0050119006174671
Smp_194560	0.00809218745565578
Smp_194570	0.00250329840015175
Smp_194580	0.00222245508266435
Smp_194590	0.00236716784157572
Smp_194610	0.0185180515951536
Smp_194620	0.0028072297742311
Smp_194650	0.00548895156541023
Smp_194680	0.00192557958900753
Smp_194700	0.0569370102706195
Smp_194710	0.00904343923692013
Smp_194720	0.00446014158759903
Smp_194730	0.00233185001577428
Smp_194740	0.0184908371234612
Smp_194750	0.077381095752473
Smp_194770	0.00903622196209998
Smp_194780	0.0179211656636073
Smp_194800	0.00415926137827744
Smp_194820	0.00696655865574378
Smp_194830	0.0096062152139182
Smp_194840	0.0315619091226445
Smp_194870	0.0131728724958614
Smp_194900	0.0131879006497484
Smp_194910	0.0707321182344161
Smp_194920	0.00171596674508017
Smp_194930	0.00161143272718043
Smp_194940	0.00346815274654087
Smp_194970	0.0120777106392473
Smp_194980	0.0219724762583886
Smp_195060	0.00975150690133554
Smp_195070	0.0706721015534358
Smp_195080	0.00567502571199529
Smp_195090	0.0145873683079082
Smp_195190	0.00499988353769521
Smp_196020	0.00326345589171228
Smp_196030	0.00111168193922029
Smp_196040	0.00231227128962767
Smp_196090	0.0120405020732465
Smp_196110	0.00536557899841863
Smp_196140	0.0087380741128962
Smp_196150	0.0030222235812245
Smp_196160	0.000978746713681373
Smp_196220	0.00815438388424034
Smp_196230	0.005753863157449
Smp_196260	0.00181058555815772
Smp_196290	0.00463272382825266
Smp_196300	0.00483382048929225
Smp_196370	0.0159513515676722
Smp_196400	0.0104510969511563
Smp_196410	0.11741420546183
Smp_196480	0.00276986202291498
Smp_196510	0.00243875182806471
Smp_196600	0.00244171470629575
Smp_196620	0.0140492927018524
Smp_196690	0.00189923824630879
Smp_196700	0.0126028222025253
Smp_196790	0.0030912480777838
Smp_196810	0.0075729916993151
Smp_196840	0.0152411984398259
Smp_196880	0.00299195094480361
Smp_196900	0.109350672523343
Smp_196910	0.00494168048699753
Smp_196920	0.00716047841580469
Smp_196925	1.08313086055478
Smp_196950	0.0308570897664947
Smp_197070	0.204081577324717
Smp_197150	0.0776705598557188
Smp_197180	0.0020192108928008
Smp_197230	0.00272556721419694
Smp_197370	0.0127961645879921
Smp_197390	0.00347649502991676
Smp_197480	0.00291738627592947
Smp_197540	0.00222142820454309
Smp_197640	0.0153893964598115
Smp_197690	0.00381978354416015
Smp_197700	0.0251577619350339
Smp_197730	0.00344884801959579
Smp_197860	0.00778499819185913
Smp_197880	0.00736715597062176
Smp_197890	0.00572961703249873
Smp_197950	0.0222119157707706
Smp_198020	0.0175818808015476
Smp_198170	0.0965018293317763
Smp_198190	0.00179983531124649
Smp_198290	0.000939560476510874
Smp_198330	0.0187681704345809
Smp_198360	0.0116898799479905
Smp_198380	0.00262213114583452
Smp_198420	0.00280362146382228
Smp_198520	0.00623371397979587
Smp_198530	0.00151425575502028
Smp_198560	0.0164643165226289
Smp_198590	0.0846294042228285
Smp_198660	0.00529613261314715
Smp_198670	0.00178913061913959
Smp_198680	0.0065649230357739
Smp_198730	0.00465229249700908
Smp_198750	0.00308535061050281
Smp_198790	0.00373302600046653
Smp_198800	0.00271531111944634
Smp_198850	0.00482995964687763
Smp_198890	0.0116302063365748
Smp_198920	0.00496099799673537
Smp_198930	0.00753971868652524
Smp_198940	0.00508405025754798
Smp_198980	0.00620105594680293
Smp_199040	0.00772783448080665
Smp_199050	0.00344022772817802
Smp_199100	0.00689451444168507
Smp_199340	0.0760086525364654
Smp_199800	0.011935941331533
Smp_200020	0.0127009023455912
Smp_200060	0.0146427587459546
Smp_200090	0.0150758903104492
Smp_200100	0.0224567199849077
Smp_200110	0.0250328732895972
Smp_200130	0.0118155429504836
Smp_200180	0.00828306843347045
Smp_200190	0.0067080091561758
Smp_200230	0.0064407199877653
Smp_200240	0.021403419598557
Smp_200300	0.00185614963299384
Smp_200310	0.0301889960940129
Smp_200380	0.00224785217512145
Smp_200410	0.00736629831706654
Smp_200440	0.0384049677052753
Smp_200450	0.0996622987601267
Smp_200460	0.061975814569802
Smp_200520	0.0166406298973684
Smp_200530	0.0119597930887766
Smp_200540	0.519714905679136
Smp_200570	0.0065104855542245
Smp_200600	0.191444514805906
Smp_200610	0.0068059024492954
Smp_200620	0.627262082307679
Smp_200670	0.00781598211508214
Smp_200710	2.07148268918073
Smp_200800	0.00860657017909029
Smp_200840	0.210380542533908
Smp_200900	0.00953855939547362
Smp_200910	0.221881505508326
Smp_200960	0.0751623669298627
Smp_200970	0.11405522826417
Smp_200980	0.190216958732583
Smp_201030	0.0029778604247948
Smp_201060	0.0385526502702693
Smp_201070	0.360575210785679
Smp_201130	0.0101558004745653
Smp_201210	0.00791142461542666
Smp_201220	0.0025392151243491
Smp_201230	0.010072866093492
Smp_201260	0.979727252337889
Smp_201320	0.802429104334936
Smp_201330	0.0472414719701441
Smp_201340	0.945070382774676
Smp_201440	0.00222677752093246
Smp_201470	0.00290120369818478
Smp_201530	2.02340287690656
Smp_201600	0.0642884904829381
Smp_201670	0.066121206838249
Smp_201680	0.00933848256255957
Smp_201700	0.0128582010832467
Smp_201730	0.012397635808506
Smp_201810	0.0562830116085471
Smp_201820	0.00535026398017718
Smp_201940	3.09248116019309
Smp_201950	0.0446931301403517
Smp_201970	0.00822489923834934
Smp_202010	1.10783980515436
Smp_202120	0.0093328741033083
Smp_202130	0.00480513215333176
Smp_202170	0.017833423543508
Smp_202190	0.0524347987971669
Smp_202200	1.33828298491812
Smp_202260	0.00535121982778785
Smp_202370	0.248211802840651
Smp_202400	0.0127354916587132
Smp_202470	0.00859415349150032
Smp_202580	1.090957503516
Smp_202610	0.0619070636904422
Smp_202620	0.00496920464659799
Smp_202630	0.00717029470557984
Smp_202680	0.00334112582119061
Smp_202690	0.0104168478749444
Smp_202700	1.45528399258676
Smp_202720	0.0594465329660989
Smp_202770	0.0304597387948298
Smp_202850	0.854101059454701
Smp_202920	0.00545550163367675
Smp_202970	0.0102218589281546
Smp_202980	0.0036417357066154
Smp_202990	0.436405969412202
Smp_203030	0.0479151180082421
Smp_203090	0.0392337936277102
Smp_203130	0.00998798448058281
Smp_203170	0.00529646890557473
Smp_203190	0.0268415569283214
Smp_203200	0.0350616263163375
Smp_203270	0.12852848536812
Smp_203280	0.00966875889090529
Smp_203310	0.0281438736799849
Smp_203390	0.00691517711884279
Smp_203400	0.237944109737023
Smp_203410	0.00970314593861136
Smp_203460	2.14194799295816
Smp_203480	0.00362483796069434
Smp_203500	0.00691058530991301
Smp_203580	0.00964572927191855
Smp_203600	0.00173191664377719
Smp_203630	0.00544676135173435
Smp_203635	0.00417301049184762
Smp_203680	0.324507945528646
Smp_203720	0.0781030626851764
Smp_203810	0.00677364081757192
Smp_203830	0.021522336869119
Smp_203950	0.00746744626976861
Smp_203970	0.00530273169665771
Smp_203990	0.034510000548736
Smp_204010	0.0118390850774661
Smp_204020	0.0684888890741039
Smp_204040	0.0343365435746896
Smp_204060	1.33579946107134
Smp_204070	0.00355021229135345
Smp_204120	0.00925203362128757
Smp_204150	0.010691724137303
Smp_204160	0.00467150652920124
Smp_204230	0.0555806835803117
Smp_204250	0.157961087940517
Smp_204260	0.00856258072859302
Smp_204350	0.100109860705966
Smp_204380	0.00179633696461345
Smp_204390	0.00639789934782336
Smp_204420	0.620205044242248
Smp_204550	0.050061937652715
Smp_204710	0.0305291154774015
Smp_204720	0.00940902681711273
Smp_204730	0.00129359173260439
Smp_204740	0.000927286221616979
Smp_204750	0.00533638780454859
Smp_204770	0.00279247321181856
Smp_204820	0.210340551369441
Smp_204840	0.176654424492044
Smp_204860	0.38888199694132
Smp_204880	0.00938421878530179
Smp_204920	0.0115572739265937
Smp_204940	0.094142548324188
Smp_204980	0.052030000450649
Smp_205000	0.150083752642787
Smp_205170	0.0339025766937791
Smp_205270	0.0151432029688371
Smp_205300	0.204664654645625
Smp_205410	0.0303823044912862
Smp_205560	0.469077684813852
Smp_205570	0.00223982051147753
Smp_205660	0.0049973817988056
Smp_205700	0.338227276629866
Smp_205710	0.0097086313005696
Smp_205760	0.0153942747011505
Smp_205840	0.00522541544320304
Smp_207000	0.00283530776912986
Smp_207020	0.0014711393485881
Smp_207030	0.00232297130905793
Smp_207040	0.0521559313071915
Smp_207050	0.00177093894663929
Smp_207070	0.00201182127519469
Smp_207080	0.00427416695768142
Smp_208000	0.0031606974285284
Smp_208010	0.0022683007145121
Smp_208020	0.00213423337866608
Smp_208050	0.00320976761914638
Smp_208080	0.00319373982856631
Smp_208090	0.00223672677980461
Smp_209030	0.00190368950162554
Smp_209040	0.0054327626416794
Smp_209050	0.00255765371442196
Smp_210070	0.00341809000253141
Smp_210080	0.00128652535745886
Smp_210090	0.00504159957535345
Smp_210120	0.0625079854319931
Smp_210130	0.00499561108617494
Smp_210150	0.00198231725008543
Smp_210160	0.00509871726495622
Smp_210170	0.00279099696309255
Smp_210180	0.00540281810961923
Smp_210200	0.00624236574756612
Smp_210250	0.00245006347830234
Smp_210280	0.00254475923902211
Smp_210300	0.0121666518608385
Smp_210310	0.00430856416553376
Smp_210320	0.00449469093884835
Smp_210330	0.00268880606521542
Smp_210340	0.00189441807726774
Smp_210370	0.00275005734893393
Smp_210380	0.00437953393174233
Smp_210390	0.0115832007468834
Smp_210400	0.00402867679360132
Smp_210420	0.00180819815076359
Smp_210430	0.00231495728426681
Smp_210440	0.00135221223193653
Smp_210450	0.00372845024654068
Smp_210470	0.00140331115390518
Smp_210480	0.00246259095543627
Smp_210500	0.00634291577694022
Smp_210510	0.01297644190863
Smp_210520	0.00476427488580866
Smp_210530	0.00496707565731052
Smp_210540	0.00346569791957589
Smp_210550	0.00716601472917548
Smp_210570	0.00346271096928895
Smp_210580	0.00420577665035981
Smp_210630	0.00433150091120119
Smp_210650	0.00220799183540357
Smp_210660	0.00305040543372687
Smp_210670	0.00273842757690776
Smp_210680	0.00395979758833316
Smp_210720	0.00409608217285405
Smp_210740	0.00167551396055875
Smp_210750	0.0037064865546372
Smp_210770	0.00176647125756288
Smp_210780	0.00591316150634437
Smp_210790	0.00573537417609573
Smp_210800	0.126661272414924
Smp_210810	0.00294597868641104
Smp_210820	0.00272505803645455
Smp_210830	0.00323714266951277
Smp_210860	0.00342544346070306
Smp_210890	0.00744264839064469
Smp_210900	0.00384525504885443
Smp_210920	0.0148391869714928
Smp_210930	0.00175311853666902
Smp_210940	0.00380020054049591
Smp_210950	0.00296064203174389
Smp_210960	0.00296605301129548
Smp_210970	0.00532512717456998
Smp_210980	0.00378943068268653
Smp_211020	0.015839869818261
Smp_211030	0.0041829242309693
Smp_211040	0.00468234874157458
Smp_211050	0.00150548111747626
Smp_211060	0.00405926641084382
Smp_211070	0.00182101427634097
Smp_211080	0.00519873560605127
Smp_211100	0.00472104824087318
Smp_211120	0.00627711395738898
Smp_211130	0.00209754260621023
Smp_211140	0.00154759814772156
Smp_211150	0.00172116029159131
Smp_211160	0.0106337576258488
Smp_211170	0.0036249633138199
Smp_211190	0.012676958255476
Smp_211200	0.00612363816541934
Smp_211250	0.00454582166105576
Smp_211260	0.0031430986760934
Smp_211270	0.00656656683653446
Smp_211280	0.00325520069360966
Smp_211300	0.00486893394741958
Smp_211320	0.00257936754785234
Smp_211330	0.00242441847048237
Smp_212030	0.00805514170511119
Smp_212060	0.00440484145425044
Smp_212080	0.00153733769707373
Smp_212140	0.00535429590716584
Smp_212180	0.0380726967145656
Smp_212190	0.0014150591334801
Smp_212200	0.000879502582399966
Smp_212230	0.00355976074006062
Smp_212240	0.0309084301160775
Smp_212250	0.0168780397973387
Smp_212260	0.000872530564421179
Smp_212300	0.00569903460346289
Smp_212310	0.00446356487370588
Smp_212340	0.010247561410933
Smp_212350	0.0145465182309187
Smp_212360	0.0010716976767713
Smp_212380	0.00466953767369935
Smp_212390	0.00386065984490944
Smp_212410	0.0140905427540613
Smp_212490	0.00443342387446038
Smp_212540	0.00113181850350189
Smp_212560	0.00499645017198858
Smp_212600	0.027165673890457
Smp_212710	0.0144400002229966
Smp_212720	0.0331597100369699
Smp_212730	0.00226179642161522
Smp_212740	0.00319110975114599
Smp_212750	0.0253335799941386
Smp_212760	0.0175008318732074
Smp_212780	0.0121997870126817
Smp_212830	0.00321070617692419
Smp_212840	0.0167181378265476
Smp_212850	0.00493576276062904
Smp_212860	0.00368199655764182
Smp_212870	0.00311013469491897
Smp_212880	0.00153284599914988
Smp_212890	0.00943544564372862
Smp_212900	0.00174653827304779
Smp_212910	0.00265487197590585
Smp_212920	0.00256542348711169
Smp_212930	0.00369969774964472
Smp_212940	0.00161071974844899
Smp_212960	0.00497038469661011
Smp_212970	0.00260263369202488
Smp_212990	0.0030684424879292
Smp_213000	0.00488959399887381
Smp_213010	0.0135855027138446
Smp_213020	0.00423423844900082
Smp_213030	0.00213299335765165
Smp_213040	0.00172212624926873
Smp_213050	0.00279631104252814
Smp_213060	0.00595743671467753
Smp_213070	0.00305237346264142
Smp_213080	0.0012457618628393
Smp_213100	0.0112915498856975
Smp_213110	0.00525219735807918
Smp_213120	0.00435151395416613
Smp_213130	0.00413178326641811
Smp_213145	0.0117675841004076
Smp_213150	0.00157645026277861
Smp_213160	0.00385308951256809
Smp_213170	0.003824017263837
Smp_213180	0.00317775802765381
Smp_213190	0.00203304474822785
Smp_213200	0.00264354947148851
Smp_213210	0.00875348817811484
Smp_213220	0.0104924843316257
Smp_213230	0.0223760848213818
Smp_213240	0.000921467315937
Smp_213250	0.00254739473701879
Smp_213260	0.00210421769782961
Smp_213290	0.00221786822220783
Smp_213300	0.00639670433131555
Smp_213320	0.00173010506265694
Smp_213340	0.00439454853124475
Smp_213350	0.00428583472114299
Smp_213360	0.00971631622526759
Smp_213370	0.00357943627717629
Smp_213390	0.00158109802177235
Smp_213400	0.00249583712127529
Smp_213410	0.0164574260912497
Smp_213420	0.0154451560388721
Smp_213440	0.00435651119118007
Smp_213450	0.00224518124990692
Smp_213480	0.0307692916433456
Smp_213490	0.00161598019975767
Smp_213500	0.00695621210997069
Smp_213510	0.00524224467679744
Smp_213520	0.00249483405447787
Smp_213530	0.0210833227011561
Smp_213550	0.0041618208581322
Smp_213560	0.00831319204484661
Smp_213570	0.00362681503425623
Smp_213590	0.00283985211459669
Smp_213600	0.00234742235373482
Smp_213610	0.00263382200610008
Smp_213620	0.00428870723837731
Smp_213630	0.0042438314353382
Smp_213640	0.0188765157561636
Smp_213650	0.00187622265307224
Smp_213670	0.0041514884161822
Smp_213680	0.0029198669801083
Smp_213690	0.00114847858299582
Smp_213700	0.00257897165443906
Smp_213710	0.00428028440951858
Smp_213720	0.00203109277957002
Smp_213730	0.00311349482912706
Smp_213740	0.0122094829876411
Smp_213750	0.0103784300236435
Smp_213760	0.00677133659179086
Smp_213780	0.0101054888556361
Smp_213790	0.00236472962969902
Smp_213800	0.00364447073476088
Smp_213810	0.0020874034799093
Smp_213840	2.27806585998708
Smp_213850	0.0011014998646783
Smp_213860	0.00590599091093058
Smp_213870	0.00683586787882663
Smp_213880	0.00505680798601959
Smp_213900	0.0149631073501812
Smp_213910	0.0135564198630508
Smp_213920	0.0040436779628482
Smp_213930	0.00236029146274738
Smp_213960	0.00134664812190275
Smp_213970	0.00529909015572349
Smp_213980	0.00365441716869796
Smp_213990	0.00328401877758543
Smp_214000	0.00419253769061306
Smp_214020	0.0308778794233421
Smp_214030	0.00507441106011903
Smp_214040	0.0039186647635323
Smp_214050	0.00544289085217251
Smp_214060	0.00299273423424901
Smp_214070	0.0072777326088714
Smp_214080	0.00160815572495707
Smp_214090	0.00201405537829564
Smp_214100	0.00193368619835086
Smp_214110	0.00458164607000832
Smp_214120	0.00540018282224224
Smp_214130	0.00261223024832194
Smp_214140	0.00205055715027373
Smp_214170	0.00439829449998475
Smp_214180	0.00863232643342635
Smp_214190	0.00828556175637623
Smp_214200	0.00491441589379103
Smp_214210	0.0266452965995144
Smp_214240	0.00322160809926867
Smp_214260	0.0122946125281532
Smp_214290	0.00201139773961216
Smp_214320	0.019233098990953
Smp_214350	0.00254516280532554
Smp_214370	0.00292858700250959
Smp_214380	0.0247467108858055
Smp_214390	0.0988017942749591
Smp_241400	0.0027451416918987
Smp_241410	0.0181142047031223
Smp_241420	0.00279600130404672
Smp_241430	0.0434860995939652
Smp_241440	0.020962230417269
Smp_241450	0.00505403817343576
Smp_241460	0.00320062002779109
Smp_241470	0.00416052255503904
Smp_241480	0.044597488290239
Smp_241490	0.18566462614968
Smp_241500	0.00554272534006491
Smp_241510	0.0196601790440353
Smp_241570	0.00273899543121626
Smp_241580	0.00579175570538264
Smp_241610	0.619166194597813
Smp_241620	0.189346995845649
Smp_241750	0.0014957203604983
Smp_241840	0.00335571572958726
Smp_241860	0.00352193055199601
Smp_241950	0.0248249861374675
Smp_241960	0.00177747489802906
Smp_241980	0.0171643305800689
Smp_241990	0.00493148294466823
Smp_242050	0.615776943375207
Smp_242060	0.00201659805927594
Smp_242110	0.00327984650382922
Smp_242120	0.0245638054324279
Smp_242130	0.0129486819522971
Smp_242140	0.0152256603691949
Smp_242200	0.0224469659866799
Smp_242220	0.00212706528186795
Smp_242230	0.00178015453280394
Smp_242240	0.0192264153120194
Smp_242350	0.0134692557003353
Smp_242360	0.00596445011145435
Smp_242400	0.00216404072332462
Smp_242430	0.00437616185633117
Smp_242440	0.0283466892516582
Smp_242450	0.00570731815153882
Smp_242500	0.00855242804907217
Smp_242530	0.00329141034133962
Smp_242540	0.0145335253223288
Smp_242630	0.00531867506484534
Smp_242670	0.00905866116392676
Smp_242680	0.00311634370844419
Smp_242690	0.00241426818999648
Smp_242740	0.00206369558745032
Smp_242800	0.00253369019997246
Smp_242830	0.00353382323765118
Smp_242860	0.00402586336481537
Smp_242890	0.00445193778216266
Smp_242910	0.0934414111722086
Smp_242930	0.00313264649010149
Smp_242960	0.0552278162923631
Smp_243000	0.00332102835176638
Smp_243040	0.0334094894952903
Smp_243060	0.189057127434137
Smp_243140	0.00248841057584438
Smp_243150	0.00614894502609026
Smp_243170	0.00680057705859991
Smp_243180	0.00114522999170144
Smp_243200	0.00155558366481977
Smp_243210	0.00588586096835813
Smp_243300	0.00269284222526038
Smp_243500	0.340749654649144
Smp_243630	0.00226272438573958
Smp_243660	0.0058164239419067
Smp_243670	0.00298314502086087
Smp_243680	0.00185434127501043
Smp_243690	0.008665891197937
Smp_243700	0.00691319685161722
Smp_243720	0.00965953595756843
Smp_243730	0.0381114545317712
Smp_243740	0.101073091151142
Smp_243750	0.0567608117532996
Smp_243760	0.059169710680601
Smp_243770	0.0211481162769145
Smp_243780	0.0578762933896795
Smp_243790	0.0216216306643787
Smp_243800	0.0165165895984721
Smp_243810	0.0433323496977115
Smp_243820	0.391050363595871
Smp_243830	0.0608023109126997
Smp_243840	0.116300976630914
Smp_243850	0.0129648073217079
Smp_243870	0.0018700309407491
Smp_243900	0.0156482859956245
Smp_243910	0.00402870238265602
Smp_243920	0.00460613141354794
Smp_243930	0.0105901676253305
Smp_243950	0.00676330766589261
Smp_243960	0.0168652177367694
Smp_243970	0.0092615683979839
Smp_244000	0.00314561190213581
Smp_244010	0.00660038568139379
Smp_244020	0.00346310282358928
Smp_244030	0.0136761092484299
Smp_244040	0.0370388340107918
Smp_244070	0.00868047159916037
Smp_244080	0.00605560729612191
Smp_244090	0.0655219720954662
Smp_244100	0.00194090763810395
Smp_244110	0.00845249376904446
Smp_244130	0.00327257600111881
Smp_244150	0.00357747501164111
Smp_244160	0.0117390786696442
Smp_244170	0.00400797037314107
Smp_244190	0.00657237516421684
Smp_244200	0.00617032077953995
Smp_244210	0.00343021354876209
Smp_244220	0.00317459021841316
Smp_244230	0.0171362830781014
Smp_244240	0.0197313462442999
Smp_244250	0.00356300428222959
Smp_244280	0.00252915948973194
Smp_244300	0.0161591145699799
Smp_244310	0.00723505513553015
Smp_244320	0.0100502544495369
Smp_244340	0.0152380434442316
Smp_244350	0.00292344512830764
Smp_244360	0.00786380217394309
Smp_244365	0.073007843367641
Smp_244370	0.0228579948542523
Smp_244380	0.00417487855884274
Smp_244390	0.0424254350713506
Smp_244400	0.00969649152548864
Smp_244420	0.014112853627436
Smp_244430	0.00899773015617902
Smp_244440	0.00835528336898284
Smp_244460	0.00121811813064549
Smp_244470	0.00280961526346692
Smp_244480	0.0353645419193946
Smp_244490	0.00172597549822099
Smp_244510	0.0126177571181279
Smp_244530	0.022611188380343
Smp_244560	0.0240294631555869
Smp_244570	0.00467094795605899
Smp_244580	0.00162125950735247
Smp_244610	0.0121050824241933
Smp_244620	0.00200020456807789
Smp_244630	0.0084932994958201
Smp_244640	0.00747023436938188
Smp_244650	0.00766112534922784
Smp_244670	0.0332729756703972
Smp_244680	0.00159547073448649
Smp_244690	0.00772016855567581
Smp_244700	0.0169821287384682
Smp_244710	0.00315683124779427
Smp_244750	0.00982903287545745
Smp_244780	0.0039011381389947
Smp_244790	0.0104224006097617
Smp_244800	0.00194018785020802
Smp_244810	0.176896136875941
Smp_244820	0.00983853855598908
Smp_244830	0.00147980235991162
Smp_244840	0.00453030920517758
Smp_244860	0.0251407484277397
Smp_244880	0.0501010964175415
Smp_244890	0.0285896477706754
Smp_244900	0.0021935460285437
Smp_244920	0.0151292699270783
Smp_244940	0.00402925288002092
Smp_244950	0.00154015030049683
Smp_244960	0.0239711041687761
Smp_244970	0.0443591336240759
Smp_244980	0.0172896709490033
Smp_245000	0.00485046106149877
Smp_245010	0.00819997284224065
Smp_245030	0.00403053483390983
Smp_245040	0.031886784223819
Smp_245050	0.00277477080456659
Smp_245060	0.00720106420051657
Smp_245090	0.00327248942130027
Smp_245100	0.0170447181464243
Smp_245110	0.0166870533922793
Smp_245120	0.016548045467237
Smp_245140	0.0154566616267188
Smp_245150	0.0240198093634436
Smp_245160	0.0188176441279012
Smp_245170	0.00873215979795585
Smp_245200	0.00530276722934432
Smp_245220	0.0104492740771226
Smp_245230	0.0206866406626013
Smp_245240	0.0380358223393482
Smp_245250	0.00611105085862669
Smp_245260	0.0044389141471839
Smp_245280	0.00333338484643806
Smp_245290	0.00391768006604701
Smp_245300	0.00218819529625683
Smp_245310	0.00795492170584589
Smp_245320	0.00450101194988345
Smp_245330	0.109234645262473
Smp_245350	0.0112730049045964
Smp_245360	0.00395057877609322
Smp_245370	0.00426870269358102
Smp_245380	0.0028022007923869
Smp_245400	0.00306197496930282
Smp_245420	0.00316705779332772
Smp_245450	0.00109553730524705
Smp_245470	0.00734376715201347
Smp_245480	0.00564716158294482
Smp_245490	0.00834377704123979
Smp_245510	0.012392855415682
Smp_245520	0.00857302156785714
Smp_245530	0.0128707128246783
Smp_245540	0.0151505557943498
Smp_245550	0.00728202431159782
Smp_245560	0.00500906986689896
Smp_245570	0.0474838432675453
Smp_245580	0.0108508282895873
Smp_245590	0.0328313284311634
Smp_245600	0.00483195191930602
Smp_245610	0.0400266442669433
Smp_245630	0.00555079504453334
Smp_245660	0.0174461277993878
Smp_245670	0.00755655953923474
Smp_245680	0.0037539599722814
Smp_245690	0.0319509252717963
Smp_245710	0.0146803496656473
Smp_245720	0.0191256010536067
Smp_245730	0.0112528865614565
Smp_245740	0.0027787076568964
Smp_245750	0.0375095574944158
Smp_245770	0.00267178737614998
Smp_245780	0.00261055708866825
Smp_245790	0.0034422141660225
Smp_245800	0.0151100621535291
Smp_245810	0.0100131635670935
Smp_245815	0.0310297366706034
Smp_245820	0.00373456198222461
Smp_245830	0.00188349969906693
Smp_245840	0.00957489287591707
Smp_245850	0.00942919526179367
Smp_245860	0.00676909777881864
Smp_245870	0.00490869443326524
Smp_245890	0.00411036922674749
Smp_245900	0.0122563409070214
Smp_245910	0.0081438953559915
Smp_245920	0.00192975598146301
Smp_245940	0.00719350961185024
Smp_245950	0.00274802939071524
Smp_245960	0.0158669024819283
Smp_245970	0.0133629768060235
Smp_245980	0.0263100686845941
Smp_245990	0.0156014856973072
Smp_246000	0.00268221849769492
Smp_246010	0.00444357328335338
Smp_246020	0.00372242416992232
Smp_246030	0.0112152593808843
Smp_246040	0.0122240197489473
Smp_246050	0.00241691495867537
Smp_246060	0.00449365178246288
Smp_246100	0.0422557327538495
Smp_246110	0.00537235449645189
Smp_246130	0.566446129654076
Smp_246140	0.00244189807259178
Smp_246150	0.0177256518254485
Smp_246160	0.00248900198170061
Smp_246230	0.00451218731194417
Smp_246240	0.0128024584681233
Smp_246260	0.00403638375701452
Smp_246270	0.00360458724275314
Smp_246290	0.00591319304619308
Smp_246300	0.00310729723438297
Smp_246330	0.00753569817189044
Smp_246340	0.00336576807872857
Smp_246350	0.0148616574002381
Smp_246360	0.00261903394962888
Smp_246380	0.0618534248226877
Smp_246400	0.0077536410955255
Smp_246410	0.00181643671316542
Smp_246430	0.0073107753910006
Smp_246440	0.0138634547986991
Smp_246450	0.00456005344777108
Smp_246460	0.00709736074652291
Smp_246470	0.0014616871419235
Smp_246500	0.0213557235161763
Smp_246510	0.00193896826323667
Smp_246520	0.00484347555656034
Smp_246530	0.00105267370448932
Smp_246540	0.0254295726141982
Smp_246550	0.0057628318164975
Smp_246560	0.0038705750709344
Smp_246570	0.00333466210313942
Smp_246600	0.00816323349656555
Smp_246610	0.0102332206452411
Smp_246620	0.00343901018709734
Smp_246630	0.0198534259218706
Smp_246650	0.0149385559513779
Smp_246660	0.0994320477272845
Smp_246670	0.00342443664190545
Smp_246680	0.00115064529670302
Smp_246690	0.00552649301274765
Smp_246700	0.00204840493029478
Smp_246710	0.00538493480131354
Smp_246770	0.166181943068369
Smp_246790	0.0199174957349078
Smp_246800	0.00711376046127468
Smp_246820	0.0178272151973244
Smp_246840	0.00352640084826132
Smp_246850	0.559432205418969
Smp_246870	0.00414095420614722
Smp_246880	0.00451336771815312
Smp_246890	0.00687429370546224
Smp_246900	0.00487908995489326
Smp_246920	0.00355487048692893
Smp_246940	0.00445388499028737
Smp_246950	0.00626420939590455
Smp_246970	0.0161667893635575
Smp_246990	0.0037305434452828
Smp_247020	0.0096919271168113
Smp_247030	0.00810256369322782
Smp_247070	0.0717220371552022
Smp_247080	0.0644638493323246
Smp_247150	0.00182837145374265
Smp_247160	0.00449437854044528
Smp_247170	0.00276369092487691
Smp_247180	0.00739309642962377
Smp_247190	0.00468968359835208
Smp_247200	0.00668478561227473
Smp_247210	0.060251720199163
Smp_247220	0.0116048861853226
Smp_247230	0.00595199162987071
Smp_247240	0.0045606827388822
Smp_247250	0.00262979084402508
Smp_247260	0.0489872319592962
Smp_247270	0.00297542650486203
Smp_247280	0.0146084895446288
Smp_247290	0.00887287143419852
Smp_247300	0.365885580415367
Smp_247310	0.0137155468408677
Smp_247320	0.00625184490174727
Smp_247330	0.0177870620738812
Smp_247350	0.855842416008998
Smp_247360	0.0112822193052018
Smp_247370	0.00465444845557696
Smp_247380	0.00940397287833346
Smp_247390	0.00225009156453708
Smp_247400	0.00555159139920192
Smp_247410	0.014813848964671
Smp_247420	0.00155613187962585
Smp_247430	0.0215993890478358
Smp_247440	0.0102105648496081
Smp_247450	0.00330810391014427
Smp_247460	0.0047927924771575
Smp_247470	0.00683122314176892
Smp_247480	0.0119798015494269
Smp_247520	0.00198304555945656
Smp_247530	0.00532021636002317
Smp_247540	0.00142015648325294
Smp_247560	0.001892916367627
Smp_247570	0.00370720492496759
Smp_247580	0.00689726927392326
Smp_247590	0.0193569774252467
Smp_247600	0.0148074398998304
Smp_247620	0.0138961276075303
Smp_247630	0.0027744731662813
Smp_247640	0.0037211240769875
Smp_247650	0.00317770134097363
Smp_247670	0.00577604243454745
Smp_247680	0.0174993463760251
Smp_247700	0.0338537404112205
Smp_247710	0.00397899456898364
Smp_247720	0.00203331678529996
Smp_247740	0.00196045953481544
Smp_247750	0.0120239249817355
Smp_247760	0.00813049575568344
Smp_247770	0.0045009194474335
Smp_247780	0.0145386987750589
Smp_247790	0.00227341770967133
Smp_247800	0.103687355450417
Smp_247810	0.00908951278077174
Smp_247820	0.00146529595886407
Smp_247830	0.00331726552375666
Smp_247850	0.0255020341769579
Smp_247860	0.0576715053853137
Smp_247870	0.00281609349428743
Smp_247880	0.00157778991565687
Smp_247890	0.00145951180341468
Smp_247920	0.0185733179073118
Smp_247930	0.0158385197719545
Smp_247940	0.0225129471520203
Smp_247950	0.0224590361233387
Smp_247980	0.0040105114691785
Smp_248000	0.00350290934508069
Smp_248010	0.0113958414968995
Smp_248020	0.0100375236479527
Smp_248030	0.00148568756630191
Smp_248070	0.0100282619001464
Smp_248080	0.0109601229764681
Smp_248090	0.0838541399834235
Smp_248100	0.0142967862539303
Smp_248110	0.00316558117654175
Smp_248120	0.00332827461657832
Smp_248130	0.00501411922474972
Smp_248140	0.00309421254441502
Smp_248150	0.0906119489411559
Smp_248160	0.00465316820749664
Smp_248170	0.00393457688128934
Smp_248180	0.00782414029695889
Smp_248190	0.00378058233738653
Smp_248200	0.00821983058652152
Smp_266720	0.00405219725276335
Smp_266740	0.00796426643132709
Smp_266750	0.0240290223996834
Smp_266760	0.0158327648467704
Smp_266770	0.00301719388799558
Smp_266790	0.00500702002336819
Smp_266800	0.00506859354658062
Smp_266810	0.00312565992637884
Smp_266820	0.0184651501504845
Smp_266830	0.00309844447980704
Smp_266840	0.0145187941820446
Smp_266850	0.00223856732414487
Smp_266870	0.00356222419745599
Smp_266890	0.0036652028518135
Smp_266900	0.0280377436475086
Smp_266920	0.0172559830289995
Smp_266930	0.00396026464942517
Smp_266940	0.0412100202645111
Smp_266960	0.027172254534223
Smp_266980	0.00372291927457816
Smp_267000	0.00238456946390576
Smp_267010	0.0126567088503783
Smp_267020	0.00122374192776137
Smp_267040	0.00424395178499663
Smp_267060	0.00212306698371624
Smp_267070	0.00920001718126603
Smp_267080	0.0183470043220475
Smp_267090	0.00509907161524414
Smp_267100	0.00239354387640052
Smp_267110	0.00647488524689609
Smp_267120	0.00396027399416393
Smp_267130	0.0105783701847859
Smp_267140	0.00266550409777648
Smp_267170	0.00270013398196299
Smp_267180	0.00550129923771643
Smp_267190	0.00591436943421372
Smp_267210	0.0201630272451469
Smp_267220	0.0096476033955044
Smp_267230	0.00530051922755337
Smp_267240	0.00456864577067474
Smp_267250	0.00915609879911343
Smp_267270	0.00600121461096041
Smp_267280	0.00142522760155794
Smp_267300	0.00390489318218076
Smp_267310	0.000899361853627704
Smp_267320	0.00702626071124853
Smp_300070	0.0191055951573211
Smp_300080	0.014057421321287
Smp_300090	0.0517608857466718
Smp_300150	0.0446394612465841
Smp_300200	0.0120344286812908
Smp_300210	0.0313803882584458
Smp_300220	0.00225724845696724
Smp_300310	0.0117372293833351
Smp_300380	0.015267579035828
Smp_300390	0.0620859628176188
Smp_300410	0.0734669235887538
Smp_300490	0.0346660590377456
Smp_300500	0.0231405921279296
Smp_300560	0.0112876269501905
Smp_300570	0.0103002374247487
Smp_300580	0.00565993209290484
Smp_300710	0.103788460411238
Smp_300720	0.0401173983414269
Smp_300770	0.0196367944997983
Smp_300790	0.431150761735191
Smp_300810	0.00380047099737981
Smp_300840	0.00515879304564468
Smp_300910	0.0108966315521998
Smp_300940	0.0132876814990258
Smp_300990	0.00706157657663908
Smp_301040	0.00256753917420386
Smp_301050	0.00619788007009523
Smp_301160	0.00388436338769497
Smp_301170	0.0069137979935339
Smp_301250	0.00509673294114907
Smp_301260	0.00383703688238546
Smp_301330	0.0473112725242373
Smp_301420	0.0112166950382683
Smp_301430	0.125050342296958
Smp_301530	0.0192032602510496
Smp_301550	1.19411084129749
Smp_301570	0.0119505336321445
Smp_301610	0.0629224099548329
Smp_301620	0.00372832191170759
Smp_301660	0.012051683928981
Smp_301670	0.00241941830442685
Smp_301730	0.00589005888826092
Smp_301740	0.0160154052435564
Smp_301780	0.00319669122490577
Smp_301800	0.0139928747446287
Smp_301990	0.00881063886215961
Smp_302020	0.0255103642792059
Smp_302030	0.0159020967947391
Smp_302040	0.00442390063591896
Smp_302090	0.00454173695593683
Smp_302140	0.0311666666571648
Smp_302170	0.00652831862794897
Smp_302180	0.0423505460409775
Smp_302230	0.00272892339207723
Smp_302270	0.0644930370199725
Smp_302280	0.0136170802216495
Smp_302290	0.0264246498277013
Smp_302300	0.198225952859756
Smp_302310	0.166064199702572
Smp_302320	0.245886751338285
Smp_302330	0.00260921631002963
Smp_302350	1.16404420538987
Smp_302360	0.00914492553075348
Smp_302370	0.0162364160444345
Smp_302410	0.0113042814110087
Smp_302450	0.00521310762606598
Smp_302460	0.00710111420738355
Smp_302470	0.00211825712222252
Smp_302480	0.091535560607277
Smp_302650	0.00496916670792621
Smp_302740	0.00489433096770298
Smp_302800	0.00423235365029553
Smp_302830	0.0592212732583007
Smp_302850	0.00644893655467721
Smp_302860	0.00850279784560743
Smp_302870	0.0256318806425294
Smp_302880	0.00257853049208813
Smp_302910	0.014919423335119
Smp_302920	0.00205328250378112
Smp_302930	0.00694546342353841
Smp_302950	0.00211705566297823
Smp_302970	0.0112640516532592
Smp_302980	0.208805896785205
Smp_302990	0.0375434768782032
Smp_303000	0.00662665500012639
Smp_303010	0.0333503443408427
Smp_303070	20
Smp_303120	0.00866093337600092
Smp_303270	0.0855569833452096
Smp_303280	1.26007203256721
Smp_303290	0.101839767310408
Smp_303300	0.00202971300706742
Smp_303310	0.144403798469272
Smp_303320	0.0110941052643576
Smp_303330	0.062222157288396
Smp_303390	0.0320961483743731
Smp_303400	20
Smp_303410	0.0435893697864712
Smp_303420	1.4334866745056
Smp_303430	0.00445331436972198
Smp_303450	0.5453198985005
Smp_303540	0.0394035218892827
Smp_303550	0.096882117826543
Smp_303690	3.88793614009476
Smp_303760	0.367319728940629
Smp_303770	0.00278137425599367
Smp_303910	0.0203705498590318
Smp_303920	0.570592750274798
Smp_303940	0.0208741253050417
Smp_303970	0.042017996453258
Smp_303980	0.0383833044836599
Smp_304030	0.00976878908140312
Smp_304040	4.50478497627646
Smp_304090	0.00486218865813903
Smp_304130	0.00337450622645292
Smp_304140	0.00661032157284003
Smp_304210	0.0652686526739703
Smp_304220	0.171725739699754
Smp_304250	0.0144306530332478
Smp_304260	0.011869599490672
Smp_304320	0.00434062705977238
Smp_304360	0.00301639340570209
Smp_304370	0.00178925496644278
Smp_304380	0.00346991809745659
Smp_304450	0.0542399237074268
Smp_304460	0.0051030594784934
Smp_304500	0.00949848559187673
Smp_304660	0.0111003545542923
Smp_304710	0.00973174166400879
Smp_304720	0.00731850272815608
Smp_304800	0.00272870468810667
Smp_304840	0.00323175058125565
Smp_304860	0.021179125544748
Smp_304870	0.00635618784256884
Smp_304880	0.0303385233778169
Smp_304890	0.00291021898050655
Smp_304900	0.00475498632015299
Smp_304910	0.00507893166089926
Smp_304960	0.00233411700870403
Smp_304980	0.0227493120785203
Smp_305030	0.00528620487264299
Smp_305050	0.0122311163582948
Smp_305060	0.021647008297414
Smp_305070	0.00303077490090672
Smp_305100	0.0036697749490203
Smp_305110	0.165603001674849
Smp_305120	0.00339060604137404
Smp_305130	0.0181859937443966
Smp_305200	0.287619352446581
Smp_305210	0.00133217093137932
Smp_305220	0.00799972635085911
Smp_305350	0.00882567512237246
Smp_305400	0.0045443134441962
Smp_305430	0.00792843989132277
Smp_305460	0.00928167637719079
Smp_305490	0.0136875833443867
Smp_305550	0.00296621507835766
Smp_305560	0.00517097507353487
Smp_305590	0.0967052222862974
Smp_305620	13.2535529292298
Smp_305690	0.00237308703914089
Smp_305720	0.0258979405025797
Smp_305730	0.151448203533739
Smp_305740	0.00810483348589831
Smp_305760	0.00695799393782316
Smp_305770	0.00658648750502068
Smp_305800	0.00248036207366589
Smp_305870	0.0348863810858351
Smp_305875	0.0107725297901969
Smp_305920	0.0225776917557158
Smp_306080	0.00837889003766526
Smp_306140	0.0020881508955332
Smp_306180	0.0349732488074615
Smp_306190	0.0366812512311709
Smp_306200	0.0130086853623397
Smp_306210	0.0102444012490843
Smp_306230	0.00296177838440923
Smp_306240	0.00544431568236569
Smp_306270	0.00293466774120625
Smp_306290	0.00321699522337605
Smp_306300	0.00313305000108125
Smp_306320	0.664783623109477
Smp_306350	0.570842534457622
Smp_306360	0.0033640638152192
Smp_306370	0.00328169721479457
Smp_306440	0.00279936236833687
Smp_306450	0.00243440067187491
Smp_306580	0.00688357003962478
Smp_306600	0.0045286512760354
Smp_306610	0.110463818615839
Smp_306630	0.00152069239885099
Smp_306640	0.000955049483667944
Smp_306680	20
Smp_306690	5.36932380108581
Smp_306710	0.00213125104067551
Smp_306730	0.00926341296663603
Smp_306740	0.450263824780972
Smp_306750	0.0358663700168725
Smp_306800	0.0116274132514093
Smp_306810	0.00898077113655569
Smp_306840	0.0288447639273461
Smp_306850	0.0424979216752148
Smp_306910	0.0042291172413959
Smp_306920	0.291244719107671
Smp_306930	1.3588233560956
Smp_306960	0.172245153890518
Smp_306970	0.0411923051500124
Smp_306980	0.0252423914875698
Smp_306990	0.00781521244846474
Smp_307000	0.10786513123251
Smp_307010	0.0089115742523116
Smp_307020	0.0114054928952577
Smp_307060	0.00111810659900517
Smp_307070	0.00516720845573867
Smp_307080	0.0218575040632457
Smp_307090	0.0219815932950247
Smp_307170	0.0139622358091977
Smp_307210	0.0643085010100656
Smp_307220	0.011337533466809
Smp_307240	0.0128251851796059
Smp_307260	0.00924654886716759
Smp_307270	0.0138804713276096
Smp_307330	0.00308111847511711
Smp_307600	0.039042013842967
Smp_307630	2.84599918304445
Smp_307650	0.0977433014398372
Smp_307730	0.0111036459390727
Smp_307780	0.0208924025225784
Smp_307800	0.0147982447000938
Smp_307810	0.00640891084715626
Smp_307840	0.010048726539236
Smp_307880	0.0104531144719172
Smp_307900	0.143155905057275
Smp_307950	0.00525680043034378
Smp_307960	0.0051127941085877
Smp_308030	0.26074398077056
Smp_308040	1.62538471192112
Smp_308060	0.0184263639471739
Smp_308100	0.00406813198152689
Smp_308110	0.00535874927045693
Smp_308140	0.0138652294109208
Smp_308145	0.00661582690441452
Smp_308260	0.0158226561770059
Smp_308270	0.00335820432780431
Smp_308310	2.27326083512723
Smp_308350	0.0148436067990706
Smp_308360	0.00203245880541672
Smp_308370	0.00392869397284412
Smp_308420	0.00634029367583853
Smp_308440	0.00333838195480768
Smp_308470	0.0807592510353762
Smp_308490	0.0432983255352585
Smp_308550	0.00265790924329024
Smp_308590	0.0815361878595839
Smp_308600	0.00400676521482946
Smp_308630	0.00715433147329105
Smp_308680	0.00210985256463775
Smp_308700	2.26805651853568
Smp_308820	0.00544326113510911
Smp_308830	0.0113021067561152
Smp_308910	0.00984305704000352
Smp_308930	0.00765451751727256
Smp_308940	0.044620833885824
Smp_308980	0.00881378024898614
Smp_309000	0.100290836377525
Smp_309090	0.402749842954458
Smp_309100	0.0191429176721782
Smp_309110	0.00201267955185692
Smp_309120	3.63588402316055
Smp_309140	0.551798391681287
Smp_309210	0.00314187579428824
Smp_309220	0.00528705539440207
Smp_309240	0.00232829647493165
Smp_309250	0.380651335270535
Smp_309350	0.00270557641747054
Smp_309355	0.00285792647013962
Smp_309360	0.00206195147634291
Smp_309430	0.00637949826023495
Smp_309480	0.00952888815071408
Smp_309500	0.0289540911176425
Smp_309510	0.0219341319229412
Smp_309540	0.0568676518034066
Smp_309570	20
Smp_309580	3.23073755868386
Smp_309590	0.00296154886410734
Smp_309610	0.00448905028440993
Smp_309660	0.0155057809260501
Smp_309670	0.0422814551100399
Smp_309680	0.00544059190664298
Smp_309690	0.016709513087241
Smp_309700	1.4732404125017
Smp_309710	0.00302363590968759
Smp_309720	0.00671573504186266
Smp_309730	0.113833876302644
Smp_309740	0.187948057689445
Smp_309860	0.0032268782660986
Smp_309950	0.140428451319615
Smp_309960	0.0116287640022423
Smp_309970	0.00177835651310287
Smp_309980	0.00828102291431284
Smp_309990	0.0274399305764659
Smp_310040	0.0519254093496813
Smp_310050	0.0561123809368661
Smp_310080	0.00645532769987632
Smp_310090	0.0248363068174897
Smp_310140	0.00450510576771744
Smp_310170	0.0353521084217218
Smp_310180	0.00465661791058658
Smp_310210	0.0234501538924819
Smp_310230	0.0667467177306891
Smp_310240	0.00781524570997121
Smp_310260	0.00376500036842128
Smp_310430	0.0145159273672341
Smp_310470	0.00589901395267278
Smp_310500	0.13960715971594
Smp_310510	0.0324302536200795
Smp_310520	0.0114882316095973
Smp_310550	0.0673341234165458
Smp_310580	0.0380501105470735
Smp_310600	0.0276870373544239
Smp_310620	0.00540456160088396
Smp_310650	0.0185859159968754
Smp_310740	0.0599476271236066
Smp_310750	0.0113798276119573
Smp_310760	0.141831694931074
Smp_310770	0.00555379166774592
Smp_310820	0.0140229453074731
Smp_310830	0.00180157074794821
Smp_310870	0.00149376253533319
Smp_310880	0.0106503221972863
Smp_310920	0.00127791261447801
Smp_310930	0.00379361324843551
Smp_310950	0.0514481625403905
Smp_310980	0.00250719966477205
Smp_311010	0.0029857857992848
Smp_311050	0.00144558032443496
Smp_311150	0.0032884219348925
Smp_311170	0.0106957931930012
Smp_311200	0.00797466684783863
Smp_311310	0.0240461745225768
Smp_311350	0.0110291703265842
Smp_311360	0.00253253032570416
Smp_311440	0.00288936600710044
Smp_311480	0.0561944244174441
Smp_311490	0.0178629700355967
Smp_311520	0.00601241806000274
Smp_311580	4.83512328088233
Smp_311610	0.007130039906786
Smp_311630	0.0381671693456933
Smp_311640	0.0327089187229699
Smp_311650	0.00731772213130207
Smp_311670	0.0339595746968476
Smp_311700	0.222615926466024
Smp_311770	0.00888855058996133
Smp_311780	0.00206259315067383
Smp_311790	0.0532875914561298
Smp_311860	0.130786438819558
Smp_311870	0.15483805554029
Smp_311890	0.00393078468005621
Smp_311920	0.00312528163328719
Smp_311940	0.0050090287040659
Smp_311970	0.00328999101680625
Smp_311980	0.0230632831271151
Smp_312010	0.0409276467712329
Smp_312140	1.24743380758588
Smp_312150	0.00507907182085417
Smp_312230	0.0384690941155581
Smp_312360	0.00243999371981652
Smp_312390	0.0293567245446609
Smp_312440	0.0372844826709785
Smp_312450	0.0710766506297536
Smp_312460	0.0281953625716258
Smp_312560	0.0116453867639576
Smp_312580	0.0738869260929436
Smp_312610	0.0443752893920613
Smp_312620	0.0430464110222603
Smp_312630	0.0105323715300345
Smp_312640	0.0170414702313783
Smp_312650	0.192380310339159
Smp_312660	0.00213973590773826
Smp_312720	0.00448322607822305
Smp_312730	0.0187389282684515
Smp_312760	0.00121711615203323
Smp_312770	0.00249377779380341
Smp_312820	0.00160165325291179
Smp_312850	0.0024312948053912
Smp_312860	3.9678804207515
Smp_312870	0.00424570752465421
Smp_312880	0.00162740753184081
Smp_312900	0.0408304780770143
Smp_312910	0.00901063516233587
Smp_312920	0.00505818587144226
Smp_312950	0.00420367972599089
Smp_312990	0.00328894701889773
Smp_313100	0.131816687736138
Smp_313110	0.0378236110222674
Smp_313210	0.00981469213918681
Smp_313310	0.0271297486058024
Smp_313320	0.00225545884420789
Smp_313330	0.0272697136572664
Smp_313440	0.0218149654672123
Smp_313450	0.00234297570391714
Smp_313480	1.57844502651197
Smp_313490	0.0296769896374573
Smp_313530	0.0399316586169771
Smp_313540	0.134878085445716
Smp_313560	0.00336659835053733
Smp_313630	0.00740356664833323
Smp_313640	0.00209210317226437
Smp_313730	0.0126279934330533
Smp_313740	2.08371273719404
Smp_313750	0.0081556007932315
Smp_313760	0.222191884504712
Smp_313810	0.00301605050353434
Smp_313820	4.56017486641564
Smp_313830	0.0234331391577061
Smp_313840	0.00915239292055008
Smp_313980	0.00438362393585514
Smp_313990	0.00394405172492908
Smp_314000	1.85411727658129
Smp_314010	0.0660164093734851
Smp_314020	0.100213577115435
Smp_314170	0.00596514380373228
Smp_314200	0.00342178617868362
Smp_314210	0.0264812716307738
Smp_314220	0.00217069617203844
Smp_314240	0.00705043140968521
Smp_314250	0.0618624909466381
Smp_314280	0.00386460608632281
Smp_314290	0.0630344682805299
Smp_314310	0.00153859998837359
Smp_314320	0.0058011230506629
Smp_314360	0.191340894511226
Smp_314500	0.0233072311797436
Smp_314620	0.0236621177863125
Smp_314630	0.00864218997974032
Smp_314640	0.00510076011617137
Smp_314650	0.00610078319676438
Smp_314660	0.0174276301844668
Smp_314670	1.52317404233436
Smp_314730	5.55870661573512
Smp_314740	0.0221858516010268
Smp_314750	0.0392756892256995
Smp_314790	0.0252740089723872
Smp_314800	0.0591784942523589
Smp_314990	0.0227961314567116
Smp_315000	0.0485187609316489
Smp_315010	0.00178074104558777
Smp_315060	0.0416075066507819
Smp_315070	0.00954657407491758
Smp_315110	0.0063061604674489
Smp_315140	0.0155604312789076
Smp_315230	0.118521271267282
Smp_315360	0.0170138659356601
Smp_315420	0.0102135184533707
Smp_315480	0.030262916071802
Smp_315490	0.00701175693022643
Smp_315500	0.0172277596164195
Smp_315510	0.0138122979931647
Smp_315560	0.0129432306718112
Smp_315570	0.0846200021732788
Smp_315580	0.00234069874869315
Smp_315600	0.0298437528480055
Smp_315610	0.00360766539339887
Smp_315650	0.0922218541457425
Smp_315690	4.33737290391097
Smp_315700	0.00366761072177387
Smp_315710	0.00359526346981595
Smp_315720	0.0255113449705927
Smp_315730	0.00332364326531603
Smp_315740	0.00259278575781484
Smp_315750	0.00236329182916624
Smp_315760	0.017323371843688
Smp_315770	0.00719337907759443
Smp_315780	0.00709716713427319
Smp_315790	0.00425696707935638
Smp_315800	0.0289021569695546
Smp_315810	0.0314731305003768
Smp_315820	0.0285559699317578
Smp_315830	0.00766343032598413
Smp_315840	0.0192944412020768
Smp_315850	0.0157931130252057
Smp_315860	0.150120813188528
Smp_315870	0.00399866464975495
Smp_315880	0.0255241875921318
Smp_315890	0.00214677876496483
Smp_315900	0.0100829822019349
Smp_315910	0.00141810064601266
Smp_315980	2.25554644342572
Smp_315990	0.0193051320700419
Smp_316000	0.00540077932641373
Smp_316020	0.0251125262959266
Smp_316080	0.0249648978529297
Smp_316090	0.00506252877123466
Smp_316100	0.00415252297868045
Smp_316110	0.00173930984919772
Smp_316120	0.00715128249473112
Smp_316130	0.0173597579803959
Smp_316140	0.69080286197503
Smp_316150	3.49650122210931
Smp_316160	3.36974082155959
Smp_316170	0.720325139184762
Smp_316180	0.00230420540374443
Smp_316210	0.0600235758108345
Smp_316220	0.0559256867034103
Smp_316230	0.0841235655731729
Smp_316240	0.0596662420316755
Smp_316250	0.138002719993505
Smp_316270	0.00615241305249653
Smp_316320	0.00397718631046054
Smp_316340	0.00706189540274776
Smp_316360	0.0477720484947986
Smp_316380	0.00751371208705371
Smp_316430	2.67884097264922
Smp_316440	0.0085120574892773
Smp_316460	0.00524143858359819
Smp_316470	0.187300877690812
Smp_316480	0.29824068340972
Smp_316490	0.0203747088125467
Smp_316530	0.0191755034466383
Smp_316540	0.106365511904962
Smp_316550	0.0952268705486932
Smp_316570	0.0386037350869403
Smp_316580	0.0260052414826555
Smp_316610	0.0428019257509321
Smp_316620	0.00197864841198614
Smp_316630	0.0081474132550199
Smp_316640	0.0150887513802562
Smp_316660	0.0147612161814135
Smp_316680	0.00230432238516605
Smp_316690	0.00364443399070476
Smp_316700	0.00283978924498526
Smp_316710	0.00161437411929772
Smp_316720	0.0140858574556147
Smp_316730	0.00688895897946649
Smp_316780	2.20063588729332
Smp_316790	0.0351909544625047
Smp_316800	0.130588967455761
Smp_316810	0.0128172308400401
Smp_316850	0.745714711367419
Smp_316860	0.871727530796121
Smp_316910	0.00961806834895776
Smp_317020	0.00250601459637549
Smp_317040	0.138565481568285
Smp_317060	0.0509606473583829
Smp_317070	1.12041137844851
Smp_317120	0.0766673072697514
Smp_317130	0.00283794492192091
Smp_317140	0.216775423112142
Smp_317150	0.181658998704774
Smp_317160	2.13215320651701
Smp_317170	0.270106994919812
Smp_317180	7.9755941505668
Smp_317210	0.00307605021082803
Smp_317220	0.0249321253949421
Smp_317230	0.143644466439446
Smp_317240	0.0518542618237808
Smp_317250	0.0729271889177325
Smp_317370	0.00978914971267941
Smp_317400	7.50781874178086
Smp_317420	0.00379371321749942
Smp_317430	0.114149369729292
Smp_317470	0.247130683981573
Smp_317480	0.0363388848327943
Smp_317490	0.0634145644080101
Smp_317500	0.0872145304383045
Smp_317510	0.127639412369033
Smp_317540	0.00444809078042292
Smp_317550	0.00869942962865707
Smp_317560	0.0615786445956916
Smp_317580	0.0419186324674808
Smp_317600	0.00165725440273086
Smp_317620	0.02234051685182
Smp_317630	0.0320970122513534
Smp_317640	0.0652880155607072
Smp_317660	0.0298555536175634
Smp_317670	0.0340385440020839
Smp_317690	0.0771735795721868
Smp_317700	0.894642731497074
Smp_317720	0.104752494791122
Smp_317730	0.0537601764375428
Smp_317740	0.581928040860876
Smp_317750	0.282669317352756
Smp_317760	0.0145567375470172
Smp_317770	0.0308847825566208
Smp_317780	1.77936357354299
Smp_317790	3.91569127842021
Smp_317800	0.141963291616731
Smp_317810	1.61707727574378
Smp_317820	2.30921448343258
Smp_317840	0.15642064251812
Smp_317860	0.052769587757559
Smp_317970	6.76316600495955
Smp_317990	0.0929408221409402
Smp_318000	0.106101634953455
Smp_318010	0.00346391424013541
Smp_318030	0.438769259825655
Smp_318110	0.00305467926066475
Smp_318120	0.00327334179663541
Smp_318130	0.0576760904705672
Smp_318140	0.0812560743818504
Smp_318150	0.405792545390277
Smp_318160	0.0531466744521523
Smp_318200	0.0422497167787022
Smp_318210	0.152925399655639
Smp_318240	0.0450051754690262
Smp_318260	0.2042203624284
Smp_318280	0.0605397677962541
Smp_318290	0.797154645602305
Smp_318320	0.00559447884373176
Smp_318340	0.0526750354645854
Smp_318350	0.062711986592634
Smp_318470	0.00203105074764615
Smp_318480	0.17027052782961
Smp_318490	0.225492345370653
Smp_318500	0.00454950257859062
Smp_318510	0.453706122355985
Smp_318640	0.0447799268235285
Smp_318660	0.0443447207060297
Smp_318680	0.0421756075911379
Smp_318690	0.0320487606044894
Smp_318800	0.00284853345768381
Smp_318850	0.00335060580838959
Smp_318880	0.00559620534202757
Smp_318890	0.00989856768125114
Smp_318900	1.58293142198878
Smp_318910	0.0058299575948784
Smp_318920	0.0103245895000634
Smp_318950	1.43002422911289
Smp_318970	0.0132941507214051
Smp_318980	0.00318578216879822
Smp_319010	0.0171623187427162
Smp_319020	0.0431808310263903
Smp_319030	0.0251200105826177
Smp_319040	0.618529304765724
Smp_319050	0.00272361492892718
Smp_319060	0.00337413554105835
Smp_319070	0.0206170181961804
Smp_319080	0.00348588181476516
Smp_319090	0.166926070267482
Smp_319100	0.00252988886278983
Smp_319110	0.00574034333810164
Smp_319120	0.00359975926319356
Smp_319130	0.00513343772865362
Smp_319140	0.00505358486189353
Smp_319170	3.18372559153679
Smp_319200	0.939698199993562
Smp_319210	0.00188427195834082
Smp_319220	0.00173713847653222
Smp_319230	0.00240840984848516
Smp_319240	0.0261423292351487
Smp_319250	0.433909627676939
Smp_319260	0.174733700645849
Smp_319270	0.0312060488671221
Smp_319290	1.15386390412248
Smp_319310	0.195049971757582
Smp_319320	0.0099167040658275
Smp_319330	0.0325544143815165
Smp_319340	0.00640452328103259
Smp_319370	0.00200814301370137
Smp_319390	0.00672965864483311
Smp_319400	1.86389985196266
Smp_319410	0.400286404379354
Smp_319460	0.391480180098823
Smp_319480	0.0638669286183047
Smp_319490	2.94260472341314
Smp_319500	0.00301048357424744
Smp_319520	0.0668980476611837
Smp_319540	0.0451716204912157
Smp_319550	0.0329990654395756
Smp_319560	0.0210027586061294
Smp_319570	1.71833747893775
Smp_319580	0.399813199965757
Smp_319590	1.81806143738212
Smp_319610	0.0450945746312766
Smp_319620	0.00196878694708953
Smp_319640	0.0483711012229783
Smp_319650	0.00498512599533774
Smp_319660	0.0371725894386314
Smp_319700	0.372929401209604
Smp_319720	0.367441941467054
Smp_319730	0.0180435306013682
Smp_319760	0.00444210225301138
Smp_319770	0.128706526352132
Smp_319780	0.0840085890876878
Smp_319790	0.0137520733506096
Smp_319810	0.0288168886728182
Smp_319860	0.0139430605961501
Smp_319870	0.0688856332188654
Smp_319890	0.214244388842043
Smp_319900	0.0359781964987123
Smp_319910	0.0175977495587558
Smp_319920	0.840686711256091
Smp_319930	8.86770442905105
Smp_319940	1.52728818993169
Smp_319950	0.0120770570995553
Smp_319960	0.0517402641950069
Smp_319970	3.44898708214128
Smp_320100	0.0161735718994333
Smp_320110	0.29210123348302
Smp_320120	0.0581607918047941
Smp_320200	0.0166360419476722
Smp_320210	0.146301915814715
Smp_320230	0.0432413695528609
Smp_320240	0.00491722976729907
Smp_320260	1.94602563970298
Smp_320270	0.0169291075070139
Smp_320280	0.00589330205636706
Smp_320300	1.0476458617961
Smp_320310	0.00395203152381003
Smp_320320	0.0197913978166823
Smp_320330	0.0430395195583528
Smp_320340	0.0208082643183603
Smp_320350	1.8506592637366
Smp_320360	0.0982410518919107
Smp_320400	0.0306613924203723
Smp_320410	0.0124209430616555
Smp_320440	0.0173921225051064
Smp_320450	0.00878861165895056
Smp_320460	0.0164632270722729
Smp_320480	0.211376443155961
Smp_320490	0.188883012761585
Smp_320500	0.0164561835640275
Smp_320510	0.944440039845627
Smp_320530	0.0069518921065546
Smp_320540	0.00385758166911875
Smp_320670	0.0402788102599487
Smp_320760	1.97029519625967
Smp_320810	1.88627077333915
Smp_320880	8.87759831344152
Smp_320890	0.0370465151823585
Smp_320940	0.0415941416129892
Smp_321250	0.0279444520833103
Smp_321255	0.00869657999747371
Smp_321620	0.00245344461177761
Smp_321730	1.31346815157626
Smp_321740	0.0185940246236828
Smp_321760	0.0185384280907882
Smp_321770	0.0037344327095251
Smp_321780	0.0262509114992224
Smp_321790	0.0590619419378719
Smp_321830	0.0234825894965554
Smp_321840	0.0261205753246459
Smp_321850	0.0081339928814726
Smp_321860	0.0334153181423406
Smp_321880	1.40468113048022
Smp_321890	0.00180912252753393
Smp_321910	0.00250939567273692
Smp_321920	0.0236572408830393
Smp_321930	0.00409290975752331
Smp_322000	0.00222700927053052
Smp_322040	0.00815074437258336
Smp_322070	0.0828036039325469
Smp_322080	20
Smp_322100	0.163932370409746
Smp_322130	0.00895724044329693
Smp_322150	0.0494579273773332
Smp_322170	0.171532971767862
Smp_322190	0.0258737269632635
Smp_322210	0.00832816969533454
Smp_322220	0.00305291209820755
Smp_322230	0.053801614348349
Smp_322240	0.00287098901144335
Smp_322250	0.00444919508100858
Smp_322270	0.554278224829711
Smp_322280	0.028612598304063
Smp_322330	0.0230440266007909
Smp_322340	0.0396273270625059
Smp_322350	0.00442506437344828
Smp_322380	0.0629134623850598
Smp_322410	0.00467845529116534
Smp_322430	0.373625995609068
Smp_322440	0.00212110914514688
Smp_322450	1.3711868945517
Smp_322460	0.0239079157535021
Smp_322480	0.0267682080412122
Smp_322500	0.00489800220346898
Smp_322560	0.00486044869159033
Smp_322570	0.00317825743582527
Smp_322580	0.0244431420879116
Smp_322590	0.0084805035728767
Smp_322610	0.0057524966321789
Smp_322640	0.133955086877641
Smp_322650	0.00560245825412821
Smp_322680	15.4780001431611
Smp_322690	0.00667737917437007
Smp_322700	0.00508227656081263
Smp_322710	0.0145995853772259
Smp_322720	0.523777647255339
Smp_322730	0.00770464266507015
Smp_322770	0.0183041527482489
Smp_322780	0.00766491136101597
Smp_322800	0.0101403358715464
Smp_322810	0.00592144272729686
Smp_322820	0.00799950843965109
Smp_322830	0.0185701403465983
Smp_322850	0.0142002971772932
Smp_322860	0.0365542476073585
Smp_322870	5.38978993792547
Smp_322880	0.0513439499979337
Smp_322890	0.00298451194770273
Smp_322900	0.00519287918743792
Smp_322910	0.0527491925646372
Smp_322920	0.260397664869124
Smp_322930	0.0443420995581385
Smp_322940	0.0193442644108351
Smp_322950	0.00510006613630347
Smp_322970	0.00433936762484572
Smp_322980	0.078808851528401
Smp_322990	0.0201614796241133
Smp_323010	0.0184743737339823
Smp_323040	0.00485330727864318
Smp_323090	0.0143222472455305
Smp_323140	0.00998960492396637
Smp_323210	0.637062792981131
Smp_323230	0.2881282237863
Smp_323240	0.0200007019372618
Smp_323250	0.0325998572587537
Smp_323270	0.00505994939330942
Smp_323280	0.120405422106716
Smp_323300	0.721874238063351
Smp_323320	2.31699641952091
Smp_323330	0.00317838707357204
Smp_323340	0.0289474190445736
Smp_323360	1.03821248728743
Smp_323370	0.294131688860358
Smp_323380	0.00464938175464446
Smp_323420	0.223010824154998
Smp_323430	0.0117749133250159
Smp_323440	0.0736980411428205
Smp_323490	3.78447504218297
Smp_323500	0.414302525621518
Smp_323510	0.589556821113644
Smp_323530	1.66291404089937
Smp_323540	0.0170002520930176
Smp_323560	0.00437161295086228
Smp_323580	0.0187213709672369
Smp_323600	1.86426432534378
Smp_323640	0.0380488397074613
Smp_323650	0.00160143181694386
Smp_323660	0.00249713922387778
Smp_323690	0.00532229618426131
Smp_323700	0.0266732630289054
Smp_323740	0.00592048301486085
Smp_323770	0.0224570164641366
Smp_323790	0.0574672048806864
Smp_323800	0.0283803021776349
Smp_323810	0.03131191441796
Smp_323820	0.142579393394581
Smp_323830	0.00393978201264847
Smp_323870	0.0388820788280584
Smp_323890	0.00249396014047446
Smp_323900	0.0165279352073048
Smp_323910	0.0185045766829271
Smp_323920	0.0106108185957865
Smp_323960	1.23606863494593
Smp_323980	0.200873028666447
Smp_324050	0.00595954774997092
Smp_324060	0.0208245177302313
Smp_324070	0.0305017066379853
Smp_324080	0.059889945609548
Smp_324090	0.0469314131872559
Smp_324100	0.3847833334652
Smp_324110	1.16656106087285
Smp_324120	0.123692410689579
Smp_324130	0.0725831935844967
Smp_324140	0.01316889388459
Smp_324150	0.727980030734262
Smp_324180	0.0372768471062386
Smp_324190	0.365412092705388
Smp_324200	0.0200962866257701
Smp_324210	0.056465405133489
Smp_324230	0.358338325612391
Smp_324240	0.0220125196999866
Smp_324250	0.0410068445310943
Smp_324260	0.0108238972441209
Smp_324270	0.0129592050945904
Smp_324280	0.0698377407874931
Smp_324290	0.0219139355754577
Smp_324300	0.0466953207812607
Smp_324310	0.104119365826991
Smp_324380	0.0289887960750644
Smp_324400	0.0185020074877356
Smp_324410	0.0624314833203997
Smp_324420	0.0513567705916261
Smp_324630	0.00446484443801713
Smp_324700	0.0465386962584875
Smp_324710	0.0478203256120704
Smp_325490	0.370015811604131
Smp_325540	0.0532154312012787
Smp_325560	1.34445276587968
Smp_325570	0.119215461902286
Smp_325580	2.23060625248894
Smp_325610	0.00840273181699152
Smp_325620	0.352418419528501
Smp_325640	0.0280145846529043
Smp_325650	0.00687225571111386
Smp_325670	0.0116065701869402
Smp_325680	0.0229578131145252
Smp_325690	1.23943829501745
Smp_325700	6.50382203092607
Smp_325740	0.00716190046184248
Smp_325760	0.00427526139502702
Smp_325770	1.58010528374577
Smp_325790	0.0102576933931979
Smp_325820	0.547452262141495
Smp_325900	0.538014245118651
Smp_325920	0.00337497300724768
Smp_325960	0.0820425463183186
Smp_325970	0.100774255312393
Smp_325980	1.76127834154178
Smp_326040	0.00594506673951157
Smp_326080	0.0396219396080394
Smp_326090	0.0106478020625695
Smp_326120	0.03933531046298
Smp_326130	0.00415257459776418
Smp_326150	0.203004304273024
Smp_326160	0.0958219760103397
Smp_326170	1.78086625010491
Smp_326180	0.0312656102917496
Smp_326190	0.0518962364572447
Smp_326250	0.0110427955557373
Smp_326270	0.752434368082488
Smp_326360	0.115405203331276
Smp_326390	0.0973418259038383
Smp_326400	0.000829581614440801
Smp_326410	0.00763850906428259
Smp_326430	0.00399896720058511
Smp_326440	0.00897447644111249
Smp_326450	3.99672886335787
Smp_326480	2.44252625262104
Smp_326490	1.09071239447129
Smp_326500	0.003579338058657
Smp_326510	1.38131540945357
Smp_326520	0.00237592909539853
Smp_326530	0.0198773003088328
Smp_326540	0.55280155001628
Smp_326550	1.2734180173805
Smp_326560	0.654256302231313
Smp_326570	0.0387668588073832
Smp_326580	0.246946365320347
Smp_326600	0.769397357708226
Smp_326610	0.187151694835077
Smp_326620	0.00290815719666556
Smp_326650	0.272089112426744
Smp_326670	0.315978891843453
Smp_326690	0.294930139834796
Smp_326720	2.24881481082893
Smp_326730	0.0172099314786445
Smp_326740	0.0271373897620742
Smp_326750	0.00236793608341467
Smp_326760	0.0397746162057602
Smp_326770	0.00898003685175962
Smp_326790	0.0100371337740475
Smp_326800	0.169515716784592
Smp_326810	0.0461766807336335
Smp_327030	0.0467644901921243
Smp_327040	0.0401272156921957
Smp_327050	3.10157875182146
Smp_327200	4.97462156137553
Smp_327210	0.00351234825800687
Smp_327220	0.0181084931760496
Smp_327230	0.00697111996907369
Smp_327240	0.00624167824179497
Smp_327260	0.0136008267217695
Smp_327270	0.0146512560249796
Smp_327280	0.118963167116216
Smp_327290	0.57855215502746
Smp_327300	0.466767255354701
Smp_327360	0.0676194836696936
Smp_327400	0.0285326998844062
Smp_327410	0.174666444067757
Smp_327420	0.00611335146931823
Smp_327430	0.127934370192064
Smp_327480	0.00186958982816018
Smp_327490	4.11578497382093
Smp_327500	0.0100691445958871
Smp_327510	0.147629071089019
Smp_327520	0.302735239068985
Smp_327530	1.6565151285155
Smp_327550	0.862954051792954
Smp_327560	0.00321759338610498
Smp_327570	0.0055055796205644
Smp_327580	0.0396050288617118
Smp_327590	0.0176495598431162
Smp_327610	0.0180161318764995
Smp_327630	0.0399116526003653
Smp_327640	0.0110131707999498
Smp_327680	0.0241112241020521
Smp_327720	0.135036957272348
Smp_327730	0.00278560525626521
Smp_327770	0.165350055412142
Smp_327780	0.263217824181177
Smp_327800	0.021724944943377
Smp_327810	0.0509596805977276
Smp_327820	2.74036220632878
Smp_327860	0.107641860759594
Smp_327870	0.181711238137841
Smp_327890	0.108832501218426
Smp_327910	0.152636417880737
Smp_327920	2.46848717895336
Smp_327930	0.0190700203089727
Smp_327950	0.0220784270233558
Smp_327960	0.0143437582940816
Smp_327970	0.0080962361850283
Smp_328000	0.00352527882417207
Smp_328010	0.210999506319873
Smp_328060	0.271592045143548
Smp_328070	0.0351509502278505
Smp_328080	0.00385266920901647
Smp_328090	0.119384509199118
Smp_328110	0.00482628911339634
Smp_328120	0.0267041349293876
Smp_328140	0.0168771551135334
Smp_328150	0.00455943579330747
Smp_328180	0.0031591329813166
Smp_328200	0.00366064353870291
Smp_328220	0.0360654647273367
Smp_328230	0.00387473147380907
Smp_328240	0.0345144013548171
Smp_328260	0.0052601491991287
Smp_328300	0.328540604643104
Smp_328320	0.718453614540252
Smp_328330	0.0335961897226832
Smp_328350	0.00755955468364384
Smp_328360	0.0161540167138173
Smp_328380	0.663065741036815
Smp_328390	1.65338082093368
Smp_328400	0.0568694487655915
Smp_328410	0.00516743421926142
Smp_328430	0.354749563758964
Smp_328440	0.634687389325682
Smp_328460	0.476339621054254
Smp_328470	5.9953799981019
Smp_328500	0.014935705281384
Smp_328510	0.326710430394733
Smp_328520	0.264784383619409
Smp_328530	0.00946326628196267
Smp_328540	0.0506485002630237
Smp_328550	0.0914575683604295
Smp_328570	0.317285262960948
Smp_328580	0.00999246449898384
Smp_328590	0.254904993327034
Smp_328600	0.00256782179596565
Smp_328620	0.0435620794904064
Smp_328630	0.105954784095305
Smp_328640	0.0155681729506057
Smp_328650	0.00261109305327657
Smp_328680	4.31312960215517
Smp_328690	0.0114335240195288
Smp_328700	0.24272990319906
Smp_328710	0.0559247455326109
Smp_328730	0.00787149909380415
Smp_328750	0.697955806222408
Smp_328770	1.23290179857044
Smp_328910	0.0273405041876165
Smp_328930	0.190104299128815
Smp_328940	0.260798274828689
Smp_328950	0.0430253535323788
Smp_328980	0.0214367195314112
Smp_328990	0.141204808248111
Smp_329010	0.0134387294303856
Smp_329030	0.738939899039908
Smp_329040	0.0668049242171158
Smp_329050	0.163792555169047
Smp_329060	0.648645611077352
Smp_329090	0.0212405621488549
Smp_329100	0.0498908691773029
Smp_329110	0.0205635305146535
Smp_329150	0.0734804237827418
Smp_329200	0.015111765197951
Smp_329210	0.00148139516582354
Smp_329220	0.0289230225435438
Smp_329230	0.385133914772286
Smp_329250	0.0136505049528797
Smp_329260	0.0708034070830936
Smp_329270	0.0587179483456233
Smp_329280	0.187484720886922
Smp_329300	0.00789065035624671
Smp_329330	0.0105078035931442
Smp_329340	0.0058166074767057
Smp_329370	0.0152768738218758
Smp_329410	10.7451456584131
Smp_329420	0.090321526473978
Smp_329430	0.0147007691539691
Smp_329440	0.262114911991678
Smp_329490	0.112195407995905
Smp_329500	0.0693376506878573
Smp_329510	0.0257498356315307
Smp_329520	0.00675443233838993
Smp_329530	0.286987321183043
Smp_329550	0.0630395731864811
Smp_329560	0.802083771355107
Smp_329570	0.0209342118955299
Smp_329590	0.0385399353600496
Smp_329600	0.00177834759276699
Smp_329610	0.0373136970286831
Smp_329620	0.00386764030821745
Smp_329650	0.00986053437242098
Smp_329670	0.0162987231368726
Smp_329680	0.00280297987903145
Smp_329690	0.052899017634766
Smp_329700	0.0180063177725443
Smp_329710	0.304743284224633
Smp_329720	0.259205466110586
Smp_329730	0.11014333230241
Smp_329760	0.00257280852279699
Smp_329770	0.0192745076973749
Smp_329780	0.719034980190935
Smp_329920	0.0303902502952145
Smp_329940	0.169982666492786
Smp_329950	0.00736592347682039
Smp_329970	0.0414017818088883
Smp_330000	0.00379449541914218
Smp_330010	0.04159400928569
Smp_330090	2.9740130360735
Smp_330100	0.127296191435969
Smp_330120	0.141152829279746
Smp_330130	0.0532320425882085
Smp_330150	0.115798964397153
Smp_330160	0.0111990288889774
Smp_330180	0.816745284178424
Smp_330190	0.00310172108778988
Smp_330210	0.0541131995901588
Smp_330220	0.0251641317983285
Smp_330230	0.00945217725013522
Smp_330250	0.00319925042811632
Smp_330260	0.0149779874885591
Smp_330270	20
Smp_330280	0.220989627912203
Smp_330320	1.59011455061464
Smp_330330	0.00478986561805866
Smp_330350	0.0434795239044966
Smp_330380	0.0266831754405514
Smp_330390	1.1158535445488
Smp_330430	0.0107519439016928
Smp_330440	0.232710002056982
Smp_330450	0.0449104678432416
Smp_330470	0.08643763734177
Smp_330490	0.00531103524730409
Smp_330500	0.00242460314987063
Smp_330510	1.21941409233508
Smp_330520	1.37239591183282
Smp_330530	0.147075226558977
Smp_330540	0.0776922583064715
Smp_330550	0.0154993018084285
Smp_330570	0.0235167808588527
Smp_330590	0.0336434731252382
Smp_330600	1.85797196029892
Smp_330620	0.00472890159497326
Smp_330630	0.019977231648535
Smp_330650	0.00703900517750931
Smp_330680	0.0277412173169314
Smp_330700	0.0651706108755373
Smp_330710	0.115160368102196
Smp_330730	0.903304443874386
Smp_330740	0.0284825337515593
Smp_330760	0.0312594952146094
Smp_330770	0.233422593027202
Smp_330790	1.84600825701174
Smp_330810	1.04766570220502
Smp_330830	0.0821317451074688
Smp_330860	0.0166254734919926
Smp_330890	5.5470989698887
Smp_330900	1.22270921136068
Smp_331110	0.100995768571122
Smp_331120	0.0245061253061432
Smp_331130	0.233062249722236
Smp_331140	0.745827069541116
Smp_331150	0.0810103670922272
Smp_331160	0.0165816299547663
Smp_331170	0.0071562500813243
Smp_331180	0.0319087254256862
Smp_331190	0.460240773914453
Smp_331200	0.00399733349354542
Smp_331210	0.0241350206469274
Smp_331220	0.0249092504318993
Smp_331230	0.0481612665611063
Smp_331240	0.0544576243126383
Smp_331250	0.057544078016602
Smp_331270	2.56339308324169
Smp_331280	0.0129316873607041
Smp_331290	0.00965021190578038
Smp_331310	0.0151543456411585
Smp_331320	0.0198379200369706
Smp_331330	0.00878983001481798
Smp_331340	0.0107343058560815
Smp_331360	0.0249456420333813
Smp_331380	0.0105735767289948
Smp_331390	0.118963861330015
Smp_331400	1.24712868014922
Smp_331410	0.0325562107475812
Smp_331420	0.02691471931669
Smp_331440	0.380947922353779
Smp_331450	0.067434396049784
Smp_331460	0.0113489485004857
Smp_331470	0.0937341447646239
Smp_331480	0.0310420276489673
Smp_331490	0.00152567737590064
Smp_331510	0.053837818254409
Smp_331530	0.00272025457836586
Smp_331540	0.0962816677585736
Smp_331550	0.0551151706546002
Smp_331560	0.0081702102839036
Smp_331570	0.0250302603249982
Smp_331590	0.0441832248336372
Smp_331600	4.95694256694263
Smp_331610	0.161004205686285
Smp_331630	2.85945811934226
Smp_331650	0.0526784535919012
Smp_331660	0.0187602159713465
Smp_331670	0.00523647824470619
Smp_331680	0.446784916302276
Smp_331690	0.0212270980969341
Smp_331700	0.018764599871267
Smp_331710	0.00364950373600897
Smp_331720	0.0112106647001248
Smp_331730	0.107096972402717
Smp_331780	0.00407312917940431
Smp_331790	0.00218976060747549
Smp_331810	0.00592843426372094
Smp_331820	0.00211581258732559
Smp_331830	0.0452813813845122
Smp_331870	0.00275195192531819
Smp_331880	0.00446115610282651
Smp_331890	0.0507093559186711
Smp_331900	0.0174512565600176
Smp_331910	0.0223933805085669
Smp_331920	0.00122798092829948
Smp_331930	0.512419928057368
Smp_331940	0.00498817947563736
Smp_331960	0.00684031644130206
Smp_331970	0.064741795221439
Smp_331980	0.003680958873435
Smp_331990	0.0113433255294513
Smp_332010	0.00245169838081281
Smp_332020	0.102378338718995
Smp_332070	4.49315376946414
Smp_332080	0.00555270984597303
Smp_332090	0.0019053327261582
Smp_332100	0.00354409206619181
Smp_332120	0.0377206346996081
Smp_332140	0.321533623441018
Smp_332150	0.486559135304636
Smp_332160	0.00260370722318339
Smp_332170	0.00202495513670751
Smp_332240	0.0205610778817731
Smp_332250	0.0222784111236784
Smp_332260	0.00437106526441926
Smp_332270	0.0215693645783713
Smp_332280	0.0113071587629798
Smp_332290	0.00817398855670315
Smp_332300	0.00164365624789654
Smp_332310	0.0129508068988594
Smp_332320	0.0208928173122682
Smp_332330	0.005781406149848
Smp_332350	0.675432807817414
Smp_332360	0.0146653046615932
Smp_332370	0.00559529240256358
Smp_332380	0.0176961205724988
Smp_332390	0.0350023091445385
Smp_332400	0.00158955563162404
Smp_332420	0.0196932106837979
Smp_332440	0.122548291389622
Smp_332450	0.00783295892230704
Smp_332460	0.200361916731784
Smp_332470	0.00805381593498419
Smp_332480	0.00904053839799011
Smp_332490	0.00957988205863447
Smp_332500	0.0508024934496491
Smp_332510	0.0037671339111221
Smp_332520	0.00788821372396849
Smp_332540	0.00392642667059858
Smp_332550	0.0102502170344536
Smp_332560	0.0475245200395319
Smp_332570	0.00816076914303867
Smp_332580	0.0072422080603564
Smp_332590	0.161743441179057
Smp_332600	0.00671099862005546
Smp_332610	0.102597776850549
Smp_332620	0.0015751660319518
Smp_332630	0.0073397700193289
Smp_332640	0.42463161891339
Smp_332650	0.00859626334965153
Smp_332660	0.00682273979676583
Smp_332670	0.405349378772985
Smp_332680	0.0100474196951774
Smp_332690	0.00273024664389375
Smp_332700	0.00299975689595834
Smp_332710	0.0384704928758022
Smp_332720	0.0178499490199958
Smp_332740	0.0113081667066494
Smp_332750	0.00678923865920722
Smp_332780	0.00716658359301824
Smp_332790	0.0105011919186424
Smp_332800	0.0371450906705663
Smp_332820	0.0221465330595455
Smp_332830	0.00194693639214761
Smp_332850	0.00329595331480805
Smp_332860	0.00224658106403331
Smp_332870	0.00293063183374753
Smp_332880	0.00205761773935849
Smp_332890	0.0118885067875426
Smp_332900	0.00806679573876357
Smp_332910	0.00313267561178921
Smp_332920	0.00297319017012979
Smp_332930	0.00157503985599781
Smp_332940	0.00374050729909855
Smp_332950	0.00239767700206098
Smp_332960	0.0106971815387429
Smp_332970	0.0078602404945591
Smp_332980	0.00680324226993075
Smp_333000	0.0284683972757548
Smp_333010	0.00446727151665268
Smp_333030	0.00199617482432574
Smp_333040	0.00197814298899849
Smp_333050	0.00457452291417276
Smp_333070	0.00708277141723075
Smp_333080	0.0055230593985996
Smp_333090	0.00171718864250548
Smp_333100	0.00352640952421918
Smp_333120	0.0300232122451187
Smp_333140	0.0141828781143717
Smp_333150	0.00235329911188604
Smp_333160	0.00590469436532011
Smp_333170	0.00557295266978229
Smp_333180	0.0281827680446979
Smp_333190	0.00852106958756453
Smp_333200	0.00266163698589672
Smp_333210	0.00692197126960345
Smp_333230	0.109303716227393
Smp_333240	0.00336884957514645
Smp_333250	0.0223818859852991
Smp_333260	0.0040456992729187
Smp_333270	0.00384948648920337
Smp_333280	0.296947797356332
Smp_333290	0.0142637980863676
Smp_333300	0.00939119348475371
Smp_333310	0.00271476449505882
Smp_333320	0.00488059702079294
Smp_333330	0.00849590968542467
Smp_333340	0.0324579138106886
Smp_333350	0.00282997855799093
Smp_333360	0.0648763837183007
Smp_333370	0.0151488988053661
Smp_333380	0.0409881734625144
Smp_333390	0.026745520314774
Smp_333400	0.00192573847098909
Smp_333410	0.00180273566023198
Smp_333420	0.00861959487237927
Smp_333450	0.00398687117971532
Smp_333460	0.0014652614816841
Smp_333470	0.0157360769963919
Smp_333480	0.00345007950434633
Smp_333490	0.0127768735319943
Smp_333500	0.00309339264925739
Smp_333510	0.0016704306526662
Smp_333520	0.00886478230542685
Smp_333540	0.0276117031788738
Smp_333550	0.0028897772716633
Smp_333560	0.0460779935671548
Smp_333570	0.0528064597039838
Smp_333580	0.00374809914328772
Smp_333590	0.039055974258239
Smp_333600	0.00781208400528591
Smp_333610	0.00278833365899616
Smp_333620	0.00636638741273056
Smp_333630	0.0836150123256968
Smp_333640	0.0019104744886251
Smp_333650	0.0123238062590728
Smp_333660	0.00258669918989937
Smp_333670	0.012874262078828
Smp_333680	0.00703974052864348
Smp_333690	0.840681222176471
Smp_333700	0.0144524894425518
Smp_333710	0.00958519773577973
Smp_333720	0.0275086338042496
Smp_333730	0.0128695932787126
Smp_333740	0.0160335695362603
Smp_333750	0.0252414991013965
Smp_333760	0.0072199443894539
Smp_333770	0.00215235043541045
Smp_333780	0.0139405442177177
Smp_333790	0.0868455565813529
Smp_333800	0.00918575298835163
Smp_333810	0.00217173921308538
Smp_333830	0.0719082203998587
Smp_333840	0.0112527581596824
Smp_333850	0.0343087504335339
Smp_333860	0.0134780076445826
Smp_333880	0.00213944885811936
Smp_333890	0.00374335745040012
Smp_333900	0.0172788928522262
Smp_333910	0.00144167233505081
Smp_333920	0.0283522937940038
Smp_333940	0.00145279358439673
Smp_333950	0.00854802233622844
Smp_333960	0.00236329708287567
Smp_333970	0.0012467406177626
Smp_333980	0.599729085896183
Smp_333990	1.51063664299347
Smp_334000	0.0148398376664491
Smp_334010	0.0056390183520266
Smp_334020	0.00179977388815569
Smp_334030	0.00348825248470291
Smp_334040	0.0849574388711615
Smp_334050	0.037741062471611
Smp_334060	0.00356150950723807
Smp_334080	0.00308267647519123
Smp_334100	0.00285345115280571
Smp_334110	0.00524059861625559
Smp_334120	0.0730333235827347
Smp_334130	0.00290802490183982
Smp_334140	0.00321594277835292
Smp_334150	0.0165855608561482
Smp_334160	0.0068719314726906
Smp_334180	0.0101561617084783
Smp_334190	0.028863460369301
Smp_334200	0.00286206419158053
Smp_334210	0.0118249606812389
Smp_334220	0.0270351057512832
Smp_334230	0.00707177974172599
Smp_334250	0.0169858629135894
Smp_334260	0.0027161042604133
Smp_334280	0.00127993744978188
Smp_334290	0.00517692043627636
Smp_334300	0.00496476787000585
Smp_334310	0.0047450975124791
Smp_334320	0.138068654052121
Smp_334330	0.00382683318172848
Smp_334340	0.00816910223621633
Smp_334360	0.934476199555903
Smp_334370	0.00638083502083103
Smp_334390	0.0297524662698248
Smp_334400	0.111653718989004
Smp_334410	0.0238291184571213
Smp_334415	0.24496142480281
Smp_334420	0.00667440506436475
Smp_334430	0.00293288917500313
Smp_334440	0.00903343521670218
Smp_334450	0.0212845411839756
Smp_334460	0.0117844665024175
Smp_334470	0.00973537078626117
Smp_334480	0.016086442224455
Smp_334490	0.00506588842049997
Smp_334500	0.0217424575954579
Smp_334510	0.0107979371618595
Smp_334530	0.00199490246353438
Smp_334540	0.0056140034605245
Smp_334555	2.56790684242237
Smp_334560	0.0186827158483392
Smp_334570	0.0291813837372365
Smp_334580	0.0123502208474967
Smp_334600	0.0160507881031598
Smp_334610	0.0409121818843887
Smp_334620	0.0186736197076479
Smp_334630	0.0170694438128615
Smp_334670	0.0259710089503595
Smp_334680	0.0238676654093335
Smp_334700	0.0298756546530154
Smp_334710	0.00741225075822851
Smp_334730	0.0216728631388951
Smp_334740	0.00843972578894922
Smp_334750	0.00202268178759117
Smp_334770	0.00239755126293863
Smp_334780	0.0183396581727531
Smp_334790	0.0112554872698561
Smp_334810	0.059301462741578
Smp_334820	0.790016466198269
Smp_334830	0.107948743418307
Smp_334850	0.285278927804721
Smp_334880	0.00555241160471889
Smp_334890	0.00214465570625825
Smp_334900	0.0115116755070769
Smp_334910	0.013576837738155
Smp_334920	0.102232361233933
Smp_334940	1.18083487288604
Smp_334950	0.0024108704706411
Smp_334970	0.0255149343073398
Smp_334980	0.0434178262954174
Smp_334990	0.167456563140643
Smp_335010	0.00586511133570525
Smp_335020	0.0129909461531225
Smp_335040	0.73207181915338
Smp_335050	0.148849097538484
Smp_335080	3.00840509853232
Smp_335110	0.0117786993801014
Smp_335120	0.0634204788992528
Smp_335140	0.0562522963256892
Smp_335150	0.0372723548331851
Smp_335170	0.0360400416396928
Smp_335180	0.0524266237367848
Smp_335190	0.0872212313974717
Smp_335200	0.132945606985862
Smp_335210	0.0219852541055992
Smp_335220	0.114547505895501
Smp_335280	0.00856700351074722
Smp_335300	0.00231795094039488
Smp_335330	0.0267588075078228
Smp_335340	0.00449746231237088
Smp_335350	0.00567356777017769
Smp_335370	0.0639077927455048
Smp_335380	0.390055388967926
Smp_335400	0.0842414495051494
Smp_335530	0.0107096688974452
Smp_335550	0.437394422649003
Smp_335560	0.0131672070369302
Smp_335570	0.00963649532351644
Smp_335590	0.0213081905936302
Smp_335600	0.0124918342892248
Smp_335610	0.216506988147522
Smp_335620	0.00181718721810561
Smp_335630	0.00500895038232317
Smp_335650	0.0303632261258173
Smp_335660	0.00417989284437602
Smp_335670	0.0744327943636731
Smp_335675	0.00745084772322347
Smp_335690	0.897718425920762
Smp_335710	0.0156515675202925
Smp_335720	0.00453185630513787
Smp_335730	0.0182011581767513
Smp_335750	0.00424542046685202
Smp_335760	0.00736960888766053
Smp_335770	0.0157469579962415
Smp_335780	0.0803118236348967
Smp_335785	0.0580385351438345
Smp_335800	0.0950545682865346
Smp_335820	0.151785337667642
Smp_335830	0.00945577776508487
Smp_335840	0.0964983649093038
Smp_335850	0.0103607625400366
Smp_335880	0.0117426477165026
Smp_335890	0.0162495855035457
Smp_335900	0.0291610805471251
Smp_335930	0.00500810017522574
Smp_335950	0.841642416338341
Smp_335960	0.107046333848068
Smp_335980	0.00915129577153435
Smp_335990	0.011196266872934
Smp_336010	0.0221593483300664
Smp_336050	0.00278716476700088
Smp_336060	1.07074101455017
Smp_336080	0.000995291372186762
Smp_336100	0.0106043045854655
Smp_336110	0.0735360975429463
Smp_336120	0.0338119723112779
Smp_336130	1.80250466360013
Smp_336140	1.01697744046527
Smp_336150	0.0346740089209608
Smp_336170	0.0354281173957131
Smp_336180	0.0155188099600043
Smp_336190	0.0142678569706006
Smp_336210	0.0869629789603248
Smp_336230	0.104727640292351
Smp_336250	0.00156716349829948
Smp_336270	0.017385844206545
Smp_336280	0.00642941427700191
Smp_336290	0.0243355888382939
Smp_336310	0.00718387154425871
Smp_336320	0.0096372880436352
Smp_336330	0.00360477985635249
Smp_336340	0.0165352697102303
Smp_336350	0.0104584306257153
Smp_336360	0.00319096656100402
Smp_336365	0.00399801945653356
Smp_336370	0.00890538571068312
Smp_336380	0.0086247513833987
Smp_336610	0.00992639414501294
Smp_336620	0.0127719294018703
Smp_336630	0.131688823704255
Smp_336640	0.00116527950569493
Smp_336650	0.00801225072260712
Smp_336660	0.00242813156351059
Smp_336670	0.00829330659996001
Smp_336680	0.00362993904462513
Smp_336700	0.00206968792636445
Smp_336710	0.00402857246354065
Smp_336720	0.0197351306536666
Smp_336730	0.0080954399791174
Smp_336740	0.164463812133719
Smp_336750	0.0262275432088284
Smp_336770	0.0025906943636976
Smp_336780	0.0161348514668624
Smp_336790	0.00505638897398447
Smp_336800	0.0222731688540026
Smp_336830	0.016090010389364
Smp_336840	0.114655940091896
Smp_336850	3.45558429847143
Smp_336870	0.0134836125316514
Smp_336880	4.12183635848229
Smp_336900	0.0237064485436337
Smp_336990	0.149284311689049
Smp_337000	0.156852973781397
Smp_337010	0.00464971456518997
Smp_337030	4.72197350859029
Smp_337040	0.00264306665050031
Smp_337060	0.0155308751344257
Smp_337070	0.0271398668038343
Smp_337080	0.00209284765003111
Smp_337090	0.00248258449098995
Smp_337100	0.00924221369776566
Smp_337110	0.00417282372781733
Smp_337130	0.00418229087176952
Smp_337140	0.00206181933175201
Smp_337145	0.0178248016254244
Smp_337150	0.00637499500749934
Smp_337190	0.00235230413566697
Smp_337200	0.00294324450147405
Smp_337220	0.00829476026845956
Smp_337230	0.135023747264024
Smp_337240	0.0221337873891604
Smp_337250	0.0796922886756267
Smp_337260	0.0032306882901687
Smp_337280	0.00232509791776351
Smp_337290	0.00462335041686932
Smp_337300	0.132824450063234
Smp_337320	0.0021248843752173
Smp_337330	0.00483778745406333
Smp_337335	0.0384535555359344
Smp_337340	0.00598029751317217
Smp_337350	0.0171767530758235
Smp_337360	4.55691433350612
Smp_337370	0.0186584412117054
Smp_337380	0.0223378233212146
Smp_337390	0.0363144423182066
Smp_337395	0.00419376631852127
Smp_337400	0.00433120792868772
Smp_337410	0.00185253555576554
Smp_337420	0.00423287014744238
Smp_337425	0.00429285370555889
Smp_337430	0.00262520559422488
Smp_337440	0.0208388913187382
Smp_337450	1.5030444870964
Smp_337460	0.00248046110240386
Smp_337470	0.00193995719089101
Smp_337480	0.00711120883961234
Smp_337490	0.00348754029007716
Smp_337500	20
Smp_337510	0.107141066018398
Smp_337520	0.515051543097313
Smp_337530	0.00218169365340572
Smp_337540	2.33581379749127
Smp_337550	0.00187377343544779
Smp_337560	0.00184659827287712
Smp_337570	0.00226753242326424
Smp_337580	0.00304288209373385
Smp_337590	0.00357687643184825
Smp_337610	0.0014695674826245
Smp_337620	0.00281664216433878
Smp_337630	0.00306672074424378
Smp_337640	0.233981309504746
Smp_337650	0.00647740796688365
Smp_337660	0.00382830761991182
Smp_337670	0.378843781410863
Smp_337730	0.0214278866169492
Smp_337740	0.0349874473810936
Smp_337750	0.0014122722686529
Smp_337760	0.00527839850411467
Smp_337770	0.0072752296585831
Smp_337780	0.00714784334889681
Smp_337785	0.010105371960566
Smp_337790	0.0106227116637702
Smp_337795	0.00806342840064797
Smp_337800	0.00166385506491542
Smp_337805	0.00208125918743224
Smp_337830	0.019840960125184
Smp_337850	0.00130379315802246
Smp_337860	0.00219799103642727
Smp_337870	0.00166951165990055
Smp_337875	0.00362900390204578
Smp_337880	20
Smp_337890	0.0850902841874817
Smp_337900	0.141429926961625
Smp_340010	0.083982760406867
Smp_340020	0.00461507515271634
Smp_340030	0.00358165749558852
Smp_340040	0.0485019174433143
Smp_340050	0.00129911320078588
Smp_340060	0.00878867274905291
Smp_340070	0.00234227397767425
Smp_340080	0.0328833425378444
Smp_340090	0.00152586321502223
Smp_340100	0.00563609427442133
Smp_340110	0.00266667132809622
Smp_340120	0.00289648462993709
Smp_340130	0.00703434429515987
Smp_340140	0.0148852556278444
Smp_340150	0.00418392664273179
Smp_340160	0.402370471806879
Smp_340170	0.00113299876047633
Smp_340180	0.106741636507278
Smp_340190	0.0112191843122523
Smp_340200	0.014029192618127
Smp_340210	0.0168228557122344
Smp_340220	0.0288123691773855
Smp_340230	0.00380228066457057
Smp_340240	0.000811156314809545
Smp_340250	0.00145290848034788
Smp_340260	0.00572200865864452
Smp_340265	0.00187029642524626
Smp_340270	0.00671623586217783
Smp_340280	0.0270562519508796
Smp_340290	0.00148969658833249
Smp_340300	0.00168544586621374
Smp_340310	0.00335375311025881
Smp_340320	0.0218264817364744
Smp_340330	2.90769954778761
Smp_340340	0.00880659653130077
Smp_340350	0.00372847461073892
Smp_340360	0.00280224438277249
Smp_340370	0.00208686404631383
Smp_340380	0.0031620418703726
Smp_340390	0.00365551311766474
Smp_340400	0.190466977849436
Smp_340410	0.00215394485281976
Smp_340420	0.00315478388254173
Smp_340430	0.00446902446091757
Smp_340440	0.00343013678966483
Smp_340450	0.00351920038199075
Smp_340460	0.0118795912102028
Smp_340470	0.00106390256407016
Smp_340480	0.0202665592554738
Smp_340490	0.00629365422013632
Smp_340500	0.00195958063429069
Smp_340510	0.00341508004966164
Smp_340520	0.00295598956651116
Smp_340530	0.0257319354750614
Smp_340540	0.0468996658938881
Smp_340550	0.0669444019607224
Smp_340560	0.0190573530208267
Smp_340570	0.0266669366527141
Smp_340580	0.00188247302586976
Smp_340590	0.00567399292892362
Smp_340600	0.00223526954323626
Smp_340610	0.0128396219819298
Smp_340620	0.141757302244773
Smp_340630	0.00370193174239411
Smp_340650	0.00813255011662174
Smp_340660	0.0144791586027472
Smp_340670	0.00367393206107587
Smp_340680	0.0145921945070118
Smp_340690	0.453597423579779
Smp_340700	0.00527336367686974
Smp_340710	0.00158661667550191
Smp_340720	0.00407793428277787
Smp_340730	0.00100921262799504
Smp_340740	0.023539610316764
Smp_340750	0.0109017576513684
Smp_340760	0.00613923078188381
Smp_340770	0.00786817792653105
Smp_340780	0.00657279616332671
Smp_340790	0.00142513353051418
Smp_340800	0.012091084466991
Smp_340810	0.00120541962710464
Smp_340820	0.00240352375306904
Smp_340830	0.00344260070015318
Smp_340840	0.139714421844484
Smp_340850	0.00485345600967457
Smp_340860	0.00853249936265179
Smp_340870	0.0190768509636914
Smp_340880	0.00461490200270097
Smp_340890	1.21123005920034
Smp_340900	0.00444786871333118
Smp_340910	0.00481986697955405
Smp_340920	0.00264880127341049
Smp_340930	0.0382876278165889
Smp_340940	0.00482891748939663
Smp_340960	0.00826963488664216
Smp_340970	0.00222449050812479
Smp_340980	0.00154759255680785
Smp_340990	0.00424427798843999
Smp_341010	0.00416952504916639
Smp_341020	0.00203945384256827
Smp_341030	0.0111082285262882
Smp_341040	0.00235915939673399
Smp_341050	0.00140576745273248
Smp_341060	0.00212167699165433
Smp_341070	0.00484280872099564
Smp_341080	0.00815581456388832
Smp_341090	0.00608125602464853
Smp_341100	0.00174888996219521
Smp_341110	0.0017018924116147
Smp_341120	0.00217171955317252
Smp_341130	1.14700778975649
Smp_341140	0.0292971049353243
Smp_341150	0.00525583146891046
Smp_341160	0.00542024075486151
Smp_341170	0.00568907035048966
Smp_341180	0.00313391787066742
Smp_341190	0.0836922959903259
Smp_341200	0.00309339770159369
Smp_341210	0.0161091809482916
Smp_341220	0.00483555532635266
Smp_341230	0.0040784901556027
Smp_341240	0.00386111202659065
Smp_341260	0.00274197753155875
Smp_341270	0.0360952226215781
Smp_341280	0.00593080582147824
Smp_341290	0.0476717958894613
Smp_341300	0.00358124192649482
Smp_341310	0.00600391223712961
Smp_341320	0.00370817418148478
Smp_341330	0.00354154835920066
Smp_341340	0.0399745179377487
Smp_341350	0.0205411523207876
Smp_341360	0.00473484399786403
Smp_341370	0.00234367575858667
Smp_341380	0.0199945745908776
Smp_341390	0.025339563664525
Smp_341400	0.00139124922713125
Smp_341410	0.00791397031746988
Smp_341420	0.00383433766712684
Smp_341430	0.00148116615526124
Smp_341440	0.00561188692598553
Smp_341450	0.00757059140810632
Smp_341460	0.0388253791113833
Smp_341470	0.00340813090810969
Smp_341490	0.0365848402299705
Smp_341500	0.131168614799478
Smp_341510	0.00902677844361919
Smp_341520	0.00453591194196481
Smp_341530	0.00532484844693342
Smp_341550	0.00207434444183056
Smp_341560	0.0106364177610155
Smp_341570	0.00521579016564259
Smp_341580	0.00399822488062672
Smp_341590	0.00438726035583658
Smp_341600	0.146057890010415
Smp_341620	0.00197360832934239
Smp_341630	0.00567892273337987
Smp_341640	0.0167394855201278
Smp_341650	0.00240286897586223
Smp_341660	0.00575027401375551
Smp_341670	0.594062041737295
Smp_341680	0.00193016765986048
Smp_341690	0.00429603951494873
Smp_341700	0.0091111616901452
Smp_341720	0.00492648857266835
Smp_341730	0.00326139697855745
Smp_341740	0.00141112475424972
Smp_341750	0.0144192739563129
Smp_341760	0.409877688941807
Smp_341770	0.0256283949547345
Smp_341780	0.269535236716162
Smp_341790	0.0330827032279923
Smp_341800	0.0045167675649898
Smp_341810	0.0159072523877302
Smp_341820	0.287674788805465
Smp_341830	0.00386564565144638
Smp_341840	0.00450932664531904
Smp_341860	0.00486782256594937
Smp_341870	0.00226000681855352
Smp_341880	0.02789822455085
Smp_341890	0.00298594498856672
Smp_341900	0.0112485612474222
Smp_341910	0.048159520447867
Smp_341920	0.0039354838246194
Smp_341930	0.115185758307748
Smp_341940	0.0676620315235639
Smp_341950	0.00183383760716153
Smp_341960	0.0226385323580413
Smp_341970	0.0736896259616015
Smp_341980	0.00189150119843324
Smp_341990	0.00168244616559538
Smp_342000	0.026074300452855
Smp_342010	0.0406214534935334
Smp_342020	0.0107034683066623
Smp_342030	0.0236539569793515
Smp_342040	0.0281847852949913
Smp_342050	0.00501182698045429
Smp_342060	0.02437994866389
Smp_342070	0.00231338108823465
Smp_342080	0.0119832585870706
Smp_342090	0.0153309883181707
Smp_342100	0.0102033779169786
Smp_342110	0.00352421533102056
Smp_342130	0.0165780669203727
Smp_342140	0.0150515557891225
Smp_342150	0.0477019829771288
Smp_342160	0.00362039436694384
Smp_342170	0.00131698964928548
Smp_342180	0.0042902760136921
Smp_342190	0.0124817591825787
Smp_342200	0.0088824363778449
Smp_342210	0.700138002256159
Smp_342230	0.0185066260096841
Smp_342240	0.00221523510661006
Smp_342250	0.00399420725416884
Smp_342260	0.00420184172707463
Smp_342270	0.0139801090412716
Smp_342280	0.0238782227800856
Smp_342290	0.00416976047215457
Smp_342300	0.043284618359682
Smp_342310	0.0242656877033606
Smp_342320	0.0819304401074611
Smp_342330	0.00286909672646033
Smp_342340	0.0254752349729821
Smp_342350	0.00337486401717483
Smp_342360	0.00995435436012331
Smp_342370	0.186011992952905
Smp_342380	0.028847242712179
Smp_342390	0.196082789040263
Smp_342400	0.00097218622853163
Smp_342410	0.0437715566741102
Smp_342420	0.00552751845509249
Smp_342430	0.481355142238002
Smp_342440	0.00751934978168643
Smp_342450	0.00921894298476665
Smp_342460	0.0543389830112857
Smp_342470	0.00515774852427035
Smp_342480	0.00279304453783475
Smp_342490	0.00588115546801565
Smp_342500	0.0236858640845974
Smp_342510	0.0139773477884294
Smp_342520	0.0172748547488486
Smp_342530	0.0375873729098407
Smp_342540	0.0396474015432049
Smp_342550	0.0030505349713151
Smp_342560	0.0204930747690644
Smp_342570	0.00272493084030451
Smp_342580	0.0479669756120846
Smp_342590	0.00702328830494225
Smp_342600	0.0184980537078115
Smp_342610	0.00293954010006614
Smp_342620	0.00236703718454056
Smp_342630	0.00489242873035906
Smp_342640	0.0189155135631782
Smp_342650	0.154807169306132
Smp_342660	0.024046093041134
Smp_342670	0.0100076639097642
Smp_342680	0.0313434501886102
Smp_342690	0.00307348063361674
Smp_342700	0.00421170565751541
Smp_342710	0.00334387621817893
Smp_342720	0.00786203476250822
Smp_342730	0.00787724180417664
Smp_342740	0.002478828642427
Smp_342750	0.00510560127409541
Smp_342760	0.0475189225480978
Smp_342770	0.0318927794358364
Smp_342780	0.0851860999059479
Smp_342790	0.0199296022959557
Smp_342800	0.0208837357727273
Smp_342810	0.0105675671909256
Smp_342820	0.0271896229803449
Smp_342830	0.00843805039859696
Smp_342840	0.012971143994498
Smp_342850	0.0256599077029654
Smp_342860	0.0341978708187988
Smp_342870	0.00973901035232575
Smp_342880	0.0076856446183826
Smp_342890	0.00590077215443991
Smp_342900	0.0245131797963121
Smp_342910	0.00227498284686399
Smp_342920	0.0199134839298168
Smp_342930	0.00227398317508503
Smp_342940	0.0258190988244953
Smp_342950	0.016943617609816
Smp_342960	0.0235732682652163
Smp_342970	0.0043688402666059
Smp_342980	0.00243205866229478
Smp_342990	0.0100744246501385
Smp_343010	0.0503909831309014
Smp_343020	0.307022268214917
Smp_343030	0.0082766867875871
Smp_343040	0.0309712064124144
Smp_343050	0.00488015211050904
Smp_343060	0.293439455099501
Smp_343070	0.503223280694303
Smp_343080	0.953510651095533
Smp_343090	0.00548842023035631
Smp_343100	0.132696442074285
Smp_343110	0.0160956482382305
Smp_343120	0.00723962938352604
Smp_343130	0.0085940154550754
Smp_343140	0.0670980827787361
Smp_343150	0.00173158757342042
Smp_343160	0.0107259224144116
Smp_343170	0.00307917853221651
Smp_343180	0.00374980917827845
Smp_343190	0.00264920249902732
Smp_343200	0.00455217552564855
Smp_343210	0.106941628862135
Smp_343220	0.00503967185226626
Smp_343230	1.40949510426396
Smp_343240	0.0127758062388269
Smp_343250	0.0227937924660802
Smp_343260	0.0933642843876969
Smp_343270	0.0189050485921892
Smp_343280	0.0167042571203425
Smp_343290	0.0422915604949813
Smp_343300	0.0197757714059234
Smp_343310	0.0119404659239929
Smp_343320	0.00376938145038617
Smp_343330	0.0264766298300602
Smp_343340	0.0295394652368064
Smp_343350	0.0043217300719961
Smp_343360	0.00892669203967487
Smp_343370	0.392561856799256
Smp_343380	0.00303756284384493
Smp_343390	0.199405865984766
Smp_343400	0.0121222681852963
Smp_343410	0.0144203411050686
Smp_343420	0.0675682621932871
Smp_343430	0.00672810619311721
Smp_343440	0.00283914533078018
Smp_343450	0.00525361853502091
Smp_343460	0.15803452646918
Smp_343470	0.00358579343044943
Smp_343480	0.164415178873792
Smp_343490	0.117557580331862
Smp_343500	0.00607329767384254
Smp_343510	0.17861308032925
Smp_343520	0.0052564855581439
Smp_343530	0.00220466269071981
Smp_343540	0.00353281064912201
Smp_343550	0.00360506615332844
Smp_343560	0.0143021936297165
Smp_343570	0.00394719250513756
Smp_343580	0.00227540452098718
Smp_343590	0.318616046164723
Smp_343600	0.0134214760111993
Smp_343610	0.00432987599581844
Smp_343620	0.00260866510958561
Smp_343630	0.0134629616624073
Smp_343640	0.0165477376873329
Smp_343650	0.0214387528401271
Smp_343660	0.0205543616877892
Smp_343670	0.0361252469651091
Smp_343680	0.0237662227570496
Smp_343690	0.0572857292525934
Smp_343700	0.00467369463056675
Smp_343710	0.0160118790953232
Smp_343720	0.00780761899044633
Smp_343730	0.0910197962368054
Smp_343740	0.00933290563444
Smp_343750	0.0026690504146132
Smp_343760	0.0125803691795241
Smp_343770	0.0076506172559112
Smp_343780	0.0421033802147389
Smp_343790	0.00182543726278018
Smp_343800	0.0100136363297771
Smp_343810	0.0146199179870059
Smp_343820	0.0136010597120679
Smp_343830	0.00627206988108833
Smp_343840	0.00629139290343688
Smp_343850	0.0248601094349008
Smp_343860	0.00505639480825457
Smp_343870	0.180908383374555
Smp_343880	0.00877139082535575
Smp_343890	0.0048026353341108
Smp_343910	0.00228516615479388
Smp_343920	0.173896228234313
Smp_343930	0.01160534414235
Smp_343940	0.0198559218038334
Smp_343950	0.023042029121601
Smp_343960	0.100866032711668
Smp_343970	0.00249380878408463
Smp_343980	0.852512290724747
Smp_343990	0.0156289615634585
Smp_344000	0.0506723218006079
Smp_344010	0.0230994799693859
Smp_344020	0.00865718068502156
Smp_344030	0.00503425701373037
Smp_344040	0.0454619138407542
Smp_344050	0.00482506263651333
Smp_344060	0.00560889024192237
Smp_344070	0.0595431964879704
Smp_344080	0.00822713729541649
Smp_344090	0.00132605495981488
Smp_344100	0.00446502189874759
Smp_344110	0.00205421930021592
Smp_344120	0.0434805602666254
Smp_344130	0.0132227848134794
Smp_344140	0.0037025320131719
Smp_344150	0.0591101821801461
Smp_344160	0.0707108814459303
Smp_344170	0.0248794221944116
Smp_344180	0.00891705233149022
Smp_344190	0.0211362793411298
Smp_344200	0.00221614151549953
Smp_344210	0.0300370564880893
Smp_344220	0.0145145075094987
Smp_344230	0.0324299468712159
Smp_344240	0.0045122409274158
Smp_344250	0.0105955014110265
Smp_344270	0.00640928334357836
Smp_344280	0.00875630303150235
Smp_344290	0.0106363763995675
Smp_344300	0.202420291087851
Smp_344310	0.0220275484154462
Smp_344320	0.00455959691931438
Smp_344330	0.0508938511149429
Smp_344340	0.00611391961064326
Smp_344350	0.00728014415511613
Smp_344360	0.134324646942311
Smp_344370	0.0124570623887828
Smp_344380	0.00725492223376664
Smp_344390	0.00788511296498236
Smp_344400	0.0237074102267965
Smp_344410	0.0130934239453198
Smp_344420	0.106343041924729
Smp_344430	0.00395880055261803
Smp_344440	0.0301320253274373
Smp_344450	0.00886294882754408
Smp_344460	0.0131805760046327
Smp_344480	0.011625273035693
Smp_344490	0.0681834902416652
Smp_344500	0.0178775180283933
Smp_344510	0.00188336008470233
Smp_344520	0.0451773318182953
Smp_344530	0.0102110361430416
Smp_344540	0.0129694219675474
Smp_344550	0.105736774587384
Smp_344560	0.00309238936331175
Smp_344570	0.0190978876896034
Smp_344580	0.00481930154860153
Smp_344590	0.145967380543086
Smp_344600	0.00509313854622783
Smp_344610	0.142770676506079
Smp_344620	0.283152531228199
Smp_344630	0.00198460152146554
Smp_344640	0.036607889450083
Smp_344650	0.00460002148715102
Smp_344660	0.11505559535222
Smp_344680	0.068769687000482
Smp_344690	0.00385760835773917
Smp_344710	0.00171077458064237
Smp_344720	0.00768598012353002
Smp_344730	0.152776221705723
Smp_344740	0.0170087686915989
Smp_344750	0.273234256301218
Smp_344760	0.0300716087888852
Smp_344770	0.00402415412811343
Smp_344780	0.0170602570907384
Smp_344800	0.00483355119389124
Smp_344810	0.0130799044588516
Smp_344820	0.496711787273685
Smp_344830	2.03326019090233
Smp_344840	0.0215960414316996
Smp_344850	0.0363652667986214
Smp_344860	0.0830552924598073
Smp_344870	0.0132578599901835
Smp_344880	0.0202141301763505
Smp_344890	0.0542124349048836
Smp_344900	0.00451595735282776
Smp_344910	0.0266782333035346
Smp_344920	0.00348079100091958
Smp_344930	0.0135505005318642
Smp_344940	0.0858337149159257
Smp_344950	0.0108442099708472
Smp_344960	0.00357336566912399
Smp_344970	0.00622215911543692
Smp_344980	0.00913571769476632
Smp_344990	0.00423493795292444
Smp_345000	0.00360278538511465
Smp_345010	0.00642314389312923
Smp_345020	0.0102064743852913
Smp_345030	0.0146192281540076
Smp_345040	0.0616356980519657
Smp_345050	0.150442583128829
Smp_345060	0.645050424869954
Smp_345070	0.0277153779197252
Smp_345080	0.026029649539641
Smp_345090	0.01353215041131
Smp_345100	0.166492012718968
Smp_345110	0.0634137347901146
Smp_345120	0.0283495228679903
Smp_345130	0.041550283401933
Smp_345140	0.0105445372417344
Smp_345150	0.0073319189556123
Smp_345160	0.00385807251897146
Smp_345170	0.00767353672851096
Smp_345180	0.0851104725408284
Smp_345190	0.0525957486653457
Smp_345210	0.00857421167820611
Smp_345220	0.0162396737770309
Smp_345230	0.00534418685419223
Smp_345240	0.0585356674656447
Smp_345250	0.0363347771866833
Smp_345260	0.00182812695276553
Smp_345270	0.00331441167260574
Smp_345280	0.0126754313434063
Smp_345290	2.62139706027479
Smp_345300	0.00204342349027028
Smp_345310	0.016126353448765
Smp_345320	0.00295491358786952
Smp_345330	0.0110175946249997
Smp_345340	0.00497995885186929
Smp_345350	0.00179184976575421
Smp_345360	0.0144103422977818
Smp_345370	0.0277215559079858
Smp_345380	0.0163339937538852
Smp_345390	0.0244826907163961
Smp_345400	0.00511434752569614
Smp_345410	0.00292470323251903
Smp_345420	0.0100504227710192
Smp_345430	0.00969138171488455
Smp_345440	0.0113777823624735
Smp_345450	0.00318900099043192
Smp_345460	0.00274461188297817
Smp_345470	0.0446774155545913
Smp_345480	0.0186986682928404
Smp_345490	0.00754109738242421
Smp_345500	0.0791791088195529
Smp_345510	0.00228171951318493
Smp_345520	0.00169508963866119
Smp_345530	0.00563142923293447
Smp_345540	0.0014448950856529
Smp_345550	0.00307194347196008
Smp_345560	0.00214559867956229
Smp_345565	0.00532467856377922
Smp_345570	0.00182329229437492
Smp_345580	0.0021605804434156
Smp_345600	0.00644579638621537
Smp_345610	0.0543127292606897
Smp_345620	0.107166752526316
Smp_345630	0.00377290496269601
Smp_345640	0.0125230793771574
Smp_345650	0.360997460956383
Smp_345660	1.10525243645651
Smp_345670	0.00704627761471855
Smp_345680	0.0114335958752127
Smp_345690	0.00952689360981398
Smp_345700	0.00499528524096468
Smp_345710	0.00169350349440873
Smp_345720	0.00834200015730652
Smp_345740	0.00379877056425204
Smp_345760	0.0363973974008346
Smp_345770	0.010744467224012
Smp_345780	0.00198651388965387
Smp_345790	2.39156225006086
Smp_345800	0.0467198776445249
Smp_345810	0.020185229560398
Smp_345820	0.146914748408968
Smp_345830	0.00469020899303776
Smp_345840	0.0103810461386988
Smp_345850	0.0768716132581691
Smp_345860	0.00342319354564313
Smp_345870	0.00183812075284705
Smp_345880	0.0340680669823714
Smp_345885	0.048497874605331
Smp_345890	0.00599334463983709
Smp_345900	0.0525119735813834
Smp_345910	0.0163325604996876
Smp_345920	0.00512644372213623
Smp_345930	0.0899519982990828
Smp_345940	0.00501022161143581
Smp_345950	0.00210506772302086
Smp_345960	0.0209883325545697
Smp_345970	0.00305182456084751
Smp_345980	0.0893951867703954
Smp_345990	0.0739060518187517
Smp_346000	0.0225273707785967
Smp_346010	0.00322755079997336
Smp_346020	0.00833040030997014
Smp_346030	0.00421592102254799
Smp_346040	0.0042918015081339
Smp_346050	0.0294134476228502
Smp_346060	0.0118369176693195
Smp_346070	0.105531336872669
Smp_346080	0.0646043722596737
Smp_346090	0.00285465969689112
Smp_346100	1.81926393982842
Smp_346110	0.0196592208393798
Smp_346120	0.0797093139853199
Smp_346130	0.0187871833298233
Smp_346140	0.0476918203590391
Smp_346150	0.0115955883156027
Smp_346160	0.00175973449926851
Smp_346170	0.0156064087969106
Smp_346180	0.00487895470175969
Smp_346190	0.00219409386544177
Smp_346200	0.00264744294282388
Smp_346220	0.00675584506976619
Smp_346230	0.00559474229267303
Smp_346240	0.306554804975602
Smp_346250	0.024735663100304
Smp_346260	0.000974072140835527
Smp_346270	0.00318128338065018
Smp_346280	0.0289256343313255
Smp_346290	0.0282889768725961
Smp_346300	0.0118424054196604
Smp_346310	0.0119178764605289
Smp_346320	0.00362633594057415
Smp_346330	0.0028144376910583
Smp_346340	0.00431800082553168
Smp_346350	0.00211141816263572
Smp_346360	0.00474880125768897
Smp_346370	0.0332463722827562
Smp_346380	0.0030385538339665
Smp_346390	0.0121769142148065
Smp_346400	0.0348537558367005
Smp_346410	0.0239359023344786
Smp_346420	0.0476853925698855
Smp_346430	0.0162945286849926
Smp_346440	0.00750286453364857
Smp_346450	0.00413241621720908
Smp_346460	0.0068236581036737
Smp_346470	0.00601818101833604
Smp_346480	0.00747861923151539
Smp_346490	0.00608991742308511
Smp_346500	0.0428815229189835
Smp_346510	0.054762682589154
Smp_346520	0.00197577931347271
Smp_346530	0.00562050271481429
Smp_346540	0.00265573102328165
Smp_346570	0.00246385712336402
Smp_346580	0.0220296844654058
Smp_346585	0.025384802826249
Smp_346590	0.000948517851251272
Smp_346610	0.0244254392295783
Smp_346620	0.0530591293480624
Smp_346630	0.0103497374135115
Smp_346640	0.00643350208794517
Smp_346650	0.00165930167851366
Smp_346660	0.00515198795858558
Smp_346670	0.00206553643009205
Smp_346680	0.0081621995242824
Smp_346690	0.00347992732734275
Smp_346700	0.0204865701932303
Smp_346720	0.00124026676067145
Smp_346750	0.00157010182339961
Smp_346760	0.0214149886057432
Smp_346770	0.077427209881196
Smp_346780	0.402715393469336
Smp_346790	0.0144955907931247
Smp_346800	0.0280763569435288
Smp_346810	0.00137093977206265
Smp_346820	6.8680105888723
Smp_346830	0.00320696561480358
Smp_346840	0.00194166356096972
Smp_346850	0.144215423516661
Smp_346860	0.226655244951735
Smp_346880	0.0134396423950372
Smp_346890	0.00518643760012439
Smp_346900	0.0543293425252633
Smp_346910	0.0100384114394857
Smp_346920	0.00350041134561685
Smp_346930	0.00183937453000913
Smp_346940	0.00238084325530497
Smp_346950	0.252387623937365
Smp_346960	0.156677204643644
Smp_346970	0.00203486171277946
Smp_346980	0.00257089505276242
Smp_346990	0.00663937587702741
Smp_347000	0.437228679509536
Smp_347010	0.00374278151319199
Smp_347020	0.00367540064813505
Smp_347030	0.0258148081397558
Smp_347040	0.0163848083084257
Smp_347050	0.00141480864512907
Smp_347060	0.0038429382871674
Smp_347070	0.0147586832472041
Smp_347080	0.0740061975682306
Smp_347090	0.00960430591453334
Smp_347100	0.0114413781742481
Smp_347110	0.00403765443886032
Smp_347120	0.0994725199871167
Smp_347130	0.112054856740558
Smp_347140	0.00907568671772256
Smp_347150	0.0329886771893122
Smp_347160	0.0017814604881792
Smp_347170	0.00230433150960095
Smp_347180	0.00680174514201957
Smp_347190	0.00370893782974224
Smp_347200	0.00149790613424637
Smp_347210	0.00656414938595796
Smp_347220	0.0153041729993378
Smp_347230	0.0224110513114765
Smp_347240	0.03555259798496
Smp_347250	0.00723255964904052
Smp_347260	0.746561068461874
Smp_347270	0.0102877358063181
Smp_347280	0.008087110582712
Smp_347290	0.0104287623989423
Smp_347300	0.00371345213051605
Smp_347310	0.00114525192544252
Smp_347320	1.21787916387559
Smp_347330	0.00620019200500677
Smp_347340	0.00348715273488759
Smp_347350	0.00211963758237028
Smp_347360	0.00152495112368735
Smp_347370	0.0440681591843265
Smp_347380	0.00240822766562725
Smp_347390	0.00551744891047673
Smp_347400	0.00249138983409101
Smp_347410	0.026344092876063
Smp_347420	0.00426628899778496
Smp_347430	0.00377155695208799
Smp_347450	0.0372096534805238
Smp_347460	0.0410432899849694
Smp_347480	0.00463081447279265
Smp_347500	0.00695087526052489
Smp_347510	0.0210402046419701
Smp_347520	0.971023508171434
Smp_347530	0.00740242926847291
Smp_347540	0.0399548494627886
Smp_347550	0.0474644333295461
Smp_347560	0.0158737743470932
Smp_347570	0.00440057482793269
Smp_347590	0.0027828403953953
Smp_347600	0.00728297628082105
Smp_347610	0.0103666197080623
Smp_347620	0.0115955047791044
Smp_347630	0.108030093979391
Smp_347640	0.00314271119312533
Smp_347650	0.0101488594804138
Smp_347660	0.00644360100485847
Smp_347670	0.00209262334341069
Smp_347680	0.00115627231684812
Smp_347690	0.0122925086476919
Smp_347700	0.00408882567372443
Smp_347710	0.188726401499716
Smp_347720	0.00575926826564898
Smp_347730	0.0201008614246714
Smp_347740	0.0334191754745701
Smp_347760	0.0114031767101325
Smp_347770	0.0214857560867369
Smp_347780	0.0796208684412575
Smp_347790	0.0083056110230342
Smp_347800	0.0103251951836903
Smp_347810	0.00664540639844743
Smp_347820	0.0192376548146103
Smp_347830	0.00418680405599264
Smp_347840	0.0724253427807365
Smp_347850	0.594971522489273
Smp_347860	0.00132943394420273
Smp_347870	8.48188248524416
Smp_347880	0.0160069792936131
Smp_347900	0.00809842817819399
Smp_347910	0.00406281506187603
Smp_347920	0.0667094206669731
Smp_347930	0.0072722019419957
Smp_347940	0.0278263109256731
Smp_347950	0.013453376109688
Smp_347960	0.00367176947216402
Smp_347990	0.00628276131809682
Smp_348000	20
Smp_348010	2.37109304453513
Smp_348050	0.497444765241111
Smp_348060	0.0701082750283218
Smp_348070	0.00776738445970367
Smp_348090	0.0188187444032895
Smp_348100	0.0511382971548253
Smp_348200	4.64010511473408
Smp_348210	0.0256532954881862
Smp_348220	0.00735123145424149
Smp_348230	0.00568301324525034
Smp_348240	0.37517996904553
Smp_348250	0.148516033588999
Smp_348260	0.00661598093858824
Smp_348270	0.0754309456272315
Smp_348300	1.28513960355057
Smp_348310	0.308405032160736
Smp_348320	0.0670327576850508
Smp_348330	0.00757106753934743
Smp_348340	0.00500682609852952
Smp_348380	1.19660964013193
Smp_348400	0.02053541993973
Smp_348460	0.0500100818359806
Smp_348510	0.0581128952880173
Smp_348520	0.230020926383587
Smp_348540	0.0775475024967391
Smp_348610	2.22229297678404
Smp_348670	0.046277066878007
Smp_348730	0.0582021935940087
Smp_348770	0.174117297445495
Smp_348790	0.0424024280544555
Smp_348800	0.0720524884513021
Smp_348810	0.0520682614308199
Smp_348820	0.048338453525407
Smp_348830	0.046233527305784
Smp_348840	0.0414344587512922
Smp_348850	0.0457101554599252
Smp_348910	0.200676081482119
Smp_348940	0.599103874239456
Smp_349010	0.00962085240830322
Smp_349020	0.00424007494898726
Smp_349030	0.00249264600904712
Smp_349040	0.00159649064388125
Smp_349050	0.274326025972431
Smp_349070	0.735373916740856
Smp_349080	0.101332325307454
Smp_349090	3.91375186344496
Smp_349100	1.38398650557717
Smp_349110	0.0097467638982822
Smp_349130	0.00316505492232533
Smp_349140	0.0763938093650115
Smp_349150	0.989715545054829
Smp_349160	0.289092262029889
Smp_349170	1.96793955868268
Smp_349190	0.389436598435029
Smp_349200	0.336825785207295
Smp_349210	0.172721897584003
Smp_349240	0.260012526356647
Smp_349250	0.370335532395031
Smp_349260	0.337077357260086
Smp_349300	6.83070318401607
Smp_349310	2.86902573898989
Smp_349320	0.0769354585039737
Smp_349330	0.270890584253045
Smp_349340	0.247417219231971
Smp_349350	0.036362850398837
Smp_349370	0.381081958763627
Smp_349410	0.0766349489653628
Smp_349420	0.0102891738957778
Smp_349440	0.0238458546181716
Smp_349450	0.00723450477255498
Smp_349460	0.00683884059421854
Smp_349470	0.0542875613720656
Smp_349480	0.0523621606807109
Smp_349490	0.00317047376188114
Smp_349500	0.0384197020418726
Smp_349510	0.0096844888335527
Smp_349530	0.876703557702886
Smp_349540	0.111928376560098
Smp_349550	0.0910662447137598
Smp_349570	1.41198447333003
Smp_349580	0.400110561277372
Smp_349590	0.044760226142275
Smp_349600	0.0244330624628196
Smp_349610	0.0462057094021741
Smp_349620	0.0129057366336422
Smp_349630	1.27683071464928
Smp_349640	0.0384119648174946
Smp_349650	0.0887922241223531
Smp_349660	0.0119412982722507
Smp_349670	1.46905975382028
Smp_349680	1.05724183721866
Smp_349690	0.443038584911894
Smp_349700	0.236858951682259
Smp_349710	1.25509392485855
Smp_349720	1.18634955081901
Smp_349740	12.0551695383413
Smp_349750	0.0717779967884926
Smp_349770	0.00346946786112884
Smp_349780	0.00171862275398052
Smp_349830	0.0970158363901511
Smp_349850	0.0148440305900107
Smp_349860	0.580847486443199
Smp_349870	0.0078866313066788
Smp_349880	0.00270683702764487
Smp_349890	0.0936961776363214
Smp_349900	0.00860039482665634
Smp_349910	0.00488740793395503
Smp_349920	0.00488834954530809
Smp_349940	0.00889043208441378
Smp_349950	0.0128225338328182
Smp_349960	0.00215170716443837
Smp_349970	0.00304905333262812
Smp_349980	0.0117621030399516
Smp_349990	0.00788400695070363
Smp_350000	0.0217366694097032
Smp_350010	0.00300614497960235
Smp_350020	0.0116672800680846
Smp_350030	0.00224695169616622
Smp_350040	0.00254036767630621
Smp_350050	0.0516426900372987
Smp_350060	0.0157955389507273
Smp_350070	0.0083490159057199
Smp_350080	0.0281078294353029
Smp_350090	0.00990119832557948
Smp_350100	0.169181399013657
Smp_350110	0.0368559504324195
Smp_350120	0.353982211998933
Smp_350130	0.00574825007597787
Smp_350140	0.00340735016865636
Smp_350150	0.249617052732662
Smp_350160	0.338388286959168
Smp_350170	0.0102208738355889
Smp_350180	0.336603042544578
Smp_350200	0.0039350983579876
Smp_350210	0.107172529202592
Smp_350220	0.442121968353971
Smp_350240	0.41338554191724
Smp_350250	0.0157754714516207
Smp_350260	0.0126829317112425
Smp_350270	0.012531105068014
Smp_350280	0.0141415241321261
Smp_350290	0.112229141661118
Smp_350300	0.0163273097666024
Smp_350310	0.0539179787770528
Smp_350320	0.068305849267538
Smp_350330	0.110233892793712
Smp_350340	0.00373052691799438
Smp_350350	0.007120576953618
Smp_350360	0.00616870267390256
Smp_350370	0.00463935293494999
Smp_350380	0.00228863850014892
Smp_350390	0.00157006366561808
Smp_350400	0.00547025934193118
Smp_350410	0.00313786044954781
Smp_350430	0.00314044962680866
Smp_350450	0.0103373556853895
Smp_350480	0.00225668565073614
Smp_350490	0.0631725103598751
Smp_350500	0.0328841361439613
Smp_350520	1.22398975518205
Smp_350530	1.72826442723581
Smp_900000	0.00574786751595296
Smp_900010	0.00596150455918878
Smp_900020	0.00476227893971334
Smp_900030	0.0123348891615305
Smp_900040	0.0132687932497804
Smp_900050	0.00419174995930419
Smp_900060	0.0563096022227008
Smp_900070	0.0157188227010406
Smp_900080	0.0102510889697107
Smp_900090	0.00560240542439341
Smp_900100	0.00767694258221154
Smp_900110	0.00659890768143782
