gene_id	dispersion
Smp_000020	0.0597499064704942
Smp_000030	0.0376993589670025
Smp_000040	0.0208271114649278
Smp_000050	0.0767976698662872
Smp_000070	0.0616400146851043
Smp_000075	0.475200312920829
Smp_000080	0.428612109485952
Smp_000100	0.0900357545445808
Smp_000110	0.0379840495551372
Smp_000130	0.0467103730967034
Smp_000150	0.0598376961479483
Smp_000160	0.0284387600614418
Smp_000180	0.0970684554135823
Smp_000190	0.0472352086298171
Smp_000200	0.033640929702255
Smp_000230	0.0500326861539321
Smp_000240	0.0279664658178983
Smp_000260	0.0207109693503545
Smp_000270	0.378976335499559
Smp_000280	1.08099168258162
Smp_000300	0.0757199674163054
Smp_000310	0.119686609632536
Smp_000320	0.104758260585182
Smp_000340	0.0639228988772718
Smp_000370	0.188197605199175
Smp_000390	4.34778380998075
Smp_000420	1.08529869332842
Smp_000430	1.01801167285119
Smp_000470	0.0152014867909483
Smp_000480	0.015205073500999
Smp_000500	0.250231431003595
Smp_000510	0.0233277436797839
Smp_000580	0.110536031869204
Smp_000590	0.0701285805983858
Smp_000600	0.0205431145994322
Smp_000620	0.117859306979367
Smp_000630	0.0850848665894353
Smp_000640	0.0904784065636762
Smp_000650	0.0150993949615053
Smp_000660	0.038425868475573
Smp_000670	0.0192579562031298
Smp_000680	0.0326197635652592
Smp_000690	0.190215699871066
Smp_000700	0.0203291101628054
Smp_000710	0.00924112401315298
Smp_000720	0.0455755206578244
Smp_000740	0.0140426595294907
Smp_000755	0.0322140074975681
Smp_000790	0.0212752295139217
Smp_000810	0.0553671827786523
Smp_000820	0.165486265929607
Smp_000830	0.155185783001995
Smp_000850	0.0159577992031573
Smp_000870	0.0191266835450172
Smp_000880	0.166219740937931
Smp_000900	0.0402779139477799
Smp_000910	0.130768371013743
Smp_000950	0.10759147437099
Smp_000980	0.0555370842560343
Smp_000990	0.0218576901998101
Smp_001000	0.16267498019717
Smp_001020	0.032193968476429
Smp_001030	0.00476709055670216
Smp_001040	0.0438937148227961
Smp_001070	0.0517734636152272
Smp_001080	0.201747655188445
Smp_001090	0.0294837491151959
Smp_001095	0.0109631696434676
Smp_001100	0.144263037733652
Smp_001120	0.0856290169384821
Smp_001160	0.0952487867588134
Smp_001170	0.0555804475453145
Smp_001180	0.0757470367886645
Smp_001210	0.126926601702593
Smp_001360	0.085704798912602
Smp_001390	0.0110953199966055
Smp_001410	0.127289965231056
Smp_001420	0.0316012921403852
Smp_001500	0.0869185212748832
Smp_001530	0.0222572023688289
Smp_001560	0.0687736976046555
Smp_001590	0.0626629930634802
Smp_001610	0.0984954083498732
Smp_001640	0.158381244924737
Smp_001780	0.0662875570279549
Smp_001830	0.122432867128493
Smp_001890	0.346007612866856
Smp_001900	0.0687898364876536
Smp_001940	0.0529668293971626
Smp_001950	0.0300446529330773
Smp_001960	0.0216618778531729
Smp_001980	0.188987189767231
Smp_002010	0.0873994593060135
Smp_002060	0.37152978655471
Smp_002070	0.308939709091341
Smp_002080	0.0221054701656807
Smp_002100	0.0852536467753041
Smp_002160	0.0174720594536729
Smp_002180	0.0560190124993116
Smp_002230	0.0527841040769369
Smp_002280	0.042410876387168
Smp_002380	0.0721688406043545
Smp_002410	0.0578428334179042
Smp_002510	0.0796621992954386
Smp_002550	0.133326256127514
Smp_002600	0.0178851147606171
Smp_002630	0.569275953394957
Smp_002640	0.102404785243726
Smp_002740	0.0964969125723326
Smp_002820	0.0796404730212628
Smp_002840	0.0168160435680117
Smp_002860	44.6985724352104
Smp_002870	0.0154825067702393
Smp_002880	0.0347767535895625
Smp_002920	0.0434923678294414
Smp_002950	0.148413230131902
Smp_003000	0.00409538613509542
Smp_003130	0.0454064249745723
Smp_003140	0.0342275605599304
Smp_003190	0.150917288436881
Smp_003230	0.169786760834237
Smp_003250	0.0525604490237993
Smp_003270	0.0321105336215765
Smp_003280	0.100652952485245
Smp_003300	0.688031716862597
Smp_003330	0.219073980112639
Smp_003340	0.0291419010875963
Smp_003410	0.0288977337221992
Smp_003440	0.0618217972074222
Smp_003600	0.300564503181007
Smp_003610	0.176458430191402
Smp_003620	0.00985074053018531
Smp_003630	0.0258134576580783
Smp_003660	0.031649425775823
Smp_003670	0.008859120609873
Smp_003700	0.17088638163457
Smp_003710	0.012506428147048
Smp_003770	0.0748777384435198
Smp_003860	0.0691397888040557
Smp_003900	0.120643909806667
Smp_003930	0.0834012776036432
Smp_003940	0.0171046258879066
Smp_003970	0.0893353135216683
Smp_003980	0.0307936181505887
Smp_003990	0.077146783290779
Smp_004000	0.0981317330965937
Smp_004060	0.282617991793147
Smp_004070	0.0757561200423405
Smp_004080	0.032558998435484
Smp_004160	0.216878797212673
Smp_004170	0.0247346307433406
Smp_004190	0.0358130607663638
Smp_004200	0.017812444543281
Smp_004220	0.0344045491145836
Smp_004260	0.0335989785925913
Smp_004310	0.146263115291446
Smp_004350	0.107964229853307
Smp_004360	0.0610656373676625
Smp_004420	0.178976389451011
Smp_004440	0.0825587975837382
Smp_004470	0.0743528661783147
Smp_004480	0.0256949535297026
Smp_004550	0.0542536550185972
Smp_004590	0.0570093109199205
Smp_004600	0.0273424199679787
Smp_004630	0.0401915940182505
Smp_004640	0.0405195150633307
Smp_004680	0.0212462737876981
Smp_004690	0.122711855755581
Smp_004710	0.075539024508024
Smp_004730	0.086468810681318
Smp_004780	0.0254119517372238
Smp_004810	0.0323704051684226
Smp_004820	0.193160490012628
Smp_004910	0.0174041000509919
Smp_004940	0.164725570594882
Smp_004990	0.0297289382045378
Smp_005000	0.0177313667504158
Smp_005010	0.0181282029305195
Smp_005020	0.0286506837146459
Smp_005070	0.0630760802030461
Smp_005080	0.019452695887126
Smp_005140	0.306986783539429
Smp_005160	0.0727886545706184
Smp_005180	0.0139064872190822
Smp_005190	0.0352037266606018
Smp_005210	0.0170907544938833
Smp_005230	0.0323955166938487
Smp_005260	0.0265303959636709
Smp_005280	0.0119990821365114
Smp_005290	0.0762177981512074
Smp_005320	0.0952493993508171
Smp_005330	0.0168746611222765
Smp_005390	0.0108852657630107
Smp_005470	0.201870708509925
Smp_005500	0.0529196993473917
Smp_005520	0.0432763857834203
Smp_005640	0.0153819040389259
Smp_005670	0.0373653915517483
Smp_005720	0.151087600071074
Smp_005780	0.0312687424860025
Smp_005790	0.0659986842533101
Smp_005880	0.0631880197846266
Smp_005900	0.0501602842067242
Smp_005910	0.0140334893777444
Smp_005960	0.0587674111842524
Smp_006000	0.0224106688116146
Smp_006060	0.0268548974048844
Smp_006190	0.0244118923982257
Smp_006195	0.192891533270375
Smp_006250	0.0621202512762594
Smp_006320	0.0236662773796772
Smp_006340	0.0251384357340347
Smp_006350	0.0747416032067549
Smp_006390	0.182103762128567
Smp_006440	0.0691108279685697
Smp_006550	0.0817858771200976
Smp_006560	0.131280689405907
Smp_006590	0.0212240998509623
Smp_006630	0.0717681821340161
Smp_006680	0.0208083956012672
Smp_006690	0.015361196877443
Smp_006700	0.0700388022261282
Smp_006710	0.0288711678917614
Smp_006720	0.130600534941165
Smp_006730	0.0776698046836469
Smp_006750	0.0386564520134731
Smp_006760	0.0716389380063206
Smp_006780	0.135078933550698
Smp_006810	0.0124230708214004
Smp_006830	0.0553350154305619
Smp_006840	0.117258369320867
Smp_006850	0.146972338325248
Smp_006860	0.0740936627292753
Smp_006920	0.0570038733424969
Smp_006930	0.0446907093302711
Smp_007000	0.0654667315265168
Smp_007070	0.0623793518732731
Smp_007170	0.0258023645754577
Smp_007180	0.0477520798391873
Smp_007190	0.0181290232717665
Smp_007210	0.0832102977023731
Smp_007260	0.0371506804820806
Smp_007270	0.12832849780525
Smp_007290	0.0531881798367455
Smp_007300	0.0695680745679698
Smp_007330	0.0526262845636662
Smp_007380	0.0746111802632839
Smp_007450	0.109491010185243
Smp_007500	0.0199565102377172
Smp_007510	0.0832282933802338
Smp_007540	0.0684665439126498
Smp_007550	0.0522418309808344
Smp_007570	0.324789982374841
Smp_007630	0.105266229696595
Smp_007650	0.0408235167164916
Smp_007660	0.0124827381623108
Smp_007670	0.0893790719259332
Smp_007690	0.105533641181614
Smp_007710	0.0779319129973891
Smp_007730	0.064560880355615
Smp_007760	0.054596939753622
Smp_007890	0.101639346613346
Smp_007900	0.16456379699821
Smp_007960	0.0315270909475503
Smp_007970	0.0338412970659082
Smp_008070	0.183633827642901
Smp_008120	0.0272000838327527
Smp_008140	0.0620680907320688
Smp_008220	0.0303773032057541
Smp_008230	0.0664744855422951
Smp_008260	0.0213347624311198
Smp_008290	0.0579454150594573
Smp_008310	0.0902782885676123
Smp_008320	0.0299030945625208
Smp_008360	0.0918641873407594
Smp_008400	0.577376563179385
Smp_008430	0.071807757418681
Smp_008440	0.166335294364327
Smp_008450	0.0745969958386345
Smp_008470	0.0183324468869454
Smp_008490	0.0548716116042681
Smp_008500	0.0464400224632584
Smp_008545	0.040003680059371
Smp_008580	0.0633973983118906
Smp_008610	0.0863320095381747
Smp_008620	0.0202625863384639
Smp_008660	0.0906256174972581
Smp_008710	0.0258351187397024
Smp_008770	0.132204577503784
Smp_008830	0.0591364751152427
Smp_008850	0.0622587008818003
Smp_008900	0.045571748897612
Smp_009020	0.151070385067512
Smp_009030	0.0727482752235595
Smp_009070	0.0538332655862409
Smp_009150	0.00907374742044577
Smp_009230	0.609922009354296
Smp_009250	0.0197097697571108
Smp_009310	0.0429589292633739
Smp_009320	0.120537974050627
Smp_009340	0.0168036668253726
Smp_009390	0.135553192344535
Smp_009400	0.0402807016649187
Smp_009420	0.0361101475482209
Smp_009430	0.0659777517654396
Smp_009520	0.0112053923936749
Smp_009540	0.0312099036520829
Smp_009550	0.0300035701169036
Smp_009560	0.0160520327689105
Smp_009600	0.0732396657092747
Smp_009630	0.180699768507258
Smp_009650	0.0326180488882328
Smp_009690	0.0526814201615685
Smp_009760	0.0876777966054126
Smp_009800	0.0356850059847703
Smp_009810	0.283877173213342
Smp_009830	0.170155000504463
Smp_009990	0.0360617675274907
Smp_010090	0.0464447056998202
Smp_010100	0.0194211926080777
Smp_010110	0.0416094562714712
Smp_010140	0.0422171134523673
Smp_010160	0.118245764148355
Smp_010230	0.0170725950185735
Smp_010250	0.0378475413697671
Smp_010260	0.0398637117810491
Smp_010280	0.0720660776005397
Smp_010290	0.0512698493111667
Smp_010370	0.134802332371234
Smp_010380	0.0364203024362884
Smp_010400	0.151746141183812
Smp_010450	0.418232772927837
Smp_010550	0.166517324118787
Smp_010620	0.0224354414251318
Smp_010690	0.0178053647399878
Smp_010710	0.0331749889598568
Smp_010720	0.114009112046447
Smp_010800	0.0215004851503336
Smp_010820	0.0851765544204753
Smp_010930	0.0307050432852234
Smp_010940	0.0437514772386175
Smp_011000	0.07440741259367
Smp_011010	0.044558954720167
Smp_011030	0.176797385595675
Smp_011120	0.0114148330928261
Smp_011150	0.0512775002476173
Smp_011220	0.0363175504591708
Smp_011230	0.0611481916185447
Smp_011270	0.0724420200997123
Smp_011560	0.0467042316348181
Smp_011570	0.0714732116857239
Smp_011640	0.0226272094451535
Smp_011660	0.0324450943110278
Smp_011680	0.0632918660691253
Smp_011700	0.0703035184606869
Smp_011710	0.0265928272452771
Smp_011720	0.144545943318804
Smp_011830	0.137745982600157
Smp_011860	0.017758869163902
Smp_011870	0.186563370156513
Smp_011960	0.0240491766607445
Smp_011980	0.0291819215935277
Smp_011990	0.0687525087748425
Smp_012000	0.121614693760128
Smp_012010	0.047382903521374
Smp_012030	0.0296101957830581
Smp_012050	0.18828969116518
Smp_012070	0.122339626226409
Smp_012110	0.1012617463112
Smp_012150	0.0276822026364585
Smp_012200	0.0397241125945308
Smp_012280	0.0246111954878255
Smp_012340	0.0147586233623249
Smp_012350	0.040369184071403
Smp_012380	0.0742184044244453
Smp_012400	0.0867032096015486
Smp_012410	0.0150542067422808
Smp_012440	0.0515865465186223
Smp_012470	0.0253757465460218
Smp_012480	0.0538223849754247
Smp_012530	0.0777865804618257
Smp_012540	0.0252230923950865
Smp_012570	0.0445212188744352
Smp_012580	0.0227874693335747
Smp_012670	0.15618390297887
Smp_012690	0.0738278956928925
Smp_012720	0.0207611964612076
Smp_012740	0.0167725919943505
Smp_012750	0.0705168315794023
Smp_012780	0.0413419628046146
Smp_012790	0.116307518791387
Smp_012800	0.188491581234605
Smp_012810	0.159226637313079
Smp_012860	0.036462532383094
Smp_012900	0.0183753617523465
Smp_012920	0.0821737134047905
Smp_012930	0.0180640752098373
Smp_012980	0.0173510361678116
Smp_013040	0.0423954919213466
Smp_013050	0.00922285705139755
Smp_013060	0.0427164110036528
Smp_013070	0.0645498419803951
Smp_013080	0.102972388664602
Smp_013150	0.127804045400727
Smp_013200	0.158002383314094
Smp_013210	0.236379284272442
Smp_013300	0.103769579606214
Smp_013360	0.0175142617533013
Smp_013370	0.0799228215290234
Smp_013440	0.042679393107927
Smp_013460	0.0559218792570078
Smp_013470	0.0957473572067221
Smp_013520	0.0200002510368132
Smp_013540	0.410085942714598
Smp_013600	0.172056068019253
Smp_013610	0.0423485267082085
Smp_013690	0.0348078913799138
Smp_013790	0.0491986718416661
Smp_013810	0.15160995129643
Smp_013815	0.0726824438109345
Smp_013840	0.0349921159357202
Smp_013860	0.0763299895954724
Smp_013870	0.0260594691079067
Smp_013930	0.00577021287924455
Smp_013950	0.0435204367212178
Smp_014010	0.025875343458426
Smp_014020	0.0271742872924058
Smp_014050	0.0196351035380722
Smp_014080	0.0993274239984308
Smp_014170	0.0621140605573555
Smp_014260	0.019155614024407
Smp_014280	0.011345445006256
Smp_014290	0.115308757742895
Smp_014400	0.0347678830539534
Smp_014410	0.0573688285478867
Smp_014430	0.0957474560182227
Smp_014570	0.109133402066695
Smp_014620	0.00908813994458363
Smp_014650	0.174004140480836
Smp_014660	0.0412918611257681
Smp_014670	0.0272904749562341
Smp_014680	0.0959050696748295
Smp_014730	0.041455866799222
Smp_014780	0.0287834001377953
Smp_014800	0.0657907712766563
Smp_014840	0.0531414938012313
Smp_014850	0.0180944674624257
Smp_015020	0.0667341779752848
Smp_015050	0.080871409571453
Smp_015090	0.0190080598145021
Smp_015100	0.0996978419432734
Smp_015220	0.0481701319003794
Smp_015390	0.0244109135152926
Smp_015440	0.0150498441861907
Smp_015480	0.0733384324933142
Smp_015530	0.0353543516720569
Smp_015630	0.124725433455149
Smp_015670	0.126268532360924
Smp_015690	0.0734160806423874
Smp_015710	0.0123985955374202
Smp_015720	0.0147853345598864
Smp_015730	0.0410540712972843
Smp_015760	0.0530209458384094
Smp_015780	0.0147674600783326
Smp_015800	0.0109603234452723
Smp_015820	0.0742822685610901
Smp_015840	0.0153939650669027
Smp_015850	0.0144643035506044
Smp_015860	0.119621645205671
Smp_015880	0.00734465872310187
Smp_015900	0.0380915093354958
Smp_015980	0.175452511740064
Smp_016050	0.0374348215683718
Smp_016090	0.0827711787258275
Smp_016130	0.143482718714233
Smp_016180	0.035293645251716
Smp_016200	0.0259387821585601
Smp_016250	0.0143597857391576
Smp_016340	0.0534956868241685
Smp_016380	0.0905721703755993
Smp_016410	0.0418596466287864
Smp_016490	0.224066056776293
Smp_016510	0.0598755046081638
Smp_016540	0.230042921340961
Smp_016550	0.00539107074444802
Smp_016600	0.0345661370369519
Smp_016630	0.0254708469777753
Smp_016640	0.0108348626572995
Smp_016670	0.161660229777606
Smp_016730	0.0778743830470615
Smp_016750	0.0568879721162204
Smp_016780	0.156883050209388
Smp_016810	0.0110906947798078
Smp_016870	0.27079154816174
Smp_016900	0.143196399429558
Smp_016910	0.0926067597279583
Smp_016920	0.0726903165803651
Smp_016990	0.0304700343038101
Smp_017010	0.0603630899208983
Smp_017020	0.109288950376473
Smp_017070	0.00971140553869627
Smp_017230	0.0191111020256037
Smp_017280	0.145352691592742
Smp_017290	0.135002799715119
Smp_017360	0.0156495313335493
Smp_017420	0.0537369625449771
Smp_017430	0.0881498246499628
Smp_017470	0.0823718494601924
Smp_017520	0.024973770538059
Smp_017610	0.142918140594779
Smp_017640	0.025884207239929
Smp_017650	0.00915937864902504
Smp_017660	0.0509130287128598
Smp_017710	0.0258828565029524
Smp_017730	0.0525574814711711
Smp_017750	0.0097819332690774
Smp_017830	0.105015304525583
Smp_017860	0.113850172728581
Smp_017870	0.0335603304817378
Smp_017880	0.0814456823652554
Smp_017890	0.0230275590601471
Smp_017990	0.160177748117499
Smp_018010	0.0650251780973863
Smp_018020	0.0883385993010225
Smp_018030	0.0188467784441951
Smp_018160	0.0697411440547689
Smp_018170	0.0858022218447539
Smp_018210	0.0200549727296612
Smp_018220	0.0626879146685578
Smp_018240	0.0398834226083361
Smp_018250	0.0673045178187286
Smp_018260	0.0402439179195608
Smp_018280	0.0209900992159786
Smp_018290	0.0700683517943879
Smp_018310	0.12314974159736
Smp_018360	0.0497123117602385
Smp_018400	0.0430463015893359
Smp_018430	0.0255008839197231
Smp_018440	0.0414757432702751
Smp_018460	0.00957988984210778
Smp_018500	0.151530498613678
Smp_018530	0.0791788367379559
Smp_018550	0.0317833270772028
Smp_018570	0.0780893492938145
Smp_018580	0.0318483592616558
Smp_018590	0.0687472750188448
Smp_018610	0.0212917117770073
Smp_018620	0.0186415348908053
Smp_018640	0.0340260807604537
Smp_018680	0.0392403329407703
Smp_018710	0.0283531742244241
Smp_018760	0.0329417405355014
Smp_018790	0.0215285275091713
Smp_018800	0.670469679256218
Smp_018870	0.101809689321391
Smp_018880	0.19399119283858
Smp_018930	0.0630302773598895
Smp_018940	0.273883769889606
Smp_018950	0.0203333966170033
Smp_018980	0.0451386621546775
Smp_018990	0.129031588503997
Smp_019010	0.0264488202479771
Smp_019030	0.0177818282568839
Smp_019040	0.0315105549766225
Smp_019050	0.113536410032454
Smp_019060	0.211447583215434
Smp_019100	0.0399384513720255
Smp_019130	0.0107641200000033
Smp_019170	0.0598550497873739
Smp_019190	0.0242312847960348
Smp_019260	0.0163282086248044
Smp_019280	0.0422020625281104
Smp_019310	0.383647346667397
Smp_019340	0.0497345573542625
Smp_019350	0.203029581561555
Smp_019380	0.00990145543607603
Smp_019430	0.0730555591601278
Smp_019440	0.157556532069506
Smp_019460	0.118777596169167
Smp_019490	0.0775897024902869
Smp_019620	0.0217845003827953
Smp_019630	0.0563897138867474
Smp_019640	0.0656317062497315
Smp_019680	0.0374302849323559
Smp_019690	0.0602947593446273
Smp_019730	0.157401278607158
Smp_019750	0.144904468532214
Smp_019760	0.0305929852738607
Smp_019790	0.0706524979102249
Smp_019820	0.101737573621835
Smp_019840	0.0580924324376662
Smp_019880	0.106013465874978
Smp_019890	0.0510378689194089
Smp_019900	0.0203050125908058
Smp_019920	0.140410299483243
Smp_019950	0.117457324233032
Smp_019980	0.0126927509997818
Smp_019990	0.0875366359240922
Smp_020040	0.0492680234623784
Smp_020050	0.0162887399068994
Smp_020060	0.017106908212748
Smp_020070	0.0802596327174108
Smp_020080	0.0824285695522458
Smp_020090	0.025976895543817
Smp_020120	0.0881358505715122
Smp_020130	0.0737233150188902
Smp_020200	0.0592926373167175
Smp_020220	0.0852183738788186
Smp_020270	0.0491830907626509
Smp_020300	0.0704368979588052
Smp_020340	0.0424678215158756
Smp_020370	0.0213629639920965
Smp_020400	0.0100770024353649
Smp_020450	0.0209746442847153
Smp_020480	0.0131076784829918
Smp_020540	0.0707209409245533
Smp_020550	0.0807086321610821
Smp_020590	0.012488756734123
Smp_020760	0.0253036669962579
Smp_020770	0.172355583080159
Smp_020800	0.0285181237295049
Smp_020920	1.47245353634586
Smp_021040	0.0920777209089915
Smp_021060	0.0786322540493716
Smp_021070	0.0210568931542672
Smp_021080	0.0446333940546357
Smp_021100	0.0408813823120126
Smp_021130	0.0328291353091791
Smp_021140	0.121281894646468
Smp_021160	0.0228611637654594
Smp_021170	0.0454328524035504
Smp_021220	0.110204195696976
Smp_021290	0.0320819487995469
Smp_021300	0.0138914217448546
Smp_021330	0.0230480331404998
Smp_021340	0.0276146167558785
Smp_021370	0.011812114089003
Smp_021390	0.0686097115107821
Smp_021460	0.143075044227308
Smp_021540	0.0421375122997417
Smp_021550	0.034555458305681
Smp_021590	0.0466805821056624
Smp_021600	0.0329451627982192
Smp_021730	0.0822239896311693
Smp_021750	0.024594931962327
Smp_021760	0.109870760733933
Smp_021790	0.129375814955605
Smp_021800	0.0511933088485907
Smp_021830	0.0517763766098677
Smp_021910	0.0381347112819162
Smp_021920	0.0959745198945106
Smp_021960	0.0517578116234243
Smp_022020	0.087666604767132
Smp_022070	0.0768059747399224
Smp_022090	0.0413099367735215
Smp_022110	0.0281165830476832
Smp_022130	0.00794852618165929
Smp_022140	0.0329942680098165
Smp_022170	0.0245620243948466
Smp_022320	0.0190816605350683
Smp_022330	0.0586629324611788
Smp_022340	0.14269138058516
Smp_022400	0.0433303633960136
Smp_022430	0.142837618072433
Smp_022450	0.1806993730829
Smp_022470	0.0719232379286597
Smp_022500	0.0803490873962024
Smp_022540	0.017186256309818
Smp_022570	0.0539307650658328
Smp_022640	0.054308062239551
Smp_022660	0.017457146611105
Smp_022700	0.0811057654798451
Smp_022740	0.335819674034356
Smp_022810	0.0368507826413481
Smp_022850	0.074594684645802
Smp_022870	0.178478289037253
Smp_022890	0.0557544904914828
Smp_022960	0.0588565542007421
Smp_022990	0.0346337292559242
Smp_023010	0.126016456469897
Smp_023150	0.10367817587866
Smp_023170	0.111994537635732
Smp_023230	0.0761701989058505
Smp_023250	0.0301535429434206
Smp_023270	0.0433818854654645
Smp_023360	0.0141557584504489
Smp_023470	0.15772009131359
Smp_023550	0.0431117071952773
Smp_023620	0.0255629329596189
Smp_023660	0.059732682049792
Smp_023700	0.0573400250505226
Smp_023710	0.108975798162036
Smp_023840	0.199759218885556
Smp_023930	0.0680426106755015
Smp_023940	0.0517633532587607
Smp_024000	0.0272049701163732
Smp_024010	0.237858644661081
Smp_024030	0.0342207248488416
Smp_024110	0.0334388912334528
Smp_024120	0.16240955687214
Smp_024140	0.0503700098948788
Smp_024150	0.0218818235489956
Smp_024180	0.280492418673124
Smp_024240	0.0141242887761583
Smp_024360	0.0283683642502094
Smp_024370	0.0171675064023564
Smp_024380	0.0462559486906183
Smp_024390	0.167347766959973
Smp_024490	0.0183206316052083
Smp_024500	0.0179336538974539
Smp_024520	0.0210321951536373
Smp_024580	0.0260735880560714
Smp_024590	0.136614894365383
Smp_024660	0.0757286015457367
Smp_024800	0.0397392115365794
Smp_024820	0.0870791422425212
Smp_024850	0.137825474775129
Smp_024860	0.0953945188231112
Smp_024870	0.237066294205133
Smp_024880	0.0903782137220592
Smp_024900	0.0418120372358109
Smp_024930	0.051103238316029
Smp_024970	0.0396326356675248
Smp_025010	0.0796156407379316
Smp_025020	0.0440288730909393
Smp_025030	0.103498147656041
Smp_025100	0.031623439415559
Smp_025130	0.0441158002128759
Smp_025150	0.0173294266971412
Smp_025160	0.0225859289337578
Smp_025260	0.0346949504646024
Smp_025340	0.0655374507762073
Smp_025360	0.0234707338228325
Smp_025370	0.118866280529847
Smp_025380	0.134503035658858
Smp_025510	0.0095974390928086
Smp_025550	0.0211813983433755
Smp_025560	0.0338845209792517
Smp_025570	0.0489654263744328
Smp_025620	0.104133171073038
Smp_025670	0.0123488301745401
Smp_025680	0.109065054230412
Smp_025700	0.0611183080617973
Smp_025740	0.0315070841691861
Smp_025750	0.0254564073122979
Smp_025830	0.244434698107487
Smp_025860	0.154585148140141
Smp_025890	0.0681778780324522
Smp_026030	0.0630846234147033
Smp_026090	0.00737123619595457
Smp_026160	0.0889451657532747
Smp_026190	0.0294946599363705
Smp_026200	1.29467023807533
Smp_026230	0.152954225248381
Smp_026250	0.0215642498714582
Smp_026260	0.0514860459447162
Smp_026270	0.0904686746949774
Smp_026280	0.0303453306636606
Smp_026300	0.0936326020897293
Smp_026320	0.0783245323051449
Smp_026340	0.145455903740521
Smp_026390	0.0124123831609532
Smp_026400	3.32339051694195
Smp_026420	0.0464946729169798
Smp_026510	0.0338927620652387
Smp_026540	0.02829643963841
Smp_026560	0.047213407152797
Smp_026630	0.0664297523034212
Smp_026700	0.0410430546934263
Smp_026770	0.0708178523651525
Smp_026790	0.150619973409136
Smp_026820	0.0587101148022631
Smp_026830	0.0888178022903322
Smp_026910	0.0207092549408336
Smp_026920	0.244483796228565
Smp_026930	0.0297012577842921
Smp_027000	0.0226151090712869
Smp_027010	0.00691792050855812
Smp_027040	0.027059426682935
Smp_027080	0.105655369368574
Smp_027210	0.141459027078309
Smp_027220	0.104296656236533
Smp_027240	0.188920951521247
Smp_027250	0.102223468763688
Smp_027300	0.0292119803895654
Smp_027340	0.0948041202582361
Smp_027370	0.0769599328608463
Smp_027390	0.0211799705121073
Smp_027400	0.0336813084892612
Smp_027430	0.0696266639185354
Smp_027450	0.0200679394692771
Smp_027480	0.0707389465236924
Smp_027500	0.154717793121274
Smp_027550	0.0482003225553684
Smp_027610	0.119970771116182
Smp_027850	0.0456718603345772
Smp_027870	0.120616635317594
Smp_027880	0.0801951565738079
Smp_027910	0.0172568825626955
Smp_027920	0.0358435379376494
Smp_027940	0.509239374285214
Smp_027970	0.0616073936608899
Smp_027990	0.139360447535108
Smp_028030	0.0403931704396474
Smp_028050	0.179568188817231
Smp_028060	0.0531511858517474
Smp_028070	0.0376939695432852
Smp_028080	0.00622366630660281
Smp_028100	0.101931812140686
Smp_028120	0.0290507762570871
Smp_028130	0.757648843554775
Smp_028140	0.0651376151917018
Smp_028170	0.0100388525013015
Smp_028190	0.0750591932423673
Smp_028200	0.0660853046215943
Smp_028210	0.206861422946514
Smp_028330	0.137189539420812
Smp_028340	0.0380987026628937
Smp_028360	0.0340591723429112
Smp_028410	0.125591667237024
Smp_028430	0.183438245482918
Smp_028440	0.0362675215283937
Smp_028490	0.207898883708467
Smp_028500	0.0542020374567018
Smp_028650	0.0551637311416226
Smp_028670	0.0774762727692153
Smp_028690	0.0337373130567051
Smp_028730	0.0374969701946689
Smp_028800	0.13401279714934
Smp_028850	0.0933199335673226
Smp_028860	0.18034621821179
Smp_028870	0.179534595390417
Smp_028930	0.0688128405017817
Smp_028940	0.054469907386176
Smp_028980	0.143597591896915
Smp_028990	0.0277216563397047
Smp_029040	0.0780275206990103
Smp_029060	0.0697422193863044
Smp_029070	0.0127711467773568
Smp_029100	0.153173957925561
Smp_029160	0.00995934962968337
Smp_029210	0.00690005279543486
Smp_029240	0.0343834942556365
Smp_029360	0.0232024687545465
Smp_029370	0.0254404410185915
Smp_029390	0.0105288126670134
Smp_029400	0.22252929927281
Smp_029470	0.0697842494923452
Smp_029500	0.0222655184585933
Smp_029670	0.0339224695016891
Smp_029700	0.0148871897808215
Smp_029740	0.094972272071865
Smp_029750	0.0771394892134159
Smp_029800	0.0433435484809179
Smp_029820	0.187722281157663
Smp_029850	0.0115786671057972
Smp_029890	0.0212757663165885
Smp_029900	0.158037144185761
Smp_029940	0.0178974015856176
Smp_029970	0.0433110178191935
Smp_029990	0.0691363105333097
Smp_030000	0.0986472547467682
Smp_030010	0.0353934918398777
Smp_030020	0.0169107688537324
Smp_030030	0.173477517798725
Smp_030110	0.054309874712414
Smp_030150	0.0170201473321139
Smp_030180	0.131711330819281
Smp_030220	0.0241146630637182
Smp_030250	0.0159281177652386
Smp_030260	0.188998048775639
Smp_030280	0.0433987774654642
Smp_030290	0.136055618111579
Smp_030320	0.0428005487514697
Smp_030330	0.144025857950939
Smp_030350	3.15265489755259
Smp_030370	0.0472557033502177
Smp_030400	0.0158572911750617
Smp_030440	0.249994460581349
Smp_030500	0.103934452299165
Smp_030690	0.112046889601136
Smp_030710	0.0240188350007164
Smp_030730	0.0365191465445583
Smp_030760	0.0266916627037028
Smp_030780	0.0373508366075298
Smp_030830	0.0189177680772598
Smp_030860	0.0719349113624268
Smp_030870	0.138130466897108
Smp_030910	0.189299097466475
Smp_030920	0.122880897523339
Smp_030930	0.037286430687786
Smp_031000	0.0595662089398999
Smp_031010	0.0255641127262451
Smp_031020	0.119454061028032
Smp_031040	0.0482448696212962
Smp_031050	0.0290449451821997
Smp_031070	0.0195946681871638
Smp_031100	0.0435366462120607
Smp_031180	0.0614297481499973
Smp_031190	0.257730033150351
Smp_031220	0.0204435270321844
Smp_031270	0.0724668402709212
Smp_031300	0.134138804649879
Smp_031310	0.168690610651944
Smp_031360	0.0393819624745761
Smp_031390	0.363692207142482
Smp_031560	0.0168348897947016
Smp_031570	0.0647014700566476
Smp_031590	0.0842597538717469
Smp_031680	0.0636314957825297
Smp_031690	0.0146348411517143
Smp_031710	0.016729086556218
Smp_031720	0.0956576668457633
Smp_031730	0.10502545682358
Smp_031770	0.0708292048354703
Smp_031880	0.0451968761809981
Smp_031920	0.0315163703853934
Smp_031950	0.0718759724445983
Smp_031990	0.017484356653639
Smp_032000	0.0547820167385236
Smp_032060	0.11714171895976
Smp_032120	0.0561270135236235
Smp_032150	0.0680761083210156
Smp_032180	0.1264903497072
Smp_032230	0.0809126104682582
Smp_032240	0.0673513682127952
Smp_032250	0.01227908034949
Smp_032260	0.126118344623153
Smp_032280	0.0898022995152136
Smp_032310	0.10849492664003
Smp_032320	0.0413844215928918
Smp_032370	0.602631382990843
Smp_032420	0.0906051089632009
Smp_032480	0.0957100430010033
Smp_032490	0.102606824148599
Smp_032500	0.06875212073721
Smp_032510	0.0400151152329784
Smp_032520	0.0613649803904744
Smp_032580	0.0846342452569184
Smp_032640	0.0483516133850571
Smp_032670	0.675961359116282
Smp_032720	0.234553263257439
Smp_032760	0.153457076764441
Smp_032770	0.0153567350751106
Smp_032780	0.0402809864891126
Smp_032790	0.156938137507222
Smp_032800	0.0196269871108437
Smp_032810	0.118058558013113
Smp_032820	0.00683358978400156
Smp_032920	0.150516772564492
Smp_032930	0.0361725599533115
Smp_032950	0.191921988321809
Smp_032970	0.131856653024083
Smp_032980	0.638435580056029
Smp_032990	0.500692868426195
Smp_033000	0.274975749399519
Smp_033010	0.24296794754759
Smp_033020	0.0630579384378481
Smp_033040	0.101556140505776
Smp_033050	0.0407303399602556
Smp_033110	0.0361436070072217
Smp_033140	0.0632507469132136
Smp_033210	0.0266637446342463
Smp_033250	2.98594212436848
Smp_033260	0.0181449877828868
Smp_033330	0.0866746243804423
Smp_033350	0.0107701022199539
Smp_033380	1.33078156220215
Smp_033400	0.177616123094954
Smp_033530	0.0314494167458283
Smp_033540	0.0479090561330256
Smp_033590	0.0192639265804862
Smp_033600	0.0482327545666204
Smp_033610	0.120754394785782
Smp_033620	0.108956086929439
Smp_033660	0.0126897634232022
Smp_033670	0.0813647471753236
Smp_033680	0.0198796811474245
Smp_033700	0.0258037340634958
Smp_033710	0.045140107254058
Smp_033760	0.0311390806857848
Smp_033770	0.0235627542277866
Smp_033870	0.0141712836920187
Smp_033930	0.132456033845871
Smp_033950	0.0445590882408158
Smp_033970	0.0249283843842348
Smp_033990	0.134886139398969
Smp_034000	0.0452829822172353
Smp_034090	0.0343494743332736
Smp_034100	1.81128382111787
Smp_034120	0.0222346630894202
Smp_034190	0.0118686339304514
Smp_034270	0.123495352594619
Smp_034300	0.0455769805893387
Smp_034400	0.072950105620759
Smp_034410	0.0335194091365215
Smp_034420	0.0868444007473105
Smp_034430	0.079462996784354
Smp_034450	0.0298321353136794
Smp_034490	0.145086140345615
Smp_034500	0.0198127387957137
Smp_034530	0.0811605037578382
Smp_034550	0.0700548682014514
Smp_034610	0.036262439870194
Smp_034660	0.0307046067603993
Smp_034670	0.0144434352424926
Smp_034680	0.226408533471009
Smp_034700	0.0454071521355859
Smp_034840	0.0403023543925866
Smp_034850	0.100321835533696
Smp_034860	0.146571665072794
Smp_034870	0.0349062054424798
Smp_034920	0.133380925415032
Smp_034940	0.0499620096957902
Smp_034980	0.0445130853137858
Smp_035000	0.159797365807968
Smp_035010	0.108671642581697
Smp_035020	0.0616071480895816
Smp_035030	0.0573453610378365
Smp_035040	0.189211324241988
Smp_035080	0.0341095590193275
Smp_035090	0.0600128715445234
Smp_035110	0.0333967433246907
Smp_035150	0.0132425994400791
Smp_035180	0.0657283119612257
Smp_035190	0.0739910421914635
Smp_035200	0.0287799270504238
Smp_035210	0.127416474314722
Smp_035220	0.0562691621285914
Smp_035250	0.361993948750346
Smp_035260	0.0636188360969038
Smp_035270	0.117380550505808
Smp_035280	0.00943478935640915
Smp_035290	0.186266717997348
Smp_035300	0.0438492631302597
Smp_035310	0.0428337793380829
Smp_035360	0.0283087559695274
Smp_035370	0.27432944054138
Smp_035380	0.235860996861516
Smp_035390	0.0318851978843729
Smp_035410	0.0328862074733431
Smp_035430	0.0295605610427407
Smp_035460	0.00933106461388285
Smp_035470	0.0400041152643878
Smp_035480	0.0419398550180668
Smp_035500	0.251182499921776
Smp_035540	0.0592961164393591
Smp_035550	0.0711214302352135
Smp_035560	0.215787172266432
Smp_035580	0.0065586887842702
Smp_035620	0.0222651613375058
Smp_035650	0.09704283380868
Smp_035700	0.104803878576399
Smp_035730	0.0972909961838729
Smp_035790	0.144167425991685
Smp_035800	0.205321386338389
Smp_036010	0.045773374753509
Smp_036020	0.0651276264105023
Smp_036060	0.00722269582486471
Smp_036130	0.0156802095926241
Smp_036180	0.0481419628454162
Smp_036220	0.166723158990363
Smp_036250	0.0179379793506367
Smp_036270	0.0391680028689885
Smp_036370	0.0168760954891841
Smp_036390	0.0447281211900633
Smp_036400	0.106423703774858
Smp_036500	0.0577453368722409
Smp_036550	0.0568781700106322
Smp_036590	0.0337049460081599
Smp_036630	0.0359497290443146
Smp_036670	0.154165298886445
Smp_036720	0.108567219291047
Smp_036780	0.057566431557365
Smp_036920	0.129853956142081
Smp_036940	0.230735748556714
Smp_036950	0.0122950603521465
Smp_036980	0.0263435399014304
Smp_036990	0.0156164222113548
Smp_037120	0.133629064003815
Smp_037190	0.0916505239495482
Smp_037230	0.0506158012841746
Smp_037290	0.0480214454763227
Smp_037400	0.0129093883024253
Smp_037460	0.013251563994013
Smp_037530	0.136919493289489
Smp_037540	0.033120443748765
Smp_037590	0.0705547209922117
Smp_037640	0.100963082588091
Smp_037690	0.510232619813585
Smp_037700	0.167114926636988
Smp_037780	0.0774751188924464
Smp_037900	0.013721708000465
Smp_037910	0.152598553768773
Smp_037930	0.0580743430202077
Smp_037960	0.0429314561656073
Smp_038030	0.0274685232467623
Smp_038080	0.042811550368525
Smp_038100	0.0423148745646232
Smp_038140	0.0429271796697649
Smp_038210	0.0463486303182547
Smp_038240	0.0554512118933619
Smp_038300	0.18511484496267
Smp_038330	0.0714088878697303
Smp_038340	0.0289814329635958
Smp_038410	0.216423638911339
Smp_038420	0.0526499704554657
Smp_038440	0.0603852218368198
Smp_038510	0.140695584518491
Smp_038530	0.0534171245211732
Smp_038540	0.0472959261551943
Smp_038560	0.104386776093944
Smp_038630	0.11368717237606
Smp_038680	0.217419647171025
Smp_038700	0.038748097121657
Smp_038710	0.0185024767811607
Smp_038820	0.0540592660279751
Smp_038830	0.0251678181671343
Smp_038840	0.0850272202441981
Smp_038870	0.0249444225646996
Smp_038930	0.0373270823734111
Smp_038940	0.0198984746011084
Smp_038950	0.0929971571634363
Smp_038960	0.224193708763322
Smp_038965	0.0368843353623687
Smp_038980	0.0426514252493177
Smp_039000	0.0790631676287123
Smp_039010	8.56422117050431
Smp_039080	0.0375541747268102
Smp_039130	0.0316679793001102
Smp_039160	0.053949498646782
Smp_039180	0.00839647457992452
Smp_039300	0.0239678989242337
Smp_039390	0.0379691937029948
Smp_039400	0.122437876411173
Smp_039470	0.542024886800175
Smp_039490	0.0712493906767231
Smp_039590	0.198790326402877
Smp_039600	0.123704795510778
Smp_039640	0.0268412898644104
Smp_039650	0.0378795802660513
Smp_039670	0.0437819545718769
Smp_039740	0.0533551427427484
Smp_039750	0.0222701371068915
Smp_039810	0.0170434725266497
Smp_039820	0.0139917733304389
Smp_039870	0.0391971199501948
Smp_039970	0.107176798616093
Smp_039980	0.112121324536004
Smp_040020	0.0448798983616349
Smp_040080	0.0366105067747344
Smp_040100	0.0369898473234678
Smp_040110	0.0417173922621112
Smp_040130	0.141824527820331
Smp_040190	0.0264284481021734
Smp_040270	0.0222377233536636
Smp_040280	0.0334335915817047
Smp_040350	0.140838848840988
Smp_040360	0.0233674879340717
Smp_040390	0.152220407530816
Smp_040460	0.0314233996530222
Smp_040500	0.0138125084757895
Smp_040510	0.0267042773807301
Smp_040550	0.0278645652432869
Smp_040560	0.0248688694835979
Smp_040570	0.0262458953541475
Smp_040610	0.0408950479747421
Smp_040710	0.163128586491463
Smp_040720	0.019897708371156
Smp_040770	0.0191297275505192
Smp_040790	0.101251016358898
Smp_040800	0.060632886612248
Smp_040960	0.0314664245661265
Smp_040970	0.0302701417779513
Smp_040990	0.102681738932968
Smp_041050	0.0200621081003952
Smp_041060	0.0104615377382029
Smp_041100	0.0101272022431671
Smp_041190	0.033854519872969
Smp_041320	75
Smp_041370	0.0446848689898263
Smp_041390	0.10301670791916
Smp_041430	0.107187081466279
Smp_041450	0.0189011134630486
Smp_041460	0.223874621342949
Smp_041480	0.0274822577061893
Smp_041490	0.0353356361087912
Smp_041500	0.146826088282107
Smp_041540	0.428031051051451
Smp_041550	0.140980213181168
Smp_041570	0.123178193714159
Smp_041600	0.0561131400983317
Smp_041630	0.0510310292293832
Smp_041650	0.235781425863603
Smp_041700	0.0323529834401095
Smp_041730	0.0285203924608194
Smp_041740	0.0206185895447531
Smp_041750	0.0879790249547719
Smp_041760	0.0927230054532952
Smp_041770	0.0645877321873664
Smp_041830	0.0805726574732477
Smp_041880	0.430062826866435
Smp_041890	0.0393763687924595
Smp_041980	0.145308262381983
Smp_042020	0.0314823908345623
Smp_042030	0.00834727034683648
Smp_042050	0.0281639243165527
Smp_042060	0.048492620233809
Smp_042080	0.0528180066527687
Smp_042090	0.129069665211766
Smp_042110	0.0973490720960538
Smp_042120	0.0620623385697869
Smp_042140	0.0722753923453337
Smp_042150	0.213582599068291
Smp_042160	0.061061876459236
Smp_042210	0.0263060644631765
Smp_042270	0.0175208211928535
Smp_042280	0.0913804611239471
Smp_042300	0.094155799807731
Smp_042340	0.0415575913964954
Smp_042390	0.101188769327395
Smp_042400	0.134802684945816
Smp_042420	0.0941739589021734
Smp_042430	0.0585167925791177
Smp_042440	0.148177162540549
Smp_042530	0.147534016514227
Smp_042550	0.0140400552109289
Smp_042560	0.0262873238662244
Smp_042590	0.105370589132017
Smp_042630	0.0131901717090885
Smp_042670	0.0687965622566234
Smp_042680	0.123640411040563
Smp_042700	0.171784422394781
Smp_042740	0.14477676190691
Smp_042770	0.038610518663538
Smp_042780	0.0407663369407963
Smp_042790	0.096568255838011
Smp_042810	0.0486693694980259
Smp_042910	0.0224331525173764
Smp_042920	0.0439019352293569
Smp_042980	0.0178143046887175
Smp_042990	0.031379682341983
Smp_043030	0.0279640809217512
Smp_043070	0.0546417065641735
Smp_043100	0.026487747472293
Smp_043110	0.0862179841629627
Smp_043120	0.144354733758916
Smp_043130	0.0599956199910552
Smp_043150	0.0170924333480409
Smp_043170	0.0230769535018126
Smp_043200	0.0219212021703373
Smp_043210	0.130871903521993
Smp_043220	0.0416886741061264
Smp_043250	0.0683818783005386
Smp_043260	0.106934999664722
Smp_043270	0.267918524371822
Smp_043290	0.211353674071756
Smp_043300	75
Smp_043320	75
Smp_043340	2.67295857900746
Smp_043350	0.020073629019762
Smp_043360	0.0751171834594271
Smp_043390	0.0981748055661112
Smp_043500	0.0509664265109271
Smp_043570	0.0540368541974055
Smp_043580	0.0255485377436576
Smp_043600	0.0400017343771174
Smp_043610	0.0130137613515859
Smp_043650	0.180831682823909
Smp_043670	0.0370444101819249
Smp_043780	0.0572878084602209
Smp_043910	0.0731412410635829
Smp_043940	0.0475265349757048
Smp_043970	0.0121492978782976
Smp_043990	0.010120580232791
Smp_044000	0.134963225215077
Smp_044020	0.0287108659179992
Smp_044060	0.0615704195101232
Smp_044160	0.0252879851141678
Smp_044250	0.0202441562587536
Smp_044260	0.0546863253584718
Smp_044280	0.0335888892218577
Smp_044400	0.0243882289082978
Smp_044440	0.0372583975051841
Smp_044470	0.0747616074700962
Smp_044520	0.0874761151524421
Smp_044530	0.0283787693519282
Smp_044550	0.0330412744848556
Smp_044560	0.123194257380155
Smp_044580	0.202960181708482
Smp_044610	68.7119485949848
Smp_044680	0.0302206540249379
Smp_044690	0.0137460112510422
Smp_044750	0.0314024422988464
Smp_044800	0.130919939998801
Smp_044810	0.04841902262491
Smp_044850	0.0918562646894747
Smp_044920	0.0337685723348783
Smp_044950	0.0212721113128521
Smp_044970	0.038957732903559
Smp_045010	0.138367341289668
Smp_045060	0.0504109882262921
Smp_045070	0.0340892168428431
Smp_045200	0.166565713756761
Smp_045220	0.160630282013383
Smp_045230	0.0152955052571383
Smp_045250	0.0225964476970957
Smp_045260	0.0454402832879934
Smp_045300	0.14327852463269
Smp_045360	0.0687242008889304
Smp_045400	0.0302851181178839
Smp_045410	0.0485330919059279
Smp_045420	0.0184184233473165
Smp_045430	0.0971936372289286
Smp_045470	0.176011751390843
Smp_045480	0.0442842638440994
Smp_045490	0.103490010460327
Smp_045500	0.0295246964925595
Smp_045510	0.166179834760459
Smp_045550	0.0330439383111257
Smp_045560	0.0764886352097903
Smp_045590	0.0490937026986067
Smp_045600	0.0232760054935378
Smp_045610	0.0547373771458587
Smp_045620	0.0630253864623451
Smp_045650	0.119453311024462
Smp_045680	0.143979748241331
Smp_045710	0.00926350294713641
Smp_045730	0.0204663490846774
Smp_045750	0.0271149293941585
Smp_045760	0.0196018058349279
Smp_045780	0.0204326804632172
Smp_045790	0.0111514856354284
Smp_045810	0.0320322657831165
Smp_045860	0.0888920002578498
Smp_045920	0.0879273525847767
Smp_045930	0.0300462597400004
Smp_045950	0.0683928370480479
Smp_045960	0.014378666405866
Smp_045980	0.0426082361009614
Smp_045990	0.0752590780018126
Smp_046020	0.0322482511358857
Smp_046030	0.109122274543921
Smp_046060	0.0935941640909132
Smp_046090	0.023570099636221
Smp_046100	0.146957763587077
Smp_046120	0.0416757698567074
Smp_046130	0.045854158685569
Smp_046140	0.0758445746130579
Smp_046160	0.0390790940309482
Smp_046190	0.0105143832488604
Smp_046250	0.148626999417977
Smp_046290	0.0267392730116446
Smp_046360	0.0420046020847233
Smp_046410	0.164901023560938
Smp_046430	0.0606578354741772
Smp_046500	0.0924959323016366
Smp_046550	0.0561682913430037
Smp_046630	0.202149914649464
Smp_046680	0.0301945292973067
Smp_046690	0.156766090946389
Smp_046740	0.0336798609575285
Smp_046750	0.033860572995544
Smp_046780	0.084293462164168
Smp_046790	0.212857876283833
Smp_046800	0.156621841244091
Smp_046810	0.0947450434258275
Smp_046870	0.08603681164316
Smp_046880	0.0748584194375863
Smp_046890	0.0137253462139463
Smp_046900	0.0603320471256113
Smp_046910	0.111626057799372
Smp_046930	0.0384706584570913
Smp_046980	0.0886249087921604
Smp_047060	0.169831164492771
Smp_047090	0.0490302122411342
Smp_047110	0.0408261761056351
Smp_047190	0.0534019465001984
Smp_047200	0.0161502839684936
Smp_047240	0.0984263166427008
Smp_047330	0.075750534748389
Smp_047360	0.00700006014107517
Smp_047370	0.0453819854067208
Smp_047400	0.0485823292501551
Smp_047410	0.0109813055938334
Smp_047440	0.0094127437405244
Smp_047450	0.0543783761795051
Smp_047460	0.0780822560758697
Smp_047500	0.013378262466811
Smp_047540	0.0137480240854484
Smp_047550	0.129750598651103
Smp_047610	0.0436927782898521
Smp_047620	0.0694294409674571
Smp_047640	0.307493032352938
Smp_047650	0.138146543193298
Smp_047680	0.702429345806008
Smp_047700	0.0880518898853815
Smp_047720	0.0669112455012612
Smp_047740	0.112248933731954
Smp_047860	0.0291832923633545
Smp_047870	0.0500498692309232
Smp_047900	0.0245295082687
Smp_048050	0.753038098387237
Smp_048080	0.0101255312835196
Smp_048160	0.0935902272825794
Smp_048230	0.0259544556825762
Smp_048240	0.0249053727151981
Smp_048260	0.0825539238012983
Smp_048380	0.0968525877899121
Smp_048420	0.0697398952201851
Smp_048430	0.0151599074840163
Smp_048520	0.0383618096789457
Smp_048540	0.0407500826128922
Smp_048550	0.0133512062751523
Smp_048560	0.0262315483892773
Smp_048620	0.028081402213504
Smp_048650	0.0810686980414736
Smp_048660	0.0330470243128527
Smp_048760	0.041221767504947
Smp_048830	0.0793533283146467
Smp_048880	0.0488183599865574
Smp_048930	0.137314120303527
Smp_048940	0.0633886480252509
Smp_048970	0.0219297756901028
Smp_048980	0.0734050498959613
Smp_048990	0.015973256701881
Smp_049000	0.0143798757632787
Smp_049010	0.0296320710804023
Smp_049140	0.0144390509970404
Smp_049150	0.0460378996797566
Smp_049160	0.0963019228801486
Smp_049170	0.117662613165988
Smp_049230	1.57880522723837
Smp_049270	0.0290731983789698
Smp_049330	0.0191990911016417
Smp_049380	0.0516618281243405
Smp_049390	0.0648502423781381
Smp_049500	0.00633212760872684
Smp_049510	0.0300263932671006
Smp_049520	0.0327347475970833
Smp_049550	0.0398234453213652
Smp_049580	0.0312731305667074
Smp_049600	0.00877268397222129
Smp_049610	0.0333589005877903
Smp_049630	0.0210468210179242
Smp_049680	0.0604614117008738
Smp_049730	0.0439141337250565
Smp_049740	0.043062798681711
Smp_049760	0.0228753518246247
Smp_049880	0.0202838317380587
Smp_049890	0.0479410945768183
Smp_049910	0.0477308251338806
Smp_049920	0.0160169099011027
Smp_049930	0.0212140150683536
Smp_049970	0.0103809780908847
Smp_049990	0.0147255801050042
Smp_050080	0.0100698637726699
Smp_050110	0.0305300571873667
Smp_050130	0.0340639771765509
Smp_050160	0.0111760048336202
Smp_050220	0.0811783395111898
Smp_050250	0.0731052921898341
Smp_050270	1.7542572384662
Smp_050280	0.17003963625745
Smp_050350	0.110179432083506
Smp_050360	0.0725365743844516
Smp_050380	0.0567130467748129
Smp_050430	0.0401151411238096
Smp_050470	0.0423386048790792
Smp_050520	0.0811068659248386
Smp_050540	0.0292011416030583
Smp_050570	0.0396099834125442
Smp_050590	0.146398230957602
Smp_050700	0.0116476760618638
Smp_050730	0.0245884905117924
Smp_050740	0.0252227246516669
Smp_050760	0.129117142497264
Smp_050820	0.0300724119063354
Smp_050830	0.0203604214371038
Smp_050880	0.0977796743035624
Smp_050890	0.0342690403028268
Smp_050920	0.0150956957829852
Smp_050940	0.154607644448402
Smp_051000	0.0408118069533533
Smp_051010	0.109267434115598
Smp_051070	0.0366563042699378
Smp_051080	0.0466328865651232
Smp_051090	0.107821079498388
Smp_051120	0.0965844910379546
Smp_051130	0.0874243543471862
Smp_051210	0.0352222120673524
Smp_051220	0.153099593065535
Smp_051230	0.0190779948909917
Smp_051260	0.055292198654712
Smp_051280	0.0566236316385568
Smp_051290	0.233388886152789
Smp_051300	0.0250755444666528
Smp_051320	0.0360209269868327
Smp_051360	0.014282661895321
Smp_051390	0.0184607198981543
Smp_051400	0.126120908214538
Smp_051410	0.0373198976928953
Smp_051420	0.0235145205428769
Smp_051530	0.0325028529574349
Smp_051550	0.0260643283499918
Smp_051640	0.0319423151045233
Smp_051660	0.106320086926902
Smp_051670	0.107725769310171
Smp_051810	0.0591718696846566
Smp_051920	0.0424493693608797
Smp_051930	0.0149854904331377
Smp_052060	0.0920323477901614
Smp_052140	0.0160000331627894
Smp_052150	0.102800232828657
Smp_052160	0.0686136046857886
Smp_052230	0.029634136522722
Smp_052280	0.0763885137244456
Smp_052290	0.0971391011893546
Smp_052330	0.0132527272809154
Smp_052350	0.0442627224570111
Smp_052390	0.034212852408003
Smp_052460	3.03037260652098
Smp_052500	0.114560901545504
Smp_052630	0.0890674725554516
Smp_052640	0.0103621717332121
Smp_052710	0.0867152874424999
Smp_052740	0.0247903356506646
Smp_052750	0.03662957406386
Smp_052760	0.193365664965138
Smp_052780	0.0496815537745198
Smp_052790	0.089367113192404
Smp_052800	0.0581457664200581
Smp_052870	0.0393522526436294
Smp_052890	0.0627827647190487
Smp_052910	0.0501392805827966
Smp_053020	0.0454723595855829
Smp_053030	0.0136396723057051
Smp_053040	0.0465014239205285
Smp_053060	0.0463786669964893
Smp_053120	0.0836637938208686
Smp_053130	0.11767595215074
Smp_053140	0.0132008021287171
Smp_053160	0.00973944371555848
Smp_053220	0.0574035323228912
Smp_053230	0.0799969874137144
Smp_053300	24.1213314291919
Smp_053390	0.145627986415171
Smp_053420	0.0331588142822401
Smp_053430	0.0566630940405074
Smp_053470	0.0567639316707855
Smp_053510	0.0128859142289421
Smp_053550	0.048945525781317
Smp_053560	0.0341485029074532
Smp_053610	0.0261490964383265
Smp_053640	0.130613101658128
Smp_053700	0.182409546406982
Smp_053780	0.167228927432731
Smp_053790	0.228299817751188
Smp_053800	0.026134133387878
Smp_053820	0.0423280152704742
Smp_053830	0.181792669756659
Smp_053900	0.0581088901556463
Smp_053940	0.026513573590397
Smp_053990	0.0190420830951867
Smp_054010	0.0796353205066926
Smp_054070	0.0547200841980348
Smp_054120	0.104425428886636
Smp_054200	0.106237103937975
Smp_054220	0.11852852377776
Smp_054230	0.13897857712554
Smp_054240	0.191803677051151
Smp_054300	0.122848412559881
Smp_054310	0.0256536142472469
Smp_054320	0.0186754583861748
Smp_054330	0.0914815891267681
Smp_054340	0.0304153683176374
Smp_054350	0.0620045633204257
Smp_054360	0.158468910496279
Smp_054410	0.0994683472507752
Smp_054450	0.091070108564055
Smp_054470	0.139859437609167
Smp_054540	0.0144572758663974
Smp_054560	0.101429470975907
Smp_054600	0.049463840638331
Smp_054610	0.124495445493891
Smp_054620	0.0602037465514413
Smp_054730	0.0307553321870885
Smp_054770	0.0620476716729984
Smp_054775	0.0735674634981525
Smp_054790	0.06973506215322
Smp_054800	0.0165407756000775
Smp_054810	0.0752291975202746
Smp_054820	0.0288022626277848
Smp_054840	0.0718403922483826
Smp_055050	0.173281291441176
Smp_055090	0.0263344225028773
Smp_055100	0.143587566102815
Smp_055130	0.0414503092459281
Smp_055190	0.0149589055084748
Smp_055200	0.025496794854676
Smp_055220	0.0943373900464817
Smp_055240	0.054819994370813
Smp_055260	0.0880562210681073
Smp_055310	0.0222994779931361
Smp_055340	0.0363467109383861
Smp_055390	0.0242722267152344
Smp_055400	0.0534687340515761
Smp_055420	0.087697004415562
Smp_055440	0.0517269237367525
Smp_055450	0.0899194244819772
Smp_055600	0.109154238677941
Smp_055630	0.340910833552919
Smp_055670	0.0923899296472216
Smp_055720	0.0777734196685567
Smp_055740	0.274066241942823
Smp_055760	0.0450955159785117
Smp_055770	0.0191217704954259
Smp_055780	0.0768588931758425
Smp_055800	0.0370966929595133
Smp_055870	0.0743329735560783
Smp_055880	0.0559458076592053
Smp_055890	0.0546728682249519
Smp_055900	0.20582418502349
Smp_055920	0.0188531810242744
Smp_055960	0.0378183709825986
Smp_055990	0.0203137758409512
Smp_056060	0.0795450062298598
Smp_056080	0.185444290777458
Smp_056200	0.030088081325581
Smp_056240	0.0230657318201513
Smp_056260	0.0727463162950422
Smp_056280	0.15062744078798
Smp_056350	0.0675432441248996
Smp_056360	0.0557496358569694
Smp_056370	0.0510773096798483
Smp_056390	0.00565631099701487
Smp_056440	0.0715661835575623
Smp_056460	0.411297844982484
Smp_056500	0.0701777032526228
Smp_056620	0.035355632540489
Smp_056640	0.0375018148163567
Smp_056760	0.0408660383024243
Smp_056770	0.323143068577886
Smp_056780	0.169953589684542
Smp_056810	0.0296572290488192
Smp_056850	0.0874853639842673
Smp_056860	0.0289519298034952
Smp_056900	0.0767943041219948
Smp_056930	0.12365127981098
Smp_056970	0.10215212153261
Smp_056990	0.0691102013677084
Smp_057020	0.0380872273099529
Smp_057060	0.0870459599002893
Smp_057090	0.141114552197797
Smp_057120	0.0869860450996347
Smp_057130	0.0539495538667024
Smp_057210	0.0261269050419439
Smp_057230	0.0147309064008036
Smp_057320	0.0151854710689972
Smp_057360	0.0604953715028583
Smp_057430	0.0387424771594326
Smp_057530	0.0401155566008107
Smp_057590	0.116165202358523
Smp_057620	0.0199575283151252
Smp_057630	0.0260723039411963
Smp_057650	0.0189965825162572
Smp_057860	0.0676897330861329
Smp_058050	0.028663740144078
Smp_058080	0.067228932879254
Smp_058130	0.0401750858283124
Smp_058140	0.0670575042673833
Smp_058150	0.0768106742874764
Smp_058170	0.0370069840712407
Smp_058190	0.0678381305485897
Smp_058240	0.0649518377130574
Smp_058270	0.025566711140304
Smp_058320	0.0274719872410324
Smp_058350	0.127555036601995
Smp_058360	0.046968835135004
Smp_058380	0.247153875442902
Smp_058400	0.0123605763632866
Smp_058410	0.0385669252451406
Smp_058450	0.0212327207750508
Smp_058460	0.0193458861508575
Smp_058470	0.0836240422775529
Smp_058530	0.0635191037666604
Smp_058620	0.0313281327754353
Smp_058650	0.0218008750458729
Smp_058690	0.172782644995247
Smp_058700	0.169639347201156
Smp_058730	0.0207391446841143
Smp_058780	0.0235137054347779
Smp_058790	0.026753226659983
Smp_058850	0.0643467664240022
Smp_058880	0.0509248435721
Smp_058980	0.0321972302412937
Smp_058990	0.0826529902963916
Smp_059090	0.0823527410678005
Smp_059100	0.0989414575044696
Smp_059130	0.0353579432734492
Smp_059140	31.6304049591454
Smp_059150	0.0269883514122064
Smp_059170	0.0599527808243657
Smp_059200	0.109931310470217
Smp_059210	0.0399432662785268
Smp_059240	0.108918632335657
Smp_059290	0.115251470178408
Smp_059340	0.0281668644581262
Smp_059350	0.142131406028332
Smp_059360	0.0172975538567871
Smp_059530	0.134757540783793
Smp_059540	0.00873180363942115
Smp_059570	0.0341853667193408
Smp_059600	0.0987817418969601
Smp_059670	0.113962347765186
Smp_059710	0.0395243096522035
Smp_059750	0.0727703074434723
Smp_059780	0.0101584363806054
Smp_059790	2.0939257769582
Smp_059810	0.0737863353477322
Smp_059820	0.110784938828695
Smp_059870	0.165944134487132
Smp_059880	0.0661955264679037
Smp_059910	0.048523978597156
Smp_059920	0.0539642586395527
Smp_059930	0.183850907296289
Smp_059980	0.0987027566405523
Smp_060010	0.0165684936083449
Smp_060030	0.0976165609001653
Smp_060070	0.018957801846602
Smp_060080	0.0456265614475936
Smp_060090	0.181172970835884
Smp_060160	0.128427297403053
Smp_060170	0.0291711701000514
Smp_060180	0.0346444607316363
Smp_060190	0.0565616295002827
Smp_060210	0.312487040656956
Smp_060220	0.386701326358139
Smp_060240	0.0182226683931837
Smp_060270	0.142509887551801
Smp_060290	0.111003327050251
Smp_060420	0.0107732954720178
Smp_060480	0.0118923022837321
Smp_060490	0.0199992787737222
Smp_060570	0.0334092201052574
Smp_060620	0.236868519409805
Smp_060660	0.0457592411071348
Smp_060700	0.0548528710373306
Smp_060750	0.0376986785336411
Smp_060760	0.363382680436404
Smp_060820	0.0114795969100311
Smp_060860	0.0664805592794956
Smp_060900	0.0274303780308632
Smp_060910	0.189441611004842
Smp_060940	0.0299769052133384
Smp_060950	0.0324000140807069
Smp_061040	0.0727560010246453
Smp_061050	0.0821512951763854
Smp_061100	0.269619997764666
Smp_061200	0.167460640683659
Smp_061210	0.0436474813648621
Smp_061230	0.0364408388379072
Smp_061250	0.0216258463628577
Smp_061300	0.0186070833492082
Smp_061310	0.00916371248647471
Smp_061390	1.00078209819782
Smp_061400	2.57491910203773
Smp_061480	0.0188550963446549
Smp_061500	71.2070744864138
Smp_061510	0.023309718790105
Smp_061540	0.00888948951350757
Smp_061560	0.188925739007316
Smp_061570	0.0513482561455477
Smp_061580	0.0860581722736369
Smp_061590	0.0553359423575738
Smp_061650	0.0498382016881793
Smp_061680	0.0531466585792179
Smp_061840	0.0321484890672939
Smp_061870	0.0539724861757377
Smp_061920	0.0307346375107869
Smp_061940	0.109102317963744
Smp_061950	0.0868866244940472
Smp_061970	0.0416154878598052
Smp_062020	0.326238246653945
Smp_062070	0.0427695789477376
Smp_062080	0.0343445841334892
Smp_062120	0.0164760645827044
Smp_062240	62.453794380349
Smp_062250	0.0723617126763075
Smp_062260	0.0619230693513145
Smp_062270	0.0793581016638533
Smp_062300	0.0217892447704518
Smp_062420	0.018067741324563
Smp_062490	0.328983074837981
Smp_062510	0.0143839471045199
Smp_062520	0.0501554909961029
Smp_062530	0.0700490630974445
Smp_062550	0.016673446603353
Smp_062560	0.096745964389977
Smp_062620	0.108884091617124
Smp_062630	0.0126292076952007
Smp_062640	0.0790123570324137
Smp_062680	0.0399934759792662
Smp_062790	0.0763957758890561
Smp_062830	75
Smp_062890	0.178201811283331
Smp_062900	0.122949330594121
Smp_062950	0.0125574744470947
Smp_062970	0.151018606262832
Smp_062980	0.0215910831227765
Smp_063000	0.00864031952582153
Smp_063030	0.0696286239053565
Smp_063040	0.00779669297674169
Smp_063070	0.032250551099029
Smp_063090	0.032876010394399
Smp_063110	0.0723509362602554
Smp_063120	0.102849781572154
Smp_063180	0.0117711661142947
Smp_063190	0.121489768235391
Smp_063230	0.0169668808722343
Smp_063250	0.0347943026928297
Smp_063260	0.0139518626385331
Smp_063300	0.167538028440804
Smp_063330	0.164315760000407
Smp_063350	0.151674333910628
Smp_063380	4.31443836935389
Smp_063390	0.0509402178709803
Smp_063420	0.0339564444906675
Smp_063500	0.0182089316647134
Smp_063520	0.104158556988473
Smp_063530	0.145242695290224
Smp_063540	0.0348552602016245
Smp_063580	0.0803723074159184
Smp_063630	0.197171599863473
Smp_063640	0.0181493676626451
Smp_063650	0.0664006070597821
Smp_063670	0.0297419628168527
Smp_063680	0.0680383013448124
Smp_063830	0.0323303091582661
Smp_064010	0.0473494785003228
Smp_064020	0.0561109369706801
Smp_064030	0.105358664362765
Smp_064040	0.0255758213670456
Smp_064050	0.0351473770066932
Smp_064150	0.0813352276237208
Smp_064240	0.0109375737032091
Smp_064250	0.0552230135669235
Smp_064280	0.0574448819467374
Smp_064320	0.0363535954384174
Smp_064330	0.21699365650271
Smp_064350	0.0670052479749549
Smp_064360	0.0161471520221226
Smp_064380	0.0419934599760162
Smp_064390	0.0277380293714793
Smp_064400	0.0125703954582924
Smp_064430	0.122241878712933
Smp_064460	0.0721745042261292
Smp_064500	0.0864221482681676
Smp_064510	0.0588989122318853
Smp_064520	0.034936238351258
Smp_064590	0.0441372792215996
Smp_064600	0.0631456254347355
Smp_064640	0.0326876596976406
Smp_064650	0.0231315631193852
Smp_064750	0.0487351163090434
Smp_064800	0.0250010122635309
Smp_064860	0.0357908399391267
Smp_064870	0.0210481333674285
Smp_064950	0.124595544878707
Smp_065060	0.0183868468250534
Smp_065120	0.0334695329800805
Smp_065130	0.0179185084721025
Smp_065150	0.0664361989768209
Smp_065160	0.0216921176102136
Smp_065170	0.0717359748938915
Smp_065180	0.0105752061207673
Smp_065190	0.0733162265092859
Smp_065210	0.102766948689394
Smp_065240	0.124401053767904
Smp_065290	0.0249405954875838
Smp_065370	0.0855914719229739
Smp_065420	0.00665932800156773
Smp_065470	0.0854473777363038
Smp_065530	0.57416810305198
Smp_065580	0.0261405166977901
Smp_065610	0.0234648334470512
Smp_065770	0.0373069248587641
Smp_065810	0.0845199594690571
Smp_065840	0.0723555459796542
Smp_065890	0.06359684201288
Smp_065980	0.0149013852327671
Smp_066050	0.0655228475834699
Smp_066200	0.0821739790136951
Smp_066260	0.0304611013559291
Smp_066330	0.0151079375070794
Smp_066340	0.0658405398820302
Smp_066410	0.0345302517396703
Smp_066430	0.0272514336878486
Smp_066480	0.0782417237957514
Smp_066520	0.367715867573794
Smp_066590	0.193652671315789
Smp_066610	0.1039549665421
Smp_066620	0.109921129740391
Smp_066630	0.0205978465151803
Smp_066670	0.0118208429331573
Smp_066730	0.105525337292571
Smp_066740	0.0719048390466537
Smp_066760	0.0277025314902863
Smp_066820	0.0331267126902746
Smp_066830	0.061361920737348
Smp_066890	0.159239518446568
Smp_066900	0.055331205286377
Smp_066930	0.041246802534712
Smp_066940	0.15933042699473
Smp_066950	0.0215491928080128
Smp_066960	0.0775141389441032
Smp_066970	0.170845581485123
Smp_066990	0.196749327529946
Smp_067000	0.0337155484027776
Smp_067010	0.032189457573593
Smp_067060	0.171913939432123
Smp_067090	0.154466695947051
Smp_067140	0.064363985756723
Smp_067250	0.0150250577896039
Smp_067260	0.0912017121037581
Smp_067280	0.0331743303188215
Smp_067400	0.0313017319246724
Smp_067420	0.033881601051909
Smp_067430	0.172171173409755
Smp_067480	0.0860753074552143
Smp_067490	0.0867662235414022
Smp_067510	0.115612983651627
Smp_067520	0.0938814826673027
Smp_067540	0.11114983170236
Smp_067580	0.0433819017609524
Smp_067590	0.0230195880634894
Smp_067780	0.079715241763844
Smp_067810	0.0240161194134933
Smp_067890	0.130759330061335
Smp_067900	0.0102678666576415
Smp_067930	0.0171937578858768
Smp_068000	0.104641530908768
Smp_068060	0.0740421362373065
Smp_068070	0.0125111208996793
Smp_068100	0.0190326164040286
Smp_068110	0.017982591553404
Smp_068120	0.013255822429651
Smp_068170	0.0112653012116916
Smp_068220	0.0491063529939631
Smp_068240	0.0823918281262112
Smp_068250	0.0176829954340089
Smp_068270	0.0521402045088974
Smp_068280	0.0313020179118643
Smp_068300	0.0603318999054997
Smp_068340	0.0585650357286571
Smp_068350	0.130982516969379
Smp_068420	0.133683582070936
Smp_068440	0.0454764486843928
Smp_068480	0.055230789864019
Smp_068500	0.151826554159522
Smp_068510	0.0300954001681214
Smp_068530	0.0813434455955719
Smp_068580	0.138377477578013
Smp_068680	0.0652460198631607
Smp_068710	0.146152188782124
Smp_068720	0.0692724756640642
Smp_068750	0.195330151420063
Smp_068760	0.0904385793397941
Smp_068840	0.0327350964778648
Smp_068920	0.029229882064391
Smp_068950	0.047358233612321
Smp_068960	0.0526309068146205
Smp_068990	0.0701761028469387
Smp_069120	0.368304827737924
Smp_069130	0.0375596822929659
Smp_069160	0.104917801860573
Smp_069170	0.023291139042316
Smp_069220	0.0294573967461587
Smp_069240	0.0459330560293439
Smp_069380	0.0467159109157181
Smp_069400	0.0739404867020202
Smp_069600	0.104456289239298
Smp_069720	0.0802401601671758
Smp_069760	0.020697363070251
Smp_069770	0.0727650118238063
Smp_069810	0.0225100507650998
Smp_069820	0.0163516047116023
Smp_069840	0.0632965920417668
Smp_069870	0.0231306066771738
Smp_069880	0.130075369447744
Smp_069890	0.10652556203235
Smp_069900	0.0481073861571694
Smp_069910	0.0185499985523346
Smp_069960	0.0383692581562794
Smp_070020	0.0475571113223076
Smp_070030	0.112536279825185
Smp_070100	0.209257743991153
Smp_070110	0.025617837392394
Smp_070130	0.15484204333332
Smp_070170	0.0677802679788744
Smp_070190	0.0337893072214401
Smp_070200	0.0191267769835072
Smp_070250	0.391887660250583
Smp_070310	0.0430182799575143
Smp_070330	0.104425593188541
Smp_070340	0.0511770647571856
Smp_070360	0.211313234781383
Smp_070370	0.432970822322458
Smp_070380	0.0901918029874515
Smp_070540	0.0459971730674299
Smp_070600	0.0537166567757061
Smp_070610	0.0963859607027049
Smp_070640	0.0300633569509195
Smp_070680	0.0136825736358968
Smp_070710	0.0433958986956714
Smp_070760	0.114615896014885
Smp_070770	0.128644039242579
Smp_070780	0.0848628675234037
Smp_070860	0.125404159642312
Smp_070930	0.0700919046540377
Smp_071000	0.16927736293095
Smp_071020	0.0221583076047976
Smp_071050	0.128598023104253
Smp_071140	0.0280062686038274
Smp_071150	0.0344328921612969
Smp_071250	0.113423737482351
Smp_071380	0.0201044073147716
Smp_071390	0.214604372392381
Smp_071470	0.0335370523617531
Smp_071540	0.0350521172638169
Smp_071550	0.0120346978157113
Smp_071560	0.0394678255829797
Smp_071570	0.0350402811366899
Smp_071590	0.237174622859036
Smp_071610	0.00677780666276709
Smp_071630	0.0172205878013521
Smp_071640	0.0281511651280986
Smp_071770	0.0286718023129022
Smp_071830	0.0270388384665421
Smp_071880	0.0186801004786116
Smp_071890	0.0512651390280817
Smp_071950	0.016132371588831
Smp_071960	0.0667084481025216
Smp_072080	0.117210675917743
Smp_072090	0.0313672898512671
Smp_072100	0.140578905117856
Smp_072110	0.0197852839673189
Smp_072140	0.086700535211845
Smp_072180	0.0102158510208827
Smp_072190	0.10265917438073
Smp_072210	0.0937834080584796
Smp_072320	0.0874422022394136
Smp_072330	0.074001805738771
Smp_072340	0.0395833785281255
Smp_072350	0.0508578718517253
Smp_072360	0.0289765574412046
Smp_072370	0.0334031804223955
Smp_072380	0.0957316556007468
Smp_072440	0.0242968391939308
Smp_072450	0.0927892175011714
Smp_072460	0.0354585995514015
Smp_072470	0.0594509690797347
Smp_072490	0.0408802020315644
Smp_072500	0.0878733604259745
Smp_072560	0.13211180655145
Smp_072630	1.21550479635264
Smp_072640	0.0105960792951753
Smp_072660	0.0542015889145514
Smp_072670	33.4681289877379
Smp_072720	0.0205819022501871
Smp_072740	0.0157787920244835
Smp_072790	0.0126989159256073
Smp_072800	0.106239514012564
Smp_072870	0.0175372733502082
Smp_072890	0.0528336329533732
Smp_072900	0.120635870902733
Smp_072950	0.147220002302098
Smp_072970	0.0253415005931088
Smp_072980	0.0437697447707386
Smp_072990	0.0433860333011786
Smp_073070	0.0968161547201987
Smp_073080	0.110170488366908
Smp_073140	0.121541260900953
Smp_073200	0.0461240962787934
Smp_073210	0.0222210111689185
Smp_073220	0.0123763364539887
Smp_073270	0.131327814658913
Smp_073280	0.0417098413793627
Smp_073290	0.0280804617526463
Smp_073300	0.0784111512981958
Smp_073340	0.0533976109455225
Smp_073390	0.0178297482951827
Smp_073400	0.0640691132739261
Smp_073410	0.0873016500951332
Smp_073470	0.0355396510035938
Smp_073490	0.0285277094782101
Smp_073500	0.0149796173014751
Smp_073510	0.0246413135564292
Smp_073540	0.158224193594163
Smp_073560	0.020209086451158
Smp_073570	0.1754823047985
Smp_073590	0.107609361091351
Smp_073600	0.057175654176981
Smp_073610	0.0402458067013399
Smp_073620	0.0950413379540106
Smp_073680	0.0539294602627912
Smp_073690	0.0479575787896173
Smp_073720	0.137488162696958
Smp_073790	0.115937307673233
Smp_073800	0.0192859116522491
Smp_073830	0.0389133152999358
Smp_073880	0.0722383888063536
Smp_073920	0.424275794461163
Smp_073940	0.0210947088669919
Smp_074000	0.0834461017774783
Smp_074010	0.0576896718693236
Smp_074020	0.0332922346930122
Smp_074040	0.0123096425580937
Smp_074050	0.0788353269936119
Smp_074070	0.0267566173269638
Smp_074080	0.0693010091053899
Smp_074140	0.0477792947291653
Smp_074150	0.102900264802851
Smp_074190	0.0847195986864684
Smp_074200	0.0209158369603289
Smp_074210	0.0411908801977306
Smp_074230	0.126162708099834
Smp_074260	0.0639505363302529
Smp_074280	0.187658997850893
Smp_074330	0.0861266361045132
Smp_074370	0.0139661456108895
Smp_074390	0.111890208614527
Smp_074400	0.0449296231940993
Smp_074410	0.0321981054567865
Smp_074450	0.159721568216113
Smp_074460	0.181002558664323
Smp_074470	0.187113109890571
Smp_074500	0.152601706869752
Smp_074510	0.0157980035067547
Smp_074560	0.13985446516135
Smp_074570	0.117097784597331
Smp_074590	0.111391584132443
Smp_074610	0.365125661991517
Smp_074700	0.156499023759441
Smp_074710	0.0526721523178013
Smp_074770	0.0258717000292148
Smp_074780	0.185532543270772
Smp_074830	0.0805658997500946
Smp_074870	0.0133212439854415
Smp_074880	0.0578220711453027
Smp_074900	0.0468375589839162
Smp_074930	0.0682051067452281
Smp_074940	0.0570047815545198
Smp_074950	0.113844367568586
Smp_074990	0.0464306528084297
Smp_075000	0.0274209872602753
Smp_075030	0.124231593865288
Smp_075040	0.161528387947498
Smp_075060	0.0740662410594772
Smp_075110	0.0576788352001215
Smp_075120	0.0328783364044569
Smp_075130	0.0382277340122861
Smp_075140	0.0674486627080359
Smp_075210	0.0578746990379138
Smp_075220	0.0787465665361816
Smp_075280	0.0722194213262016
Smp_075330	0.13285142466566
Smp_075350	0.0533964811627023
Smp_075360	0.0742652150363078
Smp_075370	0.108065955392609
Smp_075380	0.168944935387932
Smp_075400	0.15856447643699
Smp_075420	0.0809114241315219
Smp_075430	0.071266942509462
Smp_075440	0.0152919116179956
Smp_075470	0.0246636873858247
Smp_075500	0.12685793788108
Smp_075560	0.12622458343051
Smp_075640	0.0114282239711742
Smp_075770	0.0512035055864479
Smp_075800	0.80366257696616
Smp_075870	0.053099961126644
Smp_076010	0.131294846396048
Smp_076030	0.0504870584657805
Smp_076040	0.0130260695381046
Smp_076050	0.00921462419028216
Smp_076150	0.0368533563497993
Smp_076230	0.0532667122270248
Smp_076300	0.0514915165184749
Smp_076320	0.493874594424528
Smp_076370	0.0313092706539018
Smp_076390	0.181106573678476
Smp_076400	0.118900040699651
Smp_076450	0.0183612665447076
Smp_076520	0.01848650523053
Smp_076530	0.0475219951805776
Smp_076540	0.0442376639718413
Smp_076560	0.0187753212560536
Smp_076600	0.108517620444992
Smp_076630	0.0176812277530175
Smp_076650	0.0546514811016411
Smp_076660	0.0187493564705656
Smp_076740	0.194252352134485
Smp_076860	0.101862986998696
Smp_076880	0.0270559756154079
Smp_076910	0.00942950532804022
Smp_076930	0.202391120253442
Smp_076950	0.0108709760590201
Smp_076960	0.00996749097545809
Smp_076990	0.0141228256024114
Smp_077000	0.0226921689999301
Smp_077020	0.009689997739957
Smp_077030	0.0238316436305753
Smp_077070	0.108168008658106
Smp_077090	0.104542809956967
Smp_077120	0.0367955528454739
Smp_077180	0.092627077602916
Smp_077230	0.064011376232236
Smp_077280	0.10810816896818
Smp_077310	0.24192656261032
Smp_077390	0.201081216420943
Smp_077400	0.0311363751321671
Smp_077540	0.0221756458675356
Smp_077560	0.0246657016240793
Smp_077580	0.105817630510572
Smp_077590	0.0217030782759535
Smp_077670	0.0274974645821457
Smp_077720	0.102133120851512
Smp_077820	0.26687907873713
Smp_077850	0.0914218012149491
Smp_077860	0.170053777275499
Smp_077890	0.768951212002998
Smp_077980	0.0723989412332596
Smp_078040	0.041686393689348
Smp_078090	0.0725204557932082
Smp_078110	0.0423957880237368
Smp_078200	0.0938062692151398
Smp_078230	0.101023226199805
Smp_078240	0.0278045745480122
Smp_078270	0.033741031547417
Smp_078280	0.045362824643102
Smp_078310	0.0799217225267749
Smp_078320	0.105823633309401
Smp_078400	0.040336582939972
Smp_078490	0.159896614989544
Smp_078520	0.113495613245469
Smp_078540	0.0448221611662079
Smp_078550	0.0627458741448895
Smp_078560	0.0255995284428446
Smp_078570	0.0295716035192213
Smp_078590	0.164628004271111
Smp_078600	0.0180459593834476
Smp_078610	0.0514218380965878
Smp_078640	0.161414296761311
Smp_078690	0.0242639112284545
Smp_078700	0.0416871639334036
Smp_078710	0.0148143212405515
Smp_078720	0.814296226665188
Smp_078730	0.0129406863149699
Smp_078750	0.0253872560839905
Smp_078780	0.0330228027284147
Smp_078800	0.0725741383954364
Smp_078900	0.0477605484365464
Smp_078910	0.132396089400871
Smp_078920	0.183865973493546
Smp_078930	0.254637081448223
Smp_079000	0.101582092015025
Smp_079010	0.0407299529993776
Smp_079050	0.0485103243537567
Smp_079220	0.0975224191614547
Smp_079230	0.160580094001706
Smp_079240	0.0845689835991013
Smp_079260	0.181956151467887
Smp_079270	0.158799200111218
Smp_079310	0.125789596069017
Smp_079370	0.0912392442868327
Smp_079380	0.0985176961518674
Smp_079400	0.0321987489259898
Smp_079410	0.0389710168494549
Smp_079420	0.0329438399567371
Smp_079430	0.096666370187548
Smp_079490	0.0280587172488855
Smp_079560	1.18942274648056
Smp_079600	0.147517870500034
Smp_079640	0.0780567274697829
Smp_079650	0.0843255064996526
Smp_079700	0.0238341369522165
Smp_079710	0.183055024682467
Smp_079730	0.025530105399267
Smp_079740	0.00857134488418389
Smp_079750	0.113948195631617
Smp_079760	0.0128261026038512
Smp_079770	0.0235184785542537
Smp_079800	0.0243375262309459
Smp_079810	0.0513307252301677
Smp_079840	0.0743404839930011
Smp_079860	0.0236281154724835
Smp_079910	0.0363496471482909
Smp_079920	0.0309813938433193
Smp_079950	0.0423763501352453
Smp_079960	0.247741009586305
Smp_079970	0.187603932380461
Smp_080100	0.0498339449328448
Smp_080110	0.115558538642985
Smp_080130	0.0306907372833172
Smp_080150	0.0945209006434768
Smp_080180	0.012411825208731
Smp_080210	0.063477353094518
Smp_080280	0.0595259078507859
Smp_080320	0.21583307413937
Smp_080370	0.0972191974710204
Smp_080420	0.0265925066092796
Smp_080520	0.0965101910689373
Smp_080530	0.0580215206480812
Smp_080550	0.0172203183218715
Smp_080560	0.105259401381477
Smp_080610	0.0357334481793882
Smp_080620	0.0538455236966124
Smp_080700	0.0525592432543271
Smp_080730	0.0398352335370533
Smp_080840	0.0494341520915128
Smp_080850	0.0106105153659495
Smp_080870	0.0868038851360773
Smp_080920	0.124659275101174
Smp_080980	0.0702352732405122
Smp_081140	0.0538853346454321
Smp_081190	0.0481615388411508
Smp_081200	0.208189101521281
Smp_081250	0.0505251362036995
Smp_081260	0.00939964130911104
Smp_081380	0.0162622231135605
Smp_081420	0.0913434301679584
Smp_081430	0.0534839311447995
Smp_081450	0.010796514679048
Smp_081460	0.0751887815662012
Smp_081470	0.0838765740701446
Smp_081510	0.0176772725921595
Smp_081790	0.124868886492107
Smp_081820	0.0858464798169253
Smp_081900	0.184203852324563
Smp_082030	0.10621609339982
Smp_082050	0.0277136680334873
Smp_082240	0.192344496580185
Smp_082250	0.048524846412177
Smp_082280	0.0827355480277237
Smp_082290	0.0603315316111002
Smp_082300	0.0450700151037727
Smp_082360	0.0220894865247622
Smp_082370	0.0726390434915426
Smp_082410	0.22284309975356
Smp_082490	0.0412434046322541
Smp_082560	0.0104311024713305
Smp_082570	0.126033076558892
Smp_082620	0.0606345808102155
Smp_082660	0.0161781542700856
Smp_082670	0.0528717926664751
Smp_082710	0.0644421635498933
Smp_082740	0.0875652453060674
Smp_082780	0.0307072329479701
Smp_082790	0.0124638055819683
Smp_082800	0.00866901142849272
Smp_082810	0.108832472264306
Smp_082820	0.0123214282696805
Smp_082850	0.0133878415148826
Smp_082860	0.011329413057365
Smp_082940	0.124427208291382
Smp_083020	0.0140417674929642
Smp_083030	0.0708376684503353
Smp_083040	0.011988521846986
Smp_083080	0.0221766906596244
Smp_083120	0.0194563565280952
Smp_083130	0.0198364579191241
Smp_083150	0.0926203202509998
Smp_083180	0.0971709561553729
Smp_083200	0.0363559243672044
Smp_083240	0.140860559612248
Smp_083340	0.0965573263252277
Smp_083380	0.0104246919959354
Smp_083400	0.017788464939353
Smp_083410	0.0339198610624254
Smp_083450	0.0498166399815564
Smp_083480	0.0252410285284742
Smp_083540	0.0224254019132427
Smp_083650	0.0682455427121428
Smp_083680	0.0222322061070581
Smp_083710	0.0794369946469758
Smp_083720	0.0545096828853195
Smp_083730	0.0326693714482558
Smp_083740	0.0747532456581103
Smp_083770	0.0979498095354547
Smp_083780	0.0566339787670949
Smp_083790	0.0114699868897142
Smp_083800	0.316364582177844
Smp_083870	0.00714425145515477
Smp_083880	0.0881001428314202
Smp_083930	0.0446488154349988
Smp_083940	0.340790141916011
Smp_083950	4.02027624583002
Smp_083970	0.0933624149885308
Smp_083980	0.132886179927387
Smp_083990	0.048366274956059
Smp_084010	0.08808791570545
Smp_084060	0.075933042291854
Smp_084080	0.0107203372367548
Smp_084090	0.0839752600158724
Smp_084140	0.0184801045172473
Smp_084180	11.9836705319619
Smp_084270	0.181522041805468
Smp_084320	0.0461280977538428
Smp_084380	0.0139756163425681
Smp_084400	0.0190136232844771
Smp_084460	0.175904908437795
Smp_084520	0.0195790597005775
Smp_084540	0.0216227803494211
Smp_084600	0.0274558068970776
Smp_084610	0.0165637609769015
Smp_084620	0.0870148376820026
Smp_084740	0.031199987688264
Smp_084830	0.0145254985976059
Smp_084860	0.0519517479148184
Smp_084870	0.0435427297865116
Smp_084890	0.00747393990347604
Smp_084900	0.113480293965308
Smp_084910	0.0823730257071805
Smp_084940	0.00998834774601518
Smp_085010	0.107511411974955
Smp_085080	0.039321881652088
Smp_085110	0.0140368042714278
Smp_085150	0.0252750981442178
Smp_085180	0.191538441303024
Smp_085240	0.095801798897618
Smp_085290	0.0710901519853517
Smp_085300	0.10884327250964
Smp_085310	0.00998429172230239
Smp_085380	0.0391098335789714
Smp_085410	0.153492222687319
Smp_085480	0.0320481611882912
Smp_085490	0.0308981351818577
Smp_085500	0.0245394009878715
Smp_085520	0.0621727473601929
Smp_085530	0.0309726392022607
Smp_085540	0.121786590016352
Smp_085640	0.0286684254996991
Smp_085650	0.116527134444377
Smp_085680	0.0459186935963582
Smp_085690	0.186485051240061
Smp_085700	75
Smp_085740	0.0273981699089405
Smp_085750	0.0787078290016403
Smp_085780	0.0752487934490469
Smp_085790	0.0174791113155599
Smp_085830	0.0647863596824266
Smp_085840	0.133468901479707
Smp_085910	0.0622693714633385
Smp_086030	0.0596581486684957
Smp_086060	0.0590262988965684
Smp_086190	0.111896789847315
Smp_086210	0.0158066891074124
Smp_086220	0.0499767617033526
Smp_086270	0.0754035040690991
Smp_086330	0.0833822379277058
Smp_086450	0.0195836474388584
Smp_086460	0.0626369984083178
Smp_086470	0.278922440469202
Smp_086480	0.159574674951628
Smp_086530	0.350646075424389
Smp_086590	0.124228208091164
Smp_086630	0.175900220749806
Smp_086690	0.0173929683296455
Smp_086710	0.0320642092544332
Smp_086750	0.092649667042284
Smp_086760	0.0266817012346659
Smp_086830	0.0661322363972925
Smp_086860	0.174924730199093
Smp_086900	0.0825704437114722
Smp_086910	0.0470530071536419
Smp_086960	0.0990871455501985
Smp_087010	0.0272731171079203
Smp_087220	0.0493385345110042
Smp_087250	0.115157427269844
Smp_087270	0.0486864531623897
Smp_087320	0.910387391791919
Smp_087330	0.0812722921220837
Smp_087340	0.0138747970900266
Smp_087440	0.0170785499143006
Smp_087520	0.0313851674412161
Smp_087550	0.0775397939443225
Smp_087560	0.0856110613067392
Smp_087580	0.0317204839844742
Smp_087620	0.0389600342018984
Smp_087690	0.0359460684199894
Smp_087760	0.179597620375703
Smp_087810	0.0203091205408621
Smp_087820	2.13446553125483
Smp_087860	0.0241672663146175
Smp_087870	0.0336565790751033
Smp_087920	0.0114348582008935
Smp_087930	0.00581241765837964
Smp_087940	0.120570562897693
Smp_088090	0.298762047147042
Smp_088240	0.0625189055806933
Smp_088250	0.0182475963514605
Smp_088270	0.12465696563062
Smp_088310	0.051993239183791
Smp_088360	0.245759052105275
Smp_088390	0.0489486293700599
Smp_088420	0.188675450788402
Smp_088460	0.0662518689407399
Smp_088550	0.0798529950506731
Smp_088600	0.0713626569897728
Smp_088650	0.0719066825914789
Smp_088660	0.0122072067170894
Smp_088700	48.4472429562844
Smp_088720	0.527197481991737
Smp_088920	0.0730332546694327
Smp_088940	0.0307716907001438
Smp_088950	0.0197842298226901
Smp_088990	0.0252122147850003
Smp_089000	0.176031232316369
Smp_089050	0.104160649000071
Smp_089060	0.0107565573617313
Smp_089100	0.0076498877123244
Smp_089180	0.0374966336603408
Smp_089200	0.0953085135810446
Smp_089220	0.101296074568092
Smp_089230	0.0370618761455636
Smp_089240	0.0429316028805305
Smp_089290	0.0537288677119116
Smp_089320	0.135244208734176
Smp_089330	2.3121710004037
Smp_089370	4.03734212430869
Smp_089400	0.00784340128288137
Smp_089430	0.168104793631811
Smp_089460	0.0666875806214536
Smp_089570	0.2057651719516
Smp_089590	0.0147635315397163
Smp_089630	0.0251309830250087
Smp_089640	0.0873301658517423
Smp_089650	0.021359812464683
Smp_089670	0.0660167603206047
Smp_089700	0.046197517511646
Smp_089860	0.178786763289012
Smp_089870	0.163015453280223
Smp_089880	0.00647446721508489
Smp_089930	0.0390323412253119
Smp_090010	0.104233087947417
Smp_090030	0.0163641921982724
Smp_090070	0.0454837507126673
Smp_090080	0.0841100106167653
Smp_090090	0.247922919329317
Smp_090100	0.546021171268735
Smp_090110	0.327611450059735
Smp_090120	0.0622221315812956
Smp_090140	0.0568685131249836
Smp_090150	0.0590780413157425
Smp_090230	0.146174530488966
Smp_090240	0.0206156220923365
Smp_090440	0.0181932713983597
Smp_090450	0.063069139679953
Smp_090690	0.0273532571943318
Smp_090800	0.0308126936879585
Smp_090805	0.191361685888027
Smp_090860	0.00931042529161061
Smp_090890	0.0457879078805367
Smp_090920	0.085478682451983
Smp_090930	0.0601586350207199
Smp_090980	0.0687981546981383
Smp_091000	0.108956876167395
Smp_091010	0.0256321080391612
Smp_091170	0.115172932046555
Smp_091190	0.0271391463891788
Smp_091210	0.330070523657061
Smp_091230	0.229624061637131
Smp_091240	0.0423476558719368
Smp_091360	0.0175165008044949
Smp_091380	0.0194149709912568
Smp_091390	0.0598829477475722
Smp_091460	0.0403861678264083
Smp_091470	0.0400089977431717
Smp_091480	0.0965256187380006
Smp_091640	0.143523074563552
Smp_091650	0.0124765167909793
Smp_091730	0.0529005641833385
Smp_091740	0.0703935087786484
Smp_091750	0.020876564002858
Smp_091790	0.101369539893545
Smp_091820	0.0572213122742304
Smp_091840	0.0214984388820891
Smp_091850	0.0934072971999315
Smp_091950	0.762002275742158
Smp_091990	0.0143942858761569
Smp_092020	0.0585707078833969
Smp_092150	0.153331725831277
Smp_092170	0.0134777527785102
Smp_092180	0.0609731473607483
Smp_092280	0.101947590390053
Smp_092320	0.098978841087948
Smp_092380	0.11510075859488
Smp_092490	0.12633357360965
Smp_092500	0.0995590724824891
Smp_092530	0.0275719325179521
Smp_092570	0.0801328466878455
Smp_092580	0.490532110016283
Smp_092750	0.185703806925031
Smp_092770	0.0278361327623405
Smp_092780	0.0341058448421963
Smp_092810	0.0681427941713038
Smp_092850	0.0700634688152866
Smp_092880	0.0837511386596945
Smp_092930	0.0358357556988709
Smp_092950	0.0732557438732666
Smp_093070	0.373162968694081
Smp_093100	0.112845580472077
Smp_093210	0.0266201146295181
Smp_093220	0.0286314451605771
Smp_093230	0.00708300051121388
Smp_093280	0.0135454386516313
Smp_093310	0.0566873397436425
Smp_093320	0.226716956473283
Smp_093430	0.0720686890240291
Smp_093440	0.148134599576564
Smp_093450	0.0325956828862239
Smp_093540	0.0260554090688168
Smp_093580	0.0346557248504966
Smp_093620	0.0986171509448334
Smp_093630	0.0389800724112241
Smp_093690	0.0431807086837908
Smp_093700	0.0640787291483498
Smp_093710	0.0867328590231166
Smp_093720	0.161498238982095
Smp_093740	0.024331096417529
Smp_093750	0.0289670584053913
Smp_093780	2.66227904526005
Smp_093790	0.206452473515172
Smp_093800	0.0279271717347006
Smp_093820	0.0408088064188865
Smp_093830	0.108100351615703
Smp_093840	0.012718759354274
Smp_093850	0.0567373976285868
Smp_093920	0.0522814830571704
Smp_093930	0.0391226388087892
Smp_093950	0.0385654578044208
Smp_093980	0.114930565013919
Smp_094020	0.0314383527874766
Smp_094050	0.0130490453261082
Smp_094060	0.0171244114944972
Smp_094140	0.0445841251554238
Smp_094190	0.0467990106625171
Smp_094250	0.0514778312601795
Smp_094320	0.0625812073823747
Smp_094330	0.0296951511267085
Smp_094340	0.0200494095031993
Smp_094360	0.0794168709604954
Smp_094380	0.047810156845443
Smp_094390	0.153875281444531
Smp_094420	0.0106714304523894
Smp_094470	0.0641447135182115
Smp_094480	0.0224584615801908
Smp_094560	0.155282464227508
Smp_094630	0.051585131604245
Smp_094640	0.0207247852743019
Smp_094760	0.0264395493912035
Smp_094770	0.0335598567462016
Smp_094810	0.0579274515028295
Smp_094820	0.0411364242494373
Smp_094870	0.0633617115176237
Smp_094880	0.0115277057863038
Smp_09489	0.0354135890738286
Smp_094920	0.040812764082639
Smp_094930	0.206164973849587
Smp_094950	0.0418489303538085
Smp_094980	3.36473090603504
Smp_095010	0.0366666066906223
Smp_095130	0.0338188993827803
Smp_095140	0.0709699611827246
Smp_095150	0.0299284174253321
Smp_095190	0.0342037350120378
Smp_095290	0.140280355480241
Smp_095350	0.113271075773583
Smp_095360	0.0770051010157064
Smp_095400	0.284753825170224
Smp_095410	0.0199022163504646
Smp_095470	0.0338658341827909
Smp_095480	0.258362752533782
Smp_095520	0.323485198227582
Smp_095580	0.0368465508342965
Smp_095630	0.0397622124634432
Smp_095650	0.0383759396386029
Smp_095670	0.0414411487142324
Smp_095680	0.0179423924091493
Smp_095810	0.0156480997533083
Smp_095910	0.0183323113066635
Smp_095920	0.0221634300880657
Smp_095980	4.81236483654262
Smp_096000	0.132712084605278
Smp_096010	0.0395895246310059
Smp_096020	0.0113786722266452
Smp_096160	0.0513176551299268
Smp_096200	0.0369012785450506
Smp_096210	0.0186163344172696
Smp_096240	0.0973516771307314
Smp_096270	0.0384389166359215
Smp_096290	0.143182046200572
Smp_096310	0.0305829108420196
Smp_096320	0.0122903887970241
Smp_096360	0.0225765905158319
Smp_096390	0.325421773724657
Smp_096410	0.134077861569825
Smp_096450	0.0557394732688816
Smp_096480	0.0630000385525786
Smp_096520	0.0388936612170511
Smp_096640	0.0391579739902735
Smp_096720	0.0516916697602866
Smp_096750	0.158817118428668
Smp_096760	0.0780745643083093
Smp_096780	0.0649183453589679
Smp_096790	0.282047297884715
Smp_096900	0.0299564275621605
Smp_096910	0.050932043428186
Smp_097020	0.0281150608555825
Smp_097180	0.0197390258763863
Smp_097210	0.0149387735605896
Smp_097240	0.0291021238368907
Smp_097280	0.0382801429813739
Smp_097320	0.0287535390198696
Smp_097370	0.0541385758999712
Smp_097380	0.164454225663211
Smp_097460	0.0726485043618432
Smp_097490	0.182766722599162
Smp_097500	0.0671869777808945
Smp_097560	0.0919697266290387
Smp_097590	0.0442997561030666
Smp_097620	0.103960024960626
Smp_097660	0.039230860950381
Smp_097700	0.0223520819153979
Smp_097710	0.0237954937761263
Smp_097730	0.0131635352156978
Smp_097740	0.0583367533858612
Smp_097750	0.156566768586089
Smp_097790	0.0175492318587903
Smp_097800	0.0843973198866945
Smp_097810	0.014101436292972
Smp_097820	0.0302938519373348
Smp_097830	0.0727424235330698
Smp_097930	0.19808376755181
Smp_097940	0.0500360627915493
Smp_098090	0.0157082164177592
Smp_098300	0.0640783073939342
Smp_098320	0.0372938578796729
Smp_098330	0.140608762968184
Smp_098340	0.151544498038362
Smp_098420	1.49548325817893
Smp_098450	0.0241560261609135
Smp_098550	0.0633120744138652
Smp_098560	0.0470182020495716
Smp_098570	20.2310929512489
Smp_098650	0.0290705964184729
Smp_098740	0.173583631907411
Smp_098760	0.0616867151735379
Smp_098840	0.017692231402725
Smp_098850	0.0766290198276925
Smp_098890	0.0818791444080844
Smp_098920	0.017876912033957
Smp_098950	0.0239666266337813
Smp_098960	0.150617220152513
Smp_098980	0.0453999209329688
Smp_099030	0.0205089255324981
Smp_099090	0.173378949967977
Smp_099150	0.161197578282298
Smp_099160	0.0190691283421748
Smp_099170	0.0609923237217294
Smp_099210	0.0697561511034045
Smp_099240	0.0370130683982719
Smp_099300	0.127192737454075
Smp_099310	0.0253094259786171
Smp_099320	0.0808340064875663
Smp_099420	0.149832877047187
Smp_099440	0.129371841631468
Smp_099570	0.0297445876315518
Smp_099630	0.0228440882837185
Smp_099670	0.0576127260758748
Smp_099690	0.0664061226850223
Smp_099770	0.0972968238353853
Smp_099850	0.0101560258570858
Smp_099890	0.0974784663312299
Smp_099930	0.0206052389511927
Smp_100030	0.07338933571474
Smp_100040	0.103996468877213
Smp_100070	0.0181541209591278
Smp_100080	0.0314945333198054
Smp_100090	0.0653070267064509
Smp_100110	0.202754937986658
Smp_100120	0.00924589008449465
Smp_100130	0.0137746474859153
Smp_100140	0.213731145535697
Smp_100350	0.210752029765176
Smp_100380	0.0987539285888097
Smp_101230	0.156474909337903
Smp_101290	0.0112836665624116
Smp_101310	0.0113571807625837
Smp_101370	0.0258097595563249
Smp_101450	1.89235043706887
Smp_101820	0.0888902746755357
Smp_101840	1.80599085700581
Smp_101970	0.229403645401656
Smp_102000	49.2159883484111
Smp_102020	0.117626845055864
Smp_102040	0.026078695049672
Smp_102160	0.0215626246370441
Smp_102240	0.0375777273363556
Smp_102280	0.0411619996760036
Smp_102340	0.0210749564657889
Smp_102390	0.796647762752455
Smp_102400	0.135318010262131
Smp_102410	0.0143364624632456
Smp_102430	0.129516446184244
Smp_102450	0.0220801740950659
Smp_102480	0.0968434876017947
Smp_102490	0.0600588399944139
Smp_102510	0.167373111265778
Smp_102690	0.0259966159838922
Smp_102780	0.173979826914278
Smp_102810	0.0221644562901339
Smp_102820	0.0978459662652831
Smp_102840	0.0669004861140348
Smp_102920	0.0195446428015489
Smp_102960	0.0175462459139263
Smp_103010	0.0732475922826602
Smp_103090	0.0529237184622567
Smp_103100	0.0557364855536068
Smp_103140	0.036198932388005
Smp_103160	0.0383825909343806
Smp_103200	0.0279444574426877
Smp_103280	0.0718316927423895
Smp_103320	0.0316507302361835
Smp_103330	3.27724887332817
Smp_103340	0.0573021905928761
Smp_103380	0.113928263827404
Smp_103460	0.0629426846244244
Smp_103470	0.127458510972947
Smp_103530	0.0156563261003654
Smp_103540	0.0343461223072957
Smp_103560	0.0545224292784813
Smp_103570	0.0187978166970656
Smp_103610	0.488641321130441
Smp_103710	0.120585334665811
Smp_103740	0.0308566300296033
Smp_103790	0.452629220456925
Smp_103810	0.0260663268977461
Smp_103830	0.140553034261554
Smp_103920	0.0431921574204426
Smp_103930	0.0471925665497214
Smp_103950	0.0226709677309366
Smp_103990	0.0310068401103952
Smp_104000	0.124855057111806
Smp_104030	0.056776385574779
Smp_104110	0.0598124996149983
Smp_104120	0.0912487283948985
Smp_104210	0.151630803249035
Smp_104270	0.0332533830664355
Smp_104310	0.0310460902141044
Smp_104330	0.0296531138357839
Smp_104370	0.0799935542889334
Smp_104450	0.0508901344347241
Smp_104470	0.0172670413525615
Smp_104500	0.0316463788410977
Smp_104520	0.0138229174132134
Smp_104580	0.122038257412033
Smp_104600	0.0222791195955569
Smp_104630	0.0209407820827734
Smp_104660	0.146830564640652
Smp_104670	0.0289790745033601
Smp_104680	0.0738931221074892
Smp_104710	0.0706184663242313
Smp_104720	0.0404492692268555
Smp_104730	0.118035998939843
Smp_104790	0.180349378965889
Smp_104860	0.0737640933455178
Smp_104870	0.0237157165168781
Smp_104890	0.180738339758729
Smp_104960	0.0349324596615877
Smp_104970	0.0397177573939745
Smp_104980	0.0592145999839239
Smp_105020	0.0598804779552111
Smp_105040	0.0548696266900814
Smp_105090	0.0731413779416928
Smp_105100	0.148125393773666
Smp_105180	0.0402225955171196
Smp_105200	0.0264045275946468
Smp_105210	0.0252721917393861
Smp_105220	0.0451386518781811
Smp_105320	0.215310417645729
Smp_105330	0.0248923952010621
Smp_105340	0.0560019585739303
Smp_105360	0.0767624041692289
Smp_105370	0.06612064577051
Smp_105410	0.108286970229797
Smp_105420	0.356346252102503
Smp_105450	0.281640044771331
Smp_105480	0.0572011951933197
Smp_105540	0.0681431543776613
Smp_105680	0.0274973364348658
Smp_105690	0.0510164623124634
Smp_105700	0.0817926310150552
Smp_105710	0.0953259580307245
Smp_105730	5.99020184727546
Smp_105780	0.318659536144258
Smp_105860	0.0523506755816133
Smp_105910	0.122020270541777
Smp_105930	0.0792286769189798
Smp_105950	0.159340837630388
Smp_105960	0.0411371140224909
Smp_105970	0.0260455841867827
Smp_106010	0.301839958390136
Smp_106050	0.185271935416496
Smp_106060	0.0444068316262433
Smp_106080	0.0230134213260771
Smp_106110	0.13980398995864
Smp_106130	0.0628899622465871
Smp_106390	0.0966658752765495
Smp_106750	0.729597165916851
Smp_106970	0.0495605230981526
Smp_107200	0.0422088983296022
Smp_107590	2.32856672972283
Smp_108390	0.157575185910599
Smp_108610	1.68829691737022
Smp_109240	0.287443802124634
Smp_110280	0.12264236933119
Smp_111340	0.16418082497365
Smp_111980	0.073341002188579
Smp_112110	13.885914175385
Smp_112450	1.23430954704237
Smp_112480	0.149180229476727
Smp_112930	0.728722413542052
Smp_113620	0.166468304893877
Smp_113630	0.0627933978538761
Smp_113740	0.09918508643392
Smp_114160	0.0505170974155374
Smp_114430	0.0614832684325601
Smp_114435	0.123187218536076
Smp_114565	0.0836100819783057
Smp_114660	0.195991792597126
Smp_114870	0.650796728116456
Smp_115290	0.0550714682632116
Smp_115340	0.0931990696293397
Smp_115450	0.0873117244875613
Smp_116360	0.0727252796481643
Smp_117340	0.112918265081702
Smp_117390	0.0925778147177846
Smp_118040	0.0380830895686284
Smp_118220	0.108008222810513
Smp_118710	0.663830785338649
Smp_118750	0.166947908220139
Smp_118780	0.0355378906276753
Smp_118830	0.0371851505968999
Smp_119110	0.0712993216859688
Smp_119310	0.022091749666354
Smp_119920	0.169444802607406
Smp_119980	0.00971838113604199
Smp_120020	0.47373090540761
Smp_120070	0.190855359613195
Smp_120080	0.01941434485921
Smp_120320	0.0546683966310362
Smp_120350	0.0381370368900458
Smp_120360	0.051387660700862
Smp_120380	0.108079944867546
Smp_120640	0.0347225028183628
Smp_120670	2.75882068702323
Smp_120700	0.0719860834816554
Smp_120920	0.0361433105957715
Smp_120960	0.118206211705239
Smp_121130	0.0744789405544625
Smp_121140	0.0331947991713963
Smp_121160	0.0182169406014115
Smp_121190	0.0529063426806605
Smp_121230	0.241643338162577
Smp_121320	0.128378744843323
Smp_121390	0.0718654067783286
Smp_121420	0.0138786968275815
Smp_121430	0.122343091734549
Smp_121460	0.0168354128531042
Smp_121580	0.0629947815186268
Smp_121600	0.19402165432424
Smp_121610	0.0248529752141928
Smp_121640	0.0121981081678131
Smp_121660	0.043347471778944
Smp_121780	0.0321553404378511
Smp_121790	0.0844903461925188
Smp_121800	0.0300953706570988
Smp_121810	0.020886639837297
Smp_121920	0.0373882338569206
Smp_121930	0.0735811796871232
Smp_121940	0.0560440021917539
Smp_121950	0.121075838067528
Smp_121990	0.0126140754718515
Smp_122020	0.113798243527844
Smp_122030	0.0275754631380498
Smp_122050	0.0592781787673431
Smp_122170	2.35298721818778
Smp_122190	75
Smp_122280	10.1356805393898
Smp_122340	0.0542989766063347
Smp_122370	0.0897577202689682
Smp_122490	0.127237669753656
Smp_122500	0.0366157350517286
Smp_122630	75
Smp_122680	0.0480560483383019
Smp_122730	0.0346662437875808
Smp_122780	0.0524117055523309
Smp_122790	0.0321798353903877
Smp_122800	0.141696895646991
Smp_122810	0.0479670740944572
Smp_122820	0.189902366551433
Smp_122840	0.0194177449407011
Smp_122890	0.0522165157725895
Smp_122900	0.0155220924338763
Smp_122910	0.0596762928334961
Smp_122920	0.049139990332153
Smp_122930	0.0199294296178378
Smp_122940	0.0222432734275056
Smp_122950	0.0289999051175874
Smp_122960	0.0176813979905369
Smp_122980	0.0636402582884846
Smp_123000	0.121795281412847
Smp_123010	0.104958658233084
Smp_123020	0.0593490271589649
Smp_123030	0.025094804777695
Smp_123040	0.0456146279484254
Smp_123050	0.0275322599668523
Smp_123060	0.0631077635021798
Smp_123070	0.12256290496684
Smp_123090	0.264995418541345
Smp_123100	0.212046331612893
Smp_123120	0.0769978781224128
Smp_123130	0.0197344126673625
Smp_123165	0.0106480691521055
Smp_123180	0.0170428944794057
Smp_123190	0.173494477246429
Smp_123200	1.04070200050762
Smp_123210	0.00904282718855149
Smp_123220	0.324842794193139
Smp_123230	0.0831788079158648
Smp_123240	0.15571125957126
Smp_123260	0.049558155659388
Smp_123270	0.161119267182865
Smp_123280	0.0154738885664081
Smp_123290	0.0276050846849082
Smp_123300	0.0812834625864335
Smp_123320	0.0312170698214321
Smp_123330	0.0174271983497763
Smp_123340	0.0140931582214286
Smp_123360	0.043197345026976
Smp_123370	0.03052374444838
Smp_123390	0.0240421654504344
Smp_123410	0.00889274320595892
Smp_123440	0.030166745120325
Smp_123450	0.0324660845072301
Smp_123470	0.522857460125989
Smp_123480	0.0295424554074235
Smp_123490	0.0181307979389984
Smp_123500	0.0452708792630323
Smp_123510	0.0443977385550989
Smp_123520	0.0317771045656296
Smp_123530	0.018921788279249
Smp_123540	0.924159769218264
Smp_123550	1.59730984318677
Smp_123570	0.0152992159338476
Smp_123590	0.0937172393979018
Smp_123600	0.0278071263082746
Smp_123610	0.0546054732036994
Smp_123620	0.0349199515685165
Smp_123630	0.077647360529221
Smp_123640	0.0283706017812642
Smp_123670	0.018893608749245
Smp_123690	0.0336021142316024
Smp_123710	0.068743056778259
Smp_123720	0.0560395790742407
Smp_123810	0.0751645164936206
Smp_123820	0.04404095244109
Smp_123830	0.160381823638946
Smp_123840	0.0748878265154644
Smp_123860	0.0852966921376566
Smp_123870	0.0408773971450378
Smp_123910	0.133578424703881
Smp_123920	0.491692489283558
Smp_123940	0.0425860870453916
Smp_124000	0.144920092025415
Smp_124010	0.028293676137227
Smp_124020	0.0228315772661792
Smp_124030	0.0141882007699656
Smp_124050	0.138917068071691
Smp_124060	0.0941768537280478
Smp_124070	0.108169075709817
Smp_124080	0.136726971190464
Smp_124100	0.0589825337646957
Smp_124110	0.0362207114972701
Smp_124120	0.0346830681275415
Smp_124130	0.0390401461561667
Smp_124160	0.0736745003642123
Smp_124210	0.0570117733723112
Smp_124230	0.0140053342545174
Smp_124240	0.108756295912983
Smp_124280	0.0905226011281462
Smp_124290	0.20005692271421
Smp_124300	0.0351193139141791
Smp_124320	0.0125320395579269
Smp_124340	0.148703927396422
Smp_124350	0.0457850792519335
Smp_124380	0.270745886103657
Smp_124390	0.0162206126085529
Smp_124420	7.88472917213911
Smp_124430	0.0170102935035607
Smp_124440	0.0302193602068142
Smp_124450	0.0261732557650905
Smp_124460	0.0311715872988077
Smp_124470	0.201324275498436
Smp_124490	0.0203616510876927
Smp_124510	0.386647978709591
Smp_124520	0.0989820942886575
Smp_124590	0.0334553956014468
Smp_124600	0.0494126366723145
Smp_124650	0.0468519006029783
Smp_124660	0.0546974613719512
Smp_124700	0.0566096795747763
Smp_124710	0.0629924958379689
Smp_124720	0.0309285462996398
Smp_124740	0.0612000013885817
Smp_124750	0.135342534546511
Smp_124760	0.0800604217707253
Smp_124770	0.0483770231729834
Smp_124820	0.0610683407132728
Smp_124840	0.0212193316274716
Smp_124850	0.0404904254245891
Smp_124860	0.0222487085757594
Smp_124890	0.115662552641214
Smp_124920	0.0253438071885917
Smp_124940	0.0238374209633943
Smp_124980	0.0951127890258527
Smp_125020	0.305927239927826
Smp_125040	0.0847501304467198
Smp_125050	0.145190422714121
Smp_125070	0.0547337226453165
Smp_125080	0.0880878118942535
Smp_125130	0.109146595934371
Smp_125150	0.159191116542147
Smp_125160	0.0722657706477167
Smp_125200	0.114939841993931
Smp_125210	0.27826618124426
Smp_125250	0.325848174429759
Smp_125260	0.02384866526728
Smp_125270	0.0620082317513705
Smp_125280	0.0497059577490651
Smp_125290	0.0787585602855808
Smp_125300	0.0229699960213627
Smp_125320	0.154540026342433
Smp_125340	0.104880829475848
Smp_125350	0.100038031498592
Smp_125360	0.0103581207710807
Smp_125370	0.0997039843711469
Smp_125390	75
Smp_125400	0.173791836807197
Smp_125420	0.02668908062253
Smp_125440	0.0684247584749854
Smp_125450	0.145506256500849
Smp_125460	0.00960263653174711
Smp_125480	0.100391067887689
Smp_125490	0.0347020689296006
Smp_125500	0.018007470373974
Smp_125510	0.0494069182911651
Smp_125520	0.0258225133714779
Smp_125550	0.0625863063325303
Smp_125560	0.11418791988417
Smp_125600	0.0523769308348283
Smp_125630	0.0889891890820279
Smp_125640	0.0673567200209501
Smp_125650	0.0362692550752049
Smp_125660	0.123281712078983
Smp_125670	0.0215541722879111
Smp_125730	0.0267924730119264
Smp_125740	0.146762669066566
Smp_125760	0.0531061942042312
Smp_125770	0.0654567534252995
Smp_125780	0.0201573306745584
Smp_125790	0.0526567204058418
Smp_125800	0.0113238067848659
Smp_125810	0.0669743127223426
Smp_125820	0.0169068374887191
Smp_125870	0.0408096785575187
Smp_125890	0.0324235643893374
Smp_125900	0.0368268415456993
Smp_125930	0.0943144200185833
Smp_125940	0.0950960536523618
Smp_125960	0.132658683530443
Smp_125980	0.108138818002498
Smp_126000	0.0739066431569262
Smp_126020	0.0245777953476619
Smp_126030	0.0213776655124934
Smp_126050	0.0898951527386354
Smp_126070	0.189556704310031
Smp_126080	0.0418855918650801
Smp_126110	0.0204133692135201
Smp_126140	0.0371168722082421
Smp_126170	0.0304142420386585
Smp_126200	0.01110694390854
Smp_126210	0.207966520194517
Smp_126220	0.252229879108535
Smp_126230	0.0923056891873205
Smp_126240	0.109923346593795
Smp_126260	0.0360256904501036
Smp_126290	0.107499397604136
Smp_126300	0.0292658128899509
Smp_126310	0.0199676646344131
Smp_126360	0.0618903669359208
Smp_126370	0.131489190641954
Smp_126420	0.0446453067574331
Smp_126450	0.0191150982844685
Smp_126460	0.0268526404283775
Smp_126470	0.144090431964609
Smp_126480	0.0213990307447565
Smp_126490	0.0343692323860973
Smp_126520	0.0147176988199795
Smp_126530	0.116244681824937
Smp_126540	0.0393509864311895
Smp_126560	0.104965755586165
Smp_126580	0.424844984132506
Smp_126620	0.0232665171699527
Smp_126640	0.0426914482261488
Smp_126670	0.0301971756706313
Smp_126680	0.196139172778265
Smp_126690	0.0377725113297368
Smp_126720	0.0104292424760633
Smp_126730	0.0478064833914971
Smp_126740	0.0244868976880791
Smp_126750	0.148125388313838
Smp_126760	0.050402968153752
Smp_126770	0.0100797133199004
Smp_126800	0.023280216131696
Smp_126820	0.185335811382205
Smp_126840	0.0297765121903606
Smp_126850	0.0846867319671014
Smp_126860	0.109909710396922
Smp_126910	0.0603513021535202
Smp_126920	0.030348726227982
Smp_126970	0.134617355749442
Smp_126990	0.10014921597471
Smp_127010	0.0855107892320968
Smp_127030	0.0621607030814156
Smp_127050	0.0482858138807466
Smp_127060	0.0894430883531698
Smp_127080	0.101975485243471
Smp_127110	0.0128186253543553
Smp_127120	0.0276168366979694
Smp_127130	0.524641768795491
Smp_127140	0.0627752510344949
Smp_127160	0.0132067106428865
Smp_127180	0.132284394225011
Smp_127190	0.0412132264153302
Smp_127200	0.0906324165066863
Smp_127220	0.103183281398994
Smp_127240	0.102770292178936
Smp_127270	0.17749270668921
Smp_127280	0.0473707573062633
Smp_127310	0.0269602279384985
Smp_127360	0.263186590333757
Smp_127370	0.151043398068131
Smp_127380	0.0462165399355534
Smp_127430	0.0285481141701836
Smp_127440	0.0284153489017154
Smp_127450	0.0668953864948011
Smp_127460	0.058017035529621
Smp_127470	0.0748562824724254
Smp_127480	0.0822110733244115
Smp_127490	0.191688779280895
Smp_127500	0.0807876404683102
Smp_127520	0.0198168362066084
Smp_127580	0.0315306540110181
Smp_127600	0.0116127589918492
Smp_127620	0.0953052962696146
Smp_127640	0.924200635960009
Smp_127650	0.0199021458865753
Smp_127660	0.0303392485900653
Smp_127670	0.0442822966717047
Smp_127680	0.0660304610033575
Smp_127690	0.0807550723891699
Smp_127700	0.0300706181548137
Smp_127710	0.0622000601205701
Smp_127740	0.067033675470539
Smp_127750	0.0362737995202901
Smp_127770	0.10860226617371
Smp_127810	0.0547927351682649
Smp_127820	0.0942391433256969
Smp_127830	0.0163928572878802
Smp_127840	0.0290096276569539
Smp_127860	0.111442060329321
Smp_127870	0.0509538982005437
Smp_127890	0.0127078022752107
Smp_127920	0.0281192000489121
Smp_127930	0.11161982237703
Smp_127940	0.06076954073773
Smp_127990	0.110121921705887
Smp_128000	0.0690301665294968
Smp_128010	0.105929326337336
Smp_128050	0.0622867318386951
Smp_128060	0.0572559889231853
Smp_128070	0.0445035320874059
Smp_128110	0.112570973578011
Smp_128120	0.108008548739535
Smp_128130	0.0189351183785413
Smp_128150	0.0311739606240507
Smp_128160	0.042811743175993
Smp_128170	0.0120838679809952
Smp_128190	0.11970233888163
Smp_128200	0.0764353119892115
Smp_128210	0.116250051616011
Smp_128220	0.0788892260430172
Smp_128230	0.0267861187434104
Smp_128280	0.00808812654265098
Smp_128330	0.130581323063891
Smp_128340	0.470200854996449
Smp_128350	0.0725661191586225
Smp_128360	0.0216441778039829
Smp_128370	0.0599182088233788
Smp_128390	7.95430565528536
Smp_128420	0.05505116353276
Smp_128430	0.238555578153849
Smp_128440	0.117672888727047
Smp_128480	0.0387333798387394
Smp_128510	13.1981097259273
Smp_128520	0.320540008045754
Smp_128530	0.0795072249332899
Smp_128560	5.5390579512407
Smp_128570	0.016486989026725
Smp_128600	0.0625790783620993
Smp_128610	0.152247004977728
Smp_128630	0.0228721851782107
Smp_128650	0.035428464968481
Smp_128660	0.0852729291377995
Smp_128680	0.012502430249575
Smp_128690	0.0282130914140576
Smp_128710	0.0884046933655974
Smp_128750	0.0618966425823292
Smp_128760	0.0670231457834167
Smp_128770	0.0350010572935075
Smp_128790	0.0916230688749069
Smp_128810	0.0121689135247474
Smp_128840	0.137191523164466
Smp_128860	0.069939053686145
Smp_128870	0.0984771269038724
Smp_128890	0.0928588546205531
Smp_128910	70.5856749876436
Smp_128920	0.0738402875282925
Smp_128940	0.0675117274067093
Smp_128950	0.0773843125386141
Smp_128960	0.0333431167439963
Smp_128990	0.108839062472911
Smp_129000	0.0859208855074318
Smp_129010	0.0813428554894445
Smp_129020	0.0514575534967634
Smp_129050	0.0154924727462097
Smp_129060	0.0679302551044557
Smp_129070	0.0248026833323912
Smp_129080	0.170632246463904
Smp_129090	0.119146483938587
Smp_129100	0.026317968368271
Smp_129110	0.0615970903692189
Smp_129120	0.0101780598944129
Smp_129130	0.0793778828092463
Smp_129210	0.0191382858737578
Smp_129230	0.060602460489434
Smp_129240	0.0385412184476095
Smp_129250	0.0871591232855685
Smp_129260	0.0311399507525406
Smp_129310	0.0304608285582408
Smp_129320	0.0581763473752711
Smp_129340	0.0175400073969191
Smp_129360	0.0128951604783704
Smp_129380	0.0538926944444921
Smp_129410	0.0551177014123172
Smp_129420	0.123421101130193
Smp_129430	0.0282151973871126
Smp_129450	0.0902052576291746
Smp_129500	0.0903221029766338
Smp_129510	0.0403510302550292
Smp_129520	0.0441389684298459
Smp_129550	0.0677360581604468
Smp_129560	0.0430953577076444
Smp_129580	0.0753305920213107
Smp_129590	0.0736297390120868
Smp_129610	0.131308950267502
Smp_129630	0.0232596251261282
Smp_129640	0.0504476759049553
Smp_129650	0.0479757875258007
Smp_129670	0.039278047425521
Smp_129700	0.299381923974112
Smp_129710	0.100758875641015
Smp_129720	0.0243090183548648
Smp_129750	0.90608284881422
Smp_129760	0.185971987783261
Smp_129770	0.0331913062405348
Smp_129810	0.0825816943183122
Smp_129820	0.0507162416747143
Smp_129830	0.0436209552762254
Smp_129840	0.0890157044511978
Smp_129870	0.0576054414532185
Smp_129900	0.0435696223387247
Smp_129920	0.173669767808867
Smp_129950	0.0641321959811983
Smp_129960	0.279635770208026
Smp_129970	0.0144683264986537
Smp_129980	0.0315209030181655
Smp_129990	0.0502171908880117
Smp_130000	0.0262967084255774
Smp_130020	0.0664970178394512
Smp_130030	0.0314416073669327
Smp_130050	0.171844068712167
Smp_130070	0.0331185161632154
Smp_130080	0.0296942123908393
Smp_130100	0.576973093630019
Smp_130110	0.0371699623952061
Smp_130160	0.110863766056087
Smp_130170	0.146026820052228
Smp_130180	0.0515043913524232
Smp_130200	0.0479394794757097
Smp_130220	0.040355357891224
Smp_130230	0.0248186513801557
Smp_130250	0.140778384004733
Smp_130260	0.0519498059161762
Smp_130270	0.0127611532791769
Smp_130280	0.0508395864127168
Smp_130300	0.0637769156285875
Smp_130330	0.0243452220680476
Smp_130340	0.0464938646821209
Smp_130370	0.0665858877463444
Smp_130410	0.0293333895225056
Smp_130430	0.129577017782471
Smp_130440	0.0522198267060113
Smp_130450	0.391185029615337
Smp_130460	0.0201002573374098
Smp_130470	0.116561122738813
Smp_130480	0.00862857442598327
Smp_130490	0.168867771257706
Smp_130500	0.124954062427552
Smp_130520	0.0240411679502203
Smp_130540	0.0224866358366432
Smp_130580	0.0385472404504728
Smp_130590	0.0215705150605063
Smp_130600	0.0219130925431603
Smp_130610	0.0425325792020374
Smp_130620	0.0972243376396345
Smp_130630	0.111138244533203
Smp_130660	0.0471709776513242
Smp_130680	0.0207230002020078
Smp_130690	0.0408065754356302
Smp_130730	0.442369063201891
Smp_130750	0.0552012589915189
Smp_130760	0.0938644659837636
Smp_130780	0.210808632656823
Smp_130790	0.0133956775728195
Smp_130800	0.0337733476677549
Smp_130810	0.0952723664243827
Smp_130840	0.0113044541118108
Smp_130850	0.158452332254346
Smp_130890	0.076097725356764
Smp_130900	0.0503724103023499
Smp_130910	0.0842511922939863
Smp_130940	0.135870129622998
Smp_130950	0.067866081351552
Smp_130960	0.153139602589601
Smp_130980	0.0100449717374045
Smp_131000	0.0316390836552019
Smp_131020	0.063910006367224
Smp_131030	0.027357691331948
Smp_131050	0.0648127351678536
Smp_131060	0.161065247875175
Smp_131070	0.0413353412016101
Smp_131080	0.0605322000053719
Smp_131100	0.0171952692614066
Smp_131150	0.0318135851118652
Smp_131160	0.083138155742789
Smp_131170	6.40722034623396
Smp_131220	0.0633507779936827
Smp_131230	0.0474891827952483
Smp_131250	0.0186500925490227
Smp_131290	0.0765356761812855
Smp_131320	0.116643446453465
Smp_131350	0.0561073175255203
Smp_131360	0.0141449140331113
Smp_131370	0.785602373041866
Smp_131380	0.128875925759847
Smp_131390	0.0665427728201029
Smp_131400	0.0206617181500289
Smp_131410	0.0995842284782744
Smp_131460	0.0334656635275104
Smp_131470	0.0600272817142408
Smp_131490	0.27611178595819
Smp_131580	0.0401522711162976
Smp_131600	0.0437327135416605
Smp_131620	0.116600004678365
Smp_131630	0.0951136359620339
Smp_131640	0.083104604403362
Smp_131650	0.089405940115037
Smp_131660	0.0674345722055139
Smp_131680	0.0222824861875764
Smp_131690	0.0365244850394024
Smp_131700	0.0410375513032715
Smp_131770	0.0283473953379218
Smp_131790	0.0876742399610281
Smp_131800	0.0303372169339237
Smp_131810	0.0400689984508766
Smp_131840	0.192557502283279
Smp_131870	0.028091840592555
Smp_131890	0.0816766004549036
Smp_131940	0.060689124656367
Smp_131950	0.00864887890902272
Smp_131970	0.064386328206766
Smp_131980	0.12842124604566
Smp_131990	0.04070440501697
Smp_132000	0.0783598137853173
Smp_132010	0.137775419047539
Smp_132020	0.028761689186452
Smp_132030	0.153859006939403
Smp_132050	0.063404056411349
Smp_132060	0.291538552801564
Smp_132080	0.0601856408159322
Smp_132090	0.0272722991461837
Smp_132120	0.043842698904131
Smp_132170	0.0492420574889144
Smp_132180	0.0819025223699165
Smp_132200	0.021481018348835
Smp_132210	0.056902260381111
Smp_132230	0.058926029774593
Smp_132240	0.0173470997665363
Smp_132250	0.0908684559108091
Smp_132260	0.0337532756577511
Smp_132270	0.0815196000981616
Smp_132280	0.087310054172079
Smp_132300	0.0562688347564334
Smp_132320	0.0584664094186258
Smp_132330	0.03755961394798
Smp_132350	0.0275368179363063
Smp_132410	0.0773187835918999
Smp_132450	0.0160830652693098
Smp_132470	0.0755752400750291
Smp_132480	0.208294202064894
Smp_132540	0.0536499639282652
Smp_132550	0.0310569259574659
Smp_132590	0.0407540847881393
Smp_132610	0.0684858849303839
Smp_132620	0.0230590054570009
Smp_132640	0.0587143533825069
Smp_132660	0.10460236619801
Smp_132670	0.0709388246992665
Smp_132690	0.0114780336610148
Smp_132700	0.0761298972372802
Smp_132730	0.0906153938728293
Smp_132740	0.0611802143518077
Smp_132750	0.45743901967867
Smp_132790	0.258495918756397
Smp_132800	0.183973034591899
Smp_132810	0.301772418784804
Smp_132830	0.174463324792739
Smp_132850	0.0312800255233241
Smp_132870	0.0253918381579286
Smp_132900	0.0980920783597663
Smp_132930	0.109003093445296
Smp_132940	0.0127679859380577
Smp_133020	0.0113517257772535
Smp_133030	0.068081653035039
Smp_133050	0.0175702867163622
Smp_133080	0.119112956578846
Smp_133090	0.212084186477408
Smp_133110	0.024809321261596
Smp_133120	0.0418122606325571
Smp_133150	0.0200366378614566
Smp_133170	0.0986656719521915
Smp_133210	0.468596327785605
Smp_133250	0.0365785920523336
Smp_133260	0.260020369912308
Smp_133270	0.0128385490190685
Smp_133280	0.0240219439737806
Smp_133300	0.0448333440867587
Smp_133310	0.0267050665922352
Smp_133330	0.0467810684561307
Smp_133340	0.179905217576471
Smp_133350	0.0581273836074661
Smp_133370	0.0659273342039379
Smp_133380	0.0172536324504136
Smp_133400	0.233355623125205
Smp_133420	0.0530752659273065
Smp_133450	0.00996557792464381
Smp_133470	0.0359123805715392
Smp_133490	0.089816704408684
Smp_133530	0.0418608561576594
Smp_133580	0.0871308396769889
Smp_133590	0.0348237706729692
Smp_133600	0.0367130481464739
Smp_133620	0.0407645058070101
Smp_133660	0.0512574490490017
Smp_133690	0.0582750694415097
Smp_133700	0.0194906107135343
Smp_133710	0.0599858478582099
Smp_133720	0.13294580470635
Smp_133740	0.063513007566241
Smp_133770	0.330451397716716
Smp_133790	0.0516748499000794
Smp_133800	0.087974637885377
Smp_133820	0.00861737613117851
Smp_133830	0.125948318017285
Smp_133850	0.163874433795843
Smp_133860	0.0999547034279942
Smp_133890	1.52423322749409
Smp_133900	0.297032024037649
Smp_133940	0.0281333480381425
Smp_133950	0.0833729806981717
Smp_133990	0.136536993518412
Smp_134010	0.0208697559730681
Smp_134020	0.0526508576376458
Smp_134040	0.0705761133615262
Smp_134050	0.0554620355040107
Smp_134060	0.0348809133145571
Smp_134080	0.0290594037787347
Smp_134090	0.048599721059115
Smp_134100	0.148629530392957
Smp_134140	0.0362440115668557
Smp_134160	0.0434721766519776
Smp_134230	0.0435154175848777
Smp_134250	0.0234196105554855
Smp_134260	0.0515699856395102
Smp_134290	0.0376457983642896
Smp_134300	0.0215701362602004
Smp_134350	0.139086712776683
Smp_134360	0.0367761740338244
Smp_134370	0.0478663445128416
Smp_134390	0.112773887353451
Smp_134410	0.0212441459231759
Smp_134440	0.0453117064181872
Smp_134450	0.165058337620783
Smp_134460	4.50234852766937
Smp_134470	0.0163478840853006
Smp_134480	0.0156774170673325
Smp_134490	0.236151738667504
Smp_134500	0.111007330089724
Smp_134510	0.0638422684630887
Smp_134530	0.0156005727019721
Smp_134540	0.0484370001062211
Smp_134550	0.261079423692038
Smp_134580	0.0408583655387918
Smp_134600	0.106962353454066
Smp_134640	0.0163943818666299
Smp_134660	0.154638937969231
Smp_134670	0.04101423942873
Smp_134690	0.07894619136566
Smp_134720	0.0317487727277997
Smp_134790	0.0972082952434826
Smp_134800	0.105033631592539
Smp_134820	0.0734756318567659
Smp_134860	0.0791132542980463
Smp_134870	0.204787756674115
Smp_134880	0.0113487414871046
Smp_134910	0.0908373565373205
Smp_134930	0.297011781759529
Smp_134940	0.0130240217422149
Smp_134950	0.0806805939469699
Smp_134960	0.135807218798915
Smp_134980	0.041599209610531
Smp_135010	0.0551113627749401
Smp_135020	0.0568002476286713
Smp_135030	0.808662944206994
Smp_135040	0.0670681721573826
Smp_135080	0.0487644247384332
Smp_135100	0.0368426088076318
Smp_135120	0.0462986788836258
Smp_135130	0.120351926021144
Smp_135140	0.0359110559674746
Smp_135145	0.205126615875146
Smp_135160	0.019828480607878
Smp_135170	0.0750092948008471
Smp_135200	0.483704956351695
Smp_135210	0.0677334196078974
Smp_135230	0.236261177713014
Smp_135240	0.0121402405080461
Smp_135250	0.253283108614665
Smp_135270	0.0184541549890383
Smp_135280	0.0361451796530853
Smp_135300	0.0429637618011705
Smp_135350	0.108275085967371
Smp_135380	0.0892764905268712
Smp_135390	0.093337682348226
Smp_135460	0.036628720192206
Smp_135470	0.060713666894935
Smp_135480	0.0729674536587958
Smp_135490	0.0300526432152799
Smp_135500	0.0752915153474716
Smp_135510	0.0491973711104482
Smp_135540	0.0246080975817649
Smp_135550	0.115854585452932
Smp_135560	0.195564345269061
Smp_135570	0.0104107038292831
Smp_135710	0.078495902496196
Smp_135740	0.163926929131652
Smp_135770	0.0471388122740794
Smp_135790	0.0361335428397205
Smp_135820	0.0525142946840393
Smp_135830	0.0486363384830176
Smp_135840	0.0750793678004178
Smp_135860	0.0592481326248655
Smp_135870	0.033083446514874
Smp_135880	0.0114319771801478
Smp_135890	0.0791431531090786
Smp_135900	0.0781344910905703
Smp_135910	0.0597342360828341
Smp_135920	0.0478121986692261
Smp_135930	0.0564757405387551
Smp_135940	0.148751842517741
Smp_135960	0.122402767837693
Smp_135970	0.186754672753084
Smp_135980	0.160571892797322
Smp_135990	0.0719580557784626
Smp_136010	0.0444025034023118
Smp_136030	0.109122863234569
Smp_136040	0.0453602959434091
Smp_136050	0.272740013617382
Smp_136070	0.0626330091433154
Smp_136090	0.0924280535931272
Smp_136110	0.242292515637948
Smp_136130	0.0757390887583351
Smp_136150	0.142085247290855
Smp_136160	0.0366917969025917
Smp_136180	0.0245732606181112
Smp_136190	0.0694872063527459
Smp_136200	0.126338111019158
Smp_136210	0.0630833828599766
Smp_136240	0.0107697437646454
Smp_136260	0.0084553267025372
Smp_136280	0.0352218152319716
Smp_136300	0.0234168679366634
Smp_136310	0.0751287085008466
Smp_136320	0.0684805542279769
Smp_136350	0.147654342981905
Smp_136360	0.0128789716884159
Smp_136400	0.0814433908942903
Smp_136460	0.0781884901669956
Smp_136470	0.08641770764688
Smp_136480	0.0417631077712083
Smp_136490	0.033079541913426
Smp_136510	0.00761415266525265
Smp_136520	0.0233162546411794
Smp_136530	0.0117539574523867
Smp_136540	0.0457904244914476
Smp_136550	0.0376648711924168
Smp_136570	0.0557455942670918
Smp_136580	0.010474964603062
Smp_136590	0.170196536764598
Smp_136620	0.333124147856931
Smp_136640	0.0842299664759075
Smp_136660	0.0293348384579983
Smp_136690	0.0735392154043713
Smp_136700	0.0492869559004814
Smp_136710	0.0949321615277337
Smp_136730	0.12031592991831
Smp_136740	0.0371038407417881
Smp_136760	0.225570694274206
Smp_136770	0.0427563440003357
Smp_136780	0.0400361468973012
Smp_136850	0.341994450966422
Smp_136860	0.19873634268412
Smp_136870	0.24144986425684
Smp_136910	0.00762189340078733
Smp_136920	0.067759020842202
Smp_136930	0.0746127060718328
Smp_136950	0.0861524007746824
Smp_136970	0.061576760475408
Smp_136980	0.0237348123363364
Smp_136990	0.0694030551694199
Smp_137000	0.0180846478999942
Smp_137020	0.014697370405222
Smp_137040	0.0246082244172721
Smp_137050	0.258739880215271
Smp_137080	0.0415395521725568
Smp_137090	0.0723608159886182
Smp_137120	0.0732825331552456
Smp_137160	0.0112424425005942
Smp_137180	0.0611910476007765
Smp_137190	0.114469821444941
Smp_137210	0.0205502996992022
Smp_137250	0.23992233362296
Smp_137280	0.182714406964105
Smp_137300	0.361750644486963
Smp_137310	0.177568976136944
Smp_137320	0.461364061084822
Smp_137330	0.048273894818856
Smp_137360	0.610602372187653
Smp_137380	0.0166008755956207
Smp_137390	0.0833502307616099
Smp_137410	0.0328035461575876
Smp_137530	0.0526890306529612
Smp_137540	0.0226355168614789
Smp_137580	0.042441705193556
Smp_137590	0.050283621636145
Smp_137600	0.126816729592646
Smp_137610	0.0456517537161371
Smp_137640	0.0811777492167021
Smp_137650	0.0459233983537788
Smp_137660	0.164664834196827
Smp_137690	0.171246775035366
Smp_137700	0.0880985311341273
Smp_137710	0.0199763799095231
Smp_137720	0.157688354416371
Smp_137740	0.0599529743900154
Smp_137750	0.152752082519848
Smp_137800	0.0342938397376947
Smp_137810	0.140960555614279
Smp_137840	0.147963374439505
Smp_137860	0.307401210769156
Smp_137870	0.00765282896920545
Smp_137890	0.0267012481074647
Smp_137910	0.0789558314568928
Smp_137920	0.0893380892983404
Smp_137930	0.117074231189094
Smp_137940	0.0527518349167916
Smp_137950	0.0431313976936525
Smp_137970	0.0294252019945142
Smp_137980	0.120277763402633
Smp_137990	0.168227234948013
Smp_138000	47.2781453486289
Smp_138010	0.124849367417189
Smp_138030	0.112316797546985
Smp_138050	0.0185600118258851
Smp_138060	1.27367574755063
Smp_138070	1.50503451283734
Smp_138080	1.20981263847695
Smp_138110	0.0635062468727657
Smp_138130	0.360216848293315
Smp_138140	0.17104671172426
Smp_138150	0.0515264802136348
Smp_138160	0.0588516655573079
Smp_138180	0.01823981802982
Smp_138200	0.0376714910385809
Smp_138210	0.0632218943549337
Smp_138220	0.0346487426452815
Smp_138230	0.0501275179068738
Smp_138240	0.0339031835950166
Smp_138280	0.0972879485084246
Smp_138290	0.0433497567147533
Smp_138300	0.0587162663395995
Smp_138310	0.0731386333874599
Smp_138320	0.0833525696083261
Smp_138330	0.106301459875653
Smp_138340	0.0957130961215332
Smp_138350	0.0425552126565131
Smp_138430	0.0318292121770543
Smp_138470	0.0631995761240238
Smp_138480	0.0177949784196049
Smp_138500	0.0257704476383663
Smp_138510	0.045177430155887
Smp_138520	0.0198434642360114
Smp_138580	0.452614666643711
Smp_138590	0.028783952592351
Smp_138600	0.0736329620796587
Smp_138610	0.0874473809961247
Smp_138640	0.00972965531800262
Smp_138680	0.0289028830287638
Smp_138690	0.525367859940076
Smp_138750	0.150853246445939
Smp_138760	0.0790392392406678
Smp_138770	0.0090176708911425
Smp_138810	0.149497164831248
Smp_138840	0.00994770774552253
Smp_138850	0.0526480933781095
Smp_138860	0.0499623020898715
Smp_138880	0.0408281842968902
Smp_138890	0.0704127433323759
Smp_138900	0.12715630296366
Smp_138920	0.0431906399628177
Smp_138930	0.0795190764102858
Smp_139010	0.0465472240286974
Smp_139030	0.0468899788417593
Smp_139060	0.0687468415743368
Smp_139070	0.0507015193461598
Smp_139080	0.018271624802342
Smp_139090	0.0511227867771584
Smp_139100	0.0259019028032064
Smp_139140	0.301907732957326
Smp_139150	0.0682550442019065
Smp_139180	0.0841410679887128
Smp_139200	0.0809112107110695
Smp_139240	0.400950999262975
Smp_139250	0.234119383674821
Smp_139330	0.0241663463508347
Smp_139340	0.0442426721840654
Smp_139360	0.292444712790127
Smp_139380	1.44723903520934
Smp_139410	0.0598182260673356
Smp_139420	0.180156383015394
Smp_139430	0.0089657068274495
Smp_139450	0.483583392862493
Smp_139470	0.0871703331388862
Smp_139480	0.0561723037896149
Smp_139500	0.182136986078426
Smp_139520	0.0372900310892467
Smp_139530	0.0918996499325534
Smp_139540	0.0609486371794788
Smp_139580	0.0747804975174335
Smp_139600	0.021078130540793
Smp_139620	0.0415902761296264
Smp_139650	0.0204389916127379
Smp_139680	1.98015213251821
Smp_139720	0.0274830833243406
Smp_139760	0.0101487048319865
Smp_139800	0.0367434210712012
Smp_139840	0.0600878048094029
Smp_139900	0.0298986758310044
Smp_139930	0.0228059257780941
Smp_139940	0.119522419180221
Smp_139970	0.149299361715562
Smp_139980	0.0420404005399097
Smp_140000	0.0554697649378799
Smp_140020	0.0173281590164047
Smp_140030	0.0453761861085392
Smp_140040	0.0758954894997463
Smp_140080	0.0289284431180577
Smp_140100	0.0579198491140623
Smp_140110	0.103849391455639
Smp_140120	0.0587786874458978
Smp_140140	0.115647974245838
Smp_140150	0.105622021433805
Smp_140180	0.128771914411454
Smp_140200	0.0305966562135051
Smp_140240	0.0378631695806665
Smp_140250	0.08396284884385
Smp_140260	0.0552539221196225
Smp_140270	0.0934578572669141
Smp_140290	0.0830170646587711
Smp_140330	0.0307173566463854
Smp_140370	0.102345181869814
Smp_140390	0.0135712124429361
Smp_140400	0.00929146083224178
Smp_140420	0.0737989604335936
Smp_140430	0.0433824246552272
Smp_140440	0.0134033514959543
Smp_140460	0.102922611946805
Smp_140480	0.176067203082603
Smp_140490	0.0148254705221502
Smp_140510	0.0356071184508699
Smp_140520	0.0158038690114769
Smp_140530	0.030529625002473
Smp_140540	0.166103689427715
Smp_140550	0.108896628763095
Smp_140560	0.0442468005936353
Smp_140570	0.0999955288582723
Smp_140580	0.0138062830662827
Smp_140590	0.0594608786677584
Smp_140610	0.0679011392304821
Smp_140620	0.101619206373388
Smp_140640	0.0291444725065208
Smp_140650	0.0623211092972242
Smp_140680	0.127614267475847
Smp_140690	0.0481723670827705
Smp_140700	0.0261870421036213
Smp_140720	0.216170496022011
Smp_140730	0.15303741840918
Smp_140760	0.0623379220157145
Smp_140770	0.0512998162602314
Smp_140790	0.0148864470932731
Smp_140800	0.115812897111792
Smp_140810	0.0909952771950309
Smp_140820	0.0391556008455421
Smp_140830	0.00975546479610595
Smp_140840	0.0154584466471258
Smp_140860	0.0911211150722278
Smp_140880	0.107144237643656
Smp_140900	0.0906614557934326
Smp_140920	0.0705061866291472
Smp_140940	0.0437427886208037
Smp_140950	0.0153536150465105
Smp_140990	0.0396374511417546
Smp_141000	0.00981814653870685
Smp_141010	0.0612628219816025
Smp_141040	0.018496663915268
Smp_141070	0.0643064548724899
Smp_141080	0.014870228405328
Smp_141120	0.0989163387804712
Smp_141140	0.0134843981277035
Smp_141150	0.0605677281939034
Smp_141160	0.0562719484062442
Smp_141170	0.272897200588867
Smp_141220	0.0218211869964893
Smp_141230	0.112742178519969
Smp_141240	0.0329057610102086
Smp_141250	0.0877886747299542
Smp_141270	0.220892009206459
Smp_141280	0.0954232996560234
Smp_141290	0.0390675852729323
Smp_141310	0.0301095713315928
Smp_141320	0.0160918522139191
Smp_141330	0.0153368184800692
Smp_141350	0.112809317808949
Smp_141360	0.0454869870205667
Smp_141380	0.0102054087979595
Smp_141390	0.0647079684414483
Smp_141410	0.00478431729027426
Smp_141430	0.0229494521554819
Smp_141440	0.0423981679210187
Smp_141450	0.430793478833217
Smp_141460	0.10827885418324
Smp_141480	0.202364697739376
Smp_141490	0.211371321202282
Smp_141500	0.373472827524214
Smp_141520	0.0677715139992921
Smp_141540	0.101063422446624
Smp_141550	0.89528042868194
Smp_141560	1.21134672401149
Smp_141570	0.129363115069675
Smp_141580	0.122109967114561
Smp_141610	0.066236688173585
Smp_141620	11.4880626485602
Smp_141630	0.0502968256288545
Smp_141650	0.0114802635770958
Smp_141660	0.0182434290904255
Smp_141680	0.0806995613309297
Smp_141690	0.106871489187449
Smp_141710	0.080507116147534
Smp_141770	0.0187217098580754
Smp_141810	0.122495434363767
Smp_141820	0.0438687473477143
Smp_141830	0.0650207813696804
Smp_141860	0.101086415461628
Smp_141880	0.103933673822217
Smp_141890	0.0398572857506058
Smp_141930	0.284072743404453
Smp_141940	0.153931783489649
Smp_141960	0.0994101642966277
Smp_141970	0.00958341749918528
Smp_141980	0.0465487865362994
Smp_142010	0.024039152232048
Smp_142050	0.0294770233246374
Smp_142090	0.067870964237397
Smp_142110	0.073886593607133
Smp_142120	0.0449654080481044
Smp_142150	0.156338830373277
Smp_142160	0.274205201641652
Smp_142170	0.0588286087019346
Smp_142180	0.0297399031363492
Smp_142210	0.0248148140997333
Smp_142250	0.0904342720495863
Smp_142270	0.0442568260585109
Smp_142300	0.0129681559356532
Smp_142320	0.129350324601189
Smp_142400	0.0166564562451
Smp_142410	0.00708977566522037
Smp_142420	0.150003534490352
Smp_142450	0.0144219841857431
Smp_142490	0.0838890259960824
Smp_142510	0.0861721909762065
Smp_142520	0.0352769408543173
Smp_142550	0.09664903606559
Smp_142560	0.104706544823933
Smp_142600	0.071504501622841
Smp_142620	0.0389673963971858
Smp_142640	0.0287166193444634
Smp_142650	0.0384127171612199
Smp_142670	0.054727501591187
Smp_142700	0.0735615810008209
Smp_142710	0.0821326713740639
Smp_142740	0.0360977394111478
Smp_142770	0.0534698921234475
Smp_142780	0.0155873049287642
Smp_142790	0.0678813846243918
Smp_142820	0.0703986265151453
Smp_142850	0.0223663659447228
Smp_142860	0.103905894401035
Smp_142880	0.0322583393971767
Smp_142890	0.0313246051011498
Smp_142900	0.155011438588723
Smp_142930	0.0401319142670157
Smp_142940	0.0955610083178405
Smp_142950	0.0396480643166817
Smp_142960	0.00714640296240542
Smp_142970	0.0522912919310217
Smp_142980	0.0810371077674528
Smp_143060	0.163222424476604
Smp_143070	0.0214687532036324
Smp_143090	0.2370995595683
Smp_143130	0.0701154664624448
Smp_143160	75
Smp_143190	0.0472646042524216
Smp_143220	0.124948052402766
Smp_143240	0.0562654258666175
Smp_143260	0.0223720375385452
Smp_143270	0.32983973039854
Smp_143300	0.0902980013954238
Smp_143310	0.0609755425055965
Smp_143350	0.0274961785463225
Smp_143390	0.0195081205841538
Smp_143430	0.0203425996320568
Smp_143440	0.0427937650067965
Smp_143460	0.0520468716556948
Smp_143470	0.0775634778834343
Smp_143480	0.0144586492871947
Smp_143490	0.0626127167823403
Smp_143550	0.046921247575835
Smp_143560	0.0563874927645457
Smp_143580	0.298283211923027
Smp_143630	0.0219196517108419
Smp_143670	0.0314975293691312
Smp_143690	0.0484930337089666
Smp_143700	0.0347960373044287
Smp_143730	0.0464968198940591
Smp_143740	0.0797025019868648
Smp_143750	0.0170160235605542
Smp_143760	0.0373652126134517
Smp_143770	0.0374928791038477
Smp_143780	0.109069535824314
Smp_143790	75
Smp_143810	0.0294166744892743
Smp_143830	0.0183126044610983
Smp_143840	0.0797211993890013
Smp_143860	0.0372878869125456
Smp_143870	0.191882176137059
Smp_143900	4.30924124444892
Smp_143910	0.026080322394411
Smp_143920	0.0474605431683263
Smp_143930	0.0635029462165331
Smp_143940	0.0771102665694332
Smp_143960	0.0705097374212925
Smp_143970	5.06433885018837
Smp_143980	0.0480740507459214
Smp_144000	1.75432975000058
Smp_144010	0.364051204855374
Smp_144020	0.251944137656603
Smp_144030	0.028740806487795
Smp_144070	0.169703667849703
Smp_144080	0.0539250476715827
Smp_144110	0.057951100731161
Smp_144120	0.145183776735411
Smp_144130	0.0597486142267062
Smp_144140	0.0240705351108131
Smp_144160	0.0999598375838136
Smp_144170	0.0402168680922924
Smp_144180	0.105652772907204
Smp_144190	0.0964253523341173
Smp_144200	0.0165669453589599
Smp_144210	0.102544119935931
Smp_144220	0.334058849553768
Smp_144240	0.0475671986948187
Smp_144250	0.0187582952574704
Smp_144310	0.0898072428814241
Smp_144350	0.0746600506560969
Smp_144360	0.0193082122945551
Smp_144370	0.120470508662612
Smp_144380	0.0624637066371471
Smp_144390	0.0442537005015701
Smp_144430	0.0361761738087731
Smp_144440	0.355185926812971
Smp_144450	0.0369871163583392
Smp_144470	0.0595244407826216
Smp_144490	0.0566849422977068
Smp_144495	0.160684335603436
Smp_144500	0.224438523744631
Smp_144510	0.067097440324824
Smp_144520	0.10387424556574
Smp_144540	0.10509811346302
Smp_144550	0.0800244124030827
Smp_144560	0.0294421687802344
Smp_144570	0.0184080431933304
Smp_144590	0.0511195106161678
Smp_144600	0.0313544320587793
Smp_144660	0.059368127387884
Smp_144700	0.0587411056816193
Smp_144720	0.121337606115111
Smp_144740	0.124726456011653
Smp_144750	0.0412232836108919
Smp_144760	0.0548763653886504
Smp_144770	0.0313111170556765
Smp_144820	0.0612717922333378
Smp_144840	0.0530096846375163
Smp_144850	0.0194258992522632
Smp_144860	0.200627306002324
Smp_144870	0.0443045158116365
Smp_144920	0.0521054561855393
Smp_144930	0.0378213738418575
Smp_144940	0.0398074523442136
Smp_144950	0.0193534629158538
Smp_144960	0.0406606631382312
Smp_144970	0.0435458986095306
Smp_144990	0.0273775350512669
Smp_145010	0.133124561509971
Smp_145020	0.27894267188529
Smp_145040	0.0978956946108967
Smp_145070	0.0345621352571023
Smp_145090	0.0348671933188168
Smp_145110	0.0371754294002339
Smp_145140	0.0478190598442964
Smp_145180	0.0123529181167395
Smp_145190	0.0151454361322854
Smp_145210	0.0427784167785047
Smp_145230	0.0801229269756744
Smp_145250	0.0448061880865141
Smp_145290	0.0669871548457675
Smp_145300	0.0962556945249003
Smp_145310	0.00542097332948434
Smp_145320	0.0377671733168606
Smp_145350	0.0306571178547551
Smp_145360	0.172203536527299
Smp_145370	0.0528076900346598
Smp_145380	0.0406013749869092
Smp_145400	0.0733272126950306
Smp_145410	0.0523033245243782
Smp_145420	0.0657287011690375
Smp_145440	0.00722509521369447
Smp_145460	0.0232789447059005
Smp_145470	0.0704082761579077
Smp_145490	3.09604069615156
Smp_145510	0.205551764894694
Smp_145540	0.0634023489439223
Smp_145550	0.0556881596383716
Smp_145560	0.0666187840819781
Smp_145580	0.17648533183723
Smp_145600	0.0334074461316274
Smp_145610	0.0404068831368662
Smp_145620	0.0129843440885295
Smp_145630	0.0449667734642626
Smp_145640	0.282522322433447
Smp_145650	0.026765206141754
Smp_145670	0.0200955948960572
Smp_145680	0.115831343319094
Smp_145700	0.0470091243550064
Smp_145740	0.0197005038909405
Smp_145800	0.0296329532655509
Smp_145810	0.0264185608172343
Smp_145890	0.0393413074664497
Smp_145910	0.667868144120084
Smp_145930	0.0612682861349941
Smp_145980	0.028435696731962
Smp_145990	0.0467210127477139
Smp_146000	0.767899797781309
Smp_146010	0.033345682299198
Smp_146040	0.183047545876398
Smp_146060	0.0367285335901284
Smp_146080	0.0462530690411469
Smp_146100	0.0213344412560029
Smp_146110	0.0555651128004808
Smp_146120	0.0408969335915444
Smp_146140	0.0235108891001953
Smp_146150	0.082891684153238
Smp_146160	0.0910924463700657
Smp_146190	0.207413971848091
Smp_146200	0.0293670524782483
Smp_146220	0.225714447657029
Smp_146240	0.0141489779353455
Smp_146250	0.0484494793667879
Smp_146280	0.103074149089777
Smp_146290	0.0338422093102164
Smp_146300	0.0135876669474377
Smp_146310	0.0428899866878346
Smp_146340	0.0394175492184483
Smp_146350	3.4404165970746
Smp_146360	0.0327338723507118
Smp_146400	0.011166406668999
Smp_146410	0.0275807245971809
Smp_146420	0.138385916528533
Smp_146430	0.0505257897549867
Smp_146440	0.427791045929439
Smp_146460	0.380230740594496
Smp_146470	0.163273408247666
Smp_146480	0.673384442999061
Smp_146570	0.0147250528931496
Smp_146580	0.0669693129874054
Smp_146600	0.0975479934297605
Smp_146610	0.216447977140054
Smp_146630	0.0421874303097553
Smp_146640	0.0297229301580577
Smp_146650	0.943227020376937
Smp_146680	0.0269789951110718
Smp_146690	0.153553130154906
Smp_146710	0.0546072975849027
Smp_146720	0.0871663063863165
Smp_146730	0.0413600010659345
Smp_146740	0.2058195722998
Smp_146750	0.049078309759633
Smp_146760	0.190083025441377
Smp_146800	0.00685061200701216
Smp_146810	0.294388122315088
Smp_146830	0.0536974233443698
Smp_146840	0.0686295583449672
Smp_146870	0.0243905153557253
Smp_146900	0.0372409531700646
Smp_146910	0.0512387604359869
Smp_146940	0.0725548373776382
Smp_147000	0.0145480977519921
Smp_147020	0.0797868451483982
Smp_147040	0.0951385722223632
Smp_147050	0.017714972730954
Smp_147060	0.383760899206676
Smp_147070	0.0286134348736674
Smp_147090	0.0883865356049695
Smp_147110	0.155657490316038
Smp_147120	0.0212701065969286
Smp_147140	0.0517462442576155
Smp_147150	0.0408471200838701
Smp_147160	0.11439919987486
Smp_147220	0.0372873938909613
Smp_147230	0.0583994844906555
Smp_147240	0.0371743634461257
Smp_147250	0.0560507728117224
Smp_147260	0.0559574937540355
Smp_147290	0.190833694607667
Smp_147330	0.0438751697621271
Smp_147340	0.94598265713268
Smp_147350	0.128045614083909
Smp_147360	0.0433781772826376
Smp_147370	0.0257498671273584
Smp_147390	0.0713841796543605
Smp_147400	0.0245783246329114
Smp_147410	0.231611886327207
Smp_147420	0.0502428437712961
Smp_147430	0.0500316043050111
Smp_147460	0.0271440602206362
Smp_147470	0.0344109274787651
Smp_147520	0.0531487205379837
Smp_147560	0.0666336858358249
Smp_147570	0.0404593288907619
Smp_147590	0.0645561068646667
Smp_147620	0.0607881929820224
Smp_147630	0.0208952801179027
Smp_147640	0.112160885783665
Smp_147650	0.0212665148506431
Smp_147670	0.0679912286543387
Smp_147680	0.111765123923178
Smp_147690	0.104348483702858
Smp_147710	1.71714716647866
Smp_147750	0.125652000491225
Smp_147790	0.0497357943513916
Smp_147820	0.0627451360104672
Smp_147840	0.0310059663028538
Smp_147850	0.0113272994533462
Smp_147890	0.229129306194592
Smp_147920	0.0711336140210048
Smp_147950	0.0659869598465753
Smp_147960	0.0842707200491767
Smp_147970	0.0520317631412457
Smp_147980	0.025373848374061
Smp_147990	0.0245558884867134
Smp_148010	0.0636917060480207
Smp_148020	0.0671133147242532
Smp_148070	0.00980149244051066
Smp_148080	0.0760966091098589
Smp_148110	0.174672018303203
Smp_148120	0.114973074063874
Smp_148130	0.0564332742456986
Smp_148140	0.0280423623572107
Smp_148160	0.267888757182813
Smp_148180	0.148396384952065
Smp_148190	0.0477419083724137
Smp_148200	0.117279972545324
Smp_148220	0.0391445468613108
Smp_148230	0.0396675240631424
Smp_148250	0.0593461547471453
Smp_148260	0.0293007655586101
Smp_148280	0.0284301430266816
Smp_148290	0.226206468555337
Smp_148360	0.0101837927872631
Smp_148370	0.071856445136206
Smp_148400	0.0345311382716831
Smp_148410	0.0504573438925674
Smp_148450	0.0378210382082417
Smp_148460	0.0586689300997665
Smp_148470	0.192116852351279
Smp_148480	0.0817957161728901
Smp_148510	0.0200340124429361
Smp_148540	0.0401809504634852
Smp_148590	0.12428456454436
Smp_148630	0.15562305600689
Smp_148650	0.0432258922155872
Smp_148660	0.0180514880127669
Smp_148670	0.0760252234430735
Smp_148700	0.111145235342702
Smp_148720	0.0535760430118024
Smp_148760	0.042584387769324
Smp_148770	0.0431579179401631
Smp_148790	0.138058162881896
Smp_148800	0.128280243890352
Smp_148820	0.190931251755475
Smp_148830	0.0851590200143789
Smp_148870	0.0600237175849884
Smp_148900	0.0281653902484762
Smp_148910	0.0304726578519482
Smp_148930	0.0559830153539466
Smp_148940	0.0619934409018504
Smp_148970	0.074192835223211
Smp_148980	0.0429862705781079
Smp_149000	0.0130774713160089
Smp_149010	0.0536951621182219
Smp_149030	0.0569209205749286
Smp_149040	0.0382549312338814
Smp_149050	0.0155108732041192
Smp_149070	0.045038165494969
Smp_149080	0.0267118370808988
Smp_149110	0.0713651505052635
Smp_149130	0.0443188689025067
Smp_149160	0.0684035304287592
Smp_149170	0.100635320426787
Smp_149180	0.0249347715439098
Smp_149200	0.0484310127693834
Smp_149220	0.0802182516025152
Smp_149230	0.0946052591695278
Smp_149240	0.107350819553327
Smp_149300	0.0755870299178804
Smp_149320	0.0406619221511174
Smp_149330	0.0573047820972919
Smp_149370	0.0103335560996477
Smp_149380	0.0326660657709373
Smp_149400	0.15386348917118
Smp_149410	0.0433725566608738
Smp_149420	0.0260085460219859
Smp_149430	0.0315361480389349
Smp_149450	0.0170261513243865
Smp_149460	0.073888099570638
Smp_149480	0.0591558681451606
Smp_149500	0.0204243335968357
Smp_149520	0.108623181561326
Smp_149530	0.0838068190875643
Smp_149540	0.116960997175995
Smp_149560	0.0324859718164362
Smp_149580	0.182039782396966
Smp_149640	0.0387184991044516
Smp_149660	0.0319590683118132
Smp_149700	0.0116100808156439
Smp_149710	0.0437479800903732
Smp_149720	0.124162997715156
Smp_149730	0.107663492112015
Smp_149740	0.0339329853875342
Smp_149750	0.075974232959726
Smp_149770	0.0971622818863165
Smp_149820	0.102078123660065
Smp_149900	0.0254476950326689
Smp_149950	0.0105647586811695
Smp_149960	0.061966639262189
Smp_149980	0.189611305886857
Smp_150000	0.198032181875637
Smp_150020	0.147864958944948
Smp_150030	0.0693199679911029
Smp_150040	0.0368833202577559
Smp_150070	0.0526930857968998
Smp_150080	0.0562758605862029
Smp_150090	0.0842269473487575
Smp_150120	0.144609870123136
Smp_150140	0.0565714329829113
Smp_150150	0.0663237339284298
Smp_150160	0.0235569327312644
Smp_150180	0.0810395289509292
Smp_150200	0.0230325436428522
Smp_150210	0.0499460587863953
Smp_150220	0.0850204847876178
Smp_150230	0.0333887417160107
Smp_150270	0.0286005344962961
Smp_150280	0.0373438349424956
Smp_150300	0.0283786089430372
Smp_150320	0.0549963810197341
Smp_150340	0.0251651964321396
Smp_150350	0.0825015525427112
Smp_150360	0.102181908592411
Smp_150380	0.0438034282588485
Smp_150410	0.304568515678149
Smp_150420	0.135351627259192
Smp_150430	0.139166236986303
Smp_150460	0.191759505933855
Smp_150470	0.0586322893162025
Smp_150500	0.018257103959393
Smp_150510	0.016159246309301
Smp_150520	0.0820522247586671
Smp_150550	0.0553672261240311
Smp_150560	0.0490547477286064
Smp_150580	0.0510333402466725
Smp_150590	0.628264216983474
Smp_150610	0.0812881171744345
Smp_150640	0.0655470326722184
Smp_150650	0.277795258155834
Smp_150660	0.0685532146942908
Smp_150680	0.0392240172436123
Smp_150690	0.023134748145244
Smp_150700	0.0250468301223079
Smp_150740	0.0508854143812303
Smp_150750	0.0643711536021365
Smp_150840	0.02683384275522
Smp_150850	0.0908597639679294
Smp_150860	0.0798615918388677
Smp_150870	0.0521854204804271
Smp_150890	0.0116893645271174
Smp_150960	0.0350105558639856
Smp_150980	0.0443370022862231
Smp_150990	0.0741764945249069
Smp_151010	0.0194146908189821
Smp_151020	0.163065985257277
Smp_151030	0.0811780748159523
Smp_151040	0.0999324821038903
Smp_151050	0.0307833176055988
Smp_151060	0.0500899816962456
Smp_151070	0.0423077607855286
Smp_151100	0.029016574505821
Smp_151140	0.0470843611375087
Smp_151180	0.0260618892478007
Smp_151190	0.0814214275835314
Smp_151200	14.5041346769469
Smp_151210	0.396022979195147
Smp_151220	0.112969288092214
Smp_151260	13.250036194093
Smp_151270	0.136888974812953
Smp_151280	0.0233705157196082
Smp_151285	0.1961996614109
Smp_151310	0.0680467492970091
Smp_151320	0.0314246202835638
Smp_151360	0.164618280757219
Smp_151380	0.0723662243485976
Smp_151410	0.0400706830523092
Smp_151420	0.0670650026359932
Smp_151440	0.16847763047701
Smp_151450	0.234541294748234
Smp_151480	0.00828088226913237
Smp_151490	0.0605693930647901
Smp_151520	0.019455211785722
Smp_151560	0.0352791701544589
Smp_151570	0.161943524147511
Smp_151580	0.110483521178148
Smp_151590	0.0315034577473306
Smp_151600	0.121372576465453
Smp_151640	0.113445504253752
Smp_151650	0.10596926601076
Smp_151660	0.361585857274265
Smp_151670	0.0102088365301921
Smp_151720	0.0551227406582556
Smp_151730	0.0592615910746567
Smp_151740	0.0575968716230737
Smp_151750	0.0449708691947122
Smp_151780	0.115593283248107
Smp_151820	0.0641308510386706
Smp_151920	0.0733446871061503
Smp_151930	0.0699513515801729
Smp_152000	0.0192765103213885
Smp_152060	0.0527408490918231
Smp_152090	0.0624942981441564
Smp_152110	0.086288306710069
Smp_152130	0.0502641657203836
Smp_152180	0.0446091212494942
Smp_152190	0.266972701117513
Smp_152200	3.78477100372147
Smp_152210	0.0513323142849525
Smp_152220	0.0338824834865627
Smp_152230	0.0577930771335367
Smp_152260	0.0549766215182242
Smp_152270	0.070678582188979
Smp_152280	0.103485992885373
Smp_152290	0.0300252990299676
Smp_152300	0.0305700115256185
Smp_152310	0.571621059285067
Smp_152330	0.0313737356108873
Smp_152350	0.044013144013541
Smp_152370	0.0606774716880719
Smp_152380	0.0544863398784185
Smp_152390	0.0930799063166613
Smp_152400	0.0152855721881699
Smp_152430	0.0541091939317709
Smp_152440	0.0463469996230111
Smp_152500	0.0575025213519994
Smp_152510	0.0117767058084353
Smp_152520	0.0238095574246979
Smp_152530	0.0295448620262363
Smp_152550	0.0343805760013717
Smp_152570	0.0559795376189152
Smp_152580	0.11851939108877
Smp_152590	0.191976735974544
Smp_152630	0.23240312499159
Smp_152650	0.0807622448029979
Smp_152670	0.0275425941097786
Smp_152710	0.0648423809609864
Smp_152740	0.0545915785657883
Smp_152750	0.0565082621000907
Smp_152760	0.0646968940317122
Smp_152790	0.0149538538361454
Smp_152800	0.0293379908861799
Smp_152830	0.0560897160088784
Smp_152840	0.0156054176631115
Smp_152850	0.0140258886920368
Smp_152860	0.0119280557632598
Smp_152870	0.0891003855827334
Smp_152940	0.0498923959799238
Smp_152960	0.056142626935494
Smp_152980	0.154344863197252
Smp_152990	0.114002165272376
Smp_153010	0.107327921948679
Smp_153070	0.264646146865304
Smp_153090	0.94043860459059
Smp_153100	0.050174487866852
Smp_153110	0.107470515118491
Smp_153140	0.144609847818189
Smp_153150	0.0242149517835817
Smp_153160	0.0844461858965446
Smp_153170	0.100843451466746
Smp_153190	0.0476374837535173
Smp_153200	0.0876397750214946
Smp_153210	0.0615273395002346
Smp_153220	0.58182166048344
Smp_153250	0.0503110658201432
Smp_153270	0.195180969256356
Smp_153290	0.075766996423027
Smp_153300	0.0808068479889908
Smp_153340	0.0124625832715753
Smp_153350	0.0718388091234075
Smp_153370	0.369020675639408
Smp_153390	0.0487130420401203
Smp_153410	0.0175556351008675
Smp_153430	0.0423671439508504
Smp_153440	0.0640960051516386
Smp_153460	0.0184344268938469
Smp_153480	0.0165596676729619
Smp_153490	0.0970961333334718
Smp_153500	0.0544175103550926
Smp_153520	0.101809740604651
Smp_153530	0.0615787056502421
Smp_153540	0.0599089736941277
Smp_153550	0.105273704696862
Smp_153560	0.079601253039715
Smp_153580	0.199745789043213
Smp_153590	0.0200513328732255
Smp_153610	0.011495672253849
Smp_153640	0.0417512602558149
Smp_153660	0.0488467512743727
Smp_153690	0.0505266980158048
Smp_153700	0.0309083809949683
Smp_153710	0.0721079550718348
Smp_153720	0.0540640038330754
Smp_153750	0.100622001303029
Smp_153760	0.0470053445696937
Smp_153770	0.0290055241046696
Smp_153780	0.0870546323722433
Smp_153790	0.0221683567723689
Smp_153810	0.0269904660716497
Smp_153820	0.0634702113188876
Smp_153840	0.0381839176263449
Smp_153870	0.0467807092754158
Smp_153890	0.043410630101524
Smp_153920	0.0487643860005425
Smp_153930	0.106186945853666
Smp_153950	0.0978278426351113
Smp_153960	0.0217400829107327
Smp_153970	0.0230248052217237
Smp_153990	0.0213187669345538
Smp_154000	0.0611353201175793
Smp_154040	0.0460513270617077
Smp_154080	0.0710597524682241
Smp_154090	0.186803963559356
Smp_154100	0.0192510087095079
Smp_154130	5.66816187362546
Smp_154160	0.0861455532465793
Smp_154180	0.0430688794578412
Smp_154220	0.133963929800389
Smp_154250	0.0696717874836502
Smp_154260	7.0805250318666
Smp_154270	0.0186095756413015
Smp_154280	0.0296049547523259
Smp_154290	1.22152350157718
Smp_154320	0.0173871668264428
Smp_154330	0.0672702671763992
Smp_154340	0.0100234274677415
Smp_154370	0.396527707375424
Smp_154390	0.612796551821968
Smp_154410	0.0535670730685409
Smp_154420	0.0509329597802255
Smp_154470	0.00844189942021639
Smp_154490	0.0720879419676258
Smp_154500	0.187724862360475
Smp_154520	0.0151218435026945
Smp_154530	0.0725765379823753
Smp_154560	0.0395696006337321
Smp_154590	2.16155629058617
Smp_154600	0.0528938309336769
Smp_154610	0.0569543620229759
Smp_154620	0.0416765664147206
Smp_154640	0.0932602934262314
Smp_154650	0.0573810987524652
Smp_154670	0.0613090136369744
Smp_154680	0.42957743625153
Smp_154690	0.0909416490277031
Smp_154730	0.0295113500681502
Smp_154740	0.0767572582983765
Smp_154760	0.114812552157073
Smp_154780	0.0263482985483421
Smp_154830	0.138843347843656
Smp_154840	0.0253959388133488
Smp_154850	0.0492778508732484
Smp_154870	0.0742805433800228
Smp_154880	0.0152665317096857
Smp_154900	0.438220697387657
Smp_154910	0.0558089554513005
Smp_154930	0.0138531187338494
Smp_154940	0.0539168053223333
Smp_154960	0.163231631796875
Smp_154970	0.0961660490296154
Smp_154980	0.0244714837795268
Smp_155000	0.0730831822805482
Smp_155020	0.0304339355655599
Smp_155030	0.0333694768945381
Smp_155040	0.0290874795387418
Smp_155050	0.0929345302761852
Smp_155060	0.0282193088038424
Smp_155110	0.777442103141419
Smp_155210	0.0611132498606613
Smp_155290	0.0796001813048286
Smp_155310	0.08620812967548
Smp_155320	0.0674165905600291
Smp_155330	0.0635571963511684
Smp_155340	0.0630595172456168
Smp_155360	0.132025872574892
Smp_155370	0.0605368512809311
Smp_155380	0.180532695529892
Smp_155390	0.0761322747283089
Smp_155400	0.0290220360705142
Smp_155420	0.0257020542634789
Smp_155450	0.0718744409737916
Smp_155480	0.034946573296459
Smp_155500	0.12531494763476
Smp_155510	0.0598147080134799
Smp_155520	2.09802965398073
Smp_155530	0.0748897094097212
Smp_155560	0.0259095421458819
Smp_155590	0.0369540393526942
Smp_155620	0.032483548385082
Smp_155630	0.00681753479545841
Smp_155700	0.0383660399891182
Smp_155720	0.0667566268272166
Smp_155740	0.0295208184916447
Smp_155750	0.0321095144898059
Smp_155760	0.126732385205895
Smp_155770	0.0304724371275804
Smp_155780	0.0400943003223982
Smp_155790	0.0179449344340224
Smp_155810	0.0402887124803659
Smp_155840	0.0707254990180393
Smp_155850	0.602112088401683
Smp_155860	0.291696294709752
Smp_155900	2.06790112010568
Smp_155970	0.0424616280171617
Smp_156000	0.0297560015297263
Smp_156050	0.273306074087212
Smp_156060	0.0559229665066661
Smp_156100	0.0248163755786511
Smp_156140	0.0647550538849984
Smp_156150	0.0449901742323597
Smp_156160	0.0374309690595201
Smp_156170	0.106066940508494
Smp_156180	1.40435212573675
Smp_156230	0.191510385646663
Smp_156240	0.0270072604639194
Smp_156250	0.327440178573456
Smp_156270	0.111895330417804
Smp_156280	0.0646684916385916
Smp_156290	0.069379635360388
Smp_156300	0.082558169411436
Smp_156310	28.2904706463582
Smp_156340	0.0478965791749095
Smp_156350	0.0812155368489328
Smp_156370	0.192759492874419
Smp_156390	0.0358584070326927
Smp_156400	0.0807143666226581
Smp_156410	0.0204658264341345
Smp_156450	0.0512057221394989
Smp_156460	0.233538656381168
Smp_156470	0.1077151731299
Smp_156480	0.068138153548604
Smp_156500	0.0662955849553438
Smp_156520	0.0418252699436038
Smp_156540	0.0799214710249492
Smp_156550	0.10106326972216
Smp_156630	0.0301561221390694
Smp_156670	0.0899586570702061
Smp_156720	0.066064167217501
Smp_156730	1.08605941964323
Smp_156740	0.047946223730167
Smp_156750	0.0604007549279348
Smp_156780	0.0285737177772653
Smp_156850	0.12604643227847
Smp_156860	0.039045261675852
Smp_156870	0.0465404978912935
Smp_156880	0.0397432427976835
Smp_156890	0.0715029804725199
Smp_156900	0.0865739025541195
Smp_156910	0.089509453971544
Smp_156930	0.562615531047267
Smp_156950	0.0648148503238013
Smp_156960	0.0367502806670368
Smp_156990	0.0253298554355152
Smp_157000	0.0180366397029452
Smp_157050	0.147192515253983
Smp_157070	0.0242136444234737
Smp_157080	0.068486209958453
Smp_157100	0.0415571105812144
Smp_157140	0.0346681376021623
Smp_157150	0.0745713848294018
Smp_157160	0.017291939270411
Smp_157200	0.036640839928995
Smp_157210	0.113061530352755
Smp_157220	0.060163261744345
Smp_157230	0.0702187857056723
Smp_157240	0.100246029919357
Smp_157250	0.0163553015086449
Smp_157290	0.0589335011906028
Smp_157300	0.0458967146136258
Smp_157310	0.21532373334236
Smp_157320	0.0307383545644441
Smp_157340	0.044285519398887
Smp_157350	0.049770547737588
Smp_157360	0.0145217693913501
Smp_157390	0.0657567173639259
Smp_157400	0.0473222340569944
Smp_157410	0.0698456233298225
Smp_157450	0.552080658182492
Smp_157470	0.0697892413459508
Smp_157510	0.0443558345265287
Smp_157540	0.00720327649120027
Smp_157560	0.0399016831822257
Smp_157570	0.051652703890348
Smp_157590	0.0601544848210644
Smp_157620	0.042231907931409
Smp_157640	0.288892771375377
Smp_157660	0.0313937187684264
Smp_157670	0.0783070812344851
Smp_157680	0.105730008095078
Smp_157690	0.143029858863792
Smp_157700	0.0654985065321408
Smp_157710	0.0117539073765017
Smp_157715	0.0709725760498715
Smp_157720	0.039967988760518
Smp_157730	1.10190541804796
Smp_157740	0.080295163540104
Smp_157750	0.0434107142024467
Smp_157760	0.134133138633134
Smp_157770	0.0353480696672168
Smp_157780	0.0895422595592253
Smp_157790	0.0514193910239474
Smp_157800	0.032561917502023
Smp_157830	0.0468613664739652
Smp_157840	0.139288385487726
Smp_157860	0.0364368150794067
Smp_157870	0.0658903303636802
Smp_157910	0.0198202505321582
Smp_157920	0.0371836375429078
Smp_157930	0.0259609567565763
Smp_157940	0.0110666216671851
Smp_157950	0.0350431861617874
Smp_157980	0.0319642029630007
Smp_158030	0.0262551015312611
Smp_158050	0.0879074383641761
Smp_158110	0.138668980450057
Smp_158130	0.0367989199215738
Smp_158140	0.0577445378390661
Smp_158150	0.354213566297549
Smp_158160	0.0510336906394546
Smp_158170	0.102998720995587
Smp_158180	0.085135091035827
Smp_158190	0.041617938611382
Smp_158230	0.0564647890676683
Smp_158240	0.039781149490921
Smp_158290	0.0864819913775455
Smp_158310	0.124012036896902
Smp_158320	0.0617934696291244
Smp_158330	0.10430569489104
Smp_158360	0.048655811106505
Smp_158380	0.0164767760732104
Smp_158400	0.0157028749215879
Smp_158430	0.0290244642801447
Smp_158440	0.0196118997798665
Smp_158450	0.0381570373302447
Smp_158460	0.0555012840905239
Smp_158480	0.237929336205523
Smp_158490	0.143087251845493
Smp_158520	0.174087219773193
Smp_158540	2.3180829721838
Smp_158550	0.0994964486439514
Smp_158560	0.0544741050518293
Smp_158570	0.965078023935282
Smp_158590	0.247747971397952
Smp_158600	0.0343942387944706
Smp_158610	0.0532189832146117
Smp_158620	0.0594997768377826
Smp_158630	0.0126772111490194
Smp_158640	0.147975326082316
Smp_158660	0.217057107374007
Smp_158670	0.0740528354382645
Smp_158690	0.0255666911868231
Smp_158700	0.0502008958806787
Smp_158720	0.0801078283601278
Smp_158730	0.0844054350847619
Smp_158740	0.0546458852437892
Smp_158750	0.10549441963209
Smp_158770	0.0500085814696163
Smp_158810	0.0319501280837869
Smp_158840	0.0128457113526044
Smp_158860	0.0577479899189897
Smp_158890	0.106233211526126
Smp_158910	0.158306291010074
Smp_158950	0.0858609154292356
Smp_158970	0.0185592727469842
Smp_158980	0.319882467942551
Smp_158990	0.0455663699185422
Smp_159020	0.248219801881252
Smp_159050	0.0873767763916161
Smp_159060	0.124563445233839
Smp_159070	0.0434110091077735
Smp_159090	0.0310408771869835
Smp_159100	0.0696101899469865
Smp_159110	0.0332896575978242
Smp_159120	0.022703477452036
Smp_159130	0.1229080546205
Smp_159140	0.0348830906628321
Smp_159150	0.041485242419218
Smp_159160	0.291961948519644
Smp_159180	0.0301836708359148
Smp_159190	0.0524145710806903
Smp_159290	0.418168647239387
Smp_159330	0.2437878325231
Smp_159340	0.0288751269369394
Smp_159350	0.0672828773842471
Smp_159370	0.059679415386774
Smp_159380	0.0554929624198876
Smp_159450	0.0772862938419964
Smp_159490	0.116626645493065
Smp_159510	0.0878988807975753
Smp_159520	2.71656525761442
Smp_159550	0.0370590559306434
Smp_159560	0.0529259104581783
Smp_159570	0.0467786055622187
Smp_159590	0.0361314412968453
Smp_159600	0.0765126016398956
Smp_159620	0.0923140954937329
Smp_159630	0.0686101210260165
Smp_159690	0.0151877944356963
Smp_159700	0.131770981802279
Smp_159730	0.0642473071712842
Smp_159740	0.0185378134816944
Smp_159750	0.0353262931183708
Smp_159780	0.0456494332426809
Smp_159790	0.08956395785233
Smp_159800	2.49338483106524
Smp_159830	1.60434752048941
Smp_159840	0.171576152476275
Smp_159860	0.121630707309703
Smp_159890	0.029133923143002
Smp_159910	0.0188421462188915
Smp_159930	0.113202146645862
Smp_159940	0.0194268710898486
Smp_159950	0.0471331085811081
Smp_159990	0.0438139505871803
Smp_160000	0.100011460759041
Smp_160070	0.0282265996578216
Smp_160090	0.0232754208288958
Smp_160100	0.0365656588034695
Smp_160140	0.122425779708573
Smp_160160	0.0333919521270263
Smp_160170	0.0424220719251766
Smp_160180	0.0273633797063458
Smp_160190	0.0112535334557619
Smp_160210	0.0738926308905064
Smp_160250	4.17991110956712
Smp_160270	0.0678218049993138
Smp_160290	0.07500531782235
Smp_160320	0.162351644989821
Smp_160340	5.89000445637884
Smp_160360	0.158965358091366
Smp_160370	0.095755413051664
Smp_160410	0.0498840949376097
Smp_160460	0.0631096040403432
Smp_160490	0.107371643402669
Smp_160530	0.0135108347187517
Smp_160540	0.146334836117824
Smp_160590	0.109282755126585
Smp_160600	0.0184025337621688
Smp_160610	0.0585111170750226
Smp_160670	0.195765993134806
Smp_160700	0.0701658553030737
Smp_160710	0.0555717855298328
Smp_160730	0.0323251044514556
Smp_160760	0.0396697221102327
Smp_160780	0.0439807386287792
Smp_160800	2.88015337516092
Smp_160810	0.0379210962884794
Smp_160820	0.0349764800140774
Smp_160830	0.0420632525912734
Smp_160850	0.098504913994569
Smp_160870	0.00925475633385185
Smp_160880	0.0581099917373771
Smp_160940	0.0150246707948443
Smp_160950	0.0283074131977449
Smp_161040	0.60038658196018
Smp_161060	0.526115762768336
Smp_161080	0.047428948730191
Smp_161110	0.0740113209612891
Smp_161120	0.0598856437236558
Smp_161130	0.0117955865818664
Smp_161140	0.0218171339344112
Smp_161160	0.0226398330971824
Smp_161170	0.0385801997874817
Smp_161210	0.141263149828
Smp_161220	0.264126174483458
Smp_161240	0.263951481768637
Smp_161250	0.0365492481722825
Smp_161290	0.0114572425015484
Smp_161330	0.077002025406992
Smp_161350	0.0138032653789871
Smp_161360	0.044139092420067
Smp_161370	0.0688374991104648
Smp_161380	0.0262184832227267
Smp_161400	0.0985070346154073
Smp_161450	0.0767103451149446
Smp_161500	0.0241576429073467
Smp_161510	0.040217405285595
Smp_161530	0.0861232708327402
Smp_161540	0.0346427160900933
Smp_161550	0.0145710847937148
Smp_161560	0.0346099928079874
Smp_161580	0.056138988960613
Smp_161650	0.16969270463248
Smp_161680	0.0211001875903154
Smp_161730	0.0780541143056074
Smp_161750	0.0136245273508112
Smp_161770	0.247116935290522
Smp_161790	0.0407701997342912
Smp_161800	0.0777837979534461
Smp_161820	0.0663303038881254
Smp_161850	0.0453770629491611
Smp_161870	0.163150818719347
Smp_161960	0.0472974661836286
Smp_161970	0.00915157828693353
Smp_161980	0.0735372661153696
Smp_162000	0.0773335742826605
Smp_162010	0.0759148816917969
Smp_162030	0.0188165464971807
Smp_162040	0.0249974304001341
Smp_162060	0.079478616228965
Smp_162080	0.0357230397188781
Smp_162100	0.0473048144953242
Smp_162110	0.110022994378611
Smp_162180	0.0739761897379331
Smp_162210	0.0559923073034794
Smp_162220	0.0411498833989914
Smp_162230	0.0197091448212765
Smp_162240	0.0796404915080433
Smp_162250	0.0776066233362202
Smp_162260	0.0299480205245797
Smp_162280	0.0111549888480775
Smp_162290	0.057825650144732
Smp_162300	0.0656235009032311
Smp_162310	0.024153347007696
Smp_162340	0.120080239809517
Smp_162350	0.139113402761125
Smp_162360	0.283355527345324
Smp_162370	0.328860417155945
Smp_162380	0.0591144790401343
Smp_162390	0.0234046419164341
Smp_162420	17.4200799560493
Smp_162440	0.047125386198821
Smp_162500	0.133103993859642
Smp_162510	0.0223147563216652
Smp_162520	0.0409181661603919
Smp_162540	0.746076051852678
Smp_162550	0.0971464564222123
Smp_162600	0.0654869135627888
Smp_162610	0.0332053883930839
Smp_162620	0.0326965395793756
Smp_162630	0.0400448534187595
Smp_162640	0.0555408750627225
Smp_162650	0.0227811494486994
Smp_162660	0.044172176043724
Smp_162680	0.0712658456082055
Smp_162710	0.0320689359471826
Smp_162760	0.154524844002903
Smp_162770	0.0733570910596285
Smp_162790	0.0348601686728338
Smp_162810	0.128568527318864
Smp_162840	0.213298293787546
Smp_162860	0.71552793692265
Smp_162900	0.051570261676817
Smp_162910	0.0226923484469902
Smp_162920	0.0180944699333873
Smp_162940	0.0492672413812643
Smp_162960	0.00984849007825469
Smp_162970	0.0652398855821668
Smp_162980	0.0928574969645274
Smp_163000	0.039574481270436
Smp_163030	0.00898386602220236
Smp_163050	0.0270418475084877
Smp_163080	0.0638083509132197
Smp_163090	0.0495484693622946
Smp_163110	0.0254475363002694
Smp_163140	0.118106350995191
Smp_163160	0.080598452001259
Smp_163170	0.0724216276420706
Smp_163180	0.0244185953784775
Smp_163210	0.0149761472957784
Smp_163220	0.011924932893132
Smp_163230	0.0147955437677272
Smp_163240	0.0891603241007604
Smp_163250	0.0694334205943591
Smp_163260	0.0327600718371678
Smp_163290	0.0963216215018241
Smp_163300	0.0290994435201765
Smp_163310	0.052335798975833
Smp_163320	0.0181627412602745
Smp_163330	0.0352397785087762
Smp_163340	0.11188786029236
Smp_163380	0.156184072858886
Smp_163420	0.0501130083354858
Smp_163430	0.0183173245827694
Smp_163450	0.108207329791441
Smp_163460	0.0483884578363077
Smp_163500	0.0604492600620669
Smp_163520	0.153230754414982
Smp_163550	0.0516878546049218
Smp_163560	0.0798299471244696
Smp_163570	0.1281424215744
Smp_163580	0.0598193599230788
Smp_163590	0.0800013873340022
Smp_163600	0.0208182470170575
Smp_163610	0.0550787639317771
Smp_163620	0.0635940147181346
Smp_163640	0.0151939176095503
Smp_163660	0.103530705185442
Smp_163670	0.0184385597006095
Smp_163710	0.181102642201135
Smp_163720	0.0428504850828787
Smp_163750	0.0796659877693622
Smp_163760	0.0709699127770873
Smp_163780	0.0562484878328255
Smp_163790	0.0745526688011513
Smp_163810	0.0914945497129706
Smp_163820	0.0607872533500368
Smp_163830	0.0264384605190071
Smp_163840	0.194459413467679
Smp_163850	0.0486231976215689
Smp_163880	0.0284599034639117
Smp_163930	0.119950259350759
Smp_163950	0.06628168118807
Smp_163970	0.086704967999832
Smp_163980	0.072103514982003
Smp_164010	0.017611443187221
Smp_164020	0.0524272389679465
Smp_164040	0.0359707760213752
Smp_164050	0.0182656067818998
Smp_164060	0.0514047452861349
Smp_164070	0.266358034615919
Smp_164080	0.0703374111660801
Smp_164100	0.558057818117852
Smp_164130	0.0322427790386405
Smp_164150	0.0546716968496839
Smp_164180	0.0755778321641513
Smp_164190	0.086611105636654
Smp_164200	0.012949921181269
Smp_164210	0.00935199065553922
Smp_164250	0.0107124832199416
Smp_164270	0.0484661783016002
Smp_164360	0.129668990949066
Smp_164380	0.0267854674186583
Smp_164400	0.825278348655647
Smp_164410	0.056246781337096
Smp_164480	0.463970604346941
Smp_164500	0.0091012557291811
Smp_164540	0.0287721942404879
Smp_164560	0.0442196689110394
Smp_164590	0.0908870212894446
Smp_164650	0.0332380018593204
Smp_164660	0.127590099189415
Smp_164730	0.0340428383796839
Smp_164740	0.914769774667477
Smp_164760	0.0713899380818256
Smp_164820	0.0268422884981556
Smp_164860	0.027105258084123
Smp_164880	0.0385180566160251
Smp_164890	0.0170842010351446
Smp_164930	0.062105883852651
Smp_164940	0.067738240059873
Smp_164950	0.0495354797821424
Smp_164960	0.0227478722649026
Smp_164990	0.0109791481385057
Smp_165000	0.0567445592912525
Smp_165030	0.0095281332454271
Smp_165040	0.148948915508069
Smp_165050	0.30404161974363
Smp_165060	0.0717184700384763
Smp_165070	0.0396516417014681
Smp_165080	0.0184216848598394
Smp_165150	0.0226685151752824
Smp_165170	0.040103127652089
Smp_165180	0.143223391422986
Smp_165190	0.00337305376988602
Smp_165200	0.0350099689179414
Smp_165220	0.0362370022856905
Smp_165230	0.158427846446515
Smp_165260	0.0174512845688089
Smp_165280	0.0635934166001089
Smp_165320	0.0239339831242101
Smp_165330	0.0397921265403205
Smp_165340	0.138665191807389
Smp_165350	0.0547024792540762
Smp_165360	0.679507603495309
Smp_165400	0.0485183604692591
Smp_165420	0.0581899671595706
Smp_165430	0.334206618724777
Smp_165440	0.0591655373274669
Smp_165450	0.175157986556188
Smp_165460	0.0471122043599618
Smp_165470	0.0648939837855929
Smp_165490	0.0265912841992849
Smp_165530	0.0492633223019626
Smp_165540	0.0291480819888872
Smp_165550	0.0264327155518012
Smp_165560	0.0256059242639152
Smp_165570	0.121232730104552
Smp_165580	0.0325966819843089
Smp_165590	0.862762035906458
Smp_165600	0.160960631262485
Smp_165610	0.0693830296486188
Smp_165630	0.0309615569142173
Smp_165660	0.0348353000348137
Smp_165680	0.0463416770052756
Smp_165690	0.180478936249944
Smp_165700	0.0344334230926209
Smp_165710	0.0590512993537239
Smp_165720	0.242345418877363
Smp_165750	0.326777299083578
Smp_165760	0.152250789762112
Smp_165780	0.0522535130808008
Smp_165790	0.220696763758456
Smp_165820	0.106309153377425
Smp_165830	0.0876562595991373
Smp_165840	0.0339411197174653
Smp_165850	0.0294077691671064
Smp_165870	0.0739842169829659
Smp_165930	0.0347290542445647
Smp_165940	0.0971128015515575
Smp_165950	0.136362410390368
Smp_165960	0.0232402234083042
Smp_165980	0.0286613185668016
Smp_166020	0.113969188280521
Smp_166040	0.0435432241147444
Smp_166070	0.0511041441085699
Smp_166080	0.0318277430336789
Smp_166090	0.0554958848258288
Smp_166120	0.100236135071794
Smp_166170	0.165167450561945
Smp_166180	0.0736750010675042
Smp_166200	0.0520314312908109
Smp_166220	0.0350887152880707
Smp_166230	0.0628029514284311
Smp_166280	0.0466312266429899
Smp_166290	0.0151848678385712
Smp_166300	0.039140798745722
Smp_166310	0.0366674126447328
Smp_166320	0.044022268870028
Smp_166340	0.14599446372645
Smp_166350	0.455630470144357
Smp_166370	0.0243858330502579
Smp_166390	0.0107927657704278
Smp_166400	0.0531779075633871
Smp_166420	0.0682152377536887
Smp_166430	0.149984011628839
Smp_166440	0.063815834554861
Smp_166500	0.0339288535580544
Smp_166530	0.125010463324673
Smp_166550	0.018578698472361
Smp_166560	0.0558791450643365
Smp_166580	0.0242588486529355
Smp_166600	0.104227567778753
Smp_166610	0.0882721540634285
Smp_166660	0.0427694366486108
Smp_166680	0.0108086030699715
Smp_166690	1.19714936310042
Smp_166720	0.788018012849723
Smp_166730	10.6669053865633
Smp_166780	0.0344791194482776
Smp_166790	0.0245360008166642
Smp_166800	0.128591630760198
Smp_166820	0.0504702359211857
Smp_166830	0.0105720675353403
Smp_166890	0.0354793482016306
Smp_166930	0.0574639553993558
Smp_166940	0.0246246152907533
Smp_166960	0.0623693569580445
Smp_166980	0.013475758970411
Smp_167000	0.0856368025825458
Smp_167010	0.0634226437563931
Smp_167020	0.0449412507652284
Smp_167140	0.0568315800962204
Smp_167160	0.0544150814903897
Smp_167170	0.0277802399823208
Smp_167190	0.0385491508039352
Smp_167200	0.0451118475094001
Smp_167220	0.0421353371429415
Smp_167230	0.0280693496605149
Smp_167240	0.0163857018021307
Smp_167280	0.049386016114503
Smp_167290	0.0567221491726918
Smp_167300	0.0340131100459323
Smp_167310	0.0182090563232132
Smp_167330	0.0237667187735558
Smp_167360	0.0511666536889891
Smp_167370	0.0498014462994075
Smp_167400	0.0457554262834259
Smp_167410	0.0275981781539928
Smp_167430	0.120155097828502
Smp_167450	0.0750132241880845
Smp_167470	0.0566346414599233
Smp_167500	0.0248790257536076
Smp_167520	0.0648929441090979
Smp_167540	0.0714193363205964
Smp_167550	0.0173538714208624
Smp_167590	0.0129536428717985
Smp_167630	0.0450141110600128
Smp_167640	0.104715753221384
Smp_167650	0.0385926631268405
Smp_167660	0.0417554556924143
Smp_167670	0.833614336209082
Smp_167680	0.0741525432192429
Smp_167750	0.11397140860665
Smp_167770	0.173173745968145
Smp_167780	75
Smp_167800	0.0255116467369371
Smp_167810	0.0900260587772214
Smp_167830	4.24018046318911
Smp_167840	0.195658217761293
Smp_167850	0.0243346700916036
Smp_167860	0.107525544460051
Smp_167870	0.825611412707187
Smp_167880	0.0331224640551129
Smp_167890	0.112945918411647
Smp_167920	0.124665137175125
Smp_167950	0.0154590530217445
Smp_168000	0.0283423407704742
Smp_168040	0.0815502867202917
Smp_168050	0.059446468776747
Smp_168080	0.21559518728836
Smp_168140	0.101160443987223
Smp_168160	0.0142475637570274
Smp_168170	0.0404556182623076
Smp_168200	0.0106815291351389
Smp_168240	0.0502422819532557
Smp_168250	0.795562530146434
Smp_168270	0.0512937423214981
Smp_168290	75
Smp_168310	0.110881272224964
Smp_168330	0.160460991620586
Smp_168340	0.0591458238147056
Smp_168350	0.139569879887579
Smp_168370	0.0303859149326582
Smp_168400	0.0527623597501956
Smp_168430	1.16343077814478
Smp_168450	0.0807229380419665
Smp_168460	0.165326619554297
Smp_168500	0.0596583095116425
Smp_168520	0.0350827860807267
Smp_168550	0.238767063164606
Smp_168590	0.104113184975094
Smp_168600	0.122250690070275
Smp_168610	0.123325096240206
Smp_168620	0.0684765510723391
Smp_168660	0.0404115394271504
Smp_168670	0.035600619022785
Smp_168730	0.0778063228761405
Smp_168760	0.0139367479587285
Smp_168770	0.121775374309858
Smp_168780	0.266544998694404
Smp_168800	0.0377902819905136
Smp_168890	0.0569333810640621
Smp_168930	0.0275078923394186
Smp_168990	0.215113828553948
Smp_169010	0.0757796896773195
Smp_169030	0.0391454995457245
Smp_169040	0.0128893857305888
Smp_169050	0.0192171524943909
Smp_169070	0.0543883674057402
Smp_169090	0.130855207395613
Smp_169140	0.0440504461676065
Smp_169150	0.0619665923447394
Smp_169180	0.0620881743001273
Smp_169190	0.521716619598137
Smp_169200	0.41522430493325
Smp_169220	0.107709864892241
Smp_169260	0.0560779625515593
Smp_169280	0.0165694957417175
Smp_169290	0.0584038529822411
Smp_169300	0.0147404592713338
Smp_169320	0.0591706550621376
Smp_169330	0.0479286979262755
Smp_169340	0.137596283558337
Smp_169350	0.36549378502391
Smp_169360	0.0351809892897921
Smp_169380	0.0723732377887582
Smp_169410	0.0622712836303845
Smp_169430	0.0748435788856564
Smp_169440	0.0971667850582624
Smp_169460	0.113484060107711
Smp_169470	0.0358488851966878
Smp_169480	0.0514080567381702
Smp_169520	0.0460953512048931
Smp_169530	0.0673552085185576
Smp_169550	0.0678439184338785
Smp_169580	0.0968748554887438
Smp_169610	0.025082266101559
Smp_169630	0.0307270482907199
Smp_169640	0.0223529824870483
Smp_169660	0.0422971215056104
Smp_169670	0.0378482017293579
Smp_169690	0.138850227961783
Smp_169700	0.0584923994065891
Smp_169720	0.0250798774848548
Smp_169730	0.0171356679585762
Smp_169750	0.0493931641380928
Smp_169760	0.0647630378024747
Smp_169780	0.0343345330928964
Smp_169800	0.012524888238971
Smp_169820	0.0374718592172994
Smp_169860	0.0750792702363206
Smp_169870	0.0573174920898768
Smp_169880	0.098907508182495
Smp_169890	0.04245593371282
Smp_169930	0.131703390469837
Smp_169940	0.0409401443839158
Smp_169950	0.031026929865399
Smp_169960	0.020632943718616
Smp_169970	0.0793239143479213
Smp_169980	0.0384935360025661
Smp_169990	0.0252499930072872
Smp_170010	0.225642270834381
Smp_170020	0.0570249166902383
Smp_170030	0.0189617078521012
Smp_170060	0.0172356467477129
Smp_170150	0.0496083192118231
Smp_170160	0.0224726764816009
Smp_170170	0.0374384779389207
Smp_170200	0.0699371072193415
Smp_170210	0.263531159597922
Smp_170230	0.026701025296382
Smp_170260	0.0150569897289536
Smp_170280	0.21730271685584
Smp_170290	0.0412671835750975
Smp_170300	0.0459068747164834
Smp_170320	0.0931699360965645
Smp_170340	0.125698227509873
Smp_170350	0.00739426198201563
Smp_170380	0.0352020764057913
Smp_170390	0.0278637296519251
Smp_170400	0.0333400520442194
Smp_170420	75
Smp_170430	0.113096464564606
Smp_170440	0.011028879884037
Smp_170450	0.0182494904578582
Smp_170490	0.259099325735794
Smp_170540	0.0751523766447138
Smp_170550	0.0142660036605814
Smp_170560	0.0664431002974987
Smp_170570	0.0461949546080084
Smp_170580	0.106352623307356
Smp_170600	0.27494789549899
Smp_170610	0.126403023008692
Smp_170620	0.0664472147873541
Smp_170630	0.157903658003952
Smp_170690	0.0203107721494934
Smp_170700	0.102963734217296
Smp_170740	0.21991440868635
Smp_170760	0.0713538893118822
Smp_170770	0.167484252422612
Smp_170790	0.0859078743446104
Smp_170800	0.0362790922206547
Smp_170810	0.165241512016069
Smp_170840	0.515435750086495
Smp_170890	0.439521547015302
Smp_170910	0.0247861843053597
Smp_170930	0.0556356293515535
Smp_170940	0.0583294139668967
Smp_170950	0.025704382497258
Smp_170980	0.231532207568421
Smp_171000	0.0837147827986832
Smp_171010	0.143771244834931
Smp_171020	0.0560273086505572
Smp_171030	0.0213038874307012
Smp_171040	0.0334466190975836
Smp_171060	0.194290595366001
Smp_171070	0.0297212752627807
Smp_171080	0.0992463828947967
Smp_171090	0.167118625156925
Smp_171120	0.082337321101224
Smp_171130	0.266370947328603
Smp_171140	0.0495028888941087
Smp_171150	0.0198473223761981
Smp_171170	0.044218564446837
Smp_171180	0.032467226211523
Smp_171190	0.0742809980139851
Smp_171200	0.0320454110791465
Smp_171270	0.0579119847602101
Smp_171280	0.0784946297996419
Smp_171310	0.516450171778428
Smp_171370	0.0585428971276704
Smp_171460	0.0540792120981789
Smp_171490	0.0566267202342546
Smp_171530	0.0110660434661697
Smp_171540	0.0630053812712287
Smp_171550	0.0773436936330603
Smp_171580	0.114106733102219
Smp_171600	0.0639836186183211
Smp_171610	0.152006548643922
Smp_171620	0.0646267460142216
Smp_171630	0.0166616122852536
Smp_171640	0.0716091892444022
Smp_171660	0.101119662581451
Smp_171670	0.0258062858045886
Smp_171680	0.0822300706990246
Smp_171710	0.0693249666555365
Smp_171720	0.0271665164934789
Smp_171730	0.149548832032034
Smp_171740	0.0347845198317941
Smp_171750	0.10665879269054
Smp_171770	0.0251835478974034
Smp_171780	0.131919094349974
Smp_171790	0.0988734224364462
Smp_171820	0.0511304298291416
Smp_171860	0.0278559119572905
Smp_171870	0.0204521053112022
Smp_171880	0.0443655586656432
Smp_171940	0.024940898739422
Smp_172030	0.00679685070145688
Smp_172040	0.0707447194312528
Smp_172050	0.0151020926452748
Smp_172060	0.0290006228781922
Smp_172070	0.0328340208906949
Smp_172090	0.071742537053476
Smp_172110	0.0388509083931369
Smp_172120	0.113162932005002
Smp_172130	0.0687557203932793
Smp_172140	0.124716024713749
Smp_172150	0.243575880952134
Smp_172160	0.0213978093555655
Smp_172170	0.614774172124002
Smp_172180	0.196011095314847
Smp_172190	0.129954482896459
Smp_172200	0.0403779403448331
Smp_172210	0.0728725935843363
Smp_172220	0.0127351480974172
Smp_172240	0.0196176801060889
Smp_172250	0.13575415962605
Smp_172270	0.0309419380865108
Smp_172280	0.0339545093468641
Smp_172340	0.161046232423326
Smp_172360	0.0567435780280114
Smp_172370	0.0446356772390604
Smp_172400	0.0453518923124736
Smp_172420	0.0797078349522945
Smp_172440	1.25464307375216
Smp_172460	0.104797549859968
Smp_172470	0.0791912315037239
Smp_172480	0.112194618570204
Smp_172490	0.00762063963945104
Smp_172510	0.0257576358985215
Smp_172520	0.428277538377868
Smp_172530	0.0885676293951586
Smp_172540	0.0241822674799271
Smp_172580	0.0512072333352704
Smp_172590	0.163743653724689
Smp_172610	0.0883876912745749
Smp_172640	0.0868225191989783
Smp_172660	0.0438583178488223
Smp_172700	0.036017442017081
Smp_172730	0.0452759045212811
Smp_172780	0.0469762249579136
Smp_172790	0.0218704120434775
Smp_172810	0.0712975337287863
Smp_172850	0.049363038284378
Smp_172990	0.0219511473938442
Smp_173000	0.119841209184008
Smp_173010	0.0967927594193269
Smp_173020	0.0414710177951619
Smp_173060	0.0411181760134862
Smp_173100	0.0342798845336753
Smp_173110	0.0421474517502945
Smp_173120	0.0320806510467729
Smp_173140	0.0184411583309541
Smp_173150	0.244339917049839
Smp_173160	0.868820848360616
Smp_173180	0.0162316816224757
Smp_173190	0.0280698858933428
Smp_173200	10.9172593541434
Smp_173210	0.112214840280718
Smp_173230	0.0477017054840379
Smp_173240	0.0472466678884448
Smp_173250	0.0620180924967049
Smp_173280	0.124691984352126
Smp_173320	0.0373122364738256
Smp_173330	0.0372907441411385
Smp_173340	0.0167920614844615
Smp_173350	0.77462979001806
Smp_173360	0.545316164927724
Smp_173380	0.0626657999134676
Smp_173410	0.100754053035503
Smp_173420	0.0337493883059152
Smp_173480	0.0990718307067811
Smp_173550	0.0341255136382217
Smp_173580	0.0339479346739379
Smp_173610	0.0886984926094426
Smp_173620	0.049828202019676
Smp_173640	0.0096037316603823
Smp_173650	0.0173293931899241
Smp_173700	0.0729296804076433
Smp_173730	0.0242597855828675
Smp_173760	0.0321019658053271
Smp_173790	0.0228776976654556
Smp_173810	0.0145995137857344
Smp_173840	0.0210787574035647
Smp_173880	0.0293556447201447
Smp_173900	0.0424905101217914
Smp_173910	0.103948651980824
Smp_173940	0.0281696454193734
Smp_174060	0.384982480700722
Smp_174090	0.0893138024340143
Smp_174110	0.0478081785435332
Smp_174130	0.0235725392483242
Smp_174170	0.059555640116623
Smp_174190	0.0932573434620215
Smp_174220	0.185181418404371
Smp_174230	0.0949462505391346
Smp_174240	0.0772583685375869
Smp_174250	31.8791943937362
Smp_174260	0.0770852297093572
Smp_174300	0.0515916016080691
Smp_174310	0.0503773681547448
Smp_174320	0.0690057239975565
Smp_174350	0.0591249015917303
Smp_174370	0.096436190465759
Smp_174380	0.0669939608298502
Smp_174390	0.0639744500501872
Smp_174410	0.0366507054023612
Smp_174420	0.0673752239298532
Smp_174450	0.0283579161973215
Smp_174490	0.022043097542966
Smp_174510	0.214405804839032
Smp_174520	0.393593014896958
Smp_174580	0.0337189792309292
Smp_174610	0.0592806212974798
Smp_174630	0.0916170126548145
Smp_174660	0.0502742655969061
Smp_174670	0.00731311576609873
Smp_174680	0.0344049461667064
Smp_174690	0.0445955650479834
Smp_174700	0.102830234827028
Smp_174710	0.0248335041374187
Smp_174720	0.194884065982668
Smp_174780	0.161886037501728
Smp_174800	0.0269459544169901
Smp_174810	0.130173400397598
Smp_174850	0.150596719796453
Smp_174870	0.0586708679964951
Smp_174880	0.0734757455428269
Smp_174890	0.0168150348655598
Smp_174920	0.0960389113125646
Smp_174950	0.173100861896678
Smp_174960	0.0683633002348199
Smp_174990	0.00777049321700077
Smp_175020	0.0633846907758523
Smp_175090	0.0222604029915309
Smp_175190	0.426381137790934
Smp_175200	0.0262717465015694
Smp_175210	0.154125392472254
Smp_175230	0.106239847516044
Smp_175240	0.266406086432424
Smp_175270	0.0431713136148673
Smp_175310	0.0356425200866495
Smp_175340	0.0226515612860032
Smp_175390	0.0813232439820522
Smp_175400	5.01326874181947
Smp_175410	0.0863381152018593
Smp_175420	0.0980898189803621
Smp_175430	0.039728879655962
Smp_175500	0.0895041642991186
Smp_175510	0.035610462619412
Smp_175550	0.183560838695361
Smp_175570	0.0249480291053479
Smp_175580	0.0874538153899268
Smp_175590	0.0678119458847161
Smp_175610	0.064374515222835
Smp_175630	0.089687624498178
Smp_175640	0.0494690903964744
Smp_175660	0.0232683026940083
Smp_175680	0.0445354880186995
Smp_175710	0.0675496643776664
Smp_175740	0.161309601152148
Smp_175780	0.0691260395034063
Smp_175810	0.0307027895170235
Smp_175840	0.0155118617815206
Smp_175860	0.11745038194661
Smp_175880	0.199125969449693
Smp_175900	0.0578064222090093
Smp_175910	0.0125093109028367
Smp_175920	0.0845560286682391
Smp_175930	0.0187688786439609
Smp_175950	0.0460434893352503
Smp_175980	0.0623676360849985
Smp_176000	0.073278718992479
Smp_176010	0.116762405075097
Smp_176020	0.0800443547676264
Smp_176040	0.0288411121068561
Smp_176050	0.0765128329524136
Smp_176070	0.0630210010877655
Smp_176080	0.0372648461974491
Smp_176090	0.0196864391121663
Smp_176100	0.0313388704774697
Smp_176110	0.0891073226805243
Smp_176150	0.0282132781638441
Smp_176160	75
Smp_176170	49.7563510597329
Smp_176180	1.47236846445098
Smp_176200	0.130919909763754
Smp_176230	0.0213641926585692
Smp_176260	0.129766983791806
Smp_176270	0.0101784810082177
Smp_176290	0.0110517248642635
Smp_176300	0.147832144247083
Smp_176310	0.0370290054749197
Smp_176340	0.0309848375726759
Smp_176350	0.0640759472119592
Smp_176370	0.0230808438462856
Smp_176380	0.0075669771302228
Smp_176390	0.0561899067314046
Smp_176410	0.0412470742193827
Smp_176420	0.0542396312607122
Smp_176430	0.0414689973035629
Smp_176440	0.019307179234765
Smp_176460	0.0100776164830336
Smp_176490	0.00946308948221656
Smp_176540	0.0613911097084508
Smp_176570	0.0350869857970517
Smp_176580	0.068120680475525
Smp_176600	0.0412891093823177
Smp_176620	0.0529605928010733
Smp_176630	0.0182721705740465
Smp_176640	0.0450517323677333
Smp_176650	0.0353194942037075
Smp_176700	4.3491980861456
Smp_176710	0.0631025647635034
Smp_176720	0.0885305146897467
Smp_176750	0.0104645556710352
Smp_176760	0.0325819403581146
Smp_176780	0.0577393606497125
Smp_176810	0.041125968793428
Smp_176820	0.0648225405634695
Smp_176840	0.0444228846577923
Smp_176850	0.141659927067214
Smp_176910	0.0951300599000509
Smp_176930	0.107252291095637
Smp_176940	0.0414315213199041
Smp_176950	0.0194384274431525
Smp_176960	0.0176234939310914
Smp_176980	0.201201486439951
Smp_177010	0.211803256203936
Smp_177020	0.0248919346607516
Smp_177040	0.0396985196866004
Smp_177060	0.0220297407042109
Smp_177080	0.0186817699278826
Smp_177100	0.167265061733601
Smp_177120	0.0255630627100624
Smp_177180	0.11003743316356
Smp_177290	0.234042370935729
Smp_177720	3.70882277858964
Smp_177780	0.161030696109455
Smp_177790	0.0504355264824162
Smp_178170	2.30661923121335
Smp_178230	0.0588751852251485
Smp_178360	0.0329921007016889
Smp_178410	0.0107055156985683
Smp_178420	0.441582982002421
Smp_178490	0.0252691427765402
Smp_178700	0.0103191117040461
Smp_178710	0.102129245068386
Smp_178740	0.0608416088345083
Smp_178750	0.0328463656586493
Smp_178760	0.174041924113587
Smp_178780	0.17671449939137
Smp_178810	0.0569951764405232
Smp_178850	0.0411304109563874
Smp_178990	0.0601851798213369
Smp_179000	0.048854222573109
Smp_179010	0.079831449869052
Smp_179070	0.0589982472273362
Smp_179080	0.0634160818777482
Smp_179110	0.129560430825422
Smp_179130	0.139725037876039
Smp_179180	0.034210014894815
Smp_179200	0.219924597137202
Smp_179250	1.94275074447317
Smp_179270	0.023507864516601
Smp_179290	0.0793287451291045
Smp_179300	0.0757343095767125
Smp_179320	0.0869815208816517
Smp_179350	0.0647614918110687
Smp_179360	0.0676201226082039
Smp_179380	0.0916250422511872
Smp_179390	0.0980853367007268
Smp_179460	0.207143244930188
Smp_179490	0.0748874868441596
Smp_179560	0.0363202684437086
Smp_179590	0.0227352209208734
Smp_179600	1.03591563671791
Smp_179610	0.0219106027953125
Smp_179620	0.114325887316539
Smp_179650	0.032398715911804
Smp_179660	0.0356874162398445
Smp_179710	0.0368915476844878
Smp_179720	0.0289990455000842
Smp_179740	0.0348772024875459
Smp_179810	0.0528609651676999
Smp_179890	0.0395251097903603
Smp_179910	0.0577735382801599
Smp_179930	0.021949694519236
Smp_179940	0.0653177105298069
Smp_179960	22.5309978383392
Smp_179970	0.296897467413994
Smp_180000	0.0958781340419579
Smp_180020	0.0488935776316908
Smp_180030	0.142878535370187
Smp_180040	0.0172665469924043
Smp_180060	0.0999118248064273
Smp_180070	0.0614716426075051
Smp_180140	0.273666743951656
Smp_180150	0.0668583746248336
Smp_180160	0.0113309082496111
Smp_180170	0.111666220943209
Smp_180180	0.0426196118141847
Smp_180190	0.0949540867606389
Smp_180200	0.0760178798547323
Smp_180240	0.0513536909732574
Smp_180260	0.660451825929392
Smp_180310	9.48980068825665
Smp_180320	1.58266653507396
Smp_180330	2.55073489348845
Smp_180340	2.96173727063104
Smp_180350	0.0804664276844676
Smp_180360	0.0165009602821666
Smp_180370	0.0306958689623135
Smp_180380	0.0100214433895797
Smp_180390	0.0307032229691357
Smp_180400	0.0421491549215025
Smp_180430	0.297045168240771
Smp_180470	0.014736900336601
Smp_180480	0.0359712703206989
Smp_180500	0.183195121575339
Smp_180520	0.0334368013639371
Smp_180540	0.0145795695825065
Smp_180570	0.0552025588853423
Smp_180580	0.0927325306676985
Smp_180590	0.0933009209943028
Smp_180620	0.158623630706755
Smp_180660	0.112859407638307
Smp_180680	0.0592214907600854
Smp_180690	0.123180637120451
Smp_180740	0.0325669924622214
Smp_180790	0.0223408303963744
Smp_180800	0.0448951165082598
Smp_180810	0.55480383222004
Smp_180890	0.0741552790817054
Smp_180900	0.0525619686086578
Smp_180910	0.117430410248456
Smp_181000	0.021533160395923
Smp_181040	0.0425142000507897
Smp_181050	0.0427831749525418
Smp_181060	0.121671284873259
Smp_181070	0.247725434423351
Smp_181080	0.059988047583278
Smp_181090	0.0314906443001579
Smp_181120	0.0161136123880623
Smp_181130	0.0173469253807988
Smp_181150	0.039033648778623
Smp_181160	0.138333189574275
Smp_181170	0.0576088214877822
Smp_181180	0.243600045160293
Smp_181230	0.0380694411476462
Smp_181240	0.0111578190112643
Smp_181250	0.0635540052431244
Smp_181270	0.0254234987728365
Smp_181290	0.0339868290390842
Smp_181390	0.16947503180487
Smp_181410	0.121082415926838
Smp_181440	0.0717030382163759
Smp_181450	0.057681233073033
Smp_181460	0.0131449945957036
Smp_181470	0.0316364708431989
Smp_181480	0.0145553155747851
Smp_181490	0.0240925385952928
Smp_181720	1.73835816156116
Smp_181730	0.899437805233859
Smp_181870	0.0696677953515628
Smp_182090	0.151558241620806
Smp_182600	0.144568757445273
Smp_182620	0.0408191825507158
Smp_182890	0.138119590733724
Smp_183710	0.0424082596475836
Smp_183870	0.562568228309206
Smp_184350	0.0397093777723289
Smp_185180	0.225967986355247
Smp_185420	0.056762301712319
Smp_185460	0.757247651882925
Smp_185560	5.3203418152621
Smp_185680	0.275597859178468
Smp_186560	0.0147199853928431
Smp_186670	0.072941503903915
Smp_186710	5.42529110476536
Smp_186780	0.182989254535503
Smp_186920	0.140952746703467
Smp_186930	0.262535896579926
Smp_187090	0.190905210953107
Smp_187140	0.390059804404213
Smp_187190	0.0182454871839359
Smp_187360	0.161443246012802
Smp_187410	0.150291738618085
Smp_187800	0.0642711653038885
Smp_187940	0.0433629125023142
Smp_188200	0.192021975127527
Smp_188430	0.0385265495294811
Smp_188580	0.127497817781677
Smp_189830	0.0880529099257086
Smp_189960	0.0251002074439469
Smp_190020	0.0288602168274827
Smp_190140	0.172957580132559
Smp_190770	0.0263368567385274
Smp_190940	0.084062120060678
Smp_191160	0.0466650262513175
Smp_191210	0.0890995734249893
Smp_191310	0.0725791977105628
Smp_191360	0.0136303938828693
Smp_191400	0.198349844039564
Smp_191670	0.18892146925784
Smp_191870	0.0135368601969247
Smp_191910	0.749399482463231
Smp_191970	0.064438455808024
Smp_192010	0.188602808845183
Smp_192050	1.12537243361337
Smp_192400	0.0286515270795295
Smp_192570	0.179822964009589
Smp_192610	0.0975035188706318
Smp_192670	0.212310080134388
Smp_192780	0.167470924493138
Smp_193150	0.0814266271142099
Smp_193400	0.306643209154559
Smp_193440	0.0617863447246021
Smp_193610	0.0887660651363397
Smp_193680	0.702953920016229
Smp_193750	0.0321652870993235
Smp_193800	0.307633746109781
Smp_194030	0.0425338000675993
Smp_194040	0.0520817375967196
Smp_194050	0.116934779928687
Smp_194090	0.0772803628714571
Smp_194100	0.0555535996720896
Smp_194130	0.24596529963486
Smp_194160	0.0310953709239213
Smp_194170	0.0971247298804569
Smp_194240	0.086967928064042
Smp_194270	0.0273393840904882
Smp_194280	0.19173714763149
Smp_194290	75
Smp_194370	0.0489674782695103
Smp_194380	0.101905154926226
Smp_194390	0.0388387459786997
Smp_194410	0.493393306982604
Smp_194420	0.074249756320514
Smp_194430	0.0401292780527284
Smp_194520	0.00684761911031673
Smp_194560	0.152184328143455
Smp_194570	0.0170869066936607
Smp_194580	0.0394308512658756
Smp_194590	0.0151276313418358
Smp_194610	0.0335843832360779
Smp_194620	0.0139665112011297
Smp_194650	0.0395566904261541
Smp_194680	0.0308275527553798
Smp_194700	0.170178428994908
Smp_194710	0.0432797473561147
Smp_194720	0.0895526409517888
Smp_194730	0.0610838166760775
Smp_194740	0.0267185849635966
Smp_194750	0.525178868041066
Smp_194770	0.154579996493439
Smp_194780	0.0440733720810041
Smp_194800	0.0700534013580424
Smp_194820	0.0708828626308523
Smp_194830	0.330469869780511
Smp_194840	0.157320810493172
Smp_194870	0.417340782441888
Smp_194900	0.0567770681969769
Smp_194910	0.320458091132382
Smp_194920	0.0232825664015441
Smp_194930	0.0621239815534155
Smp_194940	0.15261969045141
Smp_194970	0.387466303611348
Smp_194980	0.147629028876448
Smp_195060	0.170108605053204
Smp_195070	0.372076996420969
Smp_195080	0.100076650352055
Smp_195090	0.18442033979475
Smp_195190	0.520709354860197
Smp_196020	0.0338446073402294
Smp_196030	0.0340738985812168
Smp_196040	0.0161175352797404
Smp_196090	0.0761762006136856
Smp_196110	0.0158106705578141
Smp_196140	0.0729863607489447
Smp_196150	0.0115256913332177
Smp_196160	0.0398058100636269
Smp_196220	0.0470978909940016
Smp_196230	0.126344098418246
Smp_196260	0.0529567088455008
Smp_196290	0.0332826734873049
Smp_196300	0.0507933095207656
Smp_196370	0.0810090567153833
Smp_196400	0.0339040536216028
Smp_196410	0.0821488830914104
Smp_196480	0.124222252341656
Smp_196510	0.0327893796710139
Smp_196600	0.0532954867550809
Smp_196620	0.0957707658191693
Smp_196690	0.0391650599776396
Smp_196700	0.0949591862732596
Smp_196790	0.140473847742508
Smp_196810	0.0826919329639419
Smp_196840	0.0747046628629241
Smp_196880	0.0693941789572786
Smp_196900	0.172531208963335
Smp_196910	0.0450538350352339
Smp_196920	0.0272837226875673
Smp_196925	0.361358651012071
Smp_196950	0.103891257442167
Smp_197010	75
Smp_197070	0.397695000821834
Smp_197150	0.111848904467536
Smp_197170	25.4195247629422
Smp_197180	0.0105155538431878
Smp_197230	0.0365895010434839
Smp_197370	0.282094849230305
Smp_197390	0.0316846692716857
Smp_197480	0.00796245641752691
Smp_197540	0.00678114818062702
Smp_197640	0.0735491475911953
Smp_197690	0.17336174050831
Smp_197700	0.0592131612379686
Smp_197730	0.0351232105268934
Smp_197860	0.185543853598735
Smp_197880	0.05100168539234
Smp_197890	0.0171809320441862
Smp_197950	0.113276437635277
Smp_198020	1.27664073354823
Smp_198170	0.53865800551587
Smp_198190	0.0186078425530233
Smp_198290	0.0479381506901635
Smp_198330	0.0693444439668512
Smp_198360	0.047418215790048
Smp_198380	0.0574846530435919
Smp_198420	0.0888013456827045
Smp_198520	0.0310174181534574
Smp_198530	0.0106633200997031
Smp_198560	0.22094465707833
Smp_198590	0.121180676047154
Smp_198660	0.0546236413179236
Smp_198670	0.0280900779646653
Smp_198680	0.0333417755275249
Smp_198730	0.0986495185243633
Smp_198750	0.0274644106478883
Smp_198790	0.069222217711418
Smp_198800	0.0109545519878514
Smp_198850	0.0545112027690774
Smp_198890	0.0276927609874321
Smp_198920	0.0644723275587467
Smp_198930	0.182199163699246
Smp_198940	0.015658066815984
Smp_198980	0.0639720133046575
Smp_199040	0.0236427722424161
Smp_199050	0.0295345659033149
Smp_199100	0.0164961105552568
Smp_199340	0.115810638650255
Smp_199800	0.041183314707504
Smp_200020	0.0410263570919994
Smp_200060	0.0665954682893601
Smp_200090	0.134007587447613
Smp_200100	0.196826744915237
Smp_200110	0.124135202210393
Smp_200130	0.119830849113127
Smp_200160	23.2759796129929
Smp_200180	0.18471278479328
Smp_200190	0.139937183876883
Smp_200230	0.0429007035538997
Smp_200240	0.0729631360158059
Smp_200300	0.0243277700823577
Smp_200310	0.0931334277906837
Smp_200380	0.0193100455188223
Smp_200410	0.0351947262665549
Smp_200440	0.146684219398914
Smp_200450	0.0806777802213322
Smp_200460	0.25210002817926
Smp_200520	0.0503414788252466
Smp_200530	0.101026553480917
Smp_200540	0.500070286239968
Smp_200570	0.198758999514735
Smp_200600	0.30717435411178
Smp_200610	0.147961903232381
Smp_200620	1.83273219536985
Smp_200650	1.13374899500106
Smp_200670	0.28389750006691
Smp_200710	0.578865192107654
Smp_200770	28.1690216342411
Smp_200790	75
Smp_200800	0.308098303209873
Smp_200820	75
Smp_200840	0.794870885907402
Smp_200850	2.45025383933167
Smp_200900	3.95998875123281
Smp_200910	4.54016939267745
Smp_200960	0.173437242920231
Smp_200970	0.538217628347952
Smp_200980	0.448145707533304
Smp_201000	15.5831703520807
Smp_201030	0.159258895801246
Smp_201060	0.217529846895095
Smp_201070	2.09953210117516
Smp_201130	0.0941614617036393
Smp_201180	75
Smp_201210	0.228980937307309
Smp_201220	0.0388275577136238
Smp_201230	0.0536535478680486
Smp_201260	0.776232252701084
Smp_201320	0.231429876395873
Smp_201330	0.194338436424335
Smp_201340	0.804852897550557
Smp_201440	0.154164432979249
Smp_201450	0.464174024143737
Smp_201470	0.199940004016506
Smp_201520	58.9514609562895
Smp_201530	5.32178492357231
Smp_201600	0.17006767713738
Smp_201670	0.467459616891511
Smp_201680	0.0928849276110983
Smp_201690	2.93683817074738
Smp_201700	0.0493654906812231
Smp_201730	0.171791328006364
Smp_201810	0.150990926511914
Smp_201820	0.0923757858133988
Smp_201870	14.7771687390893
Smp_201940	0.43987487832146
Smp_201950	0.104309812173058
Smp_201970	0.17564692014394
Smp_202010	0.895091909823085
Smp_202120	0.110615035161567
Smp_202130	0.175286633852073
Smp_202170	0.0786409103701424
Smp_202180	75
Smp_202190	0.0903758565042433
Smp_202200	0.203132151696628
Smp_202260	0.237826116468985
Smp_202350	2.67261769977518
Smp_202370	0.112509043161878
Smp_202400	0.0485218886294599
Smp_202470	0.0884988701404311
Smp_202580	1.44237859374748
Smp_202610	0.419988921807338
Smp_202620	0.0664142878224109
Smp_202630	0.0545176854984198
Smp_202660	1.76138456940036
Smp_202680	0.156650515184828
Smp_202690	0.0980036961051612
Smp_202700	0.581886011671075
Smp_202720	0.268859474981694
Smp_202770	0.192493706654913
Smp_202850	0.0597585409873826
Smp_202920	0.0481118528776394
Smp_202970	0.41209565142973
Smp_202980	0.183227851907086
Smp_202990	2.12333902862609
Smp_203010	3.12268839119439
Smp_203020	75
Smp_203030	0.224686320614791
Smp_203090	0.400134810402397
Smp_203130	0.0698207696204323
Smp_203170	0.248686019164787
Smp_203190	0.227265963993259
Smp_203200	0.0396740599675424
Smp_203270	0.122666161143062
Smp_203280	0.16033211346059
Smp_203310	0.0979573202056012
Smp_203390	0.0272721210388323
Smp_203400	0.153251979932263
Smp_203410	0.0645120419658436
Smp_203460	10.0974885702531
Smp_203480	0.0347179839350897
Smp_203500	0.120825941810775
Smp_203580	0.220311949154664
Smp_203600	0.0375525608771372
Smp_203630	0.0252733099427279
Smp_203635	0.0485222022293556
Smp_203680	0.686707219021032
Smp_203720	0.268860961706015
Smp_203810	0.024286159741686
Smp_203830	0.173182957651506
Smp_203950	0.0829148305009542
Smp_203970	0.083487092773743
Smp_203990	0.111483712848959
Smp_204010	0.0409930331793173
Smp_204020	0.158398412993277
Smp_204040	0.28765663803427
Smp_204060	0.200403418623787
Smp_204070	0.176331999693983
Smp_204120	0.19267486895135
Smp_204150	0.0982487258232808
Smp_204160	0.0555002602646144
Smp_204230	0.114103984860561
Smp_204250	0.560723309252687
Smp_204260	0.0927208773631589
Smp_204280	75
Smp_204290	13.7851578789798
Smp_204350	0.172639205776584
Smp_204370	75
Smp_204380	0.0245186622918175
Smp_204390	0.130120157112594
Smp_204420	1.07836121620853
Smp_204550	0.106055561789792
Smp_204690	0.869658412123123
Smp_204710	0.105281199449752
Smp_204720	0.069573842432516
Smp_204730	0.070812779054401
Smp_204740	0.00986461509708567
Smp_204750	0.0533629476987539
Smp_204770	0.049223276870147
Smp_204820	0.746662064919964
Smp_204840	0.661173818681678
Smp_204860	3.0662694197646
Smp_204880	0.0301708157576211
Smp_204920	0.105546917505532
Smp_204940	0.578427777552725
Smp_204980	0.080749827217963
Smp_205000	1.0502158681287
Smp_205170	0.393421066659211
Smp_205270	0.215680126731972
Smp_205300	0.985033735803982
Smp_205410	0.24377062032025
Smp_205560	0.813342859108628
Smp_205570	0.192021776875916
Smp_205660	0.072377260835644
Smp_205710	0.195906848884765
Smp_205760	0.153501490757305
Smp_205780	1.13106419811278
Smp_205840	0.036113121153021
Smp_207000	0.108169858863197
Smp_207020	0.0592544866731994
Smp_207030	0.0060115907447631
Smp_207040	0.074408260576427
Smp_207050	0.023982975769034
Smp_207070	0.0260049263050149
Smp_207080	0.0424817180666634
Smp_208000	0.0444588367881596
Smp_208010	0.0136659510914496
Smp_208020	0.0184494739255555
Smp_208050	0.0738781506867461
Smp_208080	0.0691914401060855
Smp_208090	0.12545809827961
Smp_209030	0.0308340481780632
Smp_209040	0.0606189222915067
Smp_209050	0.0336039975520016
Smp_210070	0.0583590108298027
Smp_210080	0.0404827913198079
Smp_210090	0.0459733502746733
Smp_210120	0.119312504860132
Smp_210130	0.0222345614663425
Smp_210150	0.0237036704248287
Smp_210160	0.130974962927585
Smp_210170	0.0484147249666677
Smp_210180	0.171782621990703
Smp_210200	0.0532728912613351
Smp_210250	0.011157482136314
Smp_210280	0.101750185717095
Smp_210300	0.135125109733501
Smp_210310	0.0238905645630962
Smp_210320	0.0447561278811544
Smp_210330	0.0190611514878825
Smp_210340	0.0105350610097227
Smp_210370	0.0182955531229159
Smp_210380	0.0334875401665985
Smp_210390	0.0947170882580501
Smp_210400	0.0487198932409451
Smp_210420	0.0436269539050855
Smp_210430	0.0646305156239941
Smp_210440	0.0242172287768712
Smp_210450	0.0199425786084217
Smp_210470	0.0124458513027694
Smp_210480	0.0677457972307713
Smp_210500	0.0267201593898647
Smp_210510	0.0390553548672132
Smp_210520	0.0304777873586798
Smp_210530	0.0171678403608071
Smp_210540	0.115645214274645
Smp_210550	0.0524540895392441
Smp_210570	0.0200677008398383
Smp_210580	0.061112542583963
Smp_210630	0.0742228801946111
Smp_210650	0.0755681413516063
Smp_210660	0.054817278455154
Smp_210670	0.0479186584498408
Smp_210680	0.0397782282659695
Smp_210720	0.150039797275316
Smp_210740	0.0452498285024006
Smp_210750	0.0906162933747635
Smp_210770	0.0157343174561533
Smp_210780	0.0133246360442217
Smp_210790	0.0631048427950471
Smp_210800	0.143294047240894
Smp_210810	0.0150989129106529
Smp_210820	0.0398089178856533
Smp_210830	0.190978751614131
Smp_210860	0.0774550495130689
Smp_210890	0.0388840359159045
Smp_210900	0.0973539459044579
Smp_210920	0.0178122257216199
Smp_210930	0.0566064270786923
Smp_210940	0.08490992726867
Smp_210950	0.0712275226835864
Smp_210960	0.0862196030411438
Smp_210970	0.0241685862280618
Smp_210980	0.0216878953740735
Smp_211020	0.0669605891356296
Smp_211030	0.0198670256657037
Smp_211040	0.0546515224279421
Smp_211050	0.0137108807607805
Smp_211060	0.0389360927787302
Smp_211070	0.0144966540093235
Smp_211080	0.0119522498966013
Smp_211100	0.0517756243153315
Smp_211120	0.0237012221733433
Smp_211130	0.0401056216072551
Smp_211140	0.110233360818505
Smp_211150	0.0466701390042374
Smp_211160	0.0603992670270398
Smp_211170	0.026019512345137
Smp_211190	0.0597413547945672
Smp_211200	0.0101789878125256
Smp_211250	0.151858978656507
Smp_211260	0.0124970763623209
Smp_211270	0.0291647278535249
Smp_211280	0.0366414019762221
Smp_211300	0.0178980546238509
Smp_211320	0.0126794737121431
Smp_211330	0.024865132981019
Smp_212030	0.0389759609689424
Smp_212060	0.0316046707585392
Smp_212080	0.041485710174225
Smp_212140	0.0286341647888568
Smp_212180	0.0868039969369269
Smp_212190	0.0411602177608903
Smp_212200	0.0864675245158223
Smp_212230	0.0612635324226403
Smp_212240	0.0585231179664267
Smp_212250	0.0675888602182084
Smp_212260	0.0252086008086824
Smp_212300	0.065648763427592
Smp_212310	0.023785148661138
Smp_212320	75
Smp_212340	0.0152641919719079
Smp_212350	0.125553526990318
Smp_212360	0.0322618906252628
Smp_212380	0.0478864949347535
Smp_212390	0.0531938073187287
Smp_212410	0.0354080715984484
Smp_212490	0.0786339896814423
Smp_212540	0.0220070722110469
Smp_212560	0.162746691076819
Smp_212600	0.0457769949626849
Smp_212710	0.147754948128084
Smp_212720	0.152072788513702
Smp_212730	0.063232225820475
Smp_212740	0.0330294628402081
Smp_212750	0.122545153379279
Smp_212760	0.0693027833243836
Smp_212780	0.120488107381228
Smp_212830	0.0463569125656877
Smp_212840	0.00843939616253947
Smp_212850	0.0940430000516726
Smp_212860	0.109259302944068
Smp_212870	0.0346747124559718
Smp_212880	0.0973402978276954
Smp_212890	0.0221500680475512
Smp_212900	0.0531924501266173
Smp_212910	0.0619001979469051
Smp_212920	0.113304599378373
Smp_212930	0.056260053714978
Smp_212940	0.0491404969051325
Smp_212960	0.057858395676762
Smp_212970	0.00948582969207497
Smp_212990	0.0111689970497952
Smp_213000	0.0268810970399264
Smp_213010	0.0752599770404269
Smp_213020	0.0845444525027568
Smp_213030	0.00649688932983068
Smp_213040	0.098799143818897
Smp_213050	0.0554246363740763
Smp_213060	0.0566691475403963
Smp_213070	0.0225723128863724
Smp_213080	0.0141236813093671
Smp_213100	0.0322870102735773
Smp_213110	0.0625346426478867
Smp_213120	0.0124330331876342
Smp_213130	0.175376212723252
Smp_213145	0.101246975099424
Smp_213150	0.023959858477572
Smp_213160	0.0745886223068631
Smp_213170	0.0246416748322041
Smp_213180	0.0268866406426842
Smp_213190	0.320889988685834
Smp_213200	0.0481699366491298
Smp_213210	0.0504909842068246
Smp_213220	0.0478110902781606
Smp_213230	0.0591600578743411
Smp_213240	0.0218824372439631
Smp_213250	0.0128220305855546
Smp_213260	0.0401595954716254
Smp_213290	0.0620260719370635
Smp_213300	0.0961642687219733
Smp_213320	0.0106368342904693
Smp_213340	0.0192405350368543
Smp_213350	0.0912541667123613
Smp_213360	0.187380235654061
Smp_213370	0.152789945323821
Smp_213390	0.0363800784413049
Smp_213400	0.0741104848667227
Smp_213410	0.121717799987802
Smp_213420	0.0860407916414179
Smp_213440	0.0500596063399791
Smp_213450	0.0126265741919048
Smp_213480	0.119732664869331
Smp_213490	0.0109403307423887
Smp_213500	0.0436945653862763
Smp_213510	0.0266271487092164
Smp_213520	0.0371618044709027
Smp_213530	0.0139317390059203
Smp_213550	0.0406161699113489
Smp_213560	0.0227922677987007
Smp_213570	0.00968751341800945
Smp_213590	0.0655713184508816
Smp_213600	0.0240253859118187
Smp_213610	0.0811772828273351
Smp_213620	0.101276571603597
Smp_213630	0.0133176417252279
Smp_213640	0.0391611486970736
Smp_213650	0.130434741499035
Smp_213670	0.0676509190073548
Smp_213680	0.0458887140075559
Smp_213690	0.0528921980026498
Smp_213700	0.0390663441422144
Smp_213710	0.0276457062592342
Smp_213720	0.0186478125942221
Smp_213730	0.0524222611820061
Smp_213740	0.0729753856239487
Smp_213750	0.0285769539071528
Smp_213760	0.0433320862859987
Smp_213780	0.0989113368250163
Smp_213790	0.0806894619033004
Smp_213800	0.0329709375767813
Smp_213810	0.0311825260570238
Smp_213840	2.93140911192162
Smp_213850	0.0130998118178175
Smp_213860	0.0604134883532611
Smp_213870	0.0576415604508917
Smp_213880	0.0278266802118511
Smp_213900	0.100032997997076
Smp_213910	0.10893821888569
Smp_213920	0.0236752424899191
Smp_213930	0.0143057147509032
Smp_213960	0.058939618641994
Smp_213970	0.0140965112889157
Smp_213980	0.0351996271501407
Smp_213990	0.024124148010066
Smp_214000	0.0133409336726447
Smp_214020	0.0847392152468132
Smp_214030	0.0677433773837611
Smp_214040	0.0425089913629308
Smp_214050	0.108432531565387
Smp_214060	0.0418248409705839
Smp_214070	0.171258421693641
Smp_214080	0.04046346094476
Smp_214090	0.0752012551369097
Smp_214100	0.0110898312473797
Smp_214110	0.080958558648295
Smp_214120	0.0375897066577899
Smp_214130	0.0945464470652074
Smp_214140	0.0649543832983454
Smp_214170	0.077283563313811
Smp_214180	0.0756639658786953
Smp_214190	0.06507775977188
Smp_214200	0.0430048351784294
Smp_214210	0.123437842540552
Smp_214240	0.0464107172146858
Smp_214260	0.0461984933152433
Smp_214290	0.0250549947453089
Smp_214320	0.537657620299558
Smp_214350	0.0139540242708496
Smp_214370	0.131765249017808
Smp_214380	0.0926339387019052
Smp_214390	0.175667131491085
Smp_241400	0.0471665103608918
Smp_241410	0.0248133596303149
Smp_241420	0.0270107994635734
Smp_241430	0.0920342444010195
Smp_241440	0.333471488536085
Smp_241450	0.0782179076585036
Smp_241460	0.0438395540921238
Smp_241470	0.05939082595348
Smp_241480	0.0664760937768216
Smp_241490	0.0433125836785786
Smp_241500	0.0542278579705631
Smp_241510	0.0591499292195596
Smp_241570	0.0137170891504968
Smp_241580	0.0373769218971612
Smp_241610	1.21408073179206
Smp_241620	0.28927053070772
Smp_241750	0.0104138830653986
Smp_241840	0.023937937693839
Smp_241860	0.0166677382577673
Smp_241950	0.0715567092015773
Smp_241960	0.239664983566405
Smp_241980	0.0646590479007488
Smp_241990	0.248606084909617
Smp_242050	4.24106064592196
Smp_242060	0.0719939540968425
Smp_242110	0.0311599278751088
Smp_242120	0.0607262443123469
Smp_242130	0.023634810881777
Smp_242140	0.018335792408853
Smp_242200	0.0766022327560797
Smp_242220	0.0329439372067119
Smp_242230	0.00973711884402049
Smp_242240	0.108205426019843
Smp_242350	0.0424715983656673
Smp_242360	0.0135025009029383
Smp_242400	0.0345731192847622
Smp_242430	0.0118224896292588
Smp_242440	0.057340686776072
Smp_242450	0.0270915089808496
Smp_242500	0.0652245331231687
Smp_242530	0.0493009428265394
Smp_242540	0.101153378148987
Smp_242610	75
Smp_242630	0.0301002376922934
Smp_242670	0.128392050772874
Smp_242680	0.0115447489887005
Smp_242690	0.0420298032292703
Smp_242740	0.0937994520762478
Smp_242800	0.0545486110367537
Smp_242830	0.0173518496036693
Smp_242850	0.484832525324129
Smp_242860	0.0261857512368497
Smp_242890	0.0803773075589368
Smp_242910	0.179980730079889
Smp_242930	0.0632494682541445
Smp_242960	0.222574915107002
Smp_243000	0.0507883226152145
Smp_243040	0.275816339163286
Smp_243060	0.177796286608753
Smp_243140	0.0978751573541721
Smp_243150	0.0668319815574692
Smp_243170	0.111915096463685
Smp_243180	0.0180277260191237
Smp_243200	0.0200154526837179
Smp_243210	0.0614825162215367
Smp_243300	0.0173786756618035
Smp_243500	5.19445633032792
Smp_243630	0.0353109193561664
Smp_243660	0.0625117066329278
Smp_243670	0.0256504148678611
Smp_243680	0.0154311121730155
Smp_243690	0.120586587786472
Smp_243700	0.0728625797721636
Smp_243720	0.0585376357676499
Smp_243730	0.0740510907747051
Smp_243740	17.9046793829079
Smp_243750	0.0938632746568703
Smp_243760	0.113212542447701
Smp_243770	6.85299543326941
Smp_243780	0.123769923013292
Smp_243790	0.182243425236498
Smp_243800	0.0338791703382065
Smp_243810	0.122244051418479
Smp_243820	0.431895280185606
Smp_243830	0.120041387182365
Smp_243840	0.110533220657169
Smp_243850	0.0723678339382734
Smp_243870	0.0135409140316393
Smp_243900	0.0305226597703747
Smp_243910	0.0200735230001439
Smp_243920	0.047448594092171
Smp_243930	0.0539880641244751
Smp_243950	0.0612457912040238
Smp_243960	0.0466533442198909
Smp_243970	0.0326606022636094
Smp_244000	0.0625216811120413
Smp_244010	0.0672219408477545
Smp_244020	0.0216699111011945
Smp_244030	0.137234115389602
Smp_244040	0.107014531539489
Smp_244070	0.0276291534924923
Smp_244080	0.0766592637383883
Smp_244090	0.0581773690045666
Smp_244100	0.0448913843984034
Smp_244110	0.270287612149916
Smp_244130	0.0219704837985784
Smp_244150	0.0675544544615362
Smp_244160	0.225282481852456
Smp_244170	0.121128654239543
Smp_244190	0.0541176790585845
Smp_244200	0.0191772741995794
Smp_244210	0.0215301999223437
Smp_244220	0.0186829047116582
Smp_244230	0.0932603357266074
Smp_244240	0.152477910436289
Smp_244250	0.0158063709090083
Smp_244280	0.0347180664555057
Smp_244300	0.144425574243648
Smp_244310	0.0402209757960978
Smp_244320	0.035809927649541
Smp_244340	0.0820117732901353
Smp_244350	0.135638145159638
Smp_244360	0.0559488243157053
Smp_244365	0.24918406537857
Smp_244370	0.0542077037614333
Smp_244380	0.0741779378884846
Smp_244390	0.203622587384126
Smp_244400	0.0877844594161093
Smp_244420	0.0511270374802934
Smp_244430	0.0425029369744648
Smp_244440	0.0828321041986259
Smp_244460	0.00896561899736515
Smp_244470	0.0639371219485563
Smp_244480	0.160678497786655
Smp_244490	0.0652925748603179
Smp_244510	0.04745684644878
Smp_244530	0.0587028826035522
Smp_244560	0.131795442522053
Smp_244570	0.0674351954302855
Smp_244580	0.0202927516339922
Smp_244610	0.0964695349167921
Smp_244620	0.0654605125121399
Smp_244630	0.0785857404869561
Smp_244640	0.0966173603314789
Smp_244650	0.100592323066972
Smp_244670	0.174542675005967
Smp_244680	0.0265753718946056
Smp_244690	0.0259751892190892
Smp_244700	0.0451207528936999
Smp_244710	0.0564727563090528
Smp_244750	0.057279411227863
Smp_244780	0.0350878910334067
Smp_244790	0.0974366009758817
Smp_244800	0.0365331108470151
Smp_244810	0.25836448907957
Smp_244820	0.110562911604017
Smp_244830	0.0145006973717329
Smp_244840	0.0554659595293042
Smp_244860	0.0847628915008486
Smp_244880	0.140283618113281
Smp_244890	0.145966703864286
Smp_244900	0.10777479279625
Smp_244920	0.0957970823978789
Smp_244940	0.100202675628875
Smp_244950	0.0746851323352014
Smp_244960	0.142983702572453
Smp_244970	0.254954944684074
Smp_244980	0.0712759224343493
Smp_245000	0.0456083028032424
Smp_245010	0.0501180295877806
Smp_245030	0.0578256022075787
Smp_245040	0.109543670261896
Smp_245050	0.0103465310557499
Smp_245060	0.128487570994134
Smp_245090	0.11277339726388
Smp_245100	0.0782368053146106
Smp_245110	0.10443303750225
Smp_245120	0.0847379292213751
Smp_245140	0.0470969369785918
Smp_245150	0.0672646293052649
Smp_245160	0.35404531521619
Smp_245170	0.0698610055371299
Smp_245200	0.0434962591525342
Smp_245220	0.130341455692299
Smp_245230	0.0697228817684838
Smp_245240	0.0472175088317277
Smp_245250	0.0687470119419948
Smp_245260	0.0350984002439198
Smp_245280	0.0526574390249973
Smp_245290	0.218506527045744
Smp_245300	0.0473818261549642
Smp_245310	0.133085935936456
Smp_245320	0.0630869636062517
Smp_245330	0.136033174678063
Smp_245350	0.0721837354592866
Smp_245360	0.0314040136516391
Smp_245370	0.0355822455376565
Smp_245380	0.209100966970672
Smp_245390	15.4854090623786
Smp_245400	0.0703755316294071
Smp_245420	0.017339041172624
Smp_245450	0.0262921812759183
Smp_245470	0.0415485749553922
Smp_245480	0.0714909448040925
Smp_245490	0.0153269593273725
Smp_245510	0.0432237236904405
Smp_245520	0.0751949840903988
Smp_245530	0.158101205164314
Smp_245540	0.0174094319347629
Smp_245550	0.127737675910941
Smp_245560	0.048066011575841
Smp_245570	0.563825544657454
Smp_245580	0.0849755482950305
Smp_245590	0.0882807996360672
Smp_245600	0.0293491831566015
Smp_245610	0.104874032594616
Smp_245630	0.0560346370129067
Smp_245660	0.0700617229417241
Smp_245670	0.0478518089687489
Smp_245680	0.059359618402943
Smp_245690	0.204839226406979
Smp_245710	0.0446638696959257
Smp_245720	0.12380529321542
Smp_245730	0.0243548321728845
Smp_245740	0.0501529246889562
Smp_245750	0.113361751680068
Smp_245770	0.128934472933914
Smp_245780	0.0502457228717313
Smp_245790	0.0471017333714132
Smp_245800	0.0749086310907495
Smp_245810	0.106321701044092
Smp_245815	0.0594765045046584
Smp_245820	0.104862745308313
Smp_245830	0.105073031769316
Smp_245840	0.0693105815339433
Smp_245850	0.0360073307731853
Smp_245860	0.0617809047696379
Smp_245870	0.0375519138726612
Smp_245890	0.0406463863439601
Smp_245900	0.0413874870081003
Smp_245910	0.0122333286400591
Smp_245920	0.0219781305990086
Smp_245940	0.217901053609779
Smp_245950	0.0180559948590089
Smp_245960	0.0330713760583381
Smp_245970	0.0876012888281456
Smp_245980	0.0631111185330177
Smp_245990	0.0532863482250999
Smp_246000	0.0263895315285362
Smp_246010	0.0365756467676385
Smp_246020	0.0750365925280818
Smp_246030	0.0454562804774161
Smp_246040	0.034586357820159
Smp_246050	0.0329845748450803
Smp_246060	0.0210599838140563
Smp_246100	0.10973162985502
Smp_246110	0.0398669334006976
Smp_246130	0.169973238024766
Smp_246140	0.0273135698147346
Smp_246150	0.0500384791100716
Smp_246160	0.0714687417504583
Smp_246230	0.0360937577770454
Smp_246240	0.138125577766674
Smp_246260	0.0208205198339623
Smp_246270	0.078891776616855
Smp_246290	0.0402180292411607
Smp_246300	0.028673721383704
Smp_246330	0.036835603603225
Smp_246340	0.320246050635329
Smp_246350	0.0901972376936817
Smp_246360	0.0542380782935473
Smp_246380	0.0976708507085498
Smp_246400	0.0799997702877112
Smp_246410	0.100323988929071
Smp_246430	0.0585563217019547
Smp_246440	0.0422793608541515
Smp_246450	0.0206495845213256
Smp_246460	0.055961353253069
Smp_246470	0.0215128786913741
Smp_246500	0.237049667103462
Smp_246510	0.0394944342827437
Smp_246520	0.0558175952773337
Smp_246530	0.018498676461384
Smp_246540	0.0873089767487123
Smp_246550	0.0409979406800035
Smp_246560	0.0222985148610736
Smp_246570	0.0769089035458148
Smp_246600	0.0461493286423531
Smp_246610	0.0325270535793622
Smp_246620	0.0693454656182335
Smp_246630	0.0832299324488944
Smp_246650	0.0569786701376236
Smp_246660	0.0898985947416667
Smp_246670	0.0766266431862342
Smp_246680	0.0349399134290191
Smp_246690	0.0498143783722645
Smp_246700	0.0637716267840812
Smp_246710	0.0394070368670879
Smp_246770	0.371242822465156
Smp_246790	0.0628158576856696
Smp_246800	0.0184223543366424
Smp_246820	0.0883420292626947
Smp_246840	0.0480909282879711
Smp_246850	0.475794812696835
Smp_246870	0.0740877974237121
Smp_246880	0.114963160321483
Smp_246890	0.057972980954549
Smp_246900	0.0485660449973203
Smp_246920	0.0819940621629507
Smp_246940	0.0398441038881829
Smp_246950	0.0225160872099522
Smp_246970	0.0529283473970092
Smp_246990	0.0193358796783224
Smp_247020	0.0439150992175302
Smp_247030	0.0655422780313654
Smp_247050	0.217144098644068
Smp_247070	0.2510179240857
Smp_247080	0.185331140550258
Smp_247150	0.0428690612210097
Smp_247160	0.0086260123764363
Smp_247170	0.0634439687873324
Smp_247180	0.0934768234042228
Smp_247190	0.0301851970713512
Smp_247200	0.0584813970387283
Smp_247210	2.04614590858789
Smp_247220	0.078871727439737
Smp_247230	0.0304421213777716
Smp_247240	0.0796727126686091
Smp_247250	0.0237473866023658
Smp_247260	0.159717240994873
Smp_247270	0.00723226598363707
Smp_247280	0.0681226510736949
Smp_247290	0.0603868220746546
Smp_247300	0.939862684431834
Smp_247310	0.073313662950834
Smp_247320	0.0985000329486028
Smp_247330	0.0428832287770997
Smp_247350	0.172282630468363
Smp_247360	0.0894029821487846
Smp_247370	0.0371781341267941
Smp_247380	0.0654318398964781
Smp_247390	0.0153474877067952
Smp_247400	0.0614872321313378
Smp_247410	0.0337386129867937
Smp_247420	0.0209527721469811
Smp_247430	0.0434776694421332
Smp_247440	0.0280211125736889
Smp_247450	0.0158880042141893
Smp_247460	0.11783104916807
Smp_247470	0.0406326044207734
Smp_247480	0.0833195855570484
Smp_247520	0.016515899757421
Smp_247530	0.0741559539575182
Smp_247540	0.0387670248752953
Smp_247560	0.0615301165057964
Smp_247570	0.0613149317086467
Smp_247580	0.0819101735777549
Smp_247590	0.0859563554157702
Smp_247600	0.107410914242485
Smp_247620	0.130207058712178
Smp_247630	0.0127161383841818
Smp_247640	0.0126742297242353
Smp_247650	0.0346939183237884
Smp_247660	2.89539517867147
Smp_247670	0.0181026016622991
Smp_247680	0.0906428969200397
Smp_247700	0.0461276126097529
Smp_247710	0.046986913642464
Smp_247720	0.0119600437728463
Smp_247740	0.0121708925933659
Smp_247750	0.106542042039006
Smp_247760	0.124667056432932
Smp_247770	0.0472576362250865
Smp_247780	0.0292626399517504
Smp_247790	0.04207273862548
Smp_247800	0.0938828530917514
Smp_247810	0.0770332254807253
Smp_247820	0.117328201632093
Smp_247830	0.119554736132325
Smp_247850	0.086732521573894
Smp_247860	0.205707074855382
Smp_247870	0.032017176006618
Smp_247880	0.061902174686916
Smp_247890	0.0108493033761579
Smp_247920	0.0917779834108644
Smp_247930	0.0704437191000824
Smp_247940	0.115939091846211
Smp_247950	0.100905675868404
Smp_247980	0.0960134081289727
Smp_248000	0.14375972146778
Smp_248010	0.0255340105214623
Smp_248020	0.0520601079099033
Smp_248030	0.043630611663316
Smp_248070	0.0758766080220631
Smp_248080	0.063382578902158
Smp_248090	0.0695826925994714
Smp_248100	0.28169152879525
Smp_248110	0.0513200501385613
Smp_248120	0.0580792931851802
Smp_248130	0.136375015921811
Smp_248140	0.0223365506045061
Smp_248150	0.233178712140168
Smp_248160	0.092272762922996
Smp_248170	0.0403765303869182
Smp_248180	0.0297529331091613
Smp_248190	0.0136220235780091
Smp_248200	0.138735307470085
Smp_266720	0.0648305916810221
Smp_266740	0.0804324149553507
Smp_266750	0.044522748893999
Smp_266760	0.0385354566121075
Smp_266770	0.0172054684164935
Smp_266790	0.0160818852334503
Smp_266800	0.0504088835572881
Smp_266810	0.0939525875319512
Smp_266820	0.0315270748801103
Smp_266830	0.0970482651980061
Smp_266840	0.037360525299885
Smp_266850	0.03884507053037
Smp_266870	0.0301038068212842
Smp_266890	0.144733426439338
Smp_266900	0.0485641408362047
Smp_266920	0.0527234402610938
Smp_266930	0.0561514101122824
Smp_266940	0.0828302619865778
Smp_266960	0.0802075952817506
Smp_266980	0.0578065937590142
Smp_267000	0.0673945553864914
Smp_267010	0.0380463575268165
Smp_267020	0.0217519694148038
Smp_267040	0.0409345377499231
Smp_267060	0.00951245251594306
Smp_267070	0.144391530222287
Smp_267080	0.263568855376449
Smp_267090	0.0532072464376014
Smp_267100	0.0503367124026947
Smp_267110	0.0383021165610651
Smp_267120	0.0158832360853917
Smp_267130	0.155110459340102
Smp_267140	0.00876932936147147
Smp_267170	0.00599030884350905
Smp_267180	0.0224384575563059
Smp_267190	0.0209591406561486
Smp_267210	0.083520520100109
Smp_267220	0.0590792104725612
Smp_267230	0.0727004708669036
Smp_267240	0.00961776580391072
Smp_267250	0.0289480901088858
Smp_267270	0.14898448932533
Smp_267280	0.0448087921385257
Smp_267300	0.0200161652654869
Smp_267310	0.0127772937686584
Smp_267320	0.0895064083474995
Smp_300070	0.176637211562662
Smp_300080	0.185260547945813
Smp_300090	0.0807457689446893
Smp_300150	0.061205292459223
Smp_300200	0.0398634963798674
Smp_300210	0.0868903648553739
Smp_300220	0.0471212966673011
Smp_300310	0.121337786814578
Smp_300370	75
Smp_300380	0.0360863013702665
Smp_300390	0.108782932888769
Smp_300410	0.0658795304948009
Smp_300490	0.0370513460828234
Smp_300500	0.0620380177169558
Smp_300560	0.0397817890734065
Smp_300570	0.0491130930672463
Smp_300580	0.0449998881576612
Smp_300710	0.0569844623752393
Smp_300720	0.0892464881159968
Smp_300770	0.123513962024446
Smp_300790	0.191017785226653
Smp_300810	0.0199099705452111
Smp_300840	0.0519343599077082
Smp_300910	0.0478566613272359
Smp_300940	0.110292144807913
Smp_300990	0.148437815923181
Smp_301040	0.026291333668638
Smp_301050	0.046207321677309
Smp_301160	0.0718725768490982
Smp_301170	0.0648822317147141
Smp_301250	0.0628978758208802
Smp_301260	0.0410723662617654
Smp_301330	1.35192977656529
Smp_301340	1.19626580224032
Smp_301420	0.0498457374747849
Smp_301430	0.0470371267098781
Smp_301530	0.0361528946807356
Smp_301550	0.416504066995721
Smp_301570	0.0557026698694246
Smp_301610	0.370400844159471
Smp_301620	0.0653334440713276
Smp_301660	0.0632581234391236
Smp_301670	0.0354297188248196
Smp_301730	0.0477685940890261
Smp_301740	0.0954807808881865
Smp_301780	0.0984715201307204
Smp_301790	0.114000203238443
Smp_301800	0.0824076282384783
Smp_301990	0.0539553712044325
Smp_302020	0.0725355515142575
Smp_302030	0.0885161861623976
Smp_302040	0.0335144498330258
Smp_302090	0.0224128775143411
Smp_302140	0.0558729765050074
Smp_302170	1.27830375871028
Smp_302180	3.60759075787976
Smp_302230	0.0201365237089552
Smp_302270	0.0878273878387245
Smp_302280	6.61342065502719
Smp_302290	0.0385320564153425
Smp_302300	1.90128379170649
Smp_302310	0.458139854744749
Smp_302320	0.240615967914723
Smp_302330	0.0132764194524735
Smp_302350	5.84851132211611
Smp_302360	0.0694291286132643
Smp_302370	0.240740429712064
Smp_302410	0.120302379237222
Smp_302450	0.0599847841032669
Smp_302460	0.134361463505914
Smp_302470	0.0272287114161827
Smp_302480	0.300420183499448
Smp_302650	0.0887359795465132
Smp_302740	0.0645815942100415
Smp_302800	0.180676296481758
Smp_302810	0.305103661387887
Smp_302830	0.249472427827144
Smp_302850	0.0342956465185599
Smp_302860	0.151125549010485
Smp_302870	0.200400119757317
Smp_302880	0.0387867969279217
Smp_302910	0.245005627041398
Smp_302920	0.0586332739182128
Smp_302930	0.0845326672728385
Smp_302950	0.0496935103148498
Smp_302970	0.0386286624177946
Smp_302980	0.309325050310508
Smp_302990	0.0486619875579903
Smp_303000	0.0583923867078624
Smp_303010	0.119819215475311
Smp_303070	0.397397131200182
Smp_303120	0.103795391454456
Smp_303260	1.76324880201376
Smp_303270	0.238287979707901
Smp_303280	5.03873460632279
Smp_303290	0.20341786217119
Smp_303300	0.151214366647878
Smp_303310	0.0908912863248679
Smp_303320	0.261883570855316
Smp_303330	0.339909937748567
Smp_303350	22.5551505145128
Smp_303390	0.271738018576016
Smp_303400	1.36950247920868
Smp_303410	1.52075164016577
Smp_303420	0.391079240014483
Smp_303430	0.0727922992827022
Smp_303450	0.191833136884045
Smp_303540	1.62464243526969
Smp_303550	1.29668299863065
Smp_303690	0.929334585768029
Smp_303760	0.236896686823692
Smp_303770	0.0132625364641619
Smp_303910	0.125342516894609
Smp_303920	0.167328869681151
Smp_303940	0.140593068269621
Smp_303970	0.135836348951242
Smp_303980	0.115816883912209
Smp_304030	0.0626229182401582
Smp_304040	0.892996918393194
Smp_304060	0.24228724248157
Smp_304090	0.066251709409921
Smp_304130	0.0565243139562055
Smp_304140	0.0426457520508019
Smp_304210	0.686852800621001
Smp_304220	0.873549195353505
Smp_304250	0.146731561305898
Smp_304260	0.109521504307234
Smp_304320	0.0541453455152853
Smp_304360	0.0455716593206363
Smp_304370	0.0913804205628982
Smp_304380	0.0271717232796467
Smp_304450	0.429547975694148
Smp_304460	0.0243229442716697
Smp_304500	0.134765745058566
Smp_304660	0.0715977461081122
Smp_304710	0.192973106568557
Smp_304720	0.0984122318816764
Smp_304800	0.0397289057214889
Smp_304840	0.0294508183647717
Smp_304860	0.137355048205214
Smp_304870	0.0826015376281301
Smp_304880	0.0950250635686321
Smp_304890	0.0305281894513214
Smp_304900	0.129889414656577
Smp_304910	0.025451645273854
Smp_304960	0.0523482923884525
Smp_304980	0.0285635078400704
Smp_305030	0.0892829354132721
Smp_305050	0.238647657723114
Smp_305060	0.0572286795347339
Smp_305070	0.0802391615424464
Smp_305100	0.0525521251807853
Smp_305110	0.479133450629823
Smp_305120	0.0200333099252357
Smp_305130	0.0753978413989647
Smp_305200	0.320274213089495
Smp_305210	0.0247015716077729
Smp_305220	0.220573354994259
Smp_305350	0.0906462923804728
Smp_305400	0.028094661400543
Smp_305430	0.0380684473053792
Smp_305460	0.146136456495781
Smp_305490	0.108742764050194
Smp_305550	0.0127342849180276
Smp_305560	0.0151960467798093
Smp_305590	0.482787260249939
Smp_305620	3.65475283287802
Smp_305690	0.0421371756970814
Smp_305720	0.18500337246787
Smp_305730	0.228846964989709
Smp_305740	0.0376529886570834
Smp_305760	0.108075734958054
Smp_305770	0.0682392301083758
Smp_305800	0.704045181892304
Smp_305870	0.033554922426701
Smp_305875	0.0391415500015959
Smp_305920	0.121450068037153
Smp_306080	0.0845833318248737
Smp_306140	0.0996818044690673
Smp_306180	0.171826102268537
Smp_306190	1.39556150112415
Smp_306200	0.056998552362627
Smp_306210	0.138215379978732
Smp_306230	0.0259785211372175
Smp_306240	0.0281749139586394
Smp_306270	0.0382910173278381
Smp_306290	0.0243184781947027
Smp_306300	0.186002352703592
Smp_306320	0.152131225594168
Smp_306350	0.510225459130373
Smp_306360	0.0345954543134011
Smp_306370	0.0329584326398009
Smp_306440	0.0279789302065513
Smp_306450	0.0291353121538327
Smp_306580	0.0295702818112091
Smp_306600	0.0326274417525073
Smp_306610	0.150483502177574
Smp_306630	0.0152586230853307
Smp_306640	0.0212923417644367
Smp_306680	7.37580724749593
Smp_306690	1.9803621553503
Smp_306710	0.0525402722630842
Smp_306730	0.0166065598623307
Smp_306740	0.0831676795967244
Smp_306750	0.0445807544226512
Smp_306800	0.0505665141964103
Smp_306810	0.052231013736802
Smp_306840	0.6993653778723
Smp_306850	0.38026779268736
Smp_306910	0.0481961996505323
Smp_306920	0.572016929934353
Smp_306930	0.336544584343119
Smp_306960	0.484015160416265
Smp_306970	0.425695414075668
Smp_306980	0.0476581549566161
Smp_306990	0.153841554794185
Smp_307000	0.428007256306268
Smp_307010	0.0837559248684099
Smp_307020	0.161681428689466
Smp_307060	0.067576806595396
Smp_307070	0.0630858001118368
Smp_307080	0.0432484798610608
Smp_307090	0.0751070635619723
Smp_307170	0.0767464974138062
Smp_307210	0.127384479453034
Smp_307220	0.134223175702623
Smp_307240	0.113425542601609
Smp_307260	0.0594911425372593
Smp_307270	0.0551981964426216
Smp_307330	0.125403089260204
Smp_307600	0.0545877405132275
Smp_307650	0.105132919569589
Smp_307730	0.038863513253764
Smp_307780	0.0257399759066848
Smp_307800	0.0317475750208091
Smp_307810	0.0443396039898765
Smp_307840	0.0426955224828696
Smp_307880	0.0617483394186421
Smp_307900	1.22747023700273
Smp_307950	0.0482780372075787
Smp_307960	0.0361463552785055
Smp_308030	0.446313114171802
Smp_308040	0.564035893720668
Smp_308060	0.548419986614043
Smp_308100	0.10040542434775
Smp_308110	0.0943017847804203
Smp_308140	0.166437459946574
Smp_308145	0.194939623941697
Smp_308260	0.0720137800409937
Smp_308270	0.0944738100292361
Smp_308310	0.178018657882698
Smp_308350	0.103088229812569
Smp_308360	0.0210919946353697
Smp_308370	0.0218591639978791
Smp_308420	0.0196216102781402
Smp_308440	0.0197708812038762
Smp_308470	0.44161505976148
Smp_308480	1.64038198583457
Smp_308490	0.0949541085672598
Smp_308550	0.0234463228807068
Smp_308590	0.662478569726302
Smp_308600	0.0241681631664564
Smp_308630	0.0269252757443891
Smp_308680	0.0208602895613935
Smp_308700	0.470835750267465
Smp_308750	0.233546088829056
Smp_308755	0.821150086561799
Smp_308760	0.189866640390785
Smp_308820	0.0738067314337957
Smp_308830	0.0850810424364164
Smp_308910	0.0973137757484911
Smp_308930	0.134449489584222
Smp_308940	0.162629641221969
Smp_308980	0.0792202584234111
Smp_309000	0.585216790661166
Smp_309060	3.23463649768748
Smp_309090	0.67551412699097
Smp_309100	0.0873629175873965
Smp_309110	0.0310663590560848
Smp_309120	5.79212071277184
Smp_309140	0.176122901892087
Smp_309210	0.0703212856233991
Smp_309220	0.0453355875917571
Smp_309240	0.0150413580887521
Smp_309250	4.7930936858914
Smp_309350	0.0233615285546234
Smp_309355	0.0829583058286753
Smp_309360	0.0326397672411902
Smp_309430	0.0615952788303533
Smp_309480	0.554531252296514
Smp_309500	0.308767623424033
Smp_309510	0.201220849679904
Smp_309540	0.34062779347857
Smp_309570	3.45171763183863
Smp_309580	1.39441344529782
Smp_309590	0.042872814303051
Smp_309610	0.0149373968734621
Smp_309660	0.0159183753173681
Smp_309670	0.966904207932053
Smp_309680	0.0540586545973917
Smp_309690	0.0884558367795062
Smp_309700	0.373491317363268
Smp_309710	0.0492437072938461
Smp_309720	0.265214120030135
Smp_309730	0.485298322078897
Smp_309740	0.408727487274754
Smp_309860	0.100631814833505
Smp_309950	0.340167660772888
Smp_309960	1.40152213709418
Smp_309970	0.0358768712147722
Smp_309980	0.182898528246012
Smp_309990	0.193188780439394
Smp_310040	0.0689622558814354
Smp_310050	0.0533123129826455
Smp_310080	0.0873650422812813
Smp_310090	0.286563340426513
Smp_310140	0.0180350913764796
Smp_310150	1.83548369438398
Smp_310170	0.106501368171087
Smp_310180	0.0234359368515777
Smp_310210	0.0411573456476018
Smp_310230	0.241969826184689
Smp_310240	0.0202258692021072
Smp_310260	0.190199066702796
Smp_310430	0.0452106127016343
Smp_310470	0.0474924696970341
Smp_310500	0.163769416991239
Smp_310510	0.129717093693409
Smp_310520	0.0525644610807894
Smp_310550	0.113496570986914
Smp_310580	0.253599852562824
Smp_310600	0.185927984336229
Smp_310620	0.052609108780012
Smp_310650	0.0984850298180536
Smp_310740	0.164509967105533
Smp_310750	0.126911781837294
Smp_310760	0.225839926141133
Smp_310770	0.100941910863053
Smp_310820	0.135671438462768
Smp_310830	0.0190473887503233
Smp_310870	0.104739235290377
Smp_310880	0.097022198482683
Smp_310920	0.0156090968760888
Smp_310930	0.0119967382729441
Smp_310950	1.72783503532928
Smp_310980	0.0521865582857217
Smp_311010	0.0383686502348266
Smp_311050	0.0325529077355731
Smp_311150	0.0778905992861735
Smp_311170	0.0556698951551839
Smp_311200	0.490234591615414
Smp_311250	21.434903256947
Smp_311310	0.0779378059562916
Smp_311350	0.0387400861947453
Smp_311360	0.0721140736645647
Smp_311440	0.0534387421486236
Smp_311480	0.252264171829299
Smp_311490	0.0826655973481612
Smp_311520	0.0685827576295148
Smp_311580	0.211629525456732
Smp_311610	0.00775348210396097
Smp_311630	0.316162957391813
Smp_311640	0.311139782387919
Smp_311650	0.0400941207012109
Smp_311660	75
Smp_311670	0.59585608194338
Smp_311700	2.58730388089986
Smp_311770	0.0401786545659289
Smp_311780	0.0198263063701119
Smp_311790	0.732858722708943
Smp_311860	0.177407887698008
Smp_311870	0.307021352596309
Smp_311890	0.141342655103058
Smp_311920	0.0231769578363405
Smp_311940	0.0622649640409217
Smp_311970	0.008532819004471
Smp_311980	0.0497808314171254
Smp_312010	0.116232883901236
Smp_312140	1.59604234400719
Smp_312150	0.0620070929602703
Smp_312230	0.0772088258404236
Smp_312360	0.0663701392915752
Smp_312390	0.0313629411654674
Smp_312440	2.08155053786822
Smp_312450	0.305103085637985
Smp_312460	0.188945035128668
Smp_312560	0.0748953112014022
Smp_312580	0.340567049898787
Smp_312610	0.0632279997684553
Smp_312620	0.183291610708763
Smp_312630	0.240007457684916
Smp_312640	0.42744276969936
Smp_312650	14.1465049043312
Smp_312660	0.0164042715761572
Smp_312720	0.0323769659679826
Smp_312730	0.180570203318943
Smp_312760	0.0168510652837057
Smp_312770	0.0112173553777421
Smp_312820	0.035864739286867
Smp_312850	0.0420493868781784
Smp_312860	0.269746561222881
Smp_312870	0.054460564080786
Smp_312880	0.0315153729566358
Smp_312900	0.0847568912536172
Smp_312910	0.0538842054376237
Smp_312920	0.0174884366632684
Smp_312950	0.257247044369841
Smp_312990	0.0806783975301013
Smp_313100	0.265804548781938
Smp_313110	0.161826338740165
Smp_313210	0.0345937905097583
Smp_313310	0.120450481012279
Smp_313320	0.178678459446552
Smp_313330	0.273063233692517
Smp_313440	0.284972845578641
Smp_313450	0.0488222878526022
Smp_313480	0.800364464241092
Smp_313490	0.127739251850342
Smp_313500	24.4464431268898
Smp_313530	0.165366242967898
Smp_313540	0.197869659083596
Smp_313560	0.0668710815136257
Smp_313630	0.254366125057102
Smp_313640	0.0241757406590459
Smp_313710	3.90305372751544
Smp_313730	0.0396429934833883
Smp_313740	0.376646980878837
Smp_313750	0.114844137623672
Smp_313760	0.175352797751627
Smp_313810	0.0332830776422237
Smp_313820	75
Smp_313830	0.306042244690743
Smp_313840	0.193439488640645
Smp_313980	0.194285730713483
Smp_313990	0.14860569731876
Smp_314000	0.309381905064193
Smp_314010	0.538243599737406
Smp_314020	0.20910675355437
Smp_314030	75
Smp_314170	0.0961250010281083
Smp_314200	0.133157806931647
Smp_314210	0.109975789733211
Smp_314220	0.022863786131214
Smp_314240	0.0966260354789621
Smp_314250	0.178648253327649
Smp_314280	0.0999092276708365
Smp_314290	0.637943313834568
Smp_314310	0.0584943950522152
Smp_314320	0.0689697334434953
Smp_314350	1.71568815371732
Smp_314360	0.168217537726837
Smp_314500	0.077064749680657
Smp_314620	0.179333427189232
Smp_314630	0.0272484382975666
Smp_314640	0.361203098435002
Smp_314650	0.0300045615683913
Smp_314660	0.0639181332085554
Smp_314670	0.250377557378034
Smp_314730	1.24658542579263
Smp_314740	0.0442739492436147
Smp_314750	0.185147442867703
Smp_314790	0.265020774191487
Smp_314800	0.20746835548159
Smp_314990	0.113996047854942
Smp_315000	0.0700522118445068
Smp_315010	0.0482898334035358
Smp_315060	0.209924904834211
Smp_315070	0.0643778579994221
Smp_315110	0.0747321653486434
Smp_315140	0.107473617945303
Smp_315230	0.282729895519796
Smp_315360	0.0278343296755327
Smp_315420	0.0512315305296191
Smp_315480	0.203337287269443
Smp_315490	0.017649866568279
Smp_315500	0.116749125791528
Smp_315510	0.185812231240797
Smp_315560	0.146448944477343
Smp_315570	0.0984641093494155
Smp_315580	0.0136784772614684
Smp_315600	0.0887393670619997
Smp_315610	0.212174232479145
Smp_315650	0.135681725824485
Smp_315690	0.680836725125856
Smp_315700	0.0347713181844421
Smp_315710	0.0203525907754408
Smp_315720	0.0722386622162397
Smp_315730	0.0708890079824349
Smp_315740	0.109493954907405
Smp_315750	0.0594573442079078
Smp_315760	0.103416576593557
Smp_315770	0.0745079326667758
Smp_315780	0.0472725614301541
Smp_315790	0.0327591930108435
Smp_315800	0.0593424629325967
Smp_315810	0.0854860429468241
Smp_315820	0.0579074460736736
Smp_315830	0.0198809789574406
Smp_315840	0.0810043971854391
Smp_315850	0.0547565270472429
Smp_315860	0.132190437380702
Smp_315870	0.0649468601692457
Smp_315880	0.101664158443257
Smp_315890	0.0251208770352476
Smp_315900	0.0433436485658225
Smp_315910	0.0355231670421675
Smp_315980	0.764262019422477
Smp_315990	0.0912743073503331
Smp_316000	0.0737038091715665
Smp_316020	0.262171877816485
Smp_316080	0.136119656817284
Smp_316090	0.0240709954824232
Smp_316100	0.0659706510403642
Smp_316110	0.012446717399096
Smp_316120	0.0230692039490133
Smp_316130	0.779667999771989
Smp_316140	1.91336957234189
Smp_316150	75
Smp_316160	23.3662002601678
Smp_316170	15.0558324624614
Smp_316180	0.0168462681884061
Smp_316210	0.160756583895108
Smp_316220	0.249449399886489
Smp_316230	0.278972804872774
Smp_316240	0.228394232839777
Smp_316250	0.154854716550787
Smp_316270	0.0362282079092649
Smp_316320	0.0641769112488231
Smp_316340	0.0288348045160699
Smp_316360	0.109632395287692
Smp_316380	0.0840419112328704
Smp_316430	1.14259383192235
Smp_316440	0.100079852223215
Smp_316460	0.0505573589742125
Smp_316470	1.34069026113916
Smp_316480	0.248562977146781
Smp_316490	0.135316733183468
Smp_316530	0.219863557650328
Smp_316540	0.168151593760422
Smp_316550	0.741386845696775
Smp_316570	0.084231611899397
Smp_316580	0.671617951187634
Smp_316610	1.42853259693737
Smp_316620	0.0519069538011767
Smp_316630	0.023255105096132
Smp_316640	0.240415490483131
Smp_316660	0.0456847652368735
Smp_316680	0.0439976916357759
Smp_316690	0.198219908043949
Smp_316700	0.089972597935941
Smp_316710	0.0394651837538473
Smp_316720	0.0405101958141719
Smp_316730	0.0220558225691113
Smp_316760	1.71248639670452
Smp_316780	0.0771363087808943
Smp_316790	0.0841539941691065
Smp_316800	0.84436516639926
Smp_316810	0.0713589668675704
Smp_316850	0.362370677771401
Smp_316860	74.3032658665023
Smp_316910	0.243007473901355
Smp_316920	75
Smp_317020	0.0873571409499776
Smp_317040	0.236412695375543
Smp_317060	0.168080348324304
Smp_317070	0.554181943945954
Smp_317120	0.518391354870243
Smp_317130	0.150158994039763
Smp_317140	0.891936262749668
Smp_317150	0.25414796996644
Smp_317160	3.61897886428266
Smp_317170	4.15000766607052
Smp_317180	35.0336226461921
Smp_317190	3.51204834926623
Smp_317200	0.332568753153778
Smp_317210	0.0133577156812468
Smp_317220	0.176291498644727
Smp_317230	2.43362076509892
Smp_317240	2.35361158736041
Smp_317250	1.70963509261245
Smp_317270	0.451178329525551
Smp_317370	0.0513753281817448
Smp_317400	1.17056991203458
Smp_317420	0.056813960407593
Smp_317430	0.342053677038647
Smp_317470	1.05777690068127
Smp_317480	0.120651900715732
Smp_317490	0.930723893377987
Smp_317500	0.0820456749403942
Smp_317510	0.271346388003811
Smp_317520	0.143701040808606
Smp_317530	0.576940745983082
Smp_317540	0.0470225929647272
Smp_317550	0.109561133716346
Smp_317560	0.0813381130038011
Smp_317580	0.148239991547808
Smp_317590	0.814609525013098
Smp_317600	0.13268636324782
Smp_317620	0.0905069194930908
Smp_317630	0.188494457989214
Smp_317640	0.142641495919169
Smp_317660	0.151045746039208
Smp_317670	0.21568066175446
Smp_317690	0.511468073277197
Smp_317700	0.260736395180601
Smp_317720	0.835120966618872
Smp_317730	0.385410693255025
Smp_317740	0.305863752589985
Smp_317750	0.348154176494366
Smp_317760	0.328292840009413
Smp_317770	0.415131142668879
Smp_317780	0.998323392920383
Smp_317790	2.29628029337462
Smp_317800	0.622770229692514
Smp_317810	0.693930539511732
Smp_317820	1.37104222199567
Smp_317840	0.274481076324067
Smp_317860	1.62937498940715
Smp_317970	1.39410880257961
Smp_317980	1.4313757645089
Smp_317990	1.81596544522079
Smp_318000	0.171000731494544
Smp_318010	0.0227435799681728
Smp_318020	0.959514419871183
Smp_318030	0.493408530782393
Smp_318050	75
Smp_318060	0.987781426476231
Smp_318070	6.2266585386837
Smp_318080	25.924467825597
Smp_318090	26.6750611062707
Smp_318100	1.04403635293556
Smp_318110	0.111407398848485
Smp_318120	0.039790889970695
Smp_318130	0.0503732752555817
Smp_318140	0.0876646354501377
Smp_318150	0.541346810405622
Smp_318160	0.0345840946595851
Smp_318200	0.061588989680209
Smp_318210	0.889947480117278
Smp_318240	1.04745006199654
Smp_318260	0.394995868632105
Smp_318280	0.113352440217052
Smp_318290	0.321232449998861
Smp_318300	0.304704565220418
Smp_318310	0.852980846712855
Smp_318320	0.105132916674974
Smp_318330	1.58173281739088
Smp_318340	0.235768872227774
Smp_318350	0.17073087423674
Smp_318370	4.95873587899065
Smp_318380	40.8426764867543
Smp_318470	0.220005405096164
Smp_318480	0.644650983647676
Smp_318490	0.772769757492562
Smp_318500	0.0390114242963899
Smp_318510	0.198153698761351
Smp_318630	14.8299103462309
Smp_318640	1.26642878654291
Smp_318650	30.5415776030802
Smp_318660	1.0825820868102
Smp_318680	0.380536799216281
Smp_318690	1.55921137106127
Smp_318710	60.5787106671545
Smp_318800	0.0248634980940872
Smp_318850	0.0275889250251836
Smp_318870	65.4418758741772
Smp_318880	0.0521138138765883
Smp_318890	0.302376363057803
Smp_318900	0.355160529778545
Smp_318910	0.0315428549587708
Smp_318920	0.285762278970327
Smp_318950	0.366491377113354
Smp_318970	0.294196256458722
Smp_318980	0.0982361869543955
Smp_319000	0.872829331415538
Smp_319010	0.10980061812995
Smp_319020	0.277818382496069
Smp_319030	0.270401720961843
Smp_319040	15.0228204816984
Smp_319050	0.0154369590760453
Smp_319060	0.0352862315096149
Smp_319070	0.0912656496841198
Smp_319080	0.180407042473165
Smp_319090	0.316355886879271
Smp_319100	0.0278548273609758
Smp_319110	0.136361295357365
Smp_319120	0.0561776501797027
Smp_319130	0.0392453947260259
Smp_319140	0.0339019463016771
Smp_319170	0.525039808958258
Smp_319200	0.743436517731086
Smp_319210	0.0198576018114658
Smp_319220	0.10928032962283
Smp_319230	0.0638307991339132
Smp_319240	0.0389391269944751
Smp_319250	0.191926018647812
Smp_319260	0.677908857092026
Smp_319270	0.16268478041865
Smp_319290	0.381709785527074
Smp_319310	0.22787956403816
Smp_319320	0.186219071888961
Smp_319330	0.0570422877110065
Smp_319340	0.040532167788553
Smp_319370	0.101786166772404
Smp_319390	1.45123020901089
Smp_319400	0.295368661637167
Smp_319410	1.08675054595947
Smp_319420	71.4621963346971
Smp_319430	59.3044768896506
Smp_319440	75
Smp_319450	1.16950568751955
Smp_319460	1.35153457670457
Smp_319470	72.0406930082301
Smp_319480	0.201421402268659
Smp_319490	0.215773782986933
Smp_319500	0.0916506945418032
Smp_319520	0.349779635451447
Smp_319540	0.273751372409097
Smp_319550	75
Smp_319560	0.0538223841949615
Smp_319570	3.64030979024714
Smp_319580	1.63926483250912
Smp_319610	0.284750337558612
Smp_319620	0.0811780465172772
Smp_319640	0.177612544671304
Smp_319650	0.288566290602034
Smp_319660	0.0838625748584485
Smp_319670	75
Smp_319680	0.518803019227745
Smp_319690	0.4305853611478
Smp_319700	0.657756942619625
Smp_319720	0.275243993736725
Smp_319730	0.0876090480677765
Smp_319750	75
Smp_319760	0.137293541120781
Smp_319770	0.253749291513811
Smp_319780	0.222232242872029
Smp_319790	0.108986729763162
Smp_319810	0.131447067093186
Smp_319820	75
Smp_319860	0.264445195704863
Smp_319870	0.195860186794474
Smp_319890	0.23133668049659
Smp_319900	0.0216933493294682
Smp_319910	0.382212432993052
Smp_319920	0.281157179691982
Smp_319930	0.963529503814596
Smp_319940	62.0849338095487
Smp_319950	0.0636577605814325
Smp_319960	0.0608276590996004
Smp_319970	0.411507764128326
Smp_320000	2.38789167119255
Smp_320030	19.2178373832653
Smp_320050	44.0735532021485
Smp_320100	0.143109149750537
Smp_320110	0.0996002073033879
Smp_320120	0.0678315459606745
Smp_320200	0.119094943221772
Smp_320210	0.40066027523426
Smp_320230	0.206190682915947
Smp_320240	0.137043592587486
Smp_320260	0.468029409960204
Smp_320270	0.15209713144869
Smp_320280	0.0945385882141568
Smp_320300	0.377449659559591
Smp_320310	0.149178379694303
Smp_320320	0.290120138397661
Smp_320330	0.169010768865823
Smp_320340	0.226682806492962
Smp_320350	24.0803349952813
Smp_320360	0.200547794405149
Smp_320400	0.160381843732465
Smp_320410	0.149770275980664
Smp_320440	0.146495710558155
Smp_320450	0.288611069132505
Smp_320460	0.253432921427845
Smp_320480	0.188470492846834
Smp_320490	0.214905597031931
Smp_320500	0.140032965176184
Smp_320510	0.368527810817389
Smp_320530	0.0145376272175273
Smp_320540	0.171024750547654
Smp_320670	1.59078478687771
Smp_320690	46.7990092291172
Smp_320760	0.752269460497555
Smp_320810	2.50971775663226
Smp_320880	1.02576875077972
Smp_320890	0.156774060964172
Smp_320940	1.20561226864046
Smp_321250	0.0335481757400838
Smp_321255	0.0440578219720744
Smp_321620	0.0209643914436906
Smp_321730	11.6249429782179
Smp_321740	0.125142121986237
Smp_321750	1.11376607324516
Smp_321760	0.245867119337735
Smp_321770	0.157188655057001
Smp_321780	0.224749410817158
Smp_321790	0.107977933148107
Smp_321800	10.5071309671805
Smp_321810	0.233463695370988
Smp_321830	0.0706144890515475
Smp_321840	0.0581519077631581
Smp_321850	0.235424836475291
Smp_321860	0.0886613051900654
Smp_321880	0.279073301059462
Smp_321890	0.00917604867087573
Smp_321910	0.172465988952774
Smp_321920	0.0506554276321693
Smp_321930	0.0981609571016565
Smp_321950	0.905743138029028
Smp_322000	0.187189268116352
Smp_322010	0.234559028424516
Smp_322040	0.256689051145183
Smp_322050	75
Smp_322070	0.0629113526366397
Smp_322080	1.30640402429035
Smp_322100	6.38793958010892
Smp_322130	0.0624004751832987
Smp_322150	0.246368777859092
Smp_322160	8.43653496868385
Smp_322170	0.369496909575408
Smp_322190	0.220253776617797
Smp_322210	0.192261080195057
Smp_322220	0.158219301641423
Smp_322230	0.303011256345439
Smp_322240	0.197180819607389
Smp_322250	0.194680028231038
Smp_322270	0.603706616517871
Smp_322280	0.0782599758211321
Smp_322330	0.0678150424338988
Smp_322340	0.207035526627569
Smp_322350	0.0256490512083031
Smp_322380	0.269652179187148
Smp_322410	0.166595774830881
Smp_322430	0.307903484756225
Smp_322440	0.08041702649708
Smp_322450	0.271202285548915
Smp_322460	0.269145754805836
Smp_322480	0.0830508916648553
Smp_322500	0.0761692787687738
Smp_322560	0.172000175313163
Smp_322570	0.0272550436643092
Smp_322580	0.1967810471351
Smp_322590	0.180014636106377
Smp_322610	0.112987151969601
Smp_322640	0.234086380973236
Smp_322650	0.08459174926717
Smp_322680	0.0977680121054023
Smp_322690	0.186741682276099
Smp_322700	0.0354580320378445
Smp_322710	0.0734137469390169
Smp_322720	0.262851742345555
Smp_322730	0.106946263780287
Smp_322760	75
Smp_322770	0.273374526401821
Smp_322780	0.132227825903143
Smp_322800	0.199903858935924
Smp_322810	0.172500161947713
Smp_322820	0.221801654979333
Smp_322830	0.302890777083169
Smp_322850	0.0705946028948153
Smp_322860	0.153464421638635
Smp_322870	0.522466482071691
Smp_322880	0.0544663460910553
Smp_322890	0.0218410663276944
Smp_322900	0.0923364158435903
Smp_322910	0.172515504869582
Smp_322920	0.894315806095088
Smp_322930	0.308912637995609
Smp_322940	0.323746110725377
Smp_322950	0.188465554419067
Smp_322960	3.52542112859998
Smp_322970	0.0408771256465721
Smp_322980	0.205136182585027
Smp_322990	0.249224464854757
Smp_323010	0.063346072599338
Smp_323040	0.172351847848923
Smp_323050	1.48290770022197
Smp_323090	0.0478089735363544
Smp_323110	7.76664260335077
Smp_323140	0.106968188660987
Smp_323170	0.198873713588807
Smp_323190	0.225510606793686
Smp_323200	75
Smp_323210	0.923047283595125
Smp_323230	0.878740059844484
Smp_323240	0.105773377592925
Smp_323250	0.067387410696033
Smp_323270	0.0781852940449119
Smp_323280	0.272031031146909
Smp_323290	0.389331294816959
Smp_323300	1.41840402474795
Smp_323320	0.767341440809057
Smp_323330	0.041055247472606
Smp_323340	0.114057757749654
Smp_323350	6.75056221189987
Smp_323360	0.522514763074413
Smp_323370	0.147598325775624
Smp_323380	0.0183655015631218
Smp_323420	0.715626392707007
Smp_323430	0.0469229117113239
Smp_323440	0.281549604260817
Smp_323500	1.12917338454198
Smp_323510	2.77741166754437
Smp_323530	1.51214168896468
Smp_323540	0.135277635821694
Smp_323560	0.172928716242749
Smp_323580	0.0603448525448803
Smp_323600	1.66414175809568
Smp_323640	0.298716983549702
Smp_323650	0.00778697955504251
Smp_323660	0.0241871125812006
Smp_323680	0.826232186312471
Smp_323690	0.270896516248908
Smp_323700	0.0972831825337074
Smp_323710	0.552032431653544
Smp_323730	0.467780073058247
Smp_323740	0.187470978373589
Smp_323770	0.0990714692231076
Smp_323790	0.104366761924363
Smp_323800	1.40073898297531
Smp_323810	0.246289724106551
Smp_323820	0.295855146924071
Smp_323830	0.0437529110966992
Smp_323870	0.499589741424164
Smp_323890	0.0221318181680891
Smp_323900	0.270347145168509
Smp_323910	0.214283804680308
Smp_323920	0.0444044401383011
Smp_323960	0.414100167688768
Smp_323980	0.132337406571829
Smp_324050	0.0663890407106644
Smp_324060	0.417946488004673
Smp_324070	0.172735413829501
Smp_324080	0.0687995950589885
Smp_324090	0.315673106044038
Smp_324100	0.0733282383185313
Smp_324110	8.39201226068566
Smp_324120	0.381506352886185
Smp_324130	2.14209005547918
Smp_324140	0.157427573399545
Smp_324150	0.770464332166754
Smp_324160	1.01357699865291
Smp_324180	0.256063929607971
Smp_324190	0.75082807667194
Smp_324200	0.0463040635652033
Smp_324210	0.158305770232874
Smp_324230	0.87118868747727
Smp_324240	0.528376024678576
Smp_324250	0.402478860330372
Smp_324260	0.178209812514079
Smp_324270	0.145294921286915
Smp_324280	0.155837278571883
Smp_324290	0.115249215741324
Smp_324300	0.236507672406607
Smp_324310	0.259090832236586
Smp_324320	30.3492724028678
Smp_324330	1.21836391225808
Smp_324340	1.13886921042561
Smp_324350	3.52785511426184
Smp_324360	0.355807884855942
Smp_324380	75
Smp_324400	0.340279870186222
Smp_324410	0.295357499879889
Smp_324420	0.18629783961536
Smp_324450	0.8966604193238
Smp_324630	0.0504147104143941
Smp_324700	1.06335702727683
Smp_324710	1.71280766851289
Smp_325490	0.906255970086769
Smp_325540	0.196078764839275
Smp_325550	2.96779952225291
Smp_325560	1.17150063584003
Smp_325570	0.154812451263955
Smp_325580	1.52966320641394
Smp_325610	0.167941042500961
Smp_325620	1.27538379961791
Smp_325630	4.00320413306342
Smp_325640	0.0275178613609605
Smp_325650	0.0222532358455697
Smp_325670	0.076215096137608
Smp_325680	0.100798322267591
Smp_325690	0.286761371061691
Smp_325700	0.327450895749436
Smp_325740	0.0761088053553389
Smp_325760	0.113861176517002
Smp_325770	1.49515349489194
Smp_325790	0.0479700440286205
Smp_325820	0.173910113593478
Smp_325900	0.273384055821217
Smp_325920	0.134475216102058
Smp_325960	0.578670548737547
Smp_325970	3.34937355880879
Smp_325980	0.260462604727543
Smp_325990	0.730136637910532
Smp_326000	0.316573067463587
Smp_326010	0.628212956877532
Smp_326040	0.238794441359002
Smp_326080	0.131176721182294
Smp_326090	0.0707795356725603
Smp_326120	0.0818533723738729
Smp_326130	0.0623234501432734
Smp_326150	0.142307287410998
Smp_326160	0.228969181689733
Smp_326170	3.92587104068701
Smp_326180	0.154465573365307
Smp_326190	0.183792832605336
Smp_326220	75
Smp_326250	0.0951009853838328
Smp_326270	0.677552859686832
Smp_326300	0.631917211585667
Smp_326360	0.281321908470447
Smp_326390	0.392981869165722
Smp_326400	0.0319521514508587
Smp_326410	0.0760660704911649
Smp_326430	0.102938048261176
Smp_326440	0.0807565246474023
Smp_326450	0.698273330862791
Smp_326460	4.31748120032214
Smp_326470	75
Smp_326480	0.2984870874233
Smp_326490	0.63913982566654
Smp_326500	0.163298785385557
Smp_326510	2.8739358438593
Smp_326520	0.116202093708237
Smp_326530	35.4408671550557
Smp_326540	3.817648142964
Smp_326550	1.81273104767214
Smp_326560	8.8993931318142
Smp_326570	0.990342708909322
Smp_326580	0.462617985034716
Smp_326600	36.6931370083925
Smp_326610	1.09884664499559
Smp_326620	0.120361766608043
Smp_326640	2.42095727216429
Smp_326650	0.329555847757655
Smp_326660	0.188810423275682
Smp_326670	0.196550495244035
Smp_326690	0.184386687519871
Smp_326700	24.7406861135127
Smp_326710	0.472639146945813
Smp_326720	0.295618779219704
Smp_326730	0.866970176739115
Smp_326740	0.0566304941073988
Smp_326750	0.176052601538369
Smp_326760	0.338823616133221
Smp_326770	0.130512091881714
Smp_326790	4.30257121949374
Smp_326800	0.489102739102638
Smp_326810	0.328283510785935
Smp_327030	1.61565743328974
Smp_327040	0.442688167688809
Smp_327050	13.5837245458622
Smp_327200	0.674137618429297
Smp_327210	0.132700329856504
Smp_327220	0.372064499955246
Smp_327230	0.243743728264528
Smp_327240	0.0818852216420247
Smp_327260	0.092488177004283
Smp_327270	0.195190235108904
Smp_327280	0.0939935383817004
Smp_327290	0.848258450764223
Smp_327300	0.413196557242768
Smp_327340	7.77179192457678
Smp_327360	0.243633649605668
Smp_327370	0.214721046006566
Smp_327395	0.115977457322308
Smp_327400	0.0957004897711166
Smp_327410	0.0701847201682701
Smp_327420	0.0645413351930589
Smp_327430	0.212556257004268
Smp_327450	75
Smp_327460	13.746718047209
Smp_327470	7.08761350353577
Smp_327480	0.059329214849668
Smp_327490	0.709948258925078
Smp_327500	0.146198676807984
Smp_327510	0.092812685768228
Smp_327520	0.719144460111804
Smp_327530	0.60079524013984
Smp_327540	0.732817041554817
Smp_327550	2.95292873643365
Smp_327560	0.0158598034026269
Smp_327570	0.325124935997522
Smp_327580	0.0738103017040094
Smp_327590	0.0687213322252763
Smp_327600	4.36843341435
Smp_327610	0.0556282054302149
Smp_327630	0.113584938931298
Smp_327640	0.113343485286984
Smp_327680	0.174325675871459
Smp_327700	3.0927284892909
Smp_327710	0.555685215471759
Smp_327720	0.238464810721328
Smp_327730	0.125913301513979
Smp_327770	0.409699308725727
Smp_327780	0.242154570534989
Smp_327790	9.4184946674681
Smp_327800	0.322047971213612
Smp_327810	0.154993925419098
Smp_327820	50.2454298572758
Smp_327860	0.195120937509568
Smp_327870	0.28564425070515
Smp_327890	0.1834275719384
Smp_327910	0.842053577574264
Smp_327920	0.839035351724568
Smp_327930	0.125228306035621
Smp_327950	0.147942774562925
Smp_327960	0.0342250803951309
Smp_327970	0.193374597129642
Smp_327980	1.9624296351802
Smp_328000	0.042447453258823
Smp_328010	0.610502863532623
Smp_328060	3.92826389940549
Smp_328070	0.101808300861843
Smp_328080	0.163976407432262
Smp_328090	0.0817861517474328
Smp_328110	0.18674403234656
Smp_328120	0.0356051301896
Smp_328130	4.25239596515711
Smp_328140	0.138143884524433
Smp_328150	0.0818429723944271
Smp_328180	0.0705140530310692
Smp_328190	1.17258469137829
Smp_328200	0.0975249276678638
Smp_328220	0.125772465870639
Smp_328230	0.0351057634750025
Smp_328240	0.125560162323771
Smp_328260	0.0324768436823826
Smp_328300	3.92138399968718
Smp_328320	1.09126228280162
Smp_328330	0.132304192577101
Smp_328350	0.125178414095368
Smp_328360	0.313778197878335
Smp_328380	0.357997291211445
Smp_328390	1.03357720368115
Smp_328400	0.633800632264297
Smp_328410	0.0417507459982483
Smp_328430	0.161056308737282
Smp_328440	8.59753712998637
Smp_328450	0.306399352223186
Smp_328460	0.159521909958597
Smp_328470	1.51144413463087
Smp_328480	0.704053655719844
Smp_328490	8.56168831738414
Smp_328500	0.183307663820043
Smp_328510	5.59651837868896
Smp_328520	2.37814876192667
Smp_328530	0.106105001866893
Smp_328540	0.0909979345236951
Smp_328550	0.218653285416866
Smp_328570	0.202680003366682
Smp_328580	0.439570123945133
Smp_328590	0.226259440055931
Smp_328600	0.0192482895876065
Smp_328620	0.223238206701161
Smp_328630	75
Smp_328640	0.084895309469401
Smp_328650	0.192794835445565
Smp_328670	0.648856692210488
Smp_328680	0.40374800286784
Smp_328690	0.129111081862069
Smp_328700	0.659880750667832
Smp_328710	0.0665847071739319
Smp_328730	0.113030184839299
Smp_328750	0.67109282278381
Smp_328770	0.908322440705635
Smp_328910	0.322110324980231
Smp_328930	0.473517786357782
Smp_328940	2.29979958856915
Smp_328950	0.345001603399648
Smp_328980	0.252160562326529
Smp_328990	0.519257272642046
Smp_329010	0.109439402425611
Smp_329030	20.0646721848289
Smp_329040	0.245407988522773
Smp_329050	1.303119443107
Smp_329060	0.656581674487846
Smp_329080	14.138030697575
Smp_329090	0.0382091488558408
Smp_329100	0.0525690612205163
Smp_329110	0.0979974766030908
Smp_329130	0.758351452430642
Smp_329150	0.228000368940393
Smp_329170	75
Smp_329200	0.0778777826783906
Smp_329210	0.133867808283149
Smp_329220	0.0529652453239924
Smp_329230	1.20208822208097
Smp_329250	0.0617719045465888
Smp_329260	0.147348490779572
Smp_329270	0.204388640687365
Smp_329280	0.167174544916119
Smp_329300	0.297606922762323
Smp_329330	0.0276278905882276
Smp_329340	0.196093109545408
Smp_329370	0.247214009662617
Smp_329410	5.90508407596564
Smp_329420	0.195549486890625
Smp_329430	0.0858305389817453
Smp_329440	0.343402866690965
Smp_329490	0.0618392683327161
Smp_329500	0.199351028654236
Smp_329510	0.0616212652080992
Smp_329520	0.0495003665408627
Smp_329530	0.323789912983549
Smp_329550	0.149183160226246
Smp_329560	1.34468869275514
Smp_329570	0.0687504179394271
Smp_329580	18.890011537625
Smp_329590	0.54473252268075
Smp_329600	0.0796536207562642
Smp_329610	1.68344652927488
Smp_329620	0.0995212410297532
Smp_329650	0.0526171148277781
Smp_329670	0.11659198687187
Smp_329680	0.185369192254949
Smp_329690	0.708926433188191
Smp_329700	0.278592411852289
Smp_329710	0.740588315378332
Smp_329720	0.415566490433506
Smp_329730	0.279695803908197
Smp_329760	0.10910004673084
Smp_329770	0.0421317159301826
Smp_329780	0.486638770120437
Smp_329920	0.353585396251842
Smp_329940	0.863147834512977
Smp_329950	0.223703132493051
Smp_329960	0.950297405452476
Smp_329970	0.160828812903627
Smp_330000	0.103444580235549
Smp_330010	0.193881144243664
Smp_330050	75
Smp_330060	0.953216892837593
Smp_330070	7.3806718552949
Smp_330080	0.392726154287352
Smp_330090	6.33838976108097
Smp_330100	0.322864553517996
Smp_330110	5.06455775624849
Smp_330120	0.318940023372942
Smp_330130	0.266377521016887
Smp_330150	0.287649398281887
Smp_330160	0.178046859283517
Smp_330170	0.575550246005008
Smp_330180	0.174278159848437
Smp_330190	0.110015550499651
Smp_330200	75
Smp_330210	0.370554471456103
Smp_330220	0.79219603957111
Smp_330230	0.309807074572026
Smp_330240	0.19284272212083
Smp_330250	0.101293270345771
Smp_330260	0.0455604446628832
Smp_330270	2.15873899858257
Smp_330280	0.643037913908557
Smp_330290	0.410214961861101
Smp_330300	11.137247173686
Smp_330310	75
Smp_330320	1.11283188113532
Smp_330330	0.52806605146548
Smp_330350	0.101221852245607
Smp_330380	0.0740805999822675
Smp_330390	2.47753536972806
Smp_330430	0.21268713305906
Smp_330440	0.145510883086425
Smp_330450	0.0848974091649143
Smp_330470	0.508435081176437
Smp_330490	0.0493429085958728
Smp_330500	0.0288165600483851
Smp_330510	0.633178694027608
Smp_330520	0.8553662808373
Smp_330530	0.171669505291825
Smp_330540	0.501493303483277
Smp_330550	0.0655800397144881
Smp_330570	0.153485797056199
Smp_330590	0.296914514327202
Smp_330600	1.44153217983251
Smp_330620	0.154774694445673
Smp_330630	0.341890631951156
Smp_330640	5.41999244418952
Smp_330650	0.0325620515869177
Smp_330670	4.36255838124902
Smp_330680	0.143214624366071
Smp_330700	0.195687042154223
Smp_330710	0.44671762868267
Smp_330720	4.89458750835341
Smp_330730	0.193436009411998
Smp_330740	1.10251311316194
Smp_330750	0.414448694349939
Smp_330760	0.0654746391583278
Smp_330770	0.747587472138078
Smp_330780	0.188005380917476
Smp_330790	0.652344981754128
Smp_330810	0.719663271964786
Smp_330830	0.164499953580759
Smp_330840	14.578890742225
Smp_330850	1.39454684847175
Smp_330860	0.226713066122653
Smp_330880	17.8258126165949
Smp_330890	0.429033370473995
Smp_330900	2.14004095882175
Smp_331110	0.324321706516158
Smp_331120	0.122408133884375
Smp_331130	0.649802806872567
Smp_331140	0.359060459371927
Smp_331150	0.23464169474085
Smp_331160	0.0619096575250067
Smp_331170	0.0192848477957823
Smp_331180	0.200412800187582
Smp_331190	0.415569039360885
Smp_331200	0.144558898192477
Smp_331210	0.0738486813789712
Smp_331220	0.199758336532055
Smp_331230	0.140259561649143
Smp_331240	0.111002300020862
Smp_331250	0.0556663207881452
Smp_331260	1.9006129390375
Smp_331270	0.717090056565302
Smp_331280	0.41951778670278
Smp_331290	0.415392416839724
Smp_331310	0.115089357784185
Smp_331320	0.0986587060284165
Smp_331330	0.117916817807883
Smp_331340	0.096486505691512
Smp_331360	0.0393108402380129
Smp_331370	0.416349869102677
Smp_331380	0.082732674460698
Smp_331390	0.191547125631313
Smp_331400	0.556097642668839
Smp_331410	0.170716333099893
Smp_331420	0.27500032773054
Smp_331440	0.368613831667505
Smp_331450	34.9877779957691
Smp_331460	0.293536028515427
Smp_331470	0.266265578471036
Smp_331480	0.486831335855917
Smp_331490	0.016293336443623
Smp_331510	0.147519430851096
Smp_331530	0.0912902562322178
Smp_331540	0.11403432020521
Smp_331550	0.148214658850157
Smp_331560	0.246148873574768
Smp_331570	0.0351351254895764
Smp_331580	0.292880501085815
Smp_331590	0.0792453807890132
Smp_331600	14.8310376916789
Smp_331610	0.475557092167788
Smp_331630	0.238049559957737
Smp_331650	0.678518869761878
Smp_331660	0.0681318829340961
Smp_331670	0.187374102421517
Smp_331680	75
Smp_331690	21.7655792865646
Smp_331700	0.0701162062121281
Smp_331710	0.0179208659651985
Smp_331720	0.165086600302048
Smp_331730	0.261983101692187
Smp_331780	0.0687940153654425
Smp_331790	0.0304155646312383
Smp_331810	0.0929802139509186
Smp_331820	0.108972477253109
Smp_331830	0.153856634347399
Smp_331870	0.0460218378646135
Smp_331880	0.0310029504884686
Smp_331890	0.255684222505293
Smp_331900	0.0395100530611147
Smp_331910	0.323541101428095
Smp_331920	0.0994428749195005
Smp_331930	0.447247729408164
Smp_331940	0.110559916640991
Smp_331960	0.0427077785486629
Smp_331970	0.159314863459258
Smp_331980	0.0410506150523938
Smp_331990	0.169100773992984
Smp_332010	0.163769935333869
Smp_332020	0.317105687722395
Smp_332070	1.10316310368331
Smp_332080	0.145060263601369
Smp_332090	0.0891629295417286
Smp_332100	0.208822218391877
Smp_332120	0.107324492077293
Smp_332140	0.841612811304091
Smp_332150	0.273784681777117
Smp_332160	0.106286775697286
Smp_332170	0.10903602507799
Smp_332240	0.0955900149443153
Smp_332245	1.82430091558832
Smp_332250	0.204308733303293
Smp_332260	0.0881049333561116
Smp_332270	0.0531845784245524
Smp_332280	0.0611780619285436
Smp_332290	0.113410615045645
Smp_332300	0.0104969643575935
Smp_332310	0.0751642791164199
Smp_332320	0.0742770633230009
Smp_332330	0.0736109927244407
Smp_332340	0.518397173117908
Smp_332350	1.69188996409612
Smp_332360	0.0449055537284204
Smp_332370	0.0303254986061877
Smp_332380	0.0427163292819911
Smp_332390	0.131358268892395
Smp_332400	0.0119873882282663
Smp_332410	16.200142719599
Smp_332420	0.0307470813428307
Smp_332440	12.7789006386298
Smp_332450	0.0128204246609912
Smp_332460	0.143977990563493
Smp_332470	0.113877246289581
Smp_332480	0.0864008977021591
Smp_332490	0.117085034308364
Smp_332500	0.0605794275537832
Smp_332510	0.0274784009861088
Smp_332520	0.335928599145831
Smp_332540	0.0515552654317546
Smp_332550	0.0396714506664563
Smp_332560	0.124331360001353
Smp_332570	0.0266052289089912
Smp_332580	0.0483758465934641
Smp_332590	0.137842817914269
Smp_332600	0.0510917245472268
Smp_332610	0.169477577696149
Smp_332620	0.0658943847566972
Smp_332630	0.0416738725526525
Smp_332640	0.489185347969
Smp_332650	0.0211820535119866
Smp_332660	0.0149808961854399
Smp_332670	0.179867811134292
Smp_332680	0.0270362335495803
Smp_332690	0.0715325287546414
Smp_332700	0.0914976844431365
Smp_332710	0.0337417417486267
Smp_332720	0.0389933284981804
Smp_332740	0.0664607646698374
Smp_332750	0.0285677420905747
Smp_332780	0.0292267340775836
Smp_332790	0.061214403904202
Smp_332800	0.0884883581554616
Smp_332820	0.0598165399586757
Smp_332830	0.0115505305120045
Smp_332840	10.7322382765933
Smp_332850	0.0407936591006255
Smp_332860	0.0172891622291142
Smp_332870	0.050694893002002
Smp_332880	0.0457641966891707
Smp_332890	0.115652320622828
Smp_332900	0.0520135661559668
Smp_332910	0.052343965703157
Smp_332920	0.0498701286368355
Smp_332930	0.0394485418743635
Smp_332940	0.0836742519031752
Smp_332950	0.0171660515997977
Smp_332960	0.341252239704698
Smp_332970	0.135063770731585
Smp_332980	0.0879760586530738
Smp_333000	0.674151194991024
Smp_333010	0.0361352846531513
Smp_333030	0.0636572813217072
Smp_333040	0.0196015935377569
Smp_333050	0.0273077905788811
Smp_333070	0.0764728174994974
Smp_333080	0.0456599544225622
Smp_333090	0.0371937417265278
Smp_333100	0.0465849801398304
Smp_333120	0.259987438252313
Smp_333140	0.0682920561081363
Smp_333150	0.0389601941778067
Smp_333160	0.0593902999841371
Smp_333170	0.0546173106481101
Smp_333180	0.194852651266057
Smp_333190	0.186014716152477
Smp_333200	0.0416660894329836
Smp_333210	0.0568603262349496
Smp_333220	75
Smp_333230	0.120373991035966
Smp_333240	0.0195845069849373
Smp_333250	0.155190092479714
Smp_333260	0.0663099586597902
Smp_333270	0.235988413141537
Smp_333280	0.346419242271137
Smp_333290	0.172311741489215
Smp_333300	0.0385627109456986
Smp_333310	0.0515266573986022
Smp_333320	0.0315843465017298
Smp_333330	0.168744927142412
Smp_333340	0.340953724790395
Smp_333350	0.0637720204970861
Smp_333360	0.18189298008272
Smp_333370	0.0347353351226595
Smp_333380	0.486325888012198
Smp_333390	0.0439467226347828
Smp_333400	0.0205620854604666
Smp_333410	0.0164333772904704
Smp_333420	0.0321982634742843
Smp_333450	0.100749652578546
Smp_333460	0.0488779101444432
Smp_333470	0.047849056663733
Smp_333480	0.0730706538932038
Smp_333490	0.0916527259418673
Smp_333500	0.052120868738328
Smp_333510	0.0187246344845468
Smp_333520	0.0543257363710919
Smp_333540	0.391947269737112
Smp_333550	0.042836678182195
Smp_333560	0.0838889612653587
Smp_333570	0.0873370515931623
Smp_333580	0.0670032294039
Smp_333590	0.0398766243450504
Smp_333600	0.0538461653030419
Smp_333610	0.0192108213627301
Smp_333620	0.0457841837127966
Smp_333630	0.0588379751733336
Smp_333640	0.067213096147418
Smp_333650	0.0511468610209592
Smp_333660	0.0138295037296793
Smp_333670	0.136609269497786
Smp_333680	0.0272945997204377
Smp_333690	0.126617058475148
Smp_333700	0.052413048575145
Smp_333710	0.193166489917892
Smp_333720	0.0991999373893789
Smp_333730	0.0862757310840395
Smp_333740	0.0590789933302087
Smp_333750	0.0742590415954202
Smp_333760	0.0278049909023671
Smp_333770	0.0136060894231162
Smp_333780	0.0883704042186023
Smp_333790	0.128214509033834
Smp_333800	0.0897130787872048
Smp_333810	0.031252982092954
Smp_333830	0.143686949090983
Smp_333840	0.0243788180489153
Smp_333850	0.149607072661789
Smp_333860	0.145173360422391
Smp_333870	37.2497064431914
Smp_333880	0.0359552564437395
Smp_333890	0.0391251901528881
Smp_333900	0.0595448583855221
Smp_333910	0.0382188119446892
Smp_333920	0.100642787921783
Smp_333930	7.41992578862883
Smp_333940	0.0170244901301688
Smp_333950	0.0529338140969616
Smp_333960	0.10285410922948
Smp_333970	0.035555163183692
Smp_333980	0.091556080333325
Smp_333990	0.493640550913614
Smp_334000	0.0916412764125513
Smp_334010	0.035864809426914
Smp_334020	0.0156870457766884
Smp_334030	0.0770156370856912
Smp_334040	0.156777890974284
Smp_334050	0.0504814931307484
Smp_334060	0.0226907520199179
Smp_334070	75
Smp_334080	0.037521159764072
Smp_334100	0.011584493549219
Smp_334110	0.0766054216855671
Smp_334120	0.103425971733021
Smp_334130	0.0481253954805996
Smp_334140	0.0560751952686045
Smp_334150	0.0756163052355213
Smp_334160	0.0978582029418634
Smp_334180	0.05576521314656
Smp_334190	0.0664263892224287
Smp_334200	0.0379346873374785
Smp_334210	0.0766134312908943
Smp_334220	0.0558971493286999
Smp_334230	0.0445582217464892
Smp_334240	4.56151020164186
Smp_334250	0.0636978344562223
Smp_334260	0.0329759523147943
Smp_334280	0.0085281399210021
Smp_334290	0.0638801089890538
Smp_334300	0.0258893370117327
Smp_334310	0.0346664472371678
Smp_334320	0.158577155690809
Smp_334330	0.0681146949614823
Smp_334340	0.0210564363840417
Smp_334350	16.9913064864905
Smp_334360	0.129787714674417
Smp_334370	0.0422588257465396
Smp_334390	0.10386549948842
Smp_334400	0.503461369794364
Smp_334410	0.121705984896378
Smp_334415	0.381312553443679
Smp_334420	0.0273085752856732
Smp_334430	0.0980485864593966
Smp_334440	0.0443912835580842
Smp_334450	0.1067998951235
Smp_334460	0.0773282345803855
Smp_334470	0.0405863812937435
Smp_334480	0.0377833356326673
Smp_334490	0.0417395917268845
Smp_334500	0.0767784958426306
Smp_334510	0.0643760483839894
Smp_334520	9.73980050803467
Smp_334530	0.0452634603835321
Smp_334540	0.0425946304692263
Smp_334550	0.592759347537551
Smp_334555	0.585674709554582
Smp_334560	0.270015542372673
Smp_334570	0.0576166332773612
Smp_334580	0.0470239001259205
Smp_334600	0.0607680801817803
Smp_334610	0.087285552279067
Smp_334620	0.229173508081138
Smp_334630	0.040393654392853
Smp_334650	0.626936372353862
Smp_334660	75
Smp_334670	0.120703264216258
Smp_334680	0.0910705503666255
Smp_334700	0.0457041858499396
Smp_334710	0.0461727163057717
Smp_334730	0.0490455776549543
Smp_334740	0.0484455238479356
Smp_334750	0.0356797243178579
Smp_334770	0.0103948484597927
Smp_334780	0.0948537242525247
Smp_334790	0.392910262658195
Smp_334810	0.0815935591422965
Smp_334820	0.445134882487678
Smp_334830	0.169668536142973
Smp_334850	0.0926792465860443
Smp_334880	0.0398313573866528
Smp_334890	0.145945710813122
Smp_334900	0.0577973497490719
Smp_334910	0.0909177112850206
Smp_334920	0.220683301552272
Smp_334940	4.60403926378956
Smp_334950	0.0798876534881198
Smp_334970	0.11295628319462
Smp_334980	0.107162454256475
Smp_334990	0.845741385790876
Smp_335010	0.0522541219296601
Smp_335020	0.231946052797571
Smp_335040	0.41897660853562
Smp_335050	0.240334684538214
Smp_335080	9.43745932039262
Smp_335110	0.0271349629147917
Smp_335120	0.23047628326346
Smp_335130	0.408878292164193
Smp_335135	0.388339585793916
Smp_335140	0.394126078450532
Smp_335150	0.117008251143471
Smp_335170	0.216310051666858
Smp_335180	0.130078098920312
Smp_335190	2.75367684264434
Smp_335200	0.141663002160456
Smp_335210	0.151302996629882
Smp_335220	0.32064333378759
Smp_335280	0.232229378973497
Smp_335300	0.202556801253124
Smp_335330	0.0632620893387175
Smp_335340	0.0930822115626831
Smp_335350	0.055844159140994
Smp_335360	0.305923328013815
Smp_335370	0.450895125231259
Smp_335380	0.954713312035759
Smp_335400	0.430096081805201
Smp_335410	24.640832346221
Smp_335430	55.747854942314
Smp_335460	2.49017947988748
Smp_335470	11.7848439090353
Smp_335480	2.34430360796972
Smp_335490	3.11656477811473
Smp_335510	28.2178189975767
Smp_335530	0.0906019843961435
Smp_335540	5.81666231721867
Smp_335550	0.785870990226733
Smp_335560	0.0689561188401528
Smp_335570	0.0500141075619736
Smp_335590	0.114150397883246
Smp_335600	0.223153067809406
Smp_335610	0.219907738129376
Smp_335620	0.0163997806130406
Smp_335630	0.104269615445578
Smp_335650	1.43382299880344
Smp_335660	0.029431869233524
Smp_335670	0.144991299356627
Smp_335675	0.0925748621417289
Smp_335690	2.49941735418039
Smp_335710	0.760733239547069
Smp_335720	0.250567198765508
Smp_335730	0.0722950212151919
Smp_335750	0.0563798679065736
Smp_335760	0.0994146581274779
Smp_335770	0.044637987588359
Smp_335780	0.0951700414002218
Smp_335785	0.190773274435991
Smp_335800	4.9684134763019
Smp_335820	0.166321699874433
Smp_335830	0.09602734668233
Smp_335840	0.0625668621539346
Smp_335850	0.75785525711179
Smp_335880	0.165984499427849
Smp_335890	0.161370717605445
Smp_335900	0.162662551590479
Smp_335930	0.144562747989867
Smp_335950	0.253648129573991
Smp_335960	0.129233702800923
Smp_335980	0.0308462322879576
Smp_335990	0.0984751681691581
Smp_336010	0.0522119200726834
Smp_336050	0.029898379888334
Smp_336060	0.348533682856173
Smp_336070	0.454668049669297
Smp_336080	0.0309711517568306
Smp_336100	0.191106738427569
Smp_336110	0.150917939832074
Smp_336120	0.145511739857109
Smp_336130	2.77247521727967
Smp_336140	1.17627991548491
Smp_336150	0.0545806402485567
Smp_336170	0.104963939863264
Smp_336180	0.442749415366702
Smp_336190	0.117975412800265
Smp_336200	0.279530283949346
Smp_336210	0.103758193986065
Smp_336230	0.151236027123289
Smp_336250	0.147857569626032
Smp_336270	0.129738225049235
Smp_336280	0.0810068683506204
Smp_336290	0.0361670752524423
Smp_336300	2.08517915561911
Smp_336310	0.214484851415537
Smp_336320	0.0321297472170894
Smp_336330	0.0138116708244443
Smp_336340	0.178853741789687
Smp_336350	0.0405029168003285
Smp_336360	0.0194683173915271
Smp_336365	0.0439785305622153
Smp_336370	0.0559821601266294
Smp_336380	0.0351000120111322
Smp_336400	0.328392256191803
Smp_336610	0.117872463747412
Smp_336620	0.0421948553109331
Smp_336630	0.0952492878897088
Smp_336640	0.026334838643323
Smp_336650	0.0189523332271143
Smp_336660	0.0136484153697728
Smp_336670	0.103449776128117
Smp_336680	0.0159326279038465
Smp_336700	0.0166950225884349
Smp_336710	0.0749268159489968
Smp_336720	0.0581545030669665
Smp_336730	0.0953038639253832
Smp_336740	0.106185327939213
Smp_336750	0.0249864666824116
Smp_336770	0.0281929254150413
Smp_336780	0.12652393453169
Smp_336790	0.0192840017630849
Smp_336800	0.0373022554607193
Smp_336830	0.0571665775803716
Smp_336840	0.05218980939366
Smp_336850	4.93920588384188
Smp_336870	0.0580253859187857
Smp_336880	1.07442951392639
Smp_336900	0.0700960166412897
Smp_336990	1.35746326668389
Smp_337000	1.41886008915528
Smp_337010	0.0380909798541597
Smp_337020	75
Smp_337030	11.9565591059093
Smp_337040	0.0322798950317334
Smp_337060	0.0893471111123736
Smp_337070	0.0994185392170504
Smp_337080	0.0518522112467017
Smp_337090	0.174026628106536
Smp_337100	0.249453774346182
Smp_337110	0.0806942744772081
Smp_337130	0.0412883812478939
Smp_337140	0.014289581073118
Smp_337145	0.0921727135550504
Smp_337150	0.0709574503920833
Smp_337190	0.112267541563728
Smp_337200	0.0273771462448904
Smp_337210	0.242601540988354
Smp_337220	0.112327662123641
Smp_337230	0.294537833499122
Smp_337240	0.0497963649586194
Smp_337250	0.26778811307522
Smp_337260	0.040756149528172
Smp_337280	0.0852412510492615
Smp_337290	0.0440025477206999
Smp_337300	0.206995006857963
Smp_337310	1.13596934655031
Smp_337320	0.0219038188897586
Smp_337330	0.0541823746349215
Smp_337335	0.0775395806381535
Smp_337340	0.0338390599397431
Smp_337350	0.0612545795542299
Smp_337360	0.80280614318077
Smp_337370	0.0776650489531147
Smp_337380	0.593669211801441
Smp_337390	0.0398182309056384
Smp_337395	0.025327621960666
Smp_337400	0.0642570827170905
Smp_337410	0.0305515792094013
Smp_337420	0.100465372333293
Smp_337425	0.0389209093022854
Smp_337430	0.0203824923214439
Smp_337440	0.0855939836004039
Smp_337450	0.924483985113456
Smp_337460	0.0825839467697736
Smp_337470	0.00623012065644746
Smp_337480	0.0600835697936267
Smp_337490	0.0515542796965879
Smp_337500	6.26160048293376
Smp_337510	0.300808996756196
Smp_337520	0.310827819563851
Smp_337530	0.0308809177711998
Smp_337540	0.805338974965007
Smp_337550	0.134068294472683
Smp_337560	0.0117739762544862
Smp_337570	0.127659309667483
Smp_337580	0.0157792767344782
Smp_337590	0.0467728919450861
Smp_337610	0.0455522863193944
Smp_337620	0.0976597996940877
Smp_337630	0.0827168418683244
Smp_337640	0.265642708668303
Smp_337650	0.155521916305996
Smp_337660	0.181517013944612
Smp_337670	0.522475847893862
Smp_337730	1.36553721006779
Smp_337740	0.230182371574908
Smp_337750	0.0413046512020122
Smp_337760	0.169655608628308
Smp_337770	0.163085720615699
Smp_337780	0.0875870443652612
Smp_337785	0.0610371039866832
Smp_337790	0.0718133235923793
Smp_337795	0.0303837659761142
Smp_337800	0.0145864801316943
Smp_337805	0.144936810992159
Smp_337810	3.03325237038204
Smp_337820	0.134570592397641
Smp_337830	0.041920427496442
Smp_337850	0.00796235579377831
Smp_337860	0.01230534814248
Smp_337870	0.0660478980320787
Smp_337875	0.0338371294843898
Smp_337880	5.31215285810361
Smp_337890	0.828575097758878
Smp_337900	1.01518003407712
Smp_340010	0.689347939068365
Smp_340020	0.0201329871173458
Smp_340030	0.00964646678574913
Smp_340040	0.327566210172333
Smp_340050	0.0121105761349824
Smp_340060	0.093232523292789
Smp_340070	0.0941713575375333
Smp_340080	0.0799746265098781
Smp_340090	0.0273910452162367
Smp_340100	0.0130844104288835
Smp_340110	0.0392646429733545
Smp_340120	0.0783626559947818
Smp_340130	0.0802409104497612
Smp_340140	0.168078657062366
Smp_340150	0.0834220858559209
Smp_340160	0.167081857224332
Smp_340170	0.0276686564117125
Smp_340180	0.504999638210374
Smp_340190	0.0856350368155239
Smp_340200	0.0383680115030144
Smp_340210	0.0671615727536069
Smp_340220	0.113359544294669
Smp_340230	0.0150817834499207
Smp_340240	0.0582404997738869
Smp_340250	0.0664970542480692
Smp_340260	0.0799367557592437
Smp_340265	0.0388323138958088
Smp_340270	0.0701076921120225
Smp_340280	0.27619671556298
Smp_340290	0.062295132595579
Smp_340300	0.0176912551590707
Smp_340310	0.0186913914610318
Smp_340320	0.0811090817758289
Smp_340330	0.377940508983533
Smp_340340	0.0973514746768676
Smp_340350	0.0261185965363421
Smp_340360	0.0514593708417097
Smp_340370	0.0516540300718443
Smp_340380	0.0784559293806836
Smp_340390	0.112941512159436
Smp_340400	0.0685731736385989
Smp_340410	0.0325531941462004
Smp_340420	0.0363472870393078
Smp_340430	0.0228546867470644
Smp_340440	0.100277367914214
Smp_340450	0.0695106878732921
Smp_340460	0.0549392096601137
Smp_340470	0.0150585818472829
Smp_340480	0.083130713087304
Smp_340490	0.143026508864012
Smp_340500	0.0146803615914094
Smp_340510	0.10280076687016
Smp_340520	0.0156735104330575
Smp_340530	0.0935080489966792
Smp_340540	0.0665950451872256
Smp_340550	0.183114379118951
Smp_340560	0.105922446266728
Smp_340570	0.207855908583317
Smp_340580	0.112131472751041
Smp_340590	0.0191469093732087
Smp_340600	0.0547725511141569
Smp_340610	0.0483275026765952
Smp_340620	0.900499728281128
Smp_340630	0.0454856992072743
Smp_340650	0.0588319204845268
Smp_340660	0.0907186161397247
Smp_340670	0.0744834423547467
Smp_340680	0.0233044624417721
Smp_340690	0.499249784635515
Smp_340700	0.0444453699483601
Smp_340710	0.0278734229486596
Smp_340720	0.0201745829582861
Smp_340730	0.026585604462932
Smp_340740	0.102320105206329
Smp_340750	0.0565814445745368
Smp_340760	0.0459294060125245
Smp_340770	0.0839442162391925
Smp_340780	0.164422575915463
Smp_340790	0.0227062261714915
Smp_340800	0.046579375512313
Smp_340810	0.113834278612262
Smp_340820	0.0557139169518372
Smp_340830	0.139875644078042
Smp_340840	0.371389457551936
Smp_340850	0.0132180920909897
Smp_340860	0.238356652434513
Smp_340870	0.0652778652706474
Smp_340880	0.0990866421612032
Smp_340890	0.062315769929771
Smp_340900	0.117764054936451
Smp_340910	0.142637363627892
Smp_340920	0.030523308362215
Smp_340930	0.245934299403537
Smp_340940	0.0496527634347489
Smp_340950	0.186826773666373
Smp_340960	0.0578606792015563
Smp_340970	0.0375145820560532
Smp_340980	0.0504856138854721
Smp_340990	0.0618086922442395
Smp_341010	0.033858946007307
Smp_341020	0.0627766258359794
Smp_341030	0.0726777591114391
Smp_341040	0.0636900355051619
Smp_341050	0.0144988152869041
Smp_341060	0.0709089820074574
Smp_341070	0.0234452567662586
Smp_341080	0.0887284190879755
Smp_341090	0.0624251839741834
Smp_341100	0.00680328794682611
Smp_341110	0.00587677304389831
Smp_341120	0.0261700678028331
Smp_341130	1.13053862971021
Smp_341140	0.0351066177188702
Smp_341150	0.111198136795482
Smp_341160	0.0375999254949933
Smp_341170	0.015756594666951
Smp_341180	0.0165399285105636
Smp_341190	0.261644464455924
Smp_341200	0.0110943030352488
Smp_341210	0.152144913480331
Smp_341220	0.0323721175317188
Smp_341230	0.0753982221808997
Smp_341240	0.100403719687523
Smp_341250	75
Smp_341260	0.0836979721206975
Smp_341270	3.23053273039715
Smp_341280	0.165730787240908
Smp_341290	0.116523482500799
Smp_341300	0.0338874664697473
Smp_341310	0.107075480100695
Smp_341320	0.0256675954240087
Smp_341330	0.0279745488336039
Smp_341340	0.718068583153776
Smp_341350	0.11538218853322
Smp_341360	0.0777788543136676
Smp_341370	0.114323052699499
Smp_341380	0.188466653023941
Smp_341390	0.134984114779466
Smp_341400	0.0407173782151492
Smp_341410	0.0691949269698883
Smp_341420	0.0443808282149131
Smp_341430	0.0828160142726582
Smp_341440	0.0189389588283661
Smp_341450	0.042702709446397
Smp_341460	0.0705049006187819
Smp_341470	0.104448294367659
Smp_341490	0.179723098780037
Smp_341500	0.124189971746071
Smp_341510	0.0361095771084563
Smp_341520	0.0439522394493073
Smp_341530	0.015024149356485
Smp_341540	0.231606953532167
Smp_341550	0.11054443627307
Smp_341560	0.0153469047547051
Smp_341570	0.0463025343932489
Smp_341580	0.0508904700040532
Smp_341590	0.140649057693167
Smp_341600	0.209178873929279
Smp_341610	75
Smp_341620	0.019779498704887
Smp_341630	0.0437029606644278
Smp_341640	0.121753056529581
Smp_341650	0.0320612817592116
Smp_341660	0.0307508723504818
Smp_341670	0.492186079154157
Smp_341680	0.0133093735231802
Smp_341690	0.0464205813022995
Smp_341700	0.0253075579307367
Smp_341710	0.296445666158372
Smp_341720	0.0823075081943575
Smp_341730	0.043711643468646
Smp_341740	0.0955132471095652
Smp_341750	0.076870449907276
Smp_341760	0.53647079639725
Smp_341770	0.0301715685279335
Smp_341780	0.18283205830167
Smp_341790	0.200891886661611
Smp_341800	0.0124920912171908
Smp_341810	0.167513829710901
Smp_341820	0.093196762969453
Smp_341830	0.0962468240861315
Smp_341840	0.0170478797961789
Smp_341850	2.03405527748968
Smp_341860	0.0645671374131054
Smp_341870	0.0318152465084642
Smp_341880	0.0744579780661302
Smp_341890	0.0307219907442008
Smp_341900	0.118422510749335
Smp_341910	0.136527383144247
Smp_341920	0.0699850861483626
Smp_341930	0.0722036458518054
Smp_341940	0.477416380225575
Smp_341950	0.0643217846229276
Smp_341960	0.0929979990738747
Smp_341970	0.145208477868423
Smp_341980	0.01708836909619
Smp_341990	0.0158449406483383
Smp_342000	0.096673662909304
Smp_342010	0.0933381888031673
Smp_342020	0.028222873626562
Smp_342030	0.0717820978760606
Smp_342040	0.0646425816620665
Smp_342050	0.0389158645779984
Smp_342060	0.087811383164996
Smp_342070	0.0807661621054203
Smp_342080	0.0607491283238506
Smp_342090	0.0333609672983204
Smp_342100	0.0309177823246877
Smp_342110	0.0383683427007053
Smp_342120	0.525496061899949
Smp_342130	0.0875393978532658
Smp_342140	0.149651001254537
Smp_342150	0.23368473782123
Smp_342160	0.0158126945665006
Smp_342170	0.0461106522015628
Smp_342180	0.0226813147219654
Smp_342190	0.181241540979756
Smp_342200	0.0336403246104856
Smp_342210	0.166888517262154
Smp_342230	0.308022017755857
Smp_342240	0.0415740984097605
Smp_342250	0.0124862932840392
Smp_342260	0.0237993859390531
Smp_342270	0.0510883635235952
Smp_342280	0.0716395563456098
Smp_342290	0.110045144466132
Smp_342300	0.045924590082478
Smp_342310	0.0602067773203311
Smp_342320	0.367851752411209
Smp_342330	0.017210433058659
Smp_342340	0.278345633072191
Smp_342350	0.147967952668781
Smp_342360	0.039261841788741
Smp_342370	0.278125008880124
Smp_342380	0.065393640258845
Smp_342390	0.804845751199565
Smp_342400	0.0241544912940161
Smp_342410	0.0361122685752391
Smp_342420	0.0262686416140549
Smp_342430	1.63082545528658
Smp_342440	0.100279272512733
Smp_342450	0.148900680931076
Smp_342460	0.195246148131875
Smp_342470	0.0378212628355257
Smp_342480	0.0654980876571545
Smp_342490	0.0387160579769222
Smp_342500	0.0531385821890336
Smp_342510	0.145441808446129
Smp_342520	0.186407304058122
Smp_342530	0.155020493418377
Smp_342540	0.0571993155076762
Smp_342550	0.0229519651348565
Smp_342560	0.617905836727045
Smp_342570	0.0320433994760243
Smp_342580	0.0316225794193297
Smp_342590	0.0307771445804252
Smp_342600	0.171468604398567
Smp_342610	0.0749715499797848
Smp_342620	0.0663530318917453
Smp_342630	0.143277093048845
Smp_342640	0.138798612034181
Smp_342650	0.187032187517306
Smp_342660	0.0650047333775174
Smp_342670	0.122682959103929
Smp_342680	0.0700804566835098
Smp_342690	0.0410672308849503
Smp_342700	0.0224935805833903
Smp_342710	0.0338915315131752
Smp_342720	0.06594562146626
Smp_342730	0.106958218826527
Smp_342740	0.0437826133907675
Smp_342750	0.0516181773867672
Smp_342760	0.0646711559315766
Smp_342770	0.228008710021465
Smp_342780	0.182005527811134
Smp_342790	0.0851913374285177
Smp_342800	0.0552034066709756
Smp_342810	0.108925918715468
Smp_342820	0.127123973363817
Smp_342830	0.0446813352192889
Smp_342840	0.047021101356781
Smp_342850	0.0518397197258796
Smp_342860	0.05671235954811
Smp_342870	0.0662275668208785
Smp_342880	0.0821452859160693
Smp_342890	0.0812506515988373
Smp_342900	0.227519809068029
Smp_342910	0.123100279168939
Smp_342920	0.0802936633654552
Smp_342930	0.017348805512839
Smp_342940	0.0671454366057886
Smp_342950	0.0715245464912839
Smp_342960	0.029723165316991
Smp_342970	0.105135562653918
Smp_342980	0.0429577540320948
Smp_342990	0.0985123021100101
Smp_343010	1.62272398111976
Smp_343020	0.213245189868121
Smp_343030	0.0179303776365527
Smp_343040	0.100096144444912
Smp_343050	0.0247546680633753
Smp_343060	0.437545570081378
Smp_343070	0.0545200565890897
Smp_343080	0.366424393245874
Smp_343090	0.0159092990707174
Smp_343100	0.0779976382208649
Smp_343110	0.278742879152456
Smp_343120	0.0425476962130364
Smp_343130	0.119611478757962
Smp_343140	0.111308236287469
Smp_343150	0.0612536390583015
Smp_343160	0.0437868408493999
Smp_343170	0.101506562099291
Smp_343180	0.0900176956962222
Smp_343190	0.136177564378763
Smp_343200	0.0411817472840648
Smp_343210	0.889253199026882
Smp_343220	0.0521666716519362
Smp_343230	0.413622317079198
Smp_343240	0.0924441816608652
Smp_343250	0.087822957825969
Smp_343260	0.35743330163441
Smp_343270	0.0651746450011014
Smp_343280	0.0315139170465138
Smp_343290	0.124964447627646
Smp_343300	0.0261950716328607
Smp_343310	0.0606816013320441
Smp_343320	0.0485557166308665
Smp_343330	0.0452148665861187
Smp_343340	0.0826068634928183
Smp_343350	0.0180149736952545
Smp_343360	0.100524999411352
Smp_343370	0.0852869846662751
Smp_343380	0.0426929004571248
Smp_343390	0.480659336269831
Smp_343400	0.155223684379853
Smp_343410	0.180036087939249
Smp_343420	0.530490301842483
Smp_343430	0.0285581928475492
Smp_343440	0.0431115209404706
Smp_343450	0.0467119299996299
Smp_343460	0.276012264005042
Smp_343470	0.0785188928520837
Smp_343480	0.168898377944152
Smp_343490	0.161708169739015
Smp_343500	0.049845077164406
Smp_343510	0.246708924671462
Smp_343520	0.037454865688424
Smp_343530	0.165985217826711
Smp_343540	0.0120997278902771
Smp_343550	0.049642973026121
Smp_343560	0.0656903301620264
Smp_343570	0.0423215737191298
Smp_343580	0.028785037211631
Smp_343590	0.119808233266195
Smp_343600	0.0131867332826596
Smp_343610	0.068912560696815
Smp_343620	0.0125004157807008
Smp_343630	0.0378846300392319
Smp_343640	0.123428638173519
Smp_343650	0.0694706102936173
Smp_343660	0.0720179865844922
Smp_343670	0.0797913105266647
Smp_343680	0.0755462782828254
Smp_343690	0.213133414454117
Smp_343700	0.0348992346664769
Smp_343710	0.229987387243155
Smp_343720	0.0485817962978087
Smp_343730	0.0320524030423187
Smp_343740	0.183889559439636
Smp_343750	0.0729250789548674
Smp_343760	0.0246356486041136
Smp_343770	0.0497979342231892
Smp_343780	0.207294813842471
Smp_343790	0.0102013661462483
Smp_343800	0.149499155913032
Smp_343810	0.0629622911695437
Smp_343820	0.136356979205214
Smp_343830	0.163357058846153
Smp_343840	0.0262915895631123
Smp_343850	0.0703098098214615
Smp_343860	0.0271530794662142
Smp_343870	0.193659122810636
Smp_343880	0.109631741426394
Smp_343890	0.0223728958219631
Smp_343900	0.181757989834281
Smp_343910	0.0331724156913217
Smp_343920	0.174526705866091
Smp_343930	0.102592327706192
Smp_343940	0.0859131436441906
Smp_343950	0.0838239602012233
Smp_343960	0.338343805193532
Smp_343970	0.242828585102416
Smp_343980	0.734083864294426
Smp_343990	0.0407934114001799
Smp_344000	0.121618916024233
Smp_344010	0.148876867526713
Smp_344020	0.0721271821242834
Smp_344030	0.0810880479423935
Smp_344040	0.464996931453663
Smp_344050	0.397779101840931
Smp_344060	0.0235589851363717
Smp_344070	0.389921303535844
Smp_344080	0.0910614859377646
Smp_344090	0.0304718002759773
Smp_344100	0.0131149944866235
Smp_344110	0.0147918529528941
Smp_344120	0.245028446777833
Smp_344130	0.0765977664329179
Smp_344140	0.0561565786176216
Smp_344150	0.104651502617688
Smp_344160	0.0671017343560304
Smp_344170	0.0374490463457381
Smp_344180	0.0871469576498618
Smp_344190	0.17346116622464
Smp_344200	0.00709958389662038
Smp_344210	0.0589933924767063
Smp_344220	0.164381799505199
Smp_344230	0.0672061623886061
Smp_344240	0.0249931207211193
Smp_344250	0.0190490362259659
Smp_344270	0.0764806221508493
Smp_344280	0.0457732340577354
Smp_344290	0.0380062840283768
Smp_344300	1.25244997447517
Smp_344310	0.125909346380831
Smp_344320	0.0157452289256913
Smp_344330	0.181424108448802
Smp_344340	0.07864393627346
Smp_344350	0.0628225312973219
Smp_344360	0.193224847015047
Smp_344370	0.122577206213203
Smp_344380	0.0956434452897459
Smp_344390	0.0408658734929344
Smp_344400	0.0291847317985759
Smp_344410	0.0946106309670041
Smp_344420	0.0702573874040859
Smp_344430	0.00856838117616132
Smp_344440	0.0873843876905763
Smp_344450	0.0352230440218301
Smp_344460	0.0396908104653056
Smp_344470	0.196154942024625
Smp_344480	0.0785787827077422
Smp_344490	0.457947796524578
Smp_344500	0.101794659278465
Smp_344510	0.0116470783936771
Smp_344520	0.194109425429803
Smp_344530	0.0963910095711297
Smp_344540	0.0348768587796403
Smp_344550	0.0685910889035237
Smp_344560	0.0678578163734251
Smp_344570	0.208961329078721
Smp_344580	0.0797792132692005
Smp_344590	0.23048570969388
Smp_344600	0.0327210093113321
Smp_344610	0.235769489169136
Smp_344620	0.141722482504184
Smp_344630	0.0246792522907551
Smp_344640	0.0699633495239267
Smp_344650	0.015299980853545
Smp_344660	9.24998260131055
Smp_344680	0.122396082900447
Smp_344690	0.0372628863912367
Smp_344710	0.0284220212327673
Smp_344720	0.107328698369224
Smp_344730	0.111477454152935
Smp_344740	0.0820308465626511
Smp_344750	1.37987980559334
Smp_344760	0.171325694840525
Smp_344770	0.0201091038050574
Smp_344780	0.0999852889706154
Smp_344800	0.0407213025778964
Smp_344810	0.049281599322719
Smp_344820	0.282949005427465
Smp_344830	1.83304204106895
Smp_344840	0.0816142769305804
Smp_344850	0.156143858266268
Smp_344860	0.15347124651267
Smp_344870	0.0709199234106873
Smp_344880	0.0687071961607777
Smp_344890	0.08253552011023
Smp_344900	0.0141897309795335
Smp_344910	0.068245628097495
Smp_344920	0.0252431668162181
Smp_344930	0.0926133449484172
Smp_344940	0.585410471646104
Smp_344950	0.0742626042536988
Smp_344960	0.0417627579424998
Smp_344970	0.152402061185593
Smp_344980	0.0743668725298068
Smp_344990	0.0278072304872097
Smp_345000	0.0275704296217504
Smp_345010	0.118421847079604
Smp_345020	0.174422621237205
Smp_345030	0.0527463437818516
Smp_345040	0.196872029678769
Smp_345050	0.110260076267641
Smp_345060	0.136753649791314
Smp_345070	0.0966103824426483
Smp_345080	0.0595913641980872
Smp_345090	0.0616292880260673
Smp_345100	1.08982309125911
Smp_345110	0.139472904005117
Smp_345120	0.109221091191437
Smp_345130	0.195582548586657
Smp_345140	0.0674162257602797
Smp_345150	0.145450326396654
Smp_345160	0.0302475908736045
Smp_345170	0.0731240070786954
Smp_345180	0.448952281012677
Smp_345190	0.248350061955546
Smp_345200	0.24520927764157
Smp_345210	0.0889724542743169
Smp_345220	0.0834339371645702
Smp_345230	0.0929083337621969
Smp_345240	0.393140428912879
Smp_345250	0.133867480404083
Smp_345260	0.0415192164477555
Smp_345270	0.0420001168365012
Smp_345280	0.0317122697225093
Smp_345290	9.74708866404397
Smp_345300	0.0169097123483838
Smp_345310	0.0672957510629719
Smp_345320	0.0121783031550176
Smp_345330	0.0320515525792129
Smp_345340	0.0398493352357608
Smp_345350	0.023216137240869
Smp_345360	0.0748231769091922
Smp_345370	0.107545463783589
Smp_345380	0.0653088216026554
Smp_345390	0.0943428027485018
Smp_345400	0.0277378368659615
Smp_345410	0.0125483556996242
Smp_345420	0.0636212555599461
Smp_345430	0.0432510497370527
Smp_345440	0.1768896526826
Smp_345450	0.0135647381952569
Smp_345460	0.0261074879356736
Smp_345470	0.135962882179697
Smp_345480	0.0439347201364665
Smp_345490	0.0873525176593677
Smp_345500	0.168565993144183
Smp_345510	0.0884456823178381
Smp_345520	0.0328313490485135
Smp_345530	0.0107251132028452
Smp_345540	0.0131572870585805
Smp_345550	0.0814564047840003
Smp_345560	0.0293244830512836
Smp_345565	0.0674851217462596
Smp_345570	0.0334487824412902
Smp_345580	0.016264555526638
Smp_345590	0.790947293612491
Smp_345600	0.052872221605122
Smp_345610	0.135227593528474
Smp_345620	0.0765372593197028
Smp_345630	0.0984364992437408
Smp_345640	0.151812861079543
Smp_345650	0.349883567936963
Smp_345660	0.88673844631566
Smp_345670	0.071927567916772
Smp_345680	0.095519501265001
Smp_345690	0.0285457663013718
Smp_345700	0.0255066251817532
Smp_345710	0.015917284120432
Smp_345720	0.0740192660423763
Smp_345730	7.8072839873449
Smp_345740	0.0478882081771552
Smp_345750	2.59483365353007
Smp_345760	0.225799163591921
Smp_345770	0.0471490024075898
Smp_345780	0.0158324308750078
Smp_345790	0.594749926472892
Smp_345800	0.353979553211777
Smp_345810	0.0729172633086095
Smp_345820	0.207814649261757
Smp_345830	0.110770392154388
Smp_345840	0.0628425651204095
Smp_345850	0.109595618526268
Smp_345860	0.00904533401623291
Smp_345870	0.114611287460127
Smp_345880	0.180652129980531
Smp_345885	0.152748649981965
Smp_345890	0.0284930973943951
Smp_345900	0.107548168317217
Smp_345910	0.0675806772816816
Smp_345920	0.0111928390031875
Smp_345930	0.792128453341947
Smp_345940	0.017007292673366
Smp_345950	0.0515004488243864
Smp_345960	0.167890309507445
Smp_345970	0.0648920715942577
Smp_345980	0.0983227943295409
Smp_345990	0.117561570690991
Smp_346000	0.057279827749594
Smp_346010	0.0446563490218265
Smp_346020	0.174623716449631
Smp_346030	0.0921463027132173
Smp_346040	0.0241083868015502
Smp_346050	0.161475970868932
Smp_346060	0.234771196069435
Smp_346070	0.309513421300468
Smp_346080	0.0736978248764962
Smp_346090	0.121134015763698
Smp_346100	0.158396278501214
Smp_346110	0.0764283894928124
Smp_346120	0.537465893858003
Smp_346130	0.0548327948766054
Smp_346140	0.623404725925277
Smp_346150	0.0347918321726505
Smp_346160	0.0452856806343383
Smp_346170	0.102751154054159
Smp_346180	0.106550910592217
Smp_346190	0.0212617298108302
Smp_346200	0.0325592335282764
Smp_346220	0.0326858913070469
Smp_346230	0.061179818834275
Smp_346240	0.513259715418126
Smp_346250	0.0377987903183612
Smp_346260	0.0298298739793046
Smp_346270	0.0250458198499501
Smp_346280	0.108063399922304
Smp_346290	0.0507256306795531
Smp_346300	0.111518120365313
Smp_346310	0.0727463823368026
Smp_346320	0.0830700880777817
Smp_346330	0.0605686135706135
Smp_346340	0.0366231806111253
Smp_346350	0.0485599628429791
Smp_346360	0.0112167103748667
Smp_346370	0.169174140954219
Smp_346380	0.105620756223325
Smp_346390	0.0438539248043557
Smp_346400	0.0332741350447804
Smp_346410	0.0897759725834557
Smp_346420	0.0768157520511746
Smp_346430	0.0903574479005606
Smp_346440	0.0128532823232149
Smp_346450	0.0449554043819237
Smp_346460	0.0638933200522421
Smp_346470	0.0432668197990252
Smp_346480	0.0458320269862802
Smp_346490	0.0376791412097575
Smp_346500	0.067782546532011
Smp_346510	0.127143446112874
Smp_346520	0.0782939311566598
Smp_346530	0.0905848465052344
Smp_346540	0.200968895156628
Smp_346550	0.0919954528642323
Smp_346570	0.0263951745908406
Smp_346580	0.243778104623805
Smp_346585	0.244072132663411
Smp_346590	0.0551775751931038
Smp_346600	0.344729118087897
Smp_346610	0.133758381078855
Smp_346620	0.0892054007925985
Smp_346630	0.109343360107923
Smp_346640	0.0658649487632797
Smp_346650	0.0536780279190578
Smp_346660	0.0265694868560481
Smp_346670	0.0279998652504312
Smp_346680	0.225297055013921
Smp_346690	0.0788097517989143
Smp_346700	0.0505156055084021
Smp_346710	9.27335884373688
Smp_346720	0.0718474291471789
Smp_346730	1.02928303497804
Smp_346750	0.0179275846901862
Smp_346760	0.111369241569123
Smp_346770	0.0982803581520196
Smp_346780	0.322811649455267
Smp_346790	0.0529429871227031
Smp_346800	0.0636668713084925
Smp_346810	0.0351618866626347
Smp_346820	75
Smp_346830	0.0885434925773941
Smp_346840	0.0144393731240115
Smp_346850	0.204060444242349
Smp_346860	1.15161467039681
Smp_346880	0.0937726029894457
Smp_346890	0.00830473134428814
Smp_346900	0.685224370740199
Smp_346910	0.553986240131091
Smp_346920	0.0269202905416664
Smp_346930	0.0433558419707359
Smp_346940	0.0543308123701702
Smp_346950	0.269382876964575
Smp_346960	0.332800431742132
Smp_346970	0.0105706283452605
Smp_346980	0.0170641519631926
Smp_346990	0.0257868804433175
Smp_347000	2.99698125349926
Smp_347010	0.0593372688008167
Smp_347020	0.0196328243143062
Smp_347030	0.0787637948055544
Smp_347040	0.0139652585535833
Smp_347050	0.00757291562028513
Smp_347060	0.0973190384125707
Smp_347070	0.0820659011211137
Smp_347080	0.160488165493725
Smp_347090	0.0770291084718466
Smp_347100	0.0458680144999473
Smp_347110	0.0888624547571161
Smp_347120	0.647712611633875
Smp_347130	0.148032212946621
Smp_347140	0.0245599106498068
Smp_347150	0.109473167979068
Smp_347160	0.0572044056506905
Smp_347170	0.13603357292589
Smp_347180	0.49479845896425
Smp_347190	0.17127888500945
Smp_347200	0.134346815828369
Smp_347210	0.080453653332977
Smp_347220	0.0632656154154466
Smp_347230	0.0953226794292588
Smp_347240	0.0401811668772657
Smp_347250	0.324600177746282
Smp_347260	1.4398080459723
Smp_347270	0.129481855429792
Smp_347280	0.0875346253991979
Smp_347290	0.0288739956014834
Smp_347300	0.0433647948086945
Smp_347310	0.094609531148634
Smp_347320	2.37215465904116
Smp_347330	0.0200686537126542
Smp_347340	0.0387507559690614
Smp_347350	0.0232848247927861
Smp_347360	0.025974434828493
Smp_347370	0.231526769162622
Smp_347380	0.0177627794580512
Smp_347390	0.0167230462750015
Smp_347400	0.0488733102404694
Smp_347410	0.0722771156057239
Smp_347420	0.0394163932035435
Smp_347430	0.0582824463842227
Smp_347450	0.50664581365991
Smp_347460	0.0906368006305671
Smp_347470	0.955259393732304
Smp_347480	0.0351788431229985
Smp_347490	0.699977422024409
Smp_347500	0.0350540730939741
Smp_347510	0.0561457083673273
Smp_347520	0.453616632083372
Smp_347530	0.163427890063603
Smp_347540	0.0742150731778765
Smp_347550	0.0918370062191385
Smp_347560	0.0621343936060448
Smp_347570	0.019062155520434
Smp_347580	0.587171685043761
Smp_347590	0.120780039781883
Smp_347600	0.0560392131515262
Smp_347610	0.0429544327824067
Smp_347620	0.196783147085946
Smp_347630	0.0809723840034139
Smp_347640	0.0528834968695359
Smp_347650	0.135561656881337
Smp_347660	0.0416468572316529
Smp_347670	0.0354064246623968
Smp_347680	0.0127099511931319
Smp_347690	0.0975500771392531
Smp_347700	0.0236102759737112
Smp_347710	0.169355593739077
Smp_347720	0.0452998292145014
Smp_347730	0.0898579950104329
Smp_347740	0.0986321765842915
Smp_347760	0.469800717841947
Smp_347770	0.113763966392425
Smp_347780	0.215467356275746
Smp_347790	0.0473862323104224
Smp_347800	0.0463985593581813
Smp_347810	0.0245941566002667
Smp_347820	0.055421496534202
Smp_347830	0.027708237196129
Smp_347840	0.0666472990055276
Smp_347850	0.28201872309558
Smp_347860	0.102288222736947
Smp_347870	0.620370297344712
Smp_347880	0.331532795489023
Smp_347890	0.134792408715427
Smp_347900	0.174965666445157
Smp_347910	0.0163274547169983
Smp_347920	0.0867462129947924
Smp_347930	0.00896772312488341
Smp_347940	0.0561449317170577
Smp_347950	0.0450816711206965
Smp_347960	0.0756026401107951
Smp_347990	0.0740797106723752
Smp_348000	2.017430217338
Smp_348010	1.27837587626454
Smp_348030	2.86099224146794
Smp_348040	10.0847320704136
Smp_348050	0.624375862717467
Smp_348060	0.187354663899225
Smp_348070	0.397149391482854
Smp_348090	0.0716628818866115
Smp_348100	0.605446606463081
Smp_348200	13.168907746046
Smp_348210	0.0453125408698694
Smp_348220	0.217164335619161
Smp_348230	0.203248516224271
Smp_348240	0.260774016524286
Smp_348250	0.169059751177636
Smp_348260	0.671374500256051
Smp_348270	0.282161058228816
Smp_348300	0.358452084308307
Smp_348310	0.286414736010288
Smp_348320	0.536240292056009
Smp_348330	0.112722128456423
Smp_348340	0.0120240468546584
Smp_348380	1.30575577376548
Smp_348400	0.0650407498559827
Smp_348460	0.355094710752973
Smp_348500	0.209180911963773
Smp_348510	0.105640798270114
Smp_348520	0.276428980556354
Smp_348530	0.492920285041089
Smp_348540	0.284808650300356
Smp_348610	1.11483378123359
Smp_348670	1.30485968871351
Smp_348730	1.2833519213918
Smp_348770	2.04271756615401
Smp_348790	1.77970994706449
Smp_348800	1.89659974214684
Smp_348810	1.50245494701288
Smp_348820	1.67058931088347
Smp_348830	1.55184853126363
Smp_348840	1.72959517146952
Smp_348850	1.59688074590148
Smp_348860	2.9891358998444
Smp_348910	0.409303340712892
Smp_348930	0.359326972735528
Smp_348940	0.721092107866344
Smp_348950	0.322711827602054
Smp_349010	0.234008035861493
Smp_349020	0.0271499176297025
Smp_349030	0.0176501989968845
Smp_349040	0.0349596502079184
Smp_349050	0.218140282231209
Smp_349070	0.263460180985933
Smp_349080	0.594332705555763
Smp_349090	0.607198904949204
Smp_349100	0.198038910103034
Smp_349110	0.0968216137629668
Smp_349130	0.157058355005349
Smp_349140	0.579899267132607
Smp_349150	0.316477420859627
Smp_349160	0.0991069752256952
Smp_349170	1.26804810352652
Smp_349180	0.71592846809157
Smp_349190	0.930976417951831
Smp_349200	0.464568187211698
Smp_349210	0.398373931174811
Smp_349240	0.364479434354146
Smp_349250	0.424586513753245
Smp_349260	0.147896209875143
Smp_349270	0.283934613510143
Smp_349280	0.317234725220398
Smp_349290	0.430233436541941
Smp_349300	0.305177087818344
Smp_349310	0.133757949866473
Smp_349320	0.0765853986899409
Smp_349330	0.0929292026833889
Smp_349340	0.893786329246747
Smp_349350	0.517481972235494
Smp_349360	0.315816571048057
Smp_349370	0.321794838708873
Smp_349380	0.161994936319662
Smp_349400	0.941166333945477
Smp_349410	0.581190802614205
Smp_349420	0.131274981935622
Smp_349440	0.172696966952075
Smp_349450	0.0539487207005856
Smp_349460	0.123707986299562
Smp_349470	0.0808066965986481
Smp_349480	0.267972330954606
Smp_349490	0.0611623410034158
Smp_349500	0.16863457115358
Smp_349510	0.0918746404389547
Smp_349520	1.22130028877903
Smp_349530	0.424547689703628
Smp_349540	0.186109406539702
Smp_349550	1.21591130432451
Smp_349560	0.836817508759941
Smp_349570	0.0902087530648326
Smp_349580	0.161342328775228
Smp_349590	0.227266284377185
Smp_349600	0.0738220759264843
Smp_349610	0.0843524734510909
Smp_349620	0.154760263609338
Smp_349630	0.584882111808135
Smp_349640	0.251635123509458
Smp_349650	0.477607910807727
Smp_349660	0.0373768904345869
Smp_349670	0.583621049153317
Smp_349680	0.115303615517663
Smp_349690	0.263664412192064
Smp_349700	0.311926487863179
Smp_349710	0.627278677401077
Smp_349720	0.708921272044804
Smp_349730	0.133976876459203
Smp_349740	1.00682515975162
Smp_349750	0.139781525579449
Smp_349760	0.242153978392655
Smp_349770	0.0616749406148133
Smp_349780	0.133215823089422
Smp_349810	0.229317778276438
Smp_349820	0.379433820627468
Smp_349830	0.239957101376165
Smp_349850	0.0734595378312882
Smp_349860	0.383540854914343
Smp_349870	0.0789031544424496
Smp_349880	0.120262075754096
Smp_349890	0.486134558134326
Smp_349900	0.0380017108387269
Smp_349910	0.172426243818897
Smp_349920	0.0276318620974718
Smp_349930	2.33857274433856
Smp_349940	0.021317600144925
Smp_349950	0.080322948812245
Smp_349960	0.129197189538383
Smp_349970	0.118976976590424
Smp_349980	0.248319825777094
Smp_349990	0.136434890564217
Smp_350000	0.202194793400362
Smp_350010	0.109973070571531
Smp_350020	0.124071998394328
Smp_350030	0.0352146566643798
Smp_350040	0.182110294534712
Smp_350050	0.208510991473259
Smp_350060	0.0371125409215619
Smp_350070	0.132035108563988
Smp_350080	0.162767895041295
Smp_350090	0.0409605575151006
Smp_350100	1.04182776312858
Smp_350110	0.114578195191092
Smp_350120	0.179161641970441
Smp_350130	0.0654374569720622
Smp_350140	0.179443926667075
Smp_350150	0.305944338397106
Smp_350160	0.68837397422138
Smp_350170	0.201693516196326
Smp_350180	0.589569549074542
Smp_350190	0.4170092322492
Smp_350200	0.0674223692733736
Smp_350210	0.152277385701237
Smp_350220	0.415508005369107
Smp_350230	0.564389672966942
Smp_350240	0.422539203023944
Smp_350250	0.0339128228625354
Smp_350260	0.103666062362085
Smp_350270	0.102937237009962
Smp_350280	0.0552120630995209
Smp_350290	0.156948283778702
Smp_350300	0.0602877689264276
Smp_350310	0.085278583996277
Smp_350320	0.489439927181805
Smp_350330	3.71159451193802
Smp_350340	0.0472697181079029
Smp_350350	0.180304124896361
Smp_350360	0.0682986210762404
Smp_350370	0.105936546191677
Smp_350380	0.12799992718122
Smp_350390	0.1511186267562
Smp_350400	0.0493292650146905
Smp_350410	0.148914407600475
Smp_350430	0.011847284561794
Smp_350440	0.749216585631994
Smp_350450	0.0552422942570461
Smp_350480	0.0176440381166685
Smp_350490	0.261262672411187
Smp_350500	0.0413897875001721
Smp_350510	0.189989676740624
Smp_350520	0.768336048882763
Smp_350530	1.36163350284105
Smp_900000	0.16012758752979
Smp_900010	0.221302797458845
Smp_900020	0.238690794217665
Smp_900030	0.178526023912579
Smp_900040	0.199621785528757
Smp_900050	0.144445088347662
Smp_900060	0.349145929996633
Smp_900070	0.140664182562145
Smp_900080	0.133566889187097
Smp_900090	0.167842951492275
Smp_900100	0.333067900567953
Smp_900110	0.195922978770774
