gene_id	import_id	TPM	dataset	sample_id	file_prefix	run_accession	condition	stage	tissue	sex	infection_mode	treatment	time_hours	batch	replicate	biosample	library_name	technical_unit	fastq_1	fastq_2	quant_file	quant_exists	stage_raw	stage_class	stage_day	group	query	gene_name	gene_display_label	description	biotype	chromosome	gene_start	gene_end	strand	location	log2TPM	sample_label	context_full	context_biology	z_log2TPM
Smp_000700	E-MTAB-451__adult_mixed_r1	14.726592	E-MTAB-451	adult_mixed_r1	adult_mixed_r1	ERR022873	adult_mixed	adult	whole_organism	mixed	not_applicable	untreated	not_applicable	not_declared	1	SAMEA988615	adult2	lane_1	${HF_PROJECT_RUNTIME_ROOT}/fastq_ftp/ERR022873_1.fastq.gz	${HF_PROJECT_RUNTIME_ROOT}/fastq_ftp/ERR022873_2.fastq.gz	compatibility/quants/E-MTAB-451/adult_mixed_r1/quant.sf	TRUE	adult	unknown		Writers	Smp_000700	Smp_000700	Smp_000700		protein_coding	SM_V10_3	36205102	36222187	+	SM_V10_3:36205102-36222187(+)	3.975134163136623	E-MTAB-451 | adult_mixed_r1	E-MTAB-451 | not_declared | adult_mixed | adult | whole_organism | mixed	adult_mixed | adult | whole_organism | mixed	-0.1447195823522939
Smp_000700	E-MTAB-451__cercaria_whole_r1	11.545194	E-MTAB-451	cercaria_whole_r1	cercaria_whole_r1	ERR022872	cercaria_whole	cercaria	whole_organism	mixed	not_applicable	untreated	0	not_declared	1	SAMEA988623	cerc10a	lane_1	${HF_PROJECT_RUNTIME_ROOT}/fastq_ftp/ERR022872_1.fastq.gz	${HF_PROJECT_RUNTIME_ROOT}/fastq_ftp/ERR022872_2.fastq.gz	compatibility/quants/E-MTAB-451/cercaria_whole_r1/quant.sf	TRUE	cercaria	unknown		Writers	Smp_000700	Smp_000700	Smp_000700		protein_coding	SM_V10_3	36205102	36222187	+	SM_V10_3:36205102-36222187(+)	3.6490628757718615	E-MTAB-451 | cercaria_whole_r1	E-MTAB-451 | not_declared | cercaria_whole | cercaria | whole_organism | mixed	cercaria_whole | cercaria | whole_organism | mixed	-0.7594668091008249
Smp_000700	E-MTAB-451__cercaria_whole_r2	13.007059	E-MTAB-451	cercaria_whole_r2	cercaria_whole_r2	ERR022877	cercaria_whole	cercaria	whole_organism	mixed	not_applicable	untreated	0	not_declared	2	SAMEA988624	cerc12	lane_1	${HF_PROJECT_RUNTIME_ROOT}/fastq_ftp/ERR022877_1.fastq.gz	${HF_PROJECT_RUNTIME_ROOT}/fastq_ftp/ERR022877_2.fastq.gz	compatibility/quants/E-MTAB-451/cercaria_whole_r2/quant.sf	TRUE	cercaria	unknown		Writers	Smp_000700	Smp_000700	Smp_000700		protein_coding	SM_V10_3	36205102	36222187	+	SM_V10_3:36205102-36222187(+)	3.8080821661791155	E-MTAB-451 | cercaria_whole_r2	E-MTAB-451 | not_declared | cercaria_whole | cercaria | whole_organism | mixed	cercaria_whole | cercaria | whole_organism | mixed	-0.4596652884964589
Smp_000700	E-MTAB-451__cercaria_whole_r3	11.974096	E-MTAB-451	cercaria_whole_r3	cercaria_whole_r3	ERR022878	cercaria_whole	cercaria	whole_organism	mixed	not_applicable	untreated	0	not_declared	3	SAMEA988614	cerc13	lane_1	${HF_PROJECT_RUNTIME_ROOT}/fastq_ftp/ERR022878_1.fastq.gz	${HF_PROJECT_RUNTIME_ROOT}/fastq_ftp/ERR022878_2.fastq.gz	compatibility/quants/E-MTAB-451/cercaria_whole_r3/quant.sf	TRUE	cercaria	unknown		Writers	Smp_000700	Smp_000700	Smp_000700		protein_coding	SM_V10_3	36205102	36222187	+	SM_V10_3:36205102-36222187(+)	3.6975621138749615	E-MTAB-451 | cercaria_whole_r3	E-MTAB-451 | not_declared | cercaria_whole | cercaria | whole_organism | mixed	cercaria_whole | cercaria | whole_organism | mixed	-0.6680304475485581
Smp_000700	E-MTAB-451__cercarial_tail_r1	7.153305	E-MTAB-451	cercarial_tail_r1	cercarial_tail_r1	ERR022875	cercarial_tail	cercaria	tail	mixed	not_applicable	untreated	0	not_declared	1	SAMEA988620	tail1	lane_1	${HF_PROJECT_RUNTIME_ROOT}/fastq_ftp/ERR022875_1.fastq.gz	${HF_PROJECT_RUNTIME_ROOT}/fastq_ftp/ERR022875_2.fastq.gz	compatibility/quants/E-MTAB-451/cercarial_tail_r1/quant.sf	TRUE	cercaria	unknown		Writers	Smp_000700	Smp_000700	Smp_000700		protein_coding	SM_V10_3	36205102	36222187	+	SM_V10_3:36205102-36222187(+)	3.027384984569055	E-MTAB-451 | cercarial_tail_r1	E-MTAB-451 | not_declared | cercarial_tail | cercaria | tail | mixed	cercarial_tail | cercaria | tail | mixed	-1.9315257249178386
Smp_000700	E-MTAB-451__schistosomulum_24h_r1	21.435483	E-MTAB-451	schistosomulum_24h_r1	schistosomulum_24h_r1	ERR022880	schistosomulum_24h	schistosomulum_24h	whole_organism	mixed	not_applicable	untreated	24	not_declared	1	SAMEA988616	somule3	lane_1	${HF_PROJECT_RUNTIME_ROOT}/fastq_ftp/ERR022880_1.fastq.gz	${HF_PROJECT_RUNTIME_ROOT}/fastq_ftp/ERR022880_2.fastq.gz	compatibility/quants/E-MTAB-451/schistosomulum_24h_r1/quant.sf	TRUE	schistosomulum_24h	unknown		Writers	Smp_000700	Smp_000700	Smp_000700		protein_coding	SM_V10_3	36205102	36222187	+	SM_V10_3:36205102-36222187(+)	4.48771033814851	E-MTAB-451 | schistosomulum_24h_r1	E-MTAB-451 | not_declared | schistosomulum_24h | schistosomulum_24h | whole_organism | mixed	schistosomulum_24h | schistosomulum_24h | whole_organism | mixed	0.8216481853605171
Smp_000700	E-MTAB-451__schistosomulum_24h_r2	17.705572	E-MTAB-451	schistosomulum_24h_r2	schistosomulum_24h_r2	ERR022881	schistosomulum_24h	schistosomulum_24h	whole_organism	mixed	not_applicable	untreated	24	not_declared	2	SAMEA988622	somule4	lane_1	${HF_PROJECT_RUNTIME_ROOT}/fastq_ftp/ERR022881_1.fastq.gz	${HF_PROJECT_RUNTIME_ROOT}/fastq_ftp/ERR022881_2.fastq.gz	compatibility/quants/E-MTAB-451/schistosomulum_24h_r2/quant.sf	TRUE	schistosomulum_24h	unknown		Writers	Smp_000700	Smp_000700	Smp_000700		protein_coding	SM_V10_3	36205102	36222187	+	SM_V10_3:36205102-36222187(+)	4.2253961778007465	E-MTAB-451 | schistosomulum_24h_r2	E-MTAB-451 | not_declared | schistosomulum_24h | schistosomulum_24h | whole_organism | mixed	schistosomulum_24h | schistosomulum_24h | whole_organism | mixed	0.32710325344117863
Smp_000700	E-MTAB-451__schistosomulum_24h_r3	16.083436	E-MTAB-451	schistosomulum_24h_r3	schistosomulum_24h_r3	ERR022882	schistosomulum_24h	schistosomulum_24h	whole_organism	mixed	not_applicable	untreated	24	not_declared	3	SAMEA988619	somule5	lane_1	${HF_PROJECT_RUNTIME_ROOT}/fastq_ftp/ERR022882_1.fastq.gz	${HF_PROJECT_RUNTIME_ROOT}/fastq_ftp/ERR022882_2.fastq.gz	compatibility/quants/E-MTAB-451/schistosomulum_24h_r3/quant.sf	TRUE	schistosomulum_24h	unknown		Writers	Smp_000700	Smp_000700	Smp_000700		protein_coding	SM_V10_3	36205102	36222187	+	SM_V10_3:36205102-36222187(+)	4.0945262690035555	E-MTAB-451 | schistosomulum_24h_r3	E-MTAB-451 | not_declared | schistosomulum_24h | schistosomulum_24h | whole_organism | mixed	schistosomulum_24h | schistosomulum_24h | whole_organism | mixed	0.08037219610674882
Smp_000700	E-MTAB-451__schistosomulum_24h_r4	18.451553	E-MTAB-451	schistosomulum_24h_r4	schistosomulum_24h_r4	ERR022883	schistosomulum_24h	schistosomulum_24h	whole_organism	mixed	not_applicable	untreated	24	not_declared	4	SAMEA988618	somule6	lane_1	${HF_PROJECT_RUNTIME_ROOT}/fastq_ftp/ERR022883_1.fastq.gz	${HF_PROJECT_RUNTIME_ROOT}/fastq_ftp/ERR022883_2.fastq.gz	compatibility/quants/E-MTAB-451/schistosomulum_24h_r4/quant.sf	TRUE	schistosomulum_24h	unknown		Writers	Smp_000700	Smp_000700	Smp_000700		protein_coding	SM_V10_3	36205102	36222187	+	SM_V10_3:36205102-36222187(+)	4.281813438579849	E-MTAB-451 | schistosomulum_24h_r4	E-MTAB-451 | not_declared | schistosomulum_24h | schistosomulum_24h | whole_organism | mixed	schistosomulum_24h | schistosomulum_24h | whole_organism | mixed	0.43346758525646223
Smp_000700	E-MTAB-451__schistosomulum_3h_r1	17.633251	E-MTAB-451	schistosomulum_3h_r1	schistosomulum_3h_r1	ERR022874	schistosomulum_3h	schistosomulum_3h	whole_organism	mixed	not_applicable	untreated	3	not_declared	1	SAMEA988621	somule1	lane_1	${HF_PROJECT_RUNTIME_ROOT}/fastq_ftp/ERR022874_1.fastq.gz	${HF_PROJECT_RUNTIME_ROOT}/fastq_ftp/ERR022874_2.fastq.gz	compatibility/quants/E-MTAB-451/schistosomulum_3h_r1/quant.sf	TRUE	schistosomulum_3h	unknown		Writers	Smp_000700	Smp_000700	Smp_000700		protein_coding	SM_V10_3	36205102	36222187	+	SM_V10_3:36205102-36222187(+)	4.21980750252157	E-MTAB-451 | schistosomulum_3h_r1	E-MTAB-451 | not_declared | schistosomulum_3h | schistosomulum_3h | whole_organism | mixed	schistosomulum_3h | schistosomulum_3h | whole_organism | mixed	0.3165668377486547
Smp_000700	E-MTAB-451__schistosomulum_3h_r2	33.400841	E-MTAB-451	schistosomulum_3h_r2	schistosomulum_3h_r2	ERR022879	schistosomulum_3h	schistosomulum_3h	whole_organism	mixed	not_applicable	untreated	3	not_declared	2	SAMEA988617	somule2	lane_1	${HF_PROJECT_RUNTIME_ROOT}/fastq_ftp/ERR022879_1.fastq.gz	${HF_PROJECT_RUNTIME_ROOT}/fastq_ftp/ERR022879_2.fastq.gz	compatibility/quants/E-MTAB-451/schistosomulum_3h_r2/quant.sf	TRUE	schistosomulum_3h	unknown		Writers	Smp_000700	Smp_000700	Smp_000700		protein_coding	SM_V10_3	36205102	36222187	+	SM_V10_3:36205102-36222187(+)	5.104371929922246	E-MTAB-451 | schistosomulum_3h_r2	E-MTAB-451 | not_declared | schistosomulum_3h | schistosomulum_3h | whole_organism | mixed	schistosomulum_3h | schistosomulum_3h | whole_organism | mixed	1.9842497945024062
Smp_001500	E-MTAB-451__adult_mixed_r1	295.581902	E-MTAB-451	adult_mixed_r1	adult_mixed_r1	ERR022873	adult_mixed	adult	whole_organism	mixed	not_applicable	untreated	not_applicable	not_declared	1	SAMEA988615	adult2	lane_1	${HF_PROJECT_RUNTIME_ROOT}/fastq_ftp/ERR022873_1.fastq.gz	${HF_PROJECT_RUNTIME_ROOT}/fastq_ftp/ERR022873_2.fastq.gz	compatibility/quants/E-MTAB-451/adult_mixed_r1/quant.sf	TRUE	adult	unknown		Grupo HP1	Smp_001500	Smp_001500	Smp_001500		protein_coding	SM_V10_2	21396123	21400220	+	SM_V10_2:21396123-21400220(+)	8.212286754217734	E-MTAB-451 | adult_mixed_r1	E-MTAB-451 | not_declared | adult_mixed | adult | whole_organism | mixed	adult_mixed | adult | whole_organism | mixed	2.528497876394057
Smp_001500	E-MTAB-451__cercaria_whole_r1	105.252929	E-MTAB-451	cercaria_whole_r1	cercaria_whole_r1	ERR022872	cercaria_whole	cercaria	whole_organism	mixed	not_applicable	untreated	0	not_declared	1	SAMEA988623	cerc10a	lane_1	${HF_PROJECT_RUNTIME_ROOT}/fastq_ftp/ERR022872_1.fastq.gz	${HF_PROJECT_RUNTIME_ROOT}/fastq_ftp/ERR022872_2.fastq.gz	compatibility/quants/E-MTAB-451/cercaria_whole_r1/quant.sf	TRUE	cercaria	unknown		Grupo HP1	Smp_001500	Smp_001500	Smp_001500		protein_coding	SM_V10_2	21396123	21400220	+	SM_V10_2:21396123-21400220(+)	6.731358801335948	E-MTAB-451 | cercaria_whole_r1	E-MTAB-451 | not_declared | cercaria_whole | cercaria | whole_organism | mixed	cercaria_whole | cercaria | whole_organism | mixed	-0.07049375323548987
Smp_001500	E-MTAB-451__cercaria_whole_r2	113.329381	E-MTAB-451	cercaria_whole_r2	cercaria_whole_r2	ERR022877	cercaria_whole	cercaria	whole_organism	mixed	not_applicable	untreated	0	not_declared	2	SAMEA988624	cerc12	lane_1	${HF_PROJECT_RUNTIME_ROOT}/fastq_ftp/ERR022877_1.fastq.gz	${HF_PROJECT_RUNTIME_ROOT}/fastq_ftp/ERR022877_2.fastq.gz	compatibility/quants/E-MTAB-451/cercaria_whole_r2/quant.sf	TRUE	cercaria	unknown		Grupo HP1	Smp_001500	Smp_001500	Smp_001500		protein_coding	SM_V10_2	21396123	21400220	+	SM_V10_2:21396123-21400220(+)	6.83705239276719	E-MTAB-451 | cercaria_whole_r2	E-MTAB-451 | not_declared | cercaria_whole | cercaria | whole_organism | mixed	cercaria_whole | cercaria | whole_organism | mixed	0.11499586420386117
Smp_001500	E-MTAB-451__cercaria_whole_r3	113.285267	E-MTAB-451	cercaria_whole_r3	cercaria_whole_r3	ERR022878	cercaria_whole	cercaria	whole_organism	mixed	not_applicable	untreated	0	not_declared	3	SAMEA988614	cerc13	lane_1	${HF_PROJECT_RUNTIME_ROOT}/fastq_ftp/ERR022878_1.fastq.gz	${HF_PROJECT_RUNTIME_ROOT}/fastq_ftp/ERR022878_2.fastq.gz	compatibility/quants/E-MTAB-451/cercaria_whole_r3/quant.sf	TRUE	cercaria	unknown		Grupo HP1	Smp_001500	Smp_001500	Smp_001500		protein_coding	SM_V10_2	21396123	21400220	+	SM_V10_2:21396123-21400220(+)	6.836495621358355	E-MTAB-451 | cercaria_whole_r3	E-MTAB-451 | not_declared | cercaria_whole | cercaria | whole_organism | mixed	cercaria_whole | cercaria | whole_organism | mixed	0.11401874426472877
Smp_001500	E-MTAB-451__cercarial_tail_r1	54.980401	E-MTAB-451	cercarial_tail_r1	cercarial_tail_r1	ERR022875	cercarial_tail	cercaria	tail	mixed	not_applicable	untreated	0	not_declared	1	SAMEA988620	tail1	lane_1	${HF_PROJECT_RUNTIME_ROOT}/fastq_ftp/ERR022875_1.fastq.gz	${HF_PROJECT_RUNTIME_ROOT}/fastq_ftp/ERR022875_2.fastq.gz	compatibility/quants/E-MTAB-451/cercarial_tail_r1/quant.sf	TRUE	cercaria	unknown		Grupo HP1	Smp_001500	Smp_001500	Smp_001500		protein_coding	SM_V10_2	21396123	21400220	+	SM_V10_2:21396123-21400220(+)	5.806849916179029	E-MTAB-451 | cercarial_tail_r1	E-MTAB-451 | not_declared | cercarial_tail | cercaria | tail | mixed	cercarial_tail | cercaria | tail | mixed	-1.692983793595189
Smp_001500	E-MTAB-451__schistosomulum_24h_r1	105.093363	E-MTAB-451	schistosomulum_24h_r1	schistosomulum_24h_r1	ERR022880	schistosomulum_24h	schistosomulum_24h	whole_organism	mixed	not_applicable	untreated	24	not_declared	1	SAMEA988616	somule3	lane_1	${HF_PROJECT_RUNTIME_ROOT}/fastq_ftp/ERR022880_1.fastq.gz	${HF_PROJECT_RUNTIME_ROOT}/fastq_ftp/ERR022880_2.fastq.gz	compatibility/quants/E-MTAB-451/schistosomulum_24h_r1/quant.sf	TRUE	schistosomulum_24h	unknown		Grupo HP1	Smp_001500	Smp_001500	Smp_001500		protein_coding	SM_V10_2	21396123	21400220	+	SM_V10_2:21396123-21400220(+)	6.729190596578936	E-MTAB-451 | schistosomulum_24h_r1	E-MTAB-451 | not_declared | schistosomulum_24h | schistosomulum_24h | whole_organism | mixed	schistosomulum_24h | schistosomulum_24h | whole_organism | mixed	-0.07429889851877836
Smp_001500	E-MTAB-451__schistosomulum_24h_r2	80.173663	E-MTAB-451	schistosomulum_24h_r2	schistosomulum_24h_r2	ERR022881	schistosomulum_24h	schistosomulum_24h	whole_organism	mixed	not_applicable	untreated	24	not_declared	2	SAMEA988622	somule4	lane_1	${HF_PROJECT_RUNTIME_ROOT}/fastq_ftp/ERR022881_1.fastq.gz	${HF_PROJECT_RUNTIME_ROOT}/fastq_ftp/ERR022881_2.fastq.gz	compatibility/quants/E-MTAB-451/schistosomulum_24h_r2/quant.sf	TRUE	schistosomulum_24h	unknown		Grupo HP1	Smp_001500	Smp_001500	Smp_001500		protein_coding	SM_V10_2	21396123	21400220	+	SM_V10_2:21396123-21400220(+)	6.342939812167069	E-MTAB-451 | schistosomulum_24h_r2	E-MTAB-451 | not_declared | schistosomulum_24h | schistosomulum_24h | whole_organism | mixed	schistosomulum_24h | schistosomulum_24h | whole_organism | mixed	-0.7521593938054254
Smp_001500	E-MTAB-451__schistosomulum_24h_r3	100.811018	E-MTAB-451	schistosomulum_24h_r3	schistosomulum_24h_r3	ERR022882	schistosomulum_24h	schistosomulum_24h	whole_organism	mixed	not_applicable	untreated	24	not_declared	3	SAMEA988619	somule5	lane_1	${HF_PROJECT_RUNTIME_ROOT}/fastq_ftp/ERR022882_1.fastq.gz	${HF_PROJECT_RUNTIME_ROOT}/fastq_ftp/ERR022882_2.fastq.gz	compatibility/quants/E-MTAB-451/schistosomulum_24h_r3/quant.sf	TRUE	schistosomulum_24h	unknown		Grupo HP1	Smp_001500	Smp_001500	Smp_001500		protein_coding	SM_V10_2	21396123	21400220	+	SM_V10_2:21396123-21400220(+)	6.669749888259226	E-MTAB-451 | schistosomulum_24h_r3	E-MTAB-451 | not_declared | schistosomulum_24h | schistosomulum_24h | whole_organism | mixed	schistosomulum_24h | schistosomulum_24h | whole_organism | mixed	-0.17861585943612637
Smp_001500	E-MTAB-451__schistosomulum_24h_r4	99.215792	E-MTAB-451	schistosomulum_24h_r4	schistosomulum_24h_r4	ERR022883	schistosomulum_24h	schistosomulum_24h	whole_organism	mixed	not_applicable	untreated	24	not_declared	4	SAMEA988618	somule6	lane_1	${HF_PROJECT_RUNTIME_ROOT}/fastq_ftp/ERR022883_1.fastq.gz	${HF_PROJECT_RUNTIME_ROOT}/fastq_ftp/ERR022883_2.fastq.gz	compatibility/quants/E-MTAB-451/schistosomulum_24h_r4/quant.sf	TRUE	schistosomulum_24h	unknown		Grupo HP1	Smp_001500	Smp_001500	Smp_001500		protein_coding	SM_V10_2	21396123	21400220	+	SM_V10_2:21396123-21400220(+)	6.64696605604154	E-MTAB-451 | schistosomulum_24h_r4	E-MTAB-451 | not_declared | schistosomulum_24h | schistosomulum_24h | whole_organism | mixed	schistosomulum_24h | schistosomulum_24h | whole_organism | mixed	-0.21860091685193112
Smp_001500	E-MTAB-451__schistosomulum_3h_r1	107.751277	E-MTAB-451	schistosomulum_3h_r1	schistosomulum_3h_r1	ERR022874	schistosomulum_3h	schistosomulum_3h	whole_organism	mixed	not_applicable	untreated	3	not_declared	1	SAMEA988621	somule1	lane_1	${HF_PROJECT_RUNTIME_ROOT}/fastq_ftp/ERR022874_1.fastq.gz	${HF_PROJECT_RUNTIME_ROOT}/fastq_ftp/ERR022874_2.fastq.gz	compatibility/quants/E-MTAB-451/schistosomulum_3h_r1/quant.sf	TRUE	schistosomulum_3h	unknown		Grupo HP1	Smp_001500	Smp_001500	Smp_001500		protein_coding	SM_V10_2	21396123	21400220	+	SM_V10_2:21396123-21400220(+)	6.764888531524601	E-MTAB-451 | schistosomulum_3h_r1	E-MTAB-451 | not_declared | schistosomulum_3h | schistosomulum_3h | whole_organism | mixed	schistosomulum_3h | schistosomulum_3h | whole_organism | mixed	-0.01164991283496833
Smp_001500	E-MTAB-451__schistosomulum_3h_r2	119.176909	E-MTAB-451	schistosomulum_3h_r2	schistosomulum_3h_r2	ERR022879	schistosomulum_3h	schistosomulum_3h	whole_organism	mixed	not_applicable	untreated	3	not_declared	2	SAMEA988617	somule2	lane_1	${HF_PROJECT_RUNTIME_ROOT}/fastq_ftp/ERR022879_1.fastq.gz	${HF_PROJECT_RUNTIME_ROOT}/fastq_ftp/ERR022879_2.fastq.gz	compatibility/quants/E-MTAB-451/schistosomulum_3h_r2/quant.sf	TRUE	schistosomulum_3h	unknown		Grupo HP1	Smp_001500	Smp_001500	Smp_001500		protein_coding	SM_V10_2	21396123	21400220	+	SM_V10_2:21396123-21400220(+)	6.909015910520836	E-MTAB-451 | schistosomulum_3h_r2	E-MTAB-451 | not_declared | schistosomulum_3h | schistosomulum_3h | whole_organism | mixed	schistosomulum_3h | schistosomulum_3h | whole_organism | mixed	0.24129004341525978
Smp_006250	E-MTAB-451__adult_mixed_r1	49.652279	E-MTAB-451	adult_mixed_r1	adult_mixed_r1	ERR022873	adult_mixed	adult	whole_organism	mixed	not_applicable	untreated	not_applicable	not_declared	1	SAMEA988615	adult2	lane_1	${HF_PROJECT_RUNTIME_ROOT}/fastq_ftp/ERR022873_1.fastq.gz	${HF_PROJECT_RUNTIME_ROOT}/fastq_ftp/ERR022873_2.fastq.gz	compatibility/quants/E-MTAB-451/adult_mixed_r1/quant.sf	TRUE	adult	unknown		Readers	Smp_006250	Smp_006250	Smp_006250		protein_coding	SM_V10_Z	24994897	25008967	-	SM_V10_Z:24994897-25008967(-)	5.662555276609348	E-MTAB-451 | adult_mixed_r1	E-MTAB-451 | not_declared | adult_mixed | adult | whole_organism | mixed	adult_mixed | adult | whole_organism | mixed	-0.45930039815040025
Smp_006250	E-MTAB-451__cercaria_whole_r1	60.901128	E-MTAB-451	cercaria_whole_r1	cercaria_whole_r1	ERR022872	cercaria_whole	cercaria	whole_organism	mixed	not_applicable	untreated	0	not_declared	1	SAMEA988623	cerc10a	lane_1	${HF_PROJECT_RUNTIME_ROOT}/fastq_ftp/ERR022872_1.fastq.gz	${HF_PROJECT_RUNTIME_ROOT}/fastq_ftp/ERR022872_2.fastq.gz	compatibility/quants/E-MTAB-451/cercaria_whole_r1/quant.sf	TRUE	cercaria	unknown		Readers	Smp_006250	Smp_006250	Smp_006250		protein_coding	SM_V10_Z	24994897	25008967	-	SM_V10_Z:24994897-25008967(-)	5.951893794232858	E-MTAB-451 | cercaria_whole_r1	E-MTAB-451 | not_declared | cercaria_whole | cercaria | whole_organism | mixed	cercaria_whole | cercaria | whole_organism | mixed	0.27185437108607974
Smp_006250	E-MTAB-451__cercaria_whole_r2	49.70377	E-MTAB-451	cercaria_whole_r2	cercaria_whole_r2	ERR022877	cercaria_whole	cercaria	whole_organism	mixed	not_applicable	untreated	0	not_declared	2	SAMEA988624	cerc12	lane_1	${HF_PROJECT_RUNTIME_ROOT}/fastq_ftp/ERR022877_1.fastq.gz	${HF_PROJECT_RUNTIME_ROOT}/fastq_ftp/ERR022877_2.fastq.gz	compatibility/quants/E-MTAB-451/cercaria_whole_r2/quant.sf	TRUE	cercaria	unknown		Readers	Smp_006250	Smp_006250	Smp_006250		protein_coding	SM_V10_Z	24994897	25008967	-	SM_V10_Z:24994897-25008967(-)	5.664021115451213	E-MTAB-451 | cercaria_whole_r2	E-MTAB-451 | not_declared | cercaria_whole | cercaria | whole_organism | mixed	cercaria_whole | cercaria | whole_organism | mixed	-0.4555962419635071
Smp_006250	E-MTAB-451__cercaria_whole_r3	48.44789	E-MTAB-451	cercaria_whole_r3	cercaria_whole_r3	ERR022878	cercaria_whole	cercaria	whole_organism	mixed	not_applicable	untreated	0	not_declared	3	SAMEA988614	cerc13	lane_1	${HF_PROJECT_RUNTIME_ROOT}/fastq_ftp/ERR022878_1.fastq.gz	${HF_PROJECT_RUNTIME_ROOT}/fastq_ftp/ERR022878_2.fastq.gz	compatibility/quants/E-MTAB-451/cercaria_whole_r3/quant.sf	TRUE	cercaria	unknown		Readers	Smp_006250	Smp_006250	Smp_006250		protein_coding	SM_V10_Z	24994897	25008967	-	SM_V10_Z:24994897-25008967(-)	5.627837055679985	E-MTAB-451 | cercaria_whole_r3	E-MTAB-451 | not_declared | cercaria_whole | cercaria | whole_organism | mixed	cercaria_whole | cercaria | whole_organism | mixed	-0.5470329026935399
Smp_006250	E-MTAB-451__cercarial_tail_r1	32.469782	E-MTAB-451	cercarial_tail_r1	cercarial_tail_r1	ERR022875	cercarial_tail	cercaria	tail	mixed	not_applicable	untreated	0	not_declared	1	SAMEA988620	tail1	lane_1	${HF_PROJECT_RUNTIME_ROOT}/fastq_ftp/ERR022875_1.fastq.gz	${HF_PROJECT_RUNTIME_ROOT}/fastq_ftp/ERR022875_2.fastq.gz	compatibility/quants/E-MTAB-451/cercarial_tail_r1/quant.sf	TRUE	cercaria	unknown		Readers	Smp_006250	Smp_006250	Smp_006250		protein_coding	SM_V10_Z	24994897	25008967	-	SM_V10_Z:24994897-25008967(-)	5.064787249182102	E-MTAB-451 | cercarial_tail_r1	E-MTAB-451 | not_declared | cercarial_tail | cercaria | tail | mixed	cercarial_tail | cercaria | tail | mixed	-1.9698526320538765
Smp_006250	E-MTAB-451__schistosomulum_24h_r1	61.432985	E-MTAB-451	schistosomulum_24h_r1	schistosomulum_24h_r1	ERR022880	schistosomulum_24h	schistosomulum_24h	whole_organism	mixed	not_applicable	untreated	24	not_declared	1	SAMEA988616	somule3	lane_1	${HF_PROJECT_RUNTIME_ROOT}/fastq_ftp/ERR022880_1.fastq.gz	${HF_PROJECT_RUNTIME_ROOT}/fastq_ftp/ERR022880_2.fastq.gz	compatibility/quants/E-MTAB-451/schistosomulum_24h_r1/quant.sf	TRUE	schistosomulum_24h	unknown		Readers	Smp_006250	Smp_006250	Smp_006250		protein_coding	SM_V10_Z	24994897	25008967	-	SM_V10_Z:24994897-25008967(-)	5.964236539405891	E-MTAB-451 | schistosomulum_24h_r1	E-MTAB-451 | not_declared | schistosomulum_24h | schistosomulum_24h | whole_organism | mixed	schistosomulum_24h | schistosomulum_24h | whole_organism | mixed	0.30304433180356793
Smp_006250	E-MTAB-451__schistosomulum_24h_r2	57.036101	E-MTAB-451	schistosomulum_24h_r2	schistosomulum_24h_r2	ERR022881	schistosomulum_24h	schistosomulum_24h	whole_organism	mixed	not_applicable	untreated	24	not_declared	2	SAMEA988622	somule4	lane_1	${HF_PROJECT_RUNTIME_ROOT}/fastq_ftp/ERR022881_1.fastq.gz	${HF_PROJECT_RUNTIME_ROOT}/fastq_ftp/ERR022881_2.fastq.gz	compatibility/quants/E-MTAB-451/schistosomulum_24h_r2/quant.sf	TRUE	schistosomulum_24h	unknown		Readers	Smp_006250	Smp_006250	Smp_006250		protein_coding	SM_V10_Z	24994897	25008967	-	SM_V10_Z:24994897-25008967(-)	5.8588786939454875	E-MTAB-451 | schistosomulum_24h_r2	E-MTAB-451 | not_declared | schistosomulum_24h | schistosomulum_24h | whole_organism | mixed	schistosomulum_24h | schistosomulum_24h | whole_organism | mixed	0.036806390800877095
Smp_006250	E-MTAB-451__schistosomulum_24h_r3	59.611774	E-MTAB-451	schistosomulum_24h_r3	schistosomulum_24h_r3	ERR022882	schistosomulum_24h	schistosomulum_24h	whole_organism	mixed	not_applicable	untreated	24	not_declared	3	SAMEA988619	somule5	lane_1	${HF_PROJECT_RUNTIME_ROOT}/fastq_ftp/ERR022882_1.fastq.gz	${HF_PROJECT_RUNTIME_ROOT}/fastq_ftp/ERR022882_2.fastq.gz	compatibility/quants/E-MTAB-451/schistosomulum_24h_r3/quant.sf	TRUE	schistosomulum_24h	unknown		Readers	Smp_006250	Smp_006250	Smp_006250		protein_coding	SM_V10_Z	24994897	25008967	-	SM_V10_Z:24994897-25008967(-)	5.921526163197605	E-MTAB-451 | schistosomulum_24h_r3	E-MTAB-451 | not_declared | schistosomulum_24h | schistosomulum_24h | whole_organism | mixed	schistosomulum_24h | schistosomulum_24h | whole_organism | mixed	0.19511575210023632
Smp_006250	E-MTAB-451__schistosomulum_24h_r4	63.868938	E-MTAB-451	schistosomulum_24h_r4	schistosomulum_24h_r4	ERR022883	schistosomulum_24h	schistosomulum_24h	whole_organism	mixed	not_applicable	untreated	24	not_declared	4	SAMEA988618	somule6	lane_1	${HF_PROJECT_RUNTIME_ROOT}/fastq_ftp/ERR022883_1.fastq.gz	${HF_PROJECT_RUNTIME_ROOT}/fastq_ftp/ERR022883_2.fastq.gz	compatibility/quants/E-MTAB-451/schistosomulum_24h_r4/quant.sf	TRUE	schistosomulum_24h	unknown		Readers	Smp_006250	Smp_006250	Smp_006250		protein_coding	SM_V10_Z	24994897	25008967	-	SM_V10_Z:24994897-25008967(-)	6.019455914855546	E-MTAB-451 | schistosomulum_24h_r4	E-MTAB-451 | not_declared | schistosomulum_24h | schistosomulum_24h | whole_organism | mixed	schistosomulum_24h | schistosomulum_24h | whole_organism | mixed	0.44258299414927627
Smp_006250	E-MTAB-451__schistosomulum_3h_r1	55.620053	E-MTAB-451	schistosomulum_3h_r1	schistosomulum_3h_r1	ERR022874	schistosomulum_3h	schistosomulum_3h	whole_organism	mixed	not_applicable	untreated	3	not_declared	1	SAMEA988621	somule1	lane_1	${HF_PROJECT_RUNTIME_ROOT}/fastq_ftp/ERR022874_1.fastq.gz	${HF_PROJECT_RUNTIME_ROOT}/fastq_ftp/ERR022874_2.fastq.gz	compatibility/quants/E-MTAB-451/schistosomulum_3h_r1/quant.sf	TRUE	schistosomulum_3h	unknown		Readers	Smp_006250	Smp_006250	Smp_006250		protein_coding	SM_V10_Z	24994897	25008967	-	SM_V10_Z:24994897-25008967(-)	5.823241194586716	E-MTAB-451 | schistosomulum_3h_r1	E-MTAB-451 | not_declared | schistosomulum_3h | schistosomulum_3h | whole_organism | mixed	schistosomulum_3h | schistosomulum_3h | whole_organism | mixed	-0.053249118689680346
Smp_006250	E-MTAB-451__schistosomulum_3h_r2	105.080382	E-MTAB-451	schistosomulum_3h_r2	schistosomulum_3h_r2	ERR022879	schistosomulum_3h	schistosomulum_3h	whole_organism	mixed	not_applicable	untreated	3	not_declared	2	SAMEA988617	somule2	lane_1	${HF_PROJECT_RUNTIME_ROOT}/fastq_ftp/ERR022879_1.fastq.gz	${HF_PROJECT_RUNTIME_ROOT}/fastq_ftp/ERR022879_2.fastq.gz	compatibility/quants/E-MTAB-451/schistosomulum_3h_r2/quant.sf	TRUE	schistosomulum_3h	unknown		Readers	Smp_006250	Smp_006250	Smp_006250		protein_coding	SM_V10_Z	24994897	25008967	-	SM_V10_Z:24994897-25008967(-)	6.729014065553864	E-MTAB-451 | schistosomulum_3h_r2	E-MTAB-451 | not_declared | schistosomulum_3h | schistosomulum_3h | whole_organism | mixed	schistosomulum_3h | schistosomulum_3h | whole_organism | mixed	2.235627453610962
Smp_019170	E-MTAB-451__adult_mixed_r1	23.259703	E-MTAB-451	adult_mixed_r1	adult_mixed_r1	ERR022873	adult_mixed	adult	whole_organism	mixed	not_applicable	untreated	not_applicable	not_declared	1	SAMEA988615	adult2	lane_1	${HF_PROJECT_RUNTIME_ROOT}/fastq_ftp/ERR022873_1.fastq.gz	${HF_PROJECT_RUNTIME_ROOT}/fastq_ftp/ERR022873_2.fastq.gz	compatibility/quants/E-MTAB-451/adult_mixed_r1/quant.sf	TRUE	adult	unknown		Erasers	Smp_019170	Smp_019170	Smp_019170		protein_coding	SM_V10_1	46220125	46249289	-	SM_V10_1:46220125-46249289(-)	4.600489983225011	E-MTAB-451 | adult_mixed_r1	E-MTAB-451 | not_declared | adult_mixed | adult | whole_organism | mixed	adult_mixed | adult | whole_organism | mixed	-1.049717808535019
Smp_019170	E-MTAB-451__cercaria_whole_r1	41.126156	E-MTAB-451	cercaria_whole_r1	cercaria_whole_r1	ERR022872	cercaria_whole	cercaria	whole_organism	mixed	not_applicable	untreated	0	not_declared	1	SAMEA988623	cerc10a	lane_1	${HF_PROJECT_RUNTIME_ROOT}/fastq_ftp/ERR022872_1.fastq.gz	${HF_PROJECT_RUNTIME_ROOT}/fastq_ftp/ERR022872_2.fastq.gz	compatibility/quants/E-MTAB-451/cercaria_whole_r1/quant.sf	TRUE	cercaria	unknown		Erasers	Smp_019170	Smp_019170	Smp_019170		protein_coding	SM_V10_1	46220125	46249289	-	SM_V10_1:46220125-46249289(-)	5.39664437127288	E-MTAB-451 | cercaria_whole_r1	E-MTAB-451 | not_declared | cercaria_whole | cercaria | whole_organism | mixed	cercaria_whole | cercaria | whole_organism | mixed	0.002280968399258435
Smp_019170	E-MTAB-451__cercaria_whole_r2	28.335514	E-MTAB-451	cercaria_whole_r2	cercaria_whole_r2	ERR022877	cercaria_whole	cercaria	whole_organism	mixed	not_applicable	untreated	0	not_declared	2	SAMEA988624	cerc12	lane_1	${HF_PROJECT_RUNTIME_ROOT}/fastq_ftp/ERR022877_1.fastq.gz	${HF_PROJECT_RUNTIME_ROOT}/fastq_ftp/ERR022877_2.fastq.gz	compatibility/quants/E-MTAB-451/cercaria_whole_r2/quant.sf	TRUE	cercaria	unknown		Erasers	Smp_019170	Smp_019170	Smp_019170		protein_coding	SM_V10_1	46220125	46249289	-	SM_V10_1:46220125-46249289(-)	4.8745763651906415	E-MTAB-451 | cercaria_whole_r2	E-MTAB-451 | not_declared | cercaria_whole | cercaria | whole_organism | mixed	cercaria_whole | cercaria | whole_organism | mixed	-0.6875537070355899
Smp_019170	E-MTAB-451__cercaria_whole_r3	25.729058	E-MTAB-451	cercaria_whole_r3	cercaria_whole_r3	ERR022878	cercaria_whole	cercaria	whole_organism	mixed	not_applicable	untreated	0	not_declared	3	SAMEA988614	cerc13	lane_1	${HF_PROJECT_RUNTIME_ROOT}/fastq_ftp/ERR022878_1.fastq.gz	${HF_PROJECT_RUNTIME_ROOT}/fastq_ftp/ERR022878_2.fastq.gz	compatibility/quants/E-MTAB-451/cercaria_whole_r3/quant.sf	TRUE	cercaria	unknown		Erasers	Smp_019170	Smp_019170	Smp_019170		protein_coding	SM_V10_1	46220125	46249289	-	SM_V10_1:46220125-46249289(-)	4.740337089120958	E-MTAB-451 | cercaria_whole_r3	E-MTAB-451 | not_declared | cercaria_whole | cercaria | whole_organism | mixed	cercaria_whole | cercaria | whole_organism | mixed	-0.8649308041939856
Smp_019170	E-MTAB-451__cercarial_tail_r1	22.629304	E-MTAB-451	cercarial_tail_r1	cercarial_tail_r1	ERR022875	cercarial_tail	cercaria	tail	mixed	not_applicable	untreated	0	not_declared	1	SAMEA988620	tail1	lane_1	${HF_PROJECT_RUNTIME_ROOT}/fastq_ftp/ERR022875_1.fastq.gz	${HF_PROJECT_RUNTIME_ROOT}/fastq_ftp/ERR022875_2.fastq.gz	compatibility/quants/E-MTAB-451/cercarial_tail_r1/quant.sf	TRUE	cercaria	unknown		Erasers	Smp_019170	Smp_019170	Smp_019170		protein_coding	SM_V10_1	46220125	46249289	-	SM_V10_1:46220125-46249289(-)	4.56250523031269	E-MTAB-451 | cercarial_tail_r1	E-MTAB-451 | not_declared | cercarial_tail | cercaria | tail | mixed	cercarial_tail | cercaria | tail | mixed	-1.099908970206429
Smp_019170	E-MTAB-451__schistosomulum_24h_r1	94.631885	E-MTAB-451	schistosomulum_24h_r1	schistosomulum_24h_r1	ERR022880	schistosomulum_24h	schistosomulum_24h	whole_organism	mixed	not_applicable	untreated	24	not_declared	1	SAMEA988616	somule3	lane_1	${HF_PROJECT_RUNTIME_ROOT}/fastq_ftp/ERR022880_1.fastq.gz	${HF_PROJECT_RUNTIME_ROOT}/fastq_ftp/ERR022880_2.fastq.gz	compatibility/quants/E-MTAB-451/schistosomulum_24h_r1/quant.sf	TRUE	schistosomulum_24h	unknown		Erasers	Smp_019170	Smp_019170	Smp_019170		protein_coding	SM_V10_1	46220125	46249289	-	SM_V10_1:46220125-46249289(-)	6.579419807883672	E-MTAB-451 | schistosomulum_24h_r1	E-MTAB-451 | not_declared | schistosomulum_24h | schistosomulum_24h | whole_organism | mixed	schistosomulum_24h | schistosomulum_24h | whole_organism | mixed	1.5651415534591073
Smp_019170	E-MTAB-451__schistosomulum_24h_r2	66.150934	E-MTAB-451	schistosomulum_24h_r2	schistosomulum_24h_r2	ERR022881	schistosomulum_24h	schistosomulum_24h	whole_organism	mixed	not_applicable	untreated	24	not_declared	2	SAMEA988622	somule4	lane_1	${HF_PROJECT_RUNTIME_ROOT}/fastq_ftp/ERR022881_1.fastq.gz	${HF_PROJECT_RUNTIME_ROOT}/fastq_ftp/ERR022881_2.fastq.gz	compatibility/quants/E-MTAB-451/schistosomulum_24h_r2/quant.sf	TRUE	schistosomulum_24h	unknown		Erasers	Smp_019170	Smp_019170	Smp_019170		protein_coding	SM_V10_1	46220125	46249289	-	SM_V10_1:46220125-46249289(-)	6.069335561074661	E-MTAB-451 | schistosomulum_24h_r2	E-MTAB-451 | not_declared | schistosomulum_24h | schistosomulum_24h | whole_organism | mixed	schistosomulum_24h | schistosomulum_24h | whole_organism | mixed	0.891141620993424
Smp_019170	E-MTAB-451__schistosomulum_24h_r3	67.848197	E-MTAB-451	schistosomulum_24h_r3	schistosomulum_24h_r3	ERR022882	schistosomulum_24h	schistosomulum_24h	whole_organism	mixed	not_applicable	untreated	24	not_declared	3	SAMEA988619	somule5	lane_1	${HF_PROJECT_RUNTIME_ROOT}/fastq_ftp/ERR022882_1.fastq.gz	${HF_PROJECT_RUNTIME_ROOT}/fastq_ftp/ERR022882_2.fastq.gz	compatibility/quants/E-MTAB-451/schistosomulum_24h_r3/quant.sf	TRUE	schistosomulum_24h	unknown		Erasers	Smp_019170	Smp_019170	Smp_019170		protein_coding	SM_V10_1	46220125	46249289	-	SM_V10_1:46220125-46249289(-)	6.105346968372971	E-MTAB-451 | schistosomulum_24h_r3	E-MTAB-451 | not_declared | schistosomulum_24h | schistosomulum_24h | whole_organism | mixed	schistosomulum_24h | schistosomulum_24h | whole_organism | mixed	0.9387253020008148
Smp_019170	E-MTAB-451__schistosomulum_24h_r4	74.56651	E-MTAB-451	schistosomulum_24h_r4	schistosomulum_24h_r4	ERR022883	schistosomulum_24h	schistosomulum_24h	whole_organism	mixed	not_applicable	untreated	24	not_declared	4	SAMEA988618	somule6	lane_1	${HF_PROJECT_RUNTIME_ROOT}/fastq_ftp/ERR022883_1.fastq.gz	${HF_PROJECT_RUNTIME_ROOT}/fastq_ftp/ERR022883_2.fastq.gz	compatibility/quants/E-MTAB-451/schistosomulum_24h_r4/quant.sf	TRUE	schistosomulum_24h	unknown		Erasers	Smp_019170	Smp_019170	Smp_019170		protein_coding	SM_V10_1	46220125	46249289	-	SM_V10_1:46220125-46249289(-)	6.239675089098425	E-MTAB-451 | schistosomulum_24h_r4	E-MTAB-451 | not_declared | schistosomulum_24h | schistosomulum_24h | whole_organism | mixed	schistosomulum_24h | schistosomulum_24h | whole_organism | mixed	1.1162197940647847
Smp_019170	E-MTAB-451__schistosomulum_3h_r1	23.57502	E-MTAB-451	schistosomulum_3h_r1	schistosomulum_3h_r1	ERR022874	schistosomulum_3h	schistosomulum_3h	whole_organism	mixed	not_applicable	untreated	3	not_declared	1	SAMEA988621	somule1	lane_1	${HF_PROJECT_RUNTIME_ROOT}/fastq_ftp/ERR022874_1.fastq.gz	${HF_PROJECT_RUNTIME_ROOT}/fastq_ftp/ERR022874_2.fastq.gz	compatibility/quants/E-MTAB-451/schistosomulum_3h_r1/quant.sf	TRUE	schistosomulum_3h	unknown		Erasers	Smp_019170	Smp_019170	Smp_019170		protein_coding	SM_V10_1	46220125	46249289	-	SM_V10_1:46220125-46249289(-)	4.6191206855687454	E-MTAB-451 | schistosomulum_3h_r1	E-MTAB-451 | not_declared | schistosomulum_3h | schistosomulum_3h | whole_organism | mixed	schistosomulum_3h | schistosomulum_3h | whole_organism | mixed	-1.025100125867852
Smp_019170	E-MTAB-451__schistosomulum_3h_r2	46.06714	E-MTAB-451	schistosomulum_3h_r2	schistosomulum_3h_r2	ERR022879	schistosomulum_3h	schistosomulum_3h	whole_organism	mixed	not_applicable	untreated	3	not_declared	2	SAMEA988617	somule2	lane_1	${HF_PROJECT_RUNTIME_ROOT}/fastq_ftp/ERR022879_1.fastq.gz	${HF_PROJECT_RUNTIME_ROOT}/fastq_ftp/ERR022879_2.fastq.gz	compatibility/quants/E-MTAB-451/schistosomulum_3h_r2/quant.sf	TRUE	schistosomulum_3h	unknown		Erasers	Smp_019170	Smp_019170	Smp_019170		protein_coding	SM_V10_1	46220125	46249289	-	SM_V10_1:46220125-46249289(-)	5.556648286279213	E-MTAB-451 | schistosomulum_3h_r2	E-MTAB-451 | not_declared | schistosomulum_3h | schistosomulum_3h | whole_organism | mixed	schistosomulum_3h | schistosomulum_3h | whole_organism | mixed	0.21370217692148974
Smp_025550	E-MTAB-451__adult_mixed_r1	20.47197	E-MTAB-451	adult_mixed_r1	adult_mixed_r1	ERR022873	adult_mixed	adult	whole_organism	mixed	not_applicable	untreated	not_applicable	not_declared	1	SAMEA988615	adult2	lane_1	${HF_PROJECT_RUNTIME_ROOT}/fastq_ftp/ERR022873_1.fastq.gz	${HF_PROJECT_RUNTIME_ROOT}/fastq_ftp/ERR022873_2.fastq.gz	compatibility/quants/E-MTAB-451/adult_mixed_r1/quant.sf	TRUE	adult	unknown		Writers	Smp_025550	Smp_025550	Smp_025550		protein_coding	SM_V10_Z	51802354	51811678	+	SM_V10_Z:51802354-51811678(+)	4.424382655848759	E-MTAB-451 | adult_mixed_r1	E-MTAB-451 | not_declared | adult_mixed | adult | whole_organism | mixed	adult_mixed | adult | whole_organism | mixed	-0.09473220510833645
Smp_025550	E-MTAB-451__cercaria_whole_r1	14.828983	E-MTAB-451	cercaria_whole_r1	cercaria_whole_r1	ERR022872	cercaria_whole	cercaria	whole_organism	mixed	not_applicable	untreated	0	not_declared	1	SAMEA988623	cerc10a	lane_1	${HF_PROJECT_RUNTIME_ROOT}/fastq_ftp/ERR022872_1.fastq.gz	${HF_PROJECT_RUNTIME_ROOT}/fastq_ftp/ERR022872_2.fastq.gz	compatibility/quants/E-MTAB-451/cercaria_whole_r1/quant.sf	TRUE	cercaria	unknown		Writers	Smp_025550	Smp_025550	Smp_025550		protein_coding	SM_V10_Z	51802354	51811678	+	SM_V10_Z:51802354-51811678(+)	3.9844966612917374	E-MTAB-451 | cercaria_whole_r1	E-MTAB-451 | not_declared | cercaria_whole | cercaria | whole_organism | mixed	cercaria_whole | cercaria | whole_organism | mixed	-0.688596556318511
Smp_025550	E-MTAB-451__cercaria_whole_r2	16.286926	E-MTAB-451	cercaria_whole_r2	cercaria_whole_r2	ERR022877	cercaria_whole	cercaria	whole_organism	mixed	not_applicable	untreated	0	not_declared	2	SAMEA988624	cerc12	lane_1	${HF_PROJECT_RUNTIME_ROOT}/fastq_ftp/ERR022877_1.fastq.gz	${HF_PROJECT_RUNTIME_ROOT}/fastq_ftp/ERR022877_2.fastq.gz	compatibility/quants/E-MTAB-451/cercaria_whole_r2/quant.sf	TRUE	cercaria	unknown		Writers	Smp_025550	Smp_025550	Smp_025550		protein_coding	SM_V10_Z	51802354	51811678	+	SM_V10_Z:51802354-51811678(+)	4.111609443402587	E-MTAB-451 | cercaria_whole_r2	E-MTAB-451 | not_declared | cercaria_whole | cercaria | whole_organism | mixed	cercaria_whole | cercaria | whole_organism | mixed	-0.5169890243378702
Smp_025550	E-MTAB-451__cercaria_whole_r3	14.105034	E-MTAB-451	cercaria_whole_r3	cercaria_whole_r3	ERR022878	cercaria_whole	cercaria	whole_organism	mixed	not_applicable	untreated	0	not_declared	3	SAMEA988614	cerc13	lane_1	${HF_PROJECT_RUNTIME_ROOT}/fastq_ftp/ERR022878_1.fastq.gz	${HF_PROJECT_RUNTIME_ROOT}/fastq_ftp/ERR022878_2.fastq.gz	compatibility/quants/E-MTAB-451/cercaria_whole_r3/quant.sf	TRUE	cercaria	unknown		Writers	Smp_025550	Smp_025550	Smp_025550		protein_coding	SM_V10_Z	51802354	51811678	+	SM_V10_Z:51802354-51811678(+)	3.916957526326681	E-MTAB-451 | cercaria_whole_r3	E-MTAB-451 | not_declared | cercaria_whole | cercaria | whole_organism | mixed	cercaria_whole | cercaria | whole_organism | mixed	-0.7797771919004889
Smp_025550	E-MTAB-451__cercarial_tail_r1	7.541403000000001	E-MTAB-451	cercarial_tail_r1	cercarial_tail_r1	ERR022875	cercarial_tail	cercaria	tail	mixed	not_applicable	untreated	0	not_declared	1	SAMEA988620	tail1	lane_1	${HF_PROJECT_RUNTIME_ROOT}/fastq_ftp/ERR022875_1.fastq.gz	${HF_PROJECT_RUNTIME_ROOT}/fastq_ftp/ERR022875_2.fastq.gz	compatibility/quants/E-MTAB-451/cercarial_tail_r1/quant.sf	TRUE	cercaria	unknown		Writers	Smp_025550	Smp_025550	Smp_025550		protein_coding	SM_V10_Z	51802354	51811678	+	SM_V10_Z:51802354-51811678(+)	3.0944730645641645	E-MTAB-451 | cercarial_tail_r1	E-MTAB-451 | not_declared | cercarial_tail | cercaria | tail | mixed	cercarial_tail | cercaria | tail | mixed	-1.890165354535502
Smp_025550	E-MTAB-451__schistosomulum_24h_r1	45.26547	E-MTAB-451	schistosomulum_24h_r1	schistosomulum_24h_r1	ERR022880	schistosomulum_24h	schistosomulum_24h	whole_organism	mixed	not_applicable	untreated	24	not_declared	1	SAMEA988616	somule3	lane_1	${HF_PROJECT_RUNTIME_ROOT}/fastq_ftp/ERR022880_1.fastq.gz	${HF_PROJECT_RUNTIME_ROOT}/fastq_ftp/ERR022880_2.fastq.gz	compatibility/quants/E-MTAB-451/schistosomulum_24h_r1/quant.sf	TRUE	schistosomulum_24h	unknown		Writers	Smp_025550	Smp_025550	Smp_025550		protein_coding	SM_V10_Z	51802354	51811678	+	SM_V10_Z:51802354-51811678(+)	5.531863941824369	E-MTAB-451 | schistosomulum_24h_r1	E-MTAB-451 | not_declared | schistosomulum_24h | schistosomulum_24h | whole_organism | mixed	schistosomulum_24h | schistosomulum_24h | whole_organism | mixed	1.4004134997137345
Smp_025550	E-MTAB-451__schistosomulum_24h_r2	32.41121	E-MTAB-451	schistosomulum_24h_r2	schistosomulum_24h_r2	ERR022881	schistosomulum_24h	schistosomulum_24h	whole_organism	mixed	not_applicable	untreated	24	not_declared	2	SAMEA988622	somule4	lane_1	${HF_PROJECT_RUNTIME_ROOT}/fastq_ftp/ERR022881_1.fastq.gz	${HF_PROJECT_RUNTIME_ROOT}/fastq_ftp/ERR022881_2.fastq.gz	compatibility/quants/E-MTAB-451/schistosomulum_24h_r2/quant.sf	TRUE	schistosomulum_24h	unknown		Writers	Smp_025550	Smp_025550	Smp_025550		protein_coding	SM_V10_Z	51802354	51811678	+	SM_V10_Z:51802354-51811678(+)	5.0622603262698895	E-MTAB-451 | schistosomulum_24h_r2	E-MTAB-451 | not_declared | schistosomulum_24h | schistosomulum_24h | whole_organism | mixed	schistosomulum_24h | schistosomulum_24h | whole_organism | mixed	0.7664291266534948
Smp_025550	E-MTAB-451__schistosomulum_24h_r3	32.673451	E-MTAB-451	schistosomulum_24h_r3	schistosomulum_24h_r3	ERR022882	schistosomulum_24h	schistosomulum_24h	whole_organism	mixed	not_applicable	untreated	24	not_declared	3	SAMEA988619	somule5	lane_1	${HF_PROJECT_RUNTIME_ROOT}/fastq_ftp/ERR022882_1.fastq.gz	${HF_PROJECT_RUNTIME_ROOT}/fastq_ftp/ERR022882_2.fastq.gz	compatibility/quants/E-MTAB-451/schistosomulum_24h_r3/quant.sf	TRUE	schistosomulum_24h	unknown		Writers	Smp_025550	Smp_025550	Smp_025550		protein_coding	SM_V10_Z	51802354	51811678	+	SM_V10_Z:51802354-51811678(+)	5.073539677218826	E-MTAB-451 | schistosomulum_24h_r3	E-MTAB-451 | not_declared | schistosomulum_24h | schistosomulum_24h | whole_organism | mixed	schistosomulum_24h | schistosomulum_24h | whole_organism | mixed	0.7816567186119695
Smp_025550	E-MTAB-451__schistosomulum_24h_r4	37.197653	E-MTAB-451	schistosomulum_24h_r4	schistosomulum_24h_r4	ERR022883	schistosomulum_24h	schistosomulum_24h	whole_organism	mixed	not_applicable	untreated	24	not_declared	4	SAMEA988618	somule6	lane_1	${HF_PROJECT_RUNTIME_ROOT}/fastq_ftp/ERR022883_1.fastq.gz	${HF_PROJECT_RUNTIME_ROOT}/fastq_ftp/ERR022883_2.fastq.gz	compatibility/quants/E-MTAB-451/schistosomulum_24h_r4/quant.sf	TRUE	schistosomulum_24h	unknown		Writers	Smp_025550	Smp_025550	Smp_025550		protein_coding	SM_V10_Z	51802354	51811678	+	SM_V10_Z:51802354-51811678(+)	5.2554120915441205	E-MTAB-451 | schistosomulum_24h_r4	E-MTAB-451 | not_declared | schistosomulum_24h | schistosomulum_24h | whole_organism | mixed	schistosomulum_24h | schistosomulum_24h | whole_organism | mixed	1.0271920270163342
Smp_025550	E-MTAB-451__schistosomulum_3h_r1	15.094395	E-MTAB-451	schistosomulum_3h_r1	schistosomulum_3h_r1	ERR022874	schistosomulum_3h	schistosomulum_3h	whole_organism	mixed	not_applicable	untreated	3	not_declared	1	SAMEA988621	somule1	lane_1	${HF_PROJECT_RUNTIME_ROOT}/fastq_ftp/ERR022874_1.fastq.gz	${HF_PROJECT_RUNTIME_ROOT}/fastq_ftp/ERR022874_2.fastq.gz	compatibility/quants/E-MTAB-451/schistosomulum_3h_r1/quant.sf	TRUE	schistosomulum_3h	unknown		Writers	Smp_025550	Smp_025550	Smp_025550		protein_coding	SM_V10_Z	51802354	51811678	+	SM_V10_Z:51802354-51811678(+)	4.008486440767588	E-MTAB-451 | schistosomulum_3h_r1	E-MTAB-451 | not_declared | schistosomulum_3h | schistosomulum_3h | whole_organism | mixed	schistosomulum_3h | schistosomulum_3h | whole_organism | mixed	-0.6562093582708711
Smp_025550	E-MTAB-451__schistosomulum_3h_r2	30.485064	E-MTAB-451	schistosomulum_3h_r2	schistosomulum_3h_r2	ERR022879	schistosomulum_3h	schistosomulum_3h	whole_organism	mixed	not_applicable	untreated	3	not_declared	2	SAMEA988617	somule2	lane_1	${HF_PROJECT_RUNTIME_ROOT}/fastq_ftp/ERR022879_1.fastq.gz	${HF_PROJECT_RUNTIME_ROOT}/fastq_ftp/ERR022879_2.fastq.gz	compatibility/quants/E-MTAB-451/schistosomulum_3h_r2/quant.sf	TRUE	schistosomulum_3h	unknown		Writers	Smp_025550	Smp_025550	Smp_025550		protein_coding	SM_V10_Z	51802354	51811678	+	SM_V10_Z:51802354-51811678(+)	4.976595694822	E-MTAB-451 | schistosomulum_3h_r2	E-MTAB-451 | not_declared | schistosomulum_3h | schistosomulum_3h | whole_organism | mixed	schistosomulum_3h | schistosomulum_3h | whole_organism | mixed	0.6507783184760472
Smp_027300	E-MTAB-451__adult_mixed_r1	38.52009	E-MTAB-451	adult_mixed_r1	adult_mixed_r1	ERR022873	adult_mixed	adult	whole_organism	mixed	not_applicable	untreated	not_applicable	not_declared	1	SAMEA988615	adult2	lane_1	${HF_PROJECT_RUNTIME_ROOT}/fastq_ftp/ERR022873_1.fastq.gz	${HF_PROJECT_RUNTIME_ROOT}/fastq_ftp/ERR022873_2.fastq.gz	compatibility/quants/E-MTAB-451/adult_mixed_r1/quant.sf	TRUE	adult	unknown		Writers	Smp_027300	Smp_027300	Smp_027300		protein_coding	SM_V10_4	40277370	40302193	+	SM_V10_4:40277370-40302193(+)	5.304514327295931	E-MTAB-451 | adult_mixed_r1	E-MTAB-451 | not_declared | adult_mixed | adult | whole_organism | mixed	adult_mixed | adult | whole_organism | mixed	1.2751139855568656
Smp_027300	E-MTAB-451__adult_mixed_r1	38.52009	E-MTAB-451	adult_mixed_r1	adult_mixed_r1	ERR022873	adult_mixed	adult	whole_organism	mixed	not_applicable	untreated	not_applicable	not_declared	1	SAMEA988615	adult2	lane_1	${HF_PROJECT_RUNTIME_ROOT}/fastq_ftp/ERR022873_1.fastq.gz	${HF_PROJECT_RUNTIME_ROOT}/fastq_ftp/ERR022873_2.fastq.gz	compatibility/quants/E-MTAB-451/adult_mixed_r1/quant.sf	TRUE	adult	unknown		Readers	Smp_027300	Smp_027300	Smp_027300		protein_coding	SM_V10_4	40277370	40302193	+	SM_V10_4:40277370-40302193(+)	5.304514327295931	E-MTAB-451 | adult_mixed_r1	E-MTAB-451 | not_declared | adult_mixed | adult | whole_organism | mixed	adult_mixed | adult | whole_organism | mixed	1.2751139855568656
Smp_027300	E-MTAB-451__cercaria_whole_r1	10.916748	E-MTAB-451	cercaria_whole_r1	cercaria_whole_r1	ERR022872	cercaria_whole	cercaria	whole_organism	mixed	not_applicable	untreated	0	not_declared	1	SAMEA988623	cerc10a	lane_1	${HF_PROJECT_RUNTIME_ROOT}/fastq_ftp/ERR022872_1.fastq.gz	${HF_PROJECT_RUNTIME_ROOT}/fastq_ftp/ERR022872_2.fastq.gz	compatibility/quants/E-MTAB-451/cercaria_whole_r1/quant.sf	TRUE	cercaria	unknown		Writers	Smp_027300	Smp_027300	Smp_027300		protein_coding	SM_V10_4	40277370	40302193	+	SM_V10_4:40277370-40302193(+)	3.5749186826695043	E-MTAB-451 | cercaria_whole_r1	E-MTAB-451 | not_declared | cercaria_whole | cercaria | whole_organism | mixed	cercaria_whole | cercaria | whole_organism | mixed	-0.7938301271734921
Smp_027300	E-MTAB-451__cercaria_whole_r1	10.916748	E-MTAB-451	cercaria_whole_r1	cercaria_whole_r1	ERR022872	cercaria_whole	cercaria	whole_organism	mixed	not_applicable	untreated	0	not_declared	1	SAMEA988623	cerc10a	lane_1	${HF_PROJECT_RUNTIME_ROOT}/fastq_ftp/ERR022872_1.fastq.gz	${HF_PROJECT_RUNTIME_ROOT}/fastq_ftp/ERR022872_2.fastq.gz	compatibility/quants/E-MTAB-451/cercaria_whole_r1/quant.sf	TRUE	cercaria	unknown		Readers	Smp_027300	Smp_027300	Smp_027300		protein_coding	SM_V10_4	40277370	40302193	+	SM_V10_4:40277370-40302193(+)	3.5749186826695043	E-MTAB-451 | cercaria_whole_r1	E-MTAB-451 | not_declared | cercaria_whole | cercaria | whole_organism | mixed	cercaria_whole | cercaria | whole_organism | mixed	-0.7938301271734921
Smp_027300	E-MTAB-451__cercaria_whole_r2	10.859639	E-MTAB-451	cercaria_whole_r2	cercaria_whole_r2	ERR022877	cercaria_whole	cercaria	whole_organism	mixed	not_applicable	untreated	0	not_declared	2	SAMEA988624	cerc12	lane_1	${HF_PROJECT_RUNTIME_ROOT}/fastq_ftp/ERR022877_1.fastq.gz	${HF_PROJECT_RUNTIME_ROOT}/fastq_ftp/ERR022877_2.fastq.gz	compatibility/quants/E-MTAB-451/cercaria_whole_r2/quant.sf	TRUE	cercaria	unknown		Writers	Smp_027300	Smp_027300	Smp_027300		protein_coding	SM_V10_4	40277370	40302193	+	SM_V10_4:40277370-40302193(+)	3.567988190704138	E-MTAB-451 | cercaria_whole_r2	E-MTAB-451 | not_declared | cercaria_whole | cercaria | whole_organism | mixed	cercaria_whole | cercaria | whole_organism | mixed	-0.8021203888855969
Smp_027300	E-MTAB-451__cercaria_whole_r2	10.859639	E-MTAB-451	cercaria_whole_r2	cercaria_whole_r2	ERR022877	cercaria_whole	cercaria	whole_organism	mixed	not_applicable	untreated	0	not_declared	2	SAMEA988624	cerc12	lane_1	${HF_PROJECT_RUNTIME_ROOT}/fastq_ftp/ERR022877_1.fastq.gz	${HF_PROJECT_RUNTIME_ROOT}/fastq_ftp/ERR022877_2.fastq.gz	compatibility/quants/E-MTAB-451/cercaria_whole_r2/quant.sf	TRUE	cercaria	unknown		Readers	Smp_027300	Smp_027300	Smp_027300		protein_coding	SM_V10_4	40277370	40302193	+	SM_V10_4:40277370-40302193(+)	3.567988190704138	E-MTAB-451 | cercaria_whole_r2	E-MTAB-451 | not_declared | cercaria_whole | cercaria | whole_organism | mixed	cercaria_whole | cercaria | whole_organism | mixed	-0.8021203888855969
Smp_027300	E-MTAB-451__cercaria_whole_r3	8.413087	E-MTAB-451	cercaria_whole_r3	cercaria_whole_r3	ERR022878	cercaria_whole	cercaria	whole_organism	mixed	not_applicable	untreated	0	not_declared	3	SAMEA988614	cerc13	lane_1	${HF_PROJECT_RUNTIME_ROOT}/fastq_ftp/ERR022878_1.fastq.gz	${HF_PROJECT_RUNTIME_ROOT}/fastq_ftp/ERR022878_2.fastq.gz	compatibility/quants/E-MTAB-451/cercaria_whole_r3/quant.sf	TRUE	cercaria	unknown		Writers	Smp_027300	Smp_027300	Smp_027300		protein_coding	SM_V10_4	40277370	40302193	+	SM_V10_4:40277370-40302193(+)	3.2346679290364437	E-MTAB-451 | cercaria_whole_r3	E-MTAB-451 | not_declared | cercaria_whole | cercaria | whole_organism | mixed	cercaria_whole | cercaria | whole_organism | mixed	-1.2008384332872806
Smp_027300	E-MTAB-451__cercaria_whole_r3	8.413087	E-MTAB-451	cercaria_whole_r3	cercaria_whole_r3	ERR022878	cercaria_whole	cercaria	whole_organism	mixed	not_applicable	untreated	0	not_declared	3	SAMEA988614	cerc13	lane_1	${HF_PROJECT_RUNTIME_ROOT}/fastq_ftp/ERR022878_1.fastq.gz	${HF_PROJECT_RUNTIME_ROOT}/fastq_ftp/ERR022878_2.fastq.gz	compatibility/quants/E-MTAB-451/cercaria_whole_r3/quant.sf	TRUE	cercaria	unknown		Readers	Smp_027300	Smp_027300	Smp_027300		protein_coding	SM_V10_4	40277370	40302193	+	SM_V10_4:40277370-40302193(+)	3.2346679290364437	E-MTAB-451 | cercaria_whole_r3	E-MTAB-451 | not_declared | cercaria_whole | cercaria | whole_organism | mixed	cercaria_whole | cercaria | whole_organism | mixed	-1.2008384332872806
Smp_027300	E-MTAB-451__cercarial_tail_r1	5.824018	E-MTAB-451	cercarial_tail_r1	cercarial_tail_r1	ERR022875	cercarial_tail	cercaria	tail	mixed	not_applicable	untreated	0	not_declared	1	SAMEA988620	tail1	lane_1	${HF_PROJECT_RUNTIME_ROOT}/fastq_ftp/ERR022875_1.fastq.gz	${HF_PROJECT_RUNTIME_ROOT}/fastq_ftp/ERR022875_2.fastq.gz	compatibility/quants/E-MTAB-451/cercarial_tail_r1/quant.sf	TRUE	cercaria	unknown		Writers	Smp_027300	Smp_027300	Smp_027300		protein_coding	SM_V10_4	40277370	40302193	+	SM_V10_4:40277370-40302193(+)	2.77062145211876	E-MTAB-451 | cercarial_tail_r1	E-MTAB-451 | not_declared | cercarial_tail | cercaria | tail | mixed	cercarial_tail | cercaria | tail | mixed	-1.755931312617162
Smp_027300	E-MTAB-451__cercarial_tail_r1	5.824018	E-MTAB-451	cercarial_tail_r1	cercarial_tail_r1	ERR022875	cercarial_tail	cercaria	tail	mixed	not_applicable	untreated	0	not_declared	1	SAMEA988620	tail1	lane_1	${HF_PROJECT_RUNTIME_ROOT}/fastq_ftp/ERR022875_1.fastq.gz	${HF_PROJECT_RUNTIME_ROOT}/fastq_ftp/ERR022875_2.fastq.gz	compatibility/quants/E-MTAB-451/cercarial_tail_r1/quant.sf	TRUE	cercaria	unknown		Readers	Smp_027300	Smp_027300	Smp_027300		protein_coding	SM_V10_4	40277370	40302193	+	SM_V10_4:40277370-40302193(+)	2.77062145211876	E-MTAB-451 | cercarial_tail_r1	E-MTAB-451 | not_declared | cercarial_tail | cercaria | tail | mixed	cercarial_tail | cercaria | tail | mixed	-1.755931312617162
Smp_027300	E-MTAB-451__schistosomulum_24h_r1	35.298774	E-MTAB-451	schistosomulum_24h_r1	schistosomulum_24h_r1	ERR022880	schistosomulum_24h	schistosomulum_24h	whole_organism	mixed	not_applicable	untreated	24	not_declared	1	SAMEA988616	somule3	lane_1	${HF_PROJECT_RUNTIME_ROOT}/fastq_ftp/ERR022880_1.fastq.gz	${HF_PROJECT_RUNTIME_ROOT}/fastq_ftp/ERR022880_2.fastq.gz	compatibility/quants/E-MTAB-451/schistosomulum_24h_r1/quant.sf	TRUE	schistosomulum_24h	unknown		Writers	Smp_027300	Smp_027300	Smp_027300		protein_coding	SM_V10_4	40277370	40302193	+	SM_V10_4:40277370-40302193(+)	5.181848916552199	E-MTAB-451 | schistosomulum_24h_r1	E-MTAB-451 | not_declared | schistosomulum_24h | schistosomulum_24h | whole_organism | mixed	schistosomulum_24h | schistosomulum_24h | whole_organism | mixed	1.128381493380227
Smp_027300	E-MTAB-451__schistosomulum_24h_r1	35.298774	E-MTAB-451	schistosomulum_24h_r1	schistosomulum_24h_r1	ERR022880	schistosomulum_24h	schistosomulum_24h	whole_organism	mixed	not_applicable	untreated	24	not_declared	1	SAMEA988616	somule3	lane_1	${HF_PROJECT_RUNTIME_ROOT}/fastq_ftp/ERR022880_1.fastq.gz	${HF_PROJECT_RUNTIME_ROOT}/fastq_ftp/ERR022880_2.fastq.gz	compatibility/quants/E-MTAB-451/schistosomulum_24h_r1/quant.sf	TRUE	schistosomulum_24h	unknown		Readers	Smp_027300	Smp_027300	Smp_027300		protein_coding	SM_V10_4	40277370	40302193	+	SM_V10_4:40277370-40302193(+)	5.181848916552199	E-MTAB-451 | schistosomulum_24h_r1	E-MTAB-451 | not_declared | schistosomulum_24h | schistosomulum_24h | whole_organism | mixed	schistosomulum_24h | schistosomulum_24h | whole_organism | mixed	1.128381493380227
Smp_027300	E-MTAB-451__schistosomulum_24h_r2	29.281412	E-MTAB-451	schistosomulum_24h_r2	schistosomulum_24h_r2	ERR022881	schistosomulum_24h	schistosomulum_24h	whole_organism	mixed	not_applicable	untreated	24	not_declared	2	SAMEA988622	somule4	lane_1	${HF_PROJECT_RUNTIME_ROOT}/fastq_ftp/ERR022881_1.fastq.gz	${HF_PROJECT_RUNTIME_ROOT}/fastq_ftp/ERR022881_2.fastq.gz	compatibility/quants/E-MTAB-451/schistosomulum_24h_r2/quant.sf	TRUE	schistosomulum_24h	unknown		Writers	Smp_027300	Smp_027300	Smp_027300		protein_coding	SM_V10_4	40277370	40302193	+	SM_V10_4:40277370-40302193(+)	4.920360573589577	E-MTAB-451 | schistosomulum_24h_r2	E-MTAB-451 | not_declared | schistosomulum_24h | schistosomulum_24h | whole_organism | mixed	schistosomulum_24h | schistosomulum_24h | whole_organism | mixed	0.8155888649985893
Smp_027300	E-MTAB-451__schistosomulum_24h_r2	29.281412	E-MTAB-451	schistosomulum_24h_r2	schistosomulum_24h_r2	ERR022881	schistosomulum_24h	schistosomulum_24h	whole_organism	mixed	not_applicable	untreated	24	not_declared	2	SAMEA988622	somule4	lane_1	${HF_PROJECT_RUNTIME_ROOT}/fastq_ftp/ERR022881_1.fastq.gz	${HF_PROJECT_RUNTIME_ROOT}/fastq_ftp/ERR022881_2.fastq.gz	compatibility/quants/E-MTAB-451/schistosomulum_24h_r2/quant.sf	TRUE	schistosomulum_24h	unknown		Readers	Smp_027300	Smp_027300	Smp_027300		protein_coding	SM_V10_4	40277370	40302193	+	SM_V10_4:40277370-40302193(+)	4.920360573589577	E-MTAB-451 | schistosomulum_24h_r2	E-MTAB-451 | not_declared | schistosomulum_24h | schistosomulum_24h | whole_organism | mixed	schistosomulum_24h | schistosomulum_24h | whole_organism | mixed	0.8155888649985893
Smp_027300	E-MTAB-451__schistosomulum_24h_r3	21.247224	E-MTAB-451	schistosomulum_24h_r3	schistosomulum_24h_r3	ERR022882	schistosomulum_24h	schistosomulum_24h	whole_organism	mixed	not_applicable	untreated	24	not_declared	3	SAMEA988619	somule5	lane_1	${HF_PROJECT_RUNTIME_ROOT}/fastq_ftp/ERR022882_1.fastq.gz	${HF_PROJECT_RUNTIME_ROOT}/fastq_ftp/ERR022882_2.fastq.gz	compatibility/quants/E-MTAB-451/schistosomulum_24h_r3/quant.sf	TRUE	schistosomulum_24h	unknown		Writers	Smp_027300	Smp_027300	Smp_027300		protein_coding	SM_V10_4	40277370	40302193	+	SM_V10_4:40277370-40302193(+)	4.475553423267998	E-MTAB-451 | schistosomulum_24h_r3	E-MTAB-451 | not_declared | schistosomulum_24h | schistosomulum_24h | whole_organism | mixed	schistosomulum_24h | schistosomulum_24h | whole_organism | mixed	0.2835100881946798
Smp_027300	E-MTAB-451__schistosomulum_24h_r3	21.247224	E-MTAB-451	schistosomulum_24h_r3	schistosomulum_24h_r3	ERR022882	schistosomulum_24h	schistosomulum_24h	whole_organism	mixed	not_applicable	untreated	24	not_declared	3	SAMEA988619	somule5	lane_1	${HF_PROJECT_RUNTIME_ROOT}/fastq_ftp/ERR022882_1.fastq.gz	${HF_PROJECT_RUNTIME_ROOT}/fastq_ftp/ERR022882_2.fastq.gz	compatibility/quants/E-MTAB-451/schistosomulum_24h_r3/quant.sf	TRUE	schistosomulum_24h	unknown		Readers	Smp_027300	Smp_027300	Smp_027300		protein_coding	SM_V10_4	40277370	40302193	+	SM_V10_4:40277370-40302193(+)	4.475553423267998	E-MTAB-451 | schistosomulum_24h_r3	E-MTAB-451 | not_declared | schistosomulum_24h | schistosomulum_24h | whole_organism | mixed	schistosomulum_24h | schistosomulum_24h | whole_organism | mixed	0.2835100881946798
Smp_027300	E-MTAB-451__schistosomulum_24h_r4	26.689868	E-MTAB-451	schistosomulum_24h_r4	schistosomulum_24h_r4	ERR022883	schistosomulum_24h	schistosomulum_24h	whole_organism	mixed	not_applicable	untreated	24	not_declared	4	SAMEA988618	somule6	lane_1	${HF_PROJECT_RUNTIME_ROOT}/fastq_ftp/ERR022883_1.fastq.gz	${HF_PROJECT_RUNTIME_ROOT}/fastq_ftp/ERR022883_2.fastq.gz	compatibility/quants/E-MTAB-451/schistosomulum_24h_r4/quant.sf	TRUE	schistosomulum_24h	unknown		Writers	Smp_027300	Smp_027300	Smp_027300		protein_coding	SM_V10_4	40277370	40302193	+	SM_V10_4:40277370-40302193(+)	4.791286271156333	E-MTAB-451 | schistosomulum_24h_r4	E-MTAB-451 | not_declared | schistosomulum_24h | schistosomulum_24h | whole_organism | mixed	schistosomulum_24h | schistosomulum_24h | whole_organism | mixed	0.6611900499034478
Smp_027300	E-MTAB-451__schistosomulum_24h_r4	26.689868	E-MTAB-451	schistosomulum_24h_r4	schistosomulum_24h_r4	ERR022883	schistosomulum_24h	schistosomulum_24h	whole_organism	mixed	not_applicable	untreated	24	not_declared	4	SAMEA988618	somule6	lane_1	${HF_PROJECT_RUNTIME_ROOT}/fastq_ftp/ERR022883_1.fastq.gz	${HF_PROJECT_RUNTIME_ROOT}/fastq_ftp/ERR022883_2.fastq.gz	compatibility/quants/E-MTAB-451/schistosomulum_24h_r4/quant.sf	TRUE	schistosomulum_24h	unknown		Readers	Smp_027300	Smp_027300	Smp_027300		protein_coding	SM_V10_4	40277370	40302193	+	SM_V10_4:40277370-40302193(+)	4.791286271156333	E-MTAB-451 | schistosomulum_24h_r4	E-MTAB-451 | not_declared | schistosomulum_24h | schistosomulum_24h | whole_organism | mixed	schistosomulum_24h | schistosomulum_24h | whole_organism | mixed	0.6611900499034478
Smp_027300	E-MTAB-451__schistosomulum_3h_r1	18.396018	E-MTAB-451	schistosomulum_3h_r1	schistosomulum_3h_r1	ERR022874	schistosomulum_3h	schistosomulum_3h	whole_organism	mixed	not_applicable	untreated	3	not_declared	1	SAMEA988621	somule1	lane_1	${HF_PROJECT_RUNTIME_ROOT}/fastq_ftp/ERR022874_1.fastq.gz	${HF_PROJECT_RUNTIME_ROOT}/fastq_ftp/ERR022874_2.fastq.gz	compatibility/quants/E-MTAB-451/schistosomulum_3h_r1/quant.sf	TRUE	schistosomulum_3h	unknown		Writers	Smp_027300	Smp_027300	Smp_027300		protein_coding	SM_V10_4	40277370	40302193	+	SM_V10_4:40277370-40302193(+)	4.277688592592702	E-MTAB-451 | schistosomulum_3h_r1	E-MTAB-451 | not_declared | schistosomulum_3h | schistosomulum_3h | whole_organism | mixed	schistosomulum_3h | schistosomulum_3h | whole_organism | mixed	0.04682397152117159
Smp_027300	E-MTAB-451__schistosomulum_3h_r1	18.396018	E-MTAB-451	schistosomulum_3h_r1	schistosomulum_3h_r1	ERR022874	schistosomulum_3h	schistosomulum_3h	whole_organism	mixed	not_applicable	untreated	3	not_declared	1	SAMEA988621	somule1	lane_1	${HF_PROJECT_RUNTIME_ROOT}/fastq_ftp/ERR022874_1.fastq.gz	${HF_PROJECT_RUNTIME_ROOT}/fastq_ftp/ERR022874_2.fastq.gz	compatibility/quants/E-MTAB-451/schistosomulum_3h_r1/quant.sf	TRUE	schistosomulum_3h	unknown		Readers	Smp_027300	Smp_027300	Smp_027300		protein_coding	SM_V10_4	40277370	40302193	+	SM_V10_4:40277370-40302193(+)	4.277688592592702	E-MTAB-451 | schistosomulum_3h_r1	E-MTAB-451 | not_declared | schistosomulum_3h | schistosomulum_3h | whole_organism | mixed	schistosomulum_3h | schistosomulum_3h | whole_organism | mixed	0.04682397152117159
Smp_027300	E-MTAB-451__schistosomulum_3h_r2	22.01565	E-MTAB-451	schistosomulum_3h_r2	schistosomulum_3h_r2	ERR022879	schistosomulum_3h	schistosomulum_3h	whole_organism	mixed	not_applicable	untreated	3	not_declared	2	SAMEA988617	somule2	lane_1	${HF_PROJECT_RUNTIME_ROOT}/fastq_ftp/ERR022879_1.fastq.gz	${HF_PROJECT_RUNTIME_ROOT}/fastq_ftp/ERR022879_2.fastq.gz	compatibility/quants/E-MTAB-451/schistosomulum_3h_r2/quant.sf	TRUE	schistosomulum_3h	unknown		Writers	Smp_027300	Smp_027300	Smp_027300		protein_coding	SM_V10_4	40277370	40302193	+	SM_V10_4:40277370-40302193(+)	4.524543282117188	E-MTAB-451 | schistosomulum_3h_r2	E-MTAB-451 | not_declared | schistosomulum_3h | schistosomulum_3h | whole_organism | mixed	schistosomulum_3h | schistosomulum_3h | whole_organism | mixed	0.3421118084085477
Smp_027300	E-MTAB-451__schistosomulum_3h_r2	22.01565	E-MTAB-451	schistosomulum_3h_r2	schistosomulum_3h_r2	ERR022879	schistosomulum_3h	schistosomulum_3h	whole_organism	mixed	not_applicable	untreated	3	not_declared	2	SAMEA988617	somule2	lane_1	${HF_PROJECT_RUNTIME_ROOT}/fastq_ftp/ERR022879_1.fastq.gz	${HF_PROJECT_RUNTIME_ROOT}/fastq_ftp/ERR022879_2.fastq.gz	compatibility/quants/E-MTAB-451/schistosomulum_3h_r2/quant.sf	TRUE	schistosomulum_3h	unknown		Readers	Smp_027300	Smp_027300	Smp_027300		protein_coding	SM_V10_4	40277370	40302193	+	SM_V10_4:40277370-40302193(+)	4.524543282117188	E-MTAB-451 | schistosomulum_3h_r2	E-MTAB-451 | not_declared | schistosomulum_3h | schistosomulum_3h | whole_organism | mixed	schistosomulum_3h | schistosomulum_3h | whole_organism | mixed	0.3421118084085477
Smp_029240	E-MTAB-451__adult_mixed_r1	197.708282	E-MTAB-451	adult_mixed_r1	adult_mixed_r1	ERR022873	adult_mixed	adult	whole_organism	mixed	not_applicable	untreated	not_applicable	not_declared	1	SAMEA988615	adult2	lane_1	${HF_PROJECT_RUNTIME_ROOT}/fastq_ftp/ERR022873_1.fastq.gz	${HF_PROJECT_RUNTIME_ROOT}/fastq_ftp/ERR022873_2.fastq.gz	compatibility/quants/E-MTAB-451/adult_mixed_r1/quant.sf	TRUE	adult	unknown		Writers	Smp_029240	PRMT1	PRMT1 | Smp_029240		protein_coding	SM_V10_3	15836938	15842294	+	SM_V10_3:15836938-15842294(+)	7.634508193974414	E-MTAB-451 | adult_mixed_r1	E-MTAB-451 | not_declared | adult_mixed | adult | whole_organism | mixed	adult_mixed | adult | whole_organism | mixed	0.5175358422232028
Smp_029240	E-MTAB-451__cercaria_whole_r1	131.625003	E-MTAB-451	cercaria_whole_r1	cercaria_whole_r1	ERR022872	cercaria_whole	cercaria	whole_organism	mixed	not_applicable	untreated	0	not_declared	1	SAMEA988623	cerc10a	lane_1	${HF_PROJECT_RUNTIME_ROOT}/fastq_ftp/ERR022872_1.fastq.gz	${HF_PROJECT_RUNTIME_ROOT}/fastq_ftp/ERR022872_2.fastq.gz	compatibility/quants/E-MTAB-451/cercaria_whole_r1/quant.sf	TRUE	cercaria	unknown		Writers	Smp_029240	PRMT1	PRMT1 | Smp_029240		protein_coding	SM_V10_3	15836938	15842294	+	SM_V10_3:15836938-15842294(+)	7.051208973548771	E-MTAB-451 | cercaria_whole_r1	E-MTAB-451 | not_declared | cercaria_whole | cercaria | whole_organism | mixed	cercaria_whole | cercaria | whole_organism | mixed	-0.6998075778958347
Smp_029240	E-MTAB-451__cercaria_whole_r2	158.021205	E-MTAB-451	cercaria_whole_r2	cercaria_whole_r2	ERR022877	cercaria_whole	cercaria	whole_organism	mixed	not_applicable	untreated	0	not_declared	2	SAMEA988624	cerc12	lane_1	${HF_PROJECT_RUNTIME_ROOT}/fastq_ftp/ERR022877_1.fastq.gz	${HF_PROJECT_RUNTIME_ROOT}/fastq_ftp/ERR022877_2.fastq.gz	compatibility/quants/E-MTAB-451/cercaria_whole_r2/quant.sf	TRUE	cercaria	unknown		Writers	Smp_029240	PRMT1	PRMT1 | Smp_029240		protein_coding	SM_V10_3	15836938	15842294	+	SM_V10_3:15836938-15842294(+)	7.313075347162044	E-MTAB-451 | cercaria_whole_r2	E-MTAB-451 | not_declared | cercaria_whole | cercaria | whole_organism | mixed	cercaria_whole | cercaria | whole_organism | mixed	-0.15329337779810104
Smp_029240	E-MTAB-451__cercaria_whole_r3	161.773379	E-MTAB-451	cercaria_whole_r3	cercaria_whole_r3	ERR022878	cercaria_whole	cercaria	whole_organism	mixed	not_applicable	untreated	0	not_declared	3	SAMEA988614	cerc13	lane_1	${HF_PROJECT_RUNTIME_ROOT}/fastq_ftp/ERR022878_1.fastq.gz	${HF_PROJECT_RUNTIME_ROOT}/fastq_ftp/ERR022878_2.fastq.gz	compatibility/quants/E-MTAB-451/cercaria_whole_r3/quant.sf	TRUE	cercaria	unknown		Writers	Smp_029240	PRMT1	PRMT1 | Smp_029240		protein_coding	SM_V10_3	15836938	15842294	+	SM_V10_3:15836938-15842294(+)	7.346720961092076	E-MTAB-451 | cercaria_whole_r3	E-MTAB-451 | not_declared | cercaria_whole | cercaria | whole_organism | mixed	cercaria_whole | cercaria | whole_organism | mixed	-0.08307509994115307
Smp_029240	E-MTAB-451__cercarial_tail_r1	80.225345	E-MTAB-451	cercarial_tail_r1	cercarial_tail_r1	ERR022875	cercarial_tail	cercaria	tail	mixed	not_applicable	untreated	0	not_declared	1	SAMEA988620	tail1	lane_1	${HF_PROJECT_RUNTIME_ROOT}/fastq_ftp/ERR022875_1.fastq.gz	${HF_PROJECT_RUNTIME_ROOT}/fastq_ftp/ERR022875_2.fastq.gz	compatibility/quants/E-MTAB-451/cercarial_tail_r1/quant.sf	TRUE	cercaria	unknown		Writers	Smp_029240	PRMT1	PRMT1 | Smp_029240		protein_coding	SM_V10_3	15836938	15842294	+	SM_V10_3:15836938-15842294(+)	6.343858061219678	E-MTAB-451 | cercarial_tail_r1	E-MTAB-451 | not_declared | cercarial_tail | cercaria | tail | mixed	cercarial_tail | cercaria | tail | mixed	-2.176046442420066
Smp_029240	E-MTAB-451__schistosomulum_24h_r1	238.876234	E-MTAB-451	schistosomulum_24h_r1	schistosomulum_24h_r1	ERR022880	schistosomulum_24h	schistosomulum_24h	whole_organism	mixed	not_applicable	untreated	24	not_declared	1	SAMEA988616	somule3	lane_1	${HF_PROJECT_RUNTIME_ROOT}/fastq_ftp/ERR022880_1.fastq.gz	${HF_PROJECT_RUNTIME_ROOT}/fastq_ftp/ERR022880_2.fastq.gz	compatibility/quants/E-MTAB-451/schistosomulum_24h_r1/quant.sf	TRUE	schistosomulum_24h	unknown		Writers	Smp_029240	PRMT1	PRMT1 | Smp_029240		protein_coding	SM_V10_3	15836938	15842294	+	SM_V10_3:15836938-15842294(+)	7.906146417898773	E-MTAB-451 | schistosomulum_24h_r1	E-MTAB-451 | not_declared | schistosomulum_24h | schistosomulum_24h | whole_organism | mixed	schistosomulum_24h | schistosomulum_24h | whole_organism | mixed	1.0844438595283528
Smp_029240	E-MTAB-451__schistosomulum_24h_r2	206.093526	E-MTAB-451	schistosomulum_24h_r2	schistosomulum_24h_r2	ERR022881	schistosomulum_24h	schistosomulum_24h	whole_organism	mixed	not_applicable	untreated	24	not_declared	2	SAMEA988622	somule4	lane_1	${HF_PROJECT_RUNTIME_ROOT}/fastq_ftp/ERR022881_1.fastq.gz	${HF_PROJECT_RUNTIME_ROOT}/fastq_ftp/ERR022881_2.fastq.gz	compatibility/quants/E-MTAB-451/schistosomulum_24h_r2/quant.sf	TRUE	schistosomulum_24h	unknown		Writers	Smp_029240	PRMT1	PRMT1 | Smp_029240		protein_coding	SM_V10_3	15836938	15842294	+	SM_V10_3:15836938-15842294(+)	7.694138643605079	E-MTAB-451 | schistosomulum_24h_r2	E-MTAB-451 | not_declared | schistosomulum_24h | schistosomulum_24h | whole_organism | mixed	schistosomulum_24h | schistosomulum_24h | whole_organism | mixed	0.6419843807342943
Smp_029240	E-MTAB-451__schistosomulum_24h_r3	214.628012	E-MTAB-451	schistosomulum_24h_r3	schistosomulum_24h_r3	ERR022882	schistosomulum_24h	schistosomulum_24h	whole_organism	mixed	not_applicable	untreated	24	not_declared	3	SAMEA988619	somule5	lane_1	${HF_PROJECT_RUNTIME_ROOT}/fastq_ftp/ERR022882_1.fastq.gz	${HF_PROJECT_RUNTIME_ROOT}/fastq_ftp/ERR022882_2.fastq.gz	compatibility/quants/E-MTAB-451/schistosomulum_24h_r3/quant.sf	TRUE	schistosomulum_24h	unknown		Writers	Smp_029240	PRMT1	PRMT1 | Smp_029240		protein_coding	SM_V10_3	15836938	15842294	+	SM_V10_3:15836938-15842294(+)	7.752400798980088	E-MTAB-451 | schistosomulum_24h_r3	E-MTAB-451 | not_declared | schistosomulum_24h | schistosomulum_24h | whole_organism | mixed	schistosomulum_24h | schistosomulum_24h | whole_organism | mixed	0.7635772939495135
Smp_029240	E-MTAB-451__schistosomulum_24h_r4	238.287511	E-MTAB-451	schistosomulum_24h_r4	schistosomulum_24h_r4	ERR022883	schistosomulum_24h	schistosomulum_24h	whole_organism	mixed	not_applicable	untreated	24	not_declared	4	SAMEA988618	somule6	lane_1	${HF_PROJECT_RUNTIME_ROOT}/fastq_ftp/ERR022883_1.fastq.gz	${HF_PROJECT_RUNTIME_ROOT}/fastq_ftp/ERR022883_2.fastq.gz	compatibility/quants/E-MTAB-451/schistosomulum_24h_r4/quant.sf	TRUE	schistosomulum_24h	unknown		Writers	Smp_029240	PRMT1	PRMT1 | Smp_029240		protein_coding	SM_V10_3	15836938	15842294	+	SM_V10_3:15836938-15842294(+)	7.902601290836032	E-MTAB-451 | schistosomulum_24h_r4	E-MTAB-451 | not_declared | schistosomulum_24h | schistosomulum_24h | whole_organism | mixed	schistosomulum_24h | schistosomulum_24h | whole_organism | mixed	1.0770451918254127
Smp_029240	E-MTAB-451__schistosomulum_3h_r1	116.429005	E-MTAB-451	schistosomulum_3h_r1	schistosomulum_3h_r1	ERR022874	schistosomulum_3h	schistosomulum_3h	whole_organism	mixed	not_applicable	untreated	3	not_declared	1	SAMEA988621	somule1	lane_1	${HF_PROJECT_RUNTIME_ROOT}/fastq_ftp/ERR022874_1.fastq.gz	${HF_PROJECT_RUNTIME_ROOT}/fastq_ftp/ERR022874_2.fastq.gz	compatibility/quants/E-MTAB-451/schistosomulum_3h_r1/quant.sf	TRUE	schistosomulum_3h	unknown		Writers	Smp_029240	PRMT1	PRMT1 | Smp_029240		protein_coding	SM_V10_3	15836938	15842294	+	SM_V10_3:15836938-15842294(+)	6.875644988353234	E-MTAB-451 | schistosomulum_3h_r1	E-MTAB-451 | not_declared | schistosomulum_3h | schistosomulum_3h | whole_organism | mixed	schistosomulum_3h | schistosomulum_3h | whole_organism | mixed	-1.0662089971051851
Smp_029240	E-MTAB-451__schistosomulum_3h_r2	171.624511	E-MTAB-451	schistosomulum_3h_r2	schistosomulum_3h_r2	ERR022879	schistosomulum_3h	schistosomulum_3h	whole_organism	mixed	not_applicable	untreated	3	not_declared	2	SAMEA988617	somule2	lane_1	${HF_PROJECT_RUNTIME_ROOT}/fastq_ftp/ERR022879_1.fastq.gz	${HF_PROJECT_RUNTIME_ROOT}/fastq_ftp/ERR022879_2.fastq.gz	compatibility/quants/E-MTAB-451/schistosomulum_3h_r2/quant.sf	TRUE	schistosomulum_3h	unknown		Writers	Smp_029240	PRMT1	PRMT1 | Smp_029240		protein_coding	SM_V10_3	15836938	15842294	+	SM_V10_3:15836938-15842294(+)	7.431493517486875	E-MTAB-451 | schistosomulum_3h_r2	E-MTAB-451 | not_declared | schistosomulum_3h | schistosomulum_3h | whole_organism | mixed	schistosomulum_3h | schistosomulum_3h | whole_organism | mixed	0.0938449268995732
Smp_034000	E-MTAB-451__adult_mixed_r1	31.077005	E-MTAB-451	adult_mixed_r1	adult_mixed_r1	ERR022873	adult_mixed	adult	whole_organism	mixed	not_applicable	untreated	not_applicable	not_declared	1	SAMEA988615	adult2	lane_1	${HF_PROJECT_RUNTIME_ROOT}/fastq_ftp/ERR022873_1.fastq.gz	${HF_PROJECT_RUNTIME_ROOT}/fastq_ftp/ERR022873_2.fastq.gz	compatibility/quants/E-MTAB-451/adult_mixed_r1/quant.sf	TRUE	adult	unknown		Erasers	Smp_034000	Smp_034000	Smp_034000		protein_coding	SM_V10_1	36564572	36601617	-	SM_V10_1:36564572-36601617(-)	5.003467539879726	E-MTAB-451 | adult_mixed_r1	E-MTAB-451 | not_declared | adult_mixed | adult | whole_organism | mixed	adult_mixed | adult | whole_organism | mixed	-2.1378432420998457
Smp_034000	E-MTAB-451__cercaria_whole_r1	63.613547	E-MTAB-451	cercaria_whole_r1	cercaria_whole_r1	ERR022872	cercaria_whole	cercaria	whole_organism	mixed	not_applicable	untreated	0	not_declared	1	SAMEA988623	cerc10a	lane_1	${HF_PROJECT_RUNTIME_ROOT}/fastq_ftp/ERR022872_1.fastq.gz	${HF_PROJECT_RUNTIME_ROOT}/fastq_ftp/ERR022872_2.fastq.gz	compatibility/quants/E-MTAB-451/cercaria_whole_r1/quant.sf	TRUE	cercaria	unknown		Erasers	Smp_034000	Smp_034000	Smp_034000		protein_coding	SM_V10_1	36564572	36601617	-	SM_V10_1:36564572-36601617(-)	6.013764769725132	E-MTAB-451 | cercaria_whole_r1	E-MTAB-451 | not_declared | cercaria_whole | cercaria | whole_organism | mixed	cercaria_whole | cercaria | whole_organism | mixed	1.451653449752821
Smp_034000	E-MTAB-451__cercaria_whole_r2	51.39903	E-MTAB-451	cercaria_whole_r2	cercaria_whole_r2	ERR022877	cercaria_whole	cercaria	whole_organism	mixed	not_applicable	untreated	0	not_declared	2	SAMEA988624	cerc12	lane_1	${HF_PROJECT_RUNTIME_ROOT}/fastq_ftp/ERR022877_1.fastq.gz	${HF_PROJECT_RUNTIME_ROOT}/fastq_ftp/ERR022877_2.fastq.gz	compatibility/quants/E-MTAB-451/cercaria_whole_r2/quant.sf	TRUE	cercaria	unknown		Erasers	Smp_034000	Smp_034000	Smp_034000		protein_coding	SM_V10_1	36564572	36601617	-	SM_V10_1:36564572-36601617(-)	5.711468200025233	E-MTAB-451 | cercaria_whole_r2	E-MTAB-451 | not_declared | cercaria_whole | cercaria | whole_organism | mixed	cercaria_whole | cercaria | whole_organism | mixed	0.3776204772361727
Smp_034000	E-MTAB-451__cercaria_whole_r3	51.462169	E-MTAB-451	cercaria_whole_r3	cercaria_whole_r3	ERR022878	cercaria_whole	cercaria	whole_organism	mixed	not_applicable	untreated	0	not_declared	3	SAMEA988614	cerc13	lane_1	${HF_PROJECT_RUNTIME_ROOT}/fastq_ftp/ERR022878_1.fastq.gz	${HF_PROJECT_RUNTIME_ROOT}/fastq_ftp/ERR022878_2.fastq.gz	compatibility/quants/E-MTAB-451/cercaria_whole_r3/quant.sf	TRUE	cercaria	unknown		Erasers	Smp_034000	Smp_034000	Smp_034000		protein_coding	SM_V10_1	36564572	36601617	-	SM_V10_1:36564572-36601617(-)	5.71320555061942	E-MTAB-451 | cercaria_whole_r3	E-MTAB-451 | not_declared | cercaria_whole | cercaria | whole_organism | mixed	cercaria_whole | cercaria | whole_organism | mixed	0.3837931302200638
Smp_034000	E-MTAB-451__cercarial_tail_r1	44.03209	E-MTAB-451	cercarial_tail_r1	cercarial_tail_r1	ERR022875	cercarial_tail	cercaria	tail	mixed	not_applicable	untreated	0	not_declared	1	SAMEA988620	tail1	lane_1	${HF_PROJECT_RUNTIME_ROOT}/fastq_ftp/ERR022875_1.fastq.gz	${HF_PROJECT_RUNTIME_ROOT}/fastq_ftp/ERR022875_2.fastq.gz	compatibility/quants/E-MTAB-451/cercarial_tail_r1/quant.sf	TRUE	cercaria	unknown		Erasers	Smp_034000	Smp_034000	Smp_034000		protein_coding	SM_V10_1	36564572	36601617	-	SM_V10_1:36564572-36601617(-)	5.492881531542555	E-MTAB-451 | cercarial_tail_r1	E-MTAB-451 | not_declared | cercarial_tail | cercaria | tail | mixed	cercarial_tail | cercaria | tail | mixed	-0.3989986208105745
Smp_034000	E-MTAB-451__schistosomulum_24h_r1	59.496575	E-MTAB-451	schistosomulum_24h_r1	schistosomulum_24h_r1	ERR022880	schistosomulum_24h	schistosomulum_24h	whole_organism	mixed	not_applicable	untreated	24	not_declared	1	SAMEA988616	somule3	lane_1	${HF_PROJECT_RUNTIME_ROOT}/fastq_ftp/ERR022880_1.fastq.gz	${HF_PROJECT_RUNTIME_ROOT}/fastq_ftp/ERR022880_2.fastq.gz	compatibility/quants/E-MTAB-451/schistosomulum_24h_r1/quant.sf	TRUE	schistosomulum_24h	unknown		Erasers	Smp_034000	Smp_034000	Smp_034000		protein_coding	SM_V10_1	36564572	36601617	-	SM_V10_1:36564572-36601617(-)	5.918781561731029	E-MTAB-451 | schistosomulum_24h_r1	E-MTAB-451 | not_declared | schistosomulum_24h | schistosomulum_24h | whole_organism | mixed	schistosomulum_24h | schistosomulum_24h | whole_organism | mixed	1.1141865134844156
Smp_034000	E-MTAB-451__schistosomulum_24h_r2	40.173412	E-MTAB-451	schistosomulum_24h_r2	schistosomulum_24h_r2	ERR022881	schistosomulum_24h	schistosomulum_24h	whole_organism	mixed	not_applicable	untreated	24	not_declared	2	SAMEA988622	somule4	lane_1	${HF_PROJECT_RUNTIME_ROOT}/fastq_ftp/ERR022881_1.fastq.gz	${HF_PROJECT_RUNTIME_ROOT}/fastq_ftp/ERR022881_2.fastq.gz	compatibility/quants/E-MTAB-451/schistosomulum_24h_r2/quant.sf	TRUE	schistosomulum_24h	unknown		Erasers	Smp_034000	Smp_034000	Smp_034000		protein_coding	SM_V10_1	36564572	36601617	-	SM_V10_1:36564572-36601617(-)	5.363641103214107	E-MTAB-451 | schistosomulum_24h_r2	E-MTAB-451 | not_declared | schistosomulum_24h | schistosomulum_24h | whole_organism | mixed	schistosomulum_24h | schistosomulum_24h | whole_organism | mixed	-0.8581784307062963
Smp_034000	E-MTAB-451__schistosomulum_24h_r3	42.328837	E-MTAB-451	schistosomulum_24h_r3	schistosomulum_24h_r3	ERR022882	schistosomulum_24h	schistosomulum_24h	whole_organism	mixed	not_applicable	untreated	24	not_declared	3	SAMEA988619	somule5	lane_1	${HF_PROJECT_RUNTIME_ROOT}/fastq_ftp/ERR022882_1.fastq.gz	${HF_PROJECT_RUNTIME_ROOT}/fastq_ftp/ERR022882_2.fastq.gz	compatibility/quants/E-MTAB-451/schistosomulum_24h_r3/quant.sf	TRUE	schistosomulum_24h	unknown		Erasers	Smp_034000	Smp_034000	Smp_034000		protein_coding	SM_V10_1	36564572	36601617	-	SM_V10_1:36564572-36601617(-)	5.43725560828343	E-MTAB-451 | schistosomulum_24h_r3	E-MTAB-451 | not_declared | schistosomulum_24h | schistosomulum_24h | whole_organism | mixed	schistosomulum_24h | schistosomulum_24h | whole_organism | mixed	-0.5966326057621449
Smp_034000	E-MTAB-451__schistosomulum_24h_r4	46.837581	E-MTAB-451	schistosomulum_24h_r4	schistosomulum_24h_r4	ERR022883	schistosomulum_24h	schistosomulum_24h	whole_organism	mixed	not_applicable	untreated	24	not_declared	4	SAMEA988618	somule6	lane_1	${HF_PROJECT_RUNTIME_ROOT}/fastq_ftp/ERR022883_1.fastq.gz	${HF_PROJECT_RUNTIME_ROOT}/fastq_ftp/ERR022883_2.fastq.gz	compatibility/quants/E-MTAB-451/schistosomulum_24h_r4/quant.sf	TRUE	schistosomulum_24h	unknown		Erasers	Smp_034000	Smp_034000	Smp_034000		protein_coding	SM_V10_1	36564572	36601617	-	SM_V10_1:36564572-36601617(-)	5.580072533596903	E-MTAB-451 | schistosomulum_24h_r4	E-MTAB-451 | not_declared | schistosomulum_24h | schistosomulum_24h | whole_organism | mixed	schistosomulum_24h | schistosomulum_24h | whole_organism | mixed	-0.08921670298695505
Smp_034000	E-MTAB-451__schistosomulum_3h_r1	47.916073	E-MTAB-451	schistosomulum_3h_r1	schistosomulum_3h_r1	ERR022874	schistosomulum_3h	schistosomulum_3h	whole_organism	mixed	not_applicable	untreated	3	not_declared	1	SAMEA988621	somule1	lane_1	${HF_PROJECT_RUNTIME_ROOT}/fastq_ftp/ERR022874_1.fastq.gz	${HF_PROJECT_RUNTIME_ROOT}/fastq_ftp/ERR022874_2.fastq.gz	compatibility/quants/E-MTAB-451/schistosomulum_3h_r1/quant.sf	TRUE	schistosomulum_3h	unknown		Erasers	Smp_034000	Smp_034000	Smp_034000		protein_coding	SM_V10_1	36564572	36601617	-	SM_V10_1:36564572-36601617(-)	5.612236683322731	E-MTAB-451 | schistosomulum_3h_r1	E-MTAB-451 | not_declared | schistosomulum_3h | schistosomulum_3h | whole_organism | mixed	schistosomulum_3h | schistosomulum_3h | whole_organism | mixed	0.025059675910748272
Smp_034000	E-MTAB-451__schistosomulum_3h_r2	55.112192	E-MTAB-451	schistosomulum_3h_r2	schistosomulum_3h_r2	ERR022879	schistosomulum_3h	schistosomulum_3h	whole_organism	mixed	not_applicable	untreated	3	not_declared	2	SAMEA988617	somule2	lane_1	${HF_PROJECT_RUNTIME_ROOT}/fastq_ftp/ERR022879_1.fastq.gz	${HF_PROJECT_RUNTIME_ROOT}/fastq_ftp/ERR022879_2.fastq.gz	compatibility/quants/E-MTAB-451/schistosomulum_3h_r2/quant.sf	TRUE	schistosomulum_3h	unknown		Erasers	Smp_034000	Smp_034000	Smp_034000		protein_coding	SM_V10_1	36564572	36601617	-	SM_V10_1:36564572-36601617(-)	5.810242367092258	E-MTAB-451 | schistosomulum_3h_r2	E-MTAB-451 | not_declared | schistosomulum_3h | schistosomulum_3h | whole_organism | mixed	schistosomulum_3h | schistosomulum_3h | whole_organism | mixed	0.7285563557615854
Smp_041750	E-MTAB-451__adult_mixed_r1	25.95401	E-MTAB-451	adult_mixed_r1	adult_mixed_r1	ERR022873	adult_mixed	adult	whole_organism	mixed	not_applicable	untreated	not_applicable	not_declared	1	SAMEA988615	adult2	lane_1	${HF_PROJECT_RUNTIME_ROOT}/fastq_ftp/ERR022873_1.fastq.gz	${HF_PROJECT_RUNTIME_ROOT}/fastq_ftp/ERR022873_2.fastq.gz	compatibility/quants/E-MTAB-451/adult_mixed_r1/quant.sf	TRUE	adult	unknown		Readers	Smp_041750	Smp_041750	Smp_041750		protein_coding	SM_V10_4	36767854	36786418	+	SM_V10_4:36767854-36786418(+)	4.752428016353248	E-MTAB-451 | adult_mixed_r1	E-MTAB-451 | not_declared | adult_mixed | adult | whole_organism | mixed	adult_mixed | adult | whole_organism | mixed	-1.1026885339634578
Smp_041750	E-MTAB-451__cercaria_whole_r1	30.844373	E-MTAB-451	cercaria_whole_r1	cercaria_whole_r1	ERR022872	cercaria_whole	cercaria	whole_organism	mixed	not_applicable	untreated	0	not_declared	1	SAMEA988623	cerc10a	lane_1	${HF_PROJECT_RUNTIME_ROOT}/fastq_ftp/ERR022872_1.fastq.gz	${HF_PROJECT_RUNTIME_ROOT}/fastq_ftp/ERR022872_2.fastq.gz	compatibility/quants/E-MTAB-451/cercaria_whole_r1/quant.sf	TRUE	cercaria	unknown		Readers	Smp_041750	Smp_041750	Smp_041750		protein_coding	SM_V10_4	36767854	36786418	+	SM_V10_4:36767854-36786418(+)	4.992966561177579	E-MTAB-451 | cercaria_whole_r1	E-MTAB-451 | not_declared | cercaria_whole | cercaria | whole_organism | mixed	cercaria_whole | cercaria | whole_organism | mixed	-0.7858356458864524
Smp_041750	E-MTAB-451__cercaria_whole_r2	36.620474	E-MTAB-451	cercaria_whole_r2	cercaria_whole_r2	ERR022877	cercaria_whole	cercaria	whole_organism	mixed	not_applicable	untreated	0	not_declared	2	SAMEA988624	cerc12	lane_1	${HF_PROJECT_RUNTIME_ROOT}/fastq_ftp/ERR022877_1.fastq.gz	${HF_PROJECT_RUNTIME_ROOT}/fastq_ftp/ERR022877_2.fastq.gz	compatibility/quants/E-MTAB-451/cercaria_whole_r2/quant.sf	TRUE	cercaria	unknown		Readers	Smp_041750	Smp_041750	Smp_041750		protein_coding	SM_V10_4	36767854	36786418	+	SM_V10_4:36767854-36786418(+)	5.233446121131282	E-MTAB-451 | cercaria_whole_r2	E-MTAB-451 | not_declared | cercaria_whole | cercaria | whole_organism | mixed	cercaria_whole | cercaria | whole_organism | mixed	-0.46906045648607797
Smp_041750	E-MTAB-451__cercaria_whole_r3	32.341726	E-MTAB-451	cercaria_whole_r3	cercaria_whole_r3	ERR022878	cercaria_whole	cercaria	whole_organism	mixed	not_applicable	untreated	0	not_declared	3	SAMEA988614	cerc13	lane_1	${HF_PROJECT_RUNTIME_ROOT}/fastq_ftp/ERR022878_1.fastq.gz	${HF_PROJECT_RUNTIME_ROOT}/fastq_ftp/ERR022878_2.fastq.gz	compatibility/quants/E-MTAB-451/cercaria_whole_r3/quant.sf	TRUE	cercaria	unknown		Readers	Smp_041750	Smp_041750	Smp_041750		protein_coding	SM_V10_4	36767854	36786418	+	SM_V10_4:36767854-36786418(+)	5.059256885090133	E-MTAB-451 | cercaria_whole_r3	E-MTAB-451 | not_declared | cercaria_whole | cercaria | whole_organism | mixed	cercaria_whole | cercaria | whole_organism | mixed	-0.6985137549246832
Smp_041750	E-MTAB-451__cercarial_tail_r1	20.124166	E-MTAB-451	cercarial_tail_r1	cercarial_tail_r1	ERR022875	cercarial_tail	cercaria	tail	mixed	not_applicable	untreated	0	not_declared	1	SAMEA988620	tail1	lane_1	${HF_PROJECT_RUNTIME_ROOT}/fastq_ftp/ERR022875_1.fastq.gz	${HF_PROJECT_RUNTIME_ROOT}/fastq_ftp/ERR022875_2.fastq.gz	compatibility/quants/E-MTAB-451/cercarial_tail_r1/quant.sf	TRUE	cercaria	unknown		Readers	Smp_041750	Smp_041750	Smp_041750		protein_coding	SM_V10_4	36767854	36786418	+	SM_V10_4:36767854-36786418(+)	4.400822478582037	E-MTAB-451 | cercarial_tail_r1	E-MTAB-451 | not_declared | cercarial_tail | cercaria | tail | mixed	cercarial_tail | cercaria | tail | mixed	-1.5658460299399923
Smp_041750	E-MTAB-451__schistosomulum_24h_r1	88.843485	E-MTAB-451	schistosomulum_24h_r1	schistosomulum_24h_r1	ERR022880	schistosomulum_24h	schistosomulum_24h	whole_organism	mixed	not_applicable	untreated	24	not_declared	1	SAMEA988616	somule3	lane_1	${HF_PROJECT_RUNTIME_ROOT}/fastq_ftp/ERR022880_1.fastq.gz	${HF_PROJECT_RUNTIME_ROOT}/fastq_ftp/ERR022880_2.fastq.gz	compatibility/quants/E-MTAB-451/schistosomulum_24h_r1/quant.sf	TRUE	schistosomulum_24h	unknown		Readers	Smp_041750	Smp_041750	Smp_041750		protein_coding	SM_V10_4	36767854	36786418	+	SM_V10_4:36767854-36786418(+)	6.4893419853897125	E-MTAB-451 | schistosomulum_24h_r1	E-MTAB-451 | not_declared | schistosomulum_24h | schistosomulum_24h | whole_organism | mixed	schistosomulum_24h | schistosomulum_24h | whole_organism | mixed	1.1852865921537452
Smp_041750	E-MTAB-451__schistosomulum_24h_r2	60.839228	E-MTAB-451	schistosomulum_24h_r2	schistosomulum_24h_r2	ERR022881	schistosomulum_24h	schistosomulum_24h	whole_organism	mixed	not_applicable	untreated	24	not_declared	2	SAMEA988622	somule4	lane_1	${HF_PROJECT_RUNTIME_ROOT}/fastq_ftp/ERR022881_1.fastq.gz	${HF_PROJECT_RUNTIME_ROOT}/fastq_ftp/ERR022881_2.fastq.gz	compatibility/quants/E-MTAB-451/schistosomulum_24h_r2/quant.sf	TRUE	schistosomulum_24h	unknown		Readers	Smp_041750	Smp_041750	Smp_041750		protein_coding	SM_V10_4	36767854	36786418	+	SM_V10_4:36767854-36786418(+)	5.950450403679172	E-MTAB-451 | schistosomulum_24h_r2	E-MTAB-451 | not_declared | schistosomulum_24h | schistosomulum_24h | whole_organism | mixed	schistosomulum_24h | schistosomulum_24h | whole_organism | mixed	0.4754238375167663
Smp_041750	E-MTAB-451__schistosomulum_24h_r3	63.424306	E-MTAB-451	schistosomulum_24h_r3	schistosomulum_24h_r3	ERR022882	schistosomulum_24h	schistosomulum_24h	whole_organism	mixed	not_applicable	untreated	24	not_declared	3	SAMEA988619	somule5	lane_1	${HF_PROJECT_RUNTIME_ROOT}/fastq_ftp/ERR022882_1.fastq.gz	${HF_PROJECT_RUNTIME_ROOT}/fastq_ftp/ERR022882_2.fastq.gz	compatibility/quants/E-MTAB-451/schistosomulum_24h_r3/quant.sf	TRUE	schistosomulum_24h	unknown		Readers	Smp_041750	Smp_041750	Smp_041750		protein_coding	SM_V10_4	36767854	36786418	+	SM_V10_4:36767854-36786418(+)	6.009533185866302	E-MTAB-451 | schistosomulum_24h_r3	E-MTAB-451 | not_declared | schistosomulum_24h | schistosomulum_24h | whole_organism | mixed	schistosomulum_24h | schistosomulum_24h | whole_organism | mixed	0.5532514895684936
Smp_041750	E-MTAB-451__schistosomulum_24h_r4	73.874061	E-MTAB-451	schistosomulum_24h_r4	schistosomulum_24h_r4	ERR022883	schistosomulum_24h	schistosomulum_24h	whole_organism	mixed	not_applicable	untreated	24	not_declared	4	SAMEA988618	somule6	lane_1	${HF_PROJECT_RUNTIME_ROOT}/fastq_ftp/ERR022883_1.fastq.gz	${HF_PROJECT_RUNTIME_ROOT}/fastq_ftp/ERR022883_2.fastq.gz	compatibility/quants/E-MTAB-451/schistosomulum_24h_r4/quant.sf	TRUE	schistosomulum_24h	unknown		Readers	Smp_041750	Smp_041750	Smp_041750		protein_coding	SM_V10_4	36767854	36786418	+	SM_V10_4:36767854-36786418(+)	6.226394099978929	E-MTAB-451 | schistosomulum_24h_r4	E-MTAB-451 | not_declared | schistosomulum_24h | schistosomulum_24h | whole_organism | mixed	schistosomulum_24h | schistosomulum_24h | whole_organism | mixed	0.8389146750583174
Smp_041750	E-MTAB-451__schistosomulum_3h_r1	47.950058	E-MTAB-451	schistosomulum_3h_r1	schistosomulum_3h_r1	ERR022874	schistosomulum_3h	schistosomulum_3h	whole_organism	mixed	not_applicable	untreated	3	not_declared	1	SAMEA988621	somule1	lane_1	${HF_PROJECT_RUNTIME_ROOT}/fastq_ftp/ERR022874_1.fastq.gz	${HF_PROJECT_RUNTIME_ROOT}/fastq_ftp/ERR022874_2.fastq.gz	compatibility/quants/E-MTAB-451/schistosomulum_3h_r1/quant.sf	TRUE	schistosomulum_3h	unknown		Readers	Smp_041750	Smp_041750	Smp_041750		protein_coding	SM_V10_4	36767854	36786418	+	SM_V10_4:36767854-36786418(+)	5.613238664139475	E-MTAB-451 | schistosomulum_3h_r1	E-MTAB-451 | not_declared | schistosomulum_3h | schistosomulum_3h | whole_organism | mixed	schistosomulum_3h | schistosomulum_3h | whole_organism | mixed	0.031226781096327115
Smp_041750	E-MTAB-451__schistosomulum_3h_r2	107.157008	E-MTAB-451	schistosomulum_3h_r2	schistosomulum_3h_r2	ERR022879	schistosomulum_3h	schistosomulum_3h	whole_organism	mixed	not_applicable	untreated	3	not_declared	2	SAMEA988617	somule2	lane_1	${HF_PROJECT_RUNTIME_ROOT}/fastq_ftp/ERR022879_1.fastq.gz	${HF_PROJECT_RUNTIME_ROOT}/fastq_ftp/ERR022879_2.fastq.gz	compatibility/quants/E-MTAB-451/schistosomulum_3h_r2/quant.sf	TRUE	schistosomulum_3h	unknown		Readers	Smp_041750	Smp_041750	Smp_041750		protein_coding	SM_V10_4	36767854	36786418	+	SM_V10_4:36767854-36786418(+)	6.756983337083763	E-MTAB-451 | schistosomulum_3h_r2	E-MTAB-451 | not_declared | schistosomulum_3h | schistosomulum_3h | whole_organism | mixed	schistosomulum_3h | schistosomulum_3h | whole_organism | mixed	1.537841045807009
Smp_041760	E-MTAB-451__adult_mixed_r1	26.737804	E-MTAB-451	adult_mixed_r1	adult_mixed_r1	ERR022873	adult_mixed	adult	whole_organism	mixed	not_applicable	untreated	not_applicable	not_declared	1	SAMEA988615	adult2	lane_1	${HF_PROJECT_RUNTIME_ROOT}/fastq_ftp/ERR022873_1.fastq.gz	${HF_PROJECT_RUNTIME_ROOT}/fastq_ftp/ERR022873_2.fastq.gz	compatibility/quants/E-MTAB-451/adult_mixed_r1/quant.sf	TRUE	adult	unknown		Readers	Smp_041760	Smp_041760	Smp_041760		protein_coding	SM_V10_4	36736817	36756895	-	SM_V10_4:36736817-36756895(-)	4.793781669004613	E-MTAB-451 | adult_mixed_r1	E-MTAB-451 | not_declared | adult_mixed | adult | whole_organism | mixed	adult_mixed | adult | whole_organism | mixed	-2.09784715957606
Smp_041760	E-MTAB-451__cercaria_whole_r1	84.021587	E-MTAB-451	cercaria_whole_r1	cercaria_whole_r1	ERR022872	cercaria_whole	cercaria	whole_organism	mixed	not_applicable	untreated	0	not_declared	1	SAMEA988623	cerc10a	lane_1	${HF_PROJECT_RUNTIME_ROOT}/fastq_ftp/ERR022872_1.fastq.gz	${HF_PROJECT_RUNTIME_ROOT}/fastq_ftp/ERR022872_2.fastq.gz	compatibility/quants/E-MTAB-451/cercaria_whole_r1/quant.sf	TRUE	cercaria	unknown		Readers	Smp_041760	Smp_041760	Smp_041760		protein_coding	SM_V10_4	36736817	36756895	-	SM_V10_4:36736817-36756895(-)	6.409757283241791	E-MTAB-451 | cercaria_whole_r1	E-MTAB-451 | not_declared | cercaria_whole | cercaria | whole_organism | mixed	cercaria_whole | cercaria | whole_organism | mixed	0.09241514603492536
Smp_041760	E-MTAB-451__cercaria_whole_r2	82.948348	E-MTAB-451	cercaria_whole_r2	cercaria_whole_r2	ERR022877	cercaria_whole	cercaria	whole_organism	mixed	not_applicable	untreated	0	not_declared	2	SAMEA988624	cerc12	lane_1	${HF_PROJECT_RUNTIME_ROOT}/fastq_ftp/ERR022877_1.fastq.gz	${HF_PROJECT_RUNTIME_ROOT}/fastq_ftp/ERR022877_2.fastq.gz	compatibility/quants/E-MTAB-451/cercaria_whole_r2/quant.sf	TRUE	cercaria	unknown		Readers	Smp_041760	Smp_041760	Smp_041760		protein_coding	SM_V10_4	36736817	36756895	-	SM_V10_4:36736817-36756895(-)	6.391430029869109	E-MTAB-451 | cercaria_whole_r2	E-MTAB-451 | not_declared | cercaria_whole | cercaria | whole_organism | mixed	cercaria_whole | cercaria | whole_organism | mixed	0.06757473886917965
Smp_041760	E-MTAB-451__cercaria_whole_r3	81.712387	E-MTAB-451	cercaria_whole_r3	cercaria_whole_r3	ERR022878	cercaria_whole	cercaria	whole_organism	mixed	not_applicable	untreated	0	not_declared	3	SAMEA988614	cerc13	lane_1	${HF_PROJECT_RUNTIME_ROOT}/fastq_ftp/ERR022878_1.fastq.gz	${HF_PROJECT_RUNTIME_ROOT}/fastq_ftp/ERR022878_2.fastq.gz	compatibility/quants/E-MTAB-451/cercaria_whole_r3/quant.sf	TRUE	cercaria	unknown		Readers	Smp_041760	Smp_041760	Smp_041760		protein_coding	SM_V10_4	36736817	36756895	-	SM_V10_4:36736817-36756895(-)	6.370031498349816	E-MTAB-451 | cercaria_whole_r3	E-MTAB-451 | not_declared | cercaria_whole | cercaria | whole_organism | mixed	cercaria_whole | cercaria | whole_organism | mixed	0.0385715803009358
Smp_041760	E-MTAB-451__cercarial_tail_r1	49.252616	E-MTAB-451	cercarial_tail_r1	cercarial_tail_r1	ERR022875	cercarial_tail	cercaria	tail	mixed	not_applicable	untreated	0	not_declared	1	SAMEA988620	tail1	lane_1	${HF_PROJECT_RUNTIME_ROOT}/fastq_ftp/ERR022875_1.fastq.gz	${HF_PROJECT_RUNTIME_ROOT}/fastq_ftp/ERR022875_2.fastq.gz	compatibility/quants/E-MTAB-451/cercarial_tail_r1/quant.sf	TRUE	cercaria	unknown		Readers	Smp_041760	Smp_041760	Smp_041760		protein_coding	SM_V10_4	36736817	36756895	-	SM_V10_4:36736817-36756895(-)	5.651126795497165	E-MTAB-451 | cercarial_tail_r1	E-MTAB-451 | not_declared | cercarial_tail | cercaria | tail | mixed	cercarial_tail | cercaria | tail | mixed	-0.9358180442157147
Smp_041760	E-MTAB-451__schistosomulum_24h_r1	89.386874	E-MTAB-451	schistosomulum_24h_r1	schistosomulum_24h_r1	ERR022880	schistosomulum_24h	schistosomulum_24h	whole_organism	mixed	not_applicable	untreated	24	not_declared	1	SAMEA988616	somule3	lane_1	${HF_PROJECT_RUNTIME_ROOT}/fastq_ftp/ERR022880_1.fastq.gz	${HF_PROJECT_RUNTIME_ROOT}/fastq_ftp/ERR022880_2.fastq.gz	compatibility/quants/E-MTAB-451/schistosomulum_24h_r1/quant.sf	TRUE	schistosomulum_24h	unknown		Readers	Smp_041760	Smp_041760	Smp_041760		protein_coding	SM_V10_4	36736817	36756895	-	SM_V10_4:36736817-36756895(-)	6.498041374275124	E-MTAB-451 | schistosomulum_24h_r1	E-MTAB-451 | not_declared | schistosomulum_24h | schistosomulum_24h | whole_organism | mixed	schistosomulum_24h | schistosomulum_24h | whole_organism | mixed	0.2120737071368622
Smp_041760	E-MTAB-451__schistosomulum_24h_r2	67.279329	E-MTAB-451	schistosomulum_24h_r2	schistosomulum_24h_r2	ERR022881	schistosomulum_24h	schistosomulum_24h	whole_organism	mixed	not_applicable	untreated	24	not_declared	2	SAMEA988622	somule4	lane_1	${HF_PROJECT_RUNTIME_ROOT}/fastq_ftp/ERR022881_1.fastq.gz	${HF_PROJECT_RUNTIME_ROOT}/fastq_ftp/ERR022881_2.fastq.gz	compatibility/quants/E-MTAB-451/schistosomulum_24h_r2/quant.sf	TRUE	schistosomulum_24h	unknown		Readers	Smp_041760	Smp_041760	Smp_041760		protein_coding	SM_V10_4	36736817	36756895	-	SM_V10_4:36736817-36756895(-)	6.093376975556337	E-MTAB-451 | schistosomulum_24h_r2	E-MTAB-451 | not_declared | schistosomulum_24h | schistosomulum_24h | whole_organism | mixed	schistosomulum_24h | schistosomulum_24h | whole_organism | mixed	-0.3364006455252491
Smp_041760	E-MTAB-451__schistosomulum_24h_r3	78.599528	E-MTAB-451	schistosomulum_24h_r3	schistosomulum_24h_r3	ERR022882	schistosomulum_24h	schistosomulum_24h	whole_organism	mixed	not_applicable	untreated	24	not_declared	3	SAMEA988619	somule5	lane_1	${HF_PROJECT_RUNTIME_ROOT}/fastq_ftp/ERR022882_1.fastq.gz	${HF_PROJECT_RUNTIME_ROOT}/fastq_ftp/ERR022882_2.fastq.gz	compatibility/quants/E-MTAB-451/schistosomulum_24h_r3/quant.sf	TRUE	schistosomulum_24h	unknown		Readers	Smp_041760	Smp_041760	Smp_041760		protein_coding	SM_V10_4	36736817	36756895	-	SM_V10_4:36736817-36756895(-)	6.314687970956812	E-MTAB-451 | schistosomulum_24h_r3	E-MTAB-451 | not_declared | schistosomulum_24h | schistosomulum_24h | whole_organism | mixed	schistosomulum_24h | schistosomulum_24h | whole_organism | mixed	-0.03643997361144507
Smp_041760	E-MTAB-451__schistosomulum_24h_r4	80.810885	E-MTAB-451	schistosomulum_24h_r4	schistosomulum_24h_r4	ERR022883	schistosomulum_24h	schistosomulum_24h	whole_organism	mixed	not_applicable	untreated	24	not_declared	4	SAMEA988618	somule6	lane_1	${HF_PROJECT_RUNTIME_ROOT}/fastq_ftp/ERR022883_1.fastq.gz	${HF_PROJECT_RUNTIME_ROOT}/fastq_ftp/ERR022883_2.fastq.gz	compatibility/quants/E-MTAB-451/schistosomulum_24h_r4/quant.sf	TRUE	schistosomulum_24h	unknown		Readers	Smp_041760	Smp_041760	Smp_041760		protein_coding	SM_V10_4	36736817	36756895	-	SM_V10_4:36736817-36756895(-)	6.354220902489311	E-MTAB-451 | schistosomulum_24h_r4	E-MTAB-451 | not_declared | schistosomulum_24h | schistosomulum_24h | whole_organism | mixed	schistosomulum_24h | schistosomulum_24h | whole_organism | mixed	0.017142202383707714
Smp_041760	E-MTAB-451__schistosomulum_3h_r1	152.855416	E-MTAB-451	schistosomulum_3h_r1	schistosomulum_3h_r1	ERR022874	schistosomulum_3h	schistosomulum_3h	whole_organism	mixed	not_applicable	untreated	3	not_declared	1	SAMEA988621	somule1	lane_1	${HF_PROJECT_RUNTIME_ROOT}/fastq_ftp/ERR022874_1.fastq.gz	${HF_PROJECT_RUNTIME_ROOT}/fastq_ftp/ERR022874_2.fastq.gz	compatibility/quants/E-MTAB-451/schistosomulum_3h_r1/quant.sf	TRUE	schistosomulum_3h	unknown		Readers	Smp_041760	Smp_041760	Smp_041760		protein_coding	SM_V10_4	36736817	36756895	-	SM_V10_4:36736817-36756895(-)	7.2654314199188015	E-MTAB-451 | schistosomulum_3h_r1	E-MTAB-451 | not_declared | schistosomulum_3h | schistosomulum_3h | whole_organism | mixed	schistosomulum_3h | schistosomulum_3h | whole_organism | mixed	1.252179433898002
Smp_041760	E-MTAB-451__schistosomulum_3h_r2	195.096682	E-MTAB-451	schistosomulum_3h_r2	schistosomulum_3h_r2	ERR022879	schistosomulum_3h	schistosomulum_3h	whole_organism	mixed	not_applicable	untreated	3	not_declared	2	SAMEA988617	somule2	lane_1	${HF_PROJECT_RUNTIME_ROOT}/fastq_ftp/ERR022879_1.fastq.gz	${HF_PROJECT_RUNTIME_ROOT}/fastq_ftp/ERR022879_2.fastq.gz	compatibility/quants/E-MTAB-451/schistosomulum_3h_r2/quant.sf	TRUE	schistosomulum_3h	unknown		Readers	Smp_041760	Smp_041760	Smp_041760		protein_coding	SM_V10_4	36736817	36756895	-	SM_V10_4:36736817-36756895(-)	7.615421314786465	E-MTAB-451 | schistosomulum_3h_r2	E-MTAB-451 | not_declared | schistosomulum_3h | schistosomulum_3h | whole_organism | mixed	schistosomulum_3h | schistosomulum_3h | whole_organism | mixed	1.7265490143048539
Smp_043580	E-MTAB-451__adult_mixed_r1	27.663307	E-MTAB-451	adult_mixed_r1	adult_mixed_r1	ERR022873	adult_mixed	adult	whole_organism	mixed	not_applicable	untreated	not_applicable	not_declared	1	SAMEA988615	adult2	lane_1	${HF_PROJECT_RUNTIME_ROOT}/fastq_ftp/ERR022873_1.fastq.gz	${HF_PROJECT_RUNTIME_ROOT}/fastq_ftp/ERR022873_2.fastq.gz	compatibility/quants/E-MTAB-451/adult_mixed_r1/quant.sf	TRUE	adult	unknown		Writers	Smp_043580	Smp_043580	Smp_043580		protein_coding	SM_V10_5	12795039	12798329	+	SM_V10_5:12795039-12798329(+)	4.841133163568559	E-MTAB-451 | adult_mixed_r1	E-MTAB-451 | not_declared | adult_mixed | adult | whole_organism | mixed	adult_mixed | adult | whole_organism | mixed	1.0818152143275606
Smp_043580	E-MTAB-451__cercaria_whole_r1	15.694298	E-MTAB-451	cercaria_whole_r1	cercaria_whole_r1	ERR022872	cercaria_whole	cercaria	whole_organism	mixed	not_applicable	untreated	0	not_declared	1	SAMEA988623	cerc10a	lane_1	${HF_PROJECT_RUNTIME_ROOT}/fastq_ftp/ERR022872_1.fastq.gz	${HF_PROJECT_RUNTIME_ROOT}/fastq_ftp/ERR022872_2.fastq.gz	compatibility/quants/E-MTAB-451/cercaria_whole_r1/quant.sf	TRUE	cercaria	unknown		Writers	Smp_043580	Smp_043580	Smp_043580		protein_coding	SM_V10_5	12795039	12798329	+	SM_V10_5:12795039-12798329(+)	4.061283523825254	E-MTAB-451 | cercaria_whole_r1	E-MTAB-451 | not_declared | cercaria_whole | cercaria | whole_organism | mixed	cercaria_whole | cercaria | whole_organism | mixed	-0.2584884483985025
Smp_043580	E-MTAB-451__cercaria_whole_r2	22.680751	E-MTAB-451	cercaria_whole_r2	cercaria_whole_r2	ERR022877	cercaria_whole	cercaria	whole_organism	mixed	not_applicable	untreated	0	not_declared	2	SAMEA988624	cerc12	lane_1	${HF_PROJECT_RUNTIME_ROOT}/fastq_ftp/ERR022877_1.fastq.gz	${HF_PROJECT_RUNTIME_ROOT}/fastq_ftp/ERR022877_2.fastq.gz	compatibility/quants/E-MTAB-451/cercaria_whole_r2/quant.sf	TRUE	cercaria	unknown		Writers	Smp_043580	Smp_043580	Smp_043580		protein_coding	SM_V10_5	12795039	12798329	+	SM_V10_5:12795039-12798329(+)	4.565642929519567	E-MTAB-451 | cercaria_whole_r2	E-MTAB-451 | not_declared | cercaria_whole | cercaria | whole_organism | mixed	cercaria_whole | cercaria | whole_organism | mixed	0.6083385966264052
Smp_043580	E-MTAB-451__cercaria_whole_r3	18.232237	E-MTAB-451	cercaria_whole_r3	cercaria_whole_r3	ERR022878	cercaria_whole	cercaria	whole_organism	mixed	not_applicable	untreated	0	not_declared	3	SAMEA988614	cerc13	lane_1	${HF_PROJECT_RUNTIME_ROOT}/fastq_ftp/ERR022878_1.fastq.gz	${HF_PROJECT_RUNTIME_ROOT}/fastq_ftp/ERR022878_2.fastq.gz	compatibility/quants/E-MTAB-451/cercaria_whole_r3/quant.sf	TRUE	cercaria	unknown		Writers	Smp_043580	Smp_043580	Smp_043580		protein_coding	SM_V10_5	12795039	12798329	+	SM_V10_5:12795039-12798329(+)	4.265454674575405	E-MTAB-451 | cercaria_whole_r3	E-MTAB-451 | not_declared | cercaria_whole | cercaria | whole_organism | mixed	cercaria_whole | cercaria | whole_organism | mixed	0.09241424774622908
Smp_043580	E-MTAB-451__cercarial_tail_r1	10.111002	E-MTAB-451	cercarial_tail_r1	cercarial_tail_r1	ERR022875	cercarial_tail	cercaria	tail	mixed	not_applicable	untreated	0	not_declared	1	SAMEA988620	tail1	lane_1	${HF_PROJECT_RUNTIME_ROOT}/fastq_ftp/ERR022875_1.fastq.gz	${HF_PROJECT_RUNTIME_ROOT}/fastq_ftp/ERR022875_2.fastq.gz	compatibility/quants/E-MTAB-451/cercarial_tail_r1/quant.sf	TRUE	cercaria	unknown		Writers	Smp_043580	Smp_043580	Smp_043580		protein_coding	SM_V10_5	12795039	12798329	+	SM_V10_5:12795039-12798329(+)	3.473917020997549	E-MTAB-451 | cercarial_tail_r1	E-MTAB-451 | not_declared | cercarial_tail | cercaria | tail | mixed	cercarial_tail | cercaria | tail | mixed	-1.2679772459591474
Smp_043580	E-MTAB-451__schistosomulum_24h_r1	18.828493	E-MTAB-451	schistosomulum_24h_r1	schistosomulum_24h_r1	ERR022880	schistosomulum_24h	schistosomulum_24h	whole_organism	mixed	not_applicable	untreated	24	not_declared	1	SAMEA988616	somule3	lane_1	${HF_PROJECT_RUNTIME_ROOT}/fastq_ftp/ERR022880_1.fastq.gz	${HF_PROJECT_RUNTIME_ROOT}/fastq_ftp/ERR022880_2.fastq.gz	compatibility/quants/E-MTAB-451/schistosomulum_24h_r1/quant.sf	TRUE	schistosomulum_24h	unknown		Writers	Smp_043580	Smp_043580	Smp_043580		protein_coding	SM_V10_5	12795039	12798329	+	SM_V10_5:12795039-12798329(+)	4.309503129284996	E-MTAB-451 | schistosomulum_24h_r1	E-MTAB-451 | not_declared | schistosomulum_24h | schistosomulum_24h | whole_organism | mixed	schistosomulum_24h | schistosomulum_24h | whole_organism | mixed	0.16811897616557012
Smp_043580	E-MTAB-451__schistosomulum_24h_r2	10.206344	E-MTAB-451	schistosomulum_24h_r2	schistosomulum_24h_r2	ERR022881	schistosomulum_24h	schistosomulum_24h	whole_organism	mixed	not_applicable	untreated	24	not_declared	2	SAMEA988622	somule4	lane_1	${HF_PROJECT_RUNTIME_ROOT}/fastq_ftp/ERR022881_1.fastq.gz	${HF_PROJECT_RUNTIME_ROOT}/fastq_ftp/ERR022881_2.fastq.gz	compatibility/quants/E-MTAB-451/schistosomulum_24h_r2/quant.sf	TRUE	schistosomulum_24h	unknown		Writers	Smp_043580	Smp_043580	Smp_043580		protein_coding	SM_V10_5	12795039	12798329	+	SM_V10_5:12795039-12798329(+)	3.4862437795105223	E-MTAB-451 | schistosomulum_24h_r2	E-MTAB-451 | not_declared | schistosomulum_24h | schistosomulum_24h | whole_organism | mixed	schistosomulum_24h | schistosomulum_24h | whole_organism | mixed	-1.2467916240873262
Smp_043580	E-MTAB-451__schistosomulum_24h_r3	11.826145	E-MTAB-451	schistosomulum_24h_r3	schistosomulum_24h_r3	ERR022882	schistosomulum_24h	schistosomulum_24h	whole_organism	mixed	not_applicable	untreated	24	not_declared	3	SAMEA988619	somule5	lane_1	${HF_PROJECT_RUNTIME_ROOT}/fastq_ftp/ERR022882_1.fastq.gz	${HF_PROJECT_RUNTIME_ROOT}/fastq_ftp/ERR022882_2.fastq.gz	compatibility/quants/E-MTAB-451/schistosomulum_24h_r3/quant.sf	TRUE	schistosomulum_24h	unknown		Writers	Smp_043580	Smp_043580	Smp_043580		protein_coding	SM_V10_5	12795039	12798329	+	SM_V10_5:12795039-12798329(+)	3.6810157169837896	E-MTAB-451 | schistosomulum_24h_r3	E-MTAB-451 | not_declared | schistosomulum_24h | schistosomulum_24h | whole_organism | mixed	schistosomulum_24h | schistosomulum_24h | whole_organism | mixed	-0.9120430675866139
Smp_043580	E-MTAB-451__schistosomulum_24h_r4	11.797267	E-MTAB-451	schistosomulum_24h_r4	schistosomulum_24h_r4	ERR022883	schistosomulum_24h	schistosomulum_24h	whole_organism	mixed	not_applicable	untreated	24	not_declared	4	SAMEA988618	somule6	lane_1	${HF_PROJECT_RUNTIME_ROOT}/fastq_ftp/ERR022883_1.fastq.gz	${HF_PROJECT_RUNTIME_ROOT}/fastq_ftp/ERR022883_2.fastq.gz	compatibility/quants/E-MTAB-451/schistosomulum_24h_r4/quant.sf	TRUE	schistosomulum_24h	unknown		Writers	Smp_043580	Smp_043580	Smp_043580		protein_coding	SM_V10_5	12795039	12798329	+	SM_V10_5:12795039-12798329(+)	3.67776383428916	E-MTAB-451 | schistosomulum_24h_r4	E-MTAB-451 | not_declared | schistosomulum_24h | schistosomulum_24h | whole_organism | mixed	schistosomulum_24h | schistosomulum_24h | whole_organism | mixed	-0.9176319786590125
Smp_043580	E-MTAB-451__schistosomulum_3h_r1	31.099123	E-MTAB-451	schistosomulum_3h_r1	schistosomulum_3h_r1	ERR022874	schistosomulum_3h	schistosomulum_3h	whole_organism	mixed	not_applicable	untreated	3	not_declared	1	SAMEA988621	somule1	lane_1	${HF_PROJECT_RUNTIME_ROOT}/fastq_ftp/ERR022874_1.fastq.gz	${HF_PROJECT_RUNTIME_ROOT}/fastq_ftp/ERR022874_2.fastq.gz	compatibility/quants/E-MTAB-451/schistosomulum_3h_r1/quant.sf	TRUE	schistosomulum_3h	unknown		Writers	Smp_043580	Smp_043580	Smp_043580		protein_coding	SM_V10_5	12795039	12798329	+	SM_V10_5:12795039-12798329(+)	5.004461976009552	E-MTAB-451 | schistosomulum_3h_r1	E-MTAB-451 | not_declared | schistosomulum_3h | schistosomulum_3h | whole_organism | mixed	schistosomulum_3h | schistosomulum_3h | whole_organism | mixed	1.3625234359988794
Smp_043580	E-MTAB-451__schistosomulum_3h_r2	30.170356	E-MTAB-451	schistosomulum_3h_r2	schistosomulum_3h_r2	ERR022879	schistosomulum_3h	schistosomulum_3h	whole_organism	mixed	not_applicable	untreated	3	not_declared	2	SAMEA988617	somule2	lane_1	${HF_PROJECT_RUNTIME_ROOT}/fastq_ftp/ERR022879_1.fastq.gz	${HF_PROJECT_RUNTIME_ROOT}/fastq_ftp/ERR022879_2.fastq.gz	compatibility/quants/E-MTAB-451/schistosomulum_3h_r2/quant.sf	TRUE	schistosomulum_3h	unknown		Writers	Smp_043580	Smp_043580	Smp_043580		protein_coding	SM_V10_5	12795039	12798329	+	SM_V10_5:12795039-12798329(+)	4.962102727120506	E-MTAB-451 | schistosomulum_3h_r2	E-MTAB-451 | not_declared | schistosomulum_3h | schistosomulum_3h | whole_organism | mixed	schistosomulum_3h | schistosomulum_3h | whole_organism | mixed	1.2897218938259527
Smp_055310	E-MTAB-451__adult_mixed_r1	4.929685	E-MTAB-451	adult_mixed_r1	adult_mixed_r1	ERR022873	adult_mixed	adult	whole_organism	mixed	not_applicable	untreated	not_applicable	not_declared	1	SAMEA988615	adult2	lane_1	${HF_PROJECT_RUNTIME_ROOT}/fastq_ftp/ERR022873_1.fastq.gz	${HF_PROJECT_RUNTIME_ROOT}/fastq_ftp/ERR022873_2.fastq.gz	compatibility/quants/E-MTAB-451/adult_mixed_r1/quant.sf	TRUE	adult	unknown		Writers	Smp_055310	Smp_055310	Smp_055310		protein_coding	SM_V10_3	47336079	47349220	-	SM_V10_3:47336079-47349220(-)	2.5679554671644644	E-MTAB-451 | adult_mixed_r1	E-MTAB-451 | not_declared | adult_mixed | adult | whole_organism | mixed	adult_mixed | adult | whole_organism | mixed	-0.7903877969007165
Smp_055310	E-MTAB-451__cercaria_whole_r1	4.781133	E-MTAB-451	cercaria_whole_r1	cercaria_whole_r1	ERR022872	cercaria_whole	cercaria	whole_organism	mixed	not_applicable	untreated	0	not_declared	1	SAMEA988623	cerc10a	lane_1	${HF_PROJECT_RUNTIME_ROOT}/fastq_ftp/ERR022872_1.fastq.gz	${HF_PROJECT_RUNTIME_ROOT}/fastq_ftp/ERR022872_2.fastq.gz	compatibility/quants/E-MTAB-451/cercaria_whole_r1/quant.sf	TRUE	cercaria	unknown		Writers	Smp_055310	Smp_055310	Smp_055310		protein_coding	SM_V10_3	47336079	47349220	-	SM_V10_3:47336079-47349220(-)	2.531352263192579	E-MTAB-451 | cercaria_whole_r1	E-MTAB-451 | not_declared | cercaria_whole | cercaria | whole_organism | mixed	cercaria_whole | cercaria | whole_organism | mixed	-0.8221493965069236
Smp_055310	E-MTAB-451__cercaria_whole_r2	4.574872	E-MTAB-451	cercaria_whole_r2	cercaria_whole_r2	ERR022877	cercaria_whole	cercaria	whole_organism	mixed	not_applicable	untreated	0	not_declared	2	SAMEA988624	cerc12	lane_1	${HF_PROJECT_RUNTIME_ROOT}/fastq_ftp/ERR022877_1.fastq.gz	${HF_PROJECT_RUNTIME_ROOT}/fastq_ftp/ERR022877_2.fastq.gz	compatibility/quants/E-MTAB-451/cercaria_whole_r2/quant.sf	TRUE	cercaria	unknown		Writers	Smp_055310	Smp_055310	Smp_055310		protein_coding	SM_V10_3	47336079	47349220	-	SM_V10_3:47336079-47349220(-)	2.4789386808921017	E-MTAB-451 | cercaria_whole_r2	E-MTAB-451 | not_declared | cercaria_whole | cercaria | whole_organism | mixed	cercaria_whole | cercaria | whole_organism | mixed	-0.8676300931211711
Smp_055310	E-MTAB-451__cercaria_whole_r3	4.424827	E-MTAB-451	cercaria_whole_r3	cercaria_whole_r3	ERR022878	cercaria_whole	cercaria	whole_organism	mixed	not_applicable	untreated	0	not_declared	3	SAMEA988614	cerc13	lane_1	${HF_PROJECT_RUNTIME_ROOT}/fastq_ftp/ERR022878_1.fastq.gz	${HF_PROJECT_RUNTIME_ROOT}/fastq_ftp/ERR022878_2.fastq.gz	compatibility/quants/E-MTAB-451/cercaria_whole_r3/quant.sf	TRUE	cercaria	unknown		Writers	Smp_055310	Smp_055310	Smp_055310		protein_coding	SM_V10_3	47336079	47349220	-	SM_V10_3:47336079-47349220(-)	2.439577130142972	E-MTAB-451 | cercaria_whole_r3	E-MTAB-451 | not_declared | cercaria_whole | cercaria | whole_organism | mixed	cercaria_whole | cercaria | whole_organism | mixed	-0.9017851855478756
Smp_055310	E-MTAB-451__cercarial_tail_r1	2.345579	E-MTAB-451	cercarial_tail_r1	cercarial_tail_r1	ERR022875	cercarial_tail	cercaria	tail	mixed	not_applicable	untreated	0	not_declared	1	SAMEA988620	tail1	lane_1	${HF_PROJECT_RUNTIME_ROOT}/fastq_ftp/ERR022875_1.fastq.gz	${HF_PROJECT_RUNTIME_ROOT}/fastq_ftp/ERR022875_2.fastq.gz	compatibility/quants/E-MTAB-451/cercarial_tail_r1/quant.sf	TRUE	cercaria	unknown		Writers	Smp_055310	Smp_055310	Smp_055310		protein_coding	SM_V10_3	47336079	47349220	-	SM_V10_3:47336079-47349220(-)	1.742255911357758	E-MTAB-451 | cercarial_tail_r1	E-MTAB-451 | not_declared | cercarial_tail | cercaria | tail | mixed	cercarial_tail | cercaria | tail | mixed	-1.506869848764243
Smp_055310	E-MTAB-451__schistosomulum_24h_r1	23.075875	E-MTAB-451	schistosomulum_24h_r1	schistosomulum_24h_r1	ERR022880	schistosomulum_24h	schistosomulum_24h	whole_organism	mixed	not_applicable	untreated	24	not_declared	1	SAMEA988616	somule3	lane_1	${HF_PROJECT_RUNTIME_ROOT}/fastq_ftp/ERR022880_1.fastq.gz	${HF_PROJECT_RUNTIME_ROOT}/fastq_ftp/ERR022880_2.fastq.gz	compatibility/quants/E-MTAB-451/schistosomulum_24h_r1/quant.sf	TRUE	schistosomulum_24h	unknown		Writers	Smp_055310	Smp_055310	Smp_055310		protein_coding	SM_V10_3	47336079	47349220	-	SM_V10_3:47336079-47349220(-)	4.589516326402464	E-MTAB-451 | schistosomulum_24h_r1	E-MTAB-451 | not_declared | schistosomulum_24h | schistosomulum_24h | whole_organism | mixed	schistosomulum_24h | schistosomulum_24h | whole_organism | mixed	0.9637757632077062
Smp_055310	E-MTAB-451__schistosomulum_24h_r2	17.222207	E-MTAB-451	schistosomulum_24h_r2	schistosomulum_24h_r2	ERR022881	schistosomulum_24h	schistosomulum_24h	whole_organism	mixed	not_applicable	untreated	24	not_declared	2	SAMEA988622	somule4	lane_1	${HF_PROJECT_RUNTIME_ROOT}/fastq_ftp/ERR022881_1.fastq.gz	${HF_PROJECT_RUNTIME_ROOT}/fastq_ftp/ERR022881_2.fastq.gz	compatibility/quants/E-MTAB-451/schistosomulum_24h_r2/quant.sf	TRUE	schistosomulum_24h	unknown		Writers	Smp_055310	Smp_055310	Smp_055310		protein_coding	SM_V10_3	47336079	47349220	-	SM_V10_3:47336079-47349220(-)	4.187625797997094	E-MTAB-451 | schistosomulum_24h_r2	E-MTAB-451 | not_declared | schistosomulum_24h | schistosomulum_24h | whole_organism | mixed	schistosomulum_24h | schistosomulum_24h | whole_organism | mixed	0.6150443773284047
Smp_055310	E-MTAB-451__schistosomulum_24h_r3	30.007851	E-MTAB-451	schistosomulum_24h_r3	schistosomulum_24h_r3	ERR022882	schistosomulum_24h	schistosomulum_24h	whole_organism	mixed	not_applicable	untreated	24	not_declared	3	SAMEA988619	somule5	lane_1	${HF_PROJECT_RUNTIME_ROOT}/fastq_ftp/ERR022882_1.fastq.gz	${HF_PROJECT_RUNTIME_ROOT}/fastq_ftp/ERR022882_2.fastq.gz	compatibility/quants/E-MTAB-451/schistosomulum_24h_r3/quant.sf	TRUE	schistosomulum_24h	unknown		Writers	Smp_055310	Smp_055310	Smp_055310		protein_coding	SM_V10_3	47336079	47349220	-	SM_V10_3:47336079-47349220(-)	4.954561638281453	E-MTAB-451 | schistosomulum_24h_r3	E-MTAB-451 | not_declared | schistosomulum_24h | schistosomulum_24h | whole_organism | mixed	schistosomulum_24h | schistosomulum_24h | whole_organism | mixed	1.2805355485786534
Smp_055310	E-MTAB-451__schistosomulum_24h_r4	27.603548	E-MTAB-451	schistosomulum_24h_r4	schistosomulum_24h_r4	ERR022883	schistosomulum_24h	schistosomulum_24h	whole_organism	mixed	not_applicable	untreated	24	not_declared	4	SAMEA988618	somule6	lane_1	${HF_PROJECT_RUNTIME_ROOT}/fastq_ftp/ERR022883_1.fastq.gz	${HF_PROJECT_RUNTIME_ROOT}/fastq_ftp/ERR022883_2.fastq.gz	compatibility/quants/E-MTAB-451/schistosomulum_24h_r4/quant.sf	TRUE	schistosomulum_24h	unknown		Writers	Smp_055310	Smp_055310	Smp_055310		protein_coding	SM_V10_3	47336079	47349220	-	SM_V10_3:47336079-47349220(-)	4.838122205685778	E-MTAB-451 | schistosomulum_24h_r4	E-MTAB-451 | not_declared | schistosomulum_24h | schistosomulum_24h | whole_organism | mixed	schistosomulum_24h | schistosomulum_24h | whole_organism | mixed	1.1794978733161712
Smp_055310	E-MTAB-451__schistosomulum_3h_r1	11.460086	E-MTAB-451	schistosomulum_3h_r1	schistosomulum_3h_r1	ERR022874	schistosomulum_3h	schistosomulum_3h	whole_organism	mixed	not_applicable	untreated	3	not_declared	1	SAMEA988621	somule1	lane_1	${HF_PROJECT_RUNTIME_ROOT}/fastq_ftp/ERR022874_1.fastq.gz	${HF_PROJECT_RUNTIME_ROOT}/fastq_ftp/ERR022874_2.fastq.gz	compatibility/quants/E-MTAB-451/schistosomulum_3h_r1/quant.sf	TRUE	schistosomulum_3h	unknown		Writers	Smp_055310	Smp_055310	Smp_055310		protein_coding	SM_V10_3	47336079	47349220	-	SM_V10_3:47336079-47349220(-)	3.6392421208211343	E-MTAB-451 | schistosomulum_3h_r1	E-MTAB-451 | not_declared | schistosomulum_3h | schistosomulum_3h | whole_organism | mixed	schistosomulum_3h | schistosomulum_3h | whole_organism | mixed	0.1391968859880128
Smp_055310	E-MTAB-451__schistosomulum_3h_r2	18.67028	E-MTAB-451	schistosomulum_3h_r2	schistosomulum_3h_r2	ERR022879	schistosomulum_3h	schistosomulum_3h	whole_organism	mixed	not_applicable	untreated	3	not_declared	2	SAMEA988617	somule2	lane_1	${HF_PROJECT_RUNTIME_ROOT}/fastq_ftp/ERR022879_1.fastq.gz	${HF_PROJECT_RUNTIME_ROOT}/fastq_ftp/ERR022879_2.fastq.gz	compatibility/quants/E-MTAB-451/schistosomulum_3h_r2/quant.sf	TRUE	schistosomulum_3h	unknown		Writers	Smp_055310	Smp_055310	Smp_055310		protein_coding	SM_V10_3	47336079	47349220	-	SM_V10_3:47336079-47349220(-)	4.297945588941851	E-MTAB-451 | schistosomulum_3h_r2	E-MTAB-451 | not_declared | schistosomulum_3h | schistosomulum_3h | whole_organism | mixed	schistosomulum_3h | schistosomulum_3h | whole_organism | mixed	0.7107718724219815
Smp_062530	E-MTAB-451__adult_mixed_r1	27.155691	E-MTAB-451	adult_mixed_r1	adult_mixed_r1	ERR022873	adult_mixed	adult	whole_organism	mixed	not_applicable	untreated	not_applicable	not_declared	1	SAMEA988615	adult2	lane_1	${HF_PROJECT_RUNTIME_ROOT}/fastq_ftp/ERR022873_1.fastq.gz	${HF_PROJECT_RUNTIME_ROOT}/fastq_ftp/ERR022873_2.fastq.gz	compatibility/quants/E-MTAB-451/adult_mixed_r1/quant.sf	TRUE	adult	unknown		Writers	Smp_062530	Smp_062530	Smp_062530		protein_coding	SM_V10_4	33251319	33259978	-	SM_V10_4:33251319-33259978(-)	4.815354652988818	E-MTAB-451 | adult_mixed_r1	E-MTAB-451 | not_declared | adult_mixed | adult | whole_organism | mixed	adult_mixed | adult | whole_organism | mixed	-1.3025583619563423
Smp_062530	E-MTAB-451__cercaria_whole_r1	41.614161	E-MTAB-451	cercaria_whole_r1	cercaria_whole_r1	ERR022872	cercaria_whole	cercaria	whole_organism	mixed	not_applicable	untreated	0	not_declared	1	SAMEA988623	cerc10a	lane_1	${HF_PROJECT_RUNTIME_ROOT}/fastq_ftp/ERR022872_1.fastq.gz	${HF_PROJECT_RUNTIME_ROOT}/fastq_ftp/ERR022872_2.fastq.gz	compatibility/quants/E-MTAB-451/cercaria_whole_r1/quant.sf	TRUE	cercaria	unknown		Writers	Smp_062530	Smp_062530	Smp_062530		protein_coding	SM_V10_4	33251319	33259978	-	SM_V10_4:33251319-33259978(-)	5.413261023215879	E-MTAB-451 | cercaria_whole_r1	E-MTAB-451 | not_declared | cercaria_whole | cercaria | whole_organism | mixed	cercaria_whole | cercaria | whole_organism | mixed	-0.5333295042500094
Smp_062530	E-MTAB-451__cercaria_whole_r2	38.529805	E-MTAB-451	cercaria_whole_r2	cercaria_whole_r2	ERR022877	cercaria_whole	cercaria	whole_organism	mixed	not_applicable	untreated	0	not_declared	2	SAMEA988624	cerc12	lane_1	${HF_PROJECT_RUNTIME_ROOT}/fastq_ftp/ERR022877_1.fastq.gz	${HF_PROJECT_RUNTIME_ROOT}/fastq_ftp/ERR022877_2.fastq.gz	compatibility/quants/E-MTAB-451/cercaria_whole_r2/quant.sf	TRUE	cercaria	unknown		Writers	Smp_062530	Smp_062530	Smp_062530		protein_coding	SM_V10_4	33251319	33259978	-	SM_V10_4:33251319-33259978(-)	5.304868933267079	E-MTAB-451 | cercaria_whole_r2	E-MTAB-451 | not_declared | cercaria_whole | cercaria | whole_organism | mixed	cercaria_whole | cercaria | whole_organism | mixed	-0.6727799728978918
Smp_062530	E-MTAB-451__cercaria_whole_r3	34.82819	E-MTAB-451	cercaria_whole_r3	cercaria_whole_r3	ERR022878	cercaria_whole	cercaria	whole_organism	mixed	not_applicable	untreated	0	not_declared	3	SAMEA988614	cerc13	lane_1	${HF_PROJECT_RUNTIME_ROOT}/fastq_ftp/ERR022878_1.fastq.gz	${HF_PROJECT_RUNTIME_ROOT}/fastq_ftp/ERR022878_2.fastq.gz	compatibility/quants/E-MTAB-451/cercaria_whole_r3/quant.sf	TRUE	cercaria	unknown		Writers	Smp_062530	Smp_062530	Smp_062530		protein_coding	SM_V10_4	33251319	33259978	-	SM_V10_4:33251319-33259978(-)	5.163023256940551	E-MTAB-451 | cercaria_whole_r3	E-MTAB-451 | not_declared | cercaria_whole | cercaria | whole_organism | mixed	cercaria_whole | cercaria | whole_organism | mixed	-0.8552697288270691
Smp_062530	E-MTAB-451__cercarial_tail_r1	25.233011	E-MTAB-451	cercarial_tail_r1	cercarial_tail_r1	ERR022875	cercarial_tail	cercaria	tail	mixed	not_applicable	untreated	0	not_declared	1	SAMEA988620	tail1	lane_1	${HF_PROJECT_RUNTIME_ROOT}/fastq_ftp/ERR022875_1.fastq.gz	${HF_PROJECT_RUNTIME_ROOT}/fastq_ftp/ERR022875_2.fastq.gz	compatibility/quants/E-MTAB-451/cercarial_tail_r1/quant.sf	TRUE	cercaria	unknown		Writers	Smp_062530	Smp_062530	Smp_062530		protein_coding	SM_V10_4	33251319	33259978	-	SM_V10_4:33251319-33259978(-)	4.713311503155951	E-MTAB-451 | cercarial_tail_r1	E-MTAB-451 | not_declared | cercarial_tail | cercaria | tail | mixed	cercarial_tail | cercaria | tail | mixed	-1.4338406822180976
Smp_062530	E-MTAB-451__schistosomulum_24h_r1	108.644263	E-MTAB-451	schistosomulum_24h_r1	schistosomulum_24h_r1	ERR022880	schistosomulum_24h	schistosomulum_24h	whole_organism	mixed	not_applicable	untreated	24	not_declared	1	SAMEA988616	somule3	lane_1	${HF_PROJECT_RUNTIME_ROOT}/fastq_ftp/ERR022880_1.fastq.gz	${HF_PROJECT_RUNTIME_ROOT}/fastq_ftp/ERR022880_2.fastq.gz	compatibility/quants/E-MTAB-451/schistosomulum_24h_r1/quant.sf	TRUE	schistosomulum_24h	unknown		Writers	Smp_062530	Smp_062530	Smp_062530		protein_coding	SM_V10_4	33251319	33259978	-	SM_V10_4:33251319-33259978(-)	6.776686516533327	E-MTAB-451 | schistosomulum_24h_r1	E-MTAB-451 | not_declared | schistosomulum_24h | schistosomulum_24h | whole_organism | mixed	schistosomulum_24h | schistosomulum_24h | whole_organism | mixed	1.2207682726209512
Smp_062530	E-MTAB-451__schistosomulum_24h_r2	72.038967	E-MTAB-451	schistosomulum_24h_r2	schistosomulum_24h_r2	ERR022881	schistosomulum_24h	schistosomulum_24h	whole_organism	mixed	not_applicable	untreated	24	not_declared	2	SAMEA988622	somule4	lane_1	${HF_PROJECT_RUNTIME_ROOT}/fastq_ftp/ERR022881_1.fastq.gz	${HF_PROJECT_RUNTIME_ROOT}/fastq_ftp/ERR022881_2.fastq.gz	compatibility/quants/E-MTAB-451/schistosomulum_24h_r2/quant.sf	TRUE	schistosomulum_24h	unknown		Writers	Smp_062530	Smp_062530	Smp_062530		protein_coding	SM_V10_4	33251319	33259978	-	SM_V10_4:33251319-33259978(-)	6.190594456122477	E-MTAB-451 | schistosomulum_24h_r2	E-MTAB-451 | not_declared | schistosomulum_24h | schistosomulum_24h | whole_organism | mixed	schistosomulum_24h | schistosomulum_24h | whole_organism | mixed	0.46673896537443593
Smp_062530	E-MTAB-451__schistosomulum_24h_r3	77.613262	E-MTAB-451	schistosomulum_24h_r3	schistosomulum_24h_r3	ERR022882	schistosomulum_24h	schistosomulum_24h	whole_organism	mixed	not_applicable	untreated	24	not_declared	3	SAMEA988619	somule5	lane_1	${HF_PROJECT_RUNTIME_ROOT}/fastq_ftp/ERR022882_1.fastq.gz	${HF_PROJECT_RUNTIME_ROOT}/fastq_ftp/ERR022882_2.fastq.gz	compatibility/quants/E-MTAB-451/schistosomulum_24h_r3/quant.sf	TRUE	schistosomulum_24h	unknown		Writers	Smp_062530	Smp_062530	Smp_062530		protein_coding	SM_V10_4	33251319	33259978	-	SM_V10_4:33251319-33259978(-)	6.296700809504554	E-MTAB-451 | schistosomulum_24h_r3	E-MTAB-451 | not_declared | schistosomulum_24h | schistosomulum_24h | whole_organism | mixed	schistosomulum_24h | schistosomulum_24h | whole_organism | mixed	0.6032487486311078
Smp_062530	E-MTAB-451__schistosomulum_24h_r4	89.152638	E-MTAB-451	schistosomulum_24h_r4	schistosomulum_24h_r4	ERR022883	schistosomulum_24h	schistosomulum_24h	whole_organism	mixed	not_applicable	untreated	24	not_declared	4	SAMEA988618	somule6	lane_1	${HF_PROJECT_RUNTIME_ROOT}/fastq_ftp/ERR022883_1.fastq.gz	${HF_PROJECT_RUNTIME_ROOT}/fastq_ftp/ERR022883_2.fastq.gz	compatibility/quants/E-MTAB-451/schistosomulum_24h_r4/quant.sf	TRUE	schistosomulum_24h	unknown		Writers	Smp_062530	Smp_062530	Smp_062530		protein_coding	SM_V10_4	33251319	33259978	-	SM_V10_4:33251319-33259978(-)	6.494297802560899	E-MTAB-451 | schistosomulum_24h_r4	E-MTAB-451 | not_declared | schistosomulum_24h | schistosomulum_24h | whole_organism | mixed	schistosomulum_24h | schistosomulum_24h | whole_organism | mixed	0.8574646540365248
Smp_062530	E-MTAB-451__schistosomulum_3h_r1	64.764729	E-MTAB-451	schistosomulum_3h_r1	schistosomulum_3h_r1	ERR022874	schistosomulum_3h	schistosomulum_3h	whole_organism	mixed	not_applicable	untreated	3	not_declared	1	SAMEA988621	somule1	lane_1	${HF_PROJECT_RUNTIME_ROOT}/fastq_ftp/ERR022874_1.fastq.gz	${HF_PROJECT_RUNTIME_ROOT}/fastq_ftp/ERR022874_2.fastq.gz	compatibility/quants/E-MTAB-451/schistosomulum_3h_r1/quant.sf	TRUE	schistosomulum_3h	unknown		Writers	Smp_062530	Smp_062530	Smp_062530		protein_coding	SM_V10_4	33251319	33259978	-	SM_V10_4:33251319-33259978(-)	6.039242138729748	E-MTAB-451 | schistosomulum_3h_r1	E-MTAB-451 | not_declared | schistosomulum_3h | schistosomulum_3h | whole_organism | mixed	schistosomulum_3h | schistosomulum_3h | whole_organism | mixed	0.27201856094890486
Smp_062530	E-MTAB-451__schistosomulum_3h_r2	118.307534	E-MTAB-451	schistosomulum_3h_r2	schistosomulum_3h_r2	ERR022879	schistosomulum_3h	schistosomulum_3h	whole_organism	mixed	not_applicable	untreated	3	not_declared	2	SAMEA988617	somule2	lane_1	${HF_PROJECT_RUNTIME_ROOT}/fastq_ftp/ERR022879_1.fastq.gz	${HF_PROJECT_RUNTIME_ROOT}/fastq_ftp/ERR022879_2.fastq.gz	compatibility/quants/E-MTAB-451/schistosomulum_3h_r2/quant.sf	TRUE	schistosomulum_3h	unknown		Writers	Smp_062530	Smp_062530	Smp_062530		protein_coding	SM_V10_4	33251319	33259978	-	SM_V10_4:33251319-33259978(-)	6.898541338602049	E-MTAB-451 | schistosomulum_3h_r2	E-MTAB-451 | not_declared | schistosomulum_3h | schistosomulum_3h | whole_organism | mixed	schistosomulum_3h | schistosomulum_3h | whole_organism | mixed	1.3775390485374799
Smp_070170	E-MTAB-451__adult_mixed_r1	28.016404	E-MTAB-451	adult_mixed_r1	adult_mixed_r1	ERR022873	adult_mixed	adult	whole_organism	mixed	not_applicable	untreated	not_applicable	not_declared	1	SAMEA988615	adult2	lane_1	${HF_PROJECT_RUNTIME_ROOT}/fastq_ftp/ERR022873_1.fastq.gz	${HF_PROJECT_RUNTIME_ROOT}/fastq_ftp/ERR022873_2.fastq.gz	compatibility/quants/E-MTAB-451/adult_mixed_r1/quant.sf	TRUE	adult	unknown		Writers	Smp_070170	Smp_070170	Smp_070170		protein_coding	SM_V10_4	32370279	32390207	+	SM_V10_4:32370279-32390207(+)	4.8587968323201505	E-MTAB-451 | adult_mixed_r1	E-MTAB-451 | not_declared | adult_mixed | adult | whole_organism | mixed	adult_mixed | adult | whole_organism | mixed	-0.4652480370064784
Smp_070170	E-MTAB-451__cercaria_whole_r1	35.395451	E-MTAB-451	cercaria_whole_r1	cercaria_whole_r1	ERR022872	cercaria_whole	cercaria	whole_organism	mixed	not_applicable	untreated	0	not_declared	1	SAMEA988623	cerc10a	lane_1	${HF_PROJECT_RUNTIME_ROOT}/fastq_ftp/ERR022872_1.fastq.gz	${HF_PROJECT_RUNTIME_ROOT}/fastq_ftp/ERR022872_2.fastq.gz	compatibility/quants/E-MTAB-451/cercaria_whole_r1/quant.sf	TRUE	cercaria	unknown		Writers	Smp_070170	Smp_070170	Smp_070170		protein_coding	SM_V10_4	32370279	32390207	+	SM_V10_4:32370279-32390207(+)	5.185686236798662	E-MTAB-451 | cercaria_whole_r1	E-MTAB-451 | not_declared | cercaria_whole | cercaria | whole_organism | mixed	cercaria_whole | cercaria | whole_organism | mixed	0.3890818161946181
Smp_070170	E-MTAB-451__cercaria_whole_r2	27.617652	E-MTAB-451	cercaria_whole_r2	cercaria_whole_r2	ERR022877	cercaria_whole	cercaria	whole_organism	mixed	not_applicable	untreated	0	not_declared	2	SAMEA988624	cerc12	lane_1	${HF_PROJECT_RUNTIME_ROOT}/fastq_ftp/ERR022877_1.fastq.gz	${HF_PROJECT_RUNTIME_ROOT}/fastq_ftp/ERR022877_2.fastq.gz	compatibility/quants/E-MTAB-451/cercaria_whole_r2/quant.sf	TRUE	cercaria	unknown		Writers	Smp_070170	Smp_070170	Smp_070170		protein_coding	SM_V10_4	32370279	32390207	+	SM_V10_4:32370279-32390207(+)	4.838833402629175	E-MTAB-451 | cercaria_whole_r2	E-MTAB-451 | not_declared | cercaria_whole | cercaria | whole_organism | mixed	cercaria_whole | cercaria | whole_organism | mixed	-0.5174227288858017
Smp_070170	E-MTAB-451__cercaria_whole_r3	24.190526	E-MTAB-451	cercaria_whole_r3	cercaria_whole_r3	ERR022878	cercaria_whole	cercaria	whole_organism	mixed	not_applicable	untreated	0	not_declared	3	SAMEA988614	cerc13	lane_1	${HF_PROJECT_RUNTIME_ROOT}/fastq_ftp/ERR022878_1.fastq.gz	${HF_PROJECT_RUNTIME_ROOT}/fastq_ftp/ERR022878_2.fastq.gz	compatibility/quants/E-MTAB-451/cercaria_whole_r3/quant.sf	TRUE	cercaria	unknown		Writers	Smp_070170	Smp_070170	Smp_070170		protein_coding	SM_V10_4	32370279	32390207	+	SM_V10_4:32370279-32390207(+)	4.6548093419959855	E-MTAB-451 | cercaria_whole_r3	E-MTAB-451 | not_declared | cercaria_whole | cercaria | whole_organism | mixed	cercaria_whole | cercaria | whole_organism | mixed	-0.9983720853112008
Smp_070170	E-MTAB-451__cercarial_tail_r1	21.719106	E-MTAB-451	cercarial_tail_r1	cercarial_tail_r1	ERR022875	cercarial_tail	cercaria	tail	mixed	not_applicable	untreated	0	not_declared	1	SAMEA988620	tail1	lane_1	${HF_PROJECT_RUNTIME_ROOT}/fastq_ftp/ERR022875_1.fastq.gz	${HF_PROJECT_RUNTIME_ROOT}/fastq_ftp/ERR022875_2.fastq.gz	compatibility/quants/E-MTAB-451/cercarial_tail_r1/quant.sf	TRUE	cercaria	unknown		Writers	Smp_070170	Smp_070170	Smp_070170		protein_coding	SM_V10_4	32370279	32390207	+	SM_V10_4:32370279-32390207(+)	4.505834160595163	E-MTAB-451 | cercarial_tail_r1	E-MTAB-451 | not_declared | cercarial_tail | cercaria | tail | mixed	cercarial_tail | cercaria | tail | mixed	-1.3877207246768974
Smp_070170	E-MTAB-451__schistosomulum_24h_r1	49.1815	E-MTAB-451	schistosomulum_24h_r1	schistosomulum_24h_r1	ERR022880	schistosomulum_24h	schistosomulum_24h	whole_organism	mixed	not_applicable	untreated	24	not_declared	1	SAMEA988616	somule3	lane_1	${HF_PROJECT_RUNTIME_ROOT}/fastq_ftp/ERR022880_1.fastq.gz	${HF_PROJECT_RUNTIME_ROOT}/fastq_ftp/ERR022880_2.fastq.gz	compatibility/quants/E-MTAB-451/schistosomulum_24h_r1/quant.sf	TRUE	schistosomulum_24h	unknown		Writers	Smp_070170	Smp_070170	Smp_070170		protein_coding	SM_V10_4	32370279	32390207	+	SM_V10_4:32370279-32390207(+)	5.649083690588967	E-MTAB-451 | schistosomulum_24h_r1	E-MTAB-451 | not_declared | schistosomulum_24h | schistosomulum_24h | whole_organism | mixed	schistosomulum_24h | schistosomulum_24h | whole_organism | mixed	1.6001772914426022
Smp_070170	E-MTAB-451__schistosomulum_24h_r2	30.078978	E-MTAB-451	schistosomulum_24h_r2	schistosomulum_24h_r2	ERR022881	schistosomulum_24h	schistosomulum_24h	whole_organism	mixed	not_applicable	untreated	24	not_declared	2	SAMEA988622	somule4	lane_1	${HF_PROJECT_RUNTIME_ROOT}/fastq_ftp/ERR022881_1.fastq.gz	${HF_PROJECT_RUNTIME_ROOT}/fastq_ftp/ERR022881_2.fastq.gz	compatibility/quants/E-MTAB-451/schistosomulum_24h_r2/quant.sf	TRUE	schistosomulum_24h	unknown		Writers	Smp_070170	Smp_070170	Smp_070170		protein_coding	SM_V10_4	32370279	32390207	+	SM_V10_4:32370279-32390207(+)	4.957867157880921	E-MTAB-451 | schistosomulum_24h_r2	E-MTAB-451 | not_declared | schistosomulum_24h | schistosomulum_24h | whole_organism | mixed	schistosomulum_24h | schistosomulum_24h | whole_organism | mixed	-0.2063264092836631
Smp_070170	E-MTAB-451__schistosomulum_24h_r3	32.96266	E-MTAB-451	schistosomulum_24h_r3	schistosomulum_24h_r3	ERR022882	schistosomulum_24h	schistosomulum_24h	whole_organism	mixed	not_applicable	untreated	24	not_declared	3	SAMEA988619	somule5	lane_1	${HF_PROJECT_RUNTIME_ROOT}/fastq_ftp/ERR022882_1.fastq.gz	${HF_PROJECT_RUNTIME_ROOT}/fastq_ftp/ERR022882_2.fastq.gz	compatibility/quants/E-MTAB-451/schistosomulum_24h_r3/quant.sf	TRUE	schistosomulum_24h	unknown		Writers	Smp_070170	Smp_070170	Smp_070170		protein_coding	SM_V10_4	32370279	32390207	+	SM_V10_4:32370279-32390207(+)	5.085877551968041	E-MTAB-451 | schistosomulum_24h_r3	E-MTAB-451 | not_declared | schistosomulum_24h | schistosomulum_24h | whole_organism | mixed	schistosomulum_24h | schistosomulum_24h | whole_organism | mixed	0.1282304765937831
Smp_070170	E-MTAB-451__schistosomulum_24h_r4	35.932324	E-MTAB-451	schistosomulum_24h_r4	schistosomulum_24h_r4	ERR022883	schistosomulum_24h	schistosomulum_24h	whole_organism	mixed	not_applicable	untreated	24	not_declared	4	SAMEA988618	somule6	lane_1	${HF_PROJECT_RUNTIME_ROOT}/fastq_ftp/ERR022883_1.fastq.gz	${HF_PROJECT_RUNTIME_ROOT}/fastq_ftp/ERR022883_2.fastq.gz	compatibility/quants/E-MTAB-451/schistosomulum_24h_r4/quant.sf	TRUE	schistosomulum_24h	unknown		Writers	Smp_070170	Smp_070170	Smp_070170		protein_coding	SM_V10_4	32370279	32390207	+	SM_V10_4:32370279-32390207(+)	5.206812143181852	E-MTAB-451 | schistosomulum_24h_r4	E-MTAB-451 | not_declared | schistosomulum_24h | schistosomulum_24h | whole_organism | mixed	schistosomulum_24h | schistosomulum_24h | whole_organism | mixed	0.44429465653700845
Smp_070170	E-MTAB-451__schistosomulum_3h_r1	25.97254	E-MTAB-451	schistosomulum_3h_r1	schistosomulum_3h_r1	ERR022874	schistosomulum_3h	schistosomulum_3h	whole_organism	mixed	not_applicable	untreated	3	not_declared	1	SAMEA988621	somule1	lane_1	${HF_PROJECT_RUNTIME_ROOT}/fastq_ftp/ERR022874_1.fastq.gz	${HF_PROJECT_RUNTIME_ROOT}/fastq_ftp/ERR022874_2.fastq.gz	compatibility/quants/E-MTAB-451/schistosomulum_3h_r1/quant.sf	TRUE	schistosomulum_3h	unknown		Writers	Smp_070170	Smp_070170	Smp_070170		protein_coding	SM_V10_4	32370279	32390207	+	SM_V10_4:32370279-32390207(+)	4.753419481231302	E-MTAB-451 | schistosomulum_3h_r1	E-MTAB-451 | not_declared | schistosomulum_3h | schistosomulum_3h | whole_organism | mixed	schistosomulum_3h | schistosomulum_3h | whole_organism | mixed	-0.7406531607365574
Smp_070170	E-MTAB-451__schistosomulum_3h_r2	51.270485	E-MTAB-451	schistosomulum_3h_r2	schistosomulum_3h_r2	ERR022879	schistosomulum_3h	schistosomulum_3h	whole_organism	mixed	not_applicable	untreated	3	not_declared	2	SAMEA988617	somule2	lane_1	${HF_PROJECT_RUNTIME_ROOT}/fastq_ftp/ERR022879_1.fastq.gz	${HF_PROJECT_RUNTIME_ROOT}/fastq_ftp/ERR022879_2.fastq.gz	compatibility/quants/E-MTAB-451/schistosomulum_3h_r2/quant.sf	TRUE	schistosomulum_3h	unknown		Writers	Smp_070170	Smp_070170	Smp_070170		protein_coding	SM_V10_4	32370279	32390207	+	SM_V10_4:32370279-32390207(+)	5.707924640522429	E-MTAB-451 | schistosomulum_3h_r2	E-MTAB-451 | not_declared | schistosomulum_3h | schistosomulum_3h | whole_organism | mixed	schistosomulum_3h | schistosomulum_3h | whole_organism | mixed	1.7539589051325986
Smp_070340	E-MTAB-451__adult_mixed_r1	61.844857	E-MTAB-451	adult_mixed_r1	adult_mixed_r1	ERR022873	adult_mixed	adult	whole_organism	mixed	not_applicable	untreated	not_applicable	not_declared	1	SAMEA988615	adult2	lane_1	${HF_PROJECT_RUNTIME_ROOT}/fastq_ftp/ERR022873_1.fastq.gz	${HF_PROJECT_RUNTIME_ROOT}/fastq_ftp/ERR022873_2.fastq.gz	compatibility/quants/E-MTAB-451/adult_mixed_r1/quant.sf	TRUE	adult	unknown		Writers	Smp_070340	Smp_070340	Smp_070340		protein_coding	SM_V10_Z	82012788	82029571	-	SM_V10_Z:82012788-82029571(-)	5.973722779323261	E-MTAB-451 | adult_mixed_r1	E-MTAB-451 | not_declared | adult_mixed | adult | whole_organism | mixed	adult_mixed | adult | whole_organism | mixed	0.04374913140660126
Smp_070340	E-MTAB-451__cercaria_whole_r1	36.447705	E-MTAB-451	cercaria_whole_r1	cercaria_whole_r1	ERR022872	cercaria_whole	cercaria	whole_organism	mixed	not_applicable	untreated	0	not_declared	1	SAMEA988623	cerc10a	lane_1	${HF_PROJECT_RUNTIME_ROOT}/fastq_ftp/ERR022872_1.fastq.gz	${HF_PROJECT_RUNTIME_ROOT}/fastq_ftp/ERR022872_2.fastq.gz	compatibility/quants/E-MTAB-451/cercaria_whole_r1/quant.sf	TRUE	cercaria	unknown		Writers	Smp_070340	Smp_070340	Smp_070340		protein_coding	SM_V10_Z	82012788	82029571	-	SM_V10_Z:82012788-82029571(-)	5.226805400044703	E-MTAB-451 | cercaria_whole_r1	E-MTAB-451 | not_declared | cercaria_whole | cercaria | whole_organism | mixed	cercaria_whole | cercaria | whole_organism | mixed	-0.8136766372573218
Smp_070340	E-MTAB-451__cercaria_whole_r2	32.907161	E-MTAB-451	cercaria_whole_r2	cercaria_whole_r2	ERR022877	cercaria_whole	cercaria	whole_organism	mixed	not_applicable	untreated	0	not_declared	2	SAMEA988624	cerc12	lane_1	${HF_PROJECT_RUNTIME_ROOT}/fastq_ftp/ERR022877_1.fastq.gz	${HF_PROJECT_RUNTIME_ROOT}/fastq_ftp/ERR022877_2.fastq.gz	compatibility/quants/E-MTAB-451/cercaria_whole_r2/quant.sf	TRUE	cercaria	unknown		Writers	Smp_070340	Smp_070340	Smp_070340		protein_coding	SM_V10_Z	82012788	82029571	-	SM_V10_Z:82012788-82029571(-)	5.083518089433997	E-MTAB-451 | cercaria_whole_r2	E-MTAB-451 | not_declared | cercaria_whole | cercaria | whole_organism | mixed	cercaria_whole | cercaria | whole_organism | mixed	-0.9781636820745662
Smp_070340	E-MTAB-451__cercaria_whole_r3	27.642934	E-MTAB-451	cercaria_whole_r3	cercaria_whole_r3	ERR022878	cercaria_whole	cercaria	whole_organism	mixed	not_applicable	untreated	0	not_declared	3	SAMEA988614	cerc13	lane_1	${HF_PROJECT_RUNTIME_ROOT}/fastq_ftp/ERR022878_1.fastq.gz	${HF_PROJECT_RUNTIME_ROOT}/fastq_ftp/ERR022878_2.fastq.gz	compatibility/quants/E-MTAB-451/cercaria_whole_r3/quant.sf	TRUE	cercaria	unknown		Writers	Smp_070340	Smp_070340	Smp_070340		protein_coding	SM_V10_Z	82012788	82029571	-	SM_V10_Z:82012788-82029571(-)	4.8401073755638535	E-MTAB-451 | cercaria_whole_r3	E-MTAB-451 | not_declared | cercaria_whole | cercaria | whole_organism | mixed	cercaria_whole | cercaria | whole_organism | mixed	-1.2575876508175752
Smp_070340	E-MTAB-451__cercarial_tail_r1	21.867506	E-MTAB-451	cercarial_tail_r1	cercarial_tail_r1	ERR022875	cercarial_tail	cercaria	tail	mixed	not_applicable	untreated	0	not_declared	1	SAMEA988620	tail1	lane_1	${HF_PROJECT_RUNTIME_ROOT}/fastq_ftp/ERR022875_1.fastq.gz	${HF_PROJECT_RUNTIME_ROOT}/fastq_ftp/ERR022875_2.fastq.gz	compatibility/quants/E-MTAB-451/cercarial_tail_r1/quant.sf	TRUE	cercaria	unknown		Writers	Smp_070340	Smp_070340	Smp_070340		protein_coding	SM_V10_Z	82012788	82029571	-	SM_V10_Z:82012788-82029571(-)	4.515227124492054	E-MTAB-451 | cercarial_tail_r1	E-MTAB-451 | not_declared | cercarial_tail | cercaria | tail | mixed	cercarial_tail | cercaria | tail | mixed	-1.6305347889174082
Smp_070340	E-MTAB-451__schistosomulum_24h_r1	112.569906	E-MTAB-451	schistosomulum_24h_r1	schistosomulum_24h_r1	ERR022880	schistosomulum_24h	schistosomulum_24h	whole_organism	mixed	not_applicable	untreated	24	not_declared	1	SAMEA988616	somule3	lane_1	${HF_PROJECT_RUNTIME_ROOT}/fastq_ftp/ERR022880_1.fastq.gz	${HF_PROJECT_RUNTIME_ROOT}/fastq_ftp/ERR022880_2.fastq.gz	compatibility/quants/E-MTAB-451/schistosomulum_24h_r1/quant.sf	TRUE	schistosomulum_24h	unknown		Writers	Smp_070340	Smp_070340	Smp_070340		protein_coding	SM_V10_Z	82012788	82029571	-	SM_V10_Z:82012788-82029571(-)	6.827436786797364	E-MTAB-451 | schistosomulum_24h_r1	E-MTAB-451 | not_declared | schistosomulum_24h | schistosomulum_24h | whole_organism | mixed	schistosomulum_24h | schistosomulum_24h | whole_organism | mixed	1.0237723701009147
Smp_070340	E-MTAB-451__schistosomulum_24h_r2	95.26725	E-MTAB-451	schistosomulum_24h_r2	schistosomulum_24h_r2	ERR022881	schistosomulum_24h	schistosomulum_24h	whole_organism	mixed	not_applicable	untreated	24	not_declared	2	SAMEA988622	somule4	lane_1	${HF_PROJECT_RUNTIME_ROOT}/fastq_ftp/ERR022881_1.fastq.gz	${HF_PROJECT_RUNTIME_ROOT}/fastq_ftp/ERR022881_2.fastq.gz	compatibility/quants/E-MTAB-451/schistosomulum_24h_r2/quant.sf	TRUE	schistosomulum_24h	unknown		Writers	Smp_070340	Smp_070340	Smp_070340		protein_coding	SM_V10_Z	82012788	82029571	-	SM_V10_Z:82012788-82029571(-)	6.588973173344693	E-MTAB-451 | schistosomulum_24h_r2	E-MTAB-451 | not_declared | schistosomulum_24h | schistosomulum_24h | whole_organism | mixed	schistosomulum_24h | schistosomulum_24h | whole_organism | mixed	0.7500274382845947
Smp_070340	E-MTAB-451__schistosomulum_24h_r3	103.23838	E-MTAB-451	schistosomulum_24h_r3	schistosomulum_24h_r3	ERR022882	schistosomulum_24h	schistosomulum_24h	whole_organism	mixed	not_applicable	untreated	24	not_declared	3	SAMEA988619	somule5	lane_1	${HF_PROJECT_RUNTIME_ROOT}/fastq_ftp/ERR022882_1.fastq.gz	${HF_PROJECT_RUNTIME_ROOT}/fastq_ftp/ERR022882_2.fastq.gz	compatibility/quants/E-MTAB-451/schistosomulum_24h_r3/quant.sf	TRUE	schistosomulum_24h	unknown		Writers	Smp_070340	Smp_070340	Smp_070340		protein_coding	SM_V10_Z	82012788	82029571	-	SM_V10_Z:82012788-82029571(-)	6.703742757610299	E-MTAB-451 | schistosomulum_24h_r3	E-MTAB-451 | not_declared | schistosomulum_24h | schistosomulum_24h | whole_organism | mixed	schistosomulum_24h | schistosomulum_24h | whole_organism | mixed	0.8817774841909125
Smp_070340	E-MTAB-451__schistosomulum_24h_r4	109.609428	E-MTAB-451	schistosomulum_24h_r4	schistosomulum_24h_r4	ERR022883	schistosomulum_24h	schistosomulum_24h	whole_organism	mixed	not_applicable	untreated	24	not_declared	4	SAMEA988618	somule6	lane_1	${HF_PROJECT_RUNTIME_ROOT}/fastq_ftp/ERR022883_1.fastq.gz	${HF_PROJECT_RUNTIME_ROOT}/fastq_ftp/ERR022883_2.fastq.gz	compatibility/quants/E-MTAB-451/schistosomulum_24h_r4/quant.sf	TRUE	schistosomulum_24h	unknown		Writers	Smp_070340	Smp_070340	Smp_070340		protein_coding	SM_V10_Z	82012788	82029571	-	SM_V10_Z:82012788-82029571(-)	6.789330551379394	E-MTAB-451 | schistosomulum_24h_r4	E-MTAB-451 | not_declared | schistosomulum_24h | schistosomulum_24h | whole_organism | mixed	schistosomulum_24h | schistosomulum_24h | whole_organism | mixed	0.9800282169983322
Smp_070340	E-MTAB-451__schistosomulum_3h_r1	64.79203	E-MTAB-451	schistosomulum_3h_r1	schistosomulum_3h_r1	ERR022874	schistosomulum_3h	schistosomulum_3h	whole_organism	mixed	not_applicable	untreated	3	not_declared	1	SAMEA988621	somule1	lane_1	${HF_PROJECT_RUNTIME_ROOT}/fastq_ftp/ERR022874_1.fastq.gz	${HF_PROJECT_RUNTIME_ROOT}/fastq_ftp/ERR022874_2.fastq.gz	compatibility/quants/E-MTAB-451/schistosomulum_3h_r1/quant.sf	TRUE	schistosomulum_3h	unknown		Writers	Smp_070340	Smp_070340	Smp_070340		protein_coding	SM_V10_Z	82012788	82029571	-	SM_V10_Z:82012788-82029571(-)	6.039840922375318	E-MTAB-451 | schistosomulum_3h_r1	E-MTAB-451 | not_declared | schistosomulum_3h | schistosomulum_3h | whole_organism | mixed	schistosomulum_3h | schistosomulum_3h | whole_organism | mixed	0.11964962750136289
Smp_070340	E-MTAB-451__schistosomulum_3h_r2	103.186845	E-MTAB-451	schistosomulum_3h_r2	schistosomulum_3h_r2	ERR022879	schistosomulum_3h	schistosomulum_3h	whole_organism	mixed	not_applicable	untreated	3	not_declared	2	SAMEA988617	somule2	lane_1	${HF_PROJECT_RUNTIME_ROOT}/fastq_ftp/ERR022879_1.fastq.gz	${HF_PROJECT_RUNTIME_ROOT}/fastq_ftp/ERR022879_2.fastq.gz	compatibility/quants/E-MTAB-451/schistosomulum_3h_r2/quant.sf	TRUE	schistosomulum_3h	unknown		Writers	Smp_070340	Smp_070340	Smp_070340		protein_coding	SM_V10_Z	82012788	82029571	-	SM_V10_Z:82012788-82029571(-)	6.70302931910546	E-MTAB-451 | schistosomulum_3h_r2	E-MTAB-451 | not_declared | schistosomulum_3h | schistosomulum_3h | whole_organism | mixed	schistosomulum_3h | schistosomulum_3h | whole_organism | mixed	0.8809584905841541
Smp_074050	E-MTAB-451__adult_mixed_r1	18.126473	E-MTAB-451	adult_mixed_r1	adult_mixed_r1	ERR022873	adult_mixed	adult	whole_organism	mixed	not_applicable	untreated	not_applicable	not_declared	1	SAMEA988615	adult2	lane_1	${HF_PROJECT_RUNTIME_ROOT}/fastq_ftp/ERR022873_1.fastq.gz	${HF_PROJECT_RUNTIME_ROOT}/fastq_ftp/ERR022873_2.fastq.gz	compatibility/quants/E-MTAB-451/adult_mixed_r1/quant.sf	TRUE	adult	unknown		Readers	Smp_074050	Smp_074050	Smp_074050		protein_coding	SM_V10_3	14968867	14981290	-	SM_V10_3:14968867-14981290(-)	4.25749895422011	E-MTAB-451 | adult_mixed_r1	E-MTAB-451 | not_declared | adult_mixed | adult | whole_organism | mixed	adult_mixed | adult | whole_organism | mixed	-1.569798306763347
Smp_074050	E-MTAB-451__cercaria_whole_r1	33.651247	E-MTAB-451	cercaria_whole_r1	cercaria_whole_r1	ERR022872	cercaria_whole	cercaria	whole_organism	mixed	not_applicable	untreated	0	not_declared	1	SAMEA988623	cerc10a	lane_1	${HF_PROJECT_RUNTIME_ROOT}/fastq_ftp/ERR022872_1.fastq.gz	${HF_PROJECT_RUNTIME_ROOT}/fastq_ftp/ERR022872_2.fastq.gz	compatibility/quants/E-MTAB-451/cercaria_whole_r1/quant.sf	TRUE	cercaria	unknown		Readers	Smp_074050	Smp_074050	Smp_074050		protein_coding	SM_V10_3	14968867	14981290	-	SM_V10_3:14968867-14981290(-)	5.11483536668259	E-MTAB-451 | cercaria_whole_r1	E-MTAB-451 | not_declared | cercaria_whole | cercaria | whole_organism | mixed	cercaria_whole | cercaria | whole_organism | mixed	0.170646662343186
Smp_074050	E-MTAB-451__cercaria_whole_r2	30.878193	E-MTAB-451	cercaria_whole_r2	cercaria_whole_r2	ERR022877	cercaria_whole	cercaria	whole_organism	mixed	not_applicable	untreated	0	not_declared	2	SAMEA988624	cerc12	lane_1	${HF_PROJECT_RUNTIME_ROOT}/fastq_ftp/ERR022877_1.fastq.gz	${HF_PROJECT_RUNTIME_ROOT}/fastq_ftp/ERR022877_2.fastq.gz	compatibility/quants/E-MTAB-451/cercaria_whole_r2/quant.sf	TRUE	cercaria	unknown		Readers	Smp_074050	Smp_074050	Smp_074050		protein_coding	SM_V10_3	14968867	14981290	-	SM_V10_3:14968867-14981290(-)	4.994497948060655	E-MTAB-451 | cercaria_whole_r2	E-MTAB-451 | not_declared | cercaria_whole | cercaria | whole_organism | mixed	cercaria_whole | cercaria | whole_organism | mixed	-0.073645603553056
Smp_074050	E-MTAB-451__cercaria_whole_r3	26.253432	E-MTAB-451	cercaria_whole_r3	cercaria_whole_r3	ERR022878	cercaria_whole	cercaria	whole_organism	mixed	not_applicable	untreated	0	not_declared	3	SAMEA988614	cerc13	lane_1	${HF_PROJECT_RUNTIME_ROOT}/fastq_ftp/ERR022878_1.fastq.gz	${HF_PROJECT_RUNTIME_ROOT}/fastq_ftp/ERR022878_2.fastq.gz	compatibility/quants/E-MTAB-451/cercaria_whole_r3/quant.sf	TRUE	cercaria	unknown		Readers	Smp_074050	Smp_074050	Smp_074050		protein_coding	SM_V10_3	14968867	14981290	-	SM_V10_3:14968867-14981290(-)	4.768366013496524	E-MTAB-451 | cercaria_whole_r3	E-MTAB-451 | not_declared | cercaria_whole | cercaria | whole_organism | mixed	cercaria_whole | cercaria | whole_organism | mixed	-0.5327071599566139
Smp_074050	E-MTAB-451__cercarial_tail_r1	16.362988	E-MTAB-451	cercarial_tail_r1	cercarial_tail_r1	ERR022875	cercarial_tail	cercaria	tail	mixed	not_applicable	untreated	0	not_declared	1	SAMEA988620	tail1	lane_1	${HF_PROJECT_RUNTIME_ROOT}/fastq_ftp/ERR022875_1.fastq.gz	${HF_PROJECT_RUNTIME_ROOT}/fastq_ftp/ERR022875_2.fastq.gz	compatibility/quants/E-MTAB-451/cercarial_tail_r1/quant.sf	TRUE	cercaria	unknown		Readers	Smp_074050	Smp_074050	Smp_074050		protein_coding	SM_V10_3	14968867	14981290	-	SM_V10_3:14968867-14981290(-)	4.117943337706623	E-MTAB-451 | cercarial_tail_r1	E-MTAB-451 | not_declared | cercarial_tail | cercaria | tail | mixed	cercarial_tail | cercaria | tail | mixed	-1.8531046811815555
Smp_074050	E-MTAB-451__schistosomulum_24h_r1	49.749236	E-MTAB-451	schistosomulum_24h_r1	schistosomulum_24h_r1	ERR022880	schistosomulum_24h	schistosomulum_24h	whole_organism	mixed	not_applicable	untreated	24	not_declared	1	SAMEA988616	somule3	lane_1	${HF_PROJECT_RUNTIME_ROOT}/fastq_ftp/ERR022880_1.fastq.gz	${HF_PROJECT_RUNTIME_ROOT}/fastq_ftp/ERR022880_2.fastq.gz	compatibility/quants/E-MTAB-451/schistosomulum_24h_r1/quant.sf	TRUE	schistosomulum_24h	unknown		Readers	Smp_074050	Smp_074050	Smp_074050		protein_coding	SM_V10_3	14968867	14981290	-	SM_V10_3:14968867-14981290(-)	5.66531419842049	E-MTAB-451 | schistosomulum_24h_r1	E-MTAB-451 | not_declared | schistosomulum_24h | schistosomulum_24h | whole_organism | mixed	schistosomulum_24h | schistosomulum_24h | whole_organism | mixed	1.2881521122120823
Smp_074050	E-MTAB-451__schistosomulum_24h_r2	32.396021	E-MTAB-451	schistosomulum_24h_r2	schistosomulum_24h_r2	ERR022881	schistosomulum_24h	schistosomulum_24h	whole_organism	mixed	not_applicable	untreated	24	not_declared	2	SAMEA988622	somule4	lane_1	${HF_PROJECT_RUNTIME_ROOT}/fastq_ftp/ERR022881_1.fastq.gz	${HF_PROJECT_RUNTIME_ROOT}/fastq_ftp/ERR022881_2.fastq.gz	compatibility/quants/E-MTAB-451/schistosomulum_24h_r2/quant.sf	TRUE	schistosomulum_24h	unknown		Readers	Smp_074050	Smp_074050	Smp_074050		protein_coding	SM_V10_3	14968867	14981290	-	SM_V10_3:14968867-14981290(-)	5.061604316582745	E-MTAB-451 | schistosomulum_24h_r2	E-MTAB-451 | not_declared | schistosomulum_24h | schistosomulum_24h | whole_organism | mixed	schistosomulum_24h | schistosomulum_24h | whole_organism | mixed	0.06258439880251523
Smp_074050	E-MTAB-451__schistosomulum_24h_r3	37.02738	E-MTAB-451	schistosomulum_24h_r3	schistosomulum_24h_r3	ERR022882	schistosomulum_24h	schistosomulum_24h	whole_organism	mixed	not_applicable	untreated	24	not_declared	3	SAMEA988619	somule5	lane_1	${HF_PROJECT_RUNTIME_ROOT}/fastq_ftp/ERR022882_1.fastq.gz	${HF_PROJECT_RUNTIME_ROOT}/fastq_ftp/ERR022882_2.fastq.gz	compatibility/quants/E-MTAB-451/schistosomulum_24h_r3/quant.sf	TRUE	schistosomulum_24h	unknown		Readers	Smp_074050	Smp_074050	Smp_074050		protein_coding	SM_V10_3	14968867	14981290	-	SM_V10_3:14968867-14981290(-)	5.2489666388725364	E-MTAB-451 | schistosomulum_24h_r3	E-MTAB-451 | not_declared | schistosomulum_24h | schistosomulum_24h | whole_organism | mixed	schistosomulum_24h | schistosomulum_24h | whole_organism | mixed	0.44294128845422526
Smp_074050	E-MTAB-451__schistosomulum_24h_r4	39.118076	E-MTAB-451	schistosomulum_24h_r4	schistosomulum_24h_r4	ERR022883	schistosomulum_24h	schistosomulum_24h	whole_organism	mixed	not_applicable	untreated	24	not_declared	4	SAMEA988618	somule6	lane_1	${HF_PROJECT_RUNTIME_ROOT}/fastq_ftp/ERR022883_1.fastq.gz	${HF_PROJECT_RUNTIME_ROOT}/fastq_ftp/ERR022883_2.fastq.gz	compatibility/quants/E-MTAB-451/schistosomulum_24h_r4/quant.sf	TRUE	schistosomulum_24h	unknown		Readers	Smp_074050	Smp_074050	Smp_074050		protein_coding	SM_V10_3	14968867	14981290	-	SM_V10_3:14968867-14981290(-)	5.326180513105208	E-MTAB-451 | schistosomulum_24h_r4	E-MTAB-451 | not_declared | schistosomulum_24h | schistosomulum_24h | whole_organism | mixed	schistosomulum_24h | schistosomulum_24h | whole_organism | mixed	0.5996901410633041
Smp_074050	E-MTAB-451__schistosomulum_3h_r1	34.447749	E-MTAB-451	schistosomulum_3h_r1	schistosomulum_3h_r1	ERR022874	schistosomulum_3h	schistosomulum_3h	whole_organism	mixed	not_applicable	untreated	3	not_declared	1	SAMEA988621	somule1	lane_1	${HF_PROJECT_RUNTIME_ROOT}/fastq_ftp/ERR022874_1.fastq.gz	${HF_PROJECT_RUNTIME_ROOT}/fastq_ftp/ERR022874_2.fastq.gz	compatibility/quants/E-MTAB-451/schistosomulum_3h_r1/quant.sf	TRUE	schistosomulum_3h	unknown		Readers	Smp_074050	Smp_074050	Smp_074050		protein_coding	SM_V10_3	14968867	14981290	-	SM_V10_3:14968867-14981290(-)	5.147622111360721	E-MTAB-451 | schistosomulum_3h_r1	E-MTAB-451 | not_declared | schistosomulum_3h | schistosomulum_3h | whole_organism | mixed	schistosomulum_3h | schistosomulum_3h | whole_organism | mixed	0.23720574463450284
Smp_074050	E-MTAB-451__schistosomulum_3h_r2	48.718158	E-MTAB-451	schistosomulum_3h_r2	schistosomulum_3h_r2	ERR022879	schistosomulum_3h	schistosomulum_3h	whole_organism	mixed	not_applicable	untreated	3	not_declared	2	SAMEA988617	somule2	lane_1	${HF_PROJECT_RUNTIME_ROOT}/fastq_ftp/ERR022879_1.fastq.gz	${HF_PROJECT_RUNTIME_ROOT}/fastq_ftp/ERR022879_2.fastq.gz	compatibility/quants/E-MTAB-451/schistosomulum_3h_r2/quant.sf	TRUE	schistosomulum_3h	unknown		Readers	Smp_074050	Smp_074050	Smp_074050		protein_coding	SM_V10_3	14968867	14981290	-	SM_V10_3:14968867-14981290(-)	5.635700942092476	E-MTAB-451 | schistosomulum_3h_r2	E-MTAB-451 | not_declared | schistosomulum_3h | schistosomulum_3h | whole_organism | mixed	schistosomulum_3h | schistosomulum_3h | whole_organism | mixed	1.2280354039447658
Smp_078280	E-MTAB-451__adult_mixed_r1	5.901409	E-MTAB-451	adult_mixed_r1	adult_mixed_r1	ERR022873	adult_mixed	adult	whole_organism	mixed	not_applicable	untreated	not_applicable	not_declared	1	SAMEA988615	adult2	lane_1	${HF_PROJECT_RUNTIME_ROOT}/fastq_ftp/ERR022873_1.fastq.gz	${HF_PROJECT_RUNTIME_ROOT}/fastq_ftp/ERR022873_2.fastq.gz	compatibility/quants/E-MTAB-451/adult_mixed_r1/quant.sf	TRUE	adult	unknown		Readers	Smp_078280	Smp_078280	Smp_078280		protein_coding	SM_V10_Z	41238413	41265993	+	SM_V10_Z:41238413-41265993(+)	2.786890934324632	E-MTAB-451 | adult_mixed_r1	E-MTAB-451 | not_declared | adult_mixed | adult | whole_organism | mixed	adult_mixed | adult | whole_organism | mixed	-0.7183817798002823
Smp_078280	E-MTAB-451__cercaria_whole_r1	7.88131	E-MTAB-451	cercaria_whole_r1	cercaria_whole_r1	ERR022872	cercaria_whole	cercaria	whole_organism	mixed	not_applicable	untreated	0	not_declared	1	SAMEA988623	cerc10a	lane_1	${HF_PROJECT_RUNTIME_ROOT}/fastq_ftp/ERR022872_1.fastq.gz	${HF_PROJECT_RUNTIME_ROOT}/fastq_ftp/ERR022872_2.fastq.gz	compatibility/quants/E-MTAB-451/cercaria_whole_r1/quant.sf	TRUE	cercaria	unknown		Readers	Smp_078280	Smp_078280	Smp_078280		protein_coding	SM_V10_Z	41238413	41265993	+	SM_V10_Z:41238413-41265993(+)	3.1507724908899775	E-MTAB-451 | cercaria_whole_r1	E-MTAB-451 | not_declared | cercaria_whole | cercaria | whole_organism | mixed	cercaria_whole | cercaria | whole_organism | mixed	0.21338388271469086
Smp_078280	E-MTAB-451__cercaria_whole_r2	7.783128	E-MTAB-451	cercaria_whole_r2	cercaria_whole_r2	ERR022877	cercaria_whole	cercaria	whole_organism	mixed	not_applicable	untreated	0	not_declared	2	SAMEA988624	cerc12	lane_1	${HF_PROJECT_RUNTIME_ROOT}/fastq_ftp/ERR022877_1.fastq.gz	${HF_PROJECT_RUNTIME_ROOT}/fastq_ftp/ERR022877_2.fastq.gz	compatibility/quants/E-MTAB-451/cercaria_whole_r2/quant.sf	TRUE	cercaria	unknown		Readers	Smp_078280	Smp_078280	Smp_078280		protein_coding	SM_V10_Z	41238413	41265993	+	SM_V10_Z:41238413-41265993(+)	3.1347348288737362	E-MTAB-451 | cercaria_whole_r2	E-MTAB-451 | not_declared | cercaria_whole | cercaria | whole_organism | mixed	cercaria_whole | cercaria | whole_organism | mixed	0.17231738043080627
Smp_078280	E-MTAB-451__cercaria_whole_r3	7.112349	E-MTAB-451	cercaria_whole_r3	cercaria_whole_r3	ERR022878	cercaria_whole	cercaria	whole_organism	mixed	not_applicable	untreated	0	not_declared	3	SAMEA988614	cerc13	lane_1	${HF_PROJECT_RUNTIME_ROOT}/fastq_ftp/ERR022878_1.fastq.gz	${HF_PROJECT_RUNTIME_ROOT}/fastq_ftp/ERR022878_2.fastq.gz	compatibility/quants/E-MTAB-451/cercaria_whole_r3/quant.sf	TRUE	cercaria	unknown		Readers	Smp_078280	Smp_078280	Smp_078280		protein_coding	SM_V10_Z	41238413	41265993	+	SM_V10_Z:41238413-41265993(+)	3.020119719616723	E-MTAB-451 | cercaria_whole_r3	E-MTAB-451 | not_declared | cercaria_whole | cercaria | whole_organism | mixed	cercaria_whole | cercaria | whole_organism | mixed	-0.1211693909766614
Smp_078280	E-MTAB-451__cercarial_tail_r1	5.139178	E-MTAB-451	cercarial_tail_r1	cercarial_tail_r1	ERR022875	cercarial_tail	cercaria	tail	mixed	not_applicable	untreated	0	not_declared	1	SAMEA988620	tail1	lane_1	${HF_PROJECT_RUNTIME_ROOT}/fastq_ftp/ERR022875_1.fastq.gz	${HF_PROJECT_RUNTIME_ROOT}/fastq_ftp/ERR022875_2.fastq.gz	compatibility/quants/E-MTAB-451/cercarial_tail_r1/quant.sf	TRUE	cercaria	unknown		Readers	Smp_078280	Smp_078280	Smp_078280		protein_coding	SM_V10_Z	41238413	41265993	+	SM_V10_Z:41238413-41265993(+)	2.618045500104854	E-MTAB-451 | cercarial_tail_r1	E-MTAB-451 | not_declared | cercarial_tail | cercaria | tail | mixed	cercarial_tail | cercaria | tail | mixed	-1.1507322934217872
Smp_078280	E-MTAB-451__schistosomulum_24h_r1	10.866341	E-MTAB-451	schistosomulum_24h_r1	schistosomulum_24h_r1	ERR022880	schistosomulum_24h	schistosomulum_24h	whole_organism	mixed	not_applicable	untreated	24	not_declared	1	SAMEA988616	somule3	lane_1	${HF_PROJECT_RUNTIME_ROOT}/fastq_ftp/ERR022880_1.fastq.gz	${HF_PROJECT_RUNTIME_ROOT}/fastq_ftp/ERR022880_2.fastq.gz	compatibility/quants/E-MTAB-451/schistosomulum_24h_r1/quant.sf	TRUE	schistosomulum_24h	unknown		Readers	Smp_078280	Smp_078280	Smp_078280		protein_coding	SM_V10_Z	41238413	41265993	+	SM_V10_Z:41238413-41265993(+)	3.5688032417512354	E-MTAB-451 | schistosomulum_24h_r1	E-MTAB-451 | not_declared | schistosomulum_24h | schistosomulum_24h | whole_organism | mixed	schistosomulum_24h | schistosomulum_24h | whole_organism | mixed	1.2838055419062153
Smp_078280	E-MTAB-451__schistosomulum_24h_r2	9.556276	E-MTAB-451	schistosomulum_24h_r2	schistosomulum_24h_r2	ERR022881	schistosomulum_24h	schistosomulum_24h	whole_organism	mixed	not_applicable	untreated	24	not_declared	2	SAMEA988622	somule4	lane_1	${HF_PROJECT_RUNTIME_ROOT}/fastq_ftp/ERR022881_1.fastq.gz	${HF_PROJECT_RUNTIME_ROOT}/fastq_ftp/ERR022881_2.fastq.gz	compatibility/quants/E-MTAB-451/schistosomulum_24h_r2/quant.sf	TRUE	schistosomulum_24h	unknown		Readers	Smp_078280	Smp_078280	Smp_078280		protein_coding	SM_V10_Z	41238413	41265993	+	SM_V10_Z:41238413-41265993(+)	3.400029071261554	E-MTAB-451 | schistosomulum_24h_r2	E-MTAB-451 | not_declared | schistosomulum_24h | schistosomulum_24h | whole_organism | mixed	schistosomulum_24h | schistosomulum_24h | whole_organism | mixed	0.8516375082579014
Smp_078280	E-MTAB-451__schistosomulum_24h_r3	10.252193	E-MTAB-451	schistosomulum_24h_r3	schistosomulum_24h_r3	ERR022882	schistosomulum_24h	schistosomulum_24h	whole_organism	mixed	not_applicable	untreated	24	not_declared	3	SAMEA988619	somule5	lane_1	${HF_PROJECT_RUNTIME_ROOT}/fastq_ftp/ERR022882_1.fastq.gz	${HF_PROJECT_RUNTIME_ROOT}/fastq_ftp/ERR022882_2.fastq.gz	compatibility/quants/E-MTAB-451/schistosomulum_24h_r3/quant.sf	TRUE	schistosomulum_24h	unknown		Readers	Smp_078280	Smp_078280	Smp_078280		protein_coding	SM_V10_Z	41238413	41265993	+	SM_V10_Z:41238413-41265993(+)	3.492134298276053	E-MTAB-451 | schistosomulum_24h_r3	E-MTAB-451 | not_declared | schistosomulum_24h | schistosomulum_24h | whole_organism | mixed	schistosomulum_24h | schistosomulum_24h | whole_organism | mixed	1.0874848226431386
Smp_078280	E-MTAB-451__schistosomulum_24h_r4	9.931301	E-MTAB-451	schistosomulum_24h_r4	schistosomulum_24h_r4	ERR022883	schistosomulum_24h	schistosomulum_24h	whole_organism	mixed	not_applicable	untreated	24	not_declared	4	SAMEA988618	somule6	lane_1	${HF_PROJECT_RUNTIME_ROOT}/fastq_ftp/ERR022883_1.fastq.gz	${HF_PROJECT_RUNTIME_ROOT}/fastq_ftp/ERR022883_2.fastq.gz	compatibility/quants/E-MTAB-451/schistosomulum_24h_r4/quant.sf	TRUE	schistosomulum_24h	unknown		Readers	Smp_078280	Smp_078280	Smp_078280		protein_coding	SM_V10_Z	41238413	41265993	+	SM_V10_Z:41238413-41265993(+)	3.450393209945709	E-MTAB-451 | schistosomulum_24h_r4	E-MTAB-451 | not_declared | schistosomulum_24h | schistosomulum_24h | whole_organism | mixed	schistosomulum_24h | schistosomulum_24h | whole_organism | mixed	0.9806013818078113
Smp_078280	E-MTAB-451__schistosomulum_3h_r1	4.443226	E-MTAB-451	schistosomulum_3h_r1	schistosomulum_3h_r1	ERR022874	schistosomulum_3h	schistosomulum_3h	whole_organism	mixed	not_applicable	untreated	3	not_declared	1	SAMEA988621	somule1	lane_1	${HF_PROJECT_RUNTIME_ROOT}/fastq_ftp/ERR022874_1.fastq.gz	${HF_PROJECT_RUNTIME_ROOT}/fastq_ftp/ERR022874_2.fastq.gz	compatibility/quants/E-MTAB-451/schistosomulum_3h_r1/quant.sf	TRUE	schistosomulum_3h	unknown		Readers	Smp_078280	Smp_078280	Smp_078280		protein_coding	SM_V10_Z	41238413	41265993	+	SM_V10_Z:41238413-41265993(+)	2.4444619372774934	E-MTAB-451 | schistosomulum_3h_r1	E-MTAB-451 | not_declared | schistosomulum_3h | schistosomulum_3h | whole_organism | mixed	schistosomulum_3h | schistosomulum_3h | whole_organism | mixed	-1.5952153965122293
Smp_078280	E-MTAB-451__schistosomulum_3h_r2	5.388395	E-MTAB-451	schistosomulum_3h_r2	schistosomulum_3h_r2	ERR022879	schistosomulum_3h	schistosomulum_3h	whole_organism	mixed	not_applicable	untreated	3	not_declared	2	SAMEA988617	somule2	lane_1	${HF_PROJECT_RUNTIME_ROOT}/fastq_ftp/ERR022879_1.fastq.gz	${HF_PROJECT_RUNTIME_ROOT}/fastq_ftp/ERR022879_2.fastq.gz	compatibility/quants/E-MTAB-451/schistosomulum_3h_r2/quant.sf	TRUE	schistosomulum_3h	unknown		Readers	Smp_078280	Smp_078280	Smp_078280		protein_coding	SM_V10_Z	41238413	41265993	+	SM_V10_Z:41238413-41265993(+)	2.6754535185918473	E-MTAB-451 | schistosomulum_3h_r2	E-MTAB-451 | not_declared | schistosomulum_3h | schistosomulum_3h | whole_organism | mixed	schistosomulum_3h | schistosomulum_3h | whole_organism | mixed	-1.003731657049607
Smp_078900	E-MTAB-451__adult_mixed_r1	10.835966	E-MTAB-451	adult_mixed_r1	adult_mixed_r1	ERR022873	adult_mixed	adult	whole_organism	mixed	not_applicable	untreated	not_applicable	not_declared	1	SAMEA988615	adult2	lane_1	${HF_PROJECT_RUNTIME_ROOT}/fastq_ftp/ERR022873_1.fastq.gz	${HF_PROJECT_RUNTIME_ROOT}/fastq_ftp/ERR022873_2.fastq.gz	compatibility/quants/E-MTAB-451/adult_mixed_r1/quant.sf	TRUE	adult	unknown		Writers	Smp_078900	Smp_078900	Smp_078900		protein_coding	SM_V10_Z	85596879	85619894	+	SM_V10_Z:85596879-85619894(+)	3.5651055522515165	E-MTAB-451 | adult_mixed_r1	E-MTAB-451 | not_declared | adult_mixed | adult | whole_organism | mixed	adult_mixed | adult | whole_organism | mixed	-0.16062765790290073
Smp_078900	E-MTAB-451__cercaria_whole_r1	8.921746	E-MTAB-451	cercaria_whole_r1	cercaria_whole_r1	ERR022872	cercaria_whole	cercaria	whole_organism	mixed	not_applicable	untreated	0	not_declared	1	SAMEA988623	cerc10a	lane_1	${HF_PROJECT_RUNTIME_ROOT}/fastq_ftp/ERR022872_1.fastq.gz	${HF_PROJECT_RUNTIME_ROOT}/fastq_ftp/ERR022872_2.fastq.gz	compatibility/quants/E-MTAB-451/cercaria_whole_r1/quant.sf	TRUE	cercaria	unknown		Writers	Smp_078900	Smp_078900	Smp_078900		protein_coding	SM_V10_Z	85596879	85619894	+	SM_V10_Z:85596879-85619894(+)	3.3105940242300975	E-MTAB-451 | cercaria_whole_r1	E-MTAB-451 | not_declared | cercaria_whole | cercaria | whole_organism | mixed	cercaria_whole | cercaria | whole_organism | mixed	-0.5666838243763054
Smp_078900	E-MTAB-451__cercaria_whole_r2	8.156883	E-MTAB-451	cercaria_whole_r2	cercaria_whole_r2	ERR022877	cercaria_whole	cercaria	whole_organism	mixed	not_applicable	untreated	0	not_declared	2	SAMEA988624	cerc12	lane_1	${HF_PROJECT_RUNTIME_ROOT}/fastq_ftp/ERR022877_1.fastq.gz	${HF_PROJECT_RUNTIME_ROOT}/fastq_ftp/ERR022877_2.fastq.gz	compatibility/quants/E-MTAB-451/cercaria_whole_r2/quant.sf	TRUE	cercaria	unknown		Writers	Smp_078900	Smp_078900	Smp_078900		protein_coding	SM_V10_Z	85596879	85619894	+	SM_V10_Z:85596879-85619894(+)	3.1948565889637104	E-MTAB-451 | cercaria_whole_r2	E-MTAB-451 | not_declared | cercaria_whole | cercaria | whole_organism | mixed	cercaria_whole | cercaria | whole_organism | mixed	-0.7513351823995771
Smp_078900	E-MTAB-451__cercaria_whole_r3	7.856261	E-MTAB-451	cercaria_whole_r3	cercaria_whole_r3	ERR022878	cercaria_whole	cercaria	whole_organism	mixed	not_applicable	untreated	0	not_declared	3	SAMEA988614	cerc13	lane_1	${HF_PROJECT_RUNTIME_ROOT}/fastq_ftp/ERR022878_1.fastq.gz	${HF_PROJECT_RUNTIME_ROOT}/fastq_ftp/ERR022878_2.fastq.gz	compatibility/quants/E-MTAB-451/cercaria_whole_r3/quant.sf	TRUE	cercaria	unknown		Writers	Smp_078900	Smp_078900	Smp_078900		protein_coding	SM_V10_Z	85596879	85619894	+	SM_V10_Z:85596879-85619894(+)	3.1466977399443437	E-MTAB-451 | cercaria_whole_r3	E-MTAB-451 | not_declared | cercaria_whole | cercaria | whole_organism | mixed	cercaria_whole | cercaria | whole_organism | mixed	-0.8281694137076766
Smp_078900	E-MTAB-451__cercarial_tail_r1	4.38667	E-MTAB-451	cercarial_tail_r1	cercarial_tail_r1	ERR022875	cercarial_tail	cercaria	tail	mixed	not_applicable	untreated	0	not_declared	1	SAMEA988620	tail1	lane_1	${HF_PROJECT_RUNTIME_ROOT}/fastq_ftp/ERR022875_1.fastq.gz	${HF_PROJECT_RUNTIME_ROOT}/fastq_ftp/ERR022875_2.fastq.gz	compatibility/quants/E-MTAB-451/cercarial_tail_r1/quant.sf	TRUE	cercaria	unknown		Writers	Smp_078900	Smp_078900	Smp_078900		protein_coding	SM_V10_Z	85596879	85619894	+	SM_V10_Z:85596879-85619894(+)	2.4293936850124696	E-MTAB-451 | cercarial_tail_r1	E-MTAB-451 | not_declared | cercarial_tail | cercaria | tail | mixed	cercarial_tail | cercaria | tail | mixed	-1.9725801875762503
Smp_078900	E-MTAB-451__schistosomulum_24h_r1	23.289485	E-MTAB-451	schistosomulum_24h_r1	schistosomulum_24h_r1	ERR022880	schistosomulum_24h	schistosomulum_24h	whole_organism	mixed	not_applicable	untreated	24	not_declared	1	SAMEA988616	somule3	lane_1	${HF_PROJECT_RUNTIME_ROOT}/fastq_ftp/ERR022880_1.fastq.gz	${HF_PROJECT_RUNTIME_ROOT}/fastq_ftp/ERR022880_2.fastq.gz	compatibility/quants/E-MTAB-451/schistosomulum_24h_r1/quant.sf	TRUE	schistosomulum_24h	unknown		Writers	Smp_078900	Smp_078900	Smp_078900		protein_coding	SM_V10_Z	85596879	85619894	+	SM_V10_Z:85596879-85619894(+)	4.602259996313482	E-MTAB-451 | schistosomulum_24h_r1	E-MTAB-451 | not_declared | schistosomulum_24h | schistosomulum_24h | whole_organism | mixed	schistosomulum_24h | schistosomulum_24h | whole_organism | mixed	1.4940830770906612
Smp_078900	E-MTAB-451__schistosomulum_24h_r2	16.566643	E-MTAB-451	schistosomulum_24h_r2	schistosomulum_24h_r2	ERR022881	schistosomulum_24h	schistosomulum_24h	whole_organism	mixed	not_applicable	untreated	24	not_declared	2	SAMEA988622	somule4	lane_1	${HF_PROJECT_RUNTIME_ROOT}/fastq_ftp/ERR022881_1.fastq.gz	${HF_PROJECT_RUNTIME_ROOT}/fastq_ftp/ERR022881_2.fastq.gz	compatibility/quants/E-MTAB-451/schistosomulum_24h_r2/quant.sf	TRUE	schistosomulum_24h	unknown		Writers	Smp_078900	Smp_078900	Smp_078900		protein_coding	SM_V10_Z	85596879	85619894	+	SM_V10_Z:85596879-85619894(+)	4.134766612358546	E-MTAB-451 | schistosomulum_24h_r2	E-MTAB-451 | not_declared | schistosomulum_24h | schistosomulum_24h | whole_organism | mixed	schistosomulum_24h | schistosomulum_24h | whole_organism | mixed	0.74822856583864
Smp_078900	E-MTAB-451__schistosomulum_24h_r3	14.320439	E-MTAB-451	schistosomulum_24h_r3	schistosomulum_24h_r3	ERR022882	schistosomulum_24h	schistosomulum_24h	whole_organism	mixed	not_applicable	untreated	24	not_declared	3	SAMEA988619	somule5	lane_1	${HF_PROJECT_RUNTIME_ROOT}/fastq_ftp/ERR022882_1.fastq.gz	${HF_PROJECT_RUNTIME_ROOT}/fastq_ftp/ERR022882_2.fastq.gz	compatibility/quants/E-MTAB-451/schistosomulum_24h_r3/quant.sf	TRUE	schistosomulum_24h	unknown		Writers	Smp_078900	Smp_078900	Smp_078900		protein_coding	SM_V10_Z	85596879	85619894	+	SM_V10_Z:85596879-85619894(+)	3.9373857324928427	E-MTAB-451 | schistosomulum_24h_r3	E-MTAB-451 | not_declared | schistosomulum_24h | schistosomulum_24h | whole_organism | mixed	schistosomulum_24h | schistosomulum_24h | whole_organism | mixed	0.43332053775643026
Smp_078900	E-MTAB-451__schistosomulum_24h_r4	17.934893	E-MTAB-451	schistosomulum_24h_r4	schistosomulum_24h_r4	ERR022883	schistosomulum_24h	schistosomulum_24h	whole_organism	mixed	not_applicable	untreated	24	not_declared	4	SAMEA988618	somule6	lane_1	${HF_PROJECT_RUNTIME_ROOT}/fastq_ftp/ERR022883_1.fastq.gz	${HF_PROJECT_RUNTIME_ROOT}/fastq_ftp/ERR022883_2.fastq.gz	compatibility/quants/E-MTAB-451/schistosomulum_24h_r4/quant.sf	TRUE	schistosomulum_24h	unknown		Writers	Smp_078900	Smp_078900	Smp_078900		protein_coding	SM_V10_Z	85596879	85619894	+	SM_V10_Z:85596879-85619894(+)	4.2429753635453675	E-MTAB-451 | schistosomulum_24h_r4	E-MTAB-451 | not_declared | schistosomulum_24h | schistosomulum_24h | whole_organism | mixed	schistosomulum_24h | schistosomulum_24h | whole_organism | mixed	0.9208684105929311
Smp_078900	E-MTAB-451__schistosomulum_3h_r1	10.977913	E-MTAB-451	schistosomulum_3h_r1	schistosomulum_3h_r1	ERR022874	schistosomulum_3h	schistosomulum_3h	whole_organism	mixed	not_applicable	untreated	3	not_declared	1	SAMEA988621	somule1	lane_1	${HF_PROJECT_RUNTIME_ROOT}/fastq_ftp/ERR022874_1.fastq.gz	${HF_PROJECT_RUNTIME_ROOT}/fastq_ftp/ERR022874_2.fastq.gz	compatibility/quants/E-MTAB-451/schistosomulum_3h_r1/quant.sf	TRUE	schistosomulum_3h	unknown		Writers	Smp_078900	Smp_078900	Smp_078900		protein_coding	SM_V10_Z	85596879	85619894	+	SM_V10_Z:85596879-85619894(+)	3.582304653528156	E-MTAB-451 | schistosomulum_3h_r1	E-MTAB-451 | not_declared | schistosomulum_3h | schistosomulum_3h | whole_organism | mixed	schistosomulum_3h | schistosomulum_3h | whole_organism | mixed	-0.13318763903431566
Smp_078900	E-MTAB-451__schistosomulum_3h_r2	17.092216	E-MTAB-451	schistosomulum_3h_r2	schistosomulum_3h_r2	ERR022879	schistosomulum_3h	schistosomulum_3h	whole_organism	mixed	not_applicable	untreated	3	not_declared	2	SAMEA988617	somule2	lane_1	${HF_PROJECT_RUNTIME_ROOT}/fastq_ftp/ERR022879_1.fastq.gz	${HF_PROJECT_RUNTIME_ROOT}/fastq_ftp/ERR022879_2.fastq.gz	compatibility/quants/E-MTAB-451/schistosomulum_3h_r2/quant.sf	TRUE	schistosomulum_3h	unknown		Writers	Smp_078900	Smp_078900	Smp_078900		protein_coding	SM_V10_Z	85596879	85619894	+	SM_V10_Z:85596879-85619894(+)	4.177297220171658	E-MTAB-451 | schistosomulum_3h_r2	E-MTAB-451 | not_declared | schistosomulum_3h | schistosomulum_3h | whole_organism | mixed	schistosomulum_3h | schistosomulum_3h | whole_organism | mixed	0.8160833137183616
Smp_079650	E-MTAB-451__adult_mixed_r1	55.249588	E-MTAB-451	adult_mixed_r1	adult_mixed_r1	ERR022873	adult_mixed	adult	whole_organism	mixed	not_applicable	untreated	not_applicable	not_declared	1	SAMEA988615	adult2	lane_1	${HF_PROJECT_RUNTIME_ROOT}/fastq_ftp/ERR022873_1.fastq.gz	${HF_PROJECT_RUNTIME_ROOT}/fastq_ftp/ERR022873_2.fastq.gz	compatibility/quants/E-MTAB-451/adult_mixed_r1/quant.sf	TRUE	adult	unknown		Readers	Smp_079650	Smp_079650	Smp_079650		protein_coding	SM_V10_1	60099716	60129470	+	SM_V10_1:60099716-60129470(+)	5.8137706242386615	E-MTAB-451 | adult_mixed_r1	E-MTAB-451 | not_declared | adult_mixed | adult | whole_organism | mixed	adult_mixed | adult | whole_organism | mixed	-0.4901236574210369
Smp_079650	E-MTAB-451__cercaria_whole_r1	90.428337	E-MTAB-451	cercaria_whole_r1	cercaria_whole_r1	ERR022872	cercaria_whole	cercaria	whole_organism	mixed	not_applicable	untreated	0	not_declared	1	SAMEA988623	cerc10a	lane_1	${HF_PROJECT_RUNTIME_ROOT}/fastq_ftp/ERR022872_1.fastq.gz	${HF_PROJECT_RUNTIME_ROOT}/fastq_ftp/ERR022872_2.fastq.gz	compatibility/quants/E-MTAB-451/cercaria_whole_r1/quant.sf	TRUE	cercaria	unknown		Readers	Smp_079650	Smp_079650	Smp_079650		protein_coding	SM_V10_1	60099716	60129470	+	SM_V10_1:60099716-60129470(+)	6.514569473664762	E-MTAB-451 | cercaria_whole_r1	E-MTAB-451 | not_declared | cercaria_whole | cercaria | whole_organism | mixed	cercaria_whole | cercaria | whole_organism | mixed	1.5133358585200762
Smp_079650	E-MTAB-451__cercaria_whole_r2	56.419566	E-MTAB-451	cercaria_whole_r2	cercaria_whole_r2	ERR022877	cercaria_whole	cercaria	whole_organism	mixed	not_applicable	untreated	0	not_declared	2	SAMEA988624	cerc12	lane_1	${HF_PROJECT_RUNTIME_ROOT}/fastq_ftp/ERR022877_1.fastq.gz	${HF_PROJECT_RUNTIME_ROOT}/fastq_ftp/ERR022877_2.fastq.gz	compatibility/quants/E-MTAB-451/cercaria_whole_r2/quant.sf	TRUE	cercaria	unknown		Readers	Smp_079650	Smp_079650	Smp_079650		protein_coding	SM_V10_1	60099716	60129470	+	SM_V10_1:60099716-60129470(+)	5.843470521008667	E-MTAB-451 | cercaria_whole_r2	E-MTAB-451 | not_declared | cercaria_whole | cercaria | whole_organism | mixed	cercaria_whole | cercaria | whole_organism | mixed	-0.405216924404759
Smp_079650	E-MTAB-451__cercaria_whole_r3	54.26418	E-MTAB-451	cercaria_whole_r3	cercaria_whole_r3	ERR022878	cercaria_whole	cercaria	whole_organism	mixed	not_applicable	untreated	0	not_declared	3	SAMEA988614	cerc13	lane_1	${HF_PROJECT_RUNTIME_ROOT}/fastq_ftp/ERR022878_1.fastq.gz	${HF_PROJECT_RUNTIME_ROOT}/fastq_ftp/ERR022878_2.fastq.gz	compatibility/quants/E-MTAB-451/cercaria_whole_r3/quant.sf	TRUE	cercaria	unknown		Readers	Smp_079650	Smp_079650	Smp_079650		protein_coding	SM_V10_1	60099716	60129470	+	SM_V10_1:60099716-60129470(+)	5.788272781851428	E-MTAB-451 | cercaria_whole_r3	E-MTAB-451 | not_declared | cercaria_whole | cercaria | whole_organism | mixed	cercaria_whole | cercaria | whole_organism | mixed	-0.5630174628382449
Smp_079650	E-MTAB-451__cercarial_tail_r1	45.083856	E-MTAB-451	cercarial_tail_r1	cercarial_tail_r1	ERR022875	cercarial_tail	cercaria	tail	mixed	not_applicable	untreated	0	not_declared	1	SAMEA988620	tail1	lane_1	${HF_PROJECT_RUNTIME_ROOT}/fastq_ftp/ERR022875_1.fastq.gz	${HF_PROJECT_RUNTIME_ROOT}/fastq_ftp/ERR022875_2.fastq.gz	compatibility/quants/E-MTAB-451/cercarial_tail_r1/quant.sf	TRUE	cercaria	unknown		Readers	Smp_079650	Smp_079650	Smp_079650		protein_coding	SM_V10_1	60099716	60129470	+	SM_V10_1:60099716-60129470(+)	5.526189532139199	E-MTAB-451 | cercarial_tail_r1	E-MTAB-451 | not_declared | cercarial_tail | cercaria | tail | mixed	cercarial_tail | cercaria | tail | mixed	-1.312266952951892
Smp_079650	E-MTAB-451__schistosomulum_24h_r1	88.297874	E-MTAB-451	schistosomulum_24h_r1	schistosomulum_24h_r1	ERR022880	schistosomulum_24h	schistosomulum_24h	whole_organism	mixed	not_applicable	untreated	24	not_declared	1	SAMEA988616	somule3	lane_1	${HF_PROJECT_RUNTIME_ROOT}/fastq_ftp/ERR022880_1.fastq.gz	${HF_PROJECT_RUNTIME_ROOT}/fastq_ftp/ERR022880_2.fastq.gz	compatibility/quants/E-MTAB-451/schistosomulum_24h_r1/quant.sf	TRUE	schistosomulum_24h	unknown		Readers	Smp_079650	Smp_079650	Smp_079650		protein_coding	SM_V10_1	60099716	60129470	+	SM_V10_1:60099716-60129470(+)	6.480553923020331	E-MTAB-451 | schistosomulum_24h_r1	E-MTAB-451 | not_declared | schistosomulum_24h | schistosomulum_24h | whole_organism | mixed	schistosomulum_24h | schistosomulum_24h | whole_organism | mixed	1.4160914371224504
Smp_079650	E-MTAB-451__schistosomulum_24h_r2	68.715393	E-MTAB-451	schistosomulum_24h_r2	schistosomulum_24h_r2	ERR022881	schistosomulum_24h	schistosomulum_24h	whole_organism	mixed	not_applicable	untreated	24	not_declared	2	SAMEA988622	somule4	lane_1	${HF_PROJECT_RUNTIME_ROOT}/fastq_ftp/ERR022881_1.fastq.gz	${HF_PROJECT_RUNTIME_ROOT}/fastq_ftp/ERR022881_2.fastq.gz	compatibility/quants/E-MTAB-451/schistosomulum_24h_r2/quant.sf	TRUE	schistosomulum_24h	unknown		Readers	Smp_079650	Smp_079650	Smp_079650		protein_coding	SM_V10_1	60099716	60129470	+	SM_V10_1:60099716-60129470(+)	6.1234053299324485	E-MTAB-451 | schistosomulum_24h_r2	E-MTAB-451 | not_declared | schistosomulum_24h | schistosomulum_24h | whole_organism | mixed	schistosomulum_24h | schistosomulum_24h | whole_organism | mixed	0.39506700477233514
Smp_079650	E-MTAB-451__schistosomulum_24h_r3	73.108514	E-MTAB-451	schistosomulum_24h_r3	schistosomulum_24h_r3	ERR022882	schistosomulum_24h	schistosomulum_24h	whole_organism	mixed	not_applicable	untreated	24	not_declared	3	SAMEA988619	somule5	lane_1	${HF_PROJECT_RUNTIME_ROOT}/fastq_ftp/ERR022882_1.fastq.gz	${HF_PROJECT_RUNTIME_ROOT}/fastq_ftp/ERR022882_2.fastq.gz	compatibility/quants/E-MTAB-451/schistosomulum_24h_r3/quant.sf	TRUE	schistosomulum_24h	unknown		Readers	Smp_079650	Smp_079650	Smp_079650		protein_coding	SM_V10_1	60099716	60129470	+	SM_V10_1:60099716-60129470(+)	6.211567391804102	E-MTAB-451 | schistosomulum_24h_r3	E-MTAB-451 | not_declared | schistosomulum_24h | schistosomulum_24h | whole_organism | mixed	schistosomulum_24h | schistosomulum_24h | whole_organism | mixed	0.6471066905486433
Smp_079650	E-MTAB-451__schistosomulum_24h_r4	76.070879	E-MTAB-451	schistosomulum_24h_r4	schistosomulum_24h_r4	ERR022883	schistosomulum_24h	schistosomulum_24h	whole_organism	mixed	not_applicable	untreated	24	not_declared	4	SAMEA988618	somule6	lane_1	${HF_PROJECT_RUNTIME_ROOT}/fastq_ftp/ERR022883_1.fastq.gz	${HF_PROJECT_RUNTIME_ROOT}/fastq_ftp/ERR022883_2.fastq.gz	compatibility/quants/E-MTAB-451/schistosomulum_24h_r4/quant.sf	TRUE	schistosomulum_24h	unknown		Readers	Smp_079650	Smp_079650	Smp_079650		protein_coding	SM_V10_1	60099716	60129470	+	SM_V10_1:60099716-60129470(+)	6.268113940002034	E-MTAB-451 | schistosomulum_24h_r4	E-MTAB-451 | not_declared | schistosomulum_24h | schistosomulum_24h | whole_organism | mixed	schistosomulum_24h | schistosomulum_24h | whole_organism | mixed	0.8087632346105307
Smp_079650	E-MTAB-451__schistosomulum_3h_r1	49.614351	E-MTAB-451	schistosomulum_3h_r1	schistosomulum_3h_r1	ERR022874	schistosomulum_3h	schistosomulum_3h	whole_organism	mixed	not_applicable	untreated	3	not_declared	1	SAMEA988621	somule1	lane_1	${HF_PROJECT_RUNTIME_ROOT}/fastq_ftp/ERR022874_1.fastq.gz	${HF_PROJECT_RUNTIME_ROOT}/fastq_ftp/ERR022874_2.fastq.gz	compatibility/quants/E-MTAB-451/schistosomulum_3h_r1/quant.sf	TRUE	schistosomulum_3h	unknown		Readers	Smp_079650	Smp_079650	Smp_079650		protein_coding	SM_V10_1	60099716	60129470	+	SM_V10_1:60099716-60129470(+)	5.661474594057368	E-MTAB-451 | schistosomulum_3h_r1	E-MTAB-451 | not_declared | schistosomulum_3h | schistosomulum_3h | whole_organism | mixed	schistosomulum_3h | schistosomulum_3h | whole_organism | mixed	-0.9255109745615205
Smp_079650	E-MTAB-451__schistosomulum_3h_r2	47.703589	E-MTAB-451	schistosomulum_3h_r2	schistosomulum_3h_r2	ERR022879	schistosomulum_3h	schistosomulum_3h	whole_organism	mixed	not_applicable	untreated	3	not_declared	2	SAMEA988617	somule2	lane_1	${HF_PROJECT_RUNTIME_ROOT}/fastq_ftp/ERR022879_1.fastq.gz	${HF_PROJECT_RUNTIME_ROOT}/fastq_ftp/ERR022879_2.fastq.gz	compatibility/quants/E-MTAB-451/schistosomulum_3h_r2/quant.sf	TRUE	schistosomulum_3h	unknown		Readers	Smp_079650	Smp_079650	Smp_079650		protein_coding	SM_V10_1	60099716	60129470	+	SM_V10_1:60099716-60129470(+)	5.6059561842733805	E-MTAB-451 | schistosomulum_3h_r2	E-MTAB-451 | not_declared | schistosomulum_3h | schistosomulum_3h | whole_organism | mixed	schistosomulum_3h | schistosomulum_3h | whole_organism | mixed	-1.0842282533965748
Smp_105690	E-MTAB-451__adult_mixed_r1	30.218916	E-MTAB-451	adult_mixed_r1	adult_mixed_r1	ERR022873	adult_mixed	adult	whole_organism	mixed	not_applicable	untreated	not_applicable	not_declared	1	SAMEA988615	adult2	lane_1	${HF_PROJECT_RUNTIME_ROOT}/fastq_ftp/ERR022873_1.fastq.gz	${HF_PROJECT_RUNTIME_ROOT}/fastq_ftp/ERR022873_2.fastq.gz	compatibility/quants/E-MTAB-451/adult_mixed_r1/quant.sf	TRUE	adult	unknown		Readers	Smp_105690	Smp_105690	Smp_105690		protein_coding	SM_V10_3	4816317	4824711	+	SM_V10_3:4816317-4824711(+)	4.964348539039348	E-MTAB-451 | adult_mixed_r1	E-MTAB-451 | not_declared | adult_mixed | adult | whole_organism | mixed	adult_mixed | adult | whole_organism | mixed	0.8788425562671944
Smp_105690	E-MTAB-451__cercaria_whole_r1	22.549116	E-MTAB-451	cercaria_whole_r1	cercaria_whole_r1	ERR022872	cercaria_whole	cercaria	whole_organism	mixed	not_applicable	untreated	0	not_declared	1	SAMEA988623	cerc10a	lane_1	${HF_PROJECT_RUNTIME_ROOT}/fastq_ftp/ERR022872_1.fastq.gz	${HF_PROJECT_RUNTIME_ROOT}/fastq_ftp/ERR022872_2.fastq.gz	compatibility/quants/E-MTAB-451/cercaria_whole_r1/quant.sf	TRUE	cercaria	unknown		Readers	Smp_105690	Smp_105690	Smp_105690		protein_coding	SM_V10_3	4816317	4824711	+	SM_V10_3:4816317-4824711(+)	4.557600999041637	E-MTAB-451 | cercaria_whole_r1	E-MTAB-451 | not_declared | cercaria_whole | cercaria | whole_organism | mixed	cercaria_whole | cercaria | whole_organism | mixed	0.12115557163311187
Smp_105690	E-MTAB-451__cercaria_whole_r2	16.780141	E-MTAB-451	cercaria_whole_r2	cercaria_whole_r2	ERR022877	cercaria_whole	cercaria	whole_organism	mixed	not_applicable	untreated	0	not_declared	2	SAMEA988624	cerc12	lane_1	${HF_PROJECT_RUNTIME_ROOT}/fastq_ftp/ERR022877_1.fastq.gz	${HF_PROJECT_RUNTIME_ROOT}/fastq_ftp/ERR022877_2.fastq.gz	compatibility/quants/E-MTAB-451/cercaria_whole_r2/quant.sf	TRUE	cercaria	unknown		Readers	Smp_105690	Smp_105690	Smp_105690		protein_coding	SM_V10_3	4816317	4824711	+	SM_V10_3:4816317-4824711(+)	4.152194859954606	E-MTAB-451 | cercaria_whole_r2	E-MTAB-451 | not_declared | cercaria_whole | cercaria | whole_organism | mixed	cercaria_whole | cercaria | whole_organism | mixed	-0.6340326590780726
Smp_105690	E-MTAB-451__cercaria_whole_r3	12.915537	E-MTAB-451	cercaria_whole_r3	cercaria_whole_r3	ERR022878	cercaria_whole	cercaria	whole_organism	mixed	not_applicable	untreated	0	not_declared	3	SAMEA988614	cerc13	lane_1	${HF_PROJECT_RUNTIME_ROOT}/fastq_ftp/ERR022878_1.fastq.gz	${HF_PROJECT_RUNTIME_ROOT}/fastq_ftp/ERR022878_2.fastq.gz	compatibility/quants/E-MTAB-451/cercaria_whole_r3/quant.sf	TRUE	cercaria	unknown		Readers	Smp_105690	Smp_105690	Smp_105690		protein_coding	SM_V10_3	4816317	4824711	+	SM_V10_3:4816317-4824711(+)	3.79862467817337	E-MTAB-451 | cercaria_whole_r3	E-MTAB-451 | not_declared | cercaria_whole | cercaria | whole_organism | mixed	cercaria_whole | cercaria | whole_organism | mixed	-1.2926611658217317
Smp_105690	E-MTAB-451__cercarial_tail_r1	9.228713	E-MTAB-451	cercarial_tail_r1	cercarial_tail_r1	ERR022875	cercarial_tail	cercaria	tail	mixed	not_applicable	untreated	0	not_declared	1	SAMEA988620	tail1	lane_1	${HF_PROJECT_RUNTIME_ROOT}/fastq_ftp/ERR022875_1.fastq.gz	${HF_PROJECT_RUNTIME_ROOT}/fastq_ftp/ERR022875_2.fastq.gz	compatibility/quants/E-MTAB-451/cercarial_tail_r1/quant.sf	TRUE	cercaria	unknown		Readers	Smp_105690	Smp_105690	Smp_105690		protein_coding	SM_V10_3	4816317	4824711	+	SM_V10_3:4816317-4824711(+)	3.3545527282088354	E-MTAB-451 | cercarial_tail_r1	E-MTAB-451 | not_declared | cercarial_tail | cercaria | tail | mixed	cercarial_tail | cercaria | tail | mixed	-2.1198758472703254
Smp_105690	E-MTAB-451__schistosomulum_24h_r1	29.282634	E-MTAB-451	schistosomulum_24h_r1	schistosomulum_24h_r1	ERR022880	schistosomulum_24h	schistosomulum_24h	whole_organism	mixed	not_applicable	untreated	24	not_declared	1	SAMEA988616	somule3	lane_1	${HF_PROJECT_RUNTIME_ROOT}/fastq_ftp/ERR022880_1.fastq.gz	${HF_PROJECT_RUNTIME_ROOT}/fastq_ftp/ERR022880_2.fastq.gz	compatibility/quants/E-MTAB-451/schistosomulum_24h_r1/quant.sf	TRUE	schistosomulum_24h	unknown		Readers	Smp_105690	Smp_105690	Smp_105690		protein_coding	SM_V10_3	4816317	4824711	+	SM_V10_3:4816317-4824711(+)	4.920418792069241	E-MTAB-451 | schistosomulum_24h_r1	E-MTAB-451 | not_declared | schistosomulum_24h | schistosomulum_24h | whole_organism | mixed	schistosomulum_24h | schistosomulum_24h | whole_organism | mixed	0.7970104755674424
Smp_105690	E-MTAB-451__schistosomulum_24h_r2	22.592636	E-MTAB-451	schistosomulum_24h_r2	schistosomulum_24h_r2	ERR022881	schistosomulum_24h	schistosomulum_24h	whole_organism	mixed	not_applicable	untreated	24	not_declared	2	SAMEA988622	somule4	lane_1	${HF_PROJECT_RUNTIME_ROOT}/fastq_ftp/ERR022881_1.fastq.gz	${HF_PROJECT_RUNTIME_ROOT}/fastq_ftp/ERR022881_2.fastq.gz	compatibility/quants/E-MTAB-451/schistosomulum_24h_r2/quant.sf	TRUE	schistosomulum_24h	unknown		Readers	Smp_105690	Smp_105690	Smp_105690		protein_coding	SM_V10_3	4816317	4824711	+	SM_V10_3:4816317-4824711(+)	4.560264714468079	E-MTAB-451 | schistosomulum_24h_r2	E-MTAB-451 | not_declared | schistosomulum_24h | schistosomulum_24h | whole_organism | mixed	schistosomulum_24h | schistosomulum_24h | whole_organism | mixed	0.12611752545192362
Smp_105690	E-MTAB-451__schistosomulum_24h_r3	27.020192	E-MTAB-451	schistosomulum_24h_r3	schistosomulum_24h_r3	ERR022882	schistosomulum_24h	schistosomulum_24h	whole_organism	mixed	not_applicable	untreated	24	not_declared	3	SAMEA988619	somule5	lane_1	${HF_PROJECT_RUNTIME_ROOT}/fastq_ftp/ERR022882_1.fastq.gz	${HF_PROJECT_RUNTIME_ROOT}/fastq_ftp/ERR022882_2.fastq.gz	compatibility/quants/E-MTAB-451/schistosomulum_24h_r3/quant.sf	TRUE	schistosomulum_24h	unknown		Readers	Smp_105690	Smp_105690	Smp_105690		protein_coding	SM_V10_3	4816317	4824711	+	SM_V10_3:4816317-4824711(+)	4.808394936327001	E-MTAB-451 | schistosomulum_24h_r3	E-MTAB-451 | not_declared | schistosomulum_24h | schistosomulum_24h | whole_organism | mixed	schistosomulum_24h | schistosomulum_24h | whole_organism | mixed	0.5883330795962234
Smp_105690	E-MTAB-451__schistosomulum_24h_r4	28.937422	E-MTAB-451	schistosomulum_24h_r4	schistosomulum_24h_r4	ERR022883	schistosomulum_24h	schistosomulum_24h	whole_organism	mixed	not_applicable	untreated	24	not_declared	4	SAMEA988618	somule6	lane_1	${HF_PROJECT_RUNTIME_ROOT}/fastq_ftp/ERR022883_1.fastq.gz	${HF_PROJECT_RUNTIME_ROOT}/fastq_ftp/ERR022883_2.fastq.gz	compatibility/quants/E-MTAB-451/schistosomulum_24h_r4/quant.sf	TRUE	schistosomulum_24h	unknown		Readers	Smp_105690	Smp_105690	Smp_105690		protein_coding	SM_V10_3	4816317	4824711	+	SM_V10_3:4816317-4824711(+)	4.903878086893265	E-MTAB-451 | schistosomulum_24h_r4	E-MTAB-451 | not_declared | schistosomulum_24h | schistosomulum_24h | whole_organism | mixed	schistosomulum_24h | schistosomulum_24h | whole_organism | mixed	0.7661985448337559
Smp_105690	E-MTAB-451__schistosomulum_3h_r1	19.63017	E-MTAB-451	schistosomulum_3h_r1	schistosomulum_3h_r1	ERR022874	schistosomulum_3h	schistosomulum_3h	whole_organism	mixed	not_applicable	untreated	3	not_declared	1	SAMEA988621	somule1	lane_1	${HF_PROJECT_RUNTIME_ROOT}/fastq_ftp/ERR022874_1.fastq.gz	${HF_PROJECT_RUNTIME_ROOT}/fastq_ftp/ERR022874_2.fastq.gz	compatibility/quants/E-MTAB-451/schistosomulum_3h_r1/quant.sf	TRUE	schistosomulum_3h	unknown		Readers	Smp_105690	Smp_105690	Smp_105690		protein_coding	SM_V10_3	4816317	4824711	+	SM_V10_3:4816317-4824711(+)	4.366683804485315	E-MTAB-451 | schistosomulum_3h_r1	E-MTAB-451 | not_declared | schistosomulum_3h | schistosomulum_3h | whole_organism | mixed	schistosomulum_3h | schistosomulum_3h | whole_organism | mixed	-0.23448388339344392
Smp_105690	E-MTAB-451__schistosomulum_3h_r2	31.699852	E-MTAB-451	schistosomulum_3h_r2	schistosomulum_3h_r2	ERR022879	schistosomulum_3h	schistosomulum_3h	whole_organism	mixed	not_applicable	untreated	3	not_declared	2	SAMEA988617	somule2	lane_1	${HF_PROJECT_RUNTIME_ROOT}/fastq_ftp/ERR022879_1.fastq.gz	${HF_PROJECT_RUNTIME_ROOT}/fastq_ftp/ERR022879_2.fastq.gz	compatibility/quants/E-MTAB-451/schistosomulum_3h_r2/quant.sf	TRUE	schistosomulum_3h	unknown		Readers	Smp_105690	Smp_105690	Smp_105690		protein_coding	SM_V10_3	4816317	4824711	+	SM_V10_3:4816317-4824711(+)	5.031212200967012	E-MTAB-451 | schistosomulum_3h_r2	E-MTAB-451 | not_declared | schistosomulum_3h | schistosomulum_3h | whole_organism | mixed	schistosomulum_3h | schistosomulum_3h | whole_organism | mixed	1.0033958022139304
Smp_121610	E-MTAB-451__adult_mixed_r1	16.360675	E-MTAB-451	adult_mixed_r1	adult_mixed_r1	ERR022873	adult_mixed	adult	whole_organism	mixed	not_applicable	untreated	not_applicable	not_declared	1	SAMEA988615	adult2	lane_1	${HF_PROJECT_RUNTIME_ROOT}/fastq_ftp/ERR022873_1.fastq.gz	${HF_PROJECT_RUNTIME_ROOT}/fastq_ftp/ERR022873_2.fastq.gz	compatibility/quants/E-MTAB-451/adult_mixed_r1/quant.sf	TRUE	adult	unknown		Writers	Smp_121610	Smp_121610	Smp_121610		protein_coding	SM_V10_2	37922309	37929655	+	SM_V10_2:37922309-37929655(+)	4.1177511371525215	E-MTAB-451 | adult_mixed_r1	E-MTAB-451 | not_declared | adult_mixed | adult | whole_organism | mixed	adult_mixed | adult | whole_organism | mixed	0.3544340455134818
Smp_121610	E-MTAB-451__cercaria_whole_r1	12.71323	E-MTAB-451	cercaria_whole_r1	cercaria_whole_r1	ERR022872	cercaria_whole	cercaria	whole_organism	mixed	not_applicable	untreated	0	not_declared	1	SAMEA988623	cerc10a	lane_1	${HF_PROJECT_RUNTIME_ROOT}/fastq_ftp/ERR022872_1.fastq.gz	${HF_PROJECT_RUNTIME_ROOT}/fastq_ftp/ERR022872_2.fastq.gz	compatibility/quants/E-MTAB-451/cercaria_whole_r1/quant.sf	TRUE	cercaria	unknown		Writers	Smp_121610	Smp_121610	Smp_121610		protein_coding	SM_V10_2	37922309	37929655	+	SM_V10_2:37922309-37929655(+)	3.7774965169267753	E-MTAB-451 | cercaria_whole_r1	E-MTAB-451 | not_declared | cercaria_whole | cercaria | whole_organism | mixed	cercaria_whole | cercaria | whole_organism | mixed	-0.6904988696090784
Smp_121610	E-MTAB-451__cercaria_whole_r2	12.677664	E-MTAB-451	cercaria_whole_r2	cercaria_whole_r2	ERR022877	cercaria_whole	cercaria	whole_organism	mixed	not_applicable	untreated	0	not_declared	2	SAMEA988624	cerc12	lane_1	${HF_PROJECT_RUNTIME_ROOT}/fastq_ftp/ERR022877_1.fastq.gz	${HF_PROJECT_RUNTIME_ROOT}/fastq_ftp/ERR022877_2.fastq.gz	compatibility/quants/E-MTAB-451/cercaria_whole_r2/quant.sf	TRUE	cercaria	unknown		Writers	Smp_121610	Smp_121610	Smp_121610		protein_coding	SM_V10_2	37922309	37929655	+	SM_V10_2:37922309-37929655(+)	3.7737499491323097	E-MTAB-451 | cercaria_whole_r2	E-MTAB-451 | not_declared | cercaria_whole | cercaria | whole_organism | mixed	cercaria_whole | cercaria | whole_organism | mixed	-0.702004700167905
Smp_121610	E-MTAB-451__cercaria_whole_r3	11.213632	E-MTAB-451	cercaria_whole_r3	cercaria_whole_r3	ERR022878	cercaria_whole	cercaria	whole_organism	mixed	not_applicable	untreated	0	not_declared	3	SAMEA988614	cerc13	lane_1	${HF_PROJECT_RUNTIME_ROOT}/fastq_ftp/ERR022878_1.fastq.gz	${HF_PROJECT_RUNTIME_ROOT}/fastq_ftp/ERR022878_2.fastq.gz	compatibility/quants/E-MTAB-451/cercaria_whole_r3/quant.sf	TRUE	cercaria	unknown		Writers	Smp_121610	Smp_121610	Smp_121610		protein_coding	SM_V10_2	37922309	37929655	+	SM_V10_2:37922309-37929655(+)	3.6104203770484298	E-MTAB-451 | cercaria_whole_r3	E-MTAB-451 | not_declared | cercaria_whole | cercaria | whole_organism | mixed	cercaria_whole | cercaria | whole_organism | mixed	-1.2035950849512087
Smp_121610	E-MTAB-451__cercarial_tail_r1	10.347721	E-MTAB-451	cercarial_tail_r1	cercarial_tail_r1	ERR022875	cercarial_tail	cercaria	tail	mixed	not_applicable	untreated	0	not_declared	1	SAMEA988620	tail1	lane_1	${HF_PROJECT_RUNTIME_ROOT}/fastq_ftp/ERR022875_1.fastq.gz	${HF_PROJECT_RUNTIME_ROOT}/fastq_ftp/ERR022875_2.fastq.gz	compatibility/quants/E-MTAB-451/cercarial_tail_r1/quant.sf	TRUE	cercaria	unknown		Writers	Smp_121610	Smp_121610	Smp_121610		protein_coding	SM_V10_2	37922309	37929655	+	SM_V10_2:37922309-37929655(+)	3.5043306803210723	E-MTAB-451 | cercarial_tail_r1	E-MTAB-451 | not_declared | cercarial_tail | cercaria | tail | mixed	cercarial_tail | cercaria | tail | mixed	-1.5293999659906983
Smp_121610	E-MTAB-451__schistosomulum_24h_r1	22.751898	E-MTAB-451	schistosomulum_24h_r1	schistosomulum_24h_r1	ERR022880	schistosomulum_24h	schistosomulum_24h	whole_organism	mixed	not_applicable	untreated	24	not_declared	1	SAMEA988616	somule3	lane_1	${HF_PROJECT_RUNTIME_ROOT}/fastq_ftp/ERR022880_1.fastq.gz	${HF_PROJECT_RUNTIME_ROOT}/fastq_ftp/ERR022880_2.fastq.gz	compatibility/quants/E-MTAB-451/schistosomulum_24h_r1/quant.sf	TRUE	schistosomulum_24h	unknown		Writers	Smp_121610	Smp_121610	Smp_121610		protein_coding	SM_V10_2	37922309	37929655	+	SM_V10_2:37922309-37929655(+)	4.569970897837446	E-MTAB-451 | schistosomulum_24h_r1	E-MTAB-451 | not_declared | schistosomulum_24h | schistosomulum_24h | whole_organism | mixed	schistosomulum_24h | schistosomulum_24h | whole_organism | mixed	1.743215518914232
Smp_121610	E-MTAB-451__schistosomulum_24h_r2	19.124176	E-MTAB-451	schistosomulum_24h_r2	schistosomulum_24h_r2	ERR022881	schistosomulum_24h	schistosomulum_24h	whole_organism	mixed	not_applicable	untreated	24	not_declared	2	SAMEA988622	somule4	lane_1	${HF_PROJECT_RUNTIME_ROOT}/fastq_ftp/ERR022881_1.fastq.gz	${HF_PROJECT_RUNTIME_ROOT}/fastq_ftp/ERR022881_2.fastq.gz	compatibility/quants/E-MTAB-451/schistosomulum_24h_r2/quant.sf	TRUE	schistosomulum_24h	unknown		Writers	Smp_121610	Smp_121610	Smp_121610		protein_coding	SM_V10_2	37922309	37929655	+	SM_V10_2:37922309-37929655(+)	4.330857807056176	E-MTAB-451 | schistosomulum_24h_r2	E-MTAB-451 | not_declared | schistosomulum_24h | schistosomulum_24h | whole_organism | mixed	schistosomulum_24h | schistosomulum_24h | whole_organism | mixed	1.0088915034805335
Smp_121610	E-MTAB-451__schistosomulum_24h_r3	17.205424	E-MTAB-451	schistosomulum_24h_r3	schistosomulum_24h_r3	ERR022882	schistosomulum_24h	schistosomulum_24h	whole_organism	mixed	not_applicable	untreated	24	not_declared	3	SAMEA988619	somule5	lane_1	${HF_PROJECT_RUNTIME_ROOT}/fastq_ftp/ERR022882_1.fastq.gz	${HF_PROJECT_RUNTIME_ROOT}/fastq_ftp/ERR022882_2.fastq.gz	compatibility/quants/E-MTAB-451/schistosomulum_24h_r3/quant.sf	TRUE	schistosomulum_24h	unknown		Writers	Smp_121610	Smp_121610	Smp_121610		protein_coding	SM_V10_2	37922309	37929655	+	SM_V10_2:37922309-37929655(+)	4.186296436085834	E-MTAB-451 | schistosomulum_24h_r3	E-MTAB-451 | not_declared | schistosomulum_24h | schistosomulum_24h | whole_organism | mixed	schistosomulum_24h | schistosomulum_24h | whole_organism | mixed	0.5649388697677786
Smp_121610	E-MTAB-451__schistosomulum_24h_r4	17.899636	E-MTAB-451	schistosomulum_24h_r4	schistosomulum_24h_r4	ERR022883	schistosomulum_24h	schistosomulum_24h	whole_organism	mixed	not_applicable	untreated	24	not_declared	4	SAMEA988618	somule6	lane_1	${HF_PROJECT_RUNTIME_ROOT}/fastq_ftp/ERR022883_1.fastq.gz	${HF_PROJECT_RUNTIME_ROOT}/fastq_ftp/ERR022883_2.fastq.gz	compatibility/quants/E-MTAB-451/schistosomulum_24h_r4/quant.sf	TRUE	schistosomulum_24h	unknown		Writers	Smp_121610	Smp_121610	Smp_121610		protein_coding	SM_V10_2	37922309	37929655	+	SM_V10_2:37922309-37929655(+)	4.240286543828321	E-MTAB-451 | schistosomulum_24h_r4	E-MTAB-451 | not_declared | schistosomulum_24h | schistosomulum_24h | whole_organism | mixed	schistosomulum_24h | schistosomulum_24h | whole_organism | mixed	0.7307442323333442
Smp_121610	E-MTAB-451__schistosomulum_3h_r1	13.546862	E-MTAB-451	schistosomulum_3h_r1	schistosomulum_3h_r1	ERR022874	schistosomulum_3h	schistosomulum_3h	whole_organism	mixed	not_applicable	untreated	3	not_declared	1	SAMEA988621	somule1	lane_1	${HF_PROJECT_RUNTIME_ROOT}/fastq_ftp/ERR022874_1.fastq.gz	${HF_PROJECT_RUNTIME_ROOT}/fastq_ftp/ERR022874_2.fastq.gz	compatibility/quants/E-MTAB-451/schistosomulum_3h_r1/quant.sf	TRUE	schistosomulum_3h	unknown		Writers	Smp_121610	Smp_121610	Smp_121610		protein_coding	SM_V10_2	37922309	37929655	+	SM_V10_2:37922309-37929655(+)	3.8626360682754313	E-MTAB-451 | schistosomulum_3h_r1	E-MTAB-451 | not_declared | schistosomulum_3h | schistosomulum_3h | whole_organism | mixed	schistosomulum_3h | schistosomulum_3h | whole_organism | mixed	-0.42903256086666386
Smp_121610	E-MTAB-451__schistosomulum_3h_r2	15.586457	E-MTAB-451	schistosomulum_3h_r2	schistosomulum_3h_r2	ERR022879	schistosomulum_3h	schistosomulum_3h	whole_organism	mixed	not_applicable	untreated	3	not_declared	2	SAMEA988617	somule2	lane_1	${HF_PROJECT_RUNTIME_ROOT}/fastq_ftp/ERR022879_1.fastq.gz	${HF_PROJECT_RUNTIME_ROOT}/fastq_ftp/ERR022879_2.fastq.gz	compatibility/quants/E-MTAB-451/schistosomulum_3h_r2/quant.sf	TRUE	schistosomulum_3h	unknown		Writers	Smp_121610	Smp_121610	Smp_121610		protein_coding	SM_V10_2	37922309	37929655	+	SM_V10_2:37922309-37929655(+)	4.051933842879975	E-MTAB-451 | schistosomulum_3h_r2	E-MTAB-451 | not_declared | schistosomulum_3h | schistosomulum_3h | whole_organism | mixed	schistosomulum_3h | schistosomulum_3h | whole_organism | mixed	0.15230701157618418
Smp_125340	E-MTAB-451__adult_mixed_r1	19.378481	E-MTAB-451	adult_mixed_r1	adult_mixed_r1	ERR022873	adult_mixed	adult	whole_organism	mixed	not_applicable	untreated	not_applicable	not_declared	1	SAMEA988615	adult2	lane_1	${HF_PROJECT_RUNTIME_ROOT}/fastq_ftp/ERR022873_1.fastq.gz	${HF_PROJECT_RUNTIME_ROOT}/fastq_ftp/ERR022873_2.fastq.gz	compatibility/quants/E-MTAB-451/adult_mixed_r1/quant.sf	TRUE	adult	unknown		Readers	Smp_125340	Smp_125340	Smp_125340		protein_coding	SM_V10_7	14368007	14409982	+	SM_V10_7:14368007-14409982(+)	4.34897461275812	E-MTAB-451 | adult_mixed_r1	E-MTAB-451 | not_declared | adult_mixed | adult | whole_organism | mixed	adult_mixed | adult | whole_organism | mixed	-1.7263571466268088
Smp_125340	E-MTAB-451__cercaria_whole_r1	34.170965	E-MTAB-451	cercaria_whole_r1	cercaria_whole_r1	ERR022872	cercaria_whole	cercaria	whole_organism	mixed	not_applicable	untreated	0	not_declared	1	SAMEA988623	cerc10a	lane_1	${HF_PROJECT_RUNTIME_ROOT}/fastq_ftp/ERR022872_1.fastq.gz	${HF_PROJECT_RUNTIME_ROOT}/fastq_ftp/ERR022872_2.fastq.gz	compatibility/quants/E-MTAB-451/cercaria_whole_r1/quant.sf	TRUE	cercaria	unknown		Readers	Smp_125340	Smp_125340	Smp_125340		protein_coding	SM_V10_7	14368007	14409982	+	SM_V10_7:14368007-14409982(+)	5.13631301420131	E-MTAB-451 | cercaria_whole_r1	E-MTAB-451 | not_declared | cercaria_whole | cercaria | whole_organism | mixed	cercaria_whole | cercaria | whole_organism | mixed	0.22224882432351606
Smp_125340	E-MTAB-451__cercaria_whole_r2	32.986883999999996	E-MTAB-451	cercaria_whole_r2	cercaria_whole_r2	ERR022877	cercaria_whole	cercaria	whole_organism	mixed	not_applicable	untreated	0	not_declared	2	SAMEA988624	cerc12	lane_1	${HF_PROJECT_RUNTIME_ROOT}/fastq_ftp/ERR022877_1.fastq.gz	${HF_PROJECT_RUNTIME_ROOT}/fastq_ftp/ERR022877_2.fastq.gz	compatibility/quants/E-MTAB-451/cercaria_whole_r2/quant.sf	TRUE	cercaria	unknown		Readers	Smp_125340	Smp_125340	Smp_125340		protein_coding	SM_V10_7	14368007	14409982	+	SM_V10_7:14368007-14409982(+)	5.086906193047693	E-MTAB-451 | cercaria_whole_r2	E-MTAB-451 | not_declared | cercaria_whole | cercaria | whole_organism | mixed	cercaria_whole | cercaria | whole_organism | mixed	0.09997049199634761
Smp_125340	E-MTAB-451__cercaria_whole_r3	30.34083	E-MTAB-451	cercaria_whole_r3	cercaria_whole_r3	ERR022878	cercaria_whole	cercaria	whole_organism	mixed	not_applicable	untreated	0	not_declared	3	SAMEA988614	cerc13	lane_1	${HF_PROJECT_RUNTIME_ROOT}/fastq_ftp/ERR022878_1.fastq.gz	${HF_PROJECT_RUNTIME_ROOT}/fastq_ftp/ERR022878_2.fastq.gz	compatibility/quants/E-MTAB-451/cercaria_whole_r3/quant.sf	TRUE	cercaria	unknown		Readers	Smp_125340	Smp_125340	Smp_125340		protein_coding	SM_V10_7	14368007	14409982	+	SM_V10_7:14368007-14409982(+)	4.969971482133335	E-MTAB-451 | cercaria_whole_r3	E-MTAB-451 | not_declared | cercaria_whole | cercaria | whole_organism | mixed	cercaria_whole | cercaria | whole_organism | mixed	-0.189434515407587
Smp_125340	E-MTAB-451__cercarial_tail_r1	18.650320999999998	E-MTAB-451	cercarial_tail_r1	cercarial_tail_r1	ERR022875	cercarial_tail	cercaria	tail	mixed	not_applicable	untreated	0	not_declared	1	SAMEA988620	tail1	lane_1	${HF_PROJECT_RUNTIME_ROOT}/fastq_ftp/ERR022875_1.fastq.gz	${HF_PROJECT_RUNTIME_ROOT}/fastq_ftp/ERR022875_2.fastq.gz	compatibility/quants/E-MTAB-451/cercarial_tail_r1/quant.sf	TRUE	cercaria	unknown		Readers	Smp_125340	Smp_125340	Smp_125340		protein_coding	SM_V10_7	14368007	14409982	+	SM_V10_7:14368007-14409982(+)	4.296480974868728	E-MTAB-451 | cercarial_tail_r1	E-MTAB-451 | not_declared | cercarial_tail | cercaria | tail | mixed	cercarial_tail | cercaria | tail | mixed	-1.856275128577997
Smp_125340	E-MTAB-451__schistosomulum_24h_r1	45.574975	E-MTAB-451	schistosomulum_24h_r1	schistosomulum_24h_r1	ERR022880	schistosomulum_24h	schistosomulum_24h	whole_organism	mixed	not_applicable	untreated	24	not_declared	1	SAMEA988616	somule3	lane_1	${HF_PROJECT_RUNTIME_ROOT}/fastq_ftp/ERR022880_1.fastq.gz	${HF_PROJECT_RUNTIME_ROOT}/fastq_ftp/ERR022880_2.fastq.gz	compatibility/quants/E-MTAB-451/schistosomulum_24h_r1/quant.sf	TRUE	schistosomulum_24h	unknown		Readers	Smp_125340	Smp_125340	Smp_125340		protein_coding	SM_V10_7	14368007	14409982	+	SM_V10_7:14368007-14409982(+)	5.541483089660594	E-MTAB-451 | schistosomulum_24h_r1	E-MTAB-451 | not_declared | schistosomulum_24h | schistosomulum_24h | whole_organism | mixed	schistosomulum_24h | schistosomulum_24h | whole_organism | mixed	1.225015648402174
Smp_125340	E-MTAB-451__schistosomulum_24h_r2	34.897414	E-MTAB-451	schistosomulum_24h_r2	schistosomulum_24h_r2	ERR022881	schistosomulum_24h	schistosomulum_24h	whole_organism	mixed	not_applicable	untreated	24	not_declared	2	SAMEA988622	somule4	lane_1	${HF_PROJECT_RUNTIME_ROOT}/fastq_ftp/ERR022881_1.fastq.gz	${HF_PROJECT_RUNTIME_ROOT}/fastq_ftp/ERR022881_2.fastq.gz	compatibility/quants/E-MTAB-451/schistosomulum_24h_r2/quant.sf	TRUE	schistosomulum_24h	unknown		Readers	Smp_125340	Smp_125340	Smp_125340		protein_coding	SM_V10_7	14368007	14409982	+	SM_V10_7:14368007-14409982(+)	5.165808012925837	E-MTAB-451 | schistosomulum_24h_r2	E-MTAB-451 | not_declared | schistosomulum_24h | schistosomulum_24h | whole_organism | mixed	schistosomulum_24h | schistosomulum_24h | whole_organism | mixed	0.29524682686274833
Smp_125340	E-MTAB-451__schistosomulum_24h_r3	38.970541	E-MTAB-451	schistosomulum_24h_r3	schistosomulum_24h_r3	ERR022882	schistosomulum_24h	schistosomulum_24h	whole_organism	mixed	not_applicable	untreated	24	not_declared	3	SAMEA988619	somule5	lane_1	${HF_PROJECT_RUNTIME_ROOT}/fastq_ftp/ERR022882_1.fastq.gz	${HF_PROJECT_RUNTIME_ROOT}/fastq_ftp/ERR022882_2.fastq.gz	compatibility/quants/E-MTAB-451/schistosomulum_24h_r3/quant.sf	TRUE	schistosomulum_24h	unknown		Readers	Smp_125340	Smp_125340	Smp_125340		protein_coding	SM_V10_7	14368007	14409982	+	SM_V10_7:14368007-14409982(+)	5.320865194609322	E-MTAB-451 | schistosomulum_24h_r3	E-MTAB-451 | not_declared | schistosomulum_24h | schistosomulum_24h | whole_organism | mixed	schistosomulum_24h | schistosomulum_24h | whole_organism | mixed	0.6790022102066029
Smp_125340	E-MTAB-451__schistosomulum_24h_r4	38.745786	E-MTAB-451	schistosomulum_24h_r4	schistosomulum_24h_r4	ERR022883	schistosomulum_24h	schistosomulum_24h	whole_organism	mixed	not_applicable	untreated	24	not_declared	4	SAMEA988618	somule6	lane_1	${HF_PROJECT_RUNTIME_ROOT}/fastq_ftp/ERR022883_1.fastq.gz	${HF_PROJECT_RUNTIME_ROOT}/fastq_ftp/ERR022883_2.fastq.gz	compatibility/quants/E-MTAB-451/schistosomulum_24h_r4/quant.sf	TRUE	schistosomulum_24h	unknown		Readers	Smp_125340	Smp_125340	Smp_125340		protein_coding	SM_V10_7	14368007	14409982	+	SM_V10_7:14368007-14409982(+)	5.312730003355356	E-MTAB-451 | schistosomulum_24h_r4	E-MTAB-451 | not_declared | schistosomulum_24h | schistosomulum_24h | whole_organism | mixed	schistosomulum_24h | schistosomulum_24h | whole_organism | mixed	0.6588681963908873
Smp_125340	E-MTAB-451__schistosomulum_3h_r1	29.007239	E-MTAB-451	schistosomulum_3h_r1	schistosomulum_3h_r1	ERR022874	schistosomulum_3h	schistosomulum_3h	whole_organism	mixed	not_applicable	untreated	3	not_declared	1	SAMEA988621	somule1	lane_1	${HF_PROJECT_RUNTIME_ROOT}/fastq_ftp/ERR022874_1.fastq.gz	${HF_PROJECT_RUNTIME_ROOT}/fastq_ftp/ERR022874_2.fastq.gz	compatibility/quants/E-MTAB-451/schistosomulum_3h_r1/quant.sf	TRUE	schistosomulum_3h	unknown		Readers	Smp_125340	Smp_125340	Smp_125340		protein_coding	SM_V10_7	14368007	14409982	+	SM_V10_7:14368007-14409982(+)	4.907238675927683	E-MTAB-451 | schistosomulum_3h_r1	E-MTAB-451 | not_declared | schistosomulum_3h | schistosomulum_3h | whole_organism | mixed	schistosomulum_3h | schistosomulum_3h | whole_organism | mixed	-0.3446937032266171
Smp_125340	E-MTAB-451__schistosomulum_3h_r2	41.958469	E-MTAB-451	schistosomulum_3h_r2	schistosomulum_3h_r2	ERR022879	schistosomulum_3h	schistosomulum_3h	whole_organism	mixed	not_applicable	untreated	3	not_declared	2	SAMEA988617	somule2	lane_1	${HF_PROJECT_RUNTIME_ROOT}/fastq_ftp/ERR022879_1.fastq.gz	${HF_PROJECT_RUNTIME_ROOT}/fastq_ftp/ERR022879_2.fastq.gz	compatibility/quants/E-MTAB-451/schistosomulum_3h_r2/quant.sf	TRUE	schistosomulum_3h	unknown		Readers	Smp_125340	Smp_125340	Smp_125340		protein_coding	SM_V10_7	14368007	14409982	+	SM_V10_7:14368007-14409982(+)	5.4248706728134275	E-MTAB-451 | schistosomulum_3h_r2	E-MTAB-451 | not_declared | schistosomulum_3h | schistosomulum_3h | whole_organism | mixed	schistosomulum_3h | schistosomulum_3h | whole_organism | mixed	0.9364082956567449
Smp_130470	E-MTAB-451__adult_mixed_r1	11.578862	E-MTAB-451	adult_mixed_r1	adult_mixed_r1	ERR022873	adult_mixed	adult	whole_organism	mixed	not_applicable	untreated	not_applicable	not_declared	1	SAMEA988615	adult2	lane_1	${HF_PROJECT_RUNTIME_ROOT}/fastq_ftp/ERR022873_1.fastq.gz	${HF_PROJECT_RUNTIME_ROOT}/fastq_ftp/ERR022873_2.fastq.gz	compatibility/quants/E-MTAB-451/adult_mixed_r1/quant.sf	TRUE	adult	unknown		Readers	Smp_130470	Smp_130470	Smp_130470		protein_coding	SM_V10_Z	67112716	67162574	+	SM_V10_Z:67112716-67162574(+)	3.65292950349408	E-MTAB-451 | adult_mixed_r1	E-MTAB-451 | not_declared | adult_mixed | adult | whole_organism | mixed	adult_mixed | adult | whole_organism | mixed	-2.2609816582825966
Smp_130470	E-MTAB-451__cercaria_whole_r1	47.790652	E-MTAB-451	cercaria_whole_r1	cercaria_whole_r1	ERR022872	cercaria_whole	cercaria	whole_organism	mixed	not_applicable	untreated	0	not_declared	1	SAMEA988623	cerc10a	lane_1	${HF_PROJECT_RUNTIME_ROOT}/fastq_ftp/ERR022872_1.fastq.gz	${HF_PROJECT_RUNTIME_ROOT}/fastq_ftp/ERR022872_2.fastq.gz	compatibility/quants/E-MTAB-451/cercaria_whole_r1/quant.sf	TRUE	cercaria	unknown		Readers	Smp_130470	Smp_130470	Smp_130470		protein_coding	SM_V10_Z	67112716	67162574	+	SM_V10_Z:67112716-67162574(+)	5.608532857324938	E-MTAB-451 | cercaria_whole_r1	E-MTAB-451 | not_declared | cercaria_whole | cercaria | whole_organism | mixed	cercaria_whole | cercaria | whole_organism | mixed	0.5316383496135776
Smp_130470	E-MTAB-451__cercaria_whole_r2	50.718745999999996	E-MTAB-451	cercaria_whole_r2	cercaria_whole_r2	ERR022877	cercaria_whole	cercaria	whole_organism	mixed	not_applicable	untreated	0	not_declared	2	SAMEA988624	cerc12	lane_1	${HF_PROJECT_RUNTIME_ROOT}/fastq_ftp/ERR022877_1.fastq.gz	${HF_PROJECT_RUNTIME_ROOT}/fastq_ftp/ERR022877_2.fastq.gz	compatibility/quants/E-MTAB-451/cercaria_whole_r2/quant.sf	TRUE	cercaria	unknown		Readers	Smp_130470	Smp_130470	Smp_130470		protein_coding	SM_V10_Z	67112716	67162574	+	SM_V10_Z:67112716-67162574(+)	5.692615390114536	E-MTAB-451 | cercaria_whole_r2	E-MTAB-451 | not_declared | cercaria_whole | cercaria | whole_organism | mixed	cercaria_whole | cercaria | whole_organism | mixed	0.651708998358808
Smp_130470	E-MTAB-451__cercaria_whole_r3	45.060848	E-MTAB-451	cercaria_whole_r3	cercaria_whole_r3	ERR022878	cercaria_whole	cercaria	whole_organism	mixed	not_applicable	untreated	0	not_declared	3	SAMEA988614	cerc13	lane_1	${HF_PROJECT_RUNTIME_ROOT}/fastq_ftp/ERR022878_1.fastq.gz	${HF_PROJECT_RUNTIME_ROOT}/fastq_ftp/ERR022878_2.fastq.gz	compatibility/quants/E-MTAB-451/cercaria_whole_r3/quant.sf	TRUE	cercaria	unknown		Readers	Smp_130470	Smp_130470	Smp_130470		protein_coding	SM_V10_Z	67112716	67162574	+	SM_V10_Z:67112716-67162574(+)	5.525469066898123	E-MTAB-451 | cercaria_whole_r3	E-MTAB-451 | not_declared | cercaria_whole | cercaria | whole_organism | mixed	cercaria_whole | cercaria | whole_organism | mixed	0.41302247455731067
Smp_130470	E-MTAB-451__cercarial_tail_r1	38.302976	E-MTAB-451	cercarial_tail_r1	cercarial_tail_r1	ERR022875	cercarial_tail	cercaria	tail	mixed	not_applicable	untreated	0	not_declared	1	SAMEA988620	tail1	lane_1	${HF_PROJECT_RUNTIME_ROOT}/fastq_ftp/ERR022875_1.fastq.gz	${HF_PROJECT_RUNTIME_ROOT}/fastq_ftp/ERR022875_2.fastq.gz	compatibility/quants/E-MTAB-451/cercarial_tail_r1/quant.sf	TRUE	cercaria	unknown		Readers	Smp_130470	Smp_130470	Smp_130470		protein_coding	SM_V10_Z	67112716	67162574	+	SM_V10_Z:67112716-67162574(+)	5.296566651592322	E-MTAB-451 | cercarial_tail_r1	E-MTAB-451 | not_declared | cercarial_tail | cercaria | tail | mixed	cercarial_tail | cercaria | tail | mixed	0.08614766960950332
Smp_130470	E-MTAB-451__schistosomulum_24h_r1	34.747558000000005	E-MTAB-451	schistosomulum_24h_r1	schistosomulum_24h_r1	ERR022880	schistosomulum_24h	schistosomulum_24h	whole_organism	mixed	not_applicable	untreated	24	not_declared	1	SAMEA988616	somule3	lane_1	${HF_PROJECT_RUNTIME_ROOT}/fastq_ftp/ERR022880_1.fastq.gz	${HF_PROJECT_RUNTIME_ROOT}/fastq_ftp/ERR022880_2.fastq.gz	compatibility/quants/E-MTAB-451/schistosomulum_24h_r1/quant.sf	TRUE	schistosomulum_24h	unknown		Readers	Smp_130470	Smp_130470	Smp_130470		protein_coding	SM_V10_Z	67112716	67162574	+	SM_V10_Z:67112716-67162574(+)	5.159772786243525	E-MTAB-451 | schistosomulum_24h_r1	E-MTAB-451 | not_declared | schistosomulum_24h | schistosomulum_24h | whole_organism | mixed	schistosomulum_24h | schistosomulum_24h | whole_organism | mixed	-0.1091952584858974
Smp_130470	E-MTAB-451__schistosomulum_24h_r2	28.622379	E-MTAB-451	schistosomulum_24h_r2	schistosomulum_24h_r2	ERR022881	schistosomulum_24h	schistosomulum_24h	whole_organism	mixed	not_applicable	untreated	24	not_declared	2	SAMEA988622	somule4	lane_1	${HF_PROJECT_RUNTIME_ROOT}/fastq_ftp/ERR022881_1.fastq.gz	${HF_PROJECT_RUNTIME_ROOT}/fastq_ftp/ERR022881_2.fastq.gz	compatibility/quants/E-MTAB-451/schistosomulum_24h_r2/quant.sf	TRUE	schistosomulum_24h	unknown		Readers	Smp_130470	Smp_130470	Smp_130470		protein_coding	SM_V10_Z	67112716	67162574	+	SM_V10_Z:67112716-67162574(+)	4.88861560430812	E-MTAB-451 | schistosomulum_24h_r2	E-MTAB-451 | not_declared | schistosomulum_24h | schistosomulum_24h | whole_organism | mixed	schistosomulum_24h | schistosomulum_24h | whole_organism | mixed	-0.4964102681524485
Smp_130470	E-MTAB-451__schistosomulum_24h_r3	26.670631	E-MTAB-451	schistosomulum_24h_r3	schistosomulum_24h_r3	ERR022882	schistosomulum_24h	schistosomulum_24h	whole_organism	mixed	not_applicable	untreated	24	not_declared	3	SAMEA988619	somule5	lane_1	${HF_PROJECT_RUNTIME_ROOT}/fastq_ftp/ERR022882_1.fastq.gz	${HF_PROJECT_RUNTIME_ROOT}/fastq_ftp/ERR022882_2.fastq.gz	compatibility/quants/E-MTAB-451/schistosomulum_24h_r3/quant.sf	TRUE	schistosomulum_24h	unknown		Readers	Smp_130470	Smp_130470	Smp_130470		protein_coding	SM_V10_Z	67112716	67162574	+	SM_V10_Z:67112716-67162574(+)	4.790283638372311	E-MTAB-451 | schistosomulum_24h_r3	E-MTAB-451 | not_declared | schistosomulum_24h | schistosomulum_24h | whole_organism | mixed	schistosomulum_24h | schistosomulum_24h | whole_organism | mixed	-0.6368292416371171
Smp_130470	E-MTAB-451__schistosomulum_24h_r4	27.217645	E-MTAB-451	schistosomulum_24h_r4	schistosomulum_24h_r4	ERR022883	schistosomulum_24h	schistosomulum_24h	whole_organism	mixed	not_applicable	untreated	24	not_declared	4	SAMEA988618	somule6	lane_1	${HF_PROJECT_RUNTIME_ROOT}/fastq_ftp/ERR022883_1.fastq.gz	${HF_PROJECT_RUNTIME_ROOT}/fastq_ftp/ERR022883_2.fastq.gz	compatibility/quants/E-MTAB-451/schistosomulum_24h_r4/quant.sf	TRUE	schistosomulum_24h	unknown		Readers	Smp_130470	Smp_130470	Smp_130470		protein_coding	SM_V10_Z	67112716	67162574	+	SM_V10_Z:67112716-67162574(+)	4.81852568280148	E-MTAB-451 | schistosomulum_24h_r4	E-MTAB-451 | not_declared | schistosomulum_24h | schistosomulum_24h | whole_organism | mixed	schistosomulum_24h | schistosomulum_24h | whole_organism | mixed	-0.5964993361978097
Smp_130470	E-MTAB-451__schistosomulum_3h_r1	61.266835	E-MTAB-451	schistosomulum_3h_r1	schistosomulum_3h_r1	ERR022874	schistosomulum_3h	schistosomulum_3h	whole_organism	mixed	not_applicable	untreated	3	not_declared	1	SAMEA988621	somule1	lane_1	${HF_PROJECT_RUNTIME_ROOT}/fastq_ftp/ERR022874_1.fastq.gz	${HF_PROJECT_RUNTIME_ROOT}/fastq_ftp/ERR022874_2.fastq.gz	compatibility/quants/E-MTAB-451/schistosomulum_3h_r1/quant.sf	TRUE	schistosomulum_3h	unknown		Readers	Smp_130470	Smp_130470	Smp_130470		protein_coding	SM_V10_Z	67112716	67162574	+	SM_V10_Z:67112716-67162574(+)	5.960392044315334	E-MTAB-451 | schistosomulum_3h_r1	E-MTAB-451 | not_declared | schistosomulum_3h | schistosomulum_3h | whole_organism | mixed	schistosomulum_3h | schistosomulum_3h | whole_organism | mixed	1.0340965825812278
Smp_130470	E-MTAB-451__schistosomulum_3h_r2	72.76844	E-MTAB-451	schistosomulum_3h_r2	schistosomulum_3h_r2	ERR022879	schistosomulum_3h	schistosomulum_3h	whole_organism	mixed	not_applicable	untreated	3	not_declared	2	SAMEA988617	somule2	lane_1	${HF_PROJECT_RUNTIME_ROOT}/fastq_ftp/ERR022879_1.fastq.gz	${HF_PROJECT_RUNTIME_ROOT}/fastq_ftp/ERR022879_2.fastq.gz	compatibility/quants/E-MTAB-451/schistosomulum_3h_r2/quant.sf	TRUE	schistosomulum_3h	unknown		Readers	Smp_130470	Smp_130470	Smp_130470		protein_coding	SM_V10_Z	67112716	67162574	+	SM_V10_Z:67112716-67162574(+)	6.2049318218254115	E-MTAB-451 | schistosomulum_3h_r2	E-MTAB-451 | not_declared | schistosomulum_3h | schistosomulum_3h | whole_organism | mixed	schistosomulum_3h | schistosomulum_3h | whole_organism | mixed	1.3833016880354425
Smp_132170	E-MTAB-451__adult_mixed_r1	26.227073	E-MTAB-451	adult_mixed_r1	adult_mixed_r1	ERR022873	adult_mixed	adult	whole_organism	mixed	not_applicable	untreated	not_applicable	not_declared	1	SAMEA988615	adult2	lane_1	${HF_PROJECT_RUNTIME_ROOT}/fastq_ftp/ERR022873_1.fastq.gz	${HF_PROJECT_RUNTIME_ROOT}/fastq_ftp/ERR022873_2.fastq.gz	compatibility/quants/E-MTAB-451/adult_mixed_r1/quant.sf	TRUE	adult	unknown		Erasers	Smp_132170	Smp_132170	Smp_132170		protein_coding	SM_V10_Z	47706642	47731933	+	SM_V10_Z:47706642-47731933(+)	4.766969991137698	E-MTAB-451 | adult_mixed_r1	E-MTAB-451 | not_declared | adult_mixed | adult | whole_organism | mixed	adult_mixed | adult | whole_organism | mixed	-1.6485302424817847
Smp_132170	E-MTAB-451__cercaria_whole_r1	44.514484	E-MTAB-451	cercaria_whole_r1	cercaria_whole_r1	ERR022872	cercaria_whole	cercaria	whole_organism	mixed	not_applicable	untreated	0	not_declared	1	SAMEA988623	cerc10a	lane_1	${HF_PROJECT_RUNTIME_ROOT}/fastq_ftp/ERR022872_1.fastq.gz	${HF_PROJECT_RUNTIME_ROOT}/fastq_ftp/ERR022872_2.fastq.gz	compatibility/quants/E-MTAB-451/cercaria_whole_r1/quant.sf	TRUE	cercaria	unknown		Erasers	Smp_132170	Smp_132170	Smp_132170		protein_coding	SM_V10_Z	47706642	47731933	+	SM_V10_Z:47706642-47731933(+)	5.508253819754088	E-MTAB-451 | cercaria_whole_r1	E-MTAB-451 | not_declared | cercaria_whole | cercaria | whole_organism | mixed	cercaria_whole | cercaria | whole_organism | mixed	0.46269506298624213
Smp_132170	E-MTAB-451__cercaria_whole_r2	45.805353	E-MTAB-451	cercaria_whole_r2	cercaria_whole_r2	ERR022877	cercaria_whole	cercaria	whole_organism	mixed	not_applicable	untreated	0	not_declared	2	SAMEA988624	cerc12	lane_1	${HF_PROJECT_RUNTIME_ROOT}/fastq_ftp/ERR022877_1.fastq.gz	${HF_PROJECT_RUNTIME_ROOT}/fastq_ftp/ERR022877_2.fastq.gz	compatibility/quants/E-MTAB-451/cercaria_whole_r2/quant.sf	TRUE	cercaria	unknown		Erasers	Smp_132170	Smp_132170	Smp_132170		protein_coding	SM_V10_Z	47706642	47731933	+	SM_V10_Z:47706642-47731933(+)	5.548601631211477	E-MTAB-451 | cercaria_whole_r2	E-MTAB-451 | not_declared | cercaria_whole | cercaria | whole_organism | mixed	cercaria_whole | cercaria | whole_organism | mixed	0.5776082949774072
Smp_132170	E-MTAB-451__cercaria_whole_r3	43.619091	E-MTAB-451	cercaria_whole_r3	cercaria_whole_r3	ERR022878	cercaria_whole	cercaria	whole_organism	mixed	not_applicable	untreated	0	not_declared	3	SAMEA988614	cerc13	lane_1	${HF_PROJECT_RUNTIME_ROOT}/fastq_ftp/ERR022878_1.fastq.gz	${HF_PROJECT_RUNTIME_ROOT}/fastq_ftp/ERR022878_2.fastq.gz	compatibility/quants/E-MTAB-451/cercaria_whole_r3/quant.sf	TRUE	cercaria	unknown		Erasers	Smp_132170	Smp_132170	Smp_132170		protein_coding	SM_V10_Z	47706642	47731933	+	SM_V10_Z:47706642-47731933(+)	5.479589217542692	E-MTAB-451 | cercaria_whole_r3	E-MTAB-451 | not_declared | cercaria_whole | cercaria | whole_organism | mixed	cercaria_whole | cercaria | whole_organism | mixed	0.3810563826000412
Smp_132170	E-MTAB-451__cercarial_tail_r1	26.615563	E-MTAB-451	cercarial_tail_r1	cercarial_tail_r1	ERR022875	cercarial_tail	cercaria	tail	mixed	not_applicable	untreated	0	not_declared	1	SAMEA988620	tail1	lane_1	${HF_PROJECT_RUNTIME_ROOT}/fastq_ftp/ERR022875_1.fastq.gz	${HF_PROJECT_RUNTIME_ROOT}/fastq_ftp/ERR022875_2.fastq.gz	compatibility/quants/E-MTAB-451/cercarial_tail_r1/quant.sf	TRUE	cercaria	unknown		Erasers	Smp_132170	Smp_132170	Smp_132170		protein_coding	SM_V10_Z	47706642	47731933	+	SM_V10_Z:47706642-47731933(+)	4.7874096348992135	E-MTAB-451 | cercarial_tail_r1	E-MTAB-451 | not_declared | cercarial_tail | cercaria | tail | mixed	cercarial_tail | cercaria | tail | mixed	-1.5903167870168133
Smp_132170	E-MTAB-451__schistosomulum_24h_r1	48.050306	E-MTAB-451	schistosomulum_24h_r1	schistosomulum_24h_r1	ERR022880	schistosomulum_24h	schistosomulum_24h	whole_organism	mixed	not_applicable	untreated	24	not_declared	1	SAMEA988616	somule3	lane_1	${HF_PROJECT_RUNTIME_ROOT}/fastq_ftp/ERR022880_1.fastq.gz	${HF_PROJECT_RUNTIME_ROOT}/fastq_ftp/ERR022880_2.fastq.gz	compatibility/quants/E-MTAB-451/schistosomulum_24h_r1/quant.sf	TRUE	schistosomulum_24h	unknown		Erasers	Smp_132170	Smp_132170	Smp_132170		protein_coding	SM_V10_Z	47706642	47731933	+	SM_V10_Z:47706642-47731933(+)	5.61619023160314	E-MTAB-451 | schistosomulum_24h_r1	E-MTAB-451 | not_declared | schistosomulum_24h | schistosomulum_24h | whole_organism | mixed	schistosomulum_24h | schistosomulum_24h | whole_organism | mixed	0.7701050930990988
Smp_132170	E-MTAB-451__schistosomulum_24h_r2	33.702135	E-MTAB-451	schistosomulum_24h_r2	schistosomulum_24h_r2	ERR022881	schistosomulum_24h	schistosomulum_24h	whole_organism	mixed	not_applicable	untreated	24	not_declared	2	SAMEA988622	somule4	lane_1	${HF_PROJECT_RUNTIME_ROOT}/fastq_ftp/ERR022881_1.fastq.gz	${HF_PROJECT_RUNTIME_ROOT}/fastq_ftp/ERR022881_2.fastq.gz	compatibility/quants/E-MTAB-451/schistosomulum_24h_r2/quant.sf	TRUE	schistosomulum_24h	unknown		Erasers	Smp_132170	Smp_132170	Smp_132170		protein_coding	SM_V10_Z	47706642	47731933	+	SM_V10_Z:47706642-47731933(+)	5.116952520202694	E-MTAB-451 | schistosomulum_24h_r2	E-MTAB-451 | not_declared | schistosomulum_24h | schistosomulum_24h | whole_organism | mixed	schistosomulum_24h | schistosomulum_24h | whole_organism | mixed	-0.6517568834664335
Smp_132170	E-MTAB-451__schistosomulum_24h_r3	38.335899	E-MTAB-451	schistosomulum_24h_r3	schistosomulum_24h_r3	ERR022882	schistosomulum_24h	schistosomulum_24h	whole_organism	mixed	not_applicable	untreated	24	not_declared	3	SAMEA988619	somule5	lane_1	${HF_PROJECT_RUNTIME_ROOT}/fastq_ftp/ERR022882_1.fastq.gz	${HF_PROJECT_RUNTIME_ROOT}/fastq_ftp/ERR022882_2.fastq.gz	compatibility/quants/E-MTAB-451/schistosomulum_24h_r3/quant.sf	TRUE	schistosomulum_24h	unknown		Erasers	Smp_132170	Smp_132170	Smp_132170		protein_coding	SM_V10_Z	47706642	47731933	+	SM_V10_Z:47706642-47731933(+)	5.297774650857476	E-MTAB-451 | schistosomulum_24h_r3	E-MTAB-451 | not_declared | schistosomulum_24h | schistosomulum_24h | whole_organism | mixed	schistosomulum_24h | schistosomulum_24h | whole_organism | mixed	-0.13676351211558135
Smp_132170	E-MTAB-451__schistosomulum_24h_r4	36.319911	E-MTAB-451	schistosomulum_24h_r4	schistosomulum_24h_r4	ERR022883	schistosomulum_24h	schistosomulum_24h	whole_organism	mixed	not_applicable	untreated	24	not_declared	4	SAMEA988618	somule6	lane_1	${HF_PROJECT_RUNTIME_ROOT}/fastq_ftp/ERR022883_1.fastq.gz	${HF_PROJECT_RUNTIME_ROOT}/fastq_ftp/ERR022883_2.fastq.gz	compatibility/quants/E-MTAB-451/schistosomulum_24h_r4/quant.sf	TRUE	schistosomulum_24h	unknown		Erasers	Smp_132170	Smp_132170	Smp_132170		protein_coding	SM_V10_Z	47706642	47731933	+	SM_V10_Z:47706642-47731933(+)	5.22187364056225	E-MTAB-451 | schistosomulum_24h_r4	E-MTAB-451 | not_declared | schistosomulum_24h | schistosomulum_24h | whole_organism | mixed	schistosomulum_24h | schistosomulum_24h | whole_organism | mixed	-0.35293460267473586
Smp_132170	E-MTAB-451__schistosomulum_3h_r1	45.976128	E-MTAB-451	schistosomulum_3h_r1	schistosomulum_3h_r1	ERR022874	schistosomulum_3h	schistosomulum_3h	whole_organism	mixed	not_applicable	untreated	3	not_declared	1	SAMEA988621	somule1	lane_1	${HF_PROJECT_RUNTIME_ROOT}/fastq_ftp/ERR022874_1.fastq.gz	${HF_PROJECT_RUNTIME_ROOT}/fastq_ftp/ERR022874_2.fastq.gz	compatibility/quants/E-MTAB-451/schistosomulum_3h_r1/quant.sf	TRUE	schistosomulum_3h	unknown		Erasers	Smp_132170	Smp_132170	Smp_132170		protein_coding	SM_V10_Z	47706642	47731933	+	SM_V10_Z:47706642-47731933(+)	5.553855899224928	E-MTAB-451 | schistosomulum_3h_r1	E-MTAB-451 | not_declared | schistosomulum_3h | schistosomulum_3h | whole_organism | mixed	schistosomulum_3h | schistosomulum_3h | whole_organism | mixed	0.5925727973224979
Smp_132170	E-MTAB-451__schistosomulum_3h_r2	58.974093	E-MTAB-451	schistosomulum_3h_r2	schistosomulum_3h_r2	ERR022879	schistosomulum_3h	schistosomulum_3h	whole_organism	mixed	not_applicable	untreated	3	not_declared	2	SAMEA988617	somule2	lane_1	${HF_PROJECT_RUNTIME_ROOT}/fastq_ftp/ERR022879_1.fastq.gz	${HF_PROJECT_RUNTIME_ROOT}/fastq_ftp/ERR022879_2.fastq.gz	compatibility/quants/E-MTAB-451/schistosomulum_3h_r2/quant.sf	TRUE	schistosomulum_3h	unknown		Erasers	Smp_132170	Smp_132170	Smp_132170		protein_coding	SM_V10_Z	47706642	47731933	+	SM_V10_Z:47706642-47731933(+)	5.9062675294102975	E-MTAB-451 | schistosomulum_3h_r2	E-MTAB-451 | not_declared | schistosomulum_3h | schistosomulum_3h | whole_organism | mixed	schistosomulum_3h | schistosomulum_3h | whole_organism | mixed	1.596264396770054
Smp_138030	E-MTAB-451__adult_mixed_r1	54.951334	E-MTAB-451	adult_mixed_r1	adult_mixed_r1	ERR022873	adult_mixed	adult	whole_organism	mixed	not_applicable	untreated	not_applicable	not_declared	1	SAMEA988615	adult2	lane_1	${HF_PROJECT_RUNTIME_ROOT}/fastq_ftp/ERR022873_1.fastq.gz	${HF_PROJECT_RUNTIME_ROOT}/fastq_ftp/ERR022873_2.fastq.gz	compatibility/quants/E-MTAB-451/adult_mixed_r1/quant.sf	TRUE	adult	unknown		Writers	Smp_138030	Smp_138030	Smp_138030		protein_coding	SM_V10_3	6666828	6673158	-	SM_V10_3:6666828-6673158(-)	5.806100623448131	E-MTAB-451 | adult_mixed_r1	E-MTAB-451 | not_declared | adult_mixed | adult | whole_organism | mixed	adult_mixed | adult | whole_organism | mixed	-1.2059274173897323
Smp_138030	E-MTAB-451__cercaria_whole_r1	75.274872	E-MTAB-451	cercaria_whole_r1	cercaria_whole_r1	ERR022872	cercaria_whole	cercaria	whole_organism	mixed	not_applicable	untreated	0	not_declared	1	SAMEA988623	cerc10a	lane_1	${HF_PROJECT_RUNTIME_ROOT}/fastq_ftp/ERR022872_1.fastq.gz	${HF_PROJECT_RUNTIME_ROOT}/fastq_ftp/ERR022872_2.fastq.gz	compatibility/quants/E-MTAB-451/cercaria_whole_r1/quant.sf	TRUE	cercaria	unknown		Writers	Smp_138030	Smp_138030	Smp_138030		protein_coding	SM_V10_3	6666828	6673158	-	SM_V10_3:6666828-6673158(-)	6.253135948647437	E-MTAB-451 | cercaria_whole_r1	E-MTAB-451 | not_declared | cercaria_whole | cercaria | whole_organism | mixed	cercaria_whole | cercaria | whole_organism | mixed	-0.15579440874480632
Smp_138030	E-MTAB-451__cercaria_whole_r2	71.916434	E-MTAB-451	cercaria_whole_r2	cercaria_whole_r2	ERR022877	cercaria_whole	cercaria	whole_organism	mixed	not_applicable	untreated	0	not_declared	2	SAMEA988624	cerc12	lane_1	${HF_PROJECT_RUNTIME_ROOT}/fastq_ftp/ERR022877_1.fastq.gz	${HF_PROJECT_RUNTIME_ROOT}/fastq_ftp/ERR022877_2.fastq.gz	compatibility/quants/E-MTAB-451/cercaria_whole_r2/quant.sf	TRUE	cercaria	unknown		Writers	Smp_138030	Smp_138030	Smp_138030		protein_coding	SM_V10_3	6666828	6673158	-	SM_V10_3:6666828-6673158(-)	6.188172102557414	E-MTAB-451 | cercaria_whole_r2	E-MTAB-451 | not_declared | cercaria_whole | cercaria | whole_organism | mixed	cercaria_whole | cercaria | whole_organism | mixed	-0.30840131764455997
Smp_138030	E-MTAB-451__cercaria_whole_r3	63.625707	E-MTAB-451	cercaria_whole_r3	cercaria_whole_r3	ERR022878	cercaria_whole	cercaria	whole_organism	mixed	not_applicable	untreated	0	not_declared	3	SAMEA988614	cerc13	lane_1	${HF_PROJECT_RUNTIME_ROOT}/fastq_ftp/ERR022878_1.fastq.gz	${HF_PROJECT_RUNTIME_ROOT}/fastq_ftp/ERR022878_2.fastq.gz	compatibility/quants/E-MTAB-451/cercaria_whole_r3/quant.sf	TRUE	cercaria	unknown		Writers	Smp_138030	Smp_138030	Smp_138030		protein_coding	SM_V10_3	6666828	6673158	-	SM_V10_3:6666828-6673158(-)	6.014036253368159	E-MTAB-451 | cercaria_whole_r3	E-MTAB-451 | not_declared | cercaria_whole | cercaria | whole_organism | mixed	cercaria_whole | cercaria | whole_organism | mixed	-0.7174647471185555
Smp_138030	E-MTAB-451__cercarial_tail_r1	53.373344	E-MTAB-451	cercarial_tail_r1	cercarial_tail_r1	ERR022875	cercarial_tail	cercaria	tail	mixed	not_applicable	untreated	0	not_declared	1	SAMEA988620	tail1	lane_1	${HF_PROJECT_RUNTIME_ROOT}/fastq_ftp/ERR022875_1.fastq.gz	${HF_PROJECT_RUNTIME_ROOT}/fastq_ftp/ERR022875_2.fastq.gz	compatibility/quants/E-MTAB-451/cercarial_tail_r1/quant.sf	TRUE	cercaria	unknown		Writers	Smp_138030	Smp_138030	Smp_138030		protein_coding	SM_V10_3	6666828	6673158	-	SM_V10_3:6666828-6673158(-)	5.764827652540804	E-MTAB-451 | cercarial_tail_r1	E-MTAB-451 | not_declared | cercarial_tail | cercaria | tail | mixed	cercarial_tail | cercaria | tail | mixed	-1.3028819681185866
Smp_138030	E-MTAB-451__schistosomulum_24h_r1	118.616007	E-MTAB-451	schistosomulum_24h_r1	schistosomulum_24h_r1	ERR022880	schistosomulum_24h	schistosomulum_24h	whole_organism	mixed	not_applicable	untreated	24	not_declared	1	SAMEA988616	somule3	lane_1	${HF_PROJECT_RUNTIME_ROOT}/fastq_ftp/ERR022880_1.fastq.gz	${HF_PROJECT_RUNTIME_ROOT}/fastq_ftp/ERR022880_2.fastq.gz	compatibility/quants/E-MTAB-451/schistosomulum_24h_r1/quant.sf	TRUE	schistosomulum_24h	unknown		Writers	Smp_138030	Smp_138030	Smp_138030		protein_coding	SM_V10_3	6666828	6673158	-	SM_V10_3:6666828-6673158(-)	6.902266653510447	E-MTAB-451 | schistosomulum_24h_r1	E-MTAB-451 | not_declared | schistosomulum_24h | schistosomulum_24h | whole_organism | mixed	schistosomulum_24h | schistosomulum_24h | whole_organism | mixed	1.3690819079034946
Smp_138030	E-MTAB-451__schistosomulum_24h_r2	89.963415	E-MTAB-451	schistosomulum_24h_r2	schistosomulum_24h_r2	ERR022881	schistosomulum_24h	schistosomulum_24h	whole_organism	mixed	not_applicable	untreated	24	not_declared	2	SAMEA988622	somule4	lane_1	${HF_PROJECT_RUNTIME_ROOT}/fastq_ftp/ERR022881_1.fastq.gz	${HF_PROJECT_RUNTIME_ROOT}/fastq_ftp/ERR022881_2.fastq.gz	compatibility/quants/E-MTAB-451/schistosomulum_24h_r2/quant.sf	TRUE	schistosomulum_24h	unknown		Writers	Smp_138030	Smp_138030	Smp_138030		protein_coding	SM_V10_3	6666828	6673158	-	SM_V10_3:6666828-6673158(-)	6.50721451260786	E-MTAB-451 | schistosomulum_24h_r2	E-MTAB-451 | not_declared | schistosomulum_24h | schistosomulum_24h | whole_organism | mixed	schistosomulum_24h | schistosomulum_24h | whole_organism | mixed	0.44106286799274
Smp_138030	E-MTAB-451__schistosomulum_24h_r3	89.163484	E-MTAB-451	schistosomulum_24h_r3	schistosomulum_24h_r3	ERR022882	schistosomulum_24h	schistosomulum_24h	whole_organism	mixed	not_applicable	untreated	24	not_declared	3	SAMEA988619	somule5	lane_1	${HF_PROJECT_RUNTIME_ROOT}/fastq_ftp/ERR022882_1.fastq.gz	${HF_PROJECT_RUNTIME_ROOT}/fastq_ftp/ERR022882_2.fastq.gz	compatibility/quants/E-MTAB-451/schistosomulum_24h_r3/quant.sf	TRUE	schistosomulum_24h	unknown		Writers	Smp_138030	Smp_138030	Smp_138030		protein_coding	SM_V10_3	6666828	6673158	-	SM_V10_3:6666828-6673158(-)	6.4944713585386875	E-MTAB-451 | schistosomulum_24h_r3	E-MTAB-451 | not_declared | schistosomulum_24h | schistosomulum_24h | whole_organism | mixed	schistosomulum_24h | schistosomulum_24h | whole_organism | mixed	0.411127858457822
Smp_138030	E-MTAB-451__schistosomulum_24h_r4	95.639664	E-MTAB-451	schistosomulum_24h_r4	schistosomulum_24h_r4	ERR022883	schistosomulum_24h	schistosomulum_24h	whole_organism	mixed	not_applicable	untreated	24	not_declared	4	SAMEA988618	somule6	lane_1	${HF_PROJECT_RUNTIME_ROOT}/fastq_ftp/ERR022883_1.fastq.gz	${HF_PROJECT_RUNTIME_ROOT}/fastq_ftp/ERR022883_2.fastq.gz	compatibility/quants/E-MTAB-451/schistosomulum_24h_r4/quant.sf	TRUE	schistosomulum_24h	unknown		Writers	Smp_138030	Smp_138030	Smp_138030		protein_coding	SM_V10_3	6666828	6673158	-	SM_V10_3:6666828-6673158(-)	6.594543533548943	E-MTAB-451 | schistosomulum_24h_r4	E-MTAB-451 | not_declared | schistosomulum_24h | schistosomulum_24h | whole_organism | mixed	schistosomulum_24h | schistosomulum_24h | whole_organism | mixed	0.6462079255158512
Smp_138030	E-MTAB-451__schistosomulum_3h_r1	61.012617	E-MTAB-451	schistosomulum_3h_r1	schistosomulum_3h_r1	ERR022874	schistosomulum_3h	schistosomulum_3h	whole_organism	mixed	not_applicable	untreated	3	not_declared	1	SAMEA988621	somule1	lane_1	${HF_PROJECT_RUNTIME_ROOT}/fastq_ftp/ERR022874_1.fastq.gz	${HF_PROJECT_RUNTIME_ROOT}/fastq_ftp/ERR022874_2.fastq.gz	compatibility/quants/E-MTAB-451/schistosomulum_3h_r1/quant.sf	TRUE	schistosomulum_3h	unknown		Writers	Smp_138030	Smp_138030	Smp_138030		protein_coding	SM_V10_3	6666828	6673158	-	SM_V10_3:6666828-6673158(-)	5.954489868959124	E-MTAB-451 | schistosomulum_3h_r1	E-MTAB-451 | not_declared | schistosomulum_3h | schistosomulum_3h | whole_organism | mixed	schistosomulum_3h | schistosomulum_3h | whole_organism | mixed	-0.8573454685928786
Smp_138030	E-MTAB-451__schistosomulum_3h_r2	130.121925	E-MTAB-451	schistosomulum_3h_r2	schistosomulum_3h_r2	ERR022879	schistosomulum_3h	schistosomulum_3h	whole_organism	mixed	not_applicable	untreated	3	not_declared	2	SAMEA988617	somule2	lane_1	${HF_PROJECT_RUNTIME_ROOT}/fastq_ftp/ERR022879_1.fastq.gz	${HF_PROJECT_RUNTIME_ROOT}/fastq_ftp/ERR022879_2.fastq.gz	compatibility/quants/E-MTAB-451/schistosomulum_3h_r2/quant.sf	TRUE	schistosomulum_3h	unknown		Writers	Smp_138030	Smp_138030	Smp_138030		protein_coding	SM_V10_3	6666828	6673158	-	SM_V10_3:6666828-6673158(-)	7.0347651296753115	E-MTAB-451 | schistosomulum_3h_r2	E-MTAB-451 | not_declared | schistosomulum_3h | schistosomulum_3h | whole_organism | mixed	schistosomulum_3h | schistosomulum_3h | whole_organism | mixed	1.68033476773922
Smp_140390	E-MTAB-451__adult_mixed_r1	21.564349	E-MTAB-451	adult_mixed_r1	adult_mixed_r1	ERR022873	adult_mixed	adult	whole_organism	mixed	not_applicable	untreated	not_applicable	not_declared	1	SAMEA988615	adult2	lane_1	${HF_PROJECT_RUNTIME_ROOT}/fastq_ftp/ERR022873_1.fastq.gz	${HF_PROJECT_RUNTIME_ROOT}/fastq_ftp/ERR022873_2.fastq.gz	compatibility/quants/E-MTAB-451/adult_mixed_r1/quant.sf	TRUE	adult	unknown		Writers	Smp_140390	Smp_140390	Smp_140390		protein_coding	SM_V10_1	37345367	37371436	-	SM_V10_1:37345367-37371436(-)	4.495973251101412	E-MTAB-451 | adult_mixed_r1	E-MTAB-451 | not_declared | adult_mixed | adult | whole_organism | mixed	adult_mixed | adult | whole_organism | mixed	-2.105135883764359
Smp_140390	E-MTAB-451__cercaria_whole_r1	74.774757	E-MTAB-451	cercaria_whole_r1	cercaria_whole_r1	ERR022872	cercaria_whole	cercaria	whole_organism	mixed	not_applicable	untreated	0	not_declared	1	SAMEA988623	cerc10a	lane_1	${HF_PROJECT_RUNTIME_ROOT}/fastq_ftp/ERR022872_1.fastq.gz	${HF_PROJECT_RUNTIME_ROOT}/fastq_ftp/ERR022872_2.fastq.gz	compatibility/quants/E-MTAB-451/cercaria_whole_r1/quant.sf	TRUE	cercaria	unknown		Writers	Smp_140390	Smp_140390	Smp_140390		protein_coding	SM_V10_1	37345367	37371436	-	SM_V10_1:37345367-37371436(-)	6.243645415365036	E-MTAB-451 | cercaria_whole_r1	E-MTAB-451 | not_declared | cercaria_whole | cercaria | whole_organism | mixed	cercaria_whole | cercaria | whole_organism | mixed	0.6652458417307919
Smp_140390	E-MTAB-451__cercaria_whole_r2	70.214165	E-MTAB-451	cercaria_whole_r2	cercaria_whole_r2	ERR022877	cercaria_whole	cercaria	whole_organism	mixed	not_applicable	untreated	0	not_declared	2	SAMEA988624	cerc12	lane_1	${HF_PROJECT_RUNTIME_ROOT}/fastq_ftp/ERR022877_1.fastq.gz	${HF_PROJECT_RUNTIME_ROOT}/fastq_ftp/ERR022877_2.fastq.gz	compatibility/quants/E-MTAB-451/cercaria_whole_r2/quant.sf	TRUE	cercaria	unknown		Writers	Smp_140390	Smp_140390	Smp_140390		protein_coding	SM_V10_1	37345367	37371436	-	SM_V10_1:37345367-37371436(-)	6.154092326847427	E-MTAB-451 | cercaria_whole_r2	E-MTAB-451 | not_declared | cercaria_whole | cercaria | whole_organism | mixed	cercaria_whole | cercaria | whole_organism | mixed	0.5232877302703581
Smp_140390	E-MTAB-451__cercaria_whole_r3	67.018339	E-MTAB-451	cercaria_whole_r3	cercaria_whole_r3	ERR022878	cercaria_whole	cercaria	whole_organism	mixed	not_applicable	untreated	0	not_declared	3	SAMEA988614	cerc13	lane_1	${HF_PROJECT_RUNTIME_ROOT}/fastq_ftp/ERR022878_1.fastq.gz	${HF_PROJECT_RUNTIME_ROOT}/fastq_ftp/ERR022878_2.fastq.gz	compatibility/quants/E-MTAB-451/cercaria_whole_r3/quant.sf	TRUE	cercaria	unknown		Writers	Smp_140390	Smp_140390	Smp_140390		protein_coding	SM_V10_1	37345367	37371436	-	SM_V10_1:37345367-37371436(-)	6.087851870916628	E-MTAB-451 | cercaria_whole_r3	E-MTAB-451 | not_declared | cercaria_whole | cercaria | whole_organism | mixed	cercaria_whole | cercaria | whole_organism | mixed	0.4182844279625291
Smp_140390	E-MTAB-451__cercarial_tail_r1	52.752578	E-MTAB-451	cercarial_tail_r1	cercarial_tail_r1	ERR022875	cercarial_tail	cercaria	tail	mixed	not_applicable	untreated	0	not_declared	1	SAMEA988620	tail1	lane_1	${HF_PROJECT_RUNTIME_ROOT}/fastq_ftp/ERR022875_1.fastq.gz	${HF_PROJECT_RUNTIME_ROOT}/fastq_ftp/ERR022875_2.fastq.gz	compatibility/quants/E-MTAB-451/cercarial_tail_r1/quant.sf	TRUE	cercaria	unknown		Writers	Smp_140390	Smp_140390	Smp_140390		protein_coding	SM_V10_1	37345367	37371436	-	SM_V10_1:37345367-37371436(-)	5.748262043610391	E-MTAB-451 | cercarial_tail_r1	E-MTAB-451 | not_declared | cercarial_tail | cercaria | tail | mixed	cercarial_tail | cercaria | tail | mixed	-0.12002788882696065
Smp_140390	E-MTAB-451__schistosomulum_24h_r1	56.568669	E-MTAB-451	schistosomulum_24h_r1	schistosomulum_24h_r1	ERR022880	schistosomulum_24h	schistosomulum_24h	whole_organism	mixed	not_applicable	untreated	24	not_declared	1	SAMEA988616	somule3	lane_1	${HF_PROJECT_RUNTIME_ROOT}/fastq_ftp/ERR022880_1.fastq.gz	${HF_PROJECT_RUNTIME_ROOT}/fastq_ftp/ERR022880_2.fastq.gz	compatibility/quants/E-MTAB-451/schistosomulum_24h_r1/quant.sf	TRUE	schistosomulum_24h	unknown		Writers	Smp_140390	Smp_140390	Smp_140390		protein_coding	SM_V10_1	37345367	37371436	-	SM_V10_1:37345367-37371436(-)	5.847211952107987	E-MTAB-451 | schistosomulum_24h_r1	E-MTAB-451 | not_declared | schistosomulum_24h | schistosomulum_24h | whole_organism | mixed	schistosomulum_24h | schistosomulum_24h | whole_organism | mixed	0.036825910098571495
Smp_140390	E-MTAB-451__schistosomulum_24h_r2	39.837881	E-MTAB-451	schistosomulum_24h_r2	schistosomulum_24h_r2	ERR022881	schistosomulum_24h	schistosomulum_24h	whole_organism	mixed	not_applicable	untreated	24	not_declared	2	SAMEA988622	somule4	lane_1	${HF_PROJECT_RUNTIME_ROOT}/fastq_ftp/ERR022881_1.fastq.gz	${HF_PROJECT_RUNTIME_ROOT}/fastq_ftp/ERR022881_2.fastq.gz	compatibility/quants/E-MTAB-451/schistosomulum_24h_r2/quant.sf	TRUE	schistosomulum_24h	unknown		Writers	Smp_140390	Smp_140390	Smp_140390		protein_coding	SM_V10_1	37345367	37371436	-	SM_V10_1:37345367-37371436(-)	5.351836104342473	E-MTAB-451 | schistosomulum_24h_r2	E-MTAB-451 | not_declared | schistosomulum_24h | schistosomulum_24h | whole_organism | mixed	schistosomulum_24h | schistosomulum_24h | whole_organism | mixed	-0.7484358935529707
Smp_140390	E-MTAB-451__schistosomulum_24h_r3	41.114126	E-MTAB-451	schistosomulum_24h_r3	schistosomulum_24h_r3	ERR022882	schistosomulum_24h	schistosomulum_24h	whole_organism	mixed	not_applicable	untreated	24	not_declared	3	SAMEA988619	somule5	lane_1	${HF_PROJECT_RUNTIME_ROOT}/fastq_ftp/ERR022882_1.fastq.gz	${HF_PROJECT_RUNTIME_ROOT}/fastq_ftp/ERR022882_2.fastq.gz	compatibility/quants/E-MTAB-451/schistosomulum_24h_r3/quant.sf	TRUE	schistosomulum_24h	unknown		Writers	Smp_140390	Smp_140390	Smp_140390		protein_coding	SM_V10_1	37345367	37371436	-	SM_V10_1:37345367-37371436(-)	5.396232320860706	E-MTAB-451 | schistosomulum_24h_r3	E-MTAB-451 | not_declared | schistosomulum_24h | schistosomulum_24h | whole_organism | mixed	schistosomulum_24h | schistosomulum_24h | whole_organism | mixed	-0.6780597272225632
Smp_140390	E-MTAB-451__schistosomulum_24h_r4	43.717827	E-MTAB-451	schistosomulum_24h_r4	schistosomulum_24h_r4	ERR022883	schistosomulum_24h	schistosomulum_24h	whole_organism	mixed	not_applicable	untreated	24	not_declared	4	SAMEA988618	somule6	lane_1	${HF_PROJECT_RUNTIME_ROOT}/fastq_ftp/ERR022883_1.fastq.gz	${HF_PROJECT_RUNTIME_ROOT}/fastq_ftp/ERR022883_2.fastq.gz	compatibility/quants/E-MTAB-451/schistosomulum_24h_r4/quant.sf	TRUE	schistosomulum_24h	unknown		Writers	Smp_140390	Smp_140390	Smp_140390		protein_coding	SM_V10_1	37345367	37371436	-	SM_V10_1:37345367-37371436(-)	5.482778179032407	E-MTAB-451 | schistosomulum_24h_r4	E-MTAB-451 | not_declared | schistosomulum_24h | schistosomulum_24h | whole_organism | mixed	schistosomulum_24h | schistosomulum_24h | whole_organism | mixed	-0.5408686288009668
Smp_140390	E-MTAB-451__schistosomulum_3h_r1	88.672127	E-MTAB-451	schistosomulum_3h_r1	schistosomulum_3h_r1	ERR022874	schistosomulum_3h	schistosomulum_3h	whole_organism	mixed	not_applicable	untreated	3	not_declared	1	SAMEA988621	somule1	lane_1	${HF_PROJECT_RUNTIME_ROOT}/fastq_ftp/ERR022874_1.fastq.gz	${HF_PROJECT_RUNTIME_ROOT}/fastq_ftp/ERR022874_2.fastq.gz	compatibility/quants/E-MTAB-451/schistosomulum_3h_r1/quant.sf	TRUE	schistosomulum_3h	unknown		Writers	Smp_140390	Smp_140390	Smp_140390		protein_coding	SM_V10_1	37345367	37371436	-	SM_V10_1:37345367-37371436(-)	6.486587713389088	E-MTAB-451 | schistosomulum_3h_r1	E-MTAB-451 | not_declared | schistosomulum_3h | schistosomulum_3h | whole_organism | mixed	schistosomulum_3h | schistosomulum_3h | whole_organism | mixed	1.0503540539905076
Smp_140390	E-MTAB-451__schistosomulum_3h_r2	108.08552	E-MTAB-451	schistosomulum_3h_r2	schistosomulum_3h_r2	ERR022879	schistosomulum_3h	schistosomulum_3h	whole_organism	mixed	not_applicable	untreated	3	not_declared	2	SAMEA988617	somule2	lane_1	${HF_PROJECT_RUNTIME_ROOT}/fastq_ftp/ERR022879_1.fastq.gz	${HF_PROJECT_RUNTIME_ROOT}/fastq_ftp/ERR022879_2.fastq.gz	compatibility/quants/E-MTAB-451/schistosomulum_3h_r2/quant.sf	TRUE	schistosomulum_3h	unknown		Writers	Smp_140390	Smp_140390	Smp_140390		protein_coding	SM_V10_1	37345367	37371436	-	SM_V10_1:37345367-37371436(-)	6.769315800963158	E-MTAB-451 | schistosomulum_3h_r2	E-MTAB-451 | not_declared | schistosomulum_3h | schistosomulum_3h | whole_organism | mixed	schistosomulum_3h | schistosomulum_3h | whole_organism | mixed	1.498530058115069
Smp_144180	E-MTAB-451__adult_mixed_r1	9.446745	E-MTAB-451	adult_mixed_r1	adult_mixed_r1	ERR022873	adult_mixed	adult	whole_organism	mixed	not_applicable	untreated	not_applicable	not_declared	1	SAMEA988615	adult2	lane_1	${HF_PROJECT_RUNTIME_ROOT}/fastq_ftp/ERR022873_1.fastq.gz	${HF_PROJECT_RUNTIME_ROOT}/fastq_ftp/ERR022873_2.fastq.gz	compatibility/quants/E-MTAB-451/adult_mixed_r1/quant.sf	TRUE	adult	unknown		Writers	Smp_144180	Smp_144180	Smp_144180		protein_coding	SM_V10_1	75645071	75687933	+	SM_V10_1:75645071-75687933(+)	3.3849815918472643	E-MTAB-451 | adult_mixed_r1	E-MTAB-451 | not_declared | adult_mixed | adult | whole_organism | mixed	adult_mixed | adult | whole_organism | mixed	-2.5253623455226646
Smp_144180	E-MTAB-451__cercaria_whole_r1	34.806201	E-MTAB-451	cercaria_whole_r1	cercaria_whole_r1	ERR022872	cercaria_whole	cercaria	whole_organism	mixed	not_applicable	untreated	0	not_declared	1	SAMEA988623	cerc10a	lane_1	${HF_PROJECT_RUNTIME_ROOT}/fastq_ftp/ERR022872_1.fastq.gz	${HF_PROJECT_RUNTIME_ROOT}/fastq_ftp/ERR022872_2.fastq.gz	compatibility/quants/E-MTAB-451/cercaria_whole_r1/quant.sf	TRUE	cercaria	unknown		Writers	Smp_144180	Smp_144180	Smp_144180		protein_coding	SM_V10_1	75645071	75687933	+	SM_V10_1:75645071-75687933(+)	5.162137553249695	E-MTAB-451 | cercaria_whole_r1	E-MTAB-451 | not_declared | cercaria_whole | cercaria | whole_organism | mixed	cercaria_whole | cercaria | whole_organism | mixed	0.5045794887594088
Smp_144180	E-MTAB-451__cercaria_whole_r2	30.727721	E-MTAB-451	cercaria_whole_r2	cercaria_whole_r2	ERR022877	cercaria_whole	cercaria	whole_organism	mixed	not_applicable	untreated	0	not_declared	2	SAMEA988624	cerc12	lane_1	${HF_PROJECT_RUNTIME_ROOT}/fastq_ftp/ERR022877_1.fastq.gz	${HF_PROJECT_RUNTIME_ROOT}/fastq_ftp/ERR022877_2.fastq.gz	compatibility/quants/E-MTAB-451/cercaria_whole_r2/quant.sf	TRUE	cercaria	unknown		Writers	Smp_144180	Smp_144180	Smp_144180		protein_coding	SM_V10_1	75645071	75687933	+	SM_V10_1:75645071-75687933(+)	4.987671991179779	E-MTAB-451 | cercaria_whole_r2	E-MTAB-451 | not_declared | cercaria_whole | cercaria | whole_organism | mixed	cercaria_whole | cercaria | whole_organism | mixed	0.2071264139375354
Smp_144180	E-MTAB-451__cercaria_whole_r3	28.475066	E-MTAB-451	cercaria_whole_r3	cercaria_whole_r3	ERR022878	cercaria_whole	cercaria	whole_organism	mixed	not_applicable	untreated	0	not_declared	3	SAMEA988614	cerc13	lane_1	${HF_PROJECT_RUNTIME_ROOT}/fastq_ftp/ERR022878_1.fastq.gz	${HF_PROJECT_RUNTIME_ROOT}/fastq_ftp/ERR022878_2.fastq.gz	compatibility/quants/E-MTAB-451/cercaria_whole_r3/quant.sf	TRUE	cercaria	unknown		Writers	Smp_144180	Smp_144180	Smp_144180		protein_coding	SM_V10_1	75645071	75687933	+	SM_V10_1:75645071-75687933(+)	4.881423138550962	E-MTAB-451 | cercaria_whole_r3	E-MTAB-451 | not_declared | cercaria_whole | cercaria | whole_organism | mixed	cercaria_whole | cercaria | whole_organism | mixed	0.025978641644957938
Smp_144180	E-MTAB-451__cercarial_tail_r1	25.074399	E-MTAB-451	cercarial_tail_r1	cercarial_tail_r1	ERR022875	cercarial_tail	cercaria	tail	mixed	not_applicable	untreated	0	not_declared	1	SAMEA988620	tail1	lane_1	${HF_PROJECT_RUNTIME_ROOT}/fastq_ftp/ERR022875_1.fastq.gz	${HF_PROJECT_RUNTIME_ROOT}/fastq_ftp/ERR022875_2.fastq.gz	compatibility/quants/E-MTAB-451/cercarial_tail_r1/quant.sf	TRUE	cercaria	unknown		Writers	Smp_144180	Smp_144180	Smp_144180		protein_coding	SM_V10_1	75645071	75687933	+	SM_V10_1:75645071-75687933(+)	4.704562094719187	E-MTAB-451 | cercarial_tail_r1	E-MTAB-451 | not_declared | cercarial_tail | cercaria | tail | mixed	cercarial_tail | cercaria | tail | mixed	-0.27555858254880583
Smp_144180	E-MTAB-451__schistosomulum_24h_r1	34.963692	E-MTAB-451	schistosomulum_24h_r1	schistosomulum_24h_r1	ERR022880	schistosomulum_24h	schistosomulum_24h	whole_organism	mixed	not_applicable	untreated	24	not_declared	1	SAMEA988616	somule3	lane_1	${HF_PROJECT_RUNTIME_ROOT}/fastq_ftp/ERR022880_1.fastq.gz	${HF_PROJECT_RUNTIME_ROOT}/fastq_ftp/ERR022880_2.fastq.gz	compatibility/quants/E-MTAB-451/schistosomulum_24h_r1/quant.sf	TRUE	schistosomulum_24h	unknown		Writers	Smp_144180	Smp_144180	Smp_144180		protein_coding	SM_V10_1	75645071	75687933	+	SM_V10_1:75645071-75687933(+)	5.168469229106751	E-MTAB-451 | schistosomulum_24h_r1	E-MTAB-451 | not_declared | schistosomulum_24h | schistosomulum_24h | whole_organism | mixed	schistosomulum_24h | schistosomulum_24h | whole_organism | mixed	0.5153746074642793
Smp_144180	E-MTAB-451__schistosomulum_24h_r2	26.404275	E-MTAB-451	schistosomulum_24h_r2	schistosomulum_24h_r2	ERR022881	schistosomulum_24h	schistosomulum_24h	whole_organism	mixed	not_applicable	untreated	24	not_declared	2	SAMEA988622	somule4	lane_1	${HF_PROJECT_RUNTIME_ROOT}/fastq_ftp/ERR022881_1.fastq.gz	${HF_PROJECT_RUNTIME_ROOT}/fastq_ftp/ERR022881_2.fastq.gz	compatibility/quants/E-MTAB-451/schistosomulum_24h_r2/quant.sf	TRUE	schistosomulum_24h	unknown		Writers	Smp_144180	Smp_144180	Smp_144180		protein_coding	SM_V10_1	75645071	75687933	+	SM_V10_1:75645071-75687933(+)	4.7763290625335895	E-MTAB-451 | schistosomulum_24h_r2	E-MTAB-451 | not_declared | schistosomulum_24h | schistosomulum_24h | whole_organism | mixed	schistosomulum_24h | schistosomulum_24h | whole_organism | mixed	-0.15320030740404406
Smp_144180	E-MTAB-451__schistosomulum_24h_r3	23.414187	E-MTAB-451	schistosomulum_24h_r3	schistosomulum_24h_r3	ERR022882	schistosomulum_24h	schistosomulum_24h	whole_organism	mixed	not_applicable	untreated	24	not_declared	3	SAMEA988619	somule5	lane_1	${HF_PROJECT_RUNTIME_ROOT}/fastq_ftp/ERR022882_1.fastq.gz	${HF_PROJECT_RUNTIME_ROOT}/fastq_ftp/ERR022882_2.fastq.gz	compatibility/quants/E-MTAB-451/schistosomulum_24h_r3/quant.sf	TRUE	schistosomulum_24h	unknown		Writers	Smp_144180	Smp_144180	Smp_144180		protein_coding	SM_V10_1	75645071	75687933	+	SM_V10_1:75645071-75687933(+)	4.609647831470268	E-MTAB-451 | schistosomulum_24h_r3	E-MTAB-451 | not_declared | schistosomulum_24h | schistosomulum_24h | whole_organism | mixed	schistosomulum_24h | schistosomulum_24h | whole_organism | mixed	-0.437381575653484
Smp_144180	E-MTAB-451__schistosomulum_24h_r4	26.091109	E-MTAB-451	schistosomulum_24h_r4	schistosomulum_24h_r4	ERR022883	schistosomulum_24h	schistosomulum_24h	whole_organism	mixed	not_applicable	untreated	24	not_declared	4	SAMEA988618	somule6	lane_1	${HF_PROJECT_RUNTIME_ROOT}/fastq_ftp/ERR022883_1.fastq.gz	${HF_PROJECT_RUNTIME_ROOT}/fastq_ftp/ERR022883_2.fastq.gz	compatibility/quants/E-MTAB-451/schistosomulum_24h_r4/quant.sf	TRUE	schistosomulum_24h	unknown		Writers	Smp_144180	Smp_144180	Smp_144180		protein_coding	SM_V10_1	75645071	75687933	+	SM_V10_1:75645071-75687933(+)	4.759747547713085	E-MTAB-451 | schistosomulum_24h_r4	E-MTAB-451 | not_declared | schistosomulum_24h | schistosomulum_24h | whole_organism | mixed	schistosomulum_24h | schistosomulum_24h | whole_organism | mixed	-0.18147077241757528
Smp_144180	E-MTAB-451__schistosomulum_3h_r1	42.999744	E-MTAB-451	schistosomulum_3h_r1	schistosomulum_3h_r1	ERR022874	schistosomulum_3h	schistosomulum_3h	whole_organism	mixed	not_applicable	untreated	3	not_declared	1	SAMEA988621	somule1	lane_1	${HF_PROJECT_RUNTIME_ROOT}/fastq_ftp/ERR022874_1.fastq.gz	${HF_PROJECT_RUNTIME_ROOT}/fastq_ftp/ERR022874_2.fastq.gz	compatibility/quants/E-MTAB-451/schistosomulum_3h_r1/quant.sf	TRUE	schistosomulum_3h	unknown		Writers	Smp_144180	Smp_144180	Smp_144180		protein_coding	SM_V10_1	75645071	75687933	+	SM_V10_1:75645071-75687933(+)	5.4594232247508225	E-MTAB-451 | schistosomulum_3h_r1	E-MTAB-451 | not_declared | schistosomulum_3h | schistosomulum_3h | whole_organism | mixed	schistosomulum_3h | schistosomulum_3h | whole_organism | mixed	1.011433311596137
Smp_144180	E-MTAB-451__schistosomulum_3h_r2	48.647566	E-MTAB-451	schistosomulum_3h_r2	schistosomulum_3h_r2	ERR022879	schistosomulum_3h	schistosomulum_3h	whole_organism	mixed	not_applicable	untreated	3	not_declared	2	SAMEA988617	somule2	lane_1	${HF_PROJECT_RUNTIME_ROOT}/fastq_ftp/ERR022879_1.fastq.gz	${HF_PROJECT_RUNTIME_ROOT}/fastq_ftp/ERR022879_2.fastq.gz	compatibility/quants/E-MTAB-451/schistosomulum_3h_r2/quant.sf	TRUE	schistosomulum_3h	unknown		Writers	Smp_144180	Smp_144180	Smp_144180		protein_coding	SM_V10_1	75645071	75687933	+	SM_V10_1:75645071-75687933(+)	5.633651085434461	E-MTAB-451 | schistosomulum_3h_r2	E-MTAB-451 | not_declared | schistosomulum_3h | schistosomulum_3h | whole_organism | mixed	schistosomulum_3h | schistosomulum_3h | whole_organism | mixed	1.3084811201442597
Smp_144550	E-MTAB-451__adult_mixed_r1	14.178749	E-MTAB-451	adult_mixed_r1	adult_mixed_r1	ERR022873	adult_mixed	adult	whole_organism	mixed	not_applicable	untreated	not_applicable	not_declared	1	SAMEA988615	adult2	lane_1	${HF_PROJECT_RUNTIME_ROOT}/fastq_ftp/ERR022873_1.fastq.gz	${HF_PROJECT_RUNTIME_ROOT}/fastq_ftp/ERR022873_2.fastq.gz	compatibility/quants/E-MTAB-451/adult_mixed_r1/quant.sf	TRUE	adult	unknown		Readers	Smp_144550	Smp_144550	Smp_144550		protein_coding	SM_V10_1	55938722	55946713	-	SM_V10_1:55938722-55946713(-)	3.9239809867034254	E-MTAB-451 | adult_mixed_r1	E-MTAB-451 | not_declared | adult_mixed | adult | whole_organism | mixed	adult_mixed | adult | whole_organism | mixed	0.07591846540699054
Smp_144550	E-MTAB-451__cercaria_whole_r1	9.077705	E-MTAB-451	cercaria_whole_r1	cercaria_whole_r1	ERR022872	cercaria_whole	cercaria	whole_organism	mixed	not_applicable	untreated	0	not_declared	1	SAMEA988623	cerc10a	lane_1	${HF_PROJECT_RUNTIME_ROOT}/fastq_ftp/ERR022872_1.fastq.gz	${HF_PROJECT_RUNTIME_ROOT}/fastq_ftp/ERR022872_2.fastq.gz	compatibility/quants/E-MTAB-451/cercaria_whole_r1/quant.sf	TRUE	cercaria	unknown		Readers	Smp_144550	Smp_144550	Smp_144550		protein_coding	SM_V10_1	55938722	55946713	-	SM_V10_1:55938722-55946713(-)	3.333095225580723	E-MTAB-451 | cercaria_whole_r1	E-MTAB-451 | not_declared | cercaria_whole | cercaria | whole_organism | mixed	cercaria_whole | cercaria | whole_organism | mixed	-0.47778305245179603
Smp_144550	E-MTAB-451__cercaria_whole_r2	6.897519	E-MTAB-451	cercaria_whole_r2	cercaria_whole_r2	ERR022877	cercaria_whole	cercaria	whole_organism	mixed	not_applicable	untreated	0	not_declared	2	SAMEA988624	cerc12	lane_1	${HF_PROJECT_RUNTIME_ROOT}/fastq_ftp/ERR022877_1.fastq.gz	${HF_PROJECT_RUNTIME_ROOT}/fastq_ftp/ERR022877_2.fastq.gz	compatibility/quants/E-MTAB-451/cercaria_whole_r2/quant.sf	TRUE	cercaria	unknown		Readers	Smp_144550	Smp_144550	Smp_144550		protein_coding	SM_V10_1	55938722	55946713	-	SM_V10_1:55938722-55946713(-)	2.9813995028392335	E-MTAB-451 | cercaria_whole_r2	E-MTAB-451 | not_declared | cercaria_whole | cercaria | whole_organism | mixed	cercaria_whole | cercaria | whole_organism | mixed	-0.8073466810225775
Smp_144550	E-MTAB-451__cercaria_whole_r3	5.827606	E-MTAB-451	cercaria_whole_r3	cercaria_whole_r3	ERR022878	cercaria_whole	cercaria	whole_organism	mixed	not_applicable	untreated	0	not_declared	3	SAMEA988614	cerc13	lane_1	${HF_PROJECT_RUNTIME_ROOT}/fastq_ftp/ERR022878_1.fastq.gz	${HF_PROJECT_RUNTIME_ROOT}/fastq_ftp/ERR022878_2.fastq.gz	compatibility/quants/E-MTAB-451/cercaria_whole_r3/quant.sf	TRUE	cercaria	unknown		Readers	Smp_144550	Smp_144550	Smp_144550		protein_coding	SM_V10_1	55938722	55946713	-	SM_V10_1:55938722-55946713(-)	2.771379807304326	E-MTAB-451 | cercaria_whole_r3	E-MTAB-451 | not_declared | cercaria_whole | cercaria | whole_organism | mixed	cercaria_whole | cercaria | whole_organism | mixed	-1.0041499073805236
Smp_144550	E-MTAB-451__cercarial_tail_r1	3.052452	E-MTAB-451	cercarial_tail_r1	cercarial_tail_r1	ERR022875	cercarial_tail	cercaria	tail	mixed	not_applicable	untreated	0	not_declared	1	SAMEA988620	tail1	lane_1	${HF_PROJECT_RUNTIME_ROOT}/fastq_ftp/ERR022875_1.fastq.gz	${HF_PROJECT_RUNTIME_ROOT}/fastq_ftp/ERR022875_2.fastq.gz	compatibility/quants/E-MTAB-451/cercarial_tail_r1/quant.sf	TRUE	cercaria	unknown		Readers	Smp_144550	Smp_144550	Smp_144550		protein_coding	SM_V10_1	55938722	55946713	-	SM_V10_1:55938722-55946713(-)	2.018795097581909	E-MTAB-451 | cercarial_tail_r1	E-MTAB-451 | not_declared | cercarial_tail | cercaria | tail | mixed	cercarial_tail | cercaria | tail | mixed	-1.7093747131007682
Smp_144550	E-MTAB-451__schistosomulum_24h_r1	21.773512	E-MTAB-451	schistosomulum_24h_r1	schistosomulum_24h_r1	ERR022880	schistosomulum_24h	schistosomulum_24h	whole_organism	mixed	not_applicable	untreated	24	not_declared	1	SAMEA988616	somule3	lane_1	${HF_PROJECT_RUNTIME_ROOT}/fastq_ftp/ERR022880_1.fastq.gz	${HF_PROJECT_RUNTIME_ROOT}/fastq_ftp/ERR022880_2.fastq.gz	compatibility/quants/E-MTAB-451/schistosomulum_24h_r1/quant.sf	TRUE	schistosomulum_24h	unknown		Readers	Smp_144550	Smp_144550	Smp_144550		protein_coding	SM_V10_1	55938722	55946713	-	SM_V10_1:55938722-55946713(-)	4.509284887647861	E-MTAB-451 | schistosomulum_24h_r1	E-MTAB-451 | not_declared | schistosomulum_24h | schistosomulum_24h | whole_organism | mixed	schistosomulum_24h | schistosomulum_24h | whole_organism | mixed	0.6243893876810919
Smp_144550	E-MTAB-451__schistosomulum_24h_r2	15.119028	E-MTAB-451	schistosomulum_24h_r2	schistosomulum_24h_r2	ERR022881	schistosomulum_24h	schistosomulum_24h	whole_organism	mixed	not_applicable	untreated	24	not_declared	2	SAMEA988622	somule4	lane_1	${HF_PROJECT_RUNTIME_ROOT}/fastq_ftp/ERR022881_1.fastq.gz	${HF_PROJECT_RUNTIME_ROOT}/fastq_ftp/ERR022881_2.fastq.gz	compatibility/quants/E-MTAB-451/schistosomulum_24h_r2/quant.sf	TRUE	schistosomulum_24h	unknown		Readers	Smp_144550	Smp_144550	Smp_144550		protein_coding	SM_V10_1	55938722	55946713	-	SM_V10_1:55938722-55946713(-)	4.0106928448413814	E-MTAB-451 | schistosomulum_24h_r2	E-MTAB-451 | not_declared | schistosomulum_24h | schistosomulum_24h | whole_organism | mixed	schistosomulum_24h | schistosomulum_24h | whole_organism | mixed	0.15717357532217402
Smp_144550	E-MTAB-451__schistosomulum_24h_r3	15.882299	E-MTAB-451	schistosomulum_24h_r3	schistosomulum_24h_r3	ERR022882	schistosomulum_24h	schistosomulum_24h	whole_organism	mixed	not_applicable	untreated	24	not_declared	3	SAMEA988619	somule5	lane_1	${HF_PROJECT_RUNTIME_ROOT}/fastq_ftp/ERR022882_1.fastq.gz	${HF_PROJECT_RUNTIME_ROOT}/fastq_ftp/ERR022882_2.fastq.gz	compatibility/quants/E-MTAB-451/schistosomulum_24h_r3/quant.sf	TRUE	schistosomulum_24h	unknown		Readers	Smp_144550	Smp_144550	Smp_144550		protein_coding	SM_V10_1	55938722	55946713	-	SM_V10_1:55938722-55946713(-)	4.07743947583139	E-MTAB-451 | schistosomulum_24h_r3	E-MTAB-451 | not_declared | schistosomulum_24h | schistosomulum_24h | whole_organism | mixed	schistosomulum_24h | schistosomulum_24h | whole_organism | mixed	0.21971986315437253
Smp_144550	E-MTAB-451__schistosomulum_24h_r4	16.903292	E-MTAB-451	schistosomulum_24h_r4	schistosomulum_24h_r4	ERR022883	schistosomulum_24h	schistosomulum_24h	whole_organism	mixed	not_applicable	untreated	24	not_declared	4	SAMEA988618	somule6	lane_1	${HF_PROJECT_RUNTIME_ROOT}/fastq_ftp/ERR022883_1.fastq.gz	${HF_PROJECT_RUNTIME_ROOT}/fastq_ftp/ERR022883_2.fastq.gz	compatibility/quants/E-MTAB-451/schistosomulum_24h_r4/quant.sf	TRUE	schistosomulum_24h	unknown		Readers	Smp_144550	Smp_144550	Smp_144550		protein_coding	SM_V10_1	55938722	55946713	-	SM_V10_1:55938722-55946713(-)	4.162152984913208	E-MTAB-451 | schistosomulum_24h_r4	E-MTAB-451 | not_declared | schistosomulum_24h | schistosomulum_24h | whole_organism | mixed	schistosomulum_24h | schistosomulum_24h | whole_organism | mixed	0.29910237945096335
Smp_144550	E-MTAB-451__schistosomulum_3h_r1	20.376008	E-MTAB-451	schistosomulum_3h_r1	schistosomulum_3h_r1	ERR022874	schistosomulum_3h	schistosomulum_3h	whole_organism	mixed	not_applicable	untreated	3	not_declared	1	SAMEA988621	somule1	lane_1	${HF_PROJECT_RUNTIME_ROOT}/fastq_ftp/ERR022874_1.fastq.gz	${HF_PROJECT_RUNTIME_ROOT}/fastq_ftp/ERR022874_2.fastq.gz	compatibility/quants/E-MTAB-451/schistosomulum_3h_r1/quant.sf	TRUE	schistosomulum_3h	unknown		Readers	Smp_144550	Smp_144550	Smp_144550		protein_coding	SM_V10_1	55938722	55946713	-	SM_V10_1:55938722-55946713(-)	4.417920547742643	E-MTAB-451 | schistosomulum_3h_r1	E-MTAB-451 | not_declared | schistosomulum_3h | schistosomulum_3h | whole_organism | mixed	schistosomulum_3h | schistosomulum_3h | whole_organism | mixed	0.538774575119751
Smp_144550	E-MTAB-451__schistosomulum_3h_r2	66.017427	E-MTAB-451	schistosomulum_3h_r2	schistosomulum_3h_r2	ERR022879	schistosomulum_3h	schistosomulum_3h	whole_organism	mixed	not_applicable	untreated	3	not_declared	2	SAMEA988617	somule2	lane_1	${HF_PROJECT_RUNTIME_ROOT}/fastq_ftp/ERR022879_1.fastq.gz	${HF_PROJECT_RUNTIME_ROOT}/fastq_ftp/ERR022879_2.fastq.gz	compatibility/quants/E-MTAB-451/schistosomulum_3h_r2/quant.sf	TRUE	schistosomulum_3h	unknown		Readers	Smp_144550	Smp_144550	Smp_144550		protein_coding	SM_V10_1	55938722	55946713	-	SM_V10_1:55938722-55946713(-)	6.0664643931039075	E-MTAB-451 | schistosomulum_3h_r2	E-MTAB-451 | not_declared | schistosomulum_3h | schistosomulum_3h | whole_organism | mixed	schistosomulum_3h | schistosomulum_3h | whole_organism | mixed	2.08357610782032
Smp_149240	E-MTAB-451__adult_mixed_r1	4.940881	E-MTAB-451	adult_mixed_r1	adult_mixed_r1	ERR022873	adult_mixed	adult	whole_organism	mixed	not_applicable	untreated	not_applicable	not_declared	1	SAMEA988615	adult2	lane_1	${HF_PROJECT_RUNTIME_ROOT}/fastq_ftp/ERR022873_1.fastq.gz	${HF_PROJECT_RUNTIME_ROOT}/fastq_ftp/ERR022873_2.fastq.gz	compatibility/quants/E-MTAB-451/adult_mixed_r1/quant.sf	TRUE	adult	unknown		Readers	Smp_149240	Smp_149240	Smp_149240		protein_coding	SM_V10_6	15668944	15682969	-	SM_V10_6:15668944-15682969(-)	2.5706768906361663	E-MTAB-451 | adult_mixed_r1	E-MTAB-451 | not_declared | adult_mixed | adult | whole_organism | mixed	adult_mixed | adult | whole_organism | mixed	-2.1131889050819015
Smp_149240	E-MTAB-451__cercaria_whole_r1	10.816229	E-MTAB-451	cercaria_whole_r1	cercaria_whole_r1	ERR022872	cercaria_whole	cercaria	whole_organism	mixed	not_applicable	untreated	0	not_declared	1	SAMEA988623	cerc10a	lane_1	${HF_PROJECT_RUNTIME_ROOT}/fastq_ftp/ERR022872_1.fastq.gz	${HF_PROJECT_RUNTIME_ROOT}/fastq_ftp/ERR022872_2.fastq.gz	compatibility/quants/E-MTAB-451/cercaria_whole_r1/quant.sf	TRUE	cercaria	unknown		Readers	Smp_149240	Smp_149240	Smp_149240		protein_coding	SM_V10_6	15668944	15682969	-	SM_V10_6:15668944-15682969(-)	3.56269778598447	E-MTAB-451 | cercaria_whole_r1	E-MTAB-451 | not_declared | cercaria_whole | cercaria | whole_organism | mixed	cercaria_whole | cercaria | whole_organism | mixed	-0.9695670947728036
Smp_149240	E-MTAB-451__cercaria_whole_r2	20.418364	E-MTAB-451	cercaria_whole_r2	cercaria_whole_r2	ERR022877	cercaria_whole	cercaria	whole_organism	mixed	not_applicable	untreated	0	not_declared	2	SAMEA988624	cerc12	lane_1	${HF_PROJECT_RUNTIME_ROOT}/fastq_ftp/ERR022877_1.fastq.gz	${HF_PROJECT_RUNTIME_ROOT}/fastq_ftp/ERR022877_2.fastq.gz	compatibility/quants/E-MTAB-451/cercaria_whole_r2/quant.sf	TRUE	cercaria	unknown		Readers	Smp_149240	Smp_149240	Smp_149240		protein_coding	SM_V10_6	15668944	15682969	-	SM_V10_6:15668944-15682969(-)	4.420776381734349	E-MTAB-451 | cercaria_whole_r2	E-MTAB-451 | not_declared | cercaria_whole | cercaria | whole_organism | mixed	cercaria_whole | cercaria | whole_organism | mixed	0.019643315673661784
Smp_149240	E-MTAB-451__cercaria_whole_r3	17.481523	E-MTAB-451	cercaria_whole_r3	cercaria_whole_r3	ERR022878	cercaria_whole	cercaria	whole_organism	mixed	not_applicable	untreated	0	not_declared	3	SAMEA988614	cerc13	lane_1	${HF_PROJECT_RUNTIME_ROOT}/fastq_ftp/ERR022878_1.fastq.gz	${HF_PROJECT_RUNTIME_ROOT}/fastq_ftp/ERR022878_2.fastq.gz	compatibility/quants/E-MTAB-451/cercaria_whole_r3/quant.sf	TRUE	cercaria	unknown		Readers	Smp_149240	Smp_149240	Smp_149240		protein_coding	SM_V10_6	15668944	15682969	-	SM_V10_6:15668944-15682969(-)	4.208011744174442	E-MTAB-451 | cercaria_whole_r3	E-MTAB-451 | not_declared | cercaria_whole | cercaria | whole_organism | mixed	cercaria_whole | cercaria | whole_organism | mixed	-0.22563607422324994
Smp_149240	E-MTAB-451__cercarial_tail_r1	12.960479	E-MTAB-451	cercarial_tail_r1	cercarial_tail_r1	ERR022875	cercarial_tail	cercaria	tail	mixed	not_applicable	untreated	0	not_declared	1	SAMEA988620	tail1	lane_1	${HF_PROJECT_RUNTIME_ROOT}/fastq_ftp/ERR022875_1.fastq.gz	${HF_PROJECT_RUNTIME_ROOT}/fastq_ftp/ERR022875_2.fastq.gz	compatibility/quants/E-MTAB-451/cercarial_tail_r1/quant.sf	TRUE	cercaria	unknown		Readers	Smp_149240	Smp_149240	Smp_149240		protein_coding	SM_V10_6	15668944	15682969	-	SM_V10_6:15668944-15682969(-)	3.8032765378009072	E-MTAB-451 | cercarial_tail_r1	E-MTAB-451 | not_declared | cercarial_tail | cercaria | tail | mixed	cercarial_tail | cercaria | tail | mixed	-0.6922230297794777
Smp_149240	E-MTAB-451__schistosomulum_24h_r1	29.515883	E-MTAB-451	schistosomulum_24h_r1	schistosomulum_24h_r1	ERR022880	schistosomulum_24h	schistosomulum_24h	whole_organism	mixed	not_applicable	untreated	24	not_declared	1	SAMEA988616	somule3	lane_1	${HF_PROJECT_RUNTIME_ROOT}/fastq_ftp/ERR022880_1.fastq.gz	${HF_PROJECT_RUNTIME_ROOT}/fastq_ftp/ERR022880_2.fastq.gz	compatibility/quants/E-MTAB-451/schistosomulum_24h_r1/quant.sf	TRUE	schistosomulum_24h	unknown		Readers	Smp_149240	Smp_149240	Smp_149240		protein_coding	SM_V10_6	15668944	15682969	-	SM_V10_6:15668944-15682969(-)	4.9314884313674945	E-MTAB-451 | schistosomulum_24h_r1	E-MTAB-451 | not_declared | schistosomulum_24h | schistosomulum_24h | whole_organism | mixed	schistosomulum_24h | schistosomulum_24h | whole_organism | mixed	0.6084025257738288
Smp_149240	E-MTAB-451__schistosomulum_24h_r2	20.50242	E-MTAB-451	schistosomulum_24h_r2	schistosomulum_24h_r2	ERR022881	schistosomulum_24h	schistosomulum_24h	whole_organism	mixed	not_applicable	untreated	24	not_declared	2	SAMEA988622	somule4	lane_1	${HF_PROJECT_RUNTIME_ROOT}/fastq_ftp/ERR022881_1.fastq.gz	${HF_PROJECT_RUNTIME_ROOT}/fastq_ftp/ERR022881_2.fastq.gz	compatibility/quants/E-MTAB-451/schistosomulum_24h_r2/quant.sf	TRUE	schistosomulum_24h	unknown		Readers	Smp_149240	Smp_149240	Smp_149240		protein_coding	SM_V10_6	15668944	15682969	-	SM_V10_6:15668944-15682969(-)	4.426427132633509	E-MTAB-451 | schistosomulum_24h_r2	E-MTAB-451 | not_declared | schistosomulum_24h | schistosomulum_24h | whole_organism | mixed	schistosomulum_24h | schistosomulum_24h | whole_organism | mixed	0.026157615930043027
Smp_149240	E-MTAB-451__schistosomulum_24h_r3	26.338719	E-MTAB-451	schistosomulum_24h_r3	schistosomulum_24h_r3	ERR022882	schistosomulum_24h	schistosomulum_24h	whole_organism	mixed	not_applicable	untreated	24	not_declared	3	SAMEA988619	somule5	lane_1	${HF_PROJECT_RUNTIME_ROOT}/fastq_ftp/ERR022882_1.fastq.gz	${HF_PROJECT_RUNTIME_ROOT}/fastq_ftp/ERR022882_2.fastq.gz	compatibility/quants/E-MTAB-451/schistosomulum_24h_r3/quant.sf	TRUE	schistosomulum_24h	unknown		Readers	Smp_149240	Smp_149240	Smp_149240		protein_coding	SM_V10_6	15668944	15682969	-	SM_V10_6:15668944-15682969(-)	4.772873739600012	E-MTAB-451 | schistosomulum_24h_r3	E-MTAB-451 | not_declared | schistosomulum_24h | schistosomulum_24h | whole_organism | mixed	schistosomulum_24h | schistosomulum_24h | whole_organism | mixed	0.42554829176391007
Smp_149240	E-MTAB-451__schistosomulum_24h_r4	25.712297	E-MTAB-451	schistosomulum_24h_r4	schistosomulum_24h_r4	ERR022883	schistosomulum_24h	schistosomulum_24h	whole_organism	mixed	not_applicable	untreated	24	not_declared	4	SAMEA988618	somule6	lane_1	${HF_PROJECT_RUNTIME_ROOT}/fastq_ftp/ERR022883_1.fastq.gz	${HF_PROJECT_RUNTIME_ROOT}/fastq_ftp/ERR022883_2.fastq.gz	compatibility/quants/E-MTAB-451/schistosomulum_24h_r4/quant.sf	TRUE	schistosomulum_24h	unknown		Readers	Smp_149240	Smp_149240	Smp_149240		protein_coding	SM_V10_6	15668944	15682969	-	SM_V10_6:15668944-15682969(-)	4.739432134058602	E-MTAB-451 | schistosomulum_24h_r4	E-MTAB-451 | not_declared | schistosomulum_24h | schistosomulum_24h | whole_organism | mixed	schistosomulum_24h | schistosomulum_24h | whole_organism | mixed	0.3869961305662551
Smp_149240	E-MTAB-451__schistosomulum_3h_r1	37.415441	E-MTAB-451	schistosomulum_3h_r1	schistosomulum_3h_r1	ERR022874	schistosomulum_3h	schistosomulum_3h	whole_organism	mixed	not_applicable	untreated	3	not_declared	1	SAMEA988621	somule1	lane_1	${HF_PROJECT_RUNTIME_ROOT}/fastq_ftp/ERR022874_1.fastq.gz	${HF_PROJECT_RUNTIME_ROOT}/fastq_ftp/ERR022874_2.fastq.gz	compatibility/quants/E-MTAB-451/schistosomulum_3h_r1/quant.sf	TRUE	schistosomulum_3h	unknown		Readers	Smp_149240	Smp_149240	Smp_149240		protein_coding	SM_V10_6	15668944	15682969	-	SM_V10_6:15668944-15682969(-)	5.263614410430172	E-MTAB-451 | schistosomulum_3h_r1	E-MTAB-451 | not_declared | schistosomulum_3h | schistosomulum_3h | whole_organism | mixed	schistosomulum_3h | schistosomulum_3h | whole_organism | mixed	0.9912840912805533
Smp_149240	E-MTAB-451__schistosomulum_3h_r2	52.513541	E-MTAB-451	schistosomulum_3h_r2	schistosomulum_3h_r2	ERR022879	schistosomulum_3h	schistosomulum_3h	whole_organism	mixed	not_applicable	untreated	3	not_declared	2	SAMEA988617	somule2	lane_1	${HF_PROJECT_RUNTIME_ROOT}/fastq_ftp/ERR022879_1.fastq.gz	${HF_PROJECT_RUNTIME_ROOT}/fastq_ftp/ERR022879_2.fastq.gz	compatibility/quants/E-MTAB-451/schistosomulum_3h_r2/quant.sf	TRUE	schistosomulum_3h	unknown		Readers	Smp_149240	Smp_149240	Smp_149240		protein_coding	SM_V10_6	15668944	15682969	-	SM_V10_6:15668944-15682969(-)	5.741832090358466	E-MTAB-451 | schistosomulum_3h_r2	E-MTAB-451 | not_declared | schistosomulum_3h | schistosomulum_3h | whole_organism | mixed	schistosomulum_3h | schistosomulum_3h | whole_organism | mixed	1.5425831328691813
Smp_149380	E-MTAB-451__adult_mixed_r1	7.3151600000000006	E-MTAB-451	adult_mixed_r1	adult_mixed_r1	ERR022873	adult_mixed	adult	whole_organism	mixed	not_applicable	untreated	not_applicable	not_declared	1	SAMEA988615	adult2	lane_1	${HF_PROJECT_RUNTIME_ROOT}/fastq_ftp/ERR022873_1.fastq.gz	${HF_PROJECT_RUNTIME_ROOT}/fastq_ftp/ERR022873_2.fastq.gz	compatibility/quants/E-MTAB-451/adult_mixed_r1/quant.sf	TRUE	adult	unknown		Writers	Smp_149380	Smp_149380	Smp_149380		protein_coding	SM_V10_6	18295057	18299803	-	SM_V10_6:18295057-18299803(-)	3.0557440240640426	E-MTAB-451 | adult_mixed_r1	E-MTAB-451 | not_declared | adult_mixed | adult | whole_organism | mixed	adult_mixed | adult | whole_organism | mixed	-0.05309172006278525
Smp_149380	E-MTAB-451__cercaria_whole_r1	2.809761	E-MTAB-451	cercaria_whole_r1	cercaria_whole_r1	ERR022872	cercaria_whole	cercaria	whole_organism	mixed	not_applicable	untreated	0	not_declared	1	SAMEA988623	cerc10a	lane_1	${HF_PROJECT_RUNTIME_ROOT}/fastq_ftp/ERR022872_1.fastq.gz	${HF_PROJECT_RUNTIME_ROOT}/fastq_ftp/ERR022872_2.fastq.gz	compatibility/quants/E-MTAB-451/cercaria_whole_r1/quant.sf	TRUE	cercaria	unknown		Writers	Smp_149380	Smp_149380	Smp_149380		protein_coding	SM_V10_6	18295057	18299803	-	SM_V10_6:18295057-18299803(-)	1.929700495112312	E-MTAB-451 | cercaria_whole_r1	E-MTAB-451 | not_declared | cercaria_whole | cercaria | whole_organism | mixed	cercaria_whole | cercaria | whole_organism | mixed	-0.95261617473415
Smp_149380	E-MTAB-451__cercaria_whole_r2	3.419872	E-MTAB-451	cercaria_whole_r2	cercaria_whole_r2	ERR022877	cercaria_whole	cercaria	whole_organism	mixed	not_applicable	untreated	0	not_declared	2	SAMEA988624	cerc12	lane_1	${HF_PROJECT_RUNTIME_ROOT}/fastq_ftp/ERR022877_1.fastq.gz	${HF_PROJECT_RUNTIME_ROOT}/fastq_ftp/ERR022877_2.fastq.gz	compatibility/quants/E-MTAB-451/cercaria_whole_r2/quant.sf	TRUE	cercaria	unknown		Writers	Smp_149380	Smp_149380	Smp_149380		protein_coding	SM_V10_6	18295057	18299803	-	SM_V10_6:18295057-18299803(-)	2.1440045896078455	E-MTAB-451 | cercaria_whole_r2	E-MTAB-451 | not_declared | cercaria_whole | cercaria | whole_organism | mixed	cercaria_whole | cercaria | whole_organism | mixed	-0.7814222832205664
Smp_149380	E-MTAB-451__cercaria_whole_r3	2.736482	E-MTAB-451	cercaria_whole_r3	cercaria_whole_r3	ERR022878	cercaria_whole	cercaria	whole_organism	mixed	not_applicable	untreated	0	not_declared	3	SAMEA988614	cerc13	lane_1	${HF_PROJECT_RUNTIME_ROOT}/fastq_ftp/ERR022878_1.fastq.gz	${HF_PROJECT_RUNTIME_ROOT}/fastq_ftp/ERR022878_2.fastq.gz	compatibility/quants/E-MTAB-451/cercaria_whole_r3/quant.sf	TRUE	cercaria	unknown		Writers	Smp_149380	Smp_149380	Smp_149380		protein_coding	SM_V10_6	18295057	18299803	-	SM_V10_6:18295057-18299803(-)	1.9016805723271275	E-MTAB-451 | cercaria_whole_r3	E-MTAB-451 | not_declared | cercaria_whole | cercaria | whole_organism | mixed	cercaria_whole | cercaria | whole_organism | mixed	-0.9749995063862936
Smp_149380	E-MTAB-451__cercarial_tail_r1	1.713142	E-MTAB-451	cercarial_tail_r1	cercarial_tail_r1	ERR022875	cercarial_tail	cercaria	tail	mixed	not_applicable	untreated	0	not_declared	1	SAMEA988620	tail1	lane_1	${HF_PROJECT_RUNTIME_ROOT}/fastq_ftp/ERR022875_1.fastq.gz	${HF_PROJECT_RUNTIME_ROOT}/fastq_ftp/ERR022875_2.fastq.gz	compatibility/quants/E-MTAB-451/cercarial_tail_r1/quant.sf	TRUE	cercaria	unknown		Writers	Smp_149380	Smp_149380	Smp_149380		protein_coding	SM_V10_6	18295057	18299803	-	SM_V10_6:18295057-18299803(-)	1.4399645571423285	E-MTAB-451 | cercarial_tail_r1	E-MTAB-451 | not_declared | cercarial_tail | cercaria | tail | mixed	cercarial_tail | cercaria | tail | mixed	-1.3438350230370406
Smp_149380	E-MTAB-451__schistosomulum_24h_r1	23.741036	E-MTAB-451	schistosomulum_24h_r1	schistosomulum_24h_r1	ERR022880	schistosomulum_24h	schistosomulum_24h	whole_organism	mixed	not_applicable	untreated	24	not_declared	1	SAMEA988616	somule3	lane_1	${HF_PROJECT_RUNTIME_ROOT}/fastq_ftp/ERR022880_1.fastq.gz	${HF_PROJECT_RUNTIME_ROOT}/fastq_ftp/ERR022880_2.fastq.gz	compatibility/quants/E-MTAB-451/schistosomulum_24h_r1/quant.sf	TRUE	schistosomulum_24h	unknown		Writers	Smp_149380	Smp_149380	Smp_149380		protein_coding	SM_V10_6	18295057	18299803	-	SM_V10_6:18295057-18299803(-)	4.628834007520521	E-MTAB-451 | schistosomulum_24h_r1	E-MTAB-451 | not_declared | schistosomulum_24h | schistosomulum_24h | whole_organism | mixed	schistosomulum_24h | schistosomulum_24h | whole_organism | mixed	1.203549673574079
Smp_149380	E-MTAB-451__schistosomulum_24h_r2	18.020958999999998	E-MTAB-451	schistosomulum_24h_r2	schistosomulum_24h_r2	ERR022881	schistosomulum_24h	schistosomulum_24h	whole_organism	mixed	not_applicable	untreated	24	not_declared	2	SAMEA988622	somule4	lane_1	${HF_PROJECT_RUNTIME_ROOT}/fastq_ftp/ERR022881_1.fastq.gz	${HF_PROJECT_RUNTIME_ROOT}/fastq_ftp/ERR022881_2.fastq.gz	compatibility/quants/E-MTAB-451/schistosomulum_24h_r2/quant.sf	TRUE	schistosomulum_24h	unknown		Writers	Smp_149380	Smp_149380	Smp_149380		protein_coding	SM_V10_6	18295057	18299803	-	SM_V10_6:18295057-18299803(-)	4.249518080815902	E-MTAB-451 | schistosomulum_24h_r2	E-MTAB-451 | not_declared | schistosomulum_24h | schistosomulum_24h | whole_organism | mixed	schistosomulum_24h | schistosomulum_24h | whole_organism | mixed	0.9005383393366059
Smp_149380	E-MTAB-451__schistosomulum_24h_r3	19.739668000000002	E-MTAB-451	schistosomulum_24h_r3	schistosomulum_24h_r3	ERR022882	schistosomulum_24h	schistosomulum_24h	whole_organism	mixed	not_applicable	untreated	24	not_declared	3	SAMEA988619	somule5	lane_1	${HF_PROJECT_RUNTIME_ROOT}/fastq_ftp/ERR022882_1.fastq.gz	${HF_PROJECT_RUNTIME_ROOT}/fastq_ftp/ERR022882_2.fastq.gz	compatibility/quants/E-MTAB-451/schistosomulum_24h_r3/quant.sf	TRUE	schistosomulum_24h	unknown		Writers	Smp_149380	Smp_149380	Smp_149380		protein_coding	SM_V10_6	18295057	18299803	-	SM_V10_6:18295057-18299803(-)	4.374320894603243	E-MTAB-451 | schistosomulum_24h_r3	E-MTAB-451 | not_declared | schistosomulum_24h | schistosomulum_24h | whole_organism | mixed	schistosomulum_24h | schistosomulum_24h | whole_organism | mixed	1.000235358259151
Smp_149380	E-MTAB-451__schistosomulum_24h_r4	23.999026999999998	E-MTAB-451	schistosomulum_24h_r4	schistosomulum_24h_r4	ERR022883	schistosomulum_24h	schistosomulum_24h	whole_organism	mixed	not_applicable	untreated	24	not_declared	4	SAMEA988618	somule6	lane_1	${HF_PROJECT_RUNTIME_ROOT}/fastq_ftp/ERR022883_1.fastq.gz	${HF_PROJECT_RUNTIME_ROOT}/fastq_ftp/ERR022883_2.fastq.gz	compatibility/quants/E-MTAB-451/schistosomulum_24h_r4/quant.sf	TRUE	schistosomulum_24h	unknown		Writers	Smp_149380	Smp_149380	Smp_149380		protein_coding	SM_V10_6	18295057	18299803	-	SM_V10_6:18295057-18299803(-)	4.6438000389910314	E-MTAB-451 | schistosomulum_24h_r4	E-MTAB-451 | not_declared | schistosomulum_24h | schistosomulum_24h | whole_organism | mixed	schistosomulum_24h | schistosomulum_24h | whole_organism | mixed	1.2155050828908374
Smp_149380	E-MTAB-451__schistosomulum_3h_r1	3.3470380000000004	E-MTAB-451	schistosomulum_3h_r1	schistosomulum_3h_r1	ERR022874	schistosomulum_3h	schistosomulum_3h	whole_organism	mixed	not_applicable	untreated	3	not_declared	1	SAMEA988621	somule1	lane_1	${HF_PROJECT_RUNTIME_ROOT}/fastq_ftp/ERR022874_1.fastq.gz	${HF_PROJECT_RUNTIME_ROOT}/fastq_ftp/ERR022874_2.fastq.gz	compatibility/quants/E-MTAB-451/schistosomulum_3h_r1/quant.sf	TRUE	schistosomulum_3h	unknown		Writers	Smp_149380	Smp_149380	Smp_149380		protein_coding	SM_V10_6	18295057	18299803	-	SM_V10_6:18295057-18299803(-)	2.120032707111728	E-MTAB-451 | schistosomulum_3h_r1	E-MTAB-451 | not_declared | schistosomulum_3h | schistosomulum_3h | whole_organism | mixed	schistosomulum_3h | schistosomulum_3h | whole_organism | mixed	-0.8005718933158706
Smp_149380	E-MTAB-451__schistosomulum_3h_r2	13.486718	E-MTAB-451	schistosomulum_3h_r2	schistosomulum_3h_r2	ERR022879	schistosomulum_3h	schistosomulum_3h	whole_organism	mixed	not_applicable	untreated	3	not_declared	2	SAMEA988617	somule2	lane_1	${HF_PROJECT_RUNTIME_ROOT}/fastq_ftp/ERR022879_1.fastq.gz	${HF_PROJECT_RUNTIME_ROOT}/fastq_ftp/ERR022879_2.fastq.gz	compatibility/quants/E-MTAB-451/schistosomulum_3h_r2/quant.sf	TRUE	schistosomulum_3h	unknown		Writers	Smp_149380	Smp_149380	Smp_149380		protein_coding	SM_V10_6	18295057	18299803	-	SM_V10_6:18295057-18299803(-)	3.856658880849292	E-MTAB-451 | schistosomulum_3h_r2	E-MTAB-451 | not_declared | schistosomulum_3h | schistosomulum_3h | whole_organism | mixed	schistosomulum_3h | schistosomulum_3h | whole_organism | mixed	0.5867081466960321
Smp_150560	E-MTAB-451__adult_mixed_r1	9.930861	E-MTAB-451	adult_mixed_r1	adult_mixed_r1	ERR022873	adult_mixed	adult	whole_organism	mixed	not_applicable	untreated	not_applicable	not_declared	1	SAMEA988615	adult2	lane_1	${HF_PROJECT_RUNTIME_ROOT}/fastq_ftp/ERR022873_1.fastq.gz	${HF_PROJECT_RUNTIME_ROOT}/fastq_ftp/ERR022873_2.fastq.gz	compatibility/quants/E-MTAB-451/adult_mixed_r1/quant.sf	TRUE	adult	unknown		Erasers	Smp_150560	Smp_150560	Smp_150560		protein_coding	SM_V10_5	9773808	9801052	+	SM_V10_5:9773808-9801052(+)	3.4503351383041143	E-MTAB-451 | adult_mixed_r1	E-MTAB-451 | not_declared | adult_mixed | adult | whole_organism | mixed	adult_mixed | adult | whole_organism | mixed	-0.2686690597204732
Smp_150560	E-MTAB-451__cercaria_whole_r1	9.217981	E-MTAB-451	cercaria_whole_r1	cercaria_whole_r1	ERR022872	cercaria_whole	cercaria	whole_organism	mixed	not_applicable	untreated	0	not_declared	1	SAMEA988623	cerc10a	lane_1	${HF_PROJECT_RUNTIME_ROOT}/fastq_ftp/ERR022872_1.fastq.gz	${HF_PROJECT_RUNTIME_ROOT}/fastq_ftp/ERR022872_2.fastq.gz	compatibility/quants/E-MTAB-451/cercaria_whole_r1/quant.sf	TRUE	cercaria	unknown		Erasers	Smp_150560	Smp_150560	Smp_150560		protein_coding	SM_V10_5	9773808	9801052	+	SM_V10_5:9773808-9801052(+)	3.353038253096071	E-MTAB-451 | cercaria_whole_r1	E-MTAB-451 | not_declared | cercaria_whole | cercaria | whole_organism | mixed	cercaria_whole | cercaria | whole_organism | mixed	-0.36988839712354066
Smp_150560	E-MTAB-451__cercaria_whole_r2	5.93685	E-MTAB-451	cercaria_whole_r2	cercaria_whole_r2	ERR022877	cercaria_whole	cercaria	whole_organism	mixed	not_applicable	untreated	0	not_declared	2	SAMEA988624	cerc12	lane_1	${HF_PROJECT_RUNTIME_ROOT}/fastq_ftp/ERR022877_1.fastq.gz	${HF_PROJECT_RUNTIME_ROOT}/fastq_ftp/ERR022877_2.fastq.gz	compatibility/quants/E-MTAB-451/cercaria_whole_r2/quant.sf	TRUE	cercaria	unknown		Erasers	Smp_150560	Smp_150560	Smp_150560		protein_coding	SM_V10_5	9773808	9801052	+	SM_V10_5:9773808-9801052(+)	2.7942806885901006	E-MTAB-451 | cercaria_whole_r2	E-MTAB-451 | not_declared | cercaria_whole | cercaria | whole_organism | mixed	cercaria_whole | cercaria | whole_organism | mixed	-0.9511718608984998
Smp_150560	E-MTAB-451__cercaria_whole_r3	5.967529	E-MTAB-451	cercaria_whole_r3	cercaria_whole_r3	ERR022878	cercaria_whole	cercaria	whole_organism	mixed	not_applicable	untreated	0	not_declared	3	SAMEA988614	cerc13	lane_1	${HF_PROJECT_RUNTIME_ROOT}/fastq_ftp/ERR022878_1.fastq.gz	${HF_PROJECT_RUNTIME_ROOT}/fastq_ftp/ERR022878_2.fastq.gz	compatibility/quants/E-MTAB-451/cercaria_whole_r3/quant.sf	TRUE	cercaria	unknown		Erasers	Smp_150560	Smp_150560	Smp_150560		protein_coding	SM_V10_5	9773808	9801052	+	SM_V10_5:9773808-9801052(+)	2.80064710207528	E-MTAB-451 | cercaria_whole_r3	E-MTAB-451 | not_declared | cercaria_whole | cercaria | whole_organism | mixed	cercaria_whole | cercaria | whole_organism | mixed	-0.9445487901473044
Smp_150560	E-MTAB-451__cercarial_tail_r1	3.986524	E-MTAB-451	cercarial_tail_r1	cercarial_tail_r1	ERR022875	cercarial_tail	cercaria	tail	mixed	not_applicable	untreated	0	not_declared	1	SAMEA988620	tail1	lane_1	${HF_PROJECT_RUNTIME_ROOT}/fastq_ftp/ERR022875_1.fastq.gz	${HF_PROJECT_RUNTIME_ROOT}/fastq_ftp/ERR022875_2.fastq.gz	compatibility/quants/E-MTAB-451/cercarial_tail_r1/quant.sf	TRUE	cercaria	unknown		Erasers	Smp_150560	Smp_150560	Smp_150560		protein_coding	SM_V10_5	9773808	9801052	+	SM_V10_5:9773808-9801052(+)	2.3180344938362403	E-MTAB-451 | cercarial_tail_r1	E-MTAB-451 | not_declared | cercarial_tail | cercaria | tail | mixed	cercarial_tail | cercaria | tail | mixed	-1.446617569881308
Smp_150560	E-MTAB-451__schistosomulum_24h_r1	31.877221	E-MTAB-451	schistosomulum_24h_r1	schistosomulum_24h_r1	ERR022880	schistosomulum_24h	schistosomulum_24h	whole_organism	mixed	not_applicable	untreated	24	not_declared	1	SAMEA988616	somule3	lane_1	${HF_PROJECT_RUNTIME_ROOT}/fastq_ftp/ERR022880_1.fastq.gz	${HF_PROJECT_RUNTIME_ROOT}/fastq_ftp/ERR022880_2.fastq.gz	compatibility/quants/E-MTAB-451/schistosomulum_24h_r1/quant.sf	TRUE	schistosomulum_24h	unknown		Erasers	Smp_150560	Smp_150560	Smp_150560		protein_coding	SM_V10_5	9773808	9801052	+	SM_V10_5:9773808-9801052(+)	5.039016452941082	E-MTAB-451 | schistosomulum_24h_r1	E-MTAB-451 | not_declared | schistosomulum_24h | schistosomulum_24h | whole_organism | mixed	schistosomulum_24h | schistosomulum_24h | whole_organism | mixed	1.3840587708606285
Smp_150560	E-MTAB-451__schistosomulum_24h_r2	22.560514	E-MTAB-451	schistosomulum_24h_r2	schistosomulum_24h_r2	ERR022881	schistosomulum_24h	schistosomulum_24h	whole_organism	mixed	not_applicable	untreated	24	not_declared	2	SAMEA988622	somule4	lane_1	${HF_PROJECT_RUNTIME_ROOT}/fastq_ftp/ERR022881_1.fastq.gz	${HF_PROJECT_RUNTIME_ROOT}/fastq_ftp/ERR022881_2.fastq.gz	compatibility/quants/E-MTAB-451/schistosomulum_24h_r2/quant.sf	TRUE	schistosomulum_24h	unknown		Erasers	Smp_150560	Smp_150560	Smp_150560		protein_coding	SM_V10_5	9773808	9801052	+	SM_V10_5:9773808-9801052(+)	4.55829910846839	E-MTAB-451 | schistosomulum_24h_r2	E-MTAB-451 | not_declared | schistosomulum_24h | schistosomulum_24h | whole_organism | mixed	schistosomulum_24h | schistosomulum_24h | whole_organism | mixed	0.8839616610544289
Smp_150560	E-MTAB-451__schistosomulum_24h_r3	26.060121	E-MTAB-451	schistosomulum_24h_r3	schistosomulum_24h_r3	ERR022882	schistosomulum_24h	schistosomulum_24h	whole_organism	mixed	not_applicable	untreated	24	not_declared	3	SAMEA988619	somule5	lane_1	${HF_PROJECT_RUNTIME_ROOT}/fastq_ftp/ERR022882_1.fastq.gz	${HF_PROJECT_RUNTIME_ROOT}/fastq_ftp/ERR022882_2.fastq.gz	compatibility/quants/E-MTAB-451/schistosomulum_24h_r3/quant.sf	TRUE	schistosomulum_24h	unknown		Erasers	Smp_150560	Smp_150560	Smp_150560		protein_coding	SM_V10_5	9773808	9801052	+	SM_V10_5:9773808-9801052(+)	4.758096385262776	E-MTAB-451 | schistosomulum_24h_r3	E-MTAB-451 | not_declared | schistosomulum_24h | schistosomulum_24h | whole_organism | mixed	schistosomulum_24h | schistosomulum_24h | whole_organism | mixed	1.0918136177622184
Smp_150560	E-MTAB-451__schistosomulum_24h_r4	30.634929	E-MTAB-451	schistosomulum_24h_r4	schistosomulum_24h_r4	ERR022883	schistosomulum_24h	schistosomulum_24h	whole_organism	mixed	not_applicable	untreated	24	not_declared	4	SAMEA988618	somule6	lane_1	${HF_PROJECT_RUNTIME_ROOT}/fastq_ftp/ERR022883_1.fastq.gz	${HF_PROJECT_RUNTIME_ROOT}/fastq_ftp/ERR022883_2.fastq.gz	compatibility/quants/E-MTAB-451/schistosomulum_24h_r4/quant.sf	TRUE	schistosomulum_24h	unknown		Erasers	Smp_150560	Smp_150560	Smp_150560		protein_coding	SM_V10_5	9773808	9801052	+	SM_V10_5:9773808-9801052(+)	4.983446452824433	E-MTAB-451 | schistosomulum_24h_r4	E-MTAB-451 | not_declared | schistosomulum_24h | schistosomulum_24h | whole_organism | mixed	schistosomulum_24h | schistosomulum_24h | whole_organism | mixed	1.3262485071582646
Smp_150560	E-MTAB-451__schistosomulum_3h_r1	9.006046	E-MTAB-451	schistosomulum_3h_r1	schistosomulum_3h_r1	ERR022874	schistosomulum_3h	schistosomulum_3h	whole_organism	mixed	not_applicable	untreated	3	not_declared	1	SAMEA988621	somule1	lane_1	${HF_PROJECT_RUNTIME_ROOT}/fastq_ftp/ERR022874_1.fastq.gz	${HF_PROJECT_RUNTIME_ROOT}/fastq_ftp/ERR022874_2.fastq.gz	compatibility/quants/E-MTAB-451/schistosomulum_3h_r1/quant.sf	TRUE	schistosomulum_3h	unknown		Erasers	Smp_150560	Smp_150560	Smp_150560		protein_coding	SM_V10_5	9773808	9801052	+	SM_V10_5:9773808-9801052(+)	3.3228000847331076	E-MTAB-451 | schistosomulum_3h_r1	E-MTAB-451 | not_declared | schistosomulum_3h | schistosomulum_3h | whole_organism | mixed	schistosomulum_3h | schistosomulum_3h | whole_organism | mixed	-0.4013455949509643
Smp_150560	E-MTAB-451__schistosomulum_3h_r2	9.677677	E-MTAB-451	schistosomulum_3h_r2	schistosomulum_3h_r2	ERR022879	schistosomulum_3h	schistosomulum_3h	whole_organism	mixed	not_applicable	untreated	3	not_declared	2	SAMEA988617	somule2	lane_1	${HF_PROJECT_RUNTIME_ROOT}/fastq_ftp/ERR022879_1.fastq.gz	${HF_PROJECT_RUNTIME_ROOT}/fastq_ftp/ERR022879_2.fastq.gz	compatibility/quants/E-MTAB-451/schistosomulum_3h_r2/quant.sf	TRUE	schistosomulum_3h	unknown		Erasers	Smp_150560	Smp_150560	Smp_150560		protein_coding	SM_V10_5	9773808	9801052	+	SM_V10_5:9773808-9801052(+)	3.4165259081009216	E-MTAB-451 | schistosomulum_3h_r2	E-MTAB-451 | not_declared | schistosomulum_3h | schistosomulum_3h | whole_organism | mixed	schistosomulum_3h | schistosomulum_3h | whole_organism | mixed	-0.30384128411344935
Smp_150850	E-MTAB-451__adult_mixed_r1	9.205314	E-MTAB-451	adult_mixed_r1	adult_mixed_r1	ERR022873	adult_mixed	adult	whole_organism	mixed	not_applicable	untreated	not_applicable	not_declared	1	SAMEA988615	adult2	lane_1	${HF_PROJECT_RUNTIME_ROOT}/fastq_ftp/ERR022873_1.fastq.gz	${HF_PROJECT_RUNTIME_ROOT}/fastq_ftp/ERR022873_2.fastq.gz	compatibility/quants/E-MTAB-451/adult_mixed_r1/quant.sf	TRUE	adult	unknown		Writers	Smp_150850	Smp_150850	Smp_150850		protein_coding	SM_V10_4	27596432	27641490	-	SM_V10_4:27596432-27641490(-)	3.3512486671917188	E-MTAB-451 | adult_mixed_r1	E-MTAB-451 | not_declared | adult_mixed | adult | whole_organism | mixed	adult_mixed | adult | whole_organism | mixed	-2.0883608938389373
Smp_150850	E-MTAB-451__adult_mixed_r1	9.205314	E-MTAB-451	adult_mixed_r1	adult_mixed_r1	ERR022873	adult_mixed	adult	whole_organism	mixed	not_applicable	untreated	not_applicable	not_declared	1	SAMEA988615	adult2	lane_1	${HF_PROJECT_RUNTIME_ROOT}/fastq_ftp/ERR022873_1.fastq.gz	${HF_PROJECT_RUNTIME_ROOT}/fastq_ftp/ERR022873_2.fastq.gz	compatibility/quants/E-MTAB-451/adult_mixed_r1/quant.sf	TRUE	adult	unknown		Readers	Smp_150850	Smp_150850	Smp_150850		protein_coding	SM_V10_4	27596432	27641490	-	SM_V10_4:27596432-27641490(-)	3.3512486671917188	E-MTAB-451 | adult_mixed_r1	E-MTAB-451 | not_declared | adult_mixed | adult | whole_organism | mixed	adult_mixed | adult | whole_organism | mixed	-2.0883608938389373
Smp_150850	E-MTAB-451__cercaria_whole_r1	22.504126	E-MTAB-451	cercaria_whole_r1	cercaria_whole_r1	ERR022872	cercaria_whole	cercaria	whole_organism	mixed	not_applicable	untreated	0	not_declared	1	SAMEA988623	cerc10a	lane_1	${HF_PROJECT_RUNTIME_ROOT}/fastq_ftp/ERR022872_1.fastq.gz	${HF_PROJECT_RUNTIME_ROOT}/fastq_ftp/ERR022872_2.fastq.gz	compatibility/quants/E-MTAB-451/cercaria_whole_r1/quant.sf	TRUE	cercaria	unknown		Writers	Smp_150850	Smp_150850	Smp_150850		protein_coding	SM_V10_4	27596432	27641490	-	SM_V10_4:27596432-27641490(-)	4.55484212985811	E-MTAB-451 | cercaria_whole_r1	E-MTAB-451 | not_declared | cercaria_whole | cercaria | whole_organism | mixed	cercaria_whole | cercaria | whole_organism | mixed	-0.18007862775467326
Smp_150850	E-MTAB-451__cercaria_whole_r1	22.504126	E-MTAB-451	cercaria_whole_r1	cercaria_whole_r1	ERR022872	cercaria_whole	cercaria	whole_organism	mixed	not_applicable	untreated	0	not_declared	1	SAMEA988623	cerc10a	lane_1	${HF_PROJECT_RUNTIME_ROOT}/fastq_ftp/ERR022872_1.fastq.gz	${HF_PROJECT_RUNTIME_ROOT}/fastq_ftp/ERR022872_2.fastq.gz	compatibility/quants/E-MTAB-451/cercaria_whole_r1/quant.sf	TRUE	cercaria	unknown		Readers	Smp_150850	Smp_150850	Smp_150850		protein_coding	SM_V10_4	27596432	27641490	-	SM_V10_4:27596432-27641490(-)	4.55484212985811	E-MTAB-451 | cercaria_whole_r1	E-MTAB-451 | not_declared | cercaria_whole | cercaria | whole_organism | mixed	cercaria_whole | cercaria | whole_organism | mixed	-0.18007862775467326
Smp_150850	E-MTAB-451__cercaria_whole_r2	24.38811	E-MTAB-451	cercaria_whole_r2	cercaria_whole_r2	ERR022877	cercaria_whole	cercaria	whole_organism	mixed	not_applicable	untreated	0	not_declared	2	SAMEA988624	cerc12	lane_1	${HF_PROJECT_RUNTIME_ROOT}/fastq_ftp/ERR022877_1.fastq.gz	${HF_PROJECT_RUNTIME_ROOT}/fastq_ftp/ERR022877_2.fastq.gz	compatibility/quants/E-MTAB-451/cercaria_whole_r2/quant.sf	TRUE	cercaria	unknown		Writers	Smp_150850	Smp_150850	Smp_150850		protein_coding	SM_V10_4	27596432	27641490	-	SM_V10_4:27596432-27641490(-)	4.666081093452216	E-MTAB-451 | cercaria_whole_r2	E-MTAB-451 | not_declared | cercaria_whole | cercaria | whole_organism | mixed	cercaria_whole | cercaria | whole_organism | mixed	-0.003710652928721991
Smp_150850	E-MTAB-451__cercaria_whole_r2	24.38811	E-MTAB-451	cercaria_whole_r2	cercaria_whole_r2	ERR022877	cercaria_whole	cercaria	whole_organism	mixed	not_applicable	untreated	0	not_declared	2	SAMEA988624	cerc12	lane_1	${HF_PROJECT_RUNTIME_ROOT}/fastq_ftp/ERR022877_1.fastq.gz	${HF_PROJECT_RUNTIME_ROOT}/fastq_ftp/ERR022877_2.fastq.gz	compatibility/quants/E-MTAB-451/cercaria_whole_r2/quant.sf	TRUE	cercaria	unknown		Readers	Smp_150850	Smp_150850	Smp_150850		protein_coding	SM_V10_4	27596432	27641490	-	SM_V10_4:27596432-27641490(-)	4.666081093452216	E-MTAB-451 | cercaria_whole_r2	E-MTAB-451 | not_declared | cercaria_whole | cercaria | whole_organism | mixed	cercaria_whole | cercaria | whole_organism | mixed	-0.003710652928721991
Smp_150850	E-MTAB-451__cercaria_whole_r3	23.642713	E-MTAB-451	cercaria_whole_r3	cercaria_whole_r3	ERR022878	cercaria_whole	cercaria	whole_organism	mixed	not_applicable	untreated	0	not_declared	3	SAMEA988614	cerc13	lane_1	${HF_PROJECT_RUNTIME_ROOT}/fastq_ftp/ERR022878_1.fastq.gz	${HF_PROJECT_RUNTIME_ROOT}/fastq_ftp/ERR022878_2.fastq.gz	compatibility/quants/E-MTAB-451/cercaria_whole_r3/quant.sf	TRUE	cercaria	unknown		Writers	Smp_150850	Smp_150850	Smp_150850		protein_coding	SM_V10_4	27596432	27641490	-	SM_V10_4:27596432-27641490(-)	4.623089190862689	E-MTAB-451 | cercaria_whole_r3	E-MTAB-451 | not_declared | cercaria_whole | cercaria | whole_organism | mixed	cercaria_whole | cercaria | whole_organism | mixed	-0.07187377265443565
Smp_150850	E-MTAB-451__cercaria_whole_r3	23.642713	E-MTAB-451	cercaria_whole_r3	cercaria_whole_r3	ERR022878	cercaria_whole	cercaria	whole_organism	mixed	not_applicable	untreated	0	not_declared	3	SAMEA988614	cerc13	lane_1	${HF_PROJECT_RUNTIME_ROOT}/fastq_ftp/ERR022878_1.fastq.gz	${HF_PROJECT_RUNTIME_ROOT}/fastq_ftp/ERR022878_2.fastq.gz	compatibility/quants/E-MTAB-451/cercaria_whole_r3/quant.sf	TRUE	cercaria	unknown		Readers	Smp_150850	Smp_150850	Smp_150850		protein_coding	SM_V10_4	27596432	27641490	-	SM_V10_4:27596432-27641490(-)	4.623089190862689	E-MTAB-451 | cercaria_whole_r3	E-MTAB-451 | not_declared | cercaria_whole | cercaria | whole_organism | mixed	cercaria_whole | cercaria | whole_organism | mixed	-0.07187377265443565
Smp_150850	E-MTAB-451__cercarial_tail_r1	12.986914	E-MTAB-451	cercarial_tail_r1	cercarial_tail_r1	ERR022875	cercarial_tail	cercaria	tail	mixed	not_applicable	untreated	0	not_declared	1	SAMEA988620	tail1	lane_1	${HF_PROJECT_RUNTIME_ROOT}/fastq_ftp/ERR022875_1.fastq.gz	${HF_PROJECT_RUNTIME_ROOT}/fastq_ftp/ERR022875_2.fastq.gz	compatibility/quants/E-MTAB-451/cercarial_tail_r1/quant.sf	TRUE	cercaria	unknown		Writers	Smp_150850	Smp_150850	Smp_150850		protein_coding	SM_V10_4	27596432	27641490	-	SM_V10_4:27596432-27641490(-)	3.806005783765265	E-MTAB-451 | cercarial_tail_r1	E-MTAB-451 | not_declared | cercarial_tail | cercaria | tail | mixed	cercarial_tail | cercaria | tail | mixed	-1.3673492168475938
Smp_150850	E-MTAB-451__cercarial_tail_r1	12.986914	E-MTAB-451	cercarial_tail_r1	cercarial_tail_r1	ERR022875	cercarial_tail	cercaria	tail	mixed	not_applicable	untreated	0	not_declared	1	SAMEA988620	tail1	lane_1	${HF_PROJECT_RUNTIME_ROOT}/fastq_ftp/ERR022875_1.fastq.gz	${HF_PROJECT_RUNTIME_ROOT}/fastq_ftp/ERR022875_2.fastq.gz	compatibility/quants/E-MTAB-451/cercarial_tail_r1/quant.sf	TRUE	cercaria	unknown		Readers	Smp_150850	Smp_150850	Smp_150850		protein_coding	SM_V10_4	27596432	27641490	-	SM_V10_4:27596432-27641490(-)	3.806005783765265	E-MTAB-451 | cercarial_tail_r1	E-MTAB-451 | not_declared | cercarial_tail | cercaria | tail | mixed	cercarial_tail | cercaria | tail | mixed	-1.3673492168475938
Smp_150850	E-MTAB-451__schistosomulum_24h_r1	34.165241	E-MTAB-451	schistosomulum_24h_r1	schistosomulum_24h_r1	ERR022880	schistosomulum_24h	schistosomulum_24h	whole_organism	mixed	not_applicable	untreated	24	not_declared	1	SAMEA988616	somule3	lane_1	${HF_PROJECT_RUNTIME_ROOT}/fastq_ftp/ERR022880_1.fastq.gz	${HF_PROJECT_RUNTIME_ROOT}/fastq_ftp/ERR022880_2.fastq.gz	compatibility/quants/E-MTAB-451/schistosomulum_24h_r1/quant.sf	TRUE	schistosomulum_24h	unknown		Writers	Smp_150850	Smp_150850	Smp_150850		protein_coding	SM_V10_4	27596432	27641490	-	SM_V10_4:27596432-27641490(-)	5.136078199533249	E-MTAB-451 | schistosomulum_24h_r1	E-MTAB-451 | not_declared | schistosomulum_24h | schistosomulum_24h | whole_organism | mixed	schistosomulum_24h | schistosomulum_24h | whole_organism | mixed	0.7414638353560793
Smp_150850	E-MTAB-451__schistosomulum_24h_r1	34.165241	E-MTAB-451	schistosomulum_24h_r1	schistosomulum_24h_r1	ERR022880	schistosomulum_24h	schistosomulum_24h	whole_organism	mixed	not_applicable	untreated	24	not_declared	1	SAMEA988616	somule3	lane_1	${HF_PROJECT_RUNTIME_ROOT}/fastq_ftp/ERR022880_1.fastq.gz	${HF_PROJECT_RUNTIME_ROOT}/fastq_ftp/ERR022880_2.fastq.gz	compatibility/quants/E-MTAB-451/schistosomulum_24h_r1/quant.sf	TRUE	schistosomulum_24h	unknown		Readers	Smp_150850	Smp_150850	Smp_150850		protein_coding	SM_V10_4	27596432	27641490	-	SM_V10_4:27596432-27641490(-)	5.136078199533249	E-MTAB-451 | schistosomulum_24h_r1	E-MTAB-451 | not_declared | schistosomulum_24h | schistosomulum_24h | whole_organism | mixed	schistosomulum_24h | schistosomulum_24h | whole_organism | mixed	0.7414638353560793
Smp_150850	E-MTAB-451__schistosomulum_24h_r2	23.495471	E-MTAB-451	schistosomulum_24h_r2	schistosomulum_24h_r2	ERR022881	schistosomulum_24h	schistosomulum_24h	whole_organism	mixed	not_applicable	untreated	24	not_declared	2	SAMEA988622	somule4	lane_1	${HF_PROJECT_RUNTIME_ROOT}/fastq_ftp/ERR022881_1.fastq.gz	${HF_PROJECT_RUNTIME_ROOT}/fastq_ftp/ERR022881_2.fastq.gz	compatibility/quants/E-MTAB-451/schistosomulum_24h_r2/quant.sf	TRUE	schistosomulum_24h	unknown		Writers	Smp_150850	Smp_150850	Smp_150850		protein_coding	SM_V10_4	27596432	27641490	-	SM_V10_4:27596432-27641490(-)	4.614443126978892	E-MTAB-451 | schistosomulum_24h_r2	E-MTAB-451 | not_declared | schistosomulum_24h | schistosomulum_24h | whole_organism | mixed	schistosomulum_24h | schistosomulum_24h | whole_organism | mixed	-0.08558199797524368
Smp_150850	E-MTAB-451__schistosomulum_24h_r2	23.495471	E-MTAB-451	schistosomulum_24h_r2	schistosomulum_24h_r2	ERR022881	schistosomulum_24h	schistosomulum_24h	whole_organism	mixed	not_applicable	untreated	24	not_declared	2	SAMEA988622	somule4	lane_1	${HF_PROJECT_RUNTIME_ROOT}/fastq_ftp/ERR022881_1.fastq.gz	${HF_PROJECT_RUNTIME_ROOT}/fastq_ftp/ERR022881_2.fastq.gz	compatibility/quants/E-MTAB-451/schistosomulum_24h_r2/quant.sf	TRUE	schistosomulum_24h	unknown		Readers	Smp_150850	Smp_150850	Smp_150850		protein_coding	SM_V10_4	27596432	27641490	-	SM_V10_4:27596432-27641490(-)	4.614443126978892	E-MTAB-451 | schistosomulum_24h_r2	E-MTAB-451 | not_declared | schistosomulum_24h | schistosomulum_24h | whole_organism | mixed	schistosomulum_24h | schistosomulum_24h | whole_organism | mixed	-0.08558199797524368
Smp_150850	E-MTAB-451__schistosomulum_24h_r3	27.352455	E-MTAB-451	schistosomulum_24h_r3	schistosomulum_24h_r3	ERR022882	schistosomulum_24h	schistosomulum_24h	whole_organism	mixed	not_applicable	untreated	24	not_declared	3	SAMEA988619	somule5	lane_1	${HF_PROJECT_RUNTIME_ROOT}/fastq_ftp/ERR022882_1.fastq.gz	${HF_PROJECT_RUNTIME_ROOT}/fastq_ftp/ERR022882_2.fastq.gz	compatibility/quants/E-MTAB-451/schistosomulum_24h_r3/quant.sf	TRUE	schistosomulum_24h	unknown		Writers	Smp_150850	Smp_150850	Smp_150850		protein_coding	SM_V10_4	27596432	27641490	-	SM_V10_4:27596432-27641490(-)	4.825401756438657	E-MTAB-451 | schistosomulum_24h_r3	E-MTAB-451 | not_declared | schistosomulum_24h | schistosomulum_24h | whole_organism | mixed	schistosomulum_24h | schistosomulum_24h | whole_organism | mixed	0.24889025030672776
Smp_150850	E-MTAB-451__schistosomulum_24h_r3	27.352455	E-MTAB-451	schistosomulum_24h_r3	schistosomulum_24h_r3	ERR022882	schistosomulum_24h	schistosomulum_24h	whole_organism	mixed	not_applicable	untreated	24	not_declared	3	SAMEA988619	somule5	lane_1	${HF_PROJECT_RUNTIME_ROOT}/fastq_ftp/ERR022882_1.fastq.gz	${HF_PROJECT_RUNTIME_ROOT}/fastq_ftp/ERR022882_2.fastq.gz	compatibility/quants/E-MTAB-451/schistosomulum_24h_r3/quant.sf	TRUE	schistosomulum_24h	unknown		Readers	Smp_150850	Smp_150850	Smp_150850		protein_coding	SM_V10_4	27596432	27641490	-	SM_V10_4:27596432-27641490(-)	4.825401756438657	E-MTAB-451 | schistosomulum_24h_r3	E-MTAB-451 | not_declared | schistosomulum_24h | schistosomulum_24h | whole_organism | mixed	schistosomulum_24h | schistosomulum_24h | whole_organism | mixed	0.24889025030672776
Smp_150850	E-MTAB-451__schistosomulum_24h_r4	31.609949	E-MTAB-451	schistosomulum_24h_r4	schistosomulum_24h_r4	ERR022883	schistosomulum_24h	schistosomulum_24h	whole_organism	mixed	not_applicable	untreated	24	not_declared	4	SAMEA988618	somule6	lane_1	${HF_PROJECT_RUNTIME_ROOT}/fastq_ftp/ERR022883_1.fastq.gz	${HF_PROJECT_RUNTIME_ROOT}/fastq_ftp/ERR022883_2.fastq.gz	compatibility/quants/E-MTAB-451/schistosomulum_24h_r4/quant.sf	TRUE	schistosomulum_24h	unknown		Writers	Smp_150850	Smp_150850	Smp_150850		protein_coding	SM_V10_4	27596432	27641490	-	SM_V10_4:27596432-27641490(-)	5.027240279687184	E-MTAB-451 | schistosomulum_24h_r4	E-MTAB-451 | not_declared | schistosomulum_24h | schistosomulum_24h | whole_organism | mixed	schistosomulum_24h | schistosomulum_24h | whole_organism | mixed	0.5689026851321227
Smp_150850	E-MTAB-451__schistosomulum_24h_r4	31.609949	E-MTAB-451	schistosomulum_24h_r4	schistosomulum_24h_r4	ERR022883	schistosomulum_24h	schistosomulum_24h	whole_organism	mixed	not_applicable	untreated	24	not_declared	4	SAMEA988618	somule6	lane_1	${HF_PROJECT_RUNTIME_ROOT}/fastq_ftp/ERR022883_1.fastq.gz	${HF_PROJECT_RUNTIME_ROOT}/fastq_ftp/ERR022883_2.fastq.gz	compatibility/quants/E-MTAB-451/schistosomulum_24h_r4/quant.sf	TRUE	schistosomulum_24h	unknown		Readers	Smp_150850	Smp_150850	Smp_150850		protein_coding	SM_V10_4	27596432	27641490	-	SM_V10_4:27596432-27641490(-)	5.027240279687184	E-MTAB-451 | schistosomulum_24h_r4	E-MTAB-451 | not_declared | schistosomulum_24h | schistosomulum_24h | whole_organism | mixed	schistosomulum_24h | schistosomulum_24h | whole_organism | mixed	0.5689026851321227
Smp_150850	E-MTAB-451__schistosomulum_3h_r1	34.161973	E-MTAB-451	schistosomulum_3h_r1	schistosomulum_3h_r1	ERR022874	schistosomulum_3h	schistosomulum_3h	whole_organism	mixed	not_applicable	untreated	3	not_declared	1	SAMEA988621	somule1	lane_1	${HF_PROJECT_RUNTIME_ROOT}/fastq_ftp/ERR022874_1.fastq.gz	${HF_PROJECT_RUNTIME_ROOT}/fastq_ftp/ERR022874_2.fastq.gz	compatibility/quants/E-MTAB-451/schistosomulum_3h_r1/quant.sf	TRUE	schistosomulum_3h	unknown		Writers	Smp_150850	Smp_150850	Smp_150850		protein_coding	SM_V10_4	27596432	27641490	-	SM_V10_4:27596432-27641490(-)	5.135944119790036	E-MTAB-451 | schistosomulum_3h_r1	E-MTAB-451 | not_declared | schistosomulum_3h | schistosomulum_3h | whole_organism | mixed	schistosomulum_3h | schistosomulum_3h | whole_organism | mixed	0.7412512536130316
Smp_150850	E-MTAB-451__schistosomulum_3h_r1	34.161973	E-MTAB-451	schistosomulum_3h_r1	schistosomulum_3h_r1	ERR022874	schistosomulum_3h	schistosomulum_3h	whole_organism	mixed	not_applicable	untreated	3	not_declared	1	SAMEA988621	somule1	lane_1	${HF_PROJECT_RUNTIME_ROOT}/fastq_ftp/ERR022874_1.fastq.gz	${HF_PROJECT_RUNTIME_ROOT}/fastq_ftp/ERR022874_2.fastq.gz	compatibility/quants/E-MTAB-451/schistosomulum_3h_r1/quant.sf	TRUE	schistosomulum_3h	unknown		Readers	Smp_150850	Smp_150850	Smp_150850		protein_coding	SM_V10_4	27596432	27641490	-	SM_V10_4:27596432-27641490(-)	5.135944119790036	E-MTAB-451 | schistosomulum_3h_r1	E-MTAB-451 | not_declared | schistosomulum_3h | schistosomulum_3h | whole_organism | mixed	schistosomulum_3h | schistosomulum_3h | whole_organism | mixed	0.7412512536130316
Smp_150850	E-MTAB-451__schistosomulum_3h_r2	47.916929	E-MTAB-451	schistosomulum_3h_r2	schistosomulum_3h_r2	ERR022879	schistosomulum_3h	schistosomulum_3h	whole_organism	mixed	not_applicable	untreated	3	not_declared	2	SAMEA988617	somule2	lane_1	${HF_PROJECT_RUNTIME_ROOT}/fastq_ftp/ERR022879_1.fastq.gz	${HF_PROJECT_RUNTIME_ROOT}/fastq_ftp/ERR022879_2.fastq.gz	compatibility/quants/E-MTAB-451/schistosomulum_3h_r2/quant.sf	TRUE	schistosomulum_3h	unknown		Writers	Smp_150850	Smp_150850	Smp_150850		protein_coding	SM_V10_4	27596432	27641490	-	SM_V10_4:27596432-27641490(-)	5.612261929342577	E-MTAB-451 | schistosomulum_3h_r2	E-MTAB-451 | not_declared | schistosomulum_3h | schistosomulum_3h | whole_organism | mixed	schistosomulum_3h | schistosomulum_3h | whole_organism | mixed	1.4964471375916375
Smp_150850	E-MTAB-451__schistosomulum_3h_r2	47.916929	E-MTAB-451	schistosomulum_3h_r2	schistosomulum_3h_r2	ERR022879	schistosomulum_3h	schistosomulum_3h	whole_organism	mixed	not_applicable	untreated	3	not_declared	2	SAMEA988617	somule2	lane_1	${HF_PROJECT_RUNTIME_ROOT}/fastq_ftp/ERR022879_1.fastq.gz	${HF_PROJECT_RUNTIME_ROOT}/fastq_ftp/ERR022879_2.fastq.gz	compatibility/quants/E-MTAB-451/schistosomulum_3h_r2/quant.sf	TRUE	schistosomulum_3h	unknown		Readers	Smp_150850	Smp_150850	Smp_150850		protein_coding	SM_V10_4	27596432	27641490	-	SM_V10_4:27596432-27641490(-)	5.612261929342577	E-MTAB-451 | schistosomulum_3h_r2	E-MTAB-451 | not_declared | schistosomulum_3h | schistosomulum_3h | whole_organism | mixed	schistosomulum_3h | schistosomulum_3h | whole_organism | mixed	1.4964471375916375
Smp_156290	E-MTAB-451__adult_mixed_r1	18.218187	E-MTAB-451	adult_mixed_r1	adult_mixed_r1	ERR022873	adult_mixed	adult	whole_organism	mixed	not_applicable	untreated	not_applicable	not_declared	1	SAMEA988615	adult2	lane_1	${HF_PROJECT_RUNTIME_ROOT}/fastq_ftp/ERR022873_1.fastq.gz	${HF_PROJECT_RUNTIME_ROOT}/fastq_ftp/ERR022873_2.fastq.gz	compatibility/quants/E-MTAB-451/adult_mixed_r1/quant.sf	TRUE	adult	unknown		Erasers	Smp_156290	Smp_156290	Smp_156290		protein_coding	SM_V10_3	28958068	28998845	+	SM_V10_3:28958068-28998845(+)	4.264400336853322	E-MTAB-451 | adult_mixed_r1	E-MTAB-451 | not_declared | adult_mixed | adult | whole_organism | mixed	adult_mixed | adult | whole_organism | mixed	-2.168381766383562
Smp_156290	E-MTAB-451__cercaria_whole_r1	45.255818	E-MTAB-451	cercaria_whole_r1	cercaria_whole_r1	ERR022872	cercaria_whole	cercaria	whole_organism	mixed	not_applicable	untreated	0	not_declared	1	SAMEA988623	cerc10a	lane_1	${HF_PROJECT_RUNTIME_ROOT}/fastq_ftp/ERR022872_1.fastq.gz	${HF_PROJECT_RUNTIME_ROOT}/fastq_ftp/ERR022872_2.fastq.gz	compatibility/quants/E-MTAB-451/cercaria_whole_r1/quant.sf	TRUE	cercaria	unknown		Erasers	Smp_156290	Smp_156290	Smp_156290		protein_coding	SM_V10_3	28958068	28998845	+	SM_V10_3:28958068-28998845(+)	5.531562932340257	E-MTAB-451 | cercaria_whole_r1	E-MTAB-451 | not_declared | cercaria_whole | cercaria | whole_organism | mixed	cercaria_whole | cercaria | whole_organism | mixed	0.20905099668516822
Smp_156290	E-MTAB-451__cercaria_whole_r2	39.821657	E-MTAB-451	cercaria_whole_r2	cercaria_whole_r2	ERR022877	cercaria_whole	cercaria	whole_organism	mixed	not_applicable	untreated	0	not_declared	2	SAMEA988624	cerc12	lane_1	${HF_PROJECT_RUNTIME_ROOT}/fastq_ftp/ERR022877_1.fastq.gz	${HF_PROJECT_RUNTIME_ROOT}/fastq_ftp/ERR022877_2.fastq.gz	compatibility/quants/E-MTAB-451/cercaria_whole_r2/quant.sf	TRUE	cercaria	unknown		Erasers	Smp_156290	Smp_156290	Smp_156290		protein_coding	SM_V10_3	28958068	28998845	+	SM_V10_3:28958068-28998845(+)	5.351262839167954	E-MTAB-451 | cercaria_whole_r2	E-MTAB-451 | not_declared | cercaria_whole | cercaria | whole_organism | mixed	cercaria_whole | cercaria | whole_organism | mixed	-0.12922551985567757
Smp_156290	E-MTAB-451__cercaria_whole_r3	37.525084	E-MTAB-451	cercaria_whole_r3	cercaria_whole_r3	ERR022878	cercaria_whole	cercaria	whole_organism	mixed	not_applicable	untreated	0	not_declared	3	SAMEA988614	cerc13	lane_1	${HF_PROJECT_RUNTIME_ROOT}/fastq_ftp/ERR022878_1.fastq.gz	${HF_PROJECT_RUNTIME_ROOT}/fastq_ftp/ERR022878_2.fastq.gz	compatibility/quants/E-MTAB-451/cercaria_whole_r3/quant.sf	TRUE	cercaria	unknown		Erasers	Smp_156290	Smp_156290	Smp_156290		protein_coding	SM_V10_3	28958068	28998845	+	SM_V10_3:28958068-28998845(+)	5.267726197279631	E-MTAB-451 | cercaria_whole_r3	E-MTAB-451 | not_declared | cercaria_whole | cercaria | whole_organism | mixed	cercaria_whole | cercaria | whole_organism | mixed	-0.28595580060210407
Smp_156290	E-MTAB-451__cercarial_tail_r1	29.059214	E-MTAB-451	cercarial_tail_r1	cercarial_tail_r1	ERR022875	cercarial_tail	cercaria	tail	mixed	not_applicable	untreated	0	not_declared	1	SAMEA988620	tail1	lane_1	${HF_PROJECT_RUNTIME_ROOT}/fastq_ftp/ERR022875_1.fastq.gz	${HF_PROJECT_RUNTIME_ROOT}/fastq_ftp/ERR022875_2.fastq.gz	compatibility/quants/E-MTAB-451/cercarial_tail_r1/quant.sf	TRUE	cercaria	unknown		Erasers	Smp_156290	Smp_156290	Smp_156290		protein_coding	SM_V10_3	28958068	28998845	+	SM_V10_3:28958068-28998845(+)	4.9097353804847	E-MTAB-451 | cercarial_tail_r1	E-MTAB-451 | not_declared | cercarial_tail | cercaria | tail | mixed	cercarial_tail | cercaria | tail | mixed	-0.9576131709800167
Smp_156290	E-MTAB-451__schistosomulum_24h_r1	76.830148	E-MTAB-451	schistosomulum_24h_r1	schistosomulum_24h_r1	ERR022880	schistosomulum_24h	schistosomulum_24h	whole_organism	mixed	not_applicable	untreated	24	not_declared	1	SAMEA988616	somule3	lane_1	${HF_PROJECT_RUNTIME_ROOT}/fastq_ftp/ERR022880_1.fastq.gz	${HF_PROJECT_RUNTIME_ROOT}/fastq_ftp/ERR022880_2.fastq.gz	compatibility/quants/E-MTAB-451/schistosomulum_24h_r1/quant.sf	TRUE	schistosomulum_24h	unknown		Erasers	Smp_156290	Smp_156290	Smp_156290		protein_coding	SM_V10_3	28958068	28998845	+	SM_V10_3:28958068-28998845(+)	6.282257195408536	E-MTAB-451 | schistosomulum_24h_r1	E-MTAB-451 | not_declared | schistosomulum_24h | schistosomulum_24h | whole_organism | mixed	schistosomulum_24h | schistosomulum_24h | whole_organism | mixed	1.6174930880337097
Smp_156290	E-MTAB-451__schistosomulum_24h_r2	50.117604	E-MTAB-451	schistosomulum_24h_r2	schistosomulum_24h_r2	ERR022881	schistosomulum_24h	schistosomulum_24h	whole_organism	mixed	not_applicable	untreated	24	not_declared	2	SAMEA988622	somule4	lane_1	${HF_PROJECT_RUNTIME_ROOT}/fastq_ftp/ERR022881_1.fastq.gz	${HF_PROJECT_RUNTIME_ROOT}/fastq_ftp/ERR022881_2.fastq.gz	compatibility/quants/E-MTAB-451/schistosomulum_24h_r2/quant.sf	TRUE	schistosomulum_24h	unknown		Erasers	Smp_156290	Smp_156290	Smp_156290		protein_coding	SM_V10_3	28958068	28998845	+	SM_V10_3:28958068-28998845(+)	5.675748310312951	E-MTAB-451 | schistosomulum_24h_r2	E-MTAB-451 | not_declared | schistosomulum_24h | schistosomulum_24h | whole_organism | mixed	schistosomulum_24h | schistosomulum_24h | whole_organism | mixed	0.4795695889862667
Smp_156290	E-MTAB-451__schistosomulum_24h_r3	49.551452	E-MTAB-451	schistosomulum_24h_r3	schistosomulum_24h_r3	ERR022882	schistosomulum_24h	schistosomulum_24h	whole_organism	mixed	not_applicable	untreated	24	not_declared	3	SAMEA988619	somule5	lane_1	${HF_PROJECT_RUNTIME_ROOT}/fastq_ftp/ERR022882_1.fastq.gz	${HF_PROJECT_RUNTIME_ROOT}/fastq_ftp/ERR022882_2.fastq.gz	compatibility/quants/E-MTAB-451/schistosomulum_24h_r3/quant.sf	TRUE	schistosomulum_24h	unknown		Erasers	Smp_156290	Smp_156290	Smp_156290		protein_coding	SM_V10_3	28958068	28998845	+	SM_V10_3:28958068-28998845(+)	5.659680626444228	E-MTAB-451 | schistosomulum_24h_r3	E-MTAB-451 | not_declared | schistosomulum_24h | schistosomulum_24h | whole_organism | mixed	schistosomulum_24h | schistosomulum_24h | whole_organism | mixed	0.44942362493068
Smp_156290	E-MTAB-451__schistosomulum_24h_r4	58.377021	E-MTAB-451	schistosomulum_24h_r4	schistosomulum_24h_r4	ERR022883	schistosomulum_24h	schistosomulum_24h	whole_organism	mixed	not_applicable	untreated	24	not_declared	4	SAMEA988618	somule6	lane_1	${HF_PROJECT_RUNTIME_ROOT}/fastq_ftp/ERR022883_1.fastq.gz	${HF_PROJECT_RUNTIME_ROOT}/fastq_ftp/ERR022883_2.fastq.gz	compatibility/quants/E-MTAB-451/schistosomulum_24h_r4/quant.sf	TRUE	schistosomulum_24h	unknown		Erasers	Smp_156290	Smp_156290	Smp_156290		protein_coding	SM_V10_3	28958068	28998845	+	SM_V10_3:28958068-28998845(+)	5.891832808684531	E-MTAB-451 | schistosomulum_24h_r4	E-MTAB-451 | not_declared | schistosomulum_24h | schistosomulum_24h | whole_organism | mixed	schistosomulum_24h | schistosomulum_24h | whole_organism | mixed	0.8849843067577107
Smp_156290	E-MTAB-451__schistosomulum_3h_r1	34.618262	E-MTAB-451	schistosomulum_3h_r1	schistosomulum_3h_r1	ERR022874	schistosomulum_3h	schistosomulum_3h	whole_organism	mixed	not_applicable	untreated	3	not_declared	1	SAMEA988621	somule1	lane_1	${HF_PROJECT_RUNTIME_ROOT}/fastq_ftp/ERR022874_1.fastq.gz	${HF_PROJECT_RUNTIME_ROOT}/fastq_ftp/ERR022874_2.fastq.gz	compatibility/quants/E-MTAB-451/schistosomulum_3h_r1/quant.sf	TRUE	schistosomulum_3h	unknown		Erasers	Smp_156290	Smp_156290	Smp_156290		protein_coding	SM_V10_3	28958068	28998845	+	SM_V10_3:28958068-28998845(+)	5.154545216460114	E-MTAB-451 | schistosomulum_3h_r1	E-MTAB-451 | not_declared | schistosomulum_3h | schistosomulum_3h | whole_organism | mixed	schistosomulum_3h | schistosomulum_3h | whole_organism | mixed	-0.4983043760058576
Smp_156290	E-MTAB-451__schistosomulum_3h_r2	48.617708	E-MTAB-451	schistosomulum_3h_r2	schistosomulum_3h_r2	ERR022879	schistosomulum_3h	schistosomulum_3h	whole_organism	mixed	not_applicable	untreated	3	not_declared	2	SAMEA988617	somule2	lane_1	${HF_PROJECT_RUNTIME_ROOT}/fastq_ftp/ERR022879_1.fastq.gz	${HF_PROJECT_RUNTIME_ROOT}/fastq_ftp/ERR022879_2.fastq.gz	compatibility/quants/E-MTAB-451/schistosomulum_3h_r2/quant.sf	TRUE	schistosomulum_3h	unknown		Erasers	Smp_156290	Smp_156290	Smp_156290		protein_coding	SM_V10_3	28958068	28998845	+	SM_V10_3:28958068-28998845(+)	5.632783188976935	E-MTAB-451 | schistosomulum_3h_r2	E-MTAB-451 | not_declared | schistosomulum_3h | schistosomulum_3h | whole_organism | mixed	schistosomulum_3h | schistosomulum_3h | whole_organism | mixed	0.3989590284336844
Smp_159100	E-MTAB-451__adult_mixed_r1	70.917321	E-MTAB-451	adult_mixed_r1	adult_mixed_r1	ERR022873	adult_mixed	adult	whole_organism	mixed	not_applicable	untreated	not_applicable	not_declared	1	SAMEA988615	adult2	lane_1	${HF_PROJECT_RUNTIME_ROOT}/fastq_ftp/ERR022873_1.fastq.gz	${HF_PROJECT_RUNTIME_ROOT}/fastq_ftp/ERR022873_2.fastq.gz	compatibility/quants/E-MTAB-451/adult_mixed_r1/quant.sf	TRUE	adult	unknown		Readers	Smp_159100	Smp_159100	Smp_159100		protein_coding	SM_V10_Z	38200353	38228135	-	SM_V10_Z:38200353-38228135(-)	6.168267374749719	E-MTAB-451 | adult_mixed_r1	E-MTAB-451 | not_declared | adult_mixed | adult | whole_organism | mixed	adult_mixed | adult | whole_organism | mixed	0.3677529285095047
Smp_159100	E-MTAB-451__cercaria_whole_r1	48.307865	E-MTAB-451	cercaria_whole_r1	cercaria_whole_r1	ERR022872	cercaria_whole	cercaria	whole_organism	mixed	not_applicable	untreated	0	not_declared	1	SAMEA988623	cerc10a	lane_1	${HF_PROJECT_RUNTIME_ROOT}/fastq_ftp/ERR022872_1.fastq.gz	${HF_PROJECT_RUNTIME_ROOT}/fastq_ftp/ERR022872_2.fastq.gz	compatibility/quants/E-MTAB-451/cercaria_whole_r1/quant.sf	TRUE	cercaria	unknown		Readers	Smp_159100	Smp_159100	Smp_159100		protein_coding	SM_V10_Z	38200353	38228135	-	SM_V10_Z:38200353-38228135(-)	5.623745881277485	E-MTAB-451 | cercaria_whole_r1	E-MTAB-451 | not_declared | cercaria_whole | cercaria | whole_organism | mixed	cercaria_whole | cercaria | whole_organism | mixed	-0.3237748237335302
Smp_159100	E-MTAB-451__cercaria_whole_r2	31.723358	E-MTAB-451	cercaria_whole_r2	cercaria_whole_r2	ERR022877	cercaria_whole	cercaria	whole_organism	mixed	not_applicable	untreated	0	not_declared	2	SAMEA988624	cerc12	lane_1	${HF_PROJECT_RUNTIME_ROOT}/fastq_ftp/ERR022877_1.fastq.gz	${HF_PROJECT_RUNTIME_ROOT}/fastq_ftp/ERR022877_2.fastq.gz	compatibility/quants/E-MTAB-451/cercaria_whole_r2/quant.sf	TRUE	cercaria	unknown		Readers	Smp_159100	Smp_159100	Smp_159100		protein_coding	SM_V10_Z	38200353	38228135	-	SM_V10_Z:38200353-38228135(-)	5.032248896998601	E-MTAB-451 | cercaria_whole_r2	E-MTAB-451 | not_declared | cercaria_whole | cercaria | whole_organism | mixed	cercaria_whole | cercaria | whole_organism | mixed	-1.0749601945599767
Smp_159100	E-MTAB-451__cercaria_whole_r3	28.508399	E-MTAB-451	cercaria_whole_r3	cercaria_whole_r3	ERR022878	cercaria_whole	cercaria	whole_organism	mixed	not_applicable	untreated	0	not_declared	3	SAMEA988614	cerc13	lane_1	${HF_PROJECT_RUNTIME_ROOT}/fastq_ftp/ERR022878_1.fastq.gz	${HF_PROJECT_RUNTIME_ROOT}/fastq_ftp/ERR022878_2.fastq.gz	compatibility/quants/E-MTAB-451/cercaria_whole_r3/quant.sf	TRUE	cercaria	unknown		Readers	Smp_159100	Smp_159100	Smp_159100		protein_coding	SM_V10_Z	38200353	38228135	-	SM_V10_Z:38200353-38228135(-)	4.883053743294759	E-MTAB-451 | cercaria_whole_r3	E-MTAB-451 | not_declared | cercaria_whole | cercaria | whole_organism | mixed	cercaria_whole | cercaria | whole_organism | mixed	-1.2644340546797561
Smp_159100	E-MTAB-451__cercarial_tail_r1	27.712863	E-MTAB-451	cercarial_tail_r1	cercarial_tail_r1	ERR022875	cercarial_tail	cercaria	tail	mixed	not_applicable	untreated	0	not_declared	1	SAMEA988620	tail1	lane_1	${HF_PROJECT_RUNTIME_ROOT}/fastq_ftp/ERR022875_1.fastq.gz	${HF_PROJECT_RUNTIME_ROOT}/fastq_ftp/ERR022875_2.fastq.gz	compatibility/quants/E-MTAB-451/cercarial_tail_r1/quant.sf	TRUE	cercaria	unknown		Readers	Smp_159100	Smp_159100	Smp_159100		protein_coding	SM_V10_Z	38200353	38228135	-	SM_V10_Z:38200353-38228135(-)	4.8436252857588045	E-MTAB-451 | cercarial_tail_r1	E-MTAB-451 | not_declared | cercarial_tail | cercaria | tail | mixed	cercarial_tail | cercaria | tail | mixed	-1.3145071425947683
Smp_159100	E-MTAB-451__schistosomulum_24h_r1	73.38169	E-MTAB-451	schistosomulum_24h_r1	schistosomulum_24h_r1	ERR022880	schistosomulum_24h	schistosomulum_24h	whole_organism	mixed	not_applicable	untreated	24	not_declared	1	SAMEA988616	somule3	lane_1	${HF_PROJECT_RUNTIME_ROOT}/fastq_ftp/ERR022880_1.fastq.gz	${HF_PROJECT_RUNTIME_ROOT}/fastq_ftp/ERR022880_2.fastq.gz	compatibility/quants/E-MTAB-451/schistosomulum_24h_r1/quant.sf	TRUE	schistosomulum_24h	unknown		Readers	Smp_159100	Smp_159100	Smp_159100		protein_coding	SM_V10_Z	38200353	38228135	-	SM_V10_Z:38200353-38228135(-)	6.216875622172039	E-MTAB-451 | schistosomulum_24h_r1	E-MTAB-451 | not_declared | schistosomulum_24h | schistosomulum_24h | whole_organism | mixed	schistosomulum_24h | schistosomulum_24h | whole_organism | mixed	0.42948410438299495
Smp_159100	E-MTAB-451__schistosomulum_24h_r2	55.799608	E-MTAB-451	schistosomulum_24h_r2	schistosomulum_24h_r2	ERR022881	schistosomulum_24h	schistosomulum_24h	whole_organism	mixed	not_applicable	untreated	24	not_declared	2	SAMEA988622	somule4	lane_1	${HF_PROJECT_RUNTIME_ROOT}/fastq_ftp/ERR022881_1.fastq.gz	${HF_PROJECT_RUNTIME_ROOT}/fastq_ftp/ERR022881_2.fastq.gz	compatibility/quants/E-MTAB-451/schistosomulum_24h_r2/quant.sf	TRUE	schistosomulum_24h	unknown		Readers	Smp_159100	Smp_159100	Smp_159100		protein_coding	SM_V10_Z	38200353	38228135	-	SM_V10_Z:38200353-38228135(-)	5.827809067955215	E-MTAB-451 | schistosomulum_24h_r2	E-MTAB-451 | not_declared | schistosomulum_24h | schistosomulum_24h | whole_organism | mixed	schistosomulum_24h | schistosomulum_24h | whole_organism | mixed	-0.06462002729206162
Smp_159100	E-MTAB-451__schistosomulum_24h_r3	60.038064	E-MTAB-451	schistosomulum_24h_r3	schistosomulum_24h_r3	ERR022882	schistosomulum_24h	schistosomulum_24h	whole_organism	mixed	not_applicable	untreated	24	not_declared	3	SAMEA988619	somule5	lane_1	${HF_PROJECT_RUNTIME_ROOT}/fastq_ftp/ERR022882_1.fastq.gz	${HF_PROJECT_RUNTIME_ROOT}/fastq_ftp/ERR022882_2.fastq.gz	compatibility/quants/E-MTAB-451/schistosomulum_24h_r3/quant.sf	TRUE	schistosomulum_24h	unknown		Readers	Smp_159100	Smp_159100	Smp_159100		protein_coding	SM_V10_Z	38200353	38228135	-	SM_V10_Z:38200353-38228135(-)	5.931637298509778	E-MTAB-451 | schistosomulum_24h_r3	E-MTAB-451 | not_declared | schistosomulum_24h | schistosomulum_24h | whole_organism | mixed	schistosomulum_24h | schistosomulum_24h | whole_organism | mixed	0.0672390522034473
Smp_159100	E-MTAB-451__schistosomulum_24h_r4	67.417158	E-MTAB-451	schistosomulum_24h_r4	schistosomulum_24h_r4	ERR022883	schistosomulum_24h	schistosomulum_24h	whole_organism	mixed	not_applicable	untreated	24	not_declared	4	SAMEA988618	somule6	lane_1	${HF_PROJECT_RUNTIME_ROOT}/fastq_ftp/ERR022883_1.fastq.gz	${HF_PROJECT_RUNTIME_ROOT}/fastq_ftp/ERR022883_2.fastq.gz	compatibility/quants/E-MTAB-451/schistosomulum_24h_r4/quant.sf	TRUE	schistosomulum_24h	unknown		Readers	Smp_159100	Smp_159100	Smp_159100		protein_coding	SM_V10_Z	38200353	38228135	-	SM_V10_Z:38200353-38228135(-)	6.096286271713674	E-MTAB-451 | schistosomulum_24h_r4	E-MTAB-451 | not_declared | schistosomulum_24h | schistosomulum_24h | whole_organism | mixed	schistosomulum_24h | schistosomulum_24h | whole_organism | mixed	0.2763388503083307
Smp_159100	E-MTAB-451__schistosomulum_3h_r1	90.988523	E-MTAB-451	schistosomulum_3h_r1	schistosomulum_3h_r1	ERR022874	schistosomulum_3h	schistosomulum_3h	whole_organism	mixed	not_applicable	untreated	3	not_declared	1	SAMEA988621	somule1	lane_1	${HF_PROJECT_RUNTIME_ROOT}/fastq_ftp/ERR022874_1.fastq.gz	${HF_PROJECT_RUNTIME_ROOT}/fastq_ftp/ERR022874_2.fastq.gz	compatibility/quants/E-MTAB-451/schistosomulum_3h_r1/quant.sf	TRUE	schistosomulum_3h	unknown		Readers	Smp_159100	Smp_159100	Smp_159100		protein_coding	SM_V10_Z	38200353	38228135	-	SM_V10_Z:38200353-38228135(-)	6.5233819686237124	E-MTAB-451 | schistosomulum_3h_r1	E-MTAB-451 | not_declared | schistosomulum_3h | schistosomulum_3h | whole_organism | mixed	schistosomulum_3h | schistosomulum_3h | whole_organism | mixed	0.8187389774245831
Smp_159100	E-MTAB-451__schistosomulum_3h_r2	182.378556	E-MTAB-451	schistosomulum_3h_r2	schistosomulum_3h_r2	ERR022879	schistosomulum_3h	schistosomulum_3h	whole_organism	mixed	not_applicable	untreated	3	not_declared	2	SAMEA988617	somule2	lane_1	${HF_PROJECT_RUNTIME_ROOT}/fastq_ftp/ERR022879_1.fastq.gz	${HF_PROJECT_RUNTIME_ROOT}/fastq_ftp/ERR022879_2.fastq.gz	compatibility/quants/E-MTAB-451/schistosomulum_3h_r2/quant.sf	TRUE	schistosomulum_3h	unknown		Readers	Smp_159100	Smp_159100	Smp_159100		protein_coding	SM_V10_Z	38200353	38228135	-	SM_V10_Z:38200353-38228135(-)	7.518681132081426	E-MTAB-451 | schistosomulum_3h_r2	E-MTAB-451 | not_declared | schistosomulum_3h | schistosomulum_3h | whole_organism | mixed	schistosomulum_3h | schistosomulum_3h | whole_organism | mixed	2.0827423300312358
Smp_160700	E-MTAB-451__adult_mixed_r1	11.465906	E-MTAB-451	adult_mixed_r1	adult_mixed_r1	ERR022873	adult_mixed	adult	whole_organism	mixed	not_applicable	untreated	not_applicable	not_declared	1	SAMEA988615	adult2	lane_1	${HF_PROJECT_RUNTIME_ROOT}/fastq_ftp/ERR022873_1.fastq.gz	${HF_PROJECT_RUNTIME_ROOT}/fastq_ftp/ERR022873_2.fastq.gz	compatibility/quants/E-MTAB-451/adult_mixed_r1/quant.sf	TRUE	adult	unknown		Writers	Smp_160700	Smp_160700	Smp_160700		protein_coding	SM_V10_4	29548494	29578463	+	SM_V10_4:29548494-29578463(+)	3.6399158340511284	E-MTAB-451 | adult_mixed_r1	E-MTAB-451 | not_declared | adult_mixed | adult | whole_organism | mixed	adult_mixed | adult | whole_organism | mixed	-1.5475599886316593
Smp_160700	E-MTAB-451__cercaria_whole_r1	45.275733	E-MTAB-451	cercaria_whole_r1	cercaria_whole_r1	ERR022872	cercaria_whole	cercaria	whole_organism	mixed	not_applicable	untreated	0	not_declared	1	SAMEA988623	cerc10a	lane_1	${HF_PROJECT_RUNTIME_ROOT}/fastq_ftp/ERR022872_1.fastq.gz	${HF_PROJECT_RUNTIME_ROOT}/fastq_ftp/ERR022872_2.fastq.gz	compatibility/quants/E-MTAB-451/cercaria_whole_r1/quant.sf	TRUE	cercaria	unknown		Writers	Smp_160700	Smp_160700	Smp_160700		protein_coding	SM_V10_4	29548494	29578463	+	SM_V10_4:29548494-29578463(+)	5.5321839372163755	E-MTAB-451 | cercaria_whole_r1	E-MTAB-451 | not_declared | cercaria_whole | cercaria | whole_organism | mixed	cercaria_whole | cercaria | whole_organism | mixed	1.0352437298526258
Smp_160700	E-MTAB-451__cercaria_whole_r2	51.262851	E-MTAB-451	cercaria_whole_r2	cercaria_whole_r2	ERR022877	cercaria_whole	cercaria	whole_organism	mixed	not_applicable	untreated	0	not_declared	2	SAMEA988624	cerc12	lane_1	${HF_PROJECT_RUNTIME_ROOT}/fastq_ftp/ERR022877_1.fastq.gz	${HF_PROJECT_RUNTIME_ROOT}/fastq_ftp/ERR022877_2.fastq.gz	compatibility/quants/E-MTAB-451/cercaria_whole_r2/quant.sf	TRUE	cercaria	unknown		Writers	Smp_160700	Smp_160700	Smp_160700		protein_coding	SM_V10_4	29548494	29578463	+	SM_V10_4:29548494-29578463(+)	5.707713922403537	E-MTAB-451 | cercaria_whole_r2	E-MTAB-451 | not_declared | cercaria_whole | cercaria | whole_organism | mixed	cercaria_whole | cercaria | whole_organism | mixed	1.2748289649937483
Smp_160700	E-MTAB-451__cercaria_whole_r3	47.496229	E-MTAB-451	cercaria_whole_r3	cercaria_whole_r3	ERR022878	cercaria_whole	cercaria	whole_organism	mixed	not_applicable	untreated	0	not_declared	3	SAMEA988614	cerc13	lane_1	${HF_PROJECT_RUNTIME_ROOT}/fastq_ftp/ERR022878_1.fastq.gz	${HF_PROJECT_RUNTIME_ROOT}/fastq_ftp/ERR022878_2.fastq.gz	compatibility/quants/E-MTAB-451/cercaria_whole_r3/quant.sf	TRUE	cercaria	unknown		Writers	Smp_160700	Smp_160700	Smp_160700		protein_coding	SM_V10_4	29548494	29578463	+	SM_V10_4:29548494-29578463(+)	5.599800664568306	E-MTAB-451 | cercaria_whole_r3	E-MTAB-451 | not_declared | cercaria_whole | cercaria | whole_organism | mixed	cercaria_whole | cercaria | whole_organism | mixed	1.1275354799192145
Smp_160700	E-MTAB-451__cercarial_tail_r1	46.760224	E-MTAB-451	cercarial_tail_r1	cercarial_tail_r1	ERR022875	cercarial_tail	cercaria	tail	mixed	not_applicable	untreated	0	not_declared	1	SAMEA988620	tail1	lane_1	${HF_PROJECT_RUNTIME_ROOT}/fastq_ftp/ERR022875_1.fastq.gz	${HF_PROJECT_RUNTIME_ROOT}/fastq_ftp/ERR022875_2.fastq.gz	compatibility/quants/E-MTAB-451/cercarial_tail_r1/quant.sf	TRUE	cercaria	unknown		Writers	Smp_160700	Smp_160700	Smp_160700		protein_coding	SM_V10_4	29548494	29578463	+	SM_V10_4:29548494-29578463(+)	5.577737697883115	E-MTAB-451 | cercarial_tail_r1	E-MTAB-451 | not_declared | cercarial_tail | cercaria | tail | mixed	cercarial_tail | cercaria | tail | mixed	1.0974211888734646
Smp_160700	E-MTAB-451__schistosomulum_24h_r1	25.188339	E-MTAB-451	schistosomulum_24h_r1	schistosomulum_24h_r1	ERR022880	schistosomulum_24h	schistosomulum_24h	whole_organism	mixed	not_applicable	untreated	24	not_declared	1	SAMEA988616	somule3	lane_1	${HF_PROJECT_RUNTIME_ROOT}/fastq_ftp/ERR022880_1.fastq.gz	${HF_PROJECT_RUNTIME_ROOT}/fastq_ftp/ERR022880_2.fastq.gz	compatibility/quants/E-MTAB-451/schistosomulum_24h_r1/quant.sf	TRUE	schistosomulum_24h	unknown		Writers	Smp_160700	Smp_160700	Smp_160700		protein_coding	SM_V10_4	29548494	29578463	+	SM_V10_4:29548494-29578463(+)	4.710852654291232	E-MTAB-451 | schistosomulum_24h_r1	E-MTAB-451 | not_declared | schistosomulum_24h | schistosomulum_24h | whole_organism | mixed	schistosomulum_24h | schistosomulum_24h | whole_organism | mixed	-0.08581173163198713
Smp_160700	E-MTAB-451__schistosomulum_24h_r2	16.244445	E-MTAB-451	schistosomulum_24h_r2	schistosomulum_24h_r2	ERR022881	schistosomulum_24h	schistosomulum_24h	whole_organism	mixed	not_applicable	untreated	24	not_declared	2	SAMEA988622	somule4	lane_1	${HF_PROJECT_RUNTIME_ROOT}/fastq_ftp/ERR022881_1.fastq.gz	${HF_PROJECT_RUNTIME_ROOT}/fastq_ftp/ERR022881_2.fastq.gz	compatibility/quants/E-MTAB-451/schistosomulum_24h_r2/quant.sf	TRUE	schistosomulum_24h	unknown		Writers	Smp_160700	Smp_160700	Smp_160700		protein_coding	SM_V10_4	29548494	29578463	+	SM_V10_4:29548494-29578463(+)	4.10805979233603	E-MTAB-451 | schistosomulum_24h_r2	E-MTAB-451 | not_declared | schistosomulum_24h | schistosomulum_24h | whole_organism | mixed	schistosomulum_24h | schistosomulum_24h | whole_organism | mixed	-0.9085786760884415
Smp_160700	E-MTAB-451__schistosomulum_24h_r3	15.103058	E-MTAB-451	schistosomulum_24h_r3	schistosomulum_24h_r3	ERR022882	schistosomulum_24h	schistosomulum_24h	whole_organism	mixed	not_applicable	untreated	24	not_declared	3	SAMEA988619	somule5	lane_1	${HF_PROJECT_RUNTIME_ROOT}/fastq_ftp/ERR022882_1.fastq.gz	${HF_PROJECT_RUNTIME_ROOT}/fastq_ftp/ERR022882_2.fastq.gz	compatibility/quants/E-MTAB-451/schistosomulum_24h_r3/quant.sf	TRUE	schistosomulum_24h	unknown		Writers	Smp_160700	Smp_160700	Smp_160700		protein_coding	SM_V10_4	29548494	29578463	+	SM_V10_4:29548494-29578463(+)	4.009262779656308	E-MTAB-451 | schistosomulum_24h_r3	E-MTAB-451 | not_declared | schistosomulum_24h | schistosomulum_24h | whole_organism | mixed	schistosomulum_24h | schistosomulum_24h | whole_organism | mixed	-1.0434291717964697
Smp_160700	E-MTAB-451__schistosomulum_24h_r4	18.269208	E-MTAB-451	schistosomulum_24h_r4	schistosomulum_24h_r4	ERR022883	schistosomulum_24h	schistosomulum_24h	whole_organism	mixed	not_applicable	untreated	24	not_declared	4	SAMEA988618	somule6	lane_1	${HF_PROJECT_RUNTIME_ROOT}/fastq_ftp/ERR022883_1.fastq.gz	${HF_PROJECT_RUNTIME_ROOT}/fastq_ftp/ERR022883_2.fastq.gz	compatibility/quants/E-MTAB-451/schistosomulum_24h_r4/quant.sf	TRUE	schistosomulum_24h	unknown		Writers	Smp_160700	Smp_160700	Smp_160700		protein_coding	SM_V10_4	29548494	29578463	+	SM_V10_4:29548494-29578463(+)	4.268225370311663	E-MTAB-451 | schistosomulum_24h_r4	E-MTAB-451 | not_declared | schistosomulum_24h | schistosomulum_24h | whole_organism | mixed	schistosomulum_24h | schistosomulum_24h | whole_organism | mixed	-0.6899647018441554
Smp_160700	E-MTAB-451__schistosomulum_3h_r1	24.912886	E-MTAB-451	schistosomulum_3h_r1	schistosomulum_3h_r1	ERR022874	schistosomulum_3h	schistosomulum_3h	whole_organism	mixed	not_applicable	untreated	3	not_declared	1	SAMEA988621	somule1	lane_1	${HF_PROJECT_RUNTIME_ROOT}/fastq_ftp/ERR022874_1.fastq.gz	${HF_PROJECT_RUNTIME_ROOT}/fastq_ftp/ERR022874_2.fastq.gz	compatibility/quants/E-MTAB-451/schistosomulum_3h_r1/quant.sf	TRUE	schistosomulum_3h	unknown		Writers	Smp_160700	Smp_160700	Smp_160700		protein_coding	SM_V10_4	29548494	29578463	+	SM_V10_4:29548494-29578463(+)	4.6955977968593166	E-MTAB-451 | schistosomulum_3h_r1	E-MTAB-451 | not_declared | schistosomulum_3h | schistosomulum_3h | whole_organism | mixed	schistosomulum_3h | schistosomulum_3h | whole_organism | mixed	-0.10663346531454124
Smp_160700	E-MTAB-451__schistosomulum_3h_r2	24.309199	E-MTAB-451	schistosomulum_3h_r2	schistosomulum_3h_r2	ERR022879	schistosomulum_3h	schistosomulum_3h	whole_organism	mixed	not_applicable	untreated	3	not_declared	2	SAMEA988617	somule2	lane_1	${HF_PROJECT_RUNTIME_ROOT}/fastq_ftp/ERR022879_1.fastq.gz	${HF_PROJECT_RUNTIME_ROOT}/fastq_ftp/ERR022879_2.fastq.gz	compatibility/quants/E-MTAB-451/schistosomulum_3h_r2/quant.sf	TRUE	schistosomulum_3h	unknown		Writers	Smp_160700	Smp_160700	Smp_160700		protein_coding	SM_V10_4	29548494	29578463	+	SM_V10_4:29548494-29578463(+)	4.661589943820982	E-MTAB-451 | schistosomulum_3h_r2	E-MTAB-451 | not_declared | schistosomulum_3h | schistosomulum_3h | whole_organism | mixed	schistosomulum_3h | schistosomulum_3h | whole_organism | mixed	-0.15305162833179747
Smp_160810	E-MTAB-451__adult_mixed_r1	23.962045	E-MTAB-451	adult_mixed_r1	adult_mixed_r1	ERR022873	adult_mixed	adult	whole_organism	mixed	not_applicable	untreated	not_applicable	not_declared	1	SAMEA988615	adult2	lane_1	${HF_PROJECT_RUNTIME_ROOT}/fastq_ftp/ERR022873_1.fastq.gz	${HF_PROJECT_RUNTIME_ROOT}/fastq_ftp/ERR022873_2.fastq.gz	compatibility/quants/E-MTAB-451/adult_mixed_r1/quant.sf	TRUE	adult	unknown		Erasers	Smp_160810	Smp_160810	Smp_160810		protein_coding	SM_V10_1	30993683	31006348	-	SM_V10_1:30993683-31006348(-)	4.641664225822463	E-MTAB-451 | adult_mixed_r1	E-MTAB-451 | not_declared | adult_mixed | adult | whole_organism | mixed	adult_mixed | adult | whole_organism | mixed	-0.6773566746823908
Smp_160810	E-MTAB-451__cercaria_whole_r1	75.929209	E-MTAB-451	cercaria_whole_r1	cercaria_whole_r1	ERR022872	cercaria_whole	cercaria	whole_organism	mixed	not_applicable	untreated	0	not_declared	1	SAMEA988623	cerc10a	lane_1	${HF_PROJECT_RUNTIME_ROOT}/fastq_ftp/ERR022872_1.fastq.gz	${HF_PROJECT_RUNTIME_ROOT}/fastq_ftp/ERR022872_2.fastq.gz	compatibility/quants/E-MTAB-451/cercaria_whole_r1/quant.sf	TRUE	cercaria	unknown		Erasers	Smp_160810	Smp_160810	Smp_160810		protein_coding	SM_V10_1	30993683	31006348	-	SM_V10_1:30993683-31006348(-)	6.265459569257794	E-MTAB-451 | cercaria_whole_r1	E-MTAB-451 | not_declared | cercaria_whole | cercaria | whole_organism | mixed	cercaria_whole | cercaria | whole_organism | mixed	1.7440284923477871
Smp_160810	E-MTAB-451__cercaria_whole_r2	55.37797	E-MTAB-451	cercaria_whole_r2	cercaria_whole_r2	ERR022877	cercaria_whole	cercaria	whole_organism	mixed	not_applicable	untreated	0	not_declared	2	SAMEA988624	cerc12	lane_1	${HF_PROJECT_RUNTIME_ROOT}/fastq_ftp/ERR022877_1.fastq.gz	${HF_PROJECT_RUNTIME_ROOT}/fastq_ftp/ERR022877_2.fastq.gz	compatibility/quants/E-MTAB-451/cercaria_whole_r2/quant.sf	TRUE	cercaria	unknown		Erasers	Smp_160810	Smp_160810	Smp_160810		protein_coding	SM_V10_1	30993683	31006348	-	SM_V10_1:30993683-31006348(-)	5.817059626650634	E-MTAB-451 | cercaria_whole_r2	E-MTAB-451 | not_declared | cercaria_whole | cercaria | whole_organism | mixed	cercaria_whole | cercaria | whole_organism | mixed	1.0753795925245313
Smp_160810	E-MTAB-451__cercaria_whole_r3	49.980169	E-MTAB-451	cercaria_whole_r3	cercaria_whole_r3	ERR022878	cercaria_whole	cercaria	whole_organism	mixed	not_applicable	untreated	0	not_declared	3	SAMEA988614	cerc13	lane_1	${HF_PROJECT_RUNTIME_ROOT}/fastq_ftp/ERR022878_1.fastq.gz	${HF_PROJECT_RUNTIME_ROOT}/fastq_ftp/ERR022878_2.fastq.gz	compatibility/quants/E-MTAB-451/cercaria_whole_r3/quant.sf	TRUE	cercaria	unknown		Erasers	Smp_160810	Smp_160810	Smp_160810		protein_coding	SM_V10_1	30993683	31006348	-	SM_V10_1:30993683-31006348(-)	5.671864250810399	E-MTAB-451 | cercaria_whole_r3	E-MTAB-451 | not_declared | cercaria_whole | cercaria | whole_organism | mixed	cercaria_whole | cercaria | whole_organism | mixed	0.8588658977401135
Smp_160810	E-MTAB-451__cercarial_tail_r1	29.44429	E-MTAB-451	cercarial_tail_r1	cercarial_tail_r1	ERR022875	cercarial_tail	cercaria	tail	mixed	not_applicable	untreated	0	not_declared	1	SAMEA988620	tail1	lane_1	${HF_PROJECT_RUNTIME_ROOT}/fastq_ftp/ERR022875_1.fastq.gz	${HF_PROJECT_RUNTIME_ROOT}/fastq_ftp/ERR022875_2.fastq.gz	compatibility/quants/E-MTAB-451/cercarial_tail_r1/quant.sf	TRUE	cercaria	unknown		Erasers	Smp_160810	Smp_160810	Smp_160810		protein_coding	SM_V10_1	30993683	31006348	-	SM_V10_1:30993683-31006348(-)	4.928099762718238	E-MTAB-451 | cercarial_tail_r1	E-MTAB-451 | not_declared | cercarial_tail | cercaria | tail | mixed	cercarial_tail | cercaria | tail | mixed	-0.2502272564624666
Smp_160810	E-MTAB-451__schistosomulum_24h_r1	21.510925	E-MTAB-451	schistosomulum_24h_r1	schistosomulum_24h_r1	ERR022880	schistosomulum_24h	schistosomulum_24h	whole_organism	mixed	not_applicable	untreated	24	not_declared	1	SAMEA988616	somule3	lane_1	${HF_PROJECT_RUNTIME_ROOT}/fastq_ftp/ERR022880_1.fastq.gz	${HF_PROJECT_RUNTIME_ROOT}/fastq_ftp/ERR022880_2.fastq.gz	compatibility/quants/E-MTAB-451/schistosomulum_24h_r1/quant.sf	TRUE	schistosomulum_24h	unknown		Erasers	Smp_160810	Smp_160810	Smp_160810		protein_coding	SM_V10_1	30993683	31006348	-	SM_V10_1:30993683-31006348(-)	4.492553434908863	E-MTAB-451 | schistosomulum_24h_r1	E-MTAB-451 | not_declared | schistosomulum_24h | schistosomulum_24h | whole_organism | mixed	schistosomulum_24h | schistosomulum_24h | whole_organism | mixed	-0.8997089919383803
Smp_160810	E-MTAB-451__schistosomulum_24h_r2	18.500544	E-MTAB-451	schistosomulum_24h_r2	schistosomulum_24h_r2	ERR022881	schistosomulum_24h	schistosomulum_24h	whole_organism	mixed	not_applicable	untreated	24	not_declared	2	SAMEA988622	somule4	lane_1	${HF_PROJECT_RUNTIME_ROOT}/fastq_ftp/ERR022881_1.fastq.gz	${HF_PROJECT_RUNTIME_ROOT}/fastq_ftp/ERR022881_2.fastq.gz	compatibility/quants/E-MTAB-451/schistosomulum_24h_r2/quant.sf	TRUE	schistosomulum_24h	unknown		Erasers	Smp_160810	Smp_160810	Smp_160810		protein_coding	SM_V10_1	30993683	31006348	-	SM_V10_1:30993683-31006348(-)	4.285442465793281	E-MTAB-451 | schistosomulum_24h_r2	E-MTAB-451 | not_declared | schistosomulum_24h | schistosomulum_24h | whole_organism | mixed	schistosomulum_24h | schistosomulum_24h | whole_organism | mixed	-1.208550515947645
Smp_160810	E-MTAB-451__schistosomulum_24h_r3	21.330439	E-MTAB-451	schistosomulum_24h_r3	schistosomulum_24h_r3	ERR022882	schistosomulum_24h	schistosomulum_24h	whole_organism	mixed	not_applicable	untreated	24	not_declared	3	SAMEA988619	somule5	lane_1	${HF_PROJECT_RUNTIME_ROOT}/fastq_ftp/ERR022882_1.fastq.gz	${HF_PROJECT_RUNTIME_ROOT}/fastq_ftp/ERR022882_2.fastq.gz	compatibility/quants/E-MTAB-451/schistosomulum_24h_r3/quant.sf	TRUE	schistosomulum_24h	unknown		Erasers	Smp_160810	Smp_160810	Smp_160810		protein_coding	SM_V10_1	30993683	31006348	-	SM_V10_1:30993683-31006348(-)	4.480939708649513	E-MTAB-451 | schistosomulum_24h_r3	E-MTAB-451 | not_declared | schistosomulum_24h | schistosomulum_24h | whole_organism | mixed	schistosomulum_24h | schistosomulum_24h | whole_organism | mixed	-0.9170272485844705
Smp_160810	E-MTAB-451__schistosomulum_24h_r4	22.392099	E-MTAB-451	schistosomulum_24h_r4	schistosomulum_24h_r4	ERR022883	schistosomulum_24h	schistosomulum_24h	whole_organism	mixed	not_applicable	untreated	24	not_declared	4	SAMEA988618	somule6	lane_1	${HF_PROJECT_RUNTIME_ROOT}/fastq_ftp/ERR022883_1.fastq.gz	${HF_PROJECT_RUNTIME_ROOT}/fastq_ftp/ERR022883_2.fastq.gz	compatibility/quants/E-MTAB-451/schistosomulum_24h_r4/quant.sf	TRUE	schistosomulum_24h	unknown		Erasers	Smp_160810	Smp_160810	Smp_160810		protein_coding	SM_V10_1	30993683	31006348	-	SM_V10_1:30993683-31006348(-)	4.54794941707467	E-MTAB-451 | schistosomulum_24h_r4	E-MTAB-451 | not_declared | schistosomulum_24h | schistosomulum_24h | whole_organism | mixed	schistosomulum_24h | schistosomulum_24h | whole_organism | mixed	-0.8171031327261131
Smp_160810	E-MTAB-451__schistosomulum_3h_r1	49.439193	E-MTAB-451	schistosomulum_3h_r1	schistosomulum_3h_r1	ERR022874	schistosomulum_3h	schistosomulum_3h	whole_organism	mixed	not_applicable	untreated	3	not_declared	1	SAMEA988621	somule1	lane_1	${HF_PROJECT_RUNTIME_ROOT}/fastq_ftp/ERR022874_1.fastq.gz	${HF_PROJECT_RUNTIME_ROOT}/fastq_ftp/ERR022874_2.fastq.gz	compatibility/quants/E-MTAB-451/schistosomulum_3h_r1/quant.sf	TRUE	schistosomulum_3h	unknown		Erasers	Smp_160810	Smp_160810	Smp_160810		protein_coding	SM_V10_1	30993683	31006348	-	SM_V10_1:30993683-31006348(-)	5.656473288392281	E-MTAB-451 | schistosomulum_3h_r1	E-MTAB-451 | not_declared | schistosomulum_3h | schistosomulum_3h | whole_organism | mixed	schistosomulum_3h | schistosomulum_3h | whole_organism | mixed	0.83591506944995
Smp_160810	E-MTAB-451__schistosomulum_3h_r2	37.517294	E-MTAB-451	schistosomulum_3h_r2	schistosomulum_3h_r2	ERR022879	schistosomulum_3h	schistosomulum_3h	whole_organism	mixed	not_applicable	untreated	3	not_declared	2	SAMEA988617	somule2	lane_1	${HF_PROJECT_RUNTIME_ROOT}/fastq_ftp/ERR022879_1.fastq.gz	${HF_PROJECT_RUNTIME_ROOT}/fastq_ftp/ERR022879_2.fastq.gz	compatibility/quants/E-MTAB-451/schistosomulum_3h_r2/quant.sf	TRUE	schistosomulum_3h	unknown		Erasers	Smp_160810	Smp_160810	Smp_160810		protein_coding	SM_V10_1	30993683	31006348	-	SM_V10_1:30993683-31006348(-)	5.267434446305724	E-MTAB-451 | schistosomulum_3h_r2	E-MTAB-451 | not_declared | schistosomulum_3h | schistosomulum_3h | whole_organism | mixed	schistosomulum_3h | schistosomulum_3h | whole_organism | mixed	0.2557847682790857
Smp_161400	E-MTAB-451__adult_mixed_r1	8.55281	E-MTAB-451	adult_mixed_r1	adult_mixed_r1	ERR022873	adult_mixed	adult	whole_organism	mixed	not_applicable	untreated	not_applicable	not_declared	1	SAMEA988615	adult2	lane_1	${HF_PROJECT_RUNTIME_ROOT}/fastq_ftp/ERR022873_1.fastq.gz	${HF_PROJECT_RUNTIME_ROOT}/fastq_ftp/ERR022873_2.fastq.gz	compatibility/quants/E-MTAB-451/adult_mixed_r1/quant.sf	TRUE	adult	unknown		Erasers	Smp_161400	Smp_161400	Smp_161400		protein_coding	SM_V10_1	69695479	69742579	+	SM_V10_1:69695479-69742579(+)	3.2559251705054177	E-MTAB-451 | adult_mixed_r1	E-MTAB-451 | not_declared | adult_mixed | adult | whole_organism | mixed	adult_mixed | adult | whole_organism | mixed	-0.636715811928103
Smp_161400	E-MTAB-451__cercaria_whole_r1	5.856874	E-MTAB-451	cercaria_whole_r1	cercaria_whole_r1	ERR022872	cercaria_whole	cercaria	whole_organism	mixed	not_applicable	untreated	0	not_declared	1	SAMEA988623	cerc10a	lane_1	${HF_PROJECT_RUNTIME_ROOT}/fastq_ftp/ERR022872_1.fastq.gz	${HF_PROJECT_RUNTIME_ROOT}/fastq_ftp/ERR022872_2.fastq.gz	compatibility/quants/E-MTAB-451/cercaria_whole_r1/quant.sf	TRUE	cercaria	unknown		Erasers	Smp_161400	Smp_161400	Smp_161400		protein_coding	SM_V10_1	69695479	69742579	+	SM_V10_1:69695479-69742579(+)	2.7775510118865387	E-MTAB-451 | cercaria_whole_r1	E-MTAB-451 | not_declared | cercaria_whole | cercaria | whole_organism | mixed	cercaria_whole | cercaria | whole_organism | mixed	-0.9899892895732919
Smp_161400	E-MTAB-451__cercaria_whole_r2	7.0076	E-MTAB-451	cercaria_whole_r2	cercaria_whole_r2	ERR022877	cercaria_whole	cercaria	whole_organism	mixed	not_applicable	untreated	0	not_declared	2	SAMEA988624	cerc12	lane_1	${HF_PROJECT_RUNTIME_ROOT}/fastq_ftp/ERR022877_1.fastq.gz	${HF_PROJECT_RUNTIME_ROOT}/fastq_ftp/ERR022877_2.fastq.gz	compatibility/quants/E-MTAB-451/cercaria_whole_r2/quant.sf	TRUE	cercaria	unknown		Erasers	Smp_161400	Smp_161400	Smp_161400		protein_coding	SM_V10_1	69695479	69742579	+	SM_V10_1:69695479-69742579(+)	3.001369909684724	E-MTAB-451 | cercaria_whole_r2	E-MTAB-451 | not_declared | cercaria_whole | cercaria | whole_organism | mixed	cercaria_whole | cercaria | whole_organism | mixed	-0.8247017652300873
Smp_161400	E-MTAB-451__cercaria_whole_r3	6.667589	E-MTAB-451	cercaria_whole_r3	cercaria_whole_r3	ERR022878	cercaria_whole	cercaria	whole_organism	mixed	not_applicable	untreated	0	not_declared	3	SAMEA988614	cerc13	lane_1	${HF_PROJECT_RUNTIME_ROOT}/fastq_ftp/ERR022878_1.fastq.gz	${HF_PROJECT_RUNTIME_ROOT}/fastq_ftp/ERR022878_2.fastq.gz	compatibility/quants/E-MTAB-451/cercaria_whole_r3/quant.sf	TRUE	cercaria	unknown		Erasers	Smp_161400	Smp_161400	Smp_161400		protein_coding	SM_V10_1	69695479	69742579	+	SM_V10_1:69695479-69742579(+)	2.9387730073825393	E-MTAB-451 | cercaria_whole_r3	E-MTAB-451 | not_declared | cercaria_whole | cercaria | whole_organism | mixed	cercaria_whole | cercaria | whole_organism | mixed	-0.8709288135931386
Smp_161400	E-MTAB-451__cercarial_tail_r1	2.73443	E-MTAB-451	cercarial_tail_r1	cercarial_tail_r1	ERR022875	cercarial_tail	cercaria	tail	mixed	not_applicable	untreated	0	not_declared	1	SAMEA988620	tail1	lane_1	${HF_PROJECT_RUNTIME_ROOT}/fastq_ftp/ERR022875_1.fastq.gz	${HF_PROJECT_RUNTIME_ROOT}/fastq_ftp/ERR022875_2.fastq.gz	compatibility/quants/E-MTAB-451/cercarial_tail_r1/quant.sf	TRUE	cercaria	unknown		Erasers	Smp_161400	Smp_161400	Smp_161400		protein_coding	SM_V10_1	69695479	69742579	+	SM_V10_1:69695479-69742579(+)	1.9008880558851324	E-MTAB-451 | cercarial_tail_r1	E-MTAB-451 | not_declared | cercarial_tail | cercaria | tail | mixed	cercarial_tail | cercaria | tail | mixed	-1.6373941830221197
Smp_161400	E-MTAB-451__schistosomulum_24h_r1	41.378763	E-MTAB-451	schistosomulum_24h_r1	schistosomulum_24h_r1	ERR022880	schistosomulum_24h	schistosomulum_24h	whole_organism	mixed	not_applicable	untreated	24	not_declared	1	SAMEA988616	somule3	lane_1	${HF_PROJECT_RUNTIME_ROOT}/fastq_ftp/ERR022880_1.fastq.gz	${HF_PROJECT_RUNTIME_ROOT}/fastq_ftp/ERR022880_2.fastq.gz	compatibility/quants/E-MTAB-451/schistosomulum_24h_r1/quant.sf	TRUE	schistosomulum_24h	unknown		Erasers	Smp_161400	Smp_161400	Smp_161400		protein_coding	SM_V10_1	69695479	69742579	+	SM_V10_1:69695479-69742579(+)	5.405269572172457	E-MTAB-451 | schistosomulum_24h_r1	E-MTAB-451 | not_declared | schistosomulum_24h | schistosomulum_24h | whole_organism | mixed	schistosomulum_24h | schistosomulum_24h | whole_organism | mixed	0.9505487962320387
Smp_161400	E-MTAB-451__schistosomulum_24h_r2	33.100793	E-MTAB-451	schistosomulum_24h_r2	schistosomulum_24h_r2	ERR022881	schistosomulum_24h	schistosomulum_24h	whole_organism	mixed	not_applicable	untreated	24	not_declared	2	SAMEA988622	somule4	lane_1	${HF_PROJECT_RUNTIME_ROOT}/fastq_ftp/ERR022881_1.fastq.gz	${HF_PROJECT_RUNTIME_ROOT}/fastq_ftp/ERR022881_2.fastq.gz	compatibility/quants/E-MTAB-451/schistosomulum_24h_r2/quant.sf	TRUE	schistosomulum_24h	unknown		Erasers	Smp_161400	Smp_161400	Smp_161400		protein_coding	SM_V10_1	69695479	69742579	+	SM_V10_1:69695479-69742579(+)	5.091733383810271	E-MTAB-451 | schistosomulum_24h_r2	E-MTAB-451 | not_declared | schistosomulum_24h | schistosomulum_24h | whole_organism | mixed	schistosomulum_24h | schistosomulum_24h | whole_organism | mixed	0.7190061477952697
Smp_161400	E-MTAB-451__schistosomulum_24h_r3	36.595212	E-MTAB-451	schistosomulum_24h_r3	schistosomulum_24h_r3	ERR022882	schistosomulum_24h	schistosomulum_24h	whole_organism	mixed	not_applicable	untreated	24	not_declared	3	SAMEA988619	somule5	lane_1	${HF_PROJECT_RUNTIME_ROOT}/fastq_ftp/ERR022882_1.fastq.gz	${HF_PROJECT_RUNTIME_ROOT}/fastq_ftp/ERR022882_2.fastq.gz	compatibility/quants/E-MTAB-451/schistosomulum_24h_r3/quant.sf	TRUE	schistosomulum_24h	unknown		Erasers	Smp_161400	Smp_161400	Smp_161400		protein_coding	SM_V10_1	69695479	69742579	+	SM_V10_1:69695479-69742579(+)	5.232477031691791	E-MTAB-451 | schistosomulum_24h_r3	E-MTAB-451 | not_declared | schistosomulum_24h | schistosomulum_24h | whole_organism | mixed	schistosomulum_24h | schistosomulum_24h | whole_organism | mixed	0.822943613997718
Smp_161400	E-MTAB-451__schistosomulum_24h_r4	38.079535	E-MTAB-451	schistosomulum_24h_r4	schistosomulum_24h_r4	ERR022883	schistosomulum_24h	schistosomulum_24h	whole_organism	mixed	not_applicable	untreated	24	not_declared	4	SAMEA988618	somule6	lane_1	${HF_PROJECT_RUNTIME_ROOT}/fastq_ftp/ERR022883_1.fastq.gz	${HF_PROJECT_RUNTIME_ROOT}/fastq_ftp/ERR022883_2.fastq.gz	compatibility/quants/E-MTAB-451/schistosomulum_24h_r4/quant.sf	TRUE	schistosomulum_24h	unknown		Erasers	Smp_161400	Smp_161400	Smp_161400		protein_coding	SM_V10_1	69695479	69742579	+	SM_V10_1:69695479-69742579(+)	5.2883413959402015	E-MTAB-451 | schistosomulum_24h_r4	E-MTAB-451 | not_declared | schistosomulum_24h | schistosomulum_24h | whole_organism | mixed	schistosomulum_24h | schistosomulum_24h | whole_organism | mixed	0.864198765177815
Smp_161400	E-MTAB-451__schistosomulum_3h_r1	23.670201	E-MTAB-451	schistosomulum_3h_r1	schistosomulum_3h_r1	ERR022874	schistosomulum_3h	schistosomulum_3h	whole_organism	mixed	not_applicable	untreated	3	not_declared	1	SAMEA988621	somule1	lane_1	${HF_PROJECT_RUNTIME_ROOT}/fastq_ftp/ERR022874_1.fastq.gz	${HF_PROJECT_RUNTIME_ROOT}/fastq_ftp/ERR022874_2.fastq.gz	compatibility/quants/E-MTAB-451/schistosomulum_3h_r1/quant.sf	TRUE	schistosomulum_3h	unknown		Erasers	Smp_161400	Smp_161400	Smp_161400		protein_coding	SM_V10_1	69695479	69742579	+	SM_V10_1:69695479-69742579(+)	4.624697564904073	E-MTAB-451 | schistosomulum_3h_r1	E-MTAB-451 | not_declared | schistosomulum_3h | schistosomulum_3h | whole_organism | mixed	schistosomulum_3h | schistosomulum_3h | whole_organism | mixed	0.37410589564492325
Smp_161400	E-MTAB-451__schistosomulum_3h_r2	54.033042	E-MTAB-451	schistosomulum_3h_r2	schistosomulum_3h_r2	ERR022879	schistosomulum_3h	schistosomulum_3h	whole_organism	mixed	not_applicable	untreated	3	not_declared	2	SAMEA988617	somule2	lane_1	${HF_PROJECT_RUNTIME_ROOT}/fastq_ftp/ERR022879_1.fastq.gz	${HF_PROJECT_RUNTIME_ROOT}/fastq_ftp/ERR022879_2.fastq.gz	compatibility/quants/E-MTAB-451/schistosomulum_3h_r2/quant.sf	TRUE	schistosomulum_3h	unknown		Erasers	Smp_161400	Smp_161400	Smp_161400		protein_coding	SM_V10_1	69695479	69742579	+	SM_V10_1:69695479-69742579(+)	5.782226172001267	E-MTAB-451 | schistosomulum_3h_r2	E-MTAB-451 | not_declared | schistosomulum_3h | schistosomulum_3h | whole_organism | mixed	schistosomulum_3h | schistosomulum_3h | whole_organism | mixed	1.228926644498975
Smp_162940	E-MTAB-451__adult_mixed_r1	7.09883	E-MTAB-451	adult_mixed_r1	adult_mixed_r1	ERR022873	adult_mixed	adult	whole_organism	mixed	not_applicable	untreated	not_applicable	not_declared	1	SAMEA988615	adult2	lane_1	${HF_PROJECT_RUNTIME_ROOT}/fastq_ftp/ERR022873_1.fastq.gz	${HF_PROJECT_RUNTIME_ROOT}/fastq_ftp/ERR022873_2.fastq.gz	compatibility/quants/E-MTAB-451/adult_mixed_r1/quant.sf	TRUE	adult	unknown		Erasers	Smp_162940	Smp_162940	Smp_162940		protein_coding	SM_V10_Z	82627815	82646793	-	SM_V10_Z:82627815-82646793(-)	3.017713503661792	E-MTAB-451 | adult_mixed_r1	E-MTAB-451 | not_declared | adult_mixed | adult | whole_organism | mixed	adult_mixed | adult | whole_organism | mixed	0.48964424342538054
Smp_162940	E-MTAB-451__cercaria_whole_r1	3.193343	E-MTAB-451	cercaria_whole_r1	cercaria_whole_r1	ERR022872	cercaria_whole	cercaria	whole_organism	mixed	not_applicable	untreated	0	not_declared	1	SAMEA988623	cerc10a	lane_1	${HF_PROJECT_RUNTIME_ROOT}/fastq_ftp/ERR022872_1.fastq.gz	${HF_PROJECT_RUNTIME_ROOT}/fastq_ftp/ERR022872_2.fastq.gz	compatibility/quants/E-MTAB-451/cercaria_whole_r1/quant.sf	TRUE	cercaria	unknown		Erasers	Smp_162940	Smp_162940	Smp_162940		protein_coding	SM_V10_Z	82627815	82646793	-	SM_V10_Z:82627815-82646793(-)	2.0681008421471576	E-MTAB-451 | cercaria_whole_r1	E-MTAB-451 | not_declared | cercaria_whole | cercaria | whole_organism | mixed	cercaria_whole | cercaria | whole_organism | mixed	-0.6041250263453277
Smp_162940	E-MTAB-451__cercaria_whole_r2	2.461518	E-MTAB-451	cercaria_whole_r2	cercaria_whole_r2	ERR022877	cercaria_whole	cercaria	whole_organism	mixed	not_applicable	untreated	0	not_declared	2	SAMEA988624	cerc12	lane_1	${HF_PROJECT_RUNTIME_ROOT}/fastq_ftp/ERR022877_1.fastq.gz	${HF_PROJECT_RUNTIME_ROOT}/fastq_ftp/ERR022877_2.fastq.gz	compatibility/quants/E-MTAB-451/cercaria_whole_r2/quant.sf	TRUE	cercaria	unknown		Erasers	Smp_162940	Smp_162940	Smp_162940		protein_coding	SM_V10_Z	82627815	82646793	-	SM_V10_Z:82627815-82646793(-)	1.7914048502326916	E-MTAB-451 | cercaria_whole_r2	E-MTAB-451 | not_declared | cercaria_whole | cercaria | whole_organism | mixed	cercaria_whole | cercaria | whole_organism | mixed	-0.9228250450898686
Smp_162940	E-MTAB-451__cercaria_whole_r3	1.806749	E-MTAB-451	cercaria_whole_r3	cercaria_whole_r3	ERR022878	cercaria_whole	cercaria	whole_organism	mixed	not_applicable	untreated	0	not_declared	3	SAMEA988614	cerc13	lane_1	${HF_PROJECT_RUNTIME_ROOT}/fastq_ftp/ERR022878_1.fastq.gz	${HF_PROJECT_RUNTIME_ROOT}/fastq_ftp/ERR022878_2.fastq.gz	compatibility/quants/E-MTAB-451/cercaria_whole_r3/quant.sf	TRUE	cercaria	unknown		Erasers	Smp_162940	Smp_162940	Smp_162940		protein_coding	SM_V10_Z	82627815	82646793	-	SM_V10_Z:82627815-82646793(-)	1.4889000532888663	E-MTAB-451 | cercaria_whole_r3	E-MTAB-451 | not_declared | cercaria_whole | cercaria | whole_organism | mixed	cercaria_whole | cercaria | whole_organism | mixed	-1.2712517923992874
Smp_162940	E-MTAB-451__cercarial_tail_r1	1.586182	E-MTAB-451	cercarial_tail_r1	cercarial_tail_r1	ERR022875	cercarial_tail	cercaria	tail	mixed	not_applicable	untreated	0	not_declared	1	SAMEA988620	tail1	lane_1	${HF_PROJECT_RUNTIME_ROOT}/fastq_ftp/ERR022875_1.fastq.gz	${HF_PROJECT_RUNTIME_ROOT}/fastq_ftp/ERR022875_2.fastq.gz	compatibility/quants/E-MTAB-451/cercarial_tail_r1/quant.sf	TRUE	cercaria	unknown		Erasers	Smp_162940	Smp_162940	Smp_162940		protein_coding	SM_V10_Z	82627815	82646793	-	SM_V10_Z:82627815-82646793(-)	1.3708238069571987	E-MTAB-451 | cercarial_tail_r1	E-MTAB-451 | not_declared | cercarial_tail | cercaria | tail | mixed	cercarial_tail | cercaria | tail | mixed	-1.4072526851437699
Smp_162940	E-MTAB-451__schistosomulum_24h_r1	11.878998	E-MTAB-451	schistosomulum_24h_r1	schistosomulum_24h_r1	ERR022880	schistosomulum_24h	schistosomulum_24h	whole_organism	mixed	not_applicable	untreated	24	not_declared	1	SAMEA988616	somule3	lane_1	${HF_PROJECT_RUNTIME_ROOT}/fastq_ftp/ERR022880_1.fastq.gz	${HF_PROJECT_RUNTIME_ROOT}/fastq_ftp/ERR022880_2.fastq.gz	compatibility/quants/E-MTAB-451/schistosomulum_24h_r1/quant.sf	TRUE	schistosomulum_24h	unknown		Erasers	Smp_162940	Smp_162940	Smp_162940		protein_coding	SM_V10_Z	82627815	82646793	-	SM_V10_Z:82627815-82646793(-)	3.6869484494685123	E-MTAB-451 | schistosomulum_24h_r1	E-MTAB-451 | not_declared | schistosomulum_24h | schistosomulum_24h | whole_organism | mixed	schistosomulum_24h | schistosomulum_24h | whole_organism | mixed	1.2604728640258396
Smp_162940	E-MTAB-451__schistosomulum_24h_r2	9.981168	E-MTAB-451	schistosomulum_24h_r2	schistosomulum_24h_r2	ERR022881	schistosomulum_24h	schistosomulum_24h	whole_organism	mixed	not_applicable	untreated	24	not_declared	2	SAMEA988622	somule4	lane_1	${HF_PROJECT_RUNTIME_ROOT}/fastq_ftp/ERR022881_1.fastq.gz	${HF_PROJECT_RUNTIME_ROOT}/fastq_ftp/ERR022881_2.fastq.gz	compatibility/quants/E-MTAB-451/schistosomulum_24h_r2/quant.sf	TRUE	schistosomulum_24h	unknown		Erasers	Smp_162940	Smp_162940	Smp_162940		protein_coding	SM_V10_Z	82627815	82646793	-	SM_V10_Z:82627815-82646793(-)	3.4569596080819656	E-MTAB-451 | schistosomulum_24h_r2	E-MTAB-451 | not_declared | schistosomulum_24h | schistosomulum_24h | whole_organism | mixed	schistosomulum_24h | schistosomulum_24h | whole_organism | mixed	0.9955704071677516
Smp_162940	E-MTAB-451__schistosomulum_24h_r3	9.55638	E-MTAB-451	schistosomulum_24h_r3	schistosomulum_24h_r3	ERR022882	schistosomulum_24h	schistosomulum_24h	whole_organism	mixed	not_applicable	untreated	24	not_declared	3	SAMEA988619	somule5	lane_1	${HF_PROJECT_RUNTIME_ROOT}/fastq_ftp/ERR022882_1.fastq.gz	${HF_PROJECT_RUNTIME_ROOT}/fastq_ftp/ERR022882_2.fastq.gz	compatibility/quants/E-MTAB-451/schistosomulum_24h_r3/quant.sf	TRUE	schistosomulum_24h	unknown		Erasers	Smp_162940	Smp_162940	Smp_162940		protein_coding	SM_V10_Z	82627815	82646793	-	SM_V10_Z:82627815-82646793(-)	3.400043284564158	E-MTAB-451 | schistosomulum_24h_r3	E-MTAB-451 | not_declared | schistosomulum_24h | schistosomulum_24h | whole_organism | mixed	schistosomulum_24h | schistosomulum_24h | whole_organism | mixed	0.9300138617097209
Smp_162940	E-MTAB-451__schistosomulum_24h_r4	10.255494	E-MTAB-451	schistosomulum_24h_r4	schistosomulum_24h_r4	ERR022883	schistosomulum_24h	schistosomulum_24h	whole_organism	mixed	not_applicable	untreated	24	not_declared	4	SAMEA988618	somule6	lane_1	${HF_PROJECT_RUNTIME_ROOT}/fastq_ftp/ERR022883_1.fastq.gz	${HF_PROJECT_RUNTIME_ROOT}/fastq_ftp/ERR022883_2.fastq.gz	compatibility/quants/E-MTAB-451/schistosomulum_24h_r4/quant.sf	TRUE	schistosomulum_24h	unknown		Erasers	Smp_162940	Smp_162940	Smp_162940		protein_coding	SM_V10_Z	82627815	82646793	-	SM_V10_Z:82627815-82646793(-)	3.4925574724888557	E-MTAB-451 | schistosomulum_24h_r4	E-MTAB-451 | not_declared | schistosomulum_24h | schistosomulum_24h | whole_organism | mixed	schistosomulum_24h | schistosomulum_24h | whole_organism | mixed	1.036572230053746
Smp_162940	E-MTAB-451__schistosomulum_3h_r1	3.102925	E-MTAB-451	schistosomulum_3h_r1	schistosomulum_3h_r1	ERR022874	schistosomulum_3h	schistosomulum_3h	whole_organism	mixed	not_applicable	untreated	3	not_declared	1	SAMEA988621	somule1	lane_1	${HF_PROJECT_RUNTIME_ROOT}/fastq_ftp/ERR022874_1.fastq.gz	${HF_PROJECT_RUNTIME_ROOT}/fastq_ftp/ERR022874_2.fastq.gz	compatibility/quants/E-MTAB-451/schistosomulum_3h_r1/quant.sf	TRUE	schistosomulum_3h	unknown		Erasers	Smp_162940	Smp_162940	Smp_162940		protein_coding	SM_V10_Z	82627815	82646793	-	SM_V10_Z:82627815-82646793(-)	2.0366527825226712	E-MTAB-451 | schistosomulum_3h_r1	E-MTAB-451 | not_declared | schistosomulum_3h | schistosomulum_3h | whole_organism | mixed	schistosomulum_3h | schistosomulum_3h | whole_organism | mixed	-0.6403470804577034
Smp_162940	E-MTAB-451__schistosomulum_3h_r2	5.536565	E-MTAB-451	schistosomulum_3h_r2	schistosomulum_3h_r2	ERR022879	schistosomulum_3h	schistosomulum_3h	whole_organism	mixed	not_applicable	untreated	3	not_declared	2	SAMEA988617	somule2	lane_1	${HF_PROJECT_RUNTIME_ROOT}/fastq_ftp/ERR022879_1.fastq.gz	${HF_PROJECT_RUNTIME_ROOT}/fastq_ftp/ERR022879_2.fastq.gz	compatibility/quants/E-MTAB-451/schistosomulum_3h_r2/quant.sf	TRUE	schistosomulum_3h	unknown		Erasers	Smp_162940	Smp_162940	Smp_162940		protein_coding	SM_V10_Z	82627815	82646793	-	SM_V10_Z:82627815-82646793(-)	2.7085326908686596	E-MTAB-451 | schistosomulum_3h_r2	E-MTAB-451 | not_declared | schistosomulum_3h | schistosomulum_3h | whole_organism | mixed	schistosomulum_3h | schistosomulum_3h | whole_organism | mixed	0.13352802305351588
Smp_165000	E-MTAB-451__adult_mixed_r1	11.163295	E-MTAB-451	adult_mixed_r1	adult_mixed_r1	ERR022873	adult_mixed	adult	whole_organism	mixed	not_applicable	untreated	not_applicable	not_declared	1	SAMEA988615	adult2	lane_1	${HF_PROJECT_RUNTIME_ROOT}/fastq_ftp/ERR022873_1.fastq.gz	${HF_PROJECT_RUNTIME_ROOT}/fastq_ftp/ERR022873_2.fastq.gz	compatibility/quants/E-MTAB-451/adult_mixed_r1/quant.sf	TRUE	adult	unknown		Writers	Smp_165000	Smp_165000	Smp_165000		protein_coding	SM_V10_6	7073719	7119095	-	SM_V10_6:7073719-7119095(-)	3.6044621983582323	E-MTAB-451 | adult_mixed_r1	E-MTAB-451 | not_declared | adult_mixed | adult | whole_organism | mixed	adult_mixed | adult | whole_organism | mixed	-1.8412763245868016
Smp_165000	E-MTAB-451__cercaria_whole_r1	29.556486	E-MTAB-451	cercaria_whole_r1	cercaria_whole_r1	ERR022872	cercaria_whole	cercaria	whole_organism	mixed	not_applicable	untreated	0	not_declared	1	SAMEA988623	cerc10a	lane_1	${HF_PROJECT_RUNTIME_ROOT}/fastq_ftp/ERR022872_1.fastq.gz	${HF_PROJECT_RUNTIME_ROOT}/fastq_ftp/ERR022872_2.fastq.gz	compatibility/quants/E-MTAB-451/cercaria_whole_r1/quant.sf	TRUE	cercaria	unknown		Writers	Smp_165000	Smp_165000	Smp_165000		protein_coding	SM_V10_6	7073719	7119095	-	SM_V10_6:7073719-7119095(-)	4.933406737676384	E-MTAB-451 | cercaria_whole_r1	E-MTAB-451 | not_declared | cercaria_whole | cercaria | whole_organism | mixed	cercaria_whole | cercaria | whole_organism | mixed	-0.24614055487687167
Smp_165000	E-MTAB-451__cercaria_whole_r2	25.323905	E-MTAB-451	cercaria_whole_r2	cercaria_whole_r2	ERR022877	cercaria_whole	cercaria	whole_organism	mixed	not_applicable	untreated	0	not_declared	2	SAMEA988624	cerc12	lane_1	${HF_PROJECT_RUNTIME_ROOT}/fastq_ftp/ERR022877_1.fastq.gz	${HF_PROJECT_RUNTIME_ROOT}/fastq_ftp/ERR022877_2.fastq.gz	compatibility/quants/E-MTAB-451/cercaria_whole_r2/quant.sf	TRUE	cercaria	unknown		Writers	Smp_165000	Smp_165000	Smp_165000		protein_coding	SM_V10_6	7073719	7119095	-	SM_V10_6:7073719-7119095(-)	4.718301615352945	E-MTAB-451 | cercaria_whole_r2	E-MTAB-451 | not_declared | cercaria_whole | cercaria | whole_organism | mixed	cercaria_whole | cercaria | whole_organism | mixed	-0.5043318222430738
Smp_165000	E-MTAB-451__cercaria_whole_r3	23.646739	E-MTAB-451	cercaria_whole_r3	cercaria_whole_r3	ERR022878	cercaria_whole	cercaria	whole_organism	mixed	not_applicable	untreated	0	not_declared	3	SAMEA988614	cerc13	lane_1	${HF_PROJECT_RUNTIME_ROOT}/fastq_ftp/ERR022878_1.fastq.gz	${HF_PROJECT_RUNTIME_ROOT}/fastq_ftp/ERR022878_2.fastq.gz	compatibility/quants/E-MTAB-451/cercaria_whole_r3/quant.sf	TRUE	cercaria	unknown		Writers	Smp_165000	Smp_165000	Smp_165000		protein_coding	SM_V10_6	7073719	7119095	-	SM_V10_6:7073719-7119095(-)	4.623324871723882	E-MTAB-451 | cercaria_whole_r3	E-MTAB-451 | not_declared | cercaria_whole | cercaria | whole_organism | mixed	cercaria_whole | cercaria | whole_organism | mixed	-0.6183326677042544
Smp_165000	E-MTAB-451__cercarial_tail_r1	17.846392	E-MTAB-451	cercarial_tail_r1	cercarial_tail_r1	ERR022875	cercarial_tail	cercaria	tail	mixed	not_applicable	untreated	0	not_declared	1	SAMEA988620	tail1	lane_1	${HF_PROJECT_RUNTIME_ROOT}/fastq_ftp/ERR022875_1.fastq.gz	${HF_PROJECT_RUNTIME_ROOT}/fastq_ftp/ERR022875_2.fastq.gz	compatibility/quants/E-MTAB-451/cercarial_tail_r1/quant.sf	TRUE	cercaria	unknown		Writers	Smp_165000	Smp_165000	Smp_165000		protein_coding	SM_V10_6	7073719	7119095	-	SM_V10_6:7073719-7119095(-)	4.236216451700765	E-MTAB-451 | cercarial_tail_r1	E-MTAB-451 | not_declared | cercarial_tail | cercaria | tail | mixed	cercarial_tail | cercaria | tail | mixed	-1.0829799643112201
Smp_165000	E-MTAB-451__schistosomulum_24h_r1	66.081976	E-MTAB-451	schistosomulum_24h_r1	schistosomulum_24h_r1	ERR022880	schistosomulum_24h	schistosomulum_24h	whole_organism	mixed	not_applicable	untreated	24	not_declared	1	SAMEA988616	somule3	lane_1	${HF_PROJECT_RUNTIME_ROOT}/fastq_ftp/ERR022880_1.fastq.gz	${HF_PROJECT_RUNTIME_ROOT}/fastq_ftp/ERR022880_2.fastq.gz	compatibility/quants/E-MTAB-451/schistosomulum_24h_r1/quant.sf	TRUE	schistosomulum_24h	unknown		Writers	Smp_165000	Smp_165000	Smp_165000		protein_coding	SM_V10_6	7073719	7119095	-	SM_V10_6:7073719-7119095(-)	6.067853281157147	E-MTAB-451 | schistosomulum_24h_r1	E-MTAB-451 | not_declared | schistosomulum_24h | schistosomulum_24h | whole_organism | mixed	schistosomulum_24h | schistosomulum_24h | whole_organism | mixed	1.1155387378183792
Smp_165000	E-MTAB-451__schistosomulum_24h_r2	49.646666	E-MTAB-451	schistosomulum_24h_r2	schistosomulum_24h_r2	ERR022881	schistosomulum_24h	schistosomulum_24h	whole_organism	mixed	not_applicable	untreated	24	not_declared	2	SAMEA988622	somule4	lane_1	${HF_PROJECT_RUNTIME_ROOT}/fastq_ftp/ERR022881_1.fastq.gz	${HF_PROJECT_RUNTIME_ROOT}/fastq_ftp/ERR022881_2.fastq.gz	compatibility/quants/E-MTAB-451/schistosomulum_24h_r2/quant.sf	TRUE	schistosomulum_24h	unknown		Writers	Smp_165000	Smp_165000	Smp_165000		protein_coding	SM_V10_6	7073719	7119095	-	SM_V10_6:7073719-7119095(-)	5.6623953964196225	E-MTAB-451 | schistosomulum_24h_r2	E-MTAB-451 | not_declared | schistosomulum_24h | schistosomulum_24h | whole_organism | mixed	schistosomulum_24h | schistosomulum_24h | whole_organism | mixed	0.6288665284667477
Smp_165000	E-MTAB-451__schistosomulum_24h_r3	54.857025	E-MTAB-451	schistosomulum_24h_r3	schistosomulum_24h_r3	ERR022882	schistosomulum_24h	schistosomulum_24h	whole_organism	mixed	not_applicable	untreated	24	not_declared	3	SAMEA988619	somule5	lane_1	${HF_PROJECT_RUNTIME_ROOT}/fastq_ftp/ERR022882_1.fastq.gz	${HF_PROJECT_RUNTIME_ROOT}/fastq_ftp/ERR022882_2.fastq.gz	compatibility/quants/E-MTAB-451/schistosomulum_24h_r3/quant.sf	TRUE	schistosomulum_24h	unknown		Writers	Smp_165000	Smp_165000	Smp_165000		protein_coding	SM_V10_6	7073719	7119095	-	SM_V10_6:7073719-7119095(-)	5.803666831196898	E-MTAB-451 | schistosomulum_24h_r3	E-MTAB-451 | not_declared | schistosomulum_24h | schistosomulum_24h | whole_organism | mixed	schistosomulum_24h | schistosomulum_24h | whole_organism | mixed	0.798435018485974
Smp_165000	E-MTAB-451__schistosomulum_24h_r4	59.469827	E-MTAB-451	schistosomulum_24h_r4	schistosomulum_24h_r4	ERR022883	schistosomulum_24h	schistosomulum_24h	whole_organism	mixed	not_applicable	untreated	24	not_declared	4	SAMEA988618	somule6	lane_1	${HF_PROJECT_RUNTIME_ROOT}/fastq_ftp/ERR022883_1.fastq.gz	${HF_PROJECT_RUNTIME_ROOT}/fastq_ftp/ERR022883_2.fastq.gz	compatibility/quants/E-MTAB-451/schistosomulum_24h_r4/quant.sf	TRUE	schistosomulum_24h	unknown		Writers	Smp_165000	Smp_165000	Smp_165000		protein_coding	SM_V10_6	7073719	7119095	-	SM_V10_6:7073719-7119095(-)	5.918143546431828	E-MTAB-451 | schistosomulum_24h_r4	E-MTAB-451 | not_declared | schistosomulum_24h | schistosomulum_24h | whole_organism | mixed	schistosomulum_24h | schistosomulum_24h | whole_organism | mixed	0.9358417332641739
Smp_165000	E-MTAB-451__schistosomulum_3h_r1	27.203679	E-MTAB-451	schistosomulum_3h_r1	schistosomulum_3h_r1	ERR022874	schistosomulum_3h	schistosomulum_3h	whole_organism	mixed	not_applicable	untreated	3	not_declared	1	SAMEA988621	somule1	lane_1	${HF_PROJECT_RUNTIME_ROOT}/fastq_ftp/ERR022874_1.fastq.gz	${HF_PROJECT_RUNTIME_ROOT}/fastq_ftp/ERR022874_2.fastq.gz	compatibility/quants/E-MTAB-451/schistosomulum_3h_r1/quant.sf	TRUE	schistosomulum_3h	unknown		Writers	Smp_165000	Smp_165000	Smp_165000		protein_coding	SM_V10_6	7073719	7119095	-	SM_V10_6:7073719-7119095(-)	4.817811460662611	E-MTAB-451 | schistosomulum_3h_r1	E-MTAB-451 | not_declared | schistosomulum_3h | schistosomulum_3h | whole_organism | mixed	schistosomulum_3h | schistosomulum_3h | whole_organism | mixed	-0.38488988242127237
Smp_165000	E-MTAB-451__schistosomulum_3h_r2	69.405248	E-MTAB-451	schistosomulum_3h_r2	schistosomulum_3h_r2	ERR022879	schistosomulum_3h	schistosomulum_3h	whole_organism	mixed	not_applicable	untreated	3	not_declared	2	SAMEA988617	somule2	lane_1	${HF_PROJECT_RUNTIME_ROOT}/fastq_ftp/ERR022879_1.fastq.gz	${HF_PROJECT_RUNTIME_ROOT}/fastq_ftp/ERR022879_2.fastq.gz	compatibility/quants/E-MTAB-451/schistosomulum_3h_r2/quant.sf	TRUE	schistosomulum_3h	unknown		Writers	Smp_165000	Smp_165000	Smp_165000		protein_coding	SM_V10_6	7073719	7119095	-	SM_V10_6:7073719-7119095(-)	6.137611066099182	E-MTAB-451 | schistosomulum_3h_r2	E-MTAB-451 | not_declared | schistosomulum_3h | schistosomulum_3h | whole_organism | mixed	schistosomulum_3h | schistosomulum_3h | whole_organism | mixed	1.1992691981082153
Smp_170390	E-MTAB-451__adult_mixed_r1	5.951171	E-MTAB-451	adult_mixed_r1	adult_mixed_r1	ERR022873	adult_mixed	adult	whole_organism	mixed	not_applicable	untreated	not_applicable	not_declared	1	SAMEA988615	adult2	lane_1	${HF_PROJECT_RUNTIME_ROOT}/fastq_ftp/ERR022873_1.fastq.gz	${HF_PROJECT_RUNTIME_ROOT}/fastq_ftp/ERR022873_2.fastq.gz	compatibility/quants/E-MTAB-451/adult_mixed_r1/quant.sf	TRUE	adult	unknown		Readers	Smp_170390	Smp_170390	Smp_170390		protein_coding	SM_V10_2	44430357	44485872	+	SM_V10_2:44430357-44485872(+)	2.7972560359061274	E-MTAB-451 | adult_mixed_r1	E-MTAB-451 | not_declared | adult_mixed | adult | whole_organism | mixed	adult_mixed | adult | whole_organism | mixed	-2.0859200325310923
Smp_170390	E-MTAB-451__cercaria_whole_r1	12.252988	E-MTAB-451	cercaria_whole_r1	cercaria_whole_r1	ERR022872	cercaria_whole	cercaria	whole_organism	mixed	not_applicable	untreated	0	not_declared	1	SAMEA988623	cerc10a	lane_1	${HF_PROJECT_RUNTIME_ROOT}/fastq_ftp/ERR022872_1.fastq.gz	${HF_PROJECT_RUNTIME_ROOT}/fastq_ftp/ERR022872_2.fastq.gz	compatibility/quants/E-MTAB-451/cercaria_whole_r1/quant.sf	TRUE	cercaria	unknown		Readers	Smp_170390	Smp_170390	Smp_170390		protein_coding	SM_V10_2	44430357	44485872	+	SM_V10_2:44430357-44485872(+)	3.7282457592269935	E-MTAB-451 | cercaria_whole_r1	E-MTAB-451 | not_declared | cercaria_whole | cercaria | whole_organism | mixed	cercaria_whole | cercaria | whole_organism | mixed	-0.7960592485161079
Smp_170390	E-MTAB-451__cercaria_whole_r2	17.790913	E-MTAB-451	cercaria_whole_r2	cercaria_whole_r2	ERR022877	cercaria_whole	cercaria	whole_organism	mixed	not_applicable	untreated	0	not_declared	2	SAMEA988624	cerc12	lane_1	${HF_PROJECT_RUNTIME_ROOT}/fastq_ftp/ERR022877_1.fastq.gz	${HF_PROJECT_RUNTIME_ROOT}/fastq_ftp/ERR022877_2.fastq.gz	compatibility/quants/E-MTAB-451/cercaria_whole_r2/quant.sf	TRUE	cercaria	unknown		Readers	Smp_170390	Smp_170390	Smp_170390		protein_coding	SM_V10_2	44430357	44485872	+	SM_V10_2:44430357-44485872(+)	4.231963260025995	E-MTAB-451 | cercaria_whole_r2	E-MTAB-451 | not_declared | cercaria_whole | cercaria | whole_organism | mixed	cercaria_whole | cercaria | whole_organism | mixed	-0.09817243599031572
Smp_170390	E-MTAB-451__cercaria_whole_r3	16.070415	E-MTAB-451	cercaria_whole_r3	cercaria_whole_r3	ERR022878	cercaria_whole	cercaria	whole_organism	mixed	not_applicable	untreated	0	not_declared	3	SAMEA988614	cerc13	lane_1	${HF_PROJECT_RUNTIME_ROOT}/fastq_ftp/ERR022878_1.fastq.gz	${HF_PROJECT_RUNTIME_ROOT}/fastq_ftp/ERR022878_2.fastq.gz	compatibility/quants/E-MTAB-451/cercaria_whole_r3/quant.sf	TRUE	cercaria	unknown		Readers	Smp_170390	Smp_170390	Smp_170390		protein_coding	SM_V10_2	44430357	44485872	+	SM_V10_2:44430357-44485872(+)	4.0934262271349215	E-MTAB-451 | cercaria_whole_r3	E-MTAB-451 | not_declared | cercaria_whole | cercaria | whole_organism | mixed	cercaria_whole | cercaria | whole_organism | mixed	-0.2901117038294761
Smp_170390	E-MTAB-451__cercarial_tail_r1	12.525448	E-MTAB-451	cercarial_tail_r1	cercarial_tail_r1	ERR022875	cercarial_tail	cercaria	tail	mixed	not_applicable	untreated	0	not_declared	1	SAMEA988620	tail1	lane_1	${HF_PROJECT_RUNTIME_ROOT}/fastq_ftp/ERR022875_1.fastq.gz	${HF_PROJECT_RUNTIME_ROOT}/fastq_ftp/ERR022875_2.fastq.gz	compatibility/quants/E-MTAB-451/cercarial_tail_r1/quant.sf	TRUE	cercaria	unknown		Readers	Smp_170390	Smp_170390	Smp_170390		protein_coding	SM_V10_2	44430357	44485872	+	SM_V10_2:44430357-44485872(+)	3.7576044757545457	E-MTAB-451 | cercarial_tail_r1	E-MTAB-451 | not_declared | cercarial_tail | cercaria | tail | mixed	cercarial_tail | cercaria | tail | mixed	-0.7553835502035383
Smp_170390	E-MTAB-451__schistosomulum_24h_r1	39.902711	E-MTAB-451	schistosomulum_24h_r1	schistosomulum_24h_r1	ERR022880	schistosomulum_24h	schistosomulum_24h	whole_organism	mixed	not_applicable	untreated	24	not_declared	1	SAMEA988616	somule3	lane_1	${HF_PROJECT_RUNTIME_ROOT}/fastq_ftp/ERR022880_1.fastq.gz	${HF_PROJECT_RUNTIME_ROOT}/fastq_ftp/ERR022880_2.fastq.gz	compatibility/quants/E-MTAB-451/schistosomulum_24h_r1/quant.sf	TRUE	schistosomulum_24h	unknown		Readers	Smp_170390	Smp_170390	Smp_170390		protein_coding	SM_V10_2	44430357	44485872	+	SM_V10_2:44430357-44485872(+)	5.3541245619330935	E-MTAB-451 | schistosomulum_24h_r1	E-MTAB-451 | not_declared | schistosomulum_24h | schistosomulum_24h | whole_organism | mixed	schistosomulum_24h | schistosomulum_24h | whole_organism | mixed	1.4565513385172442
Smp_170390	E-MTAB-451__schistosomulum_24h_r2	26.489905	E-MTAB-451	schistosomulum_24h_r2	schistosomulum_24h_r2	ERR022881	schistosomulum_24h	schistosomulum_24h	whole_organism	mixed	not_applicable	untreated	24	not_declared	2	SAMEA988622	somule4	lane_1	${HF_PROJECT_RUNTIME_ROOT}/fastq_ftp/ERR022881_1.fastq.gz	${HF_PROJECT_RUNTIME_ROOT}/fastq_ftp/ERR022881_2.fastq.gz	compatibility/quants/E-MTAB-451/schistosomulum_24h_r2/quant.sf	TRUE	schistosomulum_24h	unknown		Readers	Smp_170390	Smp_170390	Smp_170390		protein_coding	SM_V10_2	44430357	44485872	+	SM_V10_2:44430357-44485872(+)	4.7808300160610475	E-MTAB-451 | schistosomulum_24h_r2	E-MTAB-451 | not_declared | schistosomulum_24h | schistosomulum_24h | whole_organism | mixed	schistosomulum_24h | schistosomulum_24h | whole_organism | mixed	0.6622674341017141
Smp_170390	E-MTAB-451__schistosomulum_24h_r3	26.344139	E-MTAB-451	schistosomulum_24h_r3	schistosomulum_24h_r3	ERR022882	schistosomulum_24h	schistosomulum_24h	whole_organism	mixed	not_applicable	untreated	24	not_declared	3	SAMEA988619	somule5	lane_1	${HF_PROJECT_RUNTIME_ROOT}/fastq_ftp/ERR022882_1.fastq.gz	${HF_PROJECT_RUNTIME_ROOT}/fastq_ftp/ERR022882_2.fastq.gz	compatibility/quants/E-MTAB-451/schistosomulum_24h_r3/quant.sf	TRUE	schistosomulum_24h	unknown		Readers	Smp_170390	Smp_170390	Smp_170390		protein_coding	SM_V10_2	44430357	44485872	+	SM_V10_2:44430357-44485872(+)	4.773159730765551	E-MTAB-451 | schistosomulum_24h_r3	E-MTAB-451 | not_declared | schistosomulum_24h | schistosomulum_24h | whole_organism | mixed	schistosomulum_24h | schistosomulum_24h | whole_organism | mixed	0.6516404637313246
Smp_170390	E-MTAB-451__schistosomulum_24h_r4	31.503965	E-MTAB-451	schistosomulum_24h_r4	schistosomulum_24h_r4	ERR022883	schistosomulum_24h	schistosomulum_24h	whole_organism	mixed	not_applicable	untreated	24	not_declared	4	SAMEA988618	somule6	lane_1	${HF_PROJECT_RUNTIME_ROOT}/fastq_ftp/ERR022883_1.fastq.gz	${HF_PROJECT_RUNTIME_ROOT}/fastq_ftp/ERR022883_2.fastq.gz	compatibility/quants/E-MTAB-451/schistosomulum_24h_r4/quant.sf	TRUE	schistosomulum_24h	unknown		Readers	Smp_170390	Smp_170390	Smp_170390		protein_coding	SM_V10_2	44430357	44485872	+	SM_V10_2:44430357-44485872(+)	5.02254381108778	E-MTAB-451 | schistosomulum_24h_r4	E-MTAB-451 | not_declared | schistosomulum_24h | schistosomulum_24h | whole_organism | mixed	schistosomulum_24h | schistosomulum_24h | whole_organism | mixed	0.9971552823244639
Smp_170390	E-MTAB-451__schistosomulum_3h_r1	16.136874	E-MTAB-451	schistosomulum_3h_r1	schistosomulum_3h_r1	ERR022874	schistosomulum_3h	schistosomulum_3h	whole_organism	mixed	not_applicable	untreated	3	not_declared	1	SAMEA988621	somule1	lane_1	${HF_PROJECT_RUNTIME_ROOT}/fastq_ftp/ERR022874_1.fastq.gz	${HF_PROJECT_RUNTIME_ROOT}/fastq_ftp/ERR022874_2.fastq.gz	compatibility/quants/E-MTAB-451/schistosomulum_3h_r1/quant.sf	TRUE	schistosomulum_3h	unknown		Readers	Smp_170390	Smp_170390	Smp_170390		protein_coding	SM_V10_2	44430357	44485872	+	SM_V10_2:44430357-44485872(+)	4.099032061047035	E-MTAB-451 | schistosomulum_3h_r1	E-MTAB-451 | not_declared | schistosomulum_3h | schistosomulum_3h | whole_organism | mixed	schistosomulum_3h | schistosomulum_3h | whole_organism | mixed	-0.28234497435458517
Smp_170390	E-MTAB-451__schistosomulum_3h_r2	24.863629	E-MTAB-451	schistosomulum_3h_r2	schistosomulum_3h_r2	ERR022879	schistosomulum_3h	schistosomulum_3h	whole_organism	mixed	not_applicable	untreated	3	not_declared	2	SAMEA988617	somule2	lane_1	${HF_PROJECT_RUNTIME_ROOT}/fastq_ftp/ERR022879_1.fastq.gz	${HF_PROJECT_RUNTIME_ROOT}/fastq_ftp/ERR022879_2.fastq.gz	compatibility/quants/E-MTAB-451/schistosomulum_3h_r2/quant.sf	TRUE	schistosomulum_3h	unknown		Readers	Smp_170390	Smp_170390	Smp_170390		protein_coding	SM_V10_2	44430357	44485872	+	SM_V10_2:44430357-44485872(+)	4.6928528129194955	E-MTAB-451 | schistosomulum_3h_r2	E-MTAB-451 | not_declared | schistosomulum_3h | schistosomulum_3h | whole_organism | mixed	schistosomulum_3h | schistosomulum_3h | whole_organism | mixed	0.5403774267503682
Smp_171150	E-MTAB-451__adult_mixed_r1	55.51051	E-MTAB-451	adult_mixed_r1	adult_mixed_r1	ERR022873	adult_mixed	adult	whole_organism	mixed	not_applicable	untreated	not_applicable	not_declared	1	SAMEA988615	adult2	lane_1	${HF_PROJECT_RUNTIME_ROOT}/fastq_ftp/ERR022873_1.fastq.gz	${HF_PROJECT_RUNTIME_ROOT}/fastq_ftp/ERR022873_2.fastq.gz	compatibility/quants/E-MTAB-451/adult_mixed_r1/quant.sf	TRUE	adult	unknown		Writers	Smp_171150	Smp_171150	Smp_171150		protein_coding	SM_V10_2	14052826	14071634	-	SM_V10_2:14052826-14071634(-)	5.820447304269825	E-MTAB-451 | adult_mixed_r1	E-MTAB-451 | not_declared | adult_mixed | adult | whole_organism | mixed	adult_mixed | adult | whole_organism | mixed	0.5376216691237927
Smp_171150	E-MTAB-451__cercaria_whole_r1	37.477602	E-MTAB-451	cercaria_whole_r1	cercaria_whole_r1	ERR022872	cercaria_whole	cercaria	whole_organism	mixed	not_applicable	untreated	0	not_declared	1	SAMEA988623	cerc10a	lane_1	${HF_PROJECT_RUNTIME_ROOT}/fastq_ftp/ERR022872_1.fastq.gz	${HF_PROJECT_RUNTIME_ROOT}/fastq_ftp/ERR022872_2.fastq.gz	compatibility/quants/E-MTAB-451/cercaria_whole_r1/quant.sf	TRUE	cercaria	unknown		Writers	Smp_171150	Smp_171150	Smp_171150		protein_coding	SM_V10_2	14052826	14071634	-	SM_V10_2:14052826-14071634(-)	5.265946985198284	E-MTAB-451 | cercaria_whole_r1	E-MTAB-451 | not_declared | cercaria_whole | cercaria | whole_organism | mixed	cercaria_whole | cercaria | whole_organism | mixed	-0.7309553120328477
Smp_171150	E-MTAB-451__cercaria_whole_r2	36.54495	E-MTAB-451	cercaria_whole_r2	cercaria_whole_r2	ERR022877	cercaria_whole	cercaria	whole_organism	mixed	not_applicable	untreated	0	not_declared	2	SAMEA988624	cerc12	lane_1	${HF_PROJECT_RUNTIME_ROOT}/fastq_ftp/ERR022877_1.fastq.gz	${HF_PROJECT_RUNTIME_ROOT}/fastq_ftp/ERR022877_2.fastq.gz	compatibility/quants/E-MTAB-451/cercaria_whole_r2/quant.sf	TRUE	cercaria	unknown		Writers	Smp_171150	Smp_171150	Smp_171150		protein_coding	SM_V10_2	14052826	14071634	-	SM_V10_2:14052826-14071634(-)	5.230546965345642	E-MTAB-451 | cercaria_whole_r2	E-MTAB-451 | not_declared | cercaria_whole | cercaria | whole_organism | mixed	cercaria_whole | cercaria | whole_organism | mixed	-0.8119429125318768
Smp_171150	E-MTAB-451__cercaria_whole_r3	31.236545	E-MTAB-451	cercaria_whole_r3	cercaria_whole_r3	ERR022878	cercaria_whole	cercaria	whole_organism	mixed	not_applicable	untreated	0	not_declared	3	SAMEA988614	cerc13	lane_1	${HF_PROJECT_RUNTIME_ROOT}/fastq_ftp/ERR022878_1.fastq.gz	${HF_PROJECT_RUNTIME_ROOT}/fastq_ftp/ERR022878_2.fastq.gz	compatibility/quants/E-MTAB-451/cercaria_whole_r3/quant.sf	TRUE	cercaria	unknown		Writers	Smp_171150	Smp_171150	Smp_171150		protein_coding	SM_V10_2	14052826	14071634	-	SM_V10_2:14052826-14071634(-)	5.010625224036494	E-MTAB-451 | cercaria_whole_r3	E-MTAB-451 | not_declared | cercaria_whole | cercaria | whole_organism | mixed	cercaria_whole | cercaria | whole_organism | mixed	-1.3150763627484774
Smp_171150	E-MTAB-451__cercarial_tail_r1	25.978387	E-MTAB-451	cercarial_tail_r1	cercarial_tail_r1	ERR022875	cercarial_tail	cercaria	tail	mixed	not_applicable	untreated	0	not_declared	1	SAMEA988620	tail1	lane_1	${HF_PROJECT_RUNTIME_ROOT}/fastq_ftp/ERR022875_1.fastq.gz	${HF_PROJECT_RUNTIME_ROOT}/fastq_ftp/ERR022875_2.fastq.gz	compatibility/quants/E-MTAB-451/cercarial_tail_r1/quant.sf	TRUE	cercaria	unknown		Writers	Smp_171150	Smp_171150	Smp_171150		protein_coding	SM_V10_2	14052826	14071634	-	SM_V10_2:14052826-14071634(-)	4.7537321890347135	E-MTAB-451 | cercarial_tail_r1	E-MTAB-451 | not_declared | cercarial_tail | cercaria | tail | mixed	cercarial_tail | cercaria | tail | mixed	-1.9027921486805692
Smp_171150	E-MTAB-451__schistosomulum_24h_r1	57.866651	E-MTAB-451	schistosomulum_24h_r1	schistosomulum_24h_r1	ERR022880	schistosomulum_24h	schistosomulum_24h	whole_organism	mixed	not_applicable	untreated	24	not_declared	1	SAMEA988616	somule3	lane_1	${HF_PROJECT_RUNTIME_ROOT}/fastq_ftp/ERR022880_1.fastq.gz	${HF_PROJECT_RUNTIME_ROOT}/fastq_ftp/ERR022880_2.fastq.gz	compatibility/quants/E-MTAB-451/schistosomulum_24h_r1/quant.sf	TRUE	schistosomulum_24h	unknown		Writers	Smp_171150	Smp_171150	Smp_171150		protein_coding	SM_V10_2	14052826	14071634	-	SM_V10_2:14052826-14071634(-)	5.879378648083685	E-MTAB-451 | schistosomulum_24h_r1	E-MTAB-451 | not_declared | schistosomulum_24h | schistosomulum_24h | whole_organism | mixed	schistosomulum_24h | schistosomulum_24h | whole_organism | mixed	0.6724438570642215
Smp_171150	E-MTAB-451__schistosomulum_24h_r2	63.356166	E-MTAB-451	schistosomulum_24h_r2	schistosomulum_24h_r2	ERR022881	schistosomulum_24h	schistosomulum_24h	whole_organism	mixed	not_applicable	untreated	24	not_declared	2	SAMEA988622	somule4	lane_1	${HF_PROJECT_RUNTIME_ROOT}/fastq_ftp/ERR022881_1.fastq.gz	${HF_PROJECT_RUNTIME_ROOT}/fastq_ftp/ERR022881_2.fastq.gz	compatibility/quants/E-MTAB-451/schistosomulum_24h_r2/quant.sf	TRUE	schistosomulum_24h	unknown		Writers	Smp_171150	Smp_171150	Smp_171150		protein_coding	SM_V10_2	14052826	14071634	-	SM_V10_2:14052826-14071634(-)	6.008006475368453	E-MTAB-451 | schistosomulum_24h_r2	E-MTAB-451 | not_declared | schistosomulum_24h | schistosomulum_24h | whole_organism | mixed	schistosomulum_24h | schistosomulum_24h | whole_organism | mixed	0.9667165476604478
Smp_171150	E-MTAB-451__schistosomulum_24h_r3	60.213069	E-MTAB-451	schistosomulum_24h_r3	schistosomulum_24h_r3	ERR022882	schistosomulum_24h	schistosomulum_24h	whole_organism	mixed	not_applicable	untreated	24	not_declared	3	SAMEA988619	somule5	lane_1	${HF_PROJECT_RUNTIME_ROOT}/fastq_ftp/ERR022882_1.fastq.gz	${HF_PROJECT_RUNTIME_ROOT}/fastq_ftp/ERR022882_2.fastq.gz	compatibility/quants/E-MTAB-451/schistosomulum_24h_r3/quant.sf	TRUE	schistosomulum_24h	unknown		Writers	Smp_171150	Smp_171150	Smp_171150		protein_coding	SM_V10_2	14052826	14071634	-	SM_V10_2:14052826-14071634(-)	5.9357677963121205	E-MTAB-451 | schistosomulum_24h_r3	E-MTAB-451 | not_declared | schistosomulum_24h | schistosomulum_24h | whole_organism | mixed	schistosomulum_24h | schistosomulum_24h | whole_organism | mixed	0.8014500505131261
Smp_171150	E-MTAB-451__schistosomulum_24h_r4	60.499136	E-MTAB-451	schistosomulum_24h_r4	schistosomulum_24h_r4	ERR022883	schistosomulum_24h	schistosomulum_24h	whole_organism	mixed	not_applicable	untreated	24	not_declared	4	SAMEA988618	somule6	lane_1	${HF_PROJECT_RUNTIME_ROOT}/fastq_ftp/ERR022883_1.fastq.gz	${HF_PROJECT_RUNTIME_ROOT}/fastq_ftp/ERR022883_2.fastq.gz	compatibility/quants/E-MTAB-451/schistosomulum_24h_r4/quant.sf	TRUE	schistosomulum_24h	unknown		Writers	Smp_171150	Smp_171150	Smp_171150		protein_coding	SM_V10_2	14052826	14071634	-	SM_V10_2:14052826-14071634(-)	5.942494237090927	E-MTAB-451 | schistosomulum_24h_r4	E-MTAB-451 | not_declared | schistosomulum_24h | schistosomulum_24h | whole_organism | mixed	schistosomulum_24h | schistosomulum_24h | whole_organism | mixed	0.8168386943851358
Smp_171150	E-MTAB-451__schistosomulum_3h_r1	53.759993	E-MTAB-451	schistosomulum_3h_r1	schistosomulum_3h_r1	ERR022874	schistosomulum_3h	schistosomulum_3h	whole_organism	mixed	not_applicable	untreated	3	not_declared	1	SAMEA988621	somule1	lane_1	${HF_PROJECT_RUNTIME_ROOT}/fastq_ftp/ERR022874_1.fastq.gz	${HF_PROJECT_RUNTIME_ROOT}/fastq_ftp/ERR022874_2.fastq.gz	compatibility/quants/E-MTAB-451/schistosomulum_3h_r1/quant.sf	TRUE	schistosomulum_3h	unknown		Writers	Smp_171150	Smp_171150	Smp_171150		protein_coding	SM_V10_2	14052826	14071634	-	SM_V10_2:14052826-14071634(-)	5.775050357062686	E-MTAB-451 | schistosomulum_3h_r1	E-MTAB-451 | not_declared | schistosomulum_3h | schistosomulum_3h | whole_organism | mixed	schistosomulum_3h | schistosomulum_3h | whole_organism | mixed	0.4337632577559008
Smp_171150	E-MTAB-451__schistosomulum_3h_r2	55.41319	E-MTAB-451	schistosomulum_3h_r2	schistosomulum_3h_r2	ERR022879	schistosomulum_3h	schistosomulum_3h	whole_organism	mixed	not_applicable	untreated	3	not_declared	2	SAMEA988617	somule2	lane_1	${HF_PROJECT_RUNTIME_ROOT}/fastq_ftp/ERR022879_1.fastq.gz	${HF_PROJECT_RUNTIME_ROOT}/fastq_ftp/ERR022879_2.fastq.gz	compatibility/quants/E-MTAB-451/schistosomulum_3h_r2/quant.sf	TRUE	schistosomulum_3h	unknown		Writers	Smp_171150	Smp_171150	Smp_171150		protein_coding	SM_V10_2	14052826	14071634	-	SM_V10_2:14052826-14071634(-)	5.817960614298808	E-MTAB-451 | schistosomulum_3h_r2	E-MTAB-451 | not_declared | schistosomulum_3h | schistosomulum_3h | whole_organism | mixed	schistosomulum_3h | schistosomulum_3h | whole_organism | mixed	0.5319326594911422
Smp_175680	E-MTAB-451__adult_mixed_r1	11.21414	E-MTAB-451	adult_mixed_r1	adult_mixed_r1	ERR022873	adult_mixed	adult	whole_organism	mixed	not_applicable	untreated	not_applicable	not_declared	1	SAMEA988615	adult2	lane_1	${HF_PROJECT_RUNTIME_ROOT}/fastq_ftp/ERR022873_1.fastq.gz	${HF_PROJECT_RUNTIME_ROOT}/fastq_ftp/ERR022873_2.fastq.gz	compatibility/quants/E-MTAB-451/adult_mixed_r1/quant.sf	TRUE	adult	unknown		Readers	Smp_175680	Smp_175680	Smp_175680		protein_coding	SM_V10_1	47676071	47693287	+	SM_V10_1:47676071-47693287(+)	3.6104803816268967	E-MTAB-451 | adult_mixed_r1	E-MTAB-451 | not_declared | adult_mixed | adult | whole_organism | mixed	adult_mixed | adult | whole_organism | mixed	-0.09932452467777723
Smp_175680	E-MTAB-451__cercaria_whole_r1	11.543857	E-MTAB-451	cercaria_whole_r1	cercaria_whole_r1	ERR022872	cercaria_whole	cercaria	whole_organism	mixed	not_applicable	untreated	0	not_declared	1	SAMEA988623	cerc10a	lane_1	${HF_PROJECT_RUNTIME_ROOT}/fastq_ftp/ERR022872_1.fastq.gz	${HF_PROJECT_RUNTIME_ROOT}/fastq_ftp/ERR022872_2.fastq.gz	compatibility/quants/E-MTAB-451/cercaria_whole_r1/quant.sf	TRUE	cercaria	unknown		Readers	Smp_175680	Smp_175680	Smp_175680		protein_coding	SM_V10_1	47676071	47693287	+	SM_V10_1:47676071-47693287(+)	3.6489091128199274	E-MTAB-451 | cercaria_whole_r1	E-MTAB-451 | not_declared | cercaria_whole | cercaria | whole_organism | mixed	cercaria_whole | cercaria | whole_organism | mixed	-0.03382117036390076
Smp_175680	E-MTAB-451__cercaria_whole_r2	23.790978000000003	E-MTAB-451	cercaria_whole_r2	cercaria_whole_r2	ERR022877	cercaria_whole	cercaria	whole_organism	mixed	not_applicable	untreated	0	not_declared	2	SAMEA988624	cerc12	lane_1	${HF_PROJECT_RUNTIME_ROOT}/fastq_ftp/ERR022877_1.fastq.gz	${HF_PROJECT_RUNTIME_ROOT}/fastq_ftp/ERR022877_2.fastq.gz	compatibility/quants/E-MTAB-451/cercaria_whole_r2/quant.sf	TRUE	cercaria	unknown		Readers	Smp_175680	Smp_175680	Smp_175680		protein_coding	SM_V10_1	47676071	47693287	+	SM_V10_1:47676071-47693287(+)	4.631743281516461	E-MTAB-451 | cercaria_whole_r2	E-MTAB-451 | not_declared | cercaria_whole | cercaria | whole_organism | mixed	cercaria_whole | cercaria | whole_organism | mixed	1.6414601305079017
Smp_175680	E-MTAB-451__cercaria_whole_r3	17.853721	E-MTAB-451	cercaria_whole_r3	cercaria_whole_r3	ERR022878	cercaria_whole	cercaria	whole_organism	mixed	not_applicable	untreated	0	not_declared	3	SAMEA988614	cerc13	lane_1	${HF_PROJECT_RUNTIME_ROOT}/fastq_ftp/ERR022878_1.fastq.gz	${HF_PROJECT_RUNTIME_ROOT}/fastq_ftp/ERR022878_2.fastq.gz	compatibility/quants/E-MTAB-451/cercaria_whole_r3/quant.sf	TRUE	cercaria	unknown		Readers	Smp_175680	Smp_175680	Smp_175680		protein_coding	SM_V10_1	47676071	47693287	+	SM_V10_1:47676071-47693287(+)	4.2367773790427	E-MTAB-451 | cercaria_whole_r3	E-MTAB-451 | not_declared | cercaria_whole | cercaria | whole_organism | mixed	cercaria_whole | cercaria | whole_organism | mixed	0.9682244901823449
Smp_175680	E-MTAB-451__cercarial_tail_r1	6.513719	E-MTAB-451	cercarial_tail_r1	cercarial_tail_r1	ERR022875	cercarial_tail	cercaria	tail	mixed	not_applicable	untreated	0	not_declared	1	SAMEA988620	tail1	lane_1	${HF_PROJECT_RUNTIME_ROOT}/fastq_ftp/ERR022875_1.fastq.gz	${HF_PROJECT_RUNTIME_ROOT}/fastq_ftp/ERR022875_2.fastq.gz	compatibility/quants/E-MTAB-451/cercarial_tail_r1/quant.sf	TRUE	cercaria	unknown		Readers	Smp_175680	Smp_175680	Smp_175680		protein_coding	SM_V10_1	47676071	47693287	+	SM_V10_1:47676071-47693287(+)	2.909527162707529	E-MTAB-451 | cercarial_tail_r1	E-MTAB-451 | not_declared | cercarial_tail | cercaria | tail | mixed	cercarial_tail | cercaria | tail | mixed	-1.2941281424629647
Smp_175680	E-MTAB-451__schistosomulum_24h_r1	10.470393	E-MTAB-451	schistosomulum_24h_r1	schistosomulum_24h_r1	ERR022880	schistosomulum_24h	schistosomulum_24h	whole_organism	mixed	not_applicable	untreated	24	not_declared	1	SAMEA988616	somule3	lane_1	${HF_PROJECT_RUNTIME_ROOT}/fastq_ftp/ERR022880_1.fastq.gz	${HF_PROJECT_RUNTIME_ROOT}/fastq_ftp/ERR022880_2.fastq.gz	compatibility/quants/E-MTAB-451/schistosomulum_24h_r1/quant.sf	TRUE	schistosomulum_24h	unknown		Readers	Smp_175680	Smp_175680	Smp_175680		protein_coding	SM_V10_1	47676071	47693287	+	SM_V10_1:47676071-47693287(+)	3.5198429168808567	E-MTAB-451 | schistosomulum_24h_r1	E-MTAB-451 | not_declared | schistosomulum_24h | schistosomulum_24h | whole_organism | mixed	schistosomulum_24h | schistosomulum_24h | whole_organism | mixed	-0.2538198146093914
Smp_175680	E-MTAB-451__schistosomulum_24h_r2	6.550969	E-MTAB-451	schistosomulum_24h_r2	schistosomulum_24h_r2	ERR022881	schistosomulum_24h	schistosomulum_24h	whole_organism	mixed	not_applicable	untreated	24	not_declared	2	SAMEA988622	somule4	lane_1	${HF_PROJECT_RUNTIME_ROOT}/fastq_ftp/ERR022881_1.fastq.gz	${HF_PROJECT_RUNTIME_ROOT}/fastq_ftp/ERR022881_2.fastq.gz	compatibility/quants/E-MTAB-451/schistosomulum_24h_r2/quant.sf	TRUE	schistosomulum_24h	unknown		Readers	Smp_175680	Smp_175680	Smp_175680		protein_coding	SM_V10_1	47676071	47693287	+	SM_V10_1:47676071-47693287(+)	2.9166617943438635	E-MTAB-451 | schistosomulum_24h_r2	E-MTAB-451 | not_declared | schistosomulum_24h | schistosomulum_24h | whole_organism | mixed	schistosomulum_24h | schistosomulum_24h | whole_organism | mixed	-1.281966869127493
Smp_175680	E-MTAB-451__schistosomulum_24h_r3	7.262351000000001	E-MTAB-451	schistosomulum_24h_r3	schistosomulum_24h_r3	ERR022882	schistosomulum_24h	schistosomulum_24h	whole_organism	mixed	not_applicable	untreated	24	not_declared	3	SAMEA988619	somule5	lane_1	${HF_PROJECT_RUNTIME_ROOT}/fastq_ftp/ERR022882_1.fastq.gz	${HF_PROJECT_RUNTIME_ROOT}/fastq_ftp/ERR022882_2.fastq.gz	compatibility/quants/E-MTAB-451/schistosomulum_24h_r3/quant.sf	TRUE	schistosomulum_24h	unknown		Readers	Smp_175680	Smp_175680	Smp_175680		protein_coding	SM_V10_1	47676071	47693287	+	SM_V10_1:47676071-47693287(+)	3.0465523498579272	E-MTAB-451 | schistosomulum_24h_r3	E-MTAB-451 | not_declared | schistosomulum_24h | schistosomulum_24h | whole_organism | mixed	schistosomulum_24h | schistosomulum_24h | whole_organism | mixed	-1.0605630700500208
Smp_175680	E-MTAB-451__schistosomulum_24h_r4	10.049094	E-MTAB-451	schistosomulum_24h_r4	schistosomulum_24h_r4	ERR022883	schistosomulum_24h	schistosomulum_24h	whole_organism	mixed	not_applicable	untreated	24	not_declared	4	SAMEA988618	somule6	lane_1	${HF_PROJECT_RUNTIME_ROOT}/fastq_ftp/ERR022883_1.fastq.gz	${HF_PROJECT_RUNTIME_ROOT}/fastq_ftp/ERR022883_2.fastq.gz	compatibility/quants/E-MTAB-451/schistosomulum_24h_r4/quant.sf	TRUE	schistosomulum_24h	unknown		Readers	Smp_175680	Smp_175680	Smp_175680		protein_coding	SM_V10_1	47676071	47693287	+	SM_V10_1:47676071-47693287(+)	3.465856171717245	E-MTAB-451 | schistosomulum_24h_r4	E-MTAB-451 | not_declared | schistosomulum_24h | schistosomulum_24h | whole_organism | mixed	schistosomulum_24h | schistosomulum_24h | whole_organism | mixed	-0.34584244421279486
Smp_175680	E-MTAB-451__schistosomulum_3h_r1	19.560181	E-MTAB-451	schistosomulum_3h_r1	schistosomulum_3h_r1	ERR022874	schistosomulum_3h	schistosomulum_3h	whole_organism	mixed	not_applicable	untreated	3	not_declared	1	SAMEA988621	somule1	lane_1	${HF_PROJECT_RUNTIME_ROOT}/fastq_ftp/ERR022874_1.fastq.gz	${HF_PROJECT_RUNTIME_ROOT}/fastq_ftp/ERR022874_2.fastq.gz	compatibility/quants/E-MTAB-451/schistosomulum_3h_r1/quant.sf	TRUE	schistosomulum_3h	unknown		Readers	Smp_175680	Smp_175680	Smp_175680		protein_coding	SM_V10_1	47676071	47693287	+	SM_V10_1:47676071-47693287(+)	4.361781060131848	E-MTAB-451 | schistosomulum_3h_r1	E-MTAB-451 | not_declared | schistosomulum_3h | schistosomulum_3h | whole_organism | mixed	schistosomulum_3h | schistosomulum_3h | whole_organism | mixed	1.1812984106246158
Smp_175680	E-MTAB-451__schistosomulum_3h_r2	15.090402	E-MTAB-451	schistosomulum_3h_r2	schistosomulum_3h_r2	ERR022879	schistosomulum_3h	schistosomulum_3h	whole_organism	mixed	not_applicable	untreated	3	not_declared	2	SAMEA988617	somule2	lane_1	${HF_PROJECT_RUNTIME_ROOT}/fastq_ftp/ERR022879_1.fastq.gz	${HF_PROJECT_RUNTIME_ROOT}/fastq_ftp/ERR022879_2.fastq.gz	compatibility/quants/E-MTAB-451/schistosomulum_3h_r2/quant.sf	TRUE	schistosomulum_3h	unknown		Readers	Smp_175680	Smp_175680	Smp_175680		protein_coding	SM_V10_1	47676071	47693287	+	SM_V10_1:47676071-47693287(+)	4.008128465458449	E-MTAB-451 | schistosomulum_3h_r2	E-MTAB-451 | not_declared | schistosomulum_3h | schistosomulum_3h | whole_organism | mixed	schistosomulum_3h | schistosomulum_3h | whole_organism | mixed	0.5784830041894797
Smp_179650	E-MTAB-451__adult_mixed_r1	724.048933	E-MTAB-451	adult_mixed_r1	adult_mixed_r1	ERR022873	adult_mixed	adult	whole_organism	mixed	not_applicable	untreated	not_applicable	not_declared	1	SAMEA988615	adult2	lane_1	${HF_PROJECT_RUNTIME_ROOT}/fastq_ftp/ERR022873_1.fastq.gz	${HF_PROJECT_RUNTIME_ROOT}/fastq_ftp/ERR022873_2.fastq.gz	compatibility/quants/E-MTAB-451/adult_mixed_r1/quant.sf	TRUE	adult	unknown		Grupo HP1	Smp_179650	Smp_179650	Smp_179650		protein_coding	SM_V10_2	42397649	42399894	+	SM_V10_2:42397649-42399894(+)	9.50193455457701	E-MTAB-451 | adult_mixed_r1	E-MTAB-451 | not_declared | adult_mixed | adult | whole_organism | mixed	adult_mixed | adult | whole_organism | mixed	0.4131139232856054
Smp_179650	E-MTAB-451__adult_mixed_r1	724.048933	E-MTAB-451	adult_mixed_r1	adult_mixed_r1	ERR022873	adult_mixed	adult	whole_organism	mixed	not_applicable	untreated	not_applicable	not_declared	1	SAMEA988615	adult2	lane_1	${HF_PROJECT_RUNTIME_ROOT}/fastq_ftp/ERR022873_1.fastq.gz	${HF_PROJECT_RUNTIME_ROOT}/fastq_ftp/ERR022873_2.fastq.gz	compatibility/quants/E-MTAB-451/adult_mixed_r1/quant.sf	TRUE	adult	unknown		Readers	Smp_179650	Smp_179650	Smp_179650		protein_coding	SM_V10_2	42397649	42399894	+	SM_V10_2:42397649-42399894(+)	9.50193455457701	E-MTAB-451 | adult_mixed_r1	E-MTAB-451 | not_declared | adult_mixed | adult | whole_organism | mixed	adult_mixed | adult | whole_organism | mixed	0.4131139232856054
Smp_179650	E-MTAB-451__cercaria_whole_r1	1076.972508	E-MTAB-451	cercaria_whole_r1	cercaria_whole_r1	ERR022872	cercaria_whole	cercaria	whole_organism	mixed	not_applicable	untreated	0	not_declared	1	SAMEA988623	cerc10a	lane_1	${HF_PROJECT_RUNTIME_ROOT}/fastq_ftp/ERR022872_1.fastq.gz	${HF_PROJECT_RUNTIME_ROOT}/fastq_ftp/ERR022872_2.fastq.gz	compatibility/quants/E-MTAB-451/cercaria_whole_r1/quant.sf	TRUE	cercaria	unknown		Grupo HP1	Smp_179650	Smp_179650	Smp_179650		protein_coding	SM_V10_2	42397649	42399894	+	SM_V10_2:42397649-42399894(+)	10.074104669544875	E-MTAB-451 | cercaria_whole_r1	E-MTAB-451 | not_declared | cercaria_whole | cercaria | whole_organism | mixed	cercaria_whole | cercaria | whole_organism | mixed	1.060273791240624
Smp_179650	E-MTAB-451__cercaria_whole_r1	1076.972508	E-MTAB-451	cercaria_whole_r1	cercaria_whole_r1	ERR022872	cercaria_whole	cercaria	whole_organism	mixed	not_applicable	untreated	0	not_declared	1	SAMEA988623	cerc10a	lane_1	${HF_PROJECT_RUNTIME_ROOT}/fastq_ftp/ERR022872_1.fastq.gz	${HF_PROJECT_RUNTIME_ROOT}/fastq_ftp/ERR022872_2.fastq.gz	compatibility/quants/E-MTAB-451/cercaria_whole_r1/quant.sf	TRUE	cercaria	unknown		Readers	Smp_179650	Smp_179650	Smp_179650		protein_coding	SM_V10_2	42397649	42399894	+	SM_V10_2:42397649-42399894(+)	10.074104669544875	E-MTAB-451 | cercaria_whole_r1	E-MTAB-451 | not_declared | cercaria_whole | cercaria | whole_organism | mixed	cercaria_whole | cercaria | whole_organism | mixed	1.060273791240624
Smp_179650	E-MTAB-451__cercaria_whole_r2	1126.168038	E-MTAB-451	cercaria_whole_r2	cercaria_whole_r2	ERR022877	cercaria_whole	cercaria	whole_organism	mixed	not_applicable	untreated	0	not_declared	2	SAMEA988624	cerc12	lane_1	${HF_PROJECT_RUNTIME_ROOT}/fastq_ftp/ERR022877_1.fastq.gz	${HF_PROJECT_RUNTIME_ROOT}/fastq_ftp/ERR022877_2.fastq.gz	compatibility/quants/E-MTAB-451/cercaria_whole_r2/quant.sf	TRUE	cercaria	unknown		Grupo HP1	Smp_179650	Smp_179650	Smp_179650		protein_coding	SM_V10_2	42397649	42399894	+	SM_V10_2:42397649-42399894(+)	10.138486892912109	E-MTAB-451 | cercaria_whole_r2	E-MTAB-451 | not_declared | cercaria_whole | cercaria | whole_organism | mixed	cercaria_whole | cercaria | whole_organism | mixed	1.1330940768218272
Smp_179650	E-MTAB-451__cercaria_whole_r2	1126.168038	E-MTAB-451	cercaria_whole_r2	cercaria_whole_r2	ERR022877	cercaria_whole	cercaria	whole_organism	mixed	not_applicable	untreated	0	not_declared	2	SAMEA988624	cerc12	lane_1	${HF_PROJECT_RUNTIME_ROOT}/fastq_ftp/ERR022877_1.fastq.gz	${HF_PROJECT_RUNTIME_ROOT}/fastq_ftp/ERR022877_2.fastq.gz	compatibility/quants/E-MTAB-451/cercaria_whole_r2/quant.sf	TRUE	cercaria	unknown		Readers	Smp_179650	Smp_179650	Smp_179650		protein_coding	SM_V10_2	42397649	42399894	+	SM_V10_2:42397649-42399894(+)	10.138486892912109	E-MTAB-451 | cercaria_whole_r2	E-MTAB-451 | not_declared | cercaria_whole | cercaria | whole_organism | mixed	cercaria_whole | cercaria | whole_organism | mixed	1.1330940768218272
Smp_179650	E-MTAB-451__cercaria_whole_r3	1304.218889	E-MTAB-451	cercaria_whole_r3	cercaria_whole_r3	ERR022878	cercaria_whole	cercaria	whole_organism	mixed	not_applicable	untreated	0	not_declared	3	SAMEA988614	cerc13	lane_1	${HF_PROJECT_RUNTIME_ROOT}/fastq_ftp/ERR022878_1.fastq.gz	${HF_PROJECT_RUNTIME_ROOT}/fastq_ftp/ERR022878_2.fastq.gz	compatibility/quants/E-MTAB-451/cercaria_whole_r3/quant.sf	TRUE	cercaria	unknown		Grupo HP1	Smp_179650	Smp_179650	Smp_179650		protein_coding	SM_V10_2	42397649	42399894	+	SM_V10_2:42397649-42399894(+)	10.350076055896993	E-MTAB-451 | cercaria_whole_r3	E-MTAB-451 | not_declared | cercaria_whole | cercaria | whole_organism | mixed	cercaria_whole | cercaria | whole_organism | mixed	1.3724145362374702
Smp_179650	E-MTAB-451__cercaria_whole_r3	1304.218889	E-MTAB-451	cercaria_whole_r3	cercaria_whole_r3	ERR022878	cercaria_whole	cercaria	whole_organism	mixed	not_applicable	untreated	0	not_declared	3	SAMEA988614	cerc13	lane_1	${HF_PROJECT_RUNTIME_ROOT}/fastq_ftp/ERR022878_1.fastq.gz	${HF_PROJECT_RUNTIME_ROOT}/fastq_ftp/ERR022878_2.fastq.gz	compatibility/quants/E-MTAB-451/cercaria_whole_r3/quant.sf	TRUE	cercaria	unknown		Readers	Smp_179650	Smp_179650	Smp_179650		protein_coding	SM_V10_2	42397649	42399894	+	SM_V10_2:42397649-42399894(+)	10.350076055896993	E-MTAB-451 | cercaria_whole_r3	E-MTAB-451 | not_declared | cercaria_whole | cercaria | whole_organism | mixed	cercaria_whole | cercaria | whole_organism | mixed	1.3724145362374702
Smp_179650	E-MTAB-451__cercarial_tail_r1	761.188729	E-MTAB-451	cercarial_tail_r1	cercarial_tail_r1	ERR022875	cercarial_tail	cercaria	tail	mixed	not_applicable	untreated	0	not_declared	1	SAMEA988620	tail1	lane_1	${HF_PROJECT_RUNTIME_ROOT}/fastq_ftp/ERR022875_1.fastq.gz	${HF_PROJECT_RUNTIME_ROOT}/fastq_ftp/ERR022875_2.fastq.gz	compatibility/quants/E-MTAB-451/cercarial_tail_r1/quant.sf	TRUE	cercaria	unknown		Grupo HP1	Smp_179650	Smp_179650	Smp_179650		protein_coding	SM_V10_2	42397649	42399894	+	SM_V10_2:42397649-42399894(+)	9.574004463975667	E-MTAB-451 | cercarial_tail_r1	E-MTAB-451 | not_declared | cercarial_tail | cercaria | tail | mixed	cercarial_tail | cercaria | tail | mixed	0.49462945831592486
Smp_179650	E-MTAB-451__cercarial_tail_r1	761.188729	E-MTAB-451	cercarial_tail_r1	cercarial_tail_r1	ERR022875	cercarial_tail	cercaria	tail	mixed	not_applicable	untreated	0	not_declared	1	SAMEA988620	tail1	lane_1	${HF_PROJECT_RUNTIME_ROOT}/fastq_ftp/ERR022875_1.fastq.gz	${HF_PROJECT_RUNTIME_ROOT}/fastq_ftp/ERR022875_2.fastq.gz	compatibility/quants/E-MTAB-451/cercarial_tail_r1/quant.sf	TRUE	cercaria	unknown		Readers	Smp_179650	Smp_179650	Smp_179650		protein_coding	SM_V10_2	42397649	42399894	+	SM_V10_2:42397649-42399894(+)	9.574004463975667	E-MTAB-451 | cercarial_tail_r1	E-MTAB-451 | not_declared | cercarial_tail | cercaria | tail | mixed	cercarial_tail | cercaria | tail | mixed	0.49462945831592486
Smp_179650	E-MTAB-451__schistosomulum_24h_r1	285.944878	E-MTAB-451	schistosomulum_24h_r1	schistosomulum_24h_r1	ERR022880	schistosomulum_24h	schistosomulum_24h	whole_organism	mixed	not_applicable	untreated	24	not_declared	1	SAMEA988616	somule3	lane_1	${HF_PROJECT_RUNTIME_ROOT}/fastq_ftp/ERR022880_1.fastq.gz	${HF_PROJECT_RUNTIME_ROOT}/fastq_ftp/ERR022880_2.fastq.gz	compatibility/quants/E-MTAB-451/schistosomulum_24h_r1/quant.sf	TRUE	schistosomulum_24h	unknown		Grupo HP1	Smp_179650	Smp_179650	Smp_179650		protein_coding	SM_V10_2	42397649	42399894	+	SM_V10_2:42397649-42399894(+)	8.164629812132683	E-MTAB-451 | schistosomulum_24h_r1	E-MTAB-451 | not_declared | schistosomulum_24h | schistosomulum_24h | whole_organism | mixed	schistosomulum_24h | schistosomulum_24h | whole_organism | mixed	-1.0994606378385783
Smp_179650	E-MTAB-451__schistosomulum_24h_r1	285.944878	E-MTAB-451	schistosomulum_24h_r1	schistosomulum_24h_r1	ERR022880	schistosomulum_24h	schistosomulum_24h	whole_organism	mixed	not_applicable	untreated	24	not_declared	1	SAMEA988616	somule3	lane_1	${HF_PROJECT_RUNTIME_ROOT}/fastq_ftp/ERR022880_1.fastq.gz	${HF_PROJECT_RUNTIME_ROOT}/fastq_ftp/ERR022880_2.fastq.gz	compatibility/quants/E-MTAB-451/schistosomulum_24h_r1/quant.sf	TRUE	schistosomulum_24h	unknown		Readers	Smp_179650	Smp_179650	Smp_179650		protein_coding	SM_V10_2	42397649	42399894	+	SM_V10_2:42397649-42399894(+)	8.164629812132683	E-MTAB-451 | schistosomulum_24h_r1	E-MTAB-451 | not_declared | schistosomulum_24h | schistosomulum_24h | whole_organism | mixed	schistosomulum_24h | schistosomulum_24h | whole_organism | mixed	-1.0994606378385783
Smp_179650	E-MTAB-451__schistosomulum_24h_r2	299.154246	E-MTAB-451	schistosomulum_24h_r2	schistosomulum_24h_r2	ERR022881	schistosomulum_24h	schistosomulum_24h	whole_organism	mixed	not_applicable	untreated	24	not_declared	2	SAMEA988622	somule4	lane_1	${HF_PROJECT_RUNTIME_ROOT}/fastq_ftp/ERR022881_1.fastq.gz	${HF_PROJECT_RUNTIME_ROOT}/fastq_ftp/ERR022881_2.fastq.gz	compatibility/quants/E-MTAB-451/schistosomulum_24h_r2/quant.sf	TRUE	schistosomulum_24h	unknown		Grupo HP1	Smp_179650	Smp_179650	Smp_179650		protein_coding	SM_V10_2	42397649	42399894	+	SM_V10_2:42397649-42399894(+)	8.229560266334625	E-MTAB-451 | schistosomulum_24h_r2	E-MTAB-451 | not_declared | schistosomulum_24h | schistosomulum_24h | whole_organism | mixed	schistosomulum_24h | schistosomulum_24h | whole_organism | mixed	-1.0260202691993523
Smp_179650	E-MTAB-451__schistosomulum_24h_r2	299.154246	E-MTAB-451	schistosomulum_24h_r2	schistosomulum_24h_r2	ERR022881	schistosomulum_24h	schistosomulum_24h	whole_organism	mixed	not_applicable	untreated	24	not_declared	2	SAMEA988622	somule4	lane_1	${HF_PROJECT_RUNTIME_ROOT}/fastq_ftp/ERR022881_1.fastq.gz	${HF_PROJECT_RUNTIME_ROOT}/fastq_ftp/ERR022881_2.fastq.gz	compatibility/quants/E-MTAB-451/schistosomulum_24h_r2/quant.sf	TRUE	schistosomulum_24h	unknown		Readers	Smp_179650	Smp_179650	Smp_179650		protein_coding	SM_V10_2	42397649	42399894	+	SM_V10_2:42397649-42399894(+)	8.229560266334625	E-MTAB-451 | schistosomulum_24h_r2	E-MTAB-451 | not_declared | schistosomulum_24h | schistosomulum_24h | whole_organism | mixed	schistosomulum_24h | schistosomulum_24h | whole_organism | mixed	-1.0260202691993523
Smp_179650	E-MTAB-451__schistosomulum_24h_r3	288.168634	E-MTAB-451	schistosomulum_24h_r3	schistosomulum_24h_r3	ERR022882	schistosomulum_24h	schistosomulum_24h	whole_organism	mixed	not_applicable	untreated	24	not_declared	3	SAMEA988619	somule5	lane_1	${HF_PROJECT_RUNTIME_ROOT}/fastq_ftp/ERR022882_1.fastq.gz	${HF_PROJECT_RUNTIME_ROOT}/fastq_ftp/ERR022882_2.fastq.gz	compatibility/quants/E-MTAB-451/schistosomulum_24h_r3/quant.sf	TRUE	schistosomulum_24h	unknown		Grupo HP1	Smp_179650	Smp_179650	Smp_179650		protein_coding	SM_V10_2	42397649	42399894	+	SM_V10_2:42397649-42399894(+)	8.175767262026504	E-MTAB-451 | schistosomulum_24h_r3	E-MTAB-451 | not_declared | schistosomulum_24h | schistosomulum_24h | whole_organism | mixed	schistosomulum_24h | schistosomulum_24h | whole_organism | mixed	-1.0868634916156479
Smp_179650	E-MTAB-451__schistosomulum_24h_r3	288.168634	E-MTAB-451	schistosomulum_24h_r3	schistosomulum_24h_r3	ERR022882	schistosomulum_24h	schistosomulum_24h	whole_organism	mixed	not_applicable	untreated	24	not_declared	3	SAMEA988619	somule5	lane_1	${HF_PROJECT_RUNTIME_ROOT}/fastq_ftp/ERR022882_1.fastq.gz	${HF_PROJECT_RUNTIME_ROOT}/fastq_ftp/ERR022882_2.fastq.gz	compatibility/quants/E-MTAB-451/schistosomulum_24h_r3/quant.sf	TRUE	schistosomulum_24h	unknown		Readers	Smp_179650	Smp_179650	Smp_179650		protein_coding	SM_V10_2	42397649	42399894	+	SM_V10_2:42397649-42399894(+)	8.175767262026504	E-MTAB-451 | schistosomulum_24h_r3	E-MTAB-451 | not_declared | schistosomulum_24h | schistosomulum_24h | whole_organism | mixed	schistosomulum_24h | schistosomulum_24h | whole_organism | mixed	-1.0868634916156479
Smp_179650	E-MTAB-451__schistosomulum_24h_r4	262.725199	E-MTAB-451	schistosomulum_24h_r4	schistosomulum_24h_r4	ERR022883	schistosomulum_24h	schistosomulum_24h	whole_organism	mixed	not_applicable	untreated	24	not_declared	4	SAMEA988618	somule6	lane_1	${HF_PROJECT_RUNTIME_ROOT}/fastq_ftp/ERR022883_1.fastq.gz	${HF_PROJECT_RUNTIME_ROOT}/fastq_ftp/ERR022883_2.fastq.gz	compatibility/quants/E-MTAB-451/schistosomulum_24h_r4/quant.sf	TRUE	schistosomulum_24h	unknown		Grupo HP1	Smp_179650	Smp_179650	Smp_179650		protein_coding	SM_V10_2	42397649	42399894	+	SM_V10_2:42397649-42399894(+)	8.042891617387669	E-MTAB-451 | schistosomulum_24h_r4	E-MTAB-451 | not_declared | schistosomulum_24h | schistosomulum_24h | whole_organism | mixed	schistosomulum_24h | schistosomulum_24h | whole_organism | mixed	-1.2371540824545912
Smp_179650	E-MTAB-451__schistosomulum_24h_r4	262.725199	E-MTAB-451	schistosomulum_24h_r4	schistosomulum_24h_r4	ERR022883	schistosomulum_24h	schistosomulum_24h	whole_organism	mixed	not_applicable	untreated	24	not_declared	4	SAMEA988618	somule6	lane_1	${HF_PROJECT_RUNTIME_ROOT}/fastq_ftp/ERR022883_1.fastq.gz	${HF_PROJECT_RUNTIME_ROOT}/fastq_ftp/ERR022883_2.fastq.gz	compatibility/quants/E-MTAB-451/schistosomulum_24h_r4/quant.sf	TRUE	schistosomulum_24h	unknown		Readers	Smp_179650	Smp_179650	Smp_179650		protein_coding	SM_V10_2	42397649	42399894	+	SM_V10_2:42397649-42399894(+)	8.042891617387669	E-MTAB-451 | schistosomulum_24h_r4	E-MTAB-451 | not_declared | schistosomulum_24h | schistosomulum_24h | whole_organism | mixed	schistosomulum_24h | schistosomulum_24h | whole_organism | mixed	-1.2371540824545912
Smp_179650	E-MTAB-451__schistosomulum_3h_r1	712.814072	E-MTAB-451	schistosomulum_3h_r1	schistosomulum_3h_r1	ERR022874	schistosomulum_3h	schistosomulum_3h	whole_organism	mixed	not_applicable	untreated	3	not_declared	1	SAMEA988621	somule1	lane_1	${HF_PROJECT_RUNTIME_ROOT}/fastq_ftp/ERR022874_1.fastq.gz	${HF_PROJECT_RUNTIME_ROOT}/fastq_ftp/ERR022874_2.fastq.gz	compatibility/quants/E-MTAB-451/schistosomulum_3h_r1/quant.sf	TRUE	schistosomulum_3h	unknown		Grupo HP1	Smp_179650	Smp_179650	Smp_179650		protein_coding	SM_V10_2	42397649	42399894	+	SM_V10_2:42397649-42399894(+)	9.479404532468052	E-MTAB-451 | schistosomulum_3h_r1	E-MTAB-451 | not_declared | schistosomulum_3h | schistosomulum_3h | whole_organism | mixed	schistosomulum_3h | schistosomulum_3h | whole_organism | mixed	0.38763107167970534
Smp_179650	E-MTAB-451__schistosomulum_3h_r1	712.814072	E-MTAB-451	schistosomulum_3h_r1	schistosomulum_3h_r1	ERR022874	schistosomulum_3h	schistosomulum_3h	whole_organism	mixed	not_applicable	untreated	3	not_declared	1	SAMEA988621	somule1	lane_1	${HF_PROJECT_RUNTIME_ROOT}/fastq_ftp/ERR022874_1.fastq.gz	${HF_PROJECT_RUNTIME_ROOT}/fastq_ftp/ERR022874_2.fastq.gz	compatibility/quants/E-MTAB-451/schistosomulum_3h_r1/quant.sf	TRUE	schistosomulum_3h	unknown		Readers	Smp_179650	Smp_179650	Smp_179650		protein_coding	SM_V10_2	42397649	42399894	+	SM_V10_2:42397649-42399894(+)	9.479404532468052	E-MTAB-451 | schistosomulum_3h_r1	E-MTAB-451 | not_declared | schistosomulum_3h | schistosomulum_3h | whole_organism | mixed	schistosomulum_3h | schistosomulum_3h | whole_organism | mixed	0.38763107167970534
Smp_179650	E-MTAB-451__schistosomulum_3h_r2	436.376797	E-MTAB-451	schistosomulum_3h_r2	schistosomulum_3h_r2	ERR022879	schistosomulum_3h	schistosomulum_3h	whole_organism	mixed	not_applicable	untreated	3	not_declared	2	SAMEA988617	somule2	lane_1	${HF_PROJECT_RUNTIME_ROOT}/fastq_ftp/ERR022879_1.fastq.gz	${HF_PROJECT_RUNTIME_ROOT}/fastq_ftp/ERR022879_2.fastq.gz	compatibility/quants/E-MTAB-451/schistosomulum_3h_r2/quant.sf	TRUE	schistosomulum_3h	unknown		Grupo HP1	Smp_179650	Smp_179650	Smp_179650		protein_coding	SM_V10_2	42397649	42399894	+	SM_V10_2:42397649-42399894(+)	8.772732876688064	E-MTAB-451 | schistosomulum_3h_r2	E-MTAB-451 | not_declared | schistosomulum_3h | schistosomulum_3h | whole_organism | mixed	schistosomulum_3h | schistosomulum_3h | whole_organism | mixed	-0.41165837647299547
Smp_179650	E-MTAB-451__schistosomulum_3h_r2	436.376797	E-MTAB-451	schistosomulum_3h_r2	schistosomulum_3h_r2	ERR022879	schistosomulum_3h	schistosomulum_3h	whole_organism	mixed	not_applicable	untreated	3	not_declared	2	SAMEA988617	somule2	lane_1	${HF_PROJECT_RUNTIME_ROOT}/fastq_ftp/ERR022879_1.fastq.gz	${HF_PROJECT_RUNTIME_ROOT}/fastq_ftp/ERR022879_2.fastq.gz	compatibility/quants/E-MTAB-451/schistosomulum_3h_r2/quant.sf	TRUE	schistosomulum_3h	unknown		Readers	Smp_179650	Smp_179650	Smp_179650		protein_coding	SM_V10_2	42397649	42399894	+	SM_V10_2:42397649-42399894(+)	8.772732876688064	E-MTAB-451 | schistosomulum_3h_r2	E-MTAB-451 | not_declared | schistosomulum_3h | schistosomulum_3h | whole_organism | mixed	schistosomulum_3h | schistosomulum_3h | whole_organism | mixed	-0.41165837647299547
Smp_210650	E-MTAB-451__adult_mixed_r1	46.075367	E-MTAB-451	adult_mixed_r1	adult_mixed_r1	ERR022873	adult_mixed	adult	whole_organism	mixed	not_applicable	untreated	not_applicable	not_declared	1	SAMEA988615	adult2	lane_1	${HF_PROJECT_RUNTIME_ROOT}/fastq_ftp/ERR022873_1.fastq.gz	${HF_PROJECT_RUNTIME_ROOT}/fastq_ftp/ERR022873_2.fastq.gz	compatibility/quants/E-MTAB-451/adult_mixed_r1/quant.sf	TRUE	adult	unknown		Writers	Smp_210650	Smp_210650	Smp_210650		protein_coding	SM_V10_Z	35662022	35687306	-	SM_V10_Z:35662022-35687306(-)	5.556900437034696	E-MTAB-451 | adult_mixed_r1	E-MTAB-451 | not_declared | adult_mixed | adult | whole_organism | mixed	adult_mixed | adult | whole_organism | mixed	-0.4875041217906877
Smp_210650	E-MTAB-451__cercaria_whole_r1	75.075454	E-MTAB-451	cercaria_whole_r1	cercaria_whole_r1	ERR022872	cercaria_whole	cercaria	whole_organism	mixed	not_applicable	untreated	0	not_declared	1	SAMEA988623	cerc10a	lane_1	${HF_PROJECT_RUNTIME_ROOT}/fastq_ftp/ERR022872_1.fastq.gz	${HF_PROJECT_RUNTIME_ROOT}/fastq_ftp/ERR022872_2.fastq.gz	compatibility/quants/E-MTAB-451/cercaria_whole_r1/quant.sf	TRUE	cercaria	unknown		Writers	Smp_210650	Smp_210650	Smp_210650		protein_coding	SM_V10_Z	35662022	35687306	-	SM_V10_Z:35662022-35687306(-)	6.2493591333097065	E-MTAB-451 | cercaria_whole_r1	E-MTAB-451 | not_declared | cercaria_whole | cercaria | whole_organism | mixed	cercaria_whole | cercaria | whole_organism | mixed	1.6647508196683922
Smp_210650	E-MTAB-451__cercaria_whole_r2	66.141256	E-MTAB-451	cercaria_whole_r2	cercaria_whole_r2	ERR022877	cercaria_whole	cercaria	whole_organism	mixed	not_applicable	untreated	0	not_declared	2	SAMEA988624	cerc12	lane_1	${HF_PROJECT_RUNTIME_ROOT}/fastq_ftp/ERR022877_1.fastq.gz	${HF_PROJECT_RUNTIME_ROOT}/fastq_ftp/ERR022877_2.fastq.gz	compatibility/quants/E-MTAB-451/cercaria_whole_r2/quant.sf	TRUE	cercaria	unknown		Writers	Smp_210650	Smp_210650	Smp_210650		protein_coding	SM_V10_Z	35662022	35687306	-	SM_V10_Z:35662022-35687306(-)	6.069127620424801	E-MTAB-451 | cercaria_whole_r2	E-MTAB-451 | not_declared | cercaria_whole | cercaria | whole_organism | mixed	cercaria_whole | cercaria | whole_organism | mixed	1.1045669902214343
Smp_210650	E-MTAB-451__cercaria_whole_r3	59.693861	E-MTAB-451	cercaria_whole_r3	cercaria_whole_r3	ERR022878	cercaria_whole	cercaria	whole_organism	mixed	not_applicable	untreated	0	not_declared	3	SAMEA988614	cerc13	lane_1	${HF_PROJECT_RUNTIME_ROOT}/fastq_ftp/ERR022878_1.fastq.gz	${HF_PROJECT_RUNTIME_ROOT}/fastq_ftp/ERR022878_2.fastq.gz	compatibility/quants/E-MTAB-451/cercaria_whole_r3/quant.sf	TRUE	cercaria	unknown		Writers	Smp_210650	Smp_210650	Smp_210650		protein_coding	SM_V10_Z	35662022	35687306	-	SM_V10_Z:35662022-35687306(-)	5.923478694518973	E-MTAB-451 | cercaria_whole_r3	E-MTAB-451 | not_declared | cercaria_whole | cercaria | whole_organism | mixed	cercaria_whole | cercaria | whole_organism | mixed	0.6518705013401257
Smp_210650	E-MTAB-451__cercarial_tail_r1	44.348985	E-MTAB-451	cercarial_tail_r1	cercarial_tail_r1	ERR022875	cercarial_tail	cercaria	tail	mixed	not_applicable	untreated	0	not_declared	1	SAMEA988620	tail1	lane_1	${HF_PROJECT_RUNTIME_ROOT}/fastq_ftp/ERR022875_1.fastq.gz	${HF_PROJECT_RUNTIME_ROOT}/fastq_ftp/ERR022875_2.fastq.gz	compatibility/quants/E-MTAB-451/cercarial_tail_r1/quant.sf	TRUE	cercaria	unknown		Writers	Smp_210650	Smp_210650	Smp_210650		protein_coding	SM_V10_Z	35662022	35687306	-	SM_V10_Z:35662022-35687306(-)	5.50299835563336	E-MTAB-451 | cercarial_tail_r1	E-MTAB-451 | not_declared | cercarial_tail | cercaria | tail | mixed	cercarial_tail | cercaria | tail | mixed	-0.6550390544516844
Smp_210650	E-MTAB-451__schistosomulum_24h_r1	53.342496	E-MTAB-451	schistosomulum_24h_r1	schistosomulum_24h_r1	ERR022880	schistosomulum_24h	schistosomulum_24h	whole_organism	mixed	not_applicable	untreated	24	not_declared	1	SAMEA988616	somule3	lane_1	${HF_PROJECT_RUNTIME_ROOT}/fastq_ftp/ERR022880_1.fastq.gz	${HF_PROJECT_RUNTIME_ROOT}/fastq_ftp/ERR022880_2.fastq.gz	compatibility/quants/E-MTAB-451/schistosomulum_24h_r1/quant.sf	TRUE	schistosomulum_24h	unknown		Writers	Smp_210650	Smp_210650	Smp_210650		protein_coding	SM_V10_Z	35662022	35687306	-	SM_V10_Z:35662022-35687306(-)	5.7640089262573895	E-MTAB-451 | schistosomulum_24h_r1	E-MTAB-451 | not_declared | schistosomulum_24h | schistosomulum_24h | whole_organism | mixed	schistosomulum_24h | schistosomulum_24h | whole_organism | mixed	0.15621697196626952
Smp_210650	E-MTAB-451__schistosomulum_24h_r2	36.083771	E-MTAB-451	schistosomulum_24h_r2	schistosomulum_24h_r2	ERR022881	schistosomulum_24h	schistosomulum_24h	whole_organism	mixed	not_applicable	untreated	24	not_declared	2	SAMEA988622	somule4	lane_1	${HF_PROJECT_RUNTIME_ROOT}/fastq_ftp/ERR022881_1.fastq.gz	${HF_PROJECT_RUNTIME_ROOT}/fastq_ftp/ERR022881_2.fastq.gz	compatibility/quants/E-MTAB-451/schistosomulum_24h_r2/quant.sf	TRUE	schistosomulum_24h	unknown		Writers	Smp_210650	Smp_210650	Smp_210650		protein_coding	SM_V10_Z	35662022	35687306	-	SM_V10_Z:35662022-35687306(-)	5.21271605207562	E-MTAB-451 | schistosomulum_24h_r2	E-MTAB-451 | not_declared | schistosomulum_24h | schistosomulum_24h | whole_organism | mixed	schistosomulum_24h | schistosomulum_24h | whole_organism | mixed	-1.5572755713892183
Smp_210650	E-MTAB-451__schistosomulum_24h_r3	42.649894	E-MTAB-451	schistosomulum_24h_r3	schistosomulum_24h_r3	ERR022882	schistosomulum_24h	schistosomulum_24h	whole_organism	mixed	not_applicable	untreated	24	not_declared	3	SAMEA988619	somule5	lane_1	${HF_PROJECT_RUNTIME_ROOT}/fastq_ftp/ERR022882_1.fastq.gz	${HF_PROJECT_RUNTIME_ROOT}/fastq_ftp/ERR022882_2.fastq.gz	compatibility/quants/E-MTAB-451/schistosomulum_24h_r3/quant.sf	TRUE	schistosomulum_24h	unknown		Writers	Smp_210650	Smp_210650	Smp_210650		protein_coding	SM_V10_Z	35662022	35687306	-	SM_V10_Z:35662022-35687306(-)	5.4479062452859495	E-MTAB-451 | schistosomulum_24h_r3	E-MTAB-451 | not_declared | schistosomulum_24h | schistosomulum_24h | whole_organism | mixed	schistosomulum_24h | schistosomulum_24h | whole_organism | mixed	-0.8262727574414322
Smp_210650	E-MTAB-451__schistosomulum_24h_r4	41.813211	E-MTAB-451	schistosomulum_24h_r4	schistosomulum_24h_r4	ERR022883	schistosomulum_24h	schistosomulum_24h	whole_organism	mixed	not_applicable	untreated	24	not_declared	4	SAMEA988618	somule6	lane_1	${HF_PROJECT_RUNTIME_ROOT}/fastq_ftp/ERR022883_1.fastq.gz	${HF_PROJECT_RUNTIME_ROOT}/fastq_ftp/ERR022883_2.fastq.gz	compatibility/quants/E-MTAB-451/schistosomulum_24h_r4/quant.sf	TRUE	schistosomulum_24h	unknown		Writers	Smp_210650	Smp_210650	Smp_210650		protein_coding	SM_V10_Z	35662022	35687306	-	SM_V10_Z:35662022-35687306(-)	5.4199841369172415	E-MTAB-451 | schistosomulum_24h_r4	E-MTAB-451 | not_declared | schistosomulum_24h | schistosomulum_24h | whole_organism | mixed	schistosomulum_24h | schistosomulum_24h | whole_organism | mixed	-0.9130584329420556
Smp_210650	E-MTAB-451__schistosomulum_3h_r1	50.238898	E-MTAB-451	schistosomulum_3h_r1	schistosomulum_3h_r1	ERR022874	schistosomulum_3h	schistosomulum_3h	whole_organism	mixed	not_applicable	untreated	3	not_declared	1	SAMEA988621	somule1	lane_1	${HF_PROJECT_RUNTIME_ROOT}/fastq_ftp/ERR022874_1.fastq.gz	${HF_PROJECT_RUNTIME_ROOT}/fastq_ftp/ERR022874_2.fastq.gz	compatibility/quants/E-MTAB-451/schistosomulum_3h_r1/quant.sf	TRUE	schistosomulum_3h	unknown		Writers	Smp_210650	Smp_210650	Smp_210650		protein_coding	SM_V10_Z	35662022	35687306	-	SM_V10_Z:35662022-35687306(-)	5.679167542716971	E-MTAB-451 | schistosomulum_3h_r1	E-MTAB-451 | not_declared | schistosomulum_3h | schistosomulum_3h | whole_organism | mixed	schistosomulum_3h | schistosomulum_3h | whole_organism | mixed	-0.10748148102069387
Smp_210650	E-MTAB-451__schistosomulum_3h_r2	64.145045	E-MTAB-451	schistosomulum_3h_r2	schistosomulum_3h_r2	ERR022879	schistosomulum_3h	schistosomulum_3h	whole_organism	mixed	not_applicable	untreated	3	not_declared	2	SAMEA988617	somule2	lane_1	${HF_PROJECT_RUNTIME_ROOT}/fastq_ftp/ERR022879_1.fastq.gz	${HF_PROJECT_RUNTIME_ROOT}/fastq_ftp/ERR022879_2.fastq.gz	compatibility/quants/E-MTAB-451/schistosomulum_3h_r2/quant.sf	TRUE	schistosomulum_3h	unknown		Writers	Smp_210650	Smp_210650	Smp_210650		protein_coding	SM_V10_Z	35662022	35687306	-	SM_V10_Z:35662022-35687306(-)	6.025583544965746	E-MTAB-451 | schistosomulum_3h_r2	E-MTAB-451 | not_declared | schistosomulum_3h | schistosomulum_3h | whole_organism | mixed	schistosomulum_3h | schistosomulum_3h | whole_organism | mixed	0.9692261358395614
Smp_210660	E-MTAB-451__adult_mixed_r1	23.37621	E-MTAB-451	adult_mixed_r1	adult_mixed_r1	ERR022873	adult_mixed	adult	whole_organism	mixed	not_applicable	untreated	not_applicable	not_declared	1	SAMEA988615	adult2	lane_1	${HF_PROJECT_RUNTIME_ROOT}/fastq_ftp/ERR022873_1.fastq.gz	${HF_PROJECT_RUNTIME_ROOT}/fastq_ftp/ERR022873_2.fastq.gz	compatibility/quants/E-MTAB-451/adult_mixed_r1/quant.sf	TRUE	adult	unknown		Writers	Smp_210660	Smp_210660	Smp_210660		protein_coding	SM_V10_3	25772039	25798864	+	SM_V10_3:25772039-25798864(+)	4.607401928833619	E-MTAB-451 | adult_mixed_r1	E-MTAB-451 | not_declared | adult_mixed | adult | whole_organism | mixed	adult_mixed | adult | whole_organism | mixed	-1.65309549690964
Smp_210660	E-MTAB-451__cercaria_whole_r1	41.631189	E-MTAB-451	cercaria_whole_r1	cercaria_whole_r1	ERR022872	cercaria_whole	cercaria	whole_organism	mixed	not_applicable	untreated	0	not_declared	1	SAMEA988623	cerc10a	lane_1	${HF_PROJECT_RUNTIME_ROOT}/fastq_ftp/ERR022872_1.fastq.gz	${HF_PROJECT_RUNTIME_ROOT}/fastq_ftp/ERR022872_2.fastq.gz	compatibility/quants/E-MTAB-451/cercaria_whole_r1/quant.sf	TRUE	cercaria	unknown		Writers	Smp_210660	Smp_210660	Smp_210660		protein_coding	SM_V10_3	25772039	25798864	+	SM_V10_3:25772039-25798864(+)	5.413837388061188	E-MTAB-451 | cercaria_whole_r1	E-MTAB-451 | not_declared | cercaria_whole | cercaria | whole_organism | mixed	cercaria_whole | cercaria | whole_organism | mixed	1.1264696689541567
Smp_210660	E-MTAB-451__cercaria_whole_r2	30.5439	E-MTAB-451	cercaria_whole_r2	cercaria_whole_r2	ERR022877	cercaria_whole	cercaria	whole_organism	mixed	not_applicable	untreated	0	not_declared	2	SAMEA988624	cerc12	lane_1	${HF_PROJECT_RUNTIME_ROOT}/fastq_ftp/ERR022877_1.fastq.gz	${HF_PROJECT_RUNTIME_ROOT}/fastq_ftp/ERR022877_2.fastq.gz	compatibility/quants/E-MTAB-451/cercaria_whole_r2/quant.sf	TRUE	cercaria	unknown		Writers	Smp_210660	Smp_210660	Smp_210660		protein_coding	SM_V10_3	25772039	25798864	+	SM_V10_3:25772039-25798864(+)	4.979289136842738	E-MTAB-451 | cercaria_whole_r2	E-MTAB-451 | not_declared | cercaria_whole | cercaria | whole_organism | mixed	cercaria_whole | cercaria | whole_organism | mixed	-0.3713007578705255
Smp_210660	E-MTAB-451__cercaria_whole_r3	30.616396	E-MTAB-451	cercaria_whole_r3	cercaria_whole_r3	ERR022878	cercaria_whole	cercaria	whole_organism	mixed	not_applicable	untreated	0	not_declared	3	SAMEA988614	cerc13	lane_1	${HF_PROJECT_RUNTIME_ROOT}/fastq_ftp/ERR022878_1.fastq.gz	${HF_PROJECT_RUNTIME_ROOT}/fastq_ftp/ERR022878_2.fastq.gz	compatibility/quants/E-MTAB-451/cercaria_whole_r3/quant.sf	TRUE	cercaria	unknown		Writers	Smp_210660	Smp_210660	Smp_210660		protein_coding	SM_V10_3	25772039	25798864	+	SM_V10_3:25772039-25798864(+)	4.982601017002877	E-MTAB-451 | cercaria_whole_r3	E-MTAB-451 | not_declared | cercaria_whole | cercaria | whole_organism | mixed	cercaria_whole | cercaria | whole_organism | mixed	-0.35988560167754685
Smp_210660	E-MTAB-451__cercarial_tail_r1	24.547106	E-MTAB-451	cercarial_tail_r1	cercarial_tail_r1	ERR022875	cercarial_tail	cercaria	tail	mixed	not_applicable	untreated	0	not_declared	1	SAMEA988620	tail1	lane_1	${HF_PROJECT_RUNTIME_ROOT}/fastq_ftp/ERR022875_1.fastq.gz	${HF_PROJECT_RUNTIME_ROOT}/fastq_ftp/ERR022875_2.fastq.gz	compatibility/quants/E-MTAB-451/cercarial_tail_r1/quant.sf	TRUE	cercaria	unknown		Writers	Smp_210660	Smp_210660	Smp_210660		protein_coding	SM_V10_3	25772039	25798864	+	SM_V10_3:25772039-25798864(+)	4.675087965466212	E-MTAB-451 | cercarial_tail_r1	E-MTAB-451 | not_declared | cercarial_tail | cercaria | tail | mixed	cercarial_tail | cercaria | tail | mixed	-1.4198000143182106
Smp_210660	E-MTAB-451__schistosomulum_24h_r1	44.871936	E-MTAB-451	schistosomulum_24h_r1	schistosomulum_24h_r1	ERR022880	schistosomulum_24h	schistosomulum_24h	whole_organism	mixed	not_applicable	untreated	24	not_declared	1	SAMEA988616	somule3	lane_1	${HF_PROJECT_RUNTIME_ROOT}/fastq_ftp/ERR022880_1.fastq.gz	${HF_PROJECT_RUNTIME_ROOT}/fastq_ftp/ERR022880_2.fastq.gz	compatibility/quants/E-MTAB-451/schistosomulum_24h_r1/quant.sf	TRUE	schistosomulum_24h	unknown		Writers	Smp_210660	Smp_210660	Smp_210660		protein_coding	SM_V10_3	25772039	25798864	+	SM_V10_3:25772039-25798864(+)	5.519539891748234	E-MTAB-451 | schistosomulum_24h_r1	E-MTAB-451 | not_declared | schistosomulum_24h | schistosomulum_24h | whole_organism | mixed	schistosomulum_24h | schistosomulum_24h | whole_organism | mixed	1.4907976431661574
Smp_210660	E-MTAB-451__schistosomulum_24h_r2	36.862698	E-MTAB-451	schistosomulum_24h_r2	schistosomulum_24h_r2	ERR022881	schistosomulum_24h	schistosomulum_24h	whole_organism	mixed	not_applicable	untreated	24	not_declared	2	SAMEA988622	somule4	lane_1	${HF_PROJECT_RUNTIME_ROOT}/fastq_ftp/ERR022881_1.fastq.gz	${HF_PROJECT_RUNTIME_ROOT}/fastq_ftp/ERR022881_2.fastq.gz	compatibility/quants/E-MTAB-451/schistosomulum_24h_r2/quant.sf	TRUE	schistosomulum_24h	unknown		Writers	Smp_210660	Smp_210660	Smp_210660		protein_coding	SM_V10_3	25772039	25798864	+	SM_V10_3:25772039-25798864(+)	5.242705312387936	E-MTAB-451 | schistosomulum_24h_r2	E-MTAB-451 | not_declared | schistosomulum_24h | schistosomulum_24h | whole_organism | mixed	schistosomulum_24h | schistosomulum_24h | whole_organism | mixed	0.5366236361929565
Smp_210660	E-MTAB-451__schistosomulum_24h_r3	30.65882	E-MTAB-451	schistosomulum_24h_r3	schistosomulum_24h_r3	ERR022882	schistosomulum_24h	schistosomulum_24h	whole_organism	mixed	not_applicable	untreated	24	not_declared	3	SAMEA988619	somule5	lane_1	${HF_PROJECT_RUNTIME_ROOT}/fastq_ftp/ERR022882_1.fastq.gz	${HF_PROJECT_RUNTIME_ROOT}/fastq_ftp/ERR022882_2.fastq.gz	compatibility/quants/E-MTAB-451/schistosomulum_24h_r3/quant.sf	TRUE	schistosomulum_24h	unknown		Writers	Smp_210660	Smp_210660	Smp_210660		protein_coding	SM_V10_3	25772039	25798864	+	SM_V10_3:25772039-25798864(+)	4.984535578667139	E-MTAB-451 | schistosomulum_24h_r3	E-MTAB-451 | not_declared | schistosomulum_24h | schistosomulum_24h | whole_organism | mixed	schistosomulum_24h | schistosomulum_24h | whole_organism | mixed	-0.3532176902511955
Smp_210660	E-MTAB-451__schistosomulum_24h_r4	33.122196	E-MTAB-451	schistosomulum_24h_r4	schistosomulum_24h_r4	ERR022883	schistosomulum_24h	schistosomulum_24h	whole_organism	mixed	not_applicable	untreated	24	not_declared	4	SAMEA988618	somule6	lane_1	${HF_PROJECT_RUNTIME_ROOT}/fastq_ftp/ERR022883_1.fastq.gz	${HF_PROJECT_RUNTIME_ROOT}/fastq_ftp/ERR022883_2.fastq.gz	compatibility/quants/E-MTAB-451/schistosomulum_24h_r4/quant.sf	TRUE	schistosomulum_24h	unknown		Writers	Smp_210660	Smp_210660	Smp_210660		protein_coding	SM_V10_3	25772039	25798864	+	SM_V10_3:25772039-25798864(+)	5.092638591964466	E-MTAB-451 | schistosomulum_24h_r4	E-MTAB-451 | not_declared | schistosomulum_24h | schistosomulum_24h | whole_organism | mixed	schistosomulum_24h | schistosomulum_24h | whole_organism | mixed	0.019384192079188862
Smp_210660	E-MTAB-451__schistosomulum_3h_r1	32.625003	E-MTAB-451	schistosomulum_3h_r1	schistosomulum_3h_r1	ERR022874	schistosomulum_3h	schistosomulum_3h	whole_organism	mixed	not_applicable	untreated	3	not_declared	1	SAMEA988621	somule1	lane_1	${HF_PROJECT_RUNTIME_ROOT}/fastq_ftp/ERR022874_1.fastq.gz	${HF_PROJECT_RUNTIME_ROOT}/fastq_ftp/ERR022874_2.fastq.gz	compatibility/quants/E-MTAB-451/schistosomulum_3h_r1/quant.sf	TRUE	schistosomulum_3h	unknown		Writers	Smp_210660	Smp_210660	Smp_210660		protein_coding	SM_V10_3	25772039	25798864	+	SM_V10_3:25772039-25798864(+)	5.0714624912729045	E-MTAB-451 | schistosomulum_3h_r1	E-MTAB-451 | not_declared | schistosomulum_3h | schistosomulum_3h | whole_organism | mixed	schistosomulum_3h | schistosomulum_3h | whole_organism | mixed	-0.053604106187688905
Smp_210660	E-MTAB-451__schistosomulum_3h_r2	40.876295	E-MTAB-451	schistosomulum_3h_r2	schistosomulum_3h_r2	ERR022879	schistosomulum_3h	schistosomulum_3h	whole_organism	mixed	not_applicable	untreated	3	not_declared	2	SAMEA988617	somule2	lane_1	${HF_PROJECT_RUNTIME_ROOT}/fastq_ftp/ERR022879_1.fastq.gz	${HF_PROJECT_RUNTIME_ROOT}/fastq_ftp/ERR022879_2.fastq.gz	compatibility/quants/E-MTAB-451/schistosomulum_3h_r2/quant.sf	TRUE	schistosomulum_3h	unknown		Writers	Smp_210660	Smp_210660	Smp_210660		protein_coding	SM_V10_3	25772039	25798864	+	SM_V10_3:25772039-25798864(+)	5.388061900537726	E-MTAB-451 | schistosomulum_3h_r2	E-MTAB-451 | not_declared | schistosomulum_3h | schistosomulum_3h | whole_organism | mixed	schistosomulum_3h | schistosomulum_3h | whole_organism | mixed	1.037628526822342
