gene_id	dispersion
Smp_000020	0.0148869854152037
Smp_000030	0.0047832491311056
Smp_000040	0.00458290850644099
Smp_000050	0.422066424253128
Smp_000070	0.047144226191005
Smp_000075	23
Smp_000080	1.89583715643295
Smp_000100	0.245921934235656
Smp_000110	0.0251235249423834
Smp_000130	0.0790794614855201
Smp_000150	0.00584254595951195
Smp_000160	0.148457818079644
Smp_000180	0.973256928346898
Smp_000190	0.018434977721578
Smp_000200	0.0122973644611905
Smp_000230	0.0302875923868258
Smp_000240	0.051341348585075
Smp_000260	0.0293459312747447
Smp_000270	1.69320426214132
Smp_000280	1.5646026561197
Smp_000300	0.150266019118422
Smp_000310	0.0189639557105883
Smp_000320	0.131756104645311
Smp_000340	0.356368221051197
Smp_000370	0.0518203381421953
Smp_000390	1.85304636147569
Smp_000420	1.59474029842466
Smp_000430	1.68614106506889
Smp_000470	0.00831916848038186
Smp_000480	0.0249310647005464
Smp_000500	1.58543130623357
Smp_000510	0.0221405096622027
Smp_000580	0.100577095875579
Smp_000590	0.00757210587823723
Smp_000600	0.0579013748591145
Smp_000620	0.311687699102608
Smp_000630	0.0389821870569449
Smp_000640	0.024274151603329
Smp_000650	0.0125412682705848
Smp_000660	0.0197407686319919
Smp_000670	0.0172671060545266
Smp_000680	0.0241451583506925
Smp_000690	0.0972502732775145
Smp_000700	0.0163245892094166
Smp_000710	0.0133065897496363
Smp_000720	0.0193561122460606
Smp_000740	0.0256068411378098
Smp_000755	0.0539179643091628
Smp_000790	0.0200498805422057
Smp_000810	0.0150195658801613
Smp_000820	0.260912001871475
Smp_000830	1.94180621526701
Smp_000850	0.0603271571021373
Smp_000870	0.0737682174948228
Smp_000880	0.0760907647607744
Smp_000900	0.13538762265521
Smp_000910	0.160635642759165
Smp_000950	0.982101768238309
Smp_000980	0.0138705994322252
Smp_000990	0.016001917349683
Smp_001000	0.314490965443477
Smp_001020	0.0200671288147647
Smp_001030	0.00911149581253711
Smp_001040	0.098040733110627
Smp_001070	0.242146566579594
Smp_001080	0.101188468154969
Smp_001090	0.0214365923119457
Smp_001095	0.0242969871653107
Smp_001100	0.138525655903836
Smp_001120	0.0292197531763911
Smp_001160	0.107626029157662
Smp_001170	0.0246037857158559
Smp_001180	0.0241715977968855
Smp_001210	0.0775127939127835
Smp_001360	0.00771417980476004
Smp_001390	0.0393835433987362
Smp_001410	0.0273248590836491
Smp_001420	0.00979979776865553
Smp_001500	0.0122245809118552
Smp_001530	0.0281851859378365
Smp_001560	0.133495882768657
Smp_001590	0.00925563349975135
Smp_001610	0.0849539372116494
Smp_001640	0.0174817448404822
Smp_001780	0.123541842921964
Smp_001830	0.0686762090419721
Smp_001900	0.233199630533506
Smp_001940	0.0138538769101314
Smp_001950	0.117179532873353
Smp_001960	0.00427863680657995
Smp_001980	0.704876673430587
Smp_002010	0.091253192008277
Smp_002060	1.64621595400743
Smp_002080	0.117913445643813
Smp_002100	0.112071095204409
Smp_002160	0.0241094921367342
Smp_002180	0.0430832009136192
Smp_002230	0.032237580124547
Smp_002280	0.0211174444209325
Smp_002380	0.0133879639055999
Smp_002410	0.0615469962933205
Smp_002510	0.0752079343090245
Smp_002550	0.0435813421425639
Smp_002600	0.0250487282002983
Smp_002640	0.547898256092268
Smp_002740	0.0656272477194686
Smp_002820	0.0405835889633622
Smp_002840	0.00332450836665992
Smp_002870	0.017329048195595
Smp_002880	0.0571341591530238
Smp_002920	0.0969796887943473
Smp_002950	0.0503599050217107
Smp_003000	0.0134113144285756
Smp_003130	0.0387856474719481
Smp_003140	0.00545518650452005
Smp_003190	0.0624417895236953
Smp_003230	0.1339533055351
Smp_003250	0.018705731832275
Smp_003270	0.0291356598769342
Smp_003280	0.548062272472091
Smp_003300	17.8449935409046
Smp_003330	0.03580614271238
Smp_003340	0.0236079944002803
Smp_003410	0.081566989202702
Smp_003440	0.375522377070153
Smp_003600	0.819764762898503
Smp_003610	0.122903313852161
Smp_003620	0.0148981924192036
Smp_003630	0.00835307476563467
Smp_003660	0.0335128680251876
Smp_003670	0.0291866023190837
Smp_003700	0.0351386614375393
Smp_003710	0.0170188483625712
Smp_003770	0.0235553163628132
Smp_003860	0.0183454108575791
Smp_003900	0.10283564666298
Smp_003930	0.127801715184686
Smp_003940	0.0343346628870995
Smp_003970	0.158727104900211
Smp_003980	0.0187988492531474
Smp_003990	0.0540976297907922
Smp_004000	0.0847762111379826
Smp_004060	0.253237176898583
Smp_004070	0.135301302972274
Smp_004080	0.152273117216311
Smp_004160	0.0974102221607959
Smp_004170	0.0270855966887229
Smp_004190	0.0185227328462254
Smp_004200	0.0333917327332511
Smp_004220	0.0619916027278093
Smp_004260	0.0245858755104825
Smp_004310	0.0121949017236332
Smp_004350	0.0207413902460586
Smp_004360	0.0280175833249331
Smp_004420	0.180169543848403
Smp_004440	0.290289449422056
Smp_004470	0.0291672518912162
Smp_004480	0.00272028475220713
Smp_004550	0.0160987935971623
Smp_004590	0.0459779475537581
Smp_004600	0.0442170045028864
Smp_004630	0.148726500751826
Smp_004640	0.0782458203645637
Smp_004680	0.0278276064696432
Smp_004690	0.136037201541143
Smp_004710	0.0449646186418066
Smp_004730	0.219662731766167
Smp_004780	0.0267144175175027
Smp_004810	0.0219145752349538
Smp_004820	0.0523165431187063
Smp_004910	0.00709681945478767
Smp_004940	0.112792303410849
Smp_004990	0.108930944032018
Smp_005000	0.0129531429938858
Smp_005010	0.0200431953522033
Smp_005020	0.0251500625015718
Smp_005070	0.0326997006058068
Smp_005080	0.0654034193541758
Smp_005140	0.123115056099518
Smp_005160	0.0542810173417224
Smp_005180	0.0408226076423866
Smp_005190	0.0446508066539469
Smp_005210	0.00729919595023419
Smp_005230	0.029426072078612
Smp_005260	0.0480372241767266
Smp_005280	0.0760903583068063
Smp_005290	0.0256183031472939
Smp_005320	0.011348495617934
Smp_005330	0.0306454053317089
Smp_005390	0.013177092823802
Smp_005470	0.339648611042498
Smp_005500	0.0558079780716305
Smp_005520	0.00992955384688951
Smp_005640	0.0238146768122583
Smp_005670	0.044258377079794
Smp_005720	0.269694418409225
Smp_005780	0.0197894336889136
Smp_005790	0.0194870711915071
Smp_005880	0.0919408078321497
Smp_005900	0.0586775624422649
Smp_005910	0.0626972017546403
Smp_005960	0.0832135511506151
Smp_006000	0.0543224684539004
Smp_006060	0.0335698568520771
Smp_006190	0.069886313884585
Smp_006195	0.143720672437915
Smp_006250	0.024293701674725
Smp_006320	0.017571380324655
Smp_006340	0.0127083041128312
Smp_006350	0.0373776571183277
Smp_006390	0.0933875205431525
Smp_006440	0.0395298661275973
Smp_006550	0.0675379121047321
Smp_006560	0.037645522884896
Smp_006590	0.0197349217959081
Smp_006630	0.0351492956432415
Smp_006680	0.00851639846982151
Smp_006690	0.00978021283499216
Smp_006700	0.0182461486451432
Smp_006710	0.0283689394347365
Smp_006720	0.0464448687823016
Smp_006730	0.0341276239756226
Smp_006750	0.0662303458254959
Smp_006760	0.0400057170561983
Smp_006780	0.0469477692958452
Smp_006810	0.0684648129206973
Smp_006830	0.0145772233437211
Smp_006840	0.0277746880010756
Smp_006850	0.0498927380766354
Smp_006860	0.310797744096101
Smp_006920	0.0502130316294856
Smp_006930	0.0481571284341452
Smp_007000	0.18258600236819
Smp_007070	0.250834025011602
Smp_007170	0.0177508677992961
Smp_007180	0.0121034876315372
Smp_007190	0.0211840887529131
Smp_007210	0.0905525275164288
Smp_007260	0.0115080652398754
Smp_007270	0.192735875103886
Smp_007290	0.0638948014076428
Smp_007300	0.0242430751198171
Smp_007330	0.0206690322427285
Smp_007380	0.00585211536034408
Smp_007450	0.0923829841429727
Smp_007500	0.00418642173060793
Smp_007510	0.0151739508426263
Smp_007540	0.0692936868700199
Smp_007550	0.00692920244683198
Smp_007570	0.628708697969315
Smp_007630	0.0291411795727632
Smp_007650	0.0715667345923299
Smp_007660	0.00333432700082145
Smp_007670	0.55297253004108
Smp_007690	0.139147295795921
Smp_007710	0.0598239733618974
Smp_007730	0.0423293695085014
Smp_007760	0.109025485349412
Smp_007890	0.0411957037316459
Smp_007900	0.137897077351003
Smp_007960	0.0653627665794932
Smp_007970	0.0417155359673639
Smp_008070	0.12507829727325
Smp_008120	0.0143972172731741
Smp_008140	0.0229389835610079
Smp_008220	0.0720361561302055
Smp_008230	0.0374302903413194
Smp_008260	0.0113982442680961
Smp_008290	0.010041745045045
Smp_008310	0.0163081185148907
Smp_008320	0.04521869076415
Smp_008360	0.0539570183404742
Smp_008400	0.695754401005052
Smp_008430	0.0104541688212919
Smp_008440	0.0312915316346735
Smp_008450	0.0781862624811979
Smp_008470	0.0183300954537446
Smp_008490	0.142836636685736
Smp_008500	0.00727970404648945
Smp_008545	0.0913777856866294
Smp_008580	0.0371964987768484
Smp_008610	0.0349567339591238
Smp_008620	0.0944254384435389
Smp_008660	0.195896941625483
Smp_008710	0.179059194119954
Smp_008770	0.0321207149418328
Smp_008830	0.00552163519427269
Smp_008850	0.282101675271936
Smp_008900	0.00580657237865596
Smp_009020	0.495609467715474
Smp_009030	0.15019736283744
Smp_009070	0.0607921767093317
Smp_009150	0.0274302116900304
Smp_009230	0.601538176417659
Smp_009250	0.0154621492404143
Smp_009310	0.0492752035662422
Smp_009320	0.0376953931261462
Smp_009340	0.00690984771712426
Smp_009390	0.0214614539044148
Smp_009400	0.0256041959600091
Smp_009420	0.0784587259895196
Smp_009430	0.0235655987654127
Smp_009520	0.0317554540706898
Smp_009540	0.0425911457671752
Smp_009550	0.0193335416725988
Smp_009560	0.018708486393104
Smp_009600	0.196273172735207
Smp_009630	0.293586623354731
Smp_009650	0.017333587649497
Smp_009690	0.0375367635460244
Smp_009760	0.0121106072118951
Smp_009800	0.0615094694957125
Smp_009810	3.68565229649531
Smp_009830	0.124346700624896
Smp_009990	0.0367934218370036
Smp_010090	0.0236060425141498
Smp_010100	0.0096949284771439
Smp_010110	0.0123499910801952
Smp_010140	0.0093950395879421
Smp_010160	0.0274560502879573
Smp_010230	0.0642371086340855
Smp_010250	0.00957956509652425
Smp_010260	0.0193538244064297
Smp_010280	0.0379303987312206
Smp_010290	0.0231320708078004
Smp_010370	0.0267203887540627
Smp_010380	0.0625873652481944
Smp_010400	0.0851288789629282
Smp_010450	0.122385268973372
Smp_010550	0.575932345071369
Smp_010620	0.0303015527782252
Smp_010690	0.0165231661608206
Smp_010710	0.0180135552528498
Smp_010720	0.556180247061778
Smp_010800	0.0297633148154122
Smp_010820	0.134581310023579
Smp_010930	0.03033547201755
Smp_010940	0.040648295294326
Smp_011000	0.0806716549028422
Smp_011010	0.0262314009494428
Smp_011030	0.0883025733879942
Smp_011120	0.0180167153388962
Smp_011150	0.0599279640437573
Smp_011220	0.0184017181503806
Smp_011230	0.0134002540360641
Smp_011270	0.0416533405409234
Smp_011560	0.272877523040005
Smp_011570	0.0142913471375512
Smp_011640	0.138069536178528
Smp_011660	0.0511988468516028
Smp_011680	0.0870627836282194
Smp_011700	1.18999456222755
Smp_011710	0.0334625119795031
Smp_011720	0.0397554253287377
Smp_011830	0.121078201082382
Smp_011860	0.0487696569789003
Smp_011870	0.879500358170504
Smp_011960	0.0538295911225073
Smp_011980	0.00984947799942157
Smp_011990	0.0311088648482307
Smp_012000	0.431966753398895
Smp_012010	0.0294038392149915
Smp_012030	0.0139962863181088
Smp_012050	0.267168958595586
Smp_012070	0.0143786387668566
Smp_012110	0.0836111160489391
Smp_012150	0.0373869624103375
Smp_012200	0.0609291709158135
Smp_012280	0.0225750911057614
Smp_012340	0.0109138727481885
Smp_012350	0.0557370891807517
Smp_012380	0.170566825439704
Smp_012400	0.081113591430816
Smp_012410	0.0146539072488395
Smp_012440	0.17344780408099
Smp_012470	0.0104672871886548
Smp_012480	0.0110560156759551
Smp_012530	0.0107642165391072
Smp_012540	0.0176722201840762
Smp_012570	0.0108223919137406
Smp_012580	0.051707967538194
Smp_012670	0.0407057537167387
Smp_012690	0.00780851891738361
Smp_012720	0.0227283446651711
Smp_012740	0.0269370805498533
Smp_012750	0.0899082343550057
Smp_012780	0.17346674991685
Smp_012790	0.00930042752167013
Smp_012800	0.0211716429678298
Smp_012810	0.270746086254409
Smp_012860	0.0366221357228293
Smp_012900	0.0177033802557923
Smp_012920	0.462154570079668
Smp_012930	0.248796401478297
Smp_012980	0.0130524372047641
Smp_013040	0.0129295198482209
Smp_013050	0.0158637488067172
Smp_013060	0.0140323743807561
Smp_013070	0.016764266011261
Smp_013080	0.101556757309146
Smp_013150	0.218240711976519
Smp_013200	0.185547674279599
Smp_013210	0.266965679130613
Smp_013300	0.0141342734839592
Smp_013360	0.0236657699673944
Smp_013370	0.0113323420391615
Smp_013440	0.0608544289896965
Smp_013460	0.0304556989424711
Smp_013470	0.112719785236689
Smp_013520	0.0145568089352035
Smp_013540	1.75661326392885
Smp_013600	1.17672691162427
Smp_013610	0.033891986429505
Smp_013690	0.00574787259788149
Smp_013790	0.0108341070768652
Smp_013810	0.240773026480735
Smp_013815	0.038663443014212
Smp_013840	0.0159542396492753
Smp_013860	0.0105771201734129
Smp_013870	0.0178178498710653
Smp_013930	0.0108307171670491
Smp_013950	0.0491759767308358
Smp_014010	0.0260162052081197
Smp_014020	0.013825434983441
Smp_014050	0.0161834244891947
Smp_014080	0.0487269465585024
Smp_014170	0.0478409160839586
Smp_014260	0.0274978569241515
Smp_014280	0.0110334093758022
Smp_014290	0.0129408869354942
Smp_014400	0.0336013917511405
Smp_014410	0.116254343364859
Smp_014430	0.0431905375276732
Smp_014570	0.0803312250858784
Smp_014620	0.100953390992841
Smp_014650	0.0957109371433824
Smp_014660	0.0385075119376363
Smp_014670	0.0375913460107
Smp_014680	0.0900174369372546
Smp_014730	0.0725881653989529
Smp_014780	0.0623401910633098
Smp_014800	0.0268365277801823
Smp_014840	0.163801271685591
Smp_014850	0.0174952599863518
Smp_015020	0.10027642324794
Smp_015050	0.050596730149255
Smp_015090	0.0208049488102027
Smp_015100	0.103394156706322
Smp_015220	0.0405179506941431
Smp_015390	0.0332794239535758
Smp_015440	0.0264109573037555
Smp_015480	0.213499036746056
Smp_015530	0.00469181905860841
Smp_015630	0.307963803561384
Smp_015670	0.451920765235846
Smp_015690	0.0350189069610072
Smp_015710	0.0103940825614478
Smp_015720	0.0530348559591063
Smp_015730	0.0364866375464433
Smp_015760	0.25725022229131
Smp_015780	0.0222241249718475
Smp_015800	0.0367915975535149
Smp_015820	0.0441155134986165
Smp_015840	0.0532929104020285
Smp_015850	0.00517599718362695
Smp_015860	0.0380835218194581
Smp_015880	0.0299954734925712
Smp_015900	0.00809519919770566
Smp_015980	0.0243972064588387
Smp_016050	0.0113178523765146
Smp_016090	0.0340196970681214
Smp_016130	0.025595349850982
Smp_016180	0.0405778999133346
Smp_016200	0.0193989898945989
Smp_016250	0.0275699753887712
Smp_016340	0.0150245979882041
Smp_016380	0.0514410456032038
Smp_016410	0.0184208883369639
Smp_016490	0.100424278986018
Smp_016510	0.0328533357979102
Smp_016540	0.0878458564312772
Smp_016550	0.011606260238587
Smp_016600	0.248479874528462
Smp_016630	0.0693137882069987
Smp_016640	0.00875935123996801
Smp_016670	0.0231965641873832
Smp_016730	0.0350539033352119
Smp_016750	0.100711566981132
Smp_016780	0.464513835027556
Smp_016810	0.0157527791273699
Smp_016870	0.133087504963884
Smp_016900	0.0623788885740877
Smp_016910	0.116643280503143
Smp_016920	0.19178230714016
Smp_016990	0.0336925822409377
Smp_017010	0.0317854327029309
Smp_017020	15.4195415442975
Smp_017070	0.00461007328699494
Smp_017230	0.038845643725143
Smp_017280	0.12839273981019
Smp_017290	0.0700329993246507
Smp_017360	0.0456913392298164
Smp_017420	0.113444911845158
Smp_017430	0.0557643357714297
Smp_017470	0.0170729496709285
Smp_017520	0.0118537230114021
Smp_017610	0.934096234486394
Smp_017640	0.0134501112027487
Smp_017650	0.0221077525394659
Smp_017660	0.0455591709357463
Smp_017710	0.161809049826601
Smp_017730	0.287520464009752
Smp_017750	0.00473699339155952
Smp_017830	0.0166571136328586
Smp_017860	0.0678585527656845
Smp_017870	0.0461852602213226
Smp_017880	0.0541373962480076
Smp_017890	0.0258955215381701
Smp_017990	0.0150697995135697
Smp_018010	0.167822452592303
Smp_018020	0.0111477445203377
Smp_018030	0.0120518219943542
Smp_018160	0.0151892536459769
Smp_018170	0.106540776299491
Smp_018210	0.0177044342360719
Smp_018220	0.0295571962229775
Smp_018240	0.0180936517804758
Smp_018250	0.37811368918376
Smp_018260	0.0626893487198519
Smp_018280	0.0730840296216294
Smp_018290	0.0331241127641803
Smp_018310	0.047913651199196
Smp_018360	0.0235058119330217
Smp_018400	0.0493079859505568
Smp_018430	0.00840188726200605
Smp_018440	0.174568911386021
Smp_018460	0.031584333366443
Smp_018500	0.0589889079759588
Smp_018530	0.0327066293636228
Smp_018550	0.0622738415401716
Smp_018570	0.084429158149892
Smp_018580	0.0134716005609699
Smp_018590	0.955349646112341
Smp_018610	0.0280476273986923
Smp_018620	0.00967494215553146
Smp_018640	0.032498730543728
Smp_018680	0.0115114992313366
Smp_018710	0.010275417964175
Smp_018760	0.00750839970429336
Smp_018790	0.0376391677844334
Smp_018800	2.03203727108197
Smp_018870	0.214324510863414
Smp_018880	0.51141100887841
Smp_018930	0.089683521446735
Smp_018940	0.19848109512201
Smp_018950	0.035537191304867
Smp_018980	0.403503639388851
Smp_018990	0.144519134646051
Smp_019010	0.0202100545799059
Smp_019030	0.0410651900296196
Smp_019040	0.0206252074167326
Smp_019050	0.0235710535597239
Smp_019060	0.0749410876581512
Smp_019100	0.0174153906400421
Smp_019130	0.0230048730264808
Smp_019170	0.022282573610713
Smp_019190	0.0143988851395625
Smp_019260	0.0108327275476602
Smp_019280	0.0629849664814488
Smp_019310	0.35247318778164
Smp_019340	0.0102633604710906
Smp_019350	0.263888289096229
Smp_019380	0.00525934574895125
Smp_019430	0.0209706077815246
Smp_019440	0.04924628736727
Smp_019460	2.34465533607094
Smp_019490	0.0130937189517745
Smp_019620	0.00571499449975044
Smp_019630	0.0603084793673853
Smp_019640	0.00984397500250758
Smp_019680	0.0299779024661835
Smp_019690	0.0139288457497781
Smp_019730	0.0743045845610028
Smp_019750	0.0575693165179249
Smp_019760	0.00803319105262324
Smp_019790	0.0342507456742165
Smp_019820	0.00807215347389327
Smp_019840	0.0130837797203746
Smp_019880	0.0282496812935233
Smp_019890	0.013998141171123
Smp_019900	0.0686452403620255
Smp_019920	0.0175409823704308
Smp_019950	0.0599218685634082
Smp_019980	0.00282785424247222
Smp_019990	0.0229070654105217
Smp_020040	0.0370705860229464
Smp_020050	0.0065337377326341
Smp_020060	0.01846910858926
Smp_020070	0.18100632371579
Smp_020080	0.026279860696825
Smp_020090	0.0734320632231908
Smp_020120	0.0233843503252362
Smp_020130	0.352260751228491
Smp_020200	0.0169817385745928
Smp_020220	0.0420307827693285
Smp_020270	0.0961581163823308
Smp_020300	0.0473412243100164
Smp_020340	0.194371239070012
Smp_020370	0.0140050898241662
Smp_020400	0.0194210361151649
Smp_020450	0.00577134317251892
Smp_020480	0.121074767172221
Smp_020540	0.171736168126671
Smp_020550	0.190991125161909
Smp_020590	0.0208739211434319
Smp_020760	0.0741046209792414
Smp_020770	0.112049538608891
Smp_020800	0.00961323575737123
Smp_020920	1.95395627914687
Smp_021040	0.0108662960324405
Smp_021060	0.115998567468365
Smp_021070	0.103678363901991
Smp_021080	0.0140856416324331
Smp_021100	0.00997122574748681
Smp_021130	0.0399519667313598
Smp_021140	0.0919377999135698
Smp_021160	0.0151466576327222
Smp_021170	0.0206760895260274
Smp_021220	0.0246686622669272
Smp_021290	0.0118530427811017
Smp_021300	0.0120673613909213
Smp_021330	0.0210238688095188
Smp_021340	0.0195978239394882
Smp_021370	0.0595392157164261
Smp_021390	0.33583271679671
Smp_021460	1.20235295810258
Smp_021540	0.0266505111510779
Smp_021550	0.0212335937314025
Smp_021590	0.174417162638712
Smp_021600	0.130806059957351
Smp_021730	0.0473049452360263
Smp_021750	0.0487739110727078
Smp_021760	0.0139615204577041
Smp_021790	0.126613929292214
Smp_021800	0.0168879443241817
Smp_021830	0.0255975830722259
Smp_021910	0.0310555032439
Smp_021920	0.424096445464721
Smp_021960	0.0420674934516007
Smp_022020	0.0234797232132905
Smp_022070	0.256372577483126
Smp_022090	0.0250507667740455
Smp_022110	0.00965660605075486
Smp_022130	0.00983985185533183
Smp_022140	0.0229935864381228
Smp_022170	0.00982588052465167
Smp_022320	0.0453544493607589
Smp_022330	0.0479079549639322
Smp_022340	0.385092743175554
Smp_022400	0.0791156308468007
Smp_022430	0.0511824928565534
Smp_022450	0.186113531301648
Smp_022470	0.0351142669179822
Smp_022500	0.0494025014228763
Smp_022540	0.0613058373624121
Smp_022570	0.0664686666127654
Smp_022640	0.131447688775081
Smp_022660	0.00532410717143639
Smp_022700	0.0382883852994009
Smp_022740	0.647006886241843
Smp_022810	0.0906531298452763
Smp_022850	0.0256497161669808
Smp_022870	0.073977105988038
Smp_022890	0.293766448471451
Smp_022960	0.0189815487027706
Smp_022990	0.00929032399787426
Smp_023010	0.173528932454885
Smp_023150	0.0377868045079759
Smp_023170	0.0989374018603903
Smp_023230	0.030035760304893
Smp_023250	0.0100996537663737
Smp_023270	0.0046918099815708
Smp_023360	0.0435375494167942
Smp_023470	0.253084974862021
Smp_023550	0.0423192240015998
Smp_023620	0.039155915325297
Smp_023660	0.0146634815354036
Smp_023700	0.0154372071965327
Smp_023710	0.603223885813334
Smp_023840	0.163089824871478
Smp_023930	0.0405736748525887
Smp_023940	0.0603097099231129
Smp_024000	0.0198437320798902
Smp_024010	0.769174372129345
Smp_024030	0.0116903859289869
Smp_024110	0.0291514929603328
Smp_024120	0.0752854261752398
Smp_024140	0.0358933103425597
Smp_024150	0.00837526916241422
Smp_024180	0.0492180322642418
Smp_024240	0.0361575891082325
Smp_024360	0.0580051338263153
Smp_024370	0.0889927509629129
Smp_024380	0.0848245025706929
Smp_024390	0.11832770144529
Smp_024490	0.0317199512605368
Smp_024500	0.014108359602236
Smp_024520	0.00716147564931142
Smp_024580	0.0239705841868412
Smp_024590	0.0303210825748643
Smp_024660	0.12947343546642
Smp_024800	0.0927705617893113
Smp_024820	0.157535740908873
Smp_024850	0.108054632922294
Smp_024860	0.129547422621079
Smp_024870	0.177398352772449
Smp_024880	0.0355311890072337
Smp_024900	0.0264285533342607
Smp_024930	0.0146836709957079
Smp_024970	0.0478535437501997
Smp_025010	0.0147095808416792
Smp_025020	0.0126213253802235
Smp_025030	0.17634077513141
Smp_025100	0.0299424035839542
Smp_025130	0.058640076453091
Smp_025150	0.0407607796394035
Smp_025160	0.0250984250050602
Smp_025260	0.0632643631100193
Smp_025340	0.0149502016817924
Smp_025360	0.0426286029602061
Smp_025370	0.148304101032091
Smp_025380	0.275641373428521
Smp_025510	0.01305670655353
Smp_025550	0.0150044535011363
Smp_025560	0.0252614080095992
Smp_025570	0.0119987257308255
Smp_025620	0.087433032933513
Smp_025670	0.00603183627251987
Smp_025680	0.0157041197334904
Smp_025700	0.0082669199865974
Smp_025740	0.113778138440528
Smp_025750	0.022059595674813
Smp_025830	0.0494785491592712
Smp_025860	0.154559039807564
Smp_025890	0.0364420901801315
Smp_026030	0.157600192025579
Smp_026090	0.0124168921195363
Smp_026160	0.0164867979332702
Smp_026190	0.047378058574091
Smp_026200	22.877628018084
Smp_026230	0.152546660453437
Smp_026250	0.00820966397016897
Smp_026260	0.010704014696326
Smp_026270	0.0702194002688625
Smp_026280	0.0443810997949988
Smp_026300	0.0478452049791096
Smp_026320	0.0505900194726542
Smp_026340	0.0178069751911955
Smp_026390	0.0329142588222178
Smp_026400	0.80257510801942
Smp_026420	0.0317977170589294
Smp_026510	0.0109192069840408
Smp_026540	0.0177222041513996
Smp_026560	0.0545893717822652
Smp_026630	0.0186215323893137
Smp_026700	0.0188193652622113
Smp_026770	0.0425777685515637
Smp_026790	0.120796770384512
Smp_026820	0.0572998265614264
Smp_026830	0.0115228789466339
Smp_026910	0.0249409205553564
Smp_026920	0.10106851473961
Smp_026930	0.00947597908081468
Smp_027000	0.00898613893639761
Smp_027010	0.00420498796590704
Smp_027040	0.0240017202634509
Smp_027080	0.0676283275800128
Smp_027210	0.144526306576097
Smp_027220	0.0149250264390352
Smp_027240	0.0559849343844957
Smp_027250	0.017662508659176
Smp_027300	0.0115409148750516
Smp_027340	0.0896613241883222
Smp_027370	0.011706858258488
Smp_027390	0.0116306871344464
Smp_027400	0.00533592741297238
Smp_027430	0.0353928834497945
Smp_027450	0.00801549131135851
Smp_027480	0.00537885597195029
Smp_027500	0.0354445651370352
Smp_027550	0.00873958295677918
Smp_027610	0.118255465837639
Smp_027850	0.0195819839381943
Smp_027870	0.0418356347929018
Smp_027880	0.0180968436266831
Smp_027910	0.0050526389073177
Smp_027920	0.297370614079835
Smp_027940	0.940666162444711
Smp_027970	0.0155959377979689
Smp_027990	0.782711737856939
Smp_028030	0.0606636412653583
Smp_028050	0.226933846308507
Smp_028060	0.0505937693542468
Smp_028070	0.0349593501597394
Smp_028080	0.00637657183284774
Smp_028100	0.0257498305721621
Smp_028120	0.010144301147622
Smp_028130	0.255538942477247
Smp_028140	0.0434618111533121
Smp_028170	0.0733214103002249
Smp_028190	0.010067715768799
Smp_028200	0.0686216405921046
Smp_028210	0.0734223840137555
Smp_028330	0.0236924210494857
Smp_028340	0.00987044785459746
Smp_028360	0.164912223316658
Smp_028410	0.0118269507888957
Smp_028430	0.063285361458817
Smp_028440	0.0418750377543826
Smp_028490	0.142626368692537
Smp_028500	0.048198867564532
Smp_028650	0.0496383767307865
Smp_028670	0.188803938070478
Smp_028690	0.108596749262954
Smp_028730	0.0289254933592688
Smp_028800	0.422590658392914
Smp_028850	0.0209621261584344
Smp_028860	0.0998793502755341
Smp_028870	0.0545531047094957
Smp_028930	0.0213398949169996
Smp_028940	0.0267364140104568
Smp_028980	0.0376888138760212
Smp_028990	0.0313715809146233
Smp_029040	0.00928147204296008
Smp_029060	0.00931605368562356
Smp_029070	0.00858466426858044
Smp_029100	0.03815741619467
Smp_029160	0.108525238818193
Smp_029210	0.0233395655860342
Smp_029240	0.0529414593754332
Smp_029360	0.0309560544102601
Smp_029370	0.0117536919325866
Smp_029390	0.0156317093632673
Smp_029400	3.91805530577769
Smp_029470	0.041978654009126
Smp_029500	0.0374705476990946
Smp_029670	0.165820631598505
Smp_029700	0.0105770408099106
Smp_029740	0.033242214001126
Smp_029750	0.0384434132938742
Smp_029800	0.0478927082370688
Smp_029820	0.138137201988697
Smp_029850	0.0129973310016667
Smp_029890	0.0218906607841719
Smp_029900	0.0264602004719135
Smp_029940	0.00423063847514911
Smp_029970	0.019721183025259
Smp_029990	0.0259384197740519
Smp_030000	0.0167794733743334
Smp_030010	0.0912452297170763
Smp_030020	0.0198525044236309
Smp_030030	0.0614376157482901
Smp_030110	0.0341262181864558
Smp_030150	0.0524985590252144
Smp_030180	0.0249484254359544
Smp_030220	0.0183026287613219
Smp_030250	0.0205976626372388
Smp_030260	0.12380145930991
Smp_030280	0.0362842166311484
Smp_030290	0.0200596836567236
Smp_030320	0.0176844531631509
Smp_030330	0.0116503363134521
Smp_030350	2.80846970842581
Smp_030370	0.0183988538748523
Smp_030400	0.042790386724727
Smp_030440	0.0824285820786142
Smp_030500	0.0163125803770486
Smp_030690	0.129461032109269
Smp_030710	0.121577735075349
Smp_030730	0.0680527987419717
Smp_030760	0.00678482844075165
Smp_030780	0.0123648372601731
Smp_030830	0.0327963025763919
Smp_030860	0.00869245273263882
Smp_030870	0.0610899546615951
Smp_030910	0.0779459900887383
Smp_030920	0.0187376558207252
Smp_030930	0.0113259146404536
Smp_031000	0.0691220682206586
Smp_031010	0.0358479568266637
Smp_031020	0.426259630344192
Smp_031040	0.00347924451455998
Smp_031050	0.0858194566804739
Smp_031070	0.0400739093755955
Smp_031100	0.0790199693321241
Smp_031180	0.693634040470142
Smp_031190	0.123115829174522
Smp_031220	0.0219562070422899
Smp_031270	0.0486041366955636
Smp_031300	0.368782088917949
Smp_031310	0.0470963441061402
Smp_031360	0.0330453445922131
Smp_031390	0.401960765324646
Smp_031560	0.0204582593369902
Smp_031570	0.0883565956198993
Smp_031590	0.043496554364442
Smp_031680	0.336960240765957
Smp_031690	0.0221359618756878
Smp_031710	0.0144939606211107
Smp_031720	0.0503817481794619
Smp_031730	0.0886769955160211
Smp_031770	0.317521120070921
Smp_031880	0.0568257760286688
Smp_031920	0.0116449681305142
Smp_031950	0.0185340113142532
Smp_031990	0.070050157427101
Smp_032000	0.0181783765918055
Smp_032060	0.0173133239371288
Smp_032120	0.0189387026521521
Smp_032150	0.0720636870146243
Smp_032180	0.0259056951179486
Smp_032230	0.0034571695929772
Smp_032240	0.0258509590956717
Smp_032250	0.00857221698349681
Smp_032260	0.110964745517337
Smp_032280	0.0371604373807685
Smp_032310	0.0241249166495509
Smp_032320	0.0378963657633007
Smp_032370	2.01195929737658
Smp_032420	0.0166993397115129
Smp_032480	0.0444476932543352
Smp_032490	0.0127462793742254
Smp_032500	0.194215575175769
Smp_032510	0.0340798085697911
Smp_032520	0.053925645825922
Smp_032580	0.0235228643924736
Smp_032640	0.0171113868541543
Smp_032720	0.171602969513194
Smp_032760	0.099407241956016
Smp_032770	0.00351876934796895
Smp_032780	0.0961148380905248
Smp_032790	0.013927758130815
Smp_032800	0.00518207544197175
Smp_032810	0.0315230034234412
Smp_032820	0.00775745828231523
Smp_032920	0.0193179730782423
Smp_032930	0.0304636094343178
Smp_032950	0.120942712117437
Smp_032970	0.341670337082747
Smp_032980	10.7461270679278
Smp_032990	1.30329398330028
Smp_033000	0.206301925214248
Smp_033010	0.888129765184454
Smp_033020	0.0129259020129906
Smp_033040	0.276056239041291
Smp_033050	0.02134753127314
Smp_033110	0.00665152621572301
Smp_033140	0.0119264035992446
Smp_033210	0.0352557859327307
Smp_033250	1.76566453055771
Smp_033260	0.0316985966341909
Smp_033330	0.0893272374801383
Smp_033350	0.0210752490287633
Smp_033380	1.56329135645864
Smp_033400	0.0153668676030475
Smp_033530	0.0289700844817631
Smp_033540	0.0192133403715477
Smp_033590	0.0104104382266856
Smp_033600	0.0248503477833919
Smp_033610	0.0318793421985974
Smp_033620	0.0137501468345302
Smp_033660	0.00503800885368056
Smp_033670	0.014381091329723
Smp_033680	0.0131981024400591
Smp_033700	0.0556122509782482
Smp_033710	0.0249021071639508
Smp_033760	0.0361212224265865
Smp_033770	0.00887362608148918
Smp_033870	0.0883919457455845
Smp_033930	0.0652154290192443
Smp_033950	0.0122508343448264
Smp_033970	0.00316091677010077
Smp_033990	0.0131930736324931
Smp_034000	0.0169713210509885
Smp_034090	0.00535107552028527
Smp_034100	23
Smp_034120	0.0368355699887952
Smp_034190	0.0437614277327035
Smp_034270	0.0457188728822091
Smp_034300	0.0215416061904654
Smp_034400	0.0204507681992909
Smp_034410	0.0734176299945732
Smp_034420	0.114556985804703
Smp_034430	0.0183890066482546
Smp_034450	0.0108106289172615
Smp_034490	0.0492657621427394
Smp_034500	0.262007100140436
Smp_034530	0.150085505110365
Smp_034550	0.308935140733216
Smp_034610	0.0730604715818228
Smp_034660	0.0127910625991429
Smp_034670	0.0434679177853143
Smp_034680	0.586906355706289
Smp_034700	0.0473913382371546
Smp_034840	0.0534982996231154
Smp_034850	0.329499087342759
Smp_034860	0.0949133683983745
Smp_034870	0.0162552243974504
Smp_034920	0.0425113973739833
Smp_034940	0.024876139304413
Smp_034980	0.0307776133989868
Smp_035000	0.0733393100228463
Smp_035010	0.275301905820238
Smp_035020	0.00623337649560072
Smp_035030	0.012193606225694
Smp_035040	0.0802308564059969
Smp_035080	0.0525698383975821
Smp_035090	0.0391380302449409
Smp_035110	0.036624414746203
Smp_035150	0.012663546548011
Smp_035180	0.100213572476841
Smp_035190	0.0411440900557623
Smp_035200	0.0626934861068106
Smp_035210	0.357148435850272
Smp_035220	0.109280400075063
Smp_035250	0.297884997758994
Smp_035260	0.304670463137969
Smp_035270	0.0382673555856292
Smp_035280	0.0404781123621215
Smp_035290	0.0514124602678497
Smp_035300	0.0515161224633184
Smp_035310	0.0213749950868937
Smp_035360	0.0256935695406752
Smp_035370	0.243340764317846
Smp_035380	0.11767500593042
Smp_035390	0.00525053298747997
Smp_035410	0.0280505366895445
Smp_035430	0.00360206910370368
Smp_035460	0.0136300347410628
Smp_035470	0.0693437332537615
Smp_035480	0.0187238462828518
Smp_035500	0.143329854949278
Smp_035540	0.245724893852149
Smp_035550	0.0564116774025696
Smp_035560	0.0389286756371321
Smp_035580	0.0143401687746792
Smp_035620	0.0177431257260337
Smp_035650	0.27768109747269
Smp_035700	0.0396320197645281
Smp_035730	0.0188743500291686
Smp_035790	0.131489552728709
Smp_035800	0.115820045572591
Smp_036010	0.0142033270375439
Smp_036020	0.0412126352082225
Smp_036060	0.00686440346576781
Smp_036130	0.00788942975855225
Smp_036180	0.0260792409130997
Smp_036220	0.0367910083753029
Smp_036250	0.0638867972934449
Smp_036270	0.0329018867758966
Smp_036370	0.0319529071920482
Smp_036390	0.0179581748756849
Smp_036400	0.046041964783341
Smp_036500	0.0193968278639697
Smp_036550	0.0773547177953252
Smp_036590	0.00860352185729749
Smp_036630	0.0176870888989841
Smp_036670	0.381037399146166
Smp_036720	0.119438293539641
Smp_036780	0.0438785323333923
Smp_036920	0.0310706114085702
Smp_036940	0.0851261556876366
Smp_036950	0.0181520070016603
Smp_036980	0.0793763479689416
Smp_036990	0.0128394928789107
Smp_037120	0.0621359138524223
Smp_037190	0.0580848149283563
Smp_037230	0.236009756335172
Smp_037290	0.0174830449219167
Smp_037400	0.0136759237042978
Smp_037460	0.025425706200717
Smp_037530	0.022508238137914
Smp_037540	0.0652295120915224
Smp_037590	0.0617938977572605
Smp_037640	0.0265304692078396
Smp_037690	0.179022671350895
Smp_037700	0.0495799942641348
Smp_037780	0.109871952153146
Smp_037900	0.0111848106174839
Smp_037910	0.0258422417809102
Smp_037930	0.0183136859674332
Smp_037960	0.15039612976956
Smp_038030	0.286328019197966
Smp_038080	0.0274381963384461
Smp_038100	0.0160461065426138
Smp_038140	0.00841217925913481
Smp_038210	0.00485740964153735
Smp_038240	0.0667370693564243
Smp_038300	0.0589796976632102
Smp_038330	0.0815069295032399
Smp_038340	0.0215176035243921
Smp_038410	0.0624910432599603
Smp_038420	0.0794554477580226
Smp_038440	0.243305592128738
Smp_038510	0.0311761706133661
Smp_038530	0.233222546719337
Smp_038540	0.0296162853131177
Smp_038560	0.0180240291349971
Smp_038630	0.0725790299463484
Smp_038680	0.106627890654683
Smp_038700	0.0188340818791323
Smp_038710	0.0208099121262164
Smp_038820	0.00952024995527103
Smp_038830	0.0141889236364373
Smp_038840	0.00977077688621802
Smp_038870	0.00541528471202299
Smp_038930	0.0171790282461392
Smp_038940	0.0410158460929851
Smp_038950	0.0250768855753301
Smp_038960	0.0374237221050191
Smp_038965	0.0866191257929927
Smp_038980	0.0564080519606416
Smp_039000	0.0146929071960873
Smp_039080	0.0200787141234221
Smp_039130	0.0124917402437169
Smp_039160	0.0145986577605418
Smp_039180	0.015211205400554
Smp_039300	0.312573458742823
Smp_039390	0.0265824591998413
Smp_039400	0.0522480705094888
Smp_039470	2.05211652971737
Smp_039490	0.00546971306418437
Smp_039590	0.409508622410329
Smp_039600	0.778337481721606
Smp_039640	0.0296616159042436
Smp_039650	0.07557452813659
Smp_039670	0.0201637754079179
Smp_039740	0.0178035065917702
Smp_039750	0.0337829100963484
Smp_039810	0.21697515834923
Smp_039820	0.0253995300934125
Smp_039870	0.0339265204746365
Smp_039970	0.0703179730273298
Smp_039980	0.0130789325505018
Smp_040020	0.134009185233124
Smp_040080	0.00589441784957534
Smp_040100	0.19566828803098
Smp_040110	0.0936983218575951
Smp_040130	0.0956463936553109
Smp_040190	0.0207719627013661
Smp_040270	0.0225901438111992
Smp_040280	0.0126876300174425
Smp_040350	0.193966567461942
Smp_040360	0.0101315925212439
Smp_040460	0.00715854160962231
Smp_040500	0.00682025469354509
Smp_040510	0.00641674773636307
Smp_040550	0.0484477822325704
Smp_040560	0.0583247001673528
Smp_040570	0.0207176875517453
Smp_040610	0.0264311275955543
Smp_040710	0.108868317806015
Smp_040720	0.0732367328907649
Smp_040770	0.0234787749764444
Smp_040790	0.106298504032758
Smp_040800	0.00637285306155392
Smp_040960	0.0176361836339944
Smp_040970	0.0349138141489623
Smp_040990	0.100369009888864
Smp_041050	0.00343566230299353
Smp_041060	0.0142964085304132
Smp_041100	0.0108324649276435
Smp_041190	0.00958746450009624
Smp_041370	0.0315984864273616
Smp_041390	0.0154376389897473
Smp_041430	0.0400080841270332
Smp_041450	0.0311354597695462
Smp_041460	0.0504610679459924
Smp_041480	0.0431685503314769
Smp_041490	0.00912222783727424
Smp_041500	0.0255094838026908
Smp_041540	0.339876692825238
Smp_041550	0.072489357644679
Smp_041570	0.143009476994887
Smp_041600	0.0498289069473952
Smp_041630	0.0137487152351218
Smp_041650	0.160045070192831
Smp_041700	0.0523726650728631
Smp_041730	0.0172381259184805
Smp_041740	0.0453814923278409
Smp_041750	0.0209493140762737
Smp_041760	0.0583345123544754
Smp_041770	0.0704368848719396
Smp_041830	0.0243735852636559
Smp_041880	1.19935093462914
Smp_041890	0.0257453100953677
Smp_041980	0.0979764812135012
Smp_042020	0.262517565323605
Smp_042030	0.0257213679451814
Smp_042050	0.0429828967319085
Smp_042060	0.0892425888171128
Smp_042080	0.0177978510444647
Smp_042090	0.168151328349439
Smp_042110	0.0404823910250131
Smp_042120	0.0321762069517201
Smp_042140	0.00990184727618509
Smp_042150	0.227805556107896
Smp_042160	0.145964888911908
Smp_042210	0.0345911574240485
Smp_042270	0.0552819937378606
Smp_042280	0.02664412587244
Smp_042300	0.10815793163617
Smp_042340	0.270411602527575
Smp_042390	0.142866785838196
Smp_042400	0.143200823910872
Smp_042420	0.0339741829972546
Smp_042430	0.0761886528490285
Smp_042440	0.050096265419183
Smp_042530	0.106775016745001
Smp_042550	0.0139090052600388
Smp_042560	0.0524502717910238
Smp_042590	0.0296292877583041
Smp_042630	0.04123454757175
Smp_042670	0.00906711641767465
Smp_042680	0.0320273824612295
Smp_042700	0.422127171603038
Smp_042740	0.0343637111772307
Smp_042770	0.0294201386600349
Smp_042780	0.0108434173743236
Smp_042790	0.057563105994622
Smp_042810	0.121140904125008
Smp_042910	0.0201068566823216
Smp_042920	0.0378843025659025
Smp_042980	0.024428870172264
Smp_042990	0.0114929391831987
Smp_043030	0.0657715427830041
Smp_043070	0.014940043512826
Smp_043100	0.0453133042561789
Smp_043110	0.156529938392874
Smp_043120	0.0661710608269752
Smp_043130	0.0208377269568776
Smp_043150	0.00930007141657216
Smp_043170	0.0339259902412973
Smp_043200	0.159433554459945
Smp_043210	0.0262339192277724
Smp_043220	0.0913544317408482
Smp_043250	0.129820929648779
Smp_043260	0.195549133755479
Smp_043270	1.01927519673478
Smp_043290	1.3307377857019
Smp_043300	23
Smp_043340	9.38716148794068
Smp_043350	0.0259796959958446
Smp_043360	0.231629527827913
Smp_043390	0.0323845318472723
Smp_043500	0.0671726091730226
Smp_043570	0.0306690102188574
Smp_043580	0.0364832640449786
Smp_043600	0.122092493500837
Smp_043610	0.067663706571799
Smp_043650	0.373703782596613
Smp_043670	0.0955616840076658
Smp_043780	0.0617855039433389
Smp_043910	0.0451131501315212
Smp_043940	0.0203054229666138
Smp_043970	0.0178039603073933
Smp_043990	0.0288976438590891
Smp_044000	0.0110010157196074
Smp_044020	0.0115534573723832
Smp_044060	0.267398675604411
Smp_044160	0.0365083242606785
Smp_044250	0.00695702833798872
Smp_044260	0.0379061452178025
Smp_044280	0.170838770362284
Smp_044400	0.0639419304741523
Smp_044440	0.0690775169936866
Smp_044470	0.0920177349588503
Smp_044520	0.0569031023966966
Smp_044530	0.036999539037046
Smp_044550	0.0218713316038195
Smp_044560	0.0489689113743129
Smp_044580	0.0839180160840534
Smp_044610	13.543851082655
Smp_044680	0.0168489135709782
Smp_044690	0.0240092542428883
Smp_044750	0.198567281561107
Smp_044800	0.0819575644435759
Smp_044810	0.0710341244102449
Smp_044850	0.0968289668385481
Smp_044920	0.0108751768692923
Smp_044950	0.0910317160370727
Smp_044970	0.0237186831303389
Smp_045010	0.0603621517261792
Smp_045060	0.080273318928284
Smp_045070	0.0356987582003999
Smp_045200	0.240292089888983
Smp_045220	0.345352616690937
Smp_045230	0.0113934064509504
Smp_045250	0.0271262496351623
Smp_045260	0.0149851457649232
Smp_045300	0.380960016294822
Smp_045360	0.213667522725438
Smp_045400	0.00496858377217699
Smp_045410	0.0123852309166376
Smp_045420	0.0313811925593251
Smp_045430	0.0622779858063345
Smp_045470	0.324326517747798
Smp_045480	0.0258298905664942
Smp_045490	0.236082309051698
Smp_045500	0.0160306777719162
Smp_045510	0.0948856711007053
Smp_045550	0.203141118975093
Smp_045560	0.0114478963996606
Smp_045590	0.0205367342170497
Smp_045600	0.0250476527426965
Smp_045610	0.0100324216422733
Smp_045620	0.0244264299042669
Smp_045650	0.130610415753421
Smp_045680	0.102356245669986
Smp_045710	0.0259176004250543
Smp_045730	0.0270476477467661
Smp_045750	0.0419067360738122
Smp_045760	0.0684276956181855
Smp_045780	0.0195472902409274
Smp_045790	0.00365034089427843
Smp_045810	0.0300986821109553
Smp_045860	0.0248645161534322
Smp_045920	0.0261099721758074
Smp_045930	0.015059286090477
Smp_045950	0.0109499600008521
Smp_045960	0.0059640113095361
Smp_045980	0.00644911733675434
Smp_045990	0.324310272072686
Smp_046020	0.0197214941767562
Smp_046030	0.0354811576924792
Smp_046060	0.0563488416663838
Smp_046090	0.0960444594715039
Smp_046100	0.0107271898330804
Smp_046120	0.235482317278056
Smp_046130	0.00433999625568273
Smp_046140	0.0120352114476437
Smp_046160	0.00826655195536689
Smp_046190	0.0171052070981424
Smp_046250	0.0740136713114247
Smp_046290	0.00514951071486169
Smp_046360	0.11841023549937
Smp_046410	0.0314571591552807
Smp_046430	0.0134619821499994
Smp_046500	0.108001546710455
Smp_046550	0.0479600709466828
Smp_046630	0.124966570162847
Smp_046680	0.0168018740384627
Smp_046690	0.150422431268714
Smp_046740	0.0435864900836939
Smp_046750	0.0253695482534255
Smp_046780	0.279748904567386
Smp_046790	0.0196610862462793
Smp_046800	0.224988272771425
Smp_046810	0.0173295110710798
Smp_046870	0.00933367734087997
Smp_046880	0.0157227763631987
Smp_046890	0.0183294429598268
Smp_046900	0.0184732875519591
Smp_046910	0.109773410936972
Smp_046930	0.00941170496700232
Smp_046980	0.0314034518018354
Smp_047060	0.059223451895966
Smp_047090	0.0416960759448004
Smp_047110	0.0085386344257738
Smp_047190	0.0195927517191106
Smp_047200	0.107218702629541
Smp_047240	0.0968844453344351
Smp_047330	0.0681171968106666
Smp_047360	0.00906013934865542
Smp_047370	0.011581646903519
Smp_047400	0.0245882579980988
Smp_047410	0.0213886734610576
Smp_047440	0.0244027936292099
Smp_047450	0.0148866674012972
Smp_047460	0.294071680669037
Smp_047500	0.00468794503066674
Smp_047540	0.0345408034858085
Smp_047550	0.0841071176618053
Smp_047610	0.218575503762106
Smp_047620	0.269821497883044
Smp_047640	0.545143113368639
Smp_047650	0.0294309820381381
Smp_047680	0.131098389984494
Smp_047700	0.0085310807928605
Smp_047720	0.0841898277607123
Smp_047740	0.03443480973081
Smp_047860	0.0143130820206578
Smp_047870	0.0802234502648699
Smp_047900	0.0277855414028799
Smp_048050	1.82526916087527
Smp_048080	0.0472278270478276
Smp_048160	0.0340891077378036
Smp_048230	0.00387188378845675
Smp_048240	0.0328596596543978
Smp_048260	0.0206669735977274
Smp_048380	0.532705632608659
Smp_048420	0.0145006386632213
Smp_048430	0.0520496571075761
Smp_048520	0.0177097291632433
Smp_048540	0.038576671718415
Smp_048550	0.00716469890858114
Smp_048560	0.245463304636964
Smp_048620	0.0229307719254427
Smp_048650	0.0476924200095783
Smp_048660	0.0798613362533823
Smp_048760	0.0113928788614785
Smp_048830	0.102259801356095
Smp_048880	0.0668951519964513
Smp_048930	0.0566924043933882
Smp_048940	0.00996728272644546
Smp_048970	0.0261148814575025
Smp_048980	0.0443703090239942
Smp_048990	0.00957711623999708
Smp_049000	0.00926885648115343
Smp_049010	0.00666448998242559
Smp_049140	0.0603715838792585
Smp_049150	0.286791931170946
Smp_049160	0.0252513907776079
Smp_049170	0.0308953370988163
Smp_049270	0.231501827852568
Smp_049330	0.0682534890441263
Smp_049380	0.0545481634890048
Smp_049390	0.0370428972769926
Smp_049500	0.00585795194483342
Smp_049510	0.0241469296264652
Smp_049520	0.0174226707978217
Smp_049550	0.107481142405279
Smp_049580	0.201120802176604
Smp_049600	0.018428604451327
Smp_049610	0.028589162690174
Smp_049630	0.014094708348435
Smp_049680	0.00910794256717019
Smp_049730	0.0135625798738058
Smp_049740	0.16404497497607
Smp_049760	0.0303201320254767
Smp_049880	0.0702128012229901
Smp_049890	0.0533743559324457
Smp_049910	0.00440149310946984
Smp_049920	0.00455707261548382
Smp_049930	0.0138265778705107
Smp_049970	0.00695080506057228
Smp_049990	0.00802963563062005
Smp_050080	0.10433114992481
Smp_050110	0.00753297056937945
Smp_050130	0.0387405331190943
Smp_050160	0.00909673383810879
Smp_050220	0.215509668596457
Smp_050250	0.0598473264177492
Smp_050270	1.88712533259509
Smp_050280	0.180584412830542
Smp_050350	0.0140364312456695
Smp_050360	0.0318832066209148
Smp_050380	0.0862125996260134
Smp_050430	0.115138193110146
Smp_050470	0.050424997567927
Smp_050520	0.198778224356329
Smp_050540	0.0212953397365354
Smp_050570	0.00556212227701314
Smp_050590	0.0501586161224881
Smp_050700	0.035503013390394
Smp_050730	0.0279929003221083
Smp_050740	0.0157353875816174
Smp_050760	0.0713898285592438
Smp_050820	0.137780496073575
Smp_050830	0.014519795322408
Smp_050880	0.0386274876969011
Smp_050890	0.0195536517372026
Smp_050920	0.0130474311294044
Smp_050940	0.114567803111526
Smp_051000	0.113962637957713
Smp_051010	0.103331948041268
Smp_051070	0.0760182680955557
Smp_051080	0.0110665597912323
Smp_051090	0.102225859166663
Smp_051120	0.0300059133873313
Smp_051130	0.124973664949038
Smp_051210	0.0130458906034509
Smp_051220	0.104980389140092
Smp_051230	0.0677212808708925
Smp_051260	0.172069426545969
Smp_051280	0.0191348196924658
Smp_051290	0.0501448903030531
Smp_051300	0.0323541105469591
Smp_051320	0.0155979798357374
Smp_051360	0.0186443807768132
Smp_051390	0.00818249268745619
Smp_051400	0.0941728381447345
Smp_051410	0.100047614345672
Smp_051420	0.0134824556869232
Smp_051530	0.012315930352264
Smp_051550	0.0314466782993202
Smp_051640	0.0275858012812276
Smp_051660	0.0864925644495569
Smp_051670	0.0678234883300686
Smp_051810	0.134180825530751
Smp_051920	0.0500799029543117
Smp_051930	0.0107016555079596
Smp_052060	0.00963937671795074
Smp_052140	0.0187430172436626
Smp_052150	0.0142782764515191
Smp_052160	0.00902199324528926
Smp_052230	0.263353601414365
Smp_052280	0.0204690860275213
Smp_052290	0.134826770868586
Smp_052330	0.0349090485762486
Smp_052350	0.0164028804144141
Smp_052390	0.308438929728124
Smp_052460	4.67849709638674
Smp_052500	0.0419710122243284
Smp_052630	0.291085964787968
Smp_052640	0.0180859293401837
Smp_052710	0.0110276004076296
Smp_052740	0.0659088087675812
Smp_052750	0.0331221456645384
Smp_052760	0.0350263035935871
Smp_052780	0.015783106870652
Smp_052790	0.0184248872319104
Smp_052800	0.0205994124179304
Smp_052870	0.0428858577522015
Smp_052890	0.0793996196668964
Smp_052910	0.0305079364780483
Smp_053020	0.0446125406360659
Smp_053030	0.0514953106743027
Smp_053040	0.0826242245018901
Smp_053060	0.0133962972253598
Smp_053120	0.0927433051660499
Smp_053130	0.101104716059324
Smp_053140	0.0141186324674923
Smp_053160	0.0161583332582958
Smp_053220	0.0251667387865766
Smp_053230	0.0766821562552322
Smp_053300	23
Smp_053390	0.0278598927185908
Smp_053420	0.107291924971168
Smp_053430	0.0568525056061138
Smp_053470	0.0209687863969778
Smp_053510	0.0381262019839612
Smp_053550	0.0200951079826902
Smp_053560	0.11905503340699
Smp_053610	0.0239352611900872
Smp_053640	0.0879365794880177
Smp_053700	0.0432124345239269
Smp_053780	0.0457573741324115
Smp_053790	0.311803280137685
Smp_053800	0.0150821545182007
Smp_053820	0.0739786893867127
Smp_053830	0.13674704391774
Smp_053900	0.0326097579932709
Smp_053940	0.0313806953835816
Smp_053990	0.0206123224836444
Smp_054010	1.0995917204597
Smp_054070	0.0150713773846652
Smp_054120	0.02785120944718
Smp_054200	0.0180021466405341
Smp_054220	0.014004129326045
Smp_054230	0.0872770528998009
Smp_054240	0.0922994065262348
Smp_054300	0.380073860999938
Smp_054310	0.0102524200513414
Smp_054320	0.0247007938157011
Smp_054330	0.0391646540705119
Smp_054340	0.0740214757667656
Smp_054350	0.637627114992587
Smp_054360	0.165495824261733
Smp_054410	0.0171922630130372
Smp_054450	0.0753349805859033
Smp_054470	0.060507193746613
Smp_054540	0.0116993413949704
Smp_054560	0.0301136879262236
Smp_054600	0.0199232176381264
Smp_054610	0.3007068215346
Smp_054620	0.201209931496825
Smp_054730	0.0109640773486967
Smp_054770	0.031056743072286
Smp_054775	0.0289856016265016
Smp_054790	0.0325900301283446
Smp_054800	0.0495997947046352
Smp_054810	0.0395759081641786
Smp_054820	0.0269630637898246
Smp_054840	0.146902495474448
Smp_055050	0.112203325259873
Smp_055090	0.021931009914435
Smp_055100	0.239111330959375
Smp_055130	0.0199396627170312
Smp_055190	0.0120189524903883
Smp_055200	0.0428211106025668
Smp_055220	0.35231891971551
Smp_055240	0.194344816702064
Smp_055260	1.71087239521422
Smp_055310	0.0458755316700277
Smp_055340	0.0150225867536326
Smp_055390	0.0565501282562199
Smp_055400	0.0384883808148526
Smp_055420	0.021533786356786
Smp_055440	0.0504223594029393
Smp_055450	0.0290345887017773
Smp_055600	0.0244652769277686
Smp_055630	0.209075928271606
Smp_055670	0.0156367559895499
Smp_055720	0.0200524336087036
Smp_055740	0.246091987063476
Smp_055760	0.0117222383201789
Smp_055770	0.00937912119904245
Smp_055780	0.0345237157514185
Smp_055800	0.0496685127391314
Smp_055870	0.0170943535972674
Smp_055880	0.0117214607066871
Smp_055890	0.114094522134223
Smp_055900	0.0553078947035586
Smp_055920	0.0512078821595186
Smp_055960	0.011489455199693
Smp_055990	0.161791009587043
Smp_056060	0.407628182410092
Smp_056080	0.635695950854789
Smp_056200	0.0186483855498966
Smp_056240	0.017764884189731
Smp_056260	0.0319839527336672
Smp_056280	0.414968688433365
Smp_056350	0.289920341256361
Smp_056360	0.0214012816369731
Smp_056370	0.0204840666301616
Smp_056390	0.0592626916742069
Smp_056440	0.0438092403395617
Smp_056460	0.343581379559171
Smp_056500	0.0352271422495579
Smp_056620	0.0137507648188255
Smp_056640	0.0246913347179202
Smp_056760	0.0568867470760016
Smp_056770	7.9084113447747
Smp_056780	0.0354623683363346
Smp_056810	0.0127089931554576
Smp_056850	0.0208252859437169
Smp_056860	0.00779509686178659
Smp_056900	0.0199091486445768
Smp_056930	0.0343636465940832
Smp_056970	0.0516434250906661
Smp_056990	0.0785352293379749
Smp_057020	0.0409455841543432
Smp_057060	0.00280645811520911
Smp_057090	0.104763477092885
Smp_057120	0.0196748412894981
Smp_057130	0.0279581655847762
Smp_057210	0.00581581263253216
Smp_057230	0.0425450055979023
Smp_057320	0.00291747488682303
Smp_057360	0.16857047606358
Smp_057430	0.0169080020957753
Smp_057530	0.240890521138808
Smp_057590	0.0396051809776548
Smp_057620	0.0337046457567395
Smp_057630	0.0194589994942479
Smp_057650	0.115792561635545
Smp_057860	0.197320634595115
Smp_058050	0.0232095342409752
Smp_058080	0.217643844641202
Smp_058130	0.0137360827600428
Smp_058140	0.0423736704647657
Smp_058150	0.0393002076915653
Smp_058170	0.0198091226630826
Smp_058190	0.0452714744923838
Smp_058240	0.113696709123053
Smp_058270	0.0505815022158094
Smp_058320	0.025148134984162
Smp_058350	0.12956665301144
Smp_058360	0.02965346324221
Smp_058380	0.086126803117645
Smp_058400	0.00404086794437417
Smp_058410	0.00955548789512378
Smp_058450	0.0183200323653203
Smp_058460	0.0298842097066747
Smp_058470	0.319595937335027
Smp_058530	0.0117317737206903
Smp_058620	0.0439523422980787
Smp_058650	0.0136532709753333
Smp_058690	0.245331635245069
Smp_058700	0.200734824372602
Smp_058730	0.103244202124084
Smp_058780	0.0463504590172288
Smp_058790	0.0179802321041988
Smp_058850	0.121952594149572
Smp_058880	0.0747915774387525
Smp_058980	0.0229522223379775
Smp_058990	0.0410919629866704
Smp_059090	0.0524248362914982
Smp_059100	0.028451966005487
Smp_059130	0.0263280548483496
Smp_059150	0.016006119986557
Smp_059170	0.447266188805753
Smp_059200	0.123083760993763
Smp_059210	0.0144545932303881
Smp_059240	0.0415903213120451
Smp_059290	0.0557511697502231
Smp_059340	0.11049649483987
Smp_059350	0.0385163762077301
Smp_059360	0.0387532188739783
Smp_059530	0.289071708350319
Smp_059540	0.0197877578352572
Smp_059570	0.289179238751246
Smp_059600	0.133778477629661
Smp_059670	0.0793439023254912
Smp_059710	0.0121007324458696
Smp_059750	0.0212277509870483
Smp_059780	0.0214704397415776
Smp_059790	3.57640344148845
Smp_059810	0.064318946226293
Smp_059820	0.0526404286610991
Smp_059870	0.0785076945351263
Smp_059880	0.0264603156815261
Smp_059910	0.0144093156610384
Smp_059920	0.100849536216176
Smp_059930	0.128486215432017
Smp_059980	0.102866556550997
Smp_060010	0.032299067492454
Smp_060030	0.156673084733649
Smp_060070	0.00974779549635934
Smp_060080	0.102260259226622
Smp_060090	0.0643307602987865
Smp_060160	0.0515392291138089
Smp_060170	0.0377077847971712
Smp_060180	0.027888885037896
Smp_060190	0.0301435255217059
Smp_060210	8.83917051489884
Smp_060220	0.867949121367318
Smp_060240	0.09517836398471
Smp_060270	0.060491104082115
Smp_060290	0.2509077769008
Smp_060420	0.0130971714970671
Smp_060480	0.024580357256928
Smp_060490	0.0207159395778277
Smp_060570	0.0076303881896304
Smp_060620	1.58110327740662
Smp_060660	0.639844795730556
Smp_060700	0.0158998969221404
Smp_060750	0.0714660035887146
Smp_060760	0.630493691607807
Smp_060820	0.00956978937856728
Smp_060860	0.0436533141399626
Smp_060900	0.016875172648474
Smp_060910	0.0888036384020961
Smp_060940	0.00591151649887268
Smp_060950	0.00633731478845586
Smp_061040	0.038221249314689
Smp_061050	0.184315332348768
Smp_061100	0.163257457663721
Smp_061200	0.11406944914972
Smp_061210	0.0171722041659134
Smp_061230	0.0241084114255108
Smp_061250	0.00894748060699399
Smp_061300	0.016860084627045
Smp_061310	0.00224191975817987
Smp_061390	2.36304917338615
Smp_061400	0.159181849526613
Smp_061480	0.0658504106124009
Smp_061510	0.0133568666760128
Smp_061540	0.00948484707561489
Smp_061560	0.0534416430002715
Smp_061570	0.0420002851700987
Smp_061580	0.025014749639297
Smp_061590	0.028429076947048
Smp_061650	0.00993762078228287
Smp_061680	0.099504087483807
Smp_061840	0.0563069771065979
Smp_061870	0.0114639643743834
Smp_061920	0.0342657572284041
Smp_061940	0.0558981694693687
Smp_061950	0.0107831912166672
Smp_061970	0.0316400434571778
Smp_062020	0.0285966490183898
Smp_062070	0.182456018344869
Smp_062080	0.0670948661550139
Smp_062120	0.0322360249560954
Smp_062250	0.0344130198135302
Smp_062260	0.00580872027438715
Smp_062270	0.0207513549510205
Smp_062300	0.011364363074494
Smp_062420	0.0274498602145935
Smp_062490	0.310028924939055
Smp_062510	0.0113191378539946
Smp_062520	0.0446742837557662
Smp_062530	0.00767968247147624
Smp_062550	0.0127176300387516
Smp_062560	0.447560178259101
Smp_062620	0.0252939461379829
Smp_062630	0.0582650341241828
Smp_062640	0.012783895246715
Smp_062680	0.0127706821916419
Smp_062790	0.0319909033133536
Smp_062890	0.18053996668443
Smp_062900	0.0665388883497056
Smp_062950	0.0181284607719235
Smp_062970	0.261127050822407
Smp_062980	0.017289328805685
Smp_063000	0.0240503477827556
Smp_063030	0.0583648973711861
Smp_063040	0.0293415308237881
Smp_063070	0.244614773612415
Smp_063090	0.0264408624482635
Smp_063110	0.045816774597305
Smp_063120	0.0145784317380428
Smp_063180	0.0322666242579086
Smp_063190	0.233136475136352
Smp_063230	0.0185267904013344
Smp_063250	0.0135790018492913
Smp_063260	0.0292435622691622
Smp_063300	0.133080280241622
Smp_063330	0.0619635330958699
Smp_063350	0.111292623964201
Smp_063380	0.146745913608597
Smp_063390	0.00903403832891679
Smp_063420	0.0527694307944827
Smp_063500	0.0340481428025397
Smp_063520	0.399623708913399
Smp_063530	0.0424634083050578
Smp_063540	0.00996818267146025
Smp_063580	0.0245458505118565
Smp_063630	0.0419036119486935
Smp_063640	0.00795101369093002
Smp_063650	0.00861524179212987
Smp_063670	0.015327772520211
Smp_063680	0.0552149251598212
Smp_063830	0.0262050298879446
Smp_064010	0.0254692887478943
Smp_064020	0.0133604419505543
Smp_064030	0.0132764639516533
Smp_064040	0.00741995416395399
Smp_064050	0.0365098714978246
Smp_064150	0.0304200565920001
Smp_064240	0.0210031468590906
Smp_064250	0.0320531253020124
Smp_064280	0.0266926560294921
Smp_064320	0.0192992019658479
Smp_064330	0.107981178208985
Smp_064350	0.0137290931845633
Smp_064360	0.0250362067203996
Smp_064380	0.112477403363745
Smp_064390	0.00528170098570279
Smp_064400	0.00640674282263451
Smp_064430	0.208606334267076
Smp_064460	0.327609577028716
Smp_064500	0.0145845607824233
Smp_064510	0.0227031735720531
Smp_064520	0.0459904551777279
Smp_064590	0.00628783663663816
Smp_064600	0.0659023820477596
Smp_064640	0.0246987324001
Smp_064650	0.00451860560892925
Smp_064750	0.0312542364464162
Smp_064800	0.0162104055955874
Smp_064860	0.0587358410925806
Smp_064870	0.0143904567023318
Smp_064950	0.0406924554362054
Smp_065060	0.0339412072946293
Smp_065120	0.0265530598855642
Smp_065130	0.00627787274876565
Smp_065150	0.224713458658072
Smp_065160	0.0547440248156347
Smp_065170	0.0172761583942886
Smp_065180	0.0422731325582539
Smp_065190	0.0589889778800703
Smp_065210	0.222344004918697
Smp_065240	0.0416087578515308
Smp_065290	0.0611009145206664
Smp_065370	0.167869899445209
Smp_065420	0.0104528510341486
Smp_065470	0.00605473621817288
Smp_065530	2.56469976374254
Smp_065580	0.031968257641857
Smp_065610	0.0198989928167385
Smp_065770	0.00898011883897811
Smp_065810	0.0310938283923353
Smp_065840	0.0137807805255691
Smp_065890	0.0147130871067937
Smp_065980	0.0234546119740134
Smp_066050	0.02159855977044
Smp_066200	0.0156178682862438
Smp_066260	0.152556328254553
Smp_066330	0.0317398418504932
Smp_066340	0.0196476709579875
Smp_066410	0.0212664743920415
Smp_066430	0.0115734271761811
Smp_066480	0.0103783968506997
Smp_066520	0.911282731913515
Smp_066590	0.0929220403425711
Smp_066610	0.0265750210080649
Smp_066620	0.018584303249001
Smp_066630	0.0768757745386051
Smp_066670	0.0182355641584883
Smp_066730	0.0175863272014566
Smp_066740	0.0699816413701324
Smp_066760	0.0683053087969907
Smp_066820	0.0178623494141587
Smp_066830	0.0316346115879507
Smp_066890	0.102779064293276
Smp_066900	0.0728908292922067
Smp_066930	1.63080660422009
Smp_066940	0.109586577461033
Smp_066950	0.00638242023945896
Smp_066960	0.00916783157481706
Smp_066970	0.0883134637490902
Smp_066990	0.115722431995847
Smp_067000	0.042277500696968
Smp_067010	0.0505371349063003
Smp_067060	0.189356496270041
Smp_067090	0.0113530062435867
Smp_067140	0.0133839222655639
Smp_067250	0.00872232505875315
Smp_067260	0.288992585549076
Smp_067280	0.0096723789715323
Smp_067400	0.0126108604170398
Smp_067420	0.0522908049594878
Smp_067430	0.903017703961346
Smp_067480	0.0471038316945962
Smp_067490	0.0515021484845187
Smp_067510	0.186426173075403
Smp_067520	0.074444633004771
Smp_067540	0.0879164683796624
Smp_067580	0.172873498207806
Smp_067590	0.0194381440540144
Smp_067780	0.0310651453348942
Smp_067810	0.0141701929768248
Smp_067890	0.0401038913160993
Smp_067900	0.0217113228487533
Smp_067930	0.025062356434175
Smp_068000	0.0109332105799293
Smp_068060	0.0333083268942757
Smp_068070	0.00878255531035432
Smp_068100	0.00674397680124785
Smp_068110	0.00283308567514467
Smp_068120	0.00533011438520385
Smp_068170	0.0904178679585156
Smp_068220	0.0544606813673448
Smp_068240	0.775400478050077
Smp_068250	0.0652477309547574
Smp_068270	0.0229025960490603
Smp_068280	0.24858916431187
Smp_068300	0.0156239615201035
Smp_068340	0.00995110559326285
Smp_068350	0.0837075652258062
Smp_068420	0.0284046218063761
Smp_068440	0.0225920086741447
Smp_068480	0.0102537735634087
Smp_068500	0.294790527401863
Smp_068510	0.247690500324438
Smp_068530	0.112312495884048
Smp_068580	0.0352284033395677
Smp_068680	0.217871071541688
Smp_068710	0.0472582492246694
Smp_068720	0.0336864952747166
Smp_068750	0.0434009479566346
Smp_068760	0.0121056003615389
Smp_068840	0.122000255263736
Smp_068920	0.044239486663615
Smp_068950	0.0152882615742641
Smp_068960	0.0408304118028671
Smp_068990	0.0826825232471139
Smp_069120	0.296647198043538
Smp_069130	0.0164623874629516
Smp_069160	0.0232284308108239
Smp_069170	0.0206650578810607
Smp_069220	0.0266572870963118
Smp_069240	0.318334151377237
Smp_069380	0.036539828532161
Smp_069400	0.0395075231043249
Smp_069600	0.100746903242497
Smp_069720	0.557432017879635
Smp_069760	0.0137950995021255
Smp_069770	0.0112268530055227
Smp_069810	0.00908248232061153
Smp_069820	0.0201805545373129
Smp_069840	0.149673546035933
Smp_069870	0.0501899522708114
Smp_069880	0.0201821396282865
Smp_069890	0.306449637454633
Smp_069900	0.017415855384248
Smp_069910	0.0295855709077204
Smp_069960	0.0068636831067174
Smp_070020	0.404225795837572
Smp_070030	0.146598127344391
Smp_070100	0.338152007143002
Smp_070110	0.0799399931424887
Smp_070130	0.0390458097121512
Smp_070170	0.022194588755449
Smp_070190	0.0179766649720554
Smp_070200	0.00642932874666722
Smp_070310	0.0335868398220061
Smp_070330	0.0418721509775889
Smp_070340	0.0424065099991899
Smp_070360	1.33445665745139
Smp_070370	3.9553614125399
Smp_070380	0.222493168955482
Smp_070540	0.19266348528101
Smp_070600	0.0528445196517953
Smp_070610	0.0341858815809735
Smp_070640	0.262194591554027
Smp_070680	0.0111312440099478
Smp_070710	0.0074820349750405
Smp_070760	0.00724777193038183
Smp_070770	0.0930830586037706
Smp_070780	0.148015139271968
Smp_070860	0.109889742971656
Smp_070930	0.0681123833487853
Smp_071000	0.0688971390717887
Smp_071020	0.0141671255195961
Smp_071050	0.423943959392078
Smp_071140	0.00720089170632382
Smp_071150	0.0284490769407474
Smp_071250	0.101275551560935
Smp_071380	0.0786659684684593
Smp_071390	0.184569491301579
Smp_071470	0.0333251957348838
Smp_071540	0.0144585743197769
Smp_071550	0.0300424031581094
Smp_071560	0.0368559243567279
Smp_071570	0.0114699831548266
Smp_071590	1.49507530472061
Smp_071610	0.0328150764840238
Smp_071630	0.0200405368718112
Smp_071640	0.0197915861603867
Smp_071770	0.0137820675389117
Smp_071830	0.0161400028835494
Smp_071880	0.0129251196802196
Smp_071890	0.286796742229372
Smp_071950	0.00618645984379007
Smp_071960	0.0103524569535947
Smp_072080	0.0569716404569429
Smp_072090	0.0523804408038642
Smp_072100	0.0813959115837633
Smp_072110	0.103971959392352
Smp_072140	0.0962513917219892
Smp_072180	0.00736742113010862
Smp_072190	0.0620486505185351
Smp_072210	0.0949943934573935
Smp_072320	0.0215703286353854
Smp_072330	0.0421235432567304
Smp_072340	0.0564341468705662
Smp_072350	0.00661536425908958
Smp_072360	0.0105882924627145
Smp_072370	0.0131013643859593
Smp_072380	0.0294588671390971
Smp_072440	0.0626658945946037
Smp_072450	0.512473840775741
Smp_072460	0.0729989951687357
Smp_072470	0.0129613614519411
Smp_072490	0.00501660193910635
Smp_072500	0.0153423385563414
Smp_072560	0.179051398541314
Smp_072630	23
Smp_072640	0.0454820958854026
Smp_072660	0.0403855099768223
Smp_072720	0.00793577576843071
Smp_072740	0.107830124235639
Smp_072790	0.0144544278596347
Smp_072800	0.0114985299727655
Smp_072870	0.0872885213116065
Smp_072890	0.0395655795103855
Smp_072900	0.0204610036899378
Smp_072950	0.0408774396242729
Smp_072970	0.0131231731069386
Smp_072980	0.040670415084626
Smp_072990	0.048319682349203
Smp_073070	0.0253466245769079
Smp_073080	0.0268193791183749
Smp_073140	0.0220583163358876
Smp_073200	0.00992229805387078
Smp_073210	0.0209115953062247
Smp_073220	0.0070096578301978
Smp_073270	0.118934070155651
Smp_073280	0.13504775884344
Smp_073290	0.00711389531263729
Smp_073300	0.154017840906782
Smp_073340	0.0159357351419725
Smp_073390	0.00968981616625037
Smp_073400	0.0949026625854724
Smp_073410	0.0502649985849197
Smp_073470	0.0551796220221278
Smp_073490	0.290215691014833
Smp_073500	0.0166800151926401
Smp_073510	0.0254344790770247
Smp_073540	0.03948222309487
Smp_073560	0.00848136310636933
Smp_073570	0.0368760710018528
Smp_073590	0.025460524691495
Smp_073600	0.014090997595121
Smp_073610	0.00476187020694622
Smp_073620	0.067454477775746
Smp_073680	0.0500250902309551
Smp_073690	0.041658279096072
Smp_073720	0.0355257673508642
Smp_073790	0.0449418620236752
Smp_073800	0.0116155262407105
Smp_073830	0.00538964237650465
Smp_073880	0.145638697291926
Smp_073940	0.0181460189071614
Smp_074000	0.0631312999400103
Smp_074010	0.0195513176147124
Smp_074020	0.0119612935042324
Smp_074040	0.006756345716047
Smp_074050	0.00980750974089587
Smp_074070	0.00575786845678995
Smp_074080	0.0456539192402411
Smp_074140	0.105526685729992
Smp_074150	0.162042583152838
Smp_074190	0.0576068457378398
Smp_074200	0.0433633698309076
Smp_074210	0.0319523150916175
Smp_074230	0.0480293408773254
Smp_074260	0.0555390774956728
Smp_074280	0.0385436821298532
Smp_074330	0.0272481137506629
Smp_074370	0.0342933270513536
Smp_074390	0.110168742116255
Smp_074400	0.0571383881822101
Smp_074410	0.0438719298398391
Smp_074450	0.411443260397677
Smp_074460	0.182437613203361
Smp_074470	0.0888835144424649
Smp_074500	0.144533772481202
Smp_074510	0.00865633211904747
Smp_074560	0.573844838974587
Smp_074570	0.0781017210102279
Smp_074590	0.194302136921735
Smp_074610	0.911019161216956
Smp_074700	0.171974825710379
Smp_074710	1.00753793723193
Smp_074770	0.0116240030354581
Smp_074780	0.11937477286172
Smp_074830	0.0946348811235644
Smp_074870	0.0534449856484946
Smp_074880	0.0163164979918351
Smp_074900	0.0432508042056882
Smp_074930	0.00559557847231127
Smp_074940	0.0359574866184618
Smp_074950	0.0310716487062998
Smp_074990	0.0513715216938858
Smp_075000	0.00795720194068721
Smp_075030	0.0461230035448744
Smp_075040	0.0302471406795989
Smp_075060	0.0561728907939633
Smp_075110	0.212679057233146
Smp_075120	0.0873577463034118
Smp_075130	0.0927893708144751
Smp_075140	0.0680504810999572
Smp_075210	0.0550803279402234
Smp_075220	0.00516790900910032
Smp_075280	0.138774787008443
Smp_075330	0.181157287206152
Smp_075350	0.182366453242853
Smp_075360	0.281360211156387
Smp_075370	0.287586133875652
Smp_075380	0.176308815529869
Smp_075400	0.110346440836786
Smp_075420	0.43980457897953
Smp_075430	0.168358667338909
Smp_075440	0.0216234101462251
Smp_075470	0.0986366134418639
Smp_075500	0.224434369702813
Smp_075560	0.0170825907217442
Smp_075640	0.0403178944298363
Smp_075770	0.339307621287583
Smp_075800	0.181701769152229
Smp_075870	0.141599398323329
Smp_076010	0.0308080447188282
Smp_076030	0.198314607214892
Smp_076040	0.0189093764076019
Smp_076050	0.0130110293261865
Smp_076150	0.0200533926053751
Smp_076230	0.0176894035208101
Smp_076300	0.311848331499156
Smp_076320	0.744147517899198
Smp_076370	0.100389525139546
Smp_076390	0.0324565289558952
Smp_076400	0.386451330209115
Smp_076450	0.0259711080489588
Smp_076520	0.0126286140705505
Smp_076530	0.0668981124152804
Smp_076540	0.0294066140224377
Smp_076560	0.0454154402261623
Smp_076600	0.256099061291184
Smp_076630	0.0441925887335984
Smp_076650	0.0693776554900911
Smp_076660	0.0641405986020407
Smp_076740	0.105676327462096
Smp_076860	0.0322332849387242
Smp_076880	0.0724018410388201
Smp_076910	0.0181694815179523
Smp_076930	0.0603096711465469
Smp_076950	0.0629331578854465
Smp_076960	0.00948163880641592
Smp_076990	0.0106914702163065
Smp_077000	0.0166694967625057
Smp_077020	0.0323856261322538
Smp_077030	0.0151157158625794
Smp_077070	0.0473967562581356
Smp_077090	0.0671687453621976
Smp_077120	0.0103815995677433
Smp_077180	0.28133716571115
Smp_077230	0.0139213150178345
Smp_077280	0.0826719541003509
Smp_077310	0.150734782035938
Smp_077390	0.0277994228341285
Smp_077400	0.00780003356817773
Smp_077540	0.0223821551491599
Smp_077560	0.0106004119428061
Smp_077580	0.222668558551023
Smp_077590	0.0311871539445199
Smp_077670	0.0824696080816397
Smp_077720	0.236774034273832
Smp_077820	14.5510444984276
Smp_077850	0.218990044339498
Smp_077860	0.561102056112932
Smp_077890	1.66766729752093
Smp_077980	0.15430958058464
Smp_078040	0.059897947154125
Smp_078090	0.0271781960653963
Smp_078110	0.00966335793277238
Smp_078200	0.283932638462632
Smp_078230	0.193236126235241
Smp_078240	0.0180759113314209
Smp_078270	0.0191366158671728
Smp_078280	0.0124945993533454
Smp_078310	0.0111928617807451
Smp_078320	0.022550789241777
Smp_078400	0.036960832103984
Smp_078490	2.40085517796427
Smp_078520	0.0571623828218413
Smp_078540	0.103847906314534
Smp_078550	0.0271495321010442
Smp_078560	0.021608425085517
Smp_078570	0.0105625937820725
Smp_078590	0.166263304393112
Smp_078600	0.0195669750342686
Smp_078610	0.00523061904254196
Smp_078640	0.0302537955805536
Smp_078690	0.38788811783984
Smp_078700	0.0317284668672599
Smp_078710	0.0181460545091653
Smp_078720	0.758517877536052
Smp_078730	0.0392824902836846
Smp_078750	0.050150636847831
Smp_078780	0.00966688128508247
Smp_078800	0.0257884801695598
Smp_078900	0.0255327970244682
Smp_078910	0.462509869783089
Smp_078920	0.0679069204470313
Smp_079000	0.0309517692628355
Smp_079010	0.00938406884186724
Smp_079050	0.0650603618105447
Smp_079220	0.0282783848884938
Smp_079230	0.0736313616140798
Smp_079240	0.0323437339283643
Smp_079260	0.488807852742918
Smp_079270	0.145253382748869
Smp_079310	0.0552156014113402
Smp_079370	0.0175251436877056
Smp_079380	0.0201631851492379
Smp_079400	0.0390014429704778
Smp_079410	0.0180647826524611
Smp_079420	0.0518609743134648
Smp_079430	0.0206905614904405
Smp_079490	0.059046499375556
Smp_079560	0.461059907610134
Smp_079600	0.627445534203989
Smp_079640	0.402789308577498
Smp_079650	0.0176175672296994
Smp_079700	0.00709250789969185
Smp_079710	0.0339238577476698
Smp_079730	0.0565300101685994
Smp_079740	0.0073409090527178
Smp_079750	0.0523450930386263
Smp_079760	0.0185778961207277
Smp_079770	0.0774217893711597
Smp_079800	0.108123423271004
Smp_079810	0.0129316035559673
Smp_079840	0.0249044187113349
Smp_079860	0.0360095016641303
Smp_079910	0.0239454405030122
Smp_079920	0.0323325978740982
Smp_079950	0.0380063531155644
Smp_079960	0.346654689339242
Smp_079970	1.12080519462121
Smp_080100	0.0418050164415118
Smp_080110	0.0128972123604975
Smp_080130	0.0344036716965788
Smp_080150	0.0405955891149095
Smp_080180	0.015061318849365
Smp_080210	0.19253551319432
Smp_080280	0.0548469963931644
Smp_080320	0.17360290820474
Smp_080370	0.0300996871771076
Smp_080420	0.0990601986649308
Smp_080520	0.0541722591589988
Smp_080530	0.01948536859388
Smp_080550	0.0396522503821611
Smp_080560	0.462422645133542
Smp_080610	0.018926921164272
Smp_080620	0.089753411618643
Smp_080700	0.0224147982340271
Smp_080730	0.197097429612695
Smp_080840	0.0574310669593294
Smp_080850	0.024469525608751
Smp_080870	0.0261974451222037
Smp_080920	0.0799173884074976
Smp_080980	0.020738768350151
Smp_081140	0.0110696795765223
Smp_081190	0.0868774619620533
Smp_081200	0.104463239377366
Smp_081250	0.420361219052153
Smp_081260	0.00953825542048591
Smp_081380	0.012689644922392
Smp_081420	0.070983438561671
Smp_081430	0.188303102052628
Smp_081450	0.00384672802000375
Smp_081460	0.00844131659098151
Smp_081470	0.213053131476615
Smp_081510	0.0149926398784417
Smp_081790	0.0153016360795976
Smp_081820	0.00613287526246816
Smp_081900	0.115058275029489
Smp_082030	0.0487144146579617
Smp_082050	0.00830989756787686
Smp_082240	0.0394339643398324
Smp_082250	0.231567771390576
Smp_082280	0.0101339270865606
Smp_082290	0.139958235697904
Smp_082300	1.03274329128027
Smp_082360	0.182735262979727
Smp_082370	0.0550593269498026
Smp_082410	1.3866370928337
Smp_082490	0.267808208218958
Smp_082560	0.0173320352856163
Smp_082570	0.0158645009076108
Smp_082620	0.0277207340062332
Smp_082660	0.0345038213586737
Smp_082670	0.0230752755578068
Smp_082710	0.0100240593688352
Smp_082740	0.0396383036607346
Smp_082780	0.0170076280134965
Smp_082790	0.00599104801247453
Smp_082800	0.015527540890117
Smp_082810	0.00516835890258674
Smp_082820	0.0216427176122945
Smp_082850	0.0177012014882533
Smp_082860	0.0218410997492701
Smp_082940	0.0288420703523876
Smp_083020	0.021268618921193
Smp_083030	0.0287118359851072
Smp_083040	0.0228668810330561
Smp_083080	0.0439546645536857
Smp_083120	0.0277516163006055
Smp_083130	0.0253257776306954
Smp_083150	0.0288131775982954
Smp_083180	0.0471953763322844
Smp_083200	0.0346684889803672
Smp_083240	0.155094729985629
Smp_083340	0.0266364725146912
Smp_083380	0.0139660996178199
Smp_083400	0.0070187974395194
Smp_083410	0.15637695701193
Smp_083450	0.0326722280996102
Smp_083480	0.026628102401567
Smp_083540	0.00623731066249831
Smp_083650	0.0465946089254315
Smp_083680	0.0394680100204112
Smp_083710	0.0250885855360333
Smp_083720	0.0363011634924879
Smp_083730	0.0908529620757778
Smp_083740	0.0332894386187899
Smp_083770	0.442661674866308
Smp_083780	0.0349643612281423
Smp_083790	0.0235741625110934
Smp_083800	1.60490565904998
Smp_083870	0.00417026227393045
Smp_083880	0.358096692813399
Smp_083930	0.0108504158583901
Smp_083940	1.17620449207094
Smp_083970	0.0118382112739065
Smp_083980	0.203143432443128
Smp_083990	0.0435276263698047
Smp_084010	0.155677938649563
Smp_084060	0.0269010343925969
Smp_084080	0.00646492943116335
Smp_084090	0.327954664093884
Smp_084140	0.0157894639379361
Smp_084180	23
Smp_084270	0.758955223169912
Smp_084320	0.0219596498137421
Smp_084380	0.0498489207181382
Smp_084400	0.0127389365647178
Smp_084460	0.101577580706439
Smp_084520	0.0185522222294634
Smp_084540	0.019680070278183
Smp_084600	0.0513526644490908
Smp_084610	0.0170692587211508
Smp_084620	0.0313432208794446
Smp_084740	0.0153830416153262
Smp_084830	0.084249623448151
Smp_084860	0.0840415247118467
Smp_084870	0.0699640887398867
Smp_084890	0.267498900029792
Smp_084900	0.0856629210342969
Smp_084910	0.0268556157971596
Smp_084940	0.00639817054784982
Smp_085010	0.0524824289340433
Smp_085080	0.0517723956055303
Smp_085110	0.0224076138431576
Smp_085150	0.00279746003256742
Smp_085180	0.178698507608461
Smp_085240	0.0460026378663116
Smp_085290	0.141198200650546
Smp_085300	0.127262250491397
Smp_085310	0.0152910872241348
Smp_085380	0.0691095431490622
Smp_085410	0.693770190338624
Smp_085480	0.043995768934792
Smp_085490	0.088600307522872
Smp_085500	0.0517800648896331
Smp_085520	0.017653867311486
Smp_085530	0.0195979707273423
Smp_085540	0.468888203414144
Smp_085640	0.00758245011397
Smp_085650	0.0309647006398754
Smp_085680	0.105958592568894
Smp_085690	0.526253517618862
Smp_085740	0.0047075328577192
Smp_085750	0.0698382754872184
Smp_085780	0.0131083154386203
Smp_085790	0.0458960500437668
Smp_085830	0.0132457441988201
Smp_085840	0.513874849644992
Smp_085910	0.0298366476824869
Smp_086030	0.0147231796459952
Smp_086060	0.120570692397045
Smp_086190	0.0547412946889596
Smp_086210	0.0232770596441427
Smp_086220	0.0342801369318892
Smp_086270	0.0211224438652607
Smp_086330	0.388123425752438
Smp_086450	0.0202998804050973
Smp_086460	0.0347183726937655
Smp_086470	0.0465997564056336
Smp_086480	0.208049063270644
Smp_086530	0.27673206162085
Smp_086590	0.0137629564455081
Smp_086630	2.60373283302547
Smp_086690	0.00740787352754982
Smp_086710	0.0274171516684116
Smp_086750	0.0139955448717062
Smp_086760	0.0151089743521118
Smp_086830	0.144559250525653
Smp_086860	0.338693115467296
Smp_086900	0.0329890757086564
Smp_086910	0.0255316857750444
Smp_086960	0.0494154333384768
Smp_087010	0.0594443997296064
Smp_087220	0.00525008665319751
Smp_087250	0.249475767880789
Smp_087270	0.0102707687917983
Smp_087320	0.0604206817408931
Smp_087330	0.0116469501553992
Smp_087340	0.0274039130453614
Smp_087440	0.0284193912412496
Smp_087520	0.0158421806803718
Smp_087550	0.0138675350263893
Smp_087560	0.124344958231819
Smp_087580	0.0581343577966143
Smp_087620	0.0271096363286723
Smp_087690	0.13595932304546
Smp_087760	0.321116369688371
Smp_087810	0.0451879136636728
Smp_087820	0.465697718855121
Smp_087860	0.00773030879263462
Smp_087870	0.168868662834542
Smp_087920	0.0051611543856434
Smp_087930	0.0045073798784252
Smp_087940	0.0198673911238002
Smp_088090	0.842020450833981
Smp_088240	0.00838715786351955
Smp_088250	0.00765291280636143
Smp_088270	0.044107541609804
Smp_088310	0.0301606924349399
Smp_088360	0.76283269831249
Smp_088390	0.0146325397962909
Smp_088420	0.0264755456674801
Smp_088460	0.00898380041428232
Smp_088550	0.0243709106963796
Smp_088600	0.0367898929264984
Smp_088650	0.0239519473360974
Smp_088660	0.0122600788759365
Smp_088720	3.1126794614818
Smp_088920	0.31343975806474
Smp_088940	0.0404932383365365
Smp_088950	0.0318775476838061
Smp_088990	0.0248409605857985
Smp_089000	0.0956623005653149
Smp_089050	0.0856125129123595
Smp_089060	0.0466107354665307
Smp_089100	0.0269950740479699
Smp_089180	0.00930058130314222
Smp_089200	0.167622839419367
Smp_089220	0.0175476420358135
Smp_089230	0.0341429295951344
Smp_089240	0.0898939753470495
Smp_089290	0.154294683125142
Smp_089320	0.651939952819236
Smp_089330	15.7234565600566
Smp_089400	0.00801421863184647
Smp_089430	0.0905370493408829
Smp_089460	0.0181303585349274
Smp_089570	0.180702627112658
Smp_089590	0.0127730800524587
Smp_089630	0.0124052744065181
Smp_089640	0.0193119626313531
Smp_089650	0.0141801455294487
Smp_089670	0.281529231539074
Smp_089700	0.0647620087229937
Smp_089860	0.221831225444592
Smp_089870	0.0576748206205446
Smp_089880	0.00843675930878092
Smp_089930	0.0764728319483538
Smp_090010	0.538208790919755
Smp_090030	0.13142124541334
Smp_090070	0.0248651321719291
Smp_090080	0.139873285566488
Smp_090100	9.32227515758858
Smp_090110	0.500020534518566
Smp_090120	0.0472586002078345
Smp_090140	0.0238894560899609
Smp_090150	0.011299833029534
Smp_090230	0.0635593619369896
Smp_090240	0.0373733402346954
Smp_090440	0.0988214499005718
Smp_090450	0.0203189645292583
Smp_090690	0.00874361023791949
Smp_090800	0.0353847939849534
Smp_090805	0.0451685009389152
Smp_090860	0.026821366951888
Smp_090890	0.028419970000366
Smp_090920	0.0198468577333962
Smp_090930	0.0383572684127929
Smp_090980	0.0366774076188826
Smp_091000	0.590605999344658
Smp_091010	0.0558705334940311
Smp_091170	0.0124181774266439
Smp_091190	0.062373727430306
Smp_091210	0.503430651078284
Smp_091230	0.072022723573318
Smp_091240	0.0766418001662606
Smp_091360	0.0121202236226682
Smp_091380	0.0290133079123666
Smp_091390	0.0192378174158307
Smp_091460	0.0435801416584956
Smp_091470	0.010529743589317
Smp_091480	0.0223803481549473
Smp_091640	0.131937397413933
Smp_091650	0.0374307372650944
Smp_091730	0.0434024375916374
Smp_091740	0.0158212787228299
Smp_091750	0.0357218677281192
Smp_091790	0.0183118073414943
Smp_091820	0.147001554676194
Smp_091840	0.0218685434761421
Smp_091850	0.0541070955582123
Smp_091950	0.416996625534842
Smp_091990	0.023981480200312
Smp_092020	0.118521457493512
Smp_092150	0.174992221642017
Smp_092170	0.0134783681921083
Smp_092180	0.0501543487412374
Smp_092280	0.0376648349404787
Smp_092320	0.022000731156045
Smp_092380	0.0341035141003139
Smp_092490	0.0139541641633151
Smp_092500	0.0444704612066494
Smp_092530	0.0268249377832838
Smp_092570	0.0102769185620825
Smp_092580	0.787247242438898
Smp_092750	0.0471984764791715
Smp_092770	0.0312054508593474
Smp_092780	0.0125850891666455
Smp_092810	0.0390459872804914
Smp_092850	0.0223213963812551
Smp_092880	0.019994748015784
Smp_092930	0.053546932134564
Smp_092950	0.0168348863120166
Smp_093070	0.68363077976255
Smp_093100	0.0831980715447154
Smp_093210	0.0539481271511234
Smp_093220	0.0412439089823127
Smp_093230	0.00616581666513807
Smp_093280	0.00565386782858266
Smp_093310	0.0105973024966357
Smp_093320	0.086795976550012
Smp_093430	0.0176878756934689
Smp_093440	0.146880743479506
Smp_093450	0.0955207718760684
Smp_093540	0.00411950546500105
Smp_093580	0.0255321373517121
Smp_093620	0.136960184161135
Smp_093630	0.00349001606379957
Smp_093690	0.0237604102373349
Smp_093700	0.0178733396574962
Smp_093710	0.454408396385745
Smp_093720	0.185365708751909
Smp_093740	0.0615896099986308
Smp_093750	0.00685603318723065
Smp_093780	0.280584717268408
Smp_093790	2.27851609611119
Smp_093800	0.0252334631980101
Smp_093820	0.035232896640342
Smp_093830	0.023678229486796
Smp_093840	0.027649751331335
Smp_093850	0.0121559082155875
Smp_093920	0.0911329602733932
Smp_093930	0.148603207496571
Smp_093950	0.00629164548915915
Smp_093980	0.669134409918156
Smp_094020	0.0408063480334621
Smp_094050	0.0627510984745338
Smp_094060	0.0302566461208527
Smp_094140	0.226222139719465
Smp_094190	0.201223339424957
Smp_094250	0.795710475816066
Smp_094320	0.0129649795407202
Smp_094330	0.0299604979234063
Smp_094340	0.0176575889086846
Smp_094360	0.00423744945397386
Smp_094380	0.0235032065294915
Smp_094420	0.0111458862975456
Smp_094470	0.0403404619405764
Smp_094480	0.0945069549227374
Smp_094560	0.243034581509831
Smp_094630	0.0149907875736109
Smp_094640	0.0100068588590975
Smp_094760	0.0130418047041309
Smp_094770	0.123900062258816
Smp_094810	0.0219933466463029
Smp_094820	0.0815858621172273
Smp_094870	0.00548410061254004
Smp_094880	0.0106496688383614
Smp_09489	0.04172955067055
Smp_094920	0.0288548038339233
Smp_094930	0.475157033832662
Smp_094950	0.00891653880325231
Smp_094980	1.9803171107599
Smp_095010	0.00518182080130559
Smp_095130	0.0384879931043648
Smp_095140	0.00801937798959528
Smp_095150	0.02963653992409
Smp_095190	0.0496309551397488
Smp_095290	0.897061316708135
Smp_095350	1.11318814510107
Smp_095360	0.0559464938490135
Smp_095400	1.74487004998294
Smp_095410	0.0293682270501769
Smp_095470	0.0179764517744924
Smp_095480	1.29611646344107
Smp_095520	0.174426694132966
Smp_095580	0.021306680079834
Smp_095630	0.0752315524095626
Smp_095650	0.0751211016048889
Smp_095670	0.0342737364572177
Smp_095680	0.00995888000529954
Smp_095810	0.0564908207490762
Smp_095910	0.0380712852963495
Smp_095920	0.0449435892515737
Smp_095980	1.72557482992795
Smp_096000	0.225792272443103
Smp_096010	0.0498315463498919
Smp_096020	0.0484686832258491
Smp_096160	0.0274886342215261
Smp_096200	0.0678525787870745
Smp_096210	0.00621884227014729
Smp_096240	0.0431127646424337
Smp_096270	0.0204055405345039
Smp_096290	0.0533529131627112
Smp_096310	0.011724489276962
Smp_096320	0.0175480429421581
Smp_096360	0.0201374904507985
Smp_096390	0.247790562561176
Smp_096410	0.422439873404719
Smp_096450	0.0125372844870243
Smp_096480	0.2443270140355
Smp_096520	0.0225572557677922
Smp_096640	0.013341700983372
Smp_096720	0.021551916559209
Smp_096750	0.116318448822267
Smp_096760	0.060487566015836
Smp_096780	0.0183675143309557
Smp_096790	0.0941601689497079
Smp_096900	0.0411546792899065
Smp_096910	0.0105900658012583
Smp_097020	0.0196148766509283
Smp_097180	0.0359230142872106
Smp_097210	0.0266290207851529
Smp_097240	0.0095039350974429
Smp_097280	0.0122137508953116
Smp_097320	0.035300200081517
Smp_097370	0.0143547597522661
Smp_097380	0.0835570967424765
Smp_097460	0.0551373156708803
Smp_097490	0.041742021526084
Smp_097500	0.0155339671317775
Smp_097560	0.0182512280191813
Smp_097590	0.0124894670970786
Smp_097620	0.00746602387470704
Smp_097660	0.0264165258444544
Smp_097700	0.0127768585403346
Smp_097710	0.0197031475339133
Smp_097730	0.0179029792543039
Smp_097740	0.0309910625314916
Smp_097750	0.0261383788567393
Smp_097790	0.00231715524366826
Smp_097800	0.0479894634275226
Smp_097810	0.00611466837687971
Smp_097820	0.0600935995688082
Smp_097830	0.0399506171679052
Smp_097940	0.132867041448386
Smp_098090	0.0168464270759513
Smp_098300	0.312162780807133
Smp_098320	0.0321469845642119
Smp_098330	0.0573345655012392
Smp_098340	0.0363753500347351
Smp_098420	23
Smp_098450	0.0191244160367925
Smp_098550	0.362598835111946
Smp_098560	0.0445907831220256
Smp_098650	0.0338645994344579
Smp_098740	0.0292257547559878
Smp_098760	0.0233448288586716
Smp_098840	0.0196260025000606
Smp_098850	0.0578646943684993
Smp_098890	0.0611621826749374
Smp_098920	0.0121502478555557
Smp_098950	0.0327251503716855
Smp_098960	0.304203655594845
Smp_098980	0.0510093643261355
Smp_099030	0.025670577492869
Smp_099090	0.398792504494817
Smp_099150	0.0342533325874162
Smp_099160	0.0238728216884342
Smp_099170	0.0163858278752423
Smp_099210	0.0947751679153821
Smp_099240	0.0319270374548608
Smp_099300	0.101046197215635
Smp_099310	0.0167088779488173
Smp_099320	0.0889522593304794
Smp_099420	0.055002904131976
Smp_099440	0.350588812882702
Smp_099570	0.019552484902361
Smp_099630	0.0053370041010926
Smp_099670	0.35059527931123
Smp_099690	0.0463677042674112
Smp_099770	0.171433908432026
Smp_099850	0.00863181843524463
Smp_099890	0.039216456360503
Smp_099930	0.0164598869961606
Smp_100030	0.0840484086791626
Smp_100040	0.0296070051750973
Smp_100070	0.0094782446082755
Smp_100080	0.0301737291261462
Smp_100090	0.0192752467001409
Smp_100110	0.0426541596007516
Smp_100120	0.0427718936263257
Smp_100130	0.0248242723222428
Smp_100140	0.0806353945675054
Smp_100350	0.133269156173294
Smp_100380	0.175730147809074
Smp_101230	0.05778943313764
Smp_101290	0.0670966872981592
Smp_101310	0.0254814228231214
Smp_101370	0.006445125371853
Smp_101450	2.04470591090153
Smp_101820	0.160736781888534
Smp_101970	0.389144430940368
Smp_102020	0.813850172432459
Smp_102040	0.124051737752679
Smp_102160	0.0498195778168977
Smp_102240	0.0164270307250005
Smp_102280	0.0099024740852547
Smp_102340	0.0620852665194059
Smp_102390	1.10368225249183
Smp_102400	0.187000092381789
Smp_102410	0.00903306907542168
Smp_102430	0.0608235653798247
Smp_102450	0.0157542417777954
Smp_102480	0.0127492034042063
Smp_102490	0.032694298768917
Smp_102510	0.120437246083696
Smp_102690	0.00598241029940748
Smp_102780	0.0210441673636289
Smp_102810	0.0482584939886653
Smp_102820	0.0275023188346014
Smp_102840	0.0162054321016391
Smp_102920	0.0127650405665631
Smp_102960	0.0585700906497969
Smp_103010	0.0231228267559597
Smp_103090	0.0194466802323568
Smp_103100	0.00830697775520183
Smp_103140	0.473038967831329
Smp_103160	0.0152894336597763
Smp_103200	0.00878246940028758
Smp_103280	0.0433993673050976
Smp_103320	0.0155981446788954
Smp_103330	23
Smp_103340	0.017186116092777
Smp_103380	0.0521619244046448
Smp_103460	0.020671169702464
Smp_103470	0.05648533648216
Smp_103530	0.0869168351478291
Smp_103540	0.0642191602468376
Smp_103560	0.0266204783726337
Smp_103570	0.0306010198283766
Smp_103610	0.140973496713068
Smp_103710	0.0181116854655799
Smp_103740	0.0243927885869642
Smp_103790	0.0177097696771437
Smp_103810	0.0557423485865755
Smp_103830	0.0249643198048562
Smp_103920	0.109722108810611
Smp_103930	0.010729656071594
Smp_103950	0.021289315080031
Smp_103990	0.0235209887574895
Smp_104000	0.0759945949623613
Smp_104030	0.0139764143685277
Smp_104110	0.0583507289688216
Smp_104120	0.031998035802492
Smp_104170	23
Smp_104210	0.194267018990797
Smp_104270	0.0243729532442574
Smp_104310	0.0124907643363067
Smp_104330	0.0350199816585112
Smp_104370	0.0740252411919826
Smp_104450	0.0946757900865708
Smp_104470	0.0305174730390832
Smp_104500	0.0139344119524844
Smp_104520	0.00536980855092181
Smp_104580	0.036034529029344
Smp_104600	0.0408418807504876
Smp_104630	0.0303187098748567
Smp_104660	0.0795120270047907
Smp_104670	0.0341857581057361
Smp_104680	0.030961126124019
Smp_104710	0.0261767900656269
Smp_104720	0.0135793323145129
Smp_104730	0.187694853758004
Smp_104790	0.0880905680619544
Smp_104860	0.0186100464137149
Smp_104870	0.0293693595689959
Smp_104890	0.552413603249136
Smp_104960	0.0150380254986281
Smp_104970	0.0883821450865063
Smp_104980	0.0503279205625738
Smp_105020	0.274977468731684
Smp_105040	0.010394175121082
Smp_105090	0.0670806795070009
Smp_105100	0.247328987563381
Smp_105180	0.0521317221972824
Smp_105200	0.00952443209308596
Smp_105210	0.05325800378909
Smp_105220	0.0782647102453439
Smp_105320	0.104461736243123
Smp_105330	0.0110605154112273
Smp_105340	0.441855829739895
Smp_105360	0.142993160729839
Smp_105370	0.0411814927311984
Smp_105410	0.374038928778271
Smp_105420	0.129528269303833
Smp_105450	0.180982341390749
Smp_105480	0.0902384925255227
Smp_105540	0.0235580717343711
Smp_105680	0.0767166844331835
Smp_105690	0.0183498637532048
Smp_105700	0.00841030249085989
Smp_105710	0.0216469190823097
Smp_105730	0.696622432264512
Smp_105780	0.57496226627285
Smp_105860	0.0204859226567445
Smp_105910	0.0373386457755196
Smp_105930	0.01804472422029
Smp_105950	0.138758671323852
Smp_105960	0.00586982184071531
Smp_105970	0.0387001678708252
Smp_106010	0.402591976381388
Smp_106050	0.0395630765631833
Smp_106060	0.0341848461656712
Smp_106080	0.0123088921632114
Smp_106110	0.302389577793311
Smp_106130	0.0289838170742715
Smp_106390	0.0266287286710302
Smp_106750	0.298835774733423
Smp_106970	0.123669522809074
Smp_107200	0.0450107910651554
Smp_107590	1.3813145381575
Smp_108390	0.103944686417549
Smp_108610	15.3578146828924
Smp_109240	0.349996223781861
Smp_110280	0.057630328421173
Smp_111340	0.102242768582244
Smp_111980	0.0246874025414557
Smp_112450	7.58208029419455
Smp_112480	0.127228709787468
Smp_112930	0.48577818495984
Smp_113620	0.133357760971935
Smp_113630	0.0267480984324052
Smp_113740	0.0227251688478175
Smp_114160	0.0159416408759355
Smp_114430	0.214219865551933
Smp_114435	0.196893882781578
Smp_114565	0.126006798965345
Smp_114660	0.483048294836153
Smp_114870	0.302769006363179
Smp_115290	0.0147819005967632
Smp_115340	0.0298212345017263
Smp_115450	0.03780603706607
Smp_116360	0.0184880849165763
Smp_117340	1.07359692872384
Smp_117390	0.0222574307638051
Smp_118040	0.0532854110139175
Smp_118220	0.0258243961176581
Smp_118710	0.131867455361314
Smp_118750	0.0575820329265017
Smp_118780	0.0184112530523721
Smp_118830	0.0138715061415729
Smp_119110	0.143798543946493
Smp_119310	0.00866280010513511
Smp_119920	0.095969241171469
Smp_119980	0.00508460408496235
Smp_120020	0.433417737092224
Smp_120070	1.3008799265825
Smp_120080	0.001323540336947
Smp_120320	0.0481078144559978
Smp_120350	0.0207182504483123
Smp_120360	0.00954196108513873
Smp_120380	0.214308386327574
Smp_120640	0.0176087165118647
Smp_120700	0.100142297016229
Smp_120920	0.0123719930580367
Smp_120960	0.43724253193224
Smp_121130	0.0560159095472882
Smp_121140	0.0335333894998417
Smp_121160	0.00801365350961425
Smp_121190	0.454700551709717
Smp_121230	0.55439482664853
Smp_121320	0.0802540794877589
Smp_121390	0.40169997618491
Smp_121420	0.0217292442649273
Smp_121430	0.0360070741633229
Smp_121460	0.0431332393371071
Smp_121580	0.209171006915322
Smp_121600	0.0976058952893912
Smp_121610	0.00992969564609619
Smp_121640	0.0106436004942145
Smp_121660	0.159725066319615
Smp_121780	0.303173751373193
Smp_121790	0.0100048123878927
Smp_121800	0.0133452685045614
Smp_121810	0.0203196561587451
Smp_121920	0.0181376980595007
Smp_121930	0.0737171617332714
Smp_121940	0.200863555804054
Smp_121950	0.151268493873434
Smp_121990	0.0121697808844615
Smp_122020	0.124982034423443
Smp_122030	0.0497898316098636
Smp_122050	0.101328603115068
Smp_122170	0.379111519415861
Smp_122280	2.20579173407784
Smp_122340	0.0168962309497005
Smp_122370	0.0224359002389785
Smp_122490	0.037453067654284
Smp_122500	0.0630746636634001
Smp_122630	0.30423207863014
Smp_122680	0.0403785291553667
Smp_122730	0.0196340331616761
Smp_122780	0.0443450747853051
Smp_122790	0.0223845726018895
Smp_122800	0.0640154151346989
Smp_122810	0.0244654349919386
Smp_122820	0.296241655390845
Smp_122840	0.0150225318995188
Smp_122890	0.0105073752597913
Smp_122900	0.103952042517801
Smp_122910	0.0155966981963932
Smp_122920	0.0257619359105367
Smp_122930	0.0193443021504802
Smp_122940	0.0142826278990006
Smp_122950	0.0646409650423984
Smp_122960	0.0104378281285422
Smp_122980	0.136431441920759
Smp_123000	0.132463802400676
Smp_123010	0.0299597133295526
Smp_123020	0.187064724917782
Smp_123030	0.0406155860921875
Smp_123040	0.0179357239949018
Smp_123050	0.215282620929176
Smp_123060	0.0282751685482198
Smp_123070	0.0146951300647759
Smp_123100	0.362026227882116
Smp_123120	0.197760514308472
Smp_123130	0.0387434054223741
Smp_123165	0.00815477105688342
Smp_123180	0.0174523989606389
Smp_123190	0.187695553155983
Smp_123200	0.328087921104901
Smp_123210	0.0110108936256697
Smp_123220	0.0325262127450234
Smp_123230	0.112550437238866
Smp_123240	0.0781547842363335
Smp_123260	0.080578792900791
Smp_123270	0.163103876603689
Smp_123280	0.0470163092316538
Smp_123290	0.0191957260430985
Smp_123300	0.400389053284712
Smp_123320	0.0107253973386992
Smp_123330	0.0146808389863142
Smp_123340	0.0109123409283418
Smp_123360	0.319727962580379
Smp_123370	0.646548911137197
Smp_123390	0.0460366561167397
Smp_123410	0.0360327642500824
Smp_123440	0.0424604815896101
Smp_123450	0.0160137774857769
Smp_123470	0.059604926898532
Smp_123480	0.033382758778832
Smp_123490	0.034389858669154
Smp_123500	0.0496632604137612
Smp_123510	0.00418503846158463
Smp_123520	0.0568897018191832
Smp_123530	0.0181229647363264
Smp_123540	0.110351646483821
Smp_123550	0.108212670281961
Smp_123570	0.0230391777673593
Smp_123590	0.0991207597049483
Smp_123600	0.0203803835238704
Smp_123610	0.0110574504613234
Smp_123620	0.0201761836448255
Smp_123630	0.0381428949607923
Smp_123640	0.0371882284683365
Smp_123670	0.0243881766509578
Smp_123690	0.0181749797779898
Smp_123710	0.0430111191411493
Smp_123720	0.142076930705794
Smp_123810	0.0424399358811664
Smp_123820	0.442649183718541
Smp_123830	0.255952736881405
Smp_123840	0.183960914630487
Smp_123860	0.343187290092409
Smp_123870	0.00621243533102588
Smp_123910	0.0466415532702394
Smp_123920	0.689581520420579
Smp_123940	0.0157991444973265
Smp_124000	0.30433649248551
Smp_124010	0.0393966384243774
Smp_124020	0.00976809669107263
Smp_124030	0.0254295879765837
Smp_124050	1.04666923017708
Smp_124060	0.155106394965609
Smp_124070	0.426380728732418
Smp_124080	0.288190428042594
Smp_124100	0.0228005579745749
Smp_124110	0.0266361353888018
Smp_124120	0.200852471993618
Smp_124130	0.0366068505233724
Smp_124160	0.0113836180899816
Smp_124210	0.073118034226845
Smp_124230	0.178547613407815
Smp_124240	0.138256398592548
Smp_124280	0.34763186516844
Smp_124290	0.0699214561198948
Smp_124300	0.0940119000315383
Smp_124320	0.0314524839214534
Smp_124340	0.0587916315985199
Smp_124350	0.0935906801746188
Smp_124380	0.0814380802551206
Smp_124390	0.00470939632698793
Smp_124430	0.043114239253517
Smp_124440	0.0357591922848283
Smp_124450	0.1314488329607
Smp_124460	0.0924345176320224
Smp_124470	0.537964464458871
Smp_124490	0.00885479363680502
Smp_124510	0.788324934819451
Smp_124520	0.164460489923045
Smp_124590	0.103117996568182
Smp_124600	0.0275279880548752
Smp_124650	0.00638431492078104
Smp_124660	0.154543049572877
Smp_124700	0.00697352374322618
Smp_124710	0.164450286170691
Smp_124720	0.0501962169460095
Smp_124740	0.239607153364783
Smp_124750	0.826918867756216
Smp_124760	0.0414434872564847
Smp_124770	0.0384727865345946
Smp_124820	0.00934863574460594
Smp_124840	0.0397828925104267
Smp_124850	0.0121697243116431
Smp_124860	0.00839797333672685
Smp_124890	0.559166253991466
Smp_124920	0.0621014557814895
Smp_124940	0.0435333755004484
Smp_124980	0.0813074818274843
Smp_125020	0.271724762057753
Smp_125040	0.106470657965524
Smp_125050	0.0512963604605443
Smp_125070	0.108573917510734
Smp_125080	0.0525415578375246
Smp_125130	0.0758402460943523
Smp_125150	0.3143244147604
Smp_125160	0.065525826097399
Smp_125200	0.408732186026146
Smp_125210	0.843534129045914
Smp_125250	0.0557095297643814
Smp_125260	0.0210736779590692
Smp_125270	0.0365130305800538
Smp_125280	0.026256192400086
Smp_125290	0.0445299439977047
Smp_125300	0.0566916407643634
Smp_125320	0.413755011829581
Smp_125340	0.0264540024004267
Smp_125350	0.0797300925902896
Smp_125360	0.01338291247183
Smp_125370	0.0850800968442153
Smp_125400	0.433686009984144
Smp_125420	0.248290498990894
Smp_125440	0.159780702325425
Smp_125450	0.995537435965298
Smp_125460	0.0238891255313842
Smp_125480	0.331038980410577
Smp_125490	0.29679537819508
Smp_125500	0.0188359266459331
Smp_125510	0.195137539412711
Smp_125520	0.00660065389745478
Smp_125550	0.0473142112524347
Smp_125560	0.051899400230319
Smp_125600	0.155079555232539
Smp_125630	0.104265317488053
Smp_125640	0.0349433409943444
Smp_125650	0.0527719539560669
Smp_125660	0.0639243399992815
Smp_125670	0.0242409501944989
Smp_125730	0.138928240192237
Smp_125740	0.0125355620147852
Smp_125760	0.387492822244123
Smp_125770	0.0294065628617966
Smp_125780	0.00731763521620316
Smp_125790	0.00753803638172321
Smp_125800	0.0116615347766687
Smp_125810	0.208621453623777
Smp_125820	0.0103125367669669
Smp_125870	0.0275443659037046
Smp_125890	0.108086464804711
Smp_125900	0.0105559413955574
Smp_125930	0.241424984283165
Smp_125940	0.384699577252418
Smp_125960	0.0395993083636904
Smp_125980	0.0867734604532537
Smp_126000	0.0632686971917001
Smp_126020	0.018453766158758
Smp_126030	0.00831909935302405
Smp_126050	0.245555027514342
Smp_126070	0.570266330716664
Smp_126080	0.0117509612855249
Smp_126110	0.00443804554036379
Smp_126140	0.197604559918255
Smp_126170	0.0781424490471542
Smp_126200	0.0323876408395356
Smp_126210	0.6996958291048
Smp_126220	0.510528521632246
Smp_126230	0.185643107235389
Smp_126240	0.304499965234212
Smp_126260	0.117473477675926
Smp_126290	0.09380447383054
Smp_126300	0.00819356658020093
Smp_126310	0.0591546739170513
Smp_126360	0.901635540908696
Smp_126370	0.0205636537023876
Smp_126420	0.471260910624856
Smp_126450	0.0714673730180237
Smp_126460	0.0180272231760256
Smp_126470	0.138424203326443
Smp_126480	0.280191243013507
Smp_126490	0.00641867940135446
Smp_126520	0.0354861888800222
Smp_126530	0.442415809500044
Smp_126540	0.288315720911295
Smp_126560	0.548656802264105
Smp_126580	0.557358703198777
Smp_126620	0.12759547348483
Smp_126640	0.334267705270345
Smp_126670	0.0161986552817751
Smp_126680	0.0674358339791558
Smp_126690	0.0347277022778826
Smp_126720	0.017854569225542
Smp_126730	0.165338026726227
Smp_126740	0.0214079742293596
Smp_126750	0.0510701867197928
Smp_126760	0.0411904968558529
Smp_126770	0.00468717023569468
Smp_126800	0.0474378445355575
Smp_126820	0.0315030013081436
Smp_126840	0.0498839963164852
Smp_126850	0.0143846737757896
Smp_126860	0.0489389449768627
Smp_126910	0.108506214240284
Smp_126920	0.0257374305766778
Smp_126970	0.181614740708325
Smp_126990	0.152375291754922
Smp_127010	0.0467705936263799
Smp_127030	0.115618574961266
Smp_127050	0.0236377652205458
Smp_127060	0.176692422716634
Smp_127080	0.1351509154672
Smp_127110	0.00788579099900488
Smp_127120	0.0272591732138787
Smp_127140	0.0190979342708369
Smp_127160	0.020631208438911
Smp_127180	0.0382857196898399
Smp_127190	0.199502574672193
Smp_127200	0.0415321208452813
Smp_127220	0.649973458111136
Smp_127240	0.203390271056537
Smp_127270	0.0732697138546686
Smp_127280	0.0176536186445396
Smp_127310	0.193777338973706
Smp_127360	0.109964678211135
Smp_127370	0.0804921325857327
Smp_127380	0.0272833919643093
Smp_127430	0.0232141183937801
Smp_127440	0.0741846932724403
Smp_127450	0.259958685810695
Smp_127460	0.0526245611913517
Smp_127470	0.114957172145935
Smp_127480	0.0180914584377951
Smp_127490	0.0490089043204528
Smp_127500	0.061394215801001
Smp_127520	0.012455833762949
Smp_127580	0.0283334367691358
Smp_127600	0.0137268503358481
Smp_127620	0.0348034881266274
Smp_127640	0.0370286059639711
Smp_127650	0.102888129450518
Smp_127660	0.0461588718771157
Smp_127670	0.12159982696988
Smp_127680	0.0238966526733337
Smp_127690	0.0671810038692351
Smp_127700	0.0235896770968457
Smp_127710	0.0482848763788102
Smp_127740	0.0524462585121768
Smp_127750	0.0608822412009708
Smp_127770	0.0848562027246324
Smp_127810	0.0479294673871856
Smp_127820	0.019751314574453
Smp_127830	0.0360358261180495
Smp_127840	0.0146603926181683
Smp_127860	0.418842164761752
Smp_127870	0.0267924946271255
Smp_127890	0.00716098366196051
Smp_127920	0.042323382359128
Smp_127930	0.0759690949294176
Smp_127940	0.068555327823145
Smp_127990	0.0682255680375605
Smp_128000	0.0280229086265686
Smp_128010	0.423681380056696
Smp_128050	0.0487145404479956
Smp_128060	0.0406712563409772
Smp_128070	0.0628902913200191
Smp_128110	0.0566577607927443
Smp_128120	0.0309377975765913
Smp_128130	0.0174417454767951
Smp_128150	0.00926060226364236
Smp_128160	0.230395567152465
Smp_128170	0.0490410872417157
Smp_128190	0.118636020001547
Smp_128200	0.176058681210574
Smp_128210	0.114662966984218
Smp_128220	0.183387563744299
Smp_128230	0.0502457643358286
Smp_128280	0.00616721342340725
Smp_128330	0.0532769600966174
Smp_128340	0.634120251032278
Smp_128350	0.2011211472756
Smp_128360	0.0341373514919472
Smp_128370	0.0653595513495701
Smp_128390	23
Smp_128420	0.0170162436364661
Smp_128430	2.1730289920488
Smp_128440	0.0613260660986961
Smp_128480	0.185828469595085
Smp_128510	0.563985876461637
Smp_128520	0.0794149593117709
Smp_128530	0.177982923315374
Smp_128560	3.29715241890521
Smp_128570	0.021527412675232
Smp_128600	0.0150530138104988
Smp_128610	0.0464920410962119
Smp_128630	0.0413492392909932
Smp_128650	0.0423208993970818
Smp_128660	0.0634606201837171
Smp_128680	0.0958242670999588
Smp_128690	0.0101352286874946
Smp_128710	0.417454919582668
Smp_128750	0.109804431268939
Smp_128760	0.327465136112136
Smp_128770	0.00393647544986349
Smp_128790	0.0637606209052046
Smp_128810	0.00733316093478437
Smp_128840	0.0351853210009383
Smp_128860	0.0670258155172588
Smp_128870	0.141604216541442
Smp_128890	0.0247883848902628
Smp_128920	0.0602341398720285
Smp_128940	0.0263342089471531
Smp_128950	0.0104324269046292
Smp_128960	0.008329661552978
Smp_128990	0.0177804011057086
Smp_129000	0.232502409240454
Smp_129010	0.104172734927878
Smp_129020	0.137473053262078
Smp_129050	0.0675176984680334
Smp_129060	0.215393094461923
Smp_129070	0.0117320982268409
Smp_129080	0.0152798357301882
Smp_129090	0.297674826124461
Smp_129100	0.0942106589234672
Smp_129110	0.0198670149248037
Smp_129120	0.0161047082817525
Smp_129130	0.0209340117527704
Smp_129210	0.0196259890234504
Smp_129230	0.2080039311895
Smp_129240	0.0906995572442178
Smp_129250	0.0682455517858563
Smp_129260	0.0295394298164005
Smp_129310	0.0215905874969835
Smp_129320	0.00708097076476112
Smp_129340	0.0113185680625745
Smp_129360	0.0757358768235057
Smp_129380	0.0162991696419522
Smp_129410	0.178937384419979
Smp_129420	0.0260496925851267
Smp_129430	0.147056429987725
Smp_129450	0.0298537714039426
Smp_129500	0.0351687137953578
Smp_129510	0.157324981326156
Smp_129520	0.0150085023812058
Smp_129550	0.0133163494129567
Smp_129560	0.0052443317162253
Smp_129580	0.016466706497971
Smp_129590	0.00886939140824083
Smp_129610	0.124536088894022
Smp_129630	0.0213613531220115
Smp_129640	0.045392438819055
Smp_129650	0.0101876521073946
Smp_129670	0.0579457897598508
Smp_129700	23
Smp_129710	0.129812079875264
Smp_129720	0.0296391442127319
Smp_129750	23
Smp_129760	0.0435990093491001
Smp_129770	0.0194188213468764
Smp_129810	0.671042694371046
Smp_129820	0.0164560919596409
Smp_129830	0.131837741867425
Smp_129840	0.0870322270598089
Smp_129870	0.164841772014619
Smp_129900	0.100784099466209
Smp_129920	0.888899047998347
Smp_129950	0.0414438497337303
Smp_129960	0.0261587537534607
Smp_129970	0.012700332947846
Smp_129980	0.016382701900126
Smp_129990	0.0376778627625343
Smp_130000	0.00858578520365805
Smp_130020	0.0993166992763671
Smp_130030	0.0210731630474047
Smp_130050	0.155341425888612
Smp_130070	0.0602476583684802
Smp_130080	0.0481676618784243
Smp_130100	0.120894110321864
Smp_130110	0.00791670088653774
Smp_130160	0.136105212362288
Smp_130170	0.0236775313072567
Smp_130180	0.015225107756131
Smp_130200	0.0498073023062957
Smp_130220	0.0711964405567377
Smp_130230	0.0159246074608388
Smp_130250	0.121577530881994
Smp_130260	0.118724669081475
Smp_130270	0.0332821078334512
Smp_130280	0.277372747270795
Smp_130300	0.0232771828179097
Smp_130330	0.065149778749171
Smp_130340	0.0217293771702487
Smp_130370	0.446804490149969
Smp_130410	0.00280070753833125
Smp_130430	0.00962002666658717
Smp_130440	0.0452339193666475
Smp_130450	0.0796801479963659
Smp_130460	0.00986653759074997
Smp_130470	0.0298059236494423
Smp_130480	0.0162972488781995
Smp_130490	0.075347467000785
Smp_130500	0.0854365717593326
Smp_130520	0.023938966826697
Smp_130540	0.0505224141780466
Smp_130580	0.0263341663739076
Smp_130590	0.0259543441278928
Smp_130600	0.0155905414425529
Smp_130610	0.0256244380296557
Smp_130620	0.069607334324331
Smp_130630	0.0234921319665075
Smp_130660	0.0776918798977621
Smp_130680	0.00947979592038341
Smp_130690	0.0153470688814854
Smp_130730	0.283168573088241
Smp_130750	0.0105851535489395
Smp_130760	0.0710927997939731
Smp_130780	2.9909277536948
Smp_130790	0.0207060764782592
Smp_130800	0.0639307192764193
Smp_130810	0.100805528591033
Smp_130840	0.024234756797802
Smp_130850	0.0948106126741518
Smp_130890	0.022047396719955
Smp_130900	0.0296357399557398
Smp_130910	0.0367884863926533
Smp_130940	0.0179824291709473
Smp_130950	0.112054657170135
Smp_130960	0.194818183424543
Smp_130980	0.0240859845355327
Smp_131000	0.040141782411986
Smp_131020	0.187619139751326
Smp_131030	0.0211680124405861
Smp_131050	0.024453836560608
Smp_131060	0.138117303444672
Smp_131070	0.0140437712940148
Smp_131080	0.182744749945665
Smp_131100	0.0591779341876519
Smp_131150	0.0241075984969966
Smp_131160	0.08708290599181
Smp_131220	0.00836246454115056
Smp_131230	0.0862881231923999
Smp_131250	0.0287271271444553
Smp_131290	0.177916359390673
Smp_131320	0.0516069915383092
Smp_131350	0.297565289065174
Smp_131360	0.0218149186198022
Smp_131370	0.473639024608433
Smp_131380	0.0930419042878858
Smp_131390	0.0101176703107778
Smp_131400	0.0163459887790151
Smp_131410	0.120781069785831
Smp_131460	0.015485584589968
Smp_131470	0.0778187466789357
Smp_131490	0.11511763113739
Smp_131580	0.0661048860560967
Smp_131600	0.0475818407975854
Smp_131620	0.143825204800323
Smp_131630	0.0496797859444989
Smp_131640	0.0944062521394049
Smp_131650	0.0116301905691929
Smp_131660	0.0236562622417496
Smp_131680	0.00401645401660727
Smp_131690	0.0224299122618425
Smp_131700	0.0572732323365371
Smp_131770	0.00345695189443199
Smp_131790	0.150120321974045
Smp_131800	0.00817141552111101
Smp_131810	0.066342069263981
Smp_131840	0.281362035225734
Smp_131870	0.0133471836224107
Smp_131890	0.196759217760848
Smp_131940	0.0831886555783075
Smp_131950	0.00932518182477286
Smp_131970	0.0160940130395662
Smp_131980	0.458395680765028
Smp_131990	0.1824046238626
Smp_132000	0.0260178739623986
Smp_132010	0.273754867393472
Smp_132020	0.0321431306692837
Smp_132030	0.0287314894668937
Smp_132050	0.0153922789109913
Smp_132060	1.07530823862455
Smp_132080	0.0814370828913376
Smp_132090	0.022983020097197
Smp_132120	0.0184579585140666
Smp_132170	0.0109502526746091
Smp_132180	0.0232656278536631
Smp_132200	0.036787820476051
Smp_132210	0.102958039167204
Smp_132230	0.104141138216879
Smp_132240	0.0453610779181111
Smp_132250	0.0382714819110135
Smp_132260	0.032890342693554
Smp_132270	0.171032293658471
Smp_132280	0.209757534754318
Smp_132300	0.118012588143041
Smp_132320	0.121591722643072
Smp_132330	0.0184937995249362
Smp_132350	0.0205941691704886
Smp_132410	0.0940226197090231
Smp_132450	0.00896904727263329
Smp_132470	0.195864200155634
Smp_132480	0.375283713685146
Smp_132540	0.258935384016825
Smp_132550	0.0913579109815622
Smp_132590	0.0240607388173259
Smp_132610	0.181986473996876
Smp_132620	0.00298473343001395
Smp_132640	0.0246291858622215
Smp_132660	0.455321221733758
Smp_132670	0.380001962096712
Smp_132690	0.00808224288583567
Smp_132700	0.364069774550806
Smp_132730	0.193236809355189
Smp_132740	0.168960354022357
Smp_132750	0.930991656425504
Smp_132790	23
Smp_132800	1.81108430759796
Smp_132810	0.563828692260955
Smp_132830	0.608420697510887
Smp_132850	0.0730967106536915
Smp_132870	0.0397877391976017
Smp_132900	0.0674645528152308
Smp_132930	0.171938967890618
Smp_132940	0.0183791430333748
Smp_133020	0.0238550196097111
Smp_133030	0.11064899305564
Smp_133050	0.00982763438303347
Smp_133080	0.503413218534249
Smp_133090	0.174635401796121
Smp_133110	0.0607968536797432
Smp_133120	0.0199276707390643
Smp_133150	0.00524374341322602
Smp_133170	0.156822574887405
Smp_133210	0.278805527101284
Smp_133250	0.101421249933284
Smp_133260	0.504687481555383
Smp_133270	0.00579170972822033
Smp_133280	0.0359295572915731
Smp_133300	0.0163066246537165
Smp_133310	0.0849525622548664
Smp_133330	0.0345276502505317
Smp_133340	0.207488427872614
Smp_133350	0.0992779624715909
Smp_133370	0.031257505143411
Smp_133380	0.0271975837796194
Smp_133400	6.04380000417353
Smp_133420	0.0659394891139377
Smp_133450	0.00922123068949795
Smp_133470	0.0222505054753739
Smp_133490	0.254466053599484
Smp_133530	0.0846445573224318
Smp_133580	0.223993227457103
Smp_133590	0.0141711175647289
Smp_133600	0.0301284572217058
Smp_133620	0.0147798454224228
Smp_133660	0.130460611242603
Smp_133690	0.124902376506169
Smp_133700	0.00955845349472961
Smp_133710	0.0273025491397046
Smp_133720	0.923184510148635
Smp_133740	0.0305060260474179
Smp_133770	0.987195614204479
Smp_133790	0.0162107064063648
Smp_133800	0.113369196884663
Smp_133820	0.0190773001159354
Smp_133830	0.434362445527528
Smp_133850	0.0203899936946777
Smp_133860	0.0355480047636233
Smp_133890	1.94989719265414
Smp_133900	0.173666347995956
Smp_133940	0.00830475474589755
Smp_133950	0.062147149345004
Smp_133990	0.161219857656047
Smp_134010	0.0197563264068488
Smp_134020	0.0210700181787179
Smp_134040	0.100992933114988
Smp_134050	0.00666543665408525
Smp_134060	0.0271672190927582
Smp_134080	0.0254899749921161
Smp_134090	0.105776380094208
Smp_134100	0.614634372980956
Smp_134140	0.172844875671165
Smp_134160	0.129144520701194
Smp_134230	0.0255523606038167
Smp_134250	0.0142620335198433
Smp_134260	0.254073171518425
Smp_134290	0.0491009289529117
Smp_134300	0.0762128353292447
Smp_134350	1.0527622464576
Smp_134360	0.102401715822082
Smp_134370	0.0124181028358552
Smp_134390	0.0580561768121258
Smp_134410	0.140948421001338
Smp_134440	0.0109878299329944
Smp_134450	0.292221067766305
Smp_134460	1.57470264812518
Smp_134470	0.0693218054449868
Smp_134480	0.0217685699939263
Smp_134490	1.93023838559549
Smp_134500	0.405739117470367
Smp_134510	0.05366273526016
Smp_134530	0.0487551393207901
Smp_134540	0.213853390756148
Smp_134550	0.708077960177561
Smp_134580	0.0577891530405087
Smp_134600	0.248988134620788
Smp_134640	0.0343624321953255
Smp_134660	0.0687113538827221
Smp_134670	0.0588765610796243
Smp_134690	0.404925599248816
Smp_134720	0.0453480307758415
Smp_134790	0.0379986746509778
Smp_134800	0.262271617925982
Smp_134820	0.282937812500802
Smp_134860	0.0182559127412587
Smp_134870	0.44002926847858
Smp_134880	0.0550860371475196
Smp_134910	0.0881815546771897
Smp_134930	0.684587938054041
Smp_134940	0.0154176397052729
Smp_134950	0.114904446188706
Smp_134960	0.417702765963866
Smp_134980	0.0122541415722997
Smp_135010	0.135053261730675
Smp_135020	0.064539652302298
Smp_135030	0.560553089891012
Smp_135040	0.190535407667643
Smp_135080	0.0403426580929366
Smp_135100	0.0308395544733983
Smp_135120	0.119574920630399
Smp_135130	0.0972907255870021
Smp_135140	0.303592621845746
Smp_135145	0.241561641903787
Smp_135160	0.269900602386926
Smp_135170	0.0614539762614722
Smp_135200	2.43938160223783
Smp_135210	0.289740572398103
Smp_135230	2.77395564338921
Smp_135240	0.0275466701830974
Smp_135250	0.551553130770026
Smp_135270	0.00870345137304294
Smp_135280	0.0360323911254432
Smp_135300	0.0763737437416708
Smp_135350	0.137279262192063
Smp_135380	0.238557087718106
Smp_135390	0.0256642490190139
Smp_135460	0.192751806549565
Smp_135470	0.0745821545418
Smp_135480	0.0876609556886193
Smp_135490	0.178918181636115
Smp_135500	0.0350436982436101
Smp_135510	0.0317497577627681
Smp_135540	0.0302175273730496
Smp_135550	0.155086395887499
Smp_135560	0.321250352770614
Smp_135570	0.0443659785551098
Smp_135710	0.104943341486074
Smp_135740	0.0356860884413091
Smp_135770	0.0360595329569146
Smp_135790	0.0689668079171018
Smp_135820	0.248807104358289
Smp_135830	0.0101460296386882
Smp_135840	0.188025175597021
Smp_135860	0.147631908017561
Smp_135870	0.0225703931798129
Smp_135880	0.0274726350261528
Smp_135890	0.216323297492696
Smp_135900	0.0921798170740648
Smp_135910	0.0114660263304911
Smp_135920	0.0976888478852976
Smp_135930	0.0354269002469995
Smp_135940	0.0704544035537433
Smp_135960	0.0108874618343223
Smp_135970	0.203203534996246
Smp_135980	0.354593305098367
Smp_135990	0.172055191692603
Smp_136010	0.0197704167299108
Smp_136030	0.175123433482643
Smp_136040	0.0479373557311546
Smp_136050	0.546092140124569
Smp_136070	0.181863870868521
Smp_136090	0.0513153504073353
Smp_136110	0.085537954734773
Smp_136130	0.122554780408874
Smp_136150	0.46104256755102
Smp_136160	0.0519848403625267
Smp_136180	0.0203725317666188
Smp_136190	0.151761974735171
Smp_136200	0.0516085581831995
Smp_136210	0.0916601737231571
Smp_136240	0.00565250634166063
Smp_136260	0.0107396495354597
Smp_136280	0.0087017788023637
Smp_136300	0.0156316063888381
Smp_136310	0.0281236649002393
Smp_136320	0.0298643536474901
Smp_136350	0.0683436984075356
Smp_136360	0.0109464918517955
Smp_136400	0.0380488181584551
Smp_136460	0.0779555381088935
Smp_136470	0.189603433186615
Smp_136480	0.401453223295337
Smp_136490	0.0135971669612143
Smp_136510	0.00744883775283036
Smp_136520	0.0127219056897321
Smp_136530	0.203273510905112
Smp_136540	0.0685965758284951
Smp_136550	0.0123659391665996
Smp_136570	0.0293263220193191
Smp_136580	0.0227818362511495
Smp_136590	0.0672378417351358
Smp_136620	0.152860268664435
Smp_136640	0.0985935790304209
Smp_136660	0.388729238773222
Smp_136690	0.61173431042879
Smp_136700	0.0347811840492619
Smp_136710	0.234341069683314
Smp_136730	0.207858325931488
Smp_136740	0.0127953483491823
Smp_136760	0.285378877001889
Smp_136770	0.0171306417582257
Smp_136780	0.0307971204028709
Smp_136850	0.0692696350248771
Smp_136860	0.224927918476503
Smp_136870	0.730533074381567
Smp_136910	0.0742947074836397
Smp_136920	0.0400976784516409
Smp_136930	0.231488974944135
Smp_136950	0.0202854479008325
Smp_136970	0.0289819419783072
Smp_136980	0.0390612352514824
Smp_136990	0.0357877106898221
Smp_137000	0.0104960439585063
Smp_137020	0.0452306515906437
Smp_137040	0.00306839971314502
Smp_137050	0.794921952157067
Smp_137080	0.0119283146306711
Smp_137090	0.221130384529959
Smp_137120	0.0952894057198104
Smp_137160	0.106377862512347
Smp_137180	0.328093096423579
Smp_137190	0.00953637427052029
Smp_137210	0.0138031886802088
Smp_137250	0.576003465612095
Smp_137280	0.176626823977171
Smp_137300	0.445403826915733
Smp_137310	0.566191040668534
Smp_137320	0.407465098307926
Smp_137330	0.0531350210786628
Smp_137360	1.78959483373737
Smp_137380	0.0315520291081622
Smp_137390	0.25878129909419
Smp_137410	0.137470812118123
Smp_137530	0.0711260140476307
Smp_137540	0.00786504454873681
Smp_137580	0.120144176634927
Smp_137590	0.098473344328303
Smp_137600	0.0482081725132495
Smp_137610	0.163988923058056
Smp_137640	0.117814425242849
Smp_137650	0.00393255923945523
Smp_137660	0.0642305991707045
Smp_137690	0.0630736929195684
Smp_137700	0.432855710342423
Smp_137710	0.0353483478131697
Smp_137720	0.198699346775257
Smp_137740	0.0222954377934559
Smp_137750	0.258315396411209
Smp_137800	0.040879004024186
Smp_137810	0.258407317614637
Smp_137840	0.0510521526081382
Smp_137860	4.72508279756673
Smp_137870	0.00683585536221584
Smp_137890	0.0439719466089312
Smp_137910	0.143239730914605
Smp_137920	0.0102118695177231
Smp_137930	0.0377111517134928
Smp_137940	0.244359546667076
Smp_137950	0.0432006469863576
Smp_137970	0.0204007027010602
Smp_137980	0.386006358010825
Smp_137990	0.087426419591232
Smp_138010	0.0415401865036117
Smp_138030	0.0491742901704047
Smp_138050	0.0144731972394116
Smp_138070	3.17712707126543
Smp_138110	0.288091757441454
Smp_138130	0.399405294975688
Smp_138140	2.94441004849654
Smp_138150	0.176976946020799
Smp_138160	0.0681059376406791
Smp_138180	0.0062519327584376
Smp_138200	0.016304593962988
Smp_138210	0.177078583139317
Smp_138220	0.0177376909660933
Smp_138230	0.0744301554137323
Smp_138240	0.0509189227914014
Smp_138280	0.052027153128782
Smp_138290	0.177669882337642
Smp_138300	0.114980280103485
Smp_138310	0.0445017017330705
Smp_138320	0.0196949621705886
Smp_138330	0.0875356700045736
Smp_138340	0.0270643313954802
Smp_138350	0.157960656441411
Smp_138430	0.0567337858681572
Smp_138470	0.0266852611283318
Smp_138480	0.0131710629325797
Smp_138500	0.0714070450433936
Smp_138510	0.118964244256553
Smp_138520	0.0100387549177725
Smp_138580	1.19065956436952
Smp_138590	0.0224151009991679
Smp_138600	0.163985689059641
Smp_138610	0.0341597013177359
Smp_138640	0.0471633726279176
Smp_138680	0.0379036632840694
Smp_138690	1.00672274124117
Smp_138750	0.0365441495570743
Smp_138760	0.0113500845512695
Smp_138770	0.0135482895248849
Smp_138810	0.108171672372532
Smp_138840	0.0148809063055853
Smp_138850	0.144860884182186
Smp_138860	0.033166440294118
Smp_138880	0.914426619932234
Smp_138890	0.00454794329903305
Smp_138900	0.414469790144255
Smp_138920	0.0292388690389562
Smp_138930	0.0175257860819768
Smp_139010	0.0542246644400174
Smp_139030	0.0141379099483212
Smp_139060	0.0262934500306359
Smp_139070	0.0188080631646073
Smp_139080	0.035012189089463
Smp_139090	0.0533330197741578
Smp_139100	0.320446893636518
Smp_139140	1.64644897788789
Smp_139150	0.0330032745894902
Smp_139180	0.370771595232283
Smp_139200	0.289754195092217
Smp_139240	0.112207419061614
Smp_139250	1.29674812673048
Smp_139330	0.089933410062371
Smp_139340	0.151708446714911
Smp_139360	23
Smp_139380	0.604043434916384
Smp_139410	0.326765433709392
Smp_139420	0.224886220475387
Smp_139430	0.0465194844826413
Smp_139450	0.4648432236495
Smp_139470	0.0202568369565639
Smp_139480	0.0644926380744297
Smp_139500	0.0323928115552707
Smp_139520	0.22123281442546
Smp_139530	0.224770647677118
Smp_139540	0.0275461912587254
Smp_139580	0.0236479523187792
Smp_139600	0.007034397782007
Smp_139620	0.115358468733439
Smp_139650	0.0659211931882263
Smp_139680	2.93075800172595
Smp_139720	0.233014461357429
Smp_139760	0.0391477089859525
Smp_139800	0.0963693898970914
Smp_139840	0.0486338279247907
Smp_139900	0.0388171134115744
Smp_139930	0.0120370307770408
Smp_139940	2.56687597919009
Smp_139970	0.262789716108615
Smp_139980	0.401514496154081
Smp_140000	0.046218497889499
Smp_140020	0.0331946604009654
Smp_140030	0.143945944790722
Smp_140040	0.114840022533948
Smp_140080	0.0139194952288029
Smp_140100	0.00670510273687653
Smp_140110	0.145084088948089
Smp_140120	0.049516848003971
Smp_140140	0.227170102367309
Smp_140150	0.110057385719026
Smp_140180	0.0209231892571587
Smp_140200	0.0503735719421374
Smp_140240	0.179536624954128
Smp_140250	0.354124943384936
Smp_140260	0.0166546579354157
Smp_140270	0.0840114379663044
Smp_140290	0.00837390370984109
Smp_140330	0.0317805927413746
Smp_140370	0.027143228159595
Smp_140390	0.00779457166598625
Smp_140400	0.00557936181122259
Smp_140420	0.0205038092334376
Smp_140430	0.0498200546926553
Smp_140440	0.0120438585454804
Smp_140460	0.0938999105038028
Smp_140480	0.0216420734575436
Smp_140490	0.026434998607342
Smp_140510	0.179527670074329
Smp_140520	0.104457523803998
Smp_140530	0.132369068986031
Smp_140540	0.0888663505506448
Smp_140550	0.0221914893396117
Smp_140560	0.0815364442244214
Smp_140570	0.063218294690515
Smp_140580	0.00881332762104229
Smp_140590	0.208001117742601
Smp_140610	0.0289222522359353
Smp_140620	0.574241499585777
Smp_140640	0.0299759473160712
Smp_140650	0.0371947661948999
Smp_140680	0.0151341317939156
Smp_140690	0.0440975489769852
Smp_140700	0.0616003291383213
Smp_140720	0.386833459060977
Smp_140730	0.779119486140994
Smp_140760	0.0127858307327981
Smp_140770	0.0654536612478294
Smp_140790	0.0509301723355712
Smp_140800	0.19918338919866
Smp_140810	0.0196437622209726
Smp_140820	0.140970850948957
Smp_140830	0.0293661324958172
Smp_140840	0.0930881247371892
Smp_140860	0.280175275764727
Smp_140880	0.18431684457777
Smp_140900	0.0679658589422711
Smp_140920	0.0932743479575433
Smp_140940	0.0467304608524088
Smp_140950	0.0117876783242392
Smp_140990	0.285265801259313
Smp_141000	0.0309085743121584
Smp_141010	0.0965466979326697
Smp_141040	0.013544666095942
Smp_141070	0.316205388834621
Smp_141080	0.0572579392356746
Smp_141120	0.0235587030661086
Smp_141140	0.0103152915288612
Smp_141150	0.019214813977749
Smp_141160	0.257916001120083
Smp_141170	0.215678354144413
Smp_141220	0.00868395700119671
Smp_141230	0.237561354787901
Smp_141240	0.032790137258848
Smp_141250	0.0462639883620491
Smp_141270	0.0943475731584033
Smp_141280	0.0990343528957495
Smp_141290	0.0653925593824745
Smp_141310	0.042091618356102
Smp_141320	0.0207857169503068
Smp_141330	0.0369732341185027
Smp_141350	0.100839707139019
Smp_141360	0.0101869915112016
Smp_141380	0.0140934925616931
Smp_141390	0.140536510763167
Smp_141410	0.0190363441591748
Smp_141430	0.208321039286103
Smp_141440	0.0292013342395868
Smp_141450	2.19184078577231
Smp_141460	0.236821088263653
Smp_141480	0.62094037169349
Smp_141490	0.356972054980842
Smp_141500	0.310958413452661
Smp_141520	0.2860198634568
Smp_141540	0.0158137932714257
Smp_141570	0.110434260154769
Smp_141580	0.0300826214295795
Smp_141610	0.16498748126184
Smp_141630	0.0159321840131632
Smp_141650	0.0141399300823247
Smp_141660	0.0408869539810854
Smp_141680	0.134364090197263
Smp_141690	0.390252973188029
Smp_141710	0.0359146666862754
Smp_141770	0.0484795101852841
Smp_141810	0.120508318839265
Smp_141820	0.0314726888093567
Smp_141830	0.377177221366654
Smp_141860	0.0726641803093819
Smp_141880	0.900559336297256
Smp_141890	0.0110780730014002
Smp_141930	0.347725346512348
Smp_141940	0.40316684724653
Smp_141960	0.0342693481643324
Smp_141970	0.0327615401583316
Smp_141980	0.248675457529093
Smp_142010	0.0581683111520808
Smp_142050	0.100246488586032
Smp_142090	0.0323122691628284
Smp_142110	0.295122815641632
Smp_142120	0.205509596198187
Smp_142150	0.368434529732286
Smp_142160	0.398207491500064
Smp_142170	0.0297084329855251
Smp_142180	0.0674537558772781
Smp_142210	0.0068869994729375
Smp_142250	0.0836680866518652
Smp_142270	0.017637887143281
Smp_142300	0.0228913816807731
Smp_142320	0.026237118459146
Smp_142400	0.0293989175318553
Smp_142410	0.00490086840508625
Smp_142420	0.0812293716471182
Smp_142450	0.0105495330044078
Smp_142490	0.0520598865777863
Smp_142510	0.018986118800702
Smp_142520	0.0116375519818754
Smp_142550	0.0342805217263472
Smp_142560	0.907784112733816
Smp_142600	0.0972228969460494
Smp_142620	0.0485371833949848
Smp_142640	0.0116782200831689
Smp_142650	0.00520806686260952
Smp_142670	0.0442411617203271
Smp_142700	0.232142367858266
Smp_142710	0.0314501600576658
Smp_142740	0.0546276742598135
Smp_142770	0.0296898732920233
Smp_142780	0.0210229145220519
Smp_142790	0.520008173682129
Smp_142820	0.0483107339732207
Smp_142850	0.00583508149721531
Smp_142860	0.00981247263458536
Smp_142880	0.283910620019742
Smp_142890	0.00635739982546438
Smp_142900	0.0699218808577237
Smp_142930	0.0164289681069032
Smp_142940	0.290194653333015
Smp_142950	0.00518047964845754
Smp_142960	0.0143455116116806
Smp_142970	0.0261314366603302
Smp_142980	0.309018231507897
Smp_143060	0.0930830541318694
Smp_143070	0.062532764066472
Smp_143090	0.135397622236215
Smp_143130	0.254877328970098
Smp_143190	0.0670044613909915
Smp_143220	0.159243920337324
Smp_143240	0.0213861750431029
Smp_143260	0.102750968618079
Smp_143270	0.220118129052362
Smp_143300	0.158640013316752
Smp_143310	0.0255380108852816
Smp_143350	0.0289530370234341
Smp_143390	0.0124289464093641
Smp_143430	0.0175429567708233
Smp_143440	0.0170407618751893
Smp_143460	0.112801532186746
Smp_143470	0.0660883743118617
Smp_143480	0.0739541866964709
Smp_143490	0.21429244508257
Smp_143550	0.054895674911048
Smp_143560	0.00692096255696766
Smp_143580	0.086731204841144
Smp_143630	0.0196827262709967
Smp_143670	0.0462227506047379
Smp_143690	0.0144351345483072
Smp_143700	0.0770776767939824
Smp_143730	0.00742348897526249
Smp_143740	0.187209586163012
Smp_143750	0.166872071205406
Smp_143760	0.0133206622812678
Smp_143770	0.0120409851744679
Smp_143780	0.01295505961931
Smp_143810	0.061336247546911
Smp_143830	0.0161584910630043
Smp_143840	0.0922464799665028
Smp_143860	0.0480602753380934
Smp_143870	0.168493865316631
Smp_143900	2.09220710046981
Smp_143910	0.162423303312052
Smp_143920	0.00519197108264244
Smp_143930	0.0407489399895787
Smp_143940	0.304572206893267
Smp_143960	0.0164659674988448
Smp_143970	0.0544800425234444
Smp_143980	0.0733223554529313
Smp_144000	1.16499224676321
Smp_144010	0.0306891014667258
Smp_144020	0.146840031812849
Smp_144030	0.0742658509966938
Smp_144070	0.0545896926541051
Smp_144080	0.0266714063743184
Smp_144110	0.0566391988857704
Smp_144120	0.138698742889307
Smp_144130	0.458494136723198
Smp_144140	0.012916729203014
Smp_144160	0.170260612035397
Smp_144170	0.0386331984035724
Smp_144180	0.0272898514382122
Smp_144190	0.228329545988949
Smp_144200	0.019070853783011
Smp_144210	0.066190674613044
Smp_144220	0.254817488645012
Smp_144240	0.0104087725010898
Smp_144250	0.0114722328017133
Smp_144310	0.341147566068736
Smp_144350	0.769790270611706
Smp_144360	0.0252404161949057
Smp_144370	0.081965649557917
Smp_144380	0.60564835793688
Smp_144390	0.0828651117797876
Smp_144430	0.0299470375134635
Smp_144440	1.65280005766195
Smp_144450	0.044276482680876
Smp_144470	0.0598384667358041
Smp_144490	0.0441954488101649
Smp_144495	0.213529215730825
Smp_144500	0.0248394950133911
Smp_144510	0.220800628604659
Smp_144520	0.0281374822271035
Smp_144540	0.362659244892201
Smp_144550	0.0152760205810872
Smp_144560	0.0226787552135449
Smp_144570	0.0240335489783614
Smp_144590	0.255065360464283
Smp_144600	0.30430468006477
Smp_144660	0.135182921052162
Smp_144700	0.012827898674989
Smp_144720	0.0149970172623579
Smp_144740	0.130526155140144
Smp_144750	0.0246916314382058
Smp_144760	0.0220620836521498
Smp_144770	0.00979633966099967
Smp_144820	0.0353549798000167
Smp_144840	0.0368111564377677
Smp_144850	0.0631258297258763
Smp_144860	0.0441458906872655
Smp_144870	0.0215455094896146
Smp_144920	0.0590013902622756
Smp_144930	0.0159899298139537
Smp_144940	0.0564446676624838
Smp_144950	0.0194075608253433
Smp_144960	0.0986211991801924
Smp_144970	0.0248173013267614
Smp_144990	0.00954587401534254
Smp_145010	0.0269658049709794
Smp_145020	0.984994989610268
Smp_145040	0.21137137269508
Smp_145070	0.0498638847523586
Smp_145090	0.0114081628555482
Smp_145110	0.0938956148883432
Smp_145140	0.335704412324307
Smp_145180	0.0122825747529391
Smp_145190	0.00357323691745487
Smp_145210	0.250328536465813
Smp_145230	0.25188800671117
Smp_145250	0.0560206246611569
Smp_145290	0.0783289946313704
Smp_145300	0.0795828123449423
Smp_145310	0.00505676505934182
Smp_145320	0.0796687383533796
Smp_145350	0.0110226725932403
Smp_145360	0.0820851812759579
Smp_145370	0.1443627506248
Smp_145380	0.0960908403322448
Smp_145400	0.064430334981612
Smp_145410	0.135367389065234
Smp_145420	0.0398534876822335
Smp_145440	0.0551405864190823
Smp_145460	0.101823643277414
Smp_145470	0.879121491339328
Smp_145490	0.968899307658318
Smp_145510	0.0181902669993262
Smp_145540	0.181250034583374
Smp_145550	0.0310218314535047
Smp_145560	0.24301764284677
Smp_145580	0.123223980082283
Smp_145600	0.0056514166992487
Smp_145610	0.0514041173343993
Smp_145620	0.00914099458974435
Smp_145630	0.0482212600700245
Smp_145640	0.331946070424463
Smp_145650	0.0432579736397946
Smp_145670	0.0110215756534086
Smp_145680	0.0762820452219202
Smp_145700	0.104763266720398
Smp_145740	0.0299858237492655
Smp_145800	0.0340740601783614
Smp_145810	0.00756667440861938
Smp_145890	0.153484343731365
Smp_145910	0.98988391758817
Smp_145930	0.114812132861733
Smp_145980	0.0178504684392877
Smp_145990	0.0220839984700877
Smp_146000	0.341842578885342
Smp_146010	0.0681339940048933
Smp_146040	22.4746856964102
Smp_146060	0.088428052559038
Smp_146080	0.103812169138591
Smp_146100	0.0115033316038629
Smp_146110	0.032945456079285
Smp_146120	0.11079646941122
Smp_146140	0.0155167428848199
Smp_146150	0.246112310756151
Smp_146160	0.0181475916453788
Smp_146190	0.0395604309824421
Smp_146200	0.0742926006315419
Smp_146220	2.57276180966132
Smp_146240	0.047085588745544
Smp_146250	0.0167918485752787
Smp_146280	0.269404748811524
Smp_146290	0.0132067300852662
Smp_146300	0.0152836646684157
Smp_146310	0.0152188359611269
Smp_146340	0.0972867524487143
Smp_146360	0.031271200022709
Smp_146400	0.00664209879159873
Smp_146410	0.0435040141345686
Smp_146420	0.25624169387969
Smp_146430	0.0627114571145878
Smp_146440	0.0706929273203518
Smp_146460	0.416001603832024
Smp_146470	0.452995059011024
Smp_146480	1.30352997045194
Smp_146570	0.02486722534537
Smp_146580	0.13737504737106
Smp_146600	0.0598021822017969
Smp_146610	0.0941728072861661
Smp_146630	0.0696294075618791
Smp_146640	0.0342719396814619
Smp_146650	1.1615008005624
Smp_146680	0.0333466968313564
Smp_146690	0.0474529212873651
Smp_146710	0.197836100830687
Smp_146720	0.227753668397594
Smp_146730	0.203521043917266
Smp_146740	1.8596896267452
Smp_146750	0.328330160855476
Smp_146760	0.162254787533928
Smp_146800	0.0135091337478416
Smp_146810	0.727661881276992
Smp_146830	0.0390744772903403
Smp_146840	0.146480532477107
Smp_146870	0.0693035143225284
Smp_146900	0.0283022233749812
Smp_146910	0.209625009954664
Smp_146940	0.306101394984823
Smp_147000	0.0816085913844628
Smp_147020	0.0329450734311862
Smp_147040	0.0109138376882423
Smp_147050	0.0288868573430069
Smp_147060	0.394123449635193
Smp_147070	0.12548175655073
Smp_147090	0.222737611468207
Smp_147110	0.192489945391458
Smp_147120	0.0358923824319153
Smp_147140	0.0366621560288417
Smp_147150	0.029268012754032
Smp_147160	0.1652250885455
Smp_147220	0.0128841536692606
Smp_147230	0.148882415114551
Smp_147240	0.0259178206878744
Smp_147250	0.0152531875966476
Smp_147260	0.379580550361308
Smp_147290	0.125192948250968
Smp_147330	0.00373633708959115
Smp_147350	0.0764158451021258
Smp_147360	0.0131500444261657
Smp_147370	0.0215858982505795
Smp_147390	0.38716873263599
Smp_147400	0.0889966813358613
Smp_147410	0.469758590236792
Smp_147420	0.141031319216098
Smp_147430	0.288485759864652
Smp_147460	0.00790026593303799
Smp_147470	0.177984575873294
Smp_147520	0.0876622510761801
Smp_147560	0.0301161842063052
Smp_147570	0.0429014209891841
Smp_147590	0.0208584819471582
Smp_147620	0.0157785522630166
Smp_147630	0.00345984191901423
Smp_147640	0.672910023432486
Smp_147650	0.0148464994011364
Smp_147670	0.421540561684594
Smp_147680	0.282070597812829
Smp_147690	0.118852626640732
Smp_147750	0.0428800503107533
Smp_147790	0.279455607857931
Smp_147820	0.0263630126289871
Smp_147840	0.0158760296638904
Smp_147850	0.0117307770571851
Smp_147890	0.301229513718845
Smp_147920	0.0120706041104052
Smp_147950	0.0345254069471758
Smp_147960	0.0275735399180518
Smp_147970	0.122845782587293
Smp_147980	0.0571542371654827
Smp_147990	0.0339480026125822
Smp_148010	0.0176062364358502
Smp_148020	0.0128200730782457
Smp_148070	0.00737263719283692
Smp_148080	0.251547967569851
Smp_148110	0.501077408510867
Smp_148120	0.0926488169997051
Smp_148130	0.111749657844697
Smp_148140	0.00670850594930898
Smp_148160	0.152447564218677
Smp_148180	0.224465288594172
Smp_148190	0.189537310607571
Smp_148200	0.549200599887014
Smp_148220	0.0163953682598428
Smp_148230	0.0137933715011831
Smp_148250	0.0327983671282152
Smp_148260	0.019028138034214
Smp_148280	0.0336338789370354
Smp_148290	0.551632646741075
Smp_148360	0.0176559751171155
Smp_148370	0.0247174419332427
Smp_148400	0.0437717164455168
Smp_148410	0.0196954260975935
Smp_148450	0.0279134846007538
Smp_148460	0.0297644739222783
Smp_148470	0.569262364787434
Smp_148480	0.0200489740947079
Smp_148510	0.0123151570908394
Smp_148540	0.0288571364409604
Smp_148590	0.236776901845414
Smp_148630	0.106429434793743
Smp_148650	0.0329145169225559
Smp_148660	0.0164059541745363
Smp_148670	0.247704495602622
Smp_148700	0.0611471309771733
Smp_148720	0.0410177071062813
Smp_148760	0.0331352836082407
Smp_148770	0.229037729015005
Smp_148790	0.112569723672408
Smp_148800	0.0430398596583844
Smp_148820	0.254870810084356
Smp_148830	0.0286741119730351
Smp_148870	0.0980602992986686
Smp_148900	0.0281376327899314
Smp_148910	0.196141269481411
Smp_148930	0.0114873503017289
Smp_148940	0.023118629020373
Smp_148970	0.0135992972066557
Smp_148980	0.134242186102841
Smp_149000	0.0237450354108936
Smp_149010	0.0713168240045231
Smp_149030	0.0254858738272251
Smp_149040	0.0364996527591822
Smp_149050	0.00497952574692644
Smp_149070	0.0972560927610098
Smp_149080	0.0396943868442163
Smp_149110	0.0483221170243521
Smp_149130	0.0754745184696586
Smp_149160	0.0587656081970662
Smp_149170	0.317513893809757
Smp_149180	0.112004196324979
Smp_149200	0.0254971172470651
Smp_149220	0.0307573681324313
Smp_149230	0.304296707562877
Smp_149240	0.154892206090828
Smp_149300	0.0105509207458162
Smp_149320	0.0661144403753023
Smp_149330	0.057953005278893
Smp_149370	0.0659268458760785
Smp_149380	0.0113484993666828
Smp_149400	0.162671597867717
Smp_149410	0.0176045970632532
Smp_149420	0.0199959316697993
Smp_149430	0.0167741860952489
Smp_149450	0.0223823518123719
Smp_149460	0.221774138696684
Smp_149480	0.0301604992139982
Smp_149500	0.00409282816128476
Smp_149520	0.271890029380256
Smp_149530	0.0728920650088696
Smp_149540	0.0319313142769468
Smp_149560	0.0811239840678817
Smp_149580	0.329638655447403
Smp_149640	0.0380746587637875
Smp_149660	0.0500049653733667
Smp_149700	0.0396786907416617
Smp_149710	0.093903266342633
Smp_149720	0.238056450865317
Smp_149730	0.0603804856211303
Smp_149740	0.126307341118286
Smp_149750	0.141882967275528
Smp_149770	0.1212631559682
Smp_149820	0.0488241034488414
Smp_149900	0.0750643443699756
Smp_149950	0.00670940294603138
Smp_149960	0.0347336883076507
Smp_149980	0.738952231256137
Smp_150000	0.0521960026914338
Smp_150020	0.277613450325493
Smp_150030	0.115418562203101
Smp_150040	0.0784566459907357
Smp_150070	0.0173437845852153
Smp_150080	0.0183660956190598
Smp_150090	0.070204104262534
Smp_150120	0.0909806375457272
Smp_150140	0.264102107317185
Smp_150150	0.137900126181796
Smp_150160	0.0183337102213109
Smp_150180	0.198707280090608
Smp_150200	0.0946319467116073
Smp_150210	0.00540969509714093
Smp_150220	0.130724770484963
Smp_150230	0.0124686275840942
Smp_150270	0.00695288512846326
Smp_150280	0.0222641693871656
Smp_150300	0.0233767920170021
Smp_150320	0.0241813448899647
Smp_150340	0.0151693658956984
Smp_150350	0.148063344517318
Smp_150360	0.0196758359665555
Smp_150380	0.0772460993397703
Smp_150410	0.0465776025398613
Smp_150420	0.0278390340102832
Smp_150430	1.96710935232919
Smp_150460	0.0947183148421157
Smp_150470	0.0227758435807212
Smp_150500	0.015853540966339
Smp_150510	0.020414372802234
Smp_150520	0.277161239823258
Smp_150550	0.0438171254826105
Smp_150560	0.028353550846161
Smp_150580	0.0343045042648428
Smp_150590	0.376831629873632
Smp_150610	0.0340062962664371
Smp_150640	0.0450908025817034
Smp_150650	0.371281643311617
Smp_150660	0.0295899734359748
Smp_150680	0.0219408886242302
Smp_150690	0.054365138179531
Smp_150700	0.107684187088783
Smp_150740	0.0410492119858091
Smp_150750	0.0353833493763671
Smp_150840	0.10191445752777
Smp_150850	0.0116297904126893
Smp_150860	0.154827976231461
Smp_150870	0.20660842815829
Smp_150890	0.0223314660773454
Smp_150960	0.0134026850125302
Smp_150980	0.0176628496861476
Smp_150990	0.108684194082388
Smp_151010	0.0183921963475157
Smp_151020	0.0215416878352576
Smp_151030	0.0380195540999091
Smp_151040	0.317080732915009
Smp_151050	0.00639182606704386
Smp_151060	0.0862164979283819
Smp_151070	0.00415048449750497
Smp_151100	0.125265211005848
Smp_151140	0.12796911577139
Smp_151180	0.0220920189247699
Smp_151190	0.0241414738684518
Smp_151200	6.05881322250961
Smp_151210	12.3939619157379
Smp_151220	0.4487957455391
Smp_151260	23
Smp_151270	0.543110147590548
Smp_151280	0.148436625972908
Smp_151285	0.047174955814169
Smp_151310	0.0758109639459938
Smp_151320	0.239155724648667
Smp_151360	0.150404307507696
Smp_151380	0.0357392064630031
Smp_151410	0.021261383869918
Smp_151420	0.116127120062175
Smp_151440	0.0910065409590321
Smp_151450	0.0591339366188872
Smp_151480	0.017191212609314
Smp_151490	0.225807577519235
Smp_151520	0.0253788353917647
Smp_151560	0.173859165204549
Smp_151570	0.108748034270582
Smp_151580	0.00691326928046824
Smp_151590	0.0256643295638256
Smp_151600	0.420495002477321
Smp_151640	0.531550315063084
Smp_151650	0.0230958842180346
Smp_151660	0.128063388278415
Smp_151670	0.0130612324735903
Smp_151720	0.0101738498892077
Smp_151730	0.0457017384143133
Smp_151740	0.347432438860276
Smp_151750	0.0167642541983125
Smp_151780	0.00842698340399808
Smp_151820	0.0823584208162785
Smp_151920	0.159875152125016
Smp_151930	0.0460909679183493
Smp_152000	0.0102193866126858
Smp_152060	0.0727215461530428
Smp_152090	0.268341310663143
Smp_152110	0.0618818416461928
Smp_152130	0.0596746409283187
Smp_152180	0.113124891019951
Smp_152190	0.896740319313981
Smp_152200	0.629290756482101
Smp_152210	0.52666468556111
Smp_152220	0.0222948912008902
Smp_152230	0.0140207171190531
Smp_152260	0.059084044425865
Smp_152270	0.0276410077385253
Smp_152280	0.106002429547964
Smp_152290	0.10105684424635
Smp_152300	0.0216769448326642
Smp_152310	0.109106019932831
Smp_152330	0.0364712297152869
Smp_152350	0.0466344977967745
Smp_152370	0.00657904566895938
Smp_152380	0.259665184335052
Smp_152390	0.164054029535726
Smp_152400	0.0393694320824389
Smp_152430	0.0629118304393819
Smp_152440	0.00867010781589421
Smp_152500	0.367970144983696
Smp_152510	0.00417476008559167
Smp_152520	0.011815187587209
Smp_152530	0.0425722188678143
Smp_152550	0.0459628353445657
Smp_152570	0.015430495312635
Smp_152580	0.309581071478856
Smp_152590	1.85225271430038
Smp_152630	0.882141352965376
Smp_152650	0.027254576788155
Smp_152670	0.119476543097202
Smp_152710	0.0189157635553401
Smp_152740	0.176659301523739
Smp_152750	0.027873998037834
Smp_152760	0.0170490694484596
Smp_152790	0.0079703063564956
Smp_152800	0.0170881254818836
Smp_152830	0.158724069802828
Smp_152840	0.00884751239601717
Smp_152850	0.0151445045236277
Smp_152860	0.0192279639931565
Smp_152870	0.0183528225266505
Smp_152940	0.179626836436074
Smp_152960	0.121491620664248
Smp_152980	3.20494324489387
Smp_152990	0.209619073194452
Smp_153010	0.022293924349383
Smp_153070	0.154263889831893
Smp_153090	0.231085565539474
Smp_153100	0.968645330567649
Smp_153110	0.0959501925688663
Smp_153140	0.135046431038106
Smp_153150	0.0256593100722154
Smp_153160	0.0249072999727099
Smp_153170	0.558030768022655
Smp_153190	0.0218509747490346
Smp_153200	0.729266645455605
Smp_153210	1.07441256097773
Smp_153220	5.25214178232267
Smp_153250	0.0325877371245351
Smp_153270	0.0199942337008739
Smp_153290	0.0364214947443002
Smp_153300	0.0176394101474989
Smp_153340	0.0472175359635966
Smp_153350	0.0476769553615661
Smp_153390	0.241564975070875
Smp_153410	0.00545293887407306
Smp_153430	0.0388832158291039
Smp_153440	0.395056053893487
Smp_153460	0.00880614630114133
Smp_153480	0.0605517887827373
Smp_153490	0.0231365814666443
Smp_153500	0.0301176022685503
Smp_153520	0.206055459829072
Smp_153530	0.0823674408644747
Smp_153540	0.0126633407380794
Smp_153550	0.167680334101409
Smp_153560	0.0311107090688988
Smp_153580	1.00715825324074
Smp_153590	0.00970011685828688
Smp_153610	0.0294985730892826
Smp_153640	0.118776239156586
Smp_153660	0.0820652231163654
Smp_153690	0.0329047406996179
Smp_153700	0.264794624788434
Smp_153710	0.0152665512257323
Smp_153720	0.00810392125148861
Smp_153750	0.0499215827437196
Smp_153760	0.0107812450981343
Smp_153770	0.0483887238151646
Smp_153780	0.429271706832094
Smp_153790	0.116064932809652
Smp_153810	0.0741097154580184
Smp_153820	0.0156118754017678
Smp_153840	0.0168755851291822
Smp_153870	0.0638351283952481
Smp_153890	0.024234799578253
Smp_153920	0.053490560394406
Smp_153930	0.529189819497661
Smp_153950	0.0352181819657182
Smp_153960	0.0196888818785743
Smp_153970	0.0859426398144924
Smp_153990	0.0784466856121795
Smp_154000	0.0437998118068515
Smp_154040	0.030499495926276
Smp_154080	0.24270220287831
Smp_154090	0.353120478447699
Smp_154100	0.0408944528218481
Smp_154160	0.00379420856080383
Smp_154180	0.671844686457191
Smp_154220	0.53022216671858
Smp_154250	0.0246425235369526
Smp_154260	0.88063229358242
Smp_154270	0.0296440499471841
Smp_154280	0.00723315135473246
Smp_154290	12.7809803297795
Smp_154320	0.0123686275955913
Smp_154330	0.0269175016713995
Smp_154340	0.0105128418031575
Smp_154370	0.0188116016626561
Smp_154390	0.663788408366322
Smp_154410	0.126481442622849
Smp_154420	0.0126435364928401
Smp_154470	0.010531099777083
Smp_154490	0.130695407046336
Smp_154500	0.0304013951769711
Smp_154520	0.0293481745187903
Smp_154530	0.0108799769004112
Smp_154560	0.114686480519305
Smp_154590	23
Smp_154600	0.281523000518751
Smp_154610	0.0419244444178742
Smp_154620	0.0588827355839687
Smp_154640	0.0510366921402428
Smp_154650	0.0229578120202125
Smp_154670	0.192449561109962
Smp_154680	0.177770961448147
Smp_154690	0.0143859279065856
Smp_154730	0.0235834894425318
Smp_154740	0.111150298087055
Smp_154760	0.170661095483013
Smp_154780	0.0170457735721324
Smp_154830	0.0953246616450403
Smp_154840	0.0545818186974414
Smp_154850	0.215100102897632
Smp_154870	0.0508087794752438
Smp_154880	0.0222502120840783
Smp_154900	0.187526282451658
Smp_154910	0.169078232480916
Smp_154930	0.0474776670632032
Smp_154940	0.238858368041848
Smp_154960	0.0372351306027622
Smp_154970	0.163261976230146
Smp_154980	0.0421882584218526
Smp_155000	0.0309377114115081
Smp_155020	0.0310926355730737
Smp_155030	0.0280667691241525
Smp_155040	0.0225231814044429
Smp_155050	0.145224410070488
Smp_155060	0.0417175382620994
Smp_155110	23
Smp_155210	0.0263755083130215
Smp_155290	0.0847416789312668
Smp_155310	1.43239451227043
Smp_155320	0.42688023834235
Smp_155330	0.0374373438811203
Smp_155340	0.0401060221721956
Smp_155360	0.12923941880211
Smp_155370	0.0382882906475371
Smp_155380	0.118777293859549
Smp_155390	0.150666823722324
Smp_155400	0.0585058620179267
Smp_155420	0.0155215169325975
Smp_155450	0.341799863501592
Smp_155480	0.00971782545586495
Smp_155500	0.0983511833357906
Smp_155510	0.0373092793364642
Smp_155530	0.045971031446877
Smp_155560	0.030839403180632
Smp_155590	0.0136040466345117
Smp_155620	0.119244204585335
Smp_155630	0.012609187040956
Smp_155700	0.0337896648867882
Smp_155720	0.016017855110884
Smp_155740	0.0354127582208412
Smp_155750	0.0286106570800542
Smp_155760	0.0778086801891018
Smp_155770	0.0362894340678474
Smp_155780	0.0170406909013567
Smp_155790	0.0146794633934994
Smp_155810	0.113332099732015
Smp_155840	0.0791550406496129
Smp_155850	0.0787188487127259
Smp_155860	0.0560764702972688
Smp_155900	0.137454733374282
Smp_155970	0.361551959208927
Smp_156000	0.0166650322118913
Smp_156050	0.527372628538257
Smp_156060	0.0181756472305434
Smp_156100	0.00672834780936042
Smp_156140	0.135083341425078
Smp_156150	0.198284225134869
Smp_156160	0.0180337859343847
Smp_156170	0.0218860403006382
Smp_156180	1.80329282066684
Smp_156230	0.261590479618669
Smp_156240	0.015786657954536
Smp_156250	0.0611759658720958
Smp_156270	0.00928149327305498
Smp_156280	0.0881307630130974
Smp_156290	0.0271212451637677
Smp_156300	0.112861607746892
Smp_156310	9.5645311718784
Smp_156340	0.302255792790901
Smp_156350	0.033707520088606
Smp_156370	0.236107744600972
Smp_156390	0.0583539047753896
Smp_156400	0.204065447536943
Smp_156410	0.0304842281503561
Smp_156450	0.0268127710302656
Smp_156460	0.0419263017914606
Smp_156470	0.0610987393231564
Smp_156480	0.239047628328062
Smp_156500	0.137588690037376
Smp_156520	0.0419991983641254
Smp_156540	0.296927264942845
Smp_156550	0.372061130654766
Smp_156630	0.135694512421188
Smp_156670	0.0204648499706404
Smp_156720	0.00684073965218894
Smp_156730	6.9082218214839
Smp_156740	0.394447275981826
Smp_156750	0.192532637497933
Smp_156780	0.0620276601932696
Smp_156850	0.154021711075334
Smp_156860	0.0883500811887303
Smp_156870	0.033117978799905
Smp_156880	0.0361019337609939
Smp_156890	0.286337949560662
Smp_156900	0.024619015672075
Smp_156910	0.0608631997591452
Smp_156930	0.25550973822914
Smp_156950	0.0278959994531137
Smp_156960	0.250173395104567
Smp_156990	0.0128691776151572
Smp_157000	0.0671679906771818
Smp_157050	0.281185559965472
Smp_157070	0.0184870054463791
Smp_157080	0.312597561164748
Smp_157100	0.282854794299147
Smp_157140	0.0341179617832263
Smp_157150	0.0162621679099295
Smp_157160	0.0387395247014442
Smp_157200	0.099368863339278
Smp_157210	0.659672731221204
Smp_157220	0.0307500502678073
Smp_157230	0.04944966369586
Smp_157240	0.266764754660935
Smp_157250	0.0305511828392816
Smp_157290	0.0188173013225656
Smp_157300	0.0193880778732848
Smp_157310	0.491419214558272
Smp_157320	0.00679263462174533
Smp_157340	0.011460149564569
Smp_157350	0.0562386721471875
Smp_157360	0.0436991126565331
Smp_157390	0.227400701387339
Smp_157400	0.0544554750304388
Smp_157410	0.0726511578979785
Smp_157450	23
Smp_157470	0.0742473824283003
Smp_157510	0.0061690507221433
Smp_157540	0.0634289078988251
Smp_157560	0.0377763864286948
Smp_157570	0.268376896024537
Smp_157590	0.0282283952964605
Smp_157620	0.113770396183459
Smp_157640	0.327522662361432
Smp_157660	0.0381101540577789
Smp_157670	0.30323073507617
Smp_157680	0.0188593144763472
Smp_157690	0.591693951832006
Smp_157700	0.0533058834330502
Smp_157710	0.0339671743907736
Smp_157715	0.0525192598242851
Smp_157720	0.0102963173415882
Smp_157730	0.15484964657197
Smp_157740	0.0219641221658355
Smp_157750	0.0301930244244814
Smp_157760	0.0781795444727818
Smp_157770	0.0104471044363293
Smp_157780	0.0123245561327312
Smp_157790	0.149062844419413
Smp_157800	0.128125532510912
Smp_157830	0.260738840385912
Smp_157840	0.417352185410956
Smp_157860	0.233529537113375
Smp_157870	0.507575193914054
Smp_157910	0.0405346712666065
Smp_157920	0.0176409552927003
Smp_157930	0.0626144668042551
Smp_157940	0.0128929026570927
Smp_157950	0.0449700843854157
Smp_157980	0.0285896828098039
Smp_158030	0.0644928964084627
Smp_158050	0.0326138553079282
Smp_158110	0.0124589534669513
Smp_158130	0.00441526745902854
Smp_158140	0.0133761453696965
Smp_158150	1.24260216957075
Smp_158160	0.0960657683743472
Smp_158170	0.137465399777961
Smp_158180	1.30191461227214
Smp_158190	0.00921346912498548
Smp_158230	0.125684536703865
Smp_158240	0.0217957796575188
Smp_158290	0.552230586112552
Smp_158310	0.089747751669569
Smp_158320	0.0495415511631642
Smp_158330	0.142804655195834
Smp_158360	0.194070191268374
Smp_158380	0.032631903976797
Smp_158400	0.0345864131074627
Smp_158430	0.021558006907448
Smp_158440	0.0286528767969181
Smp_158450	0.0153188355457733
Smp_158460	0.29827084415717
Smp_158480	0.370618761567654
Smp_158490	0.591642002360893
Smp_158520	0.351229271432907
Smp_158550	0.132666314394966
Smp_158560	0.0161652014237276
Smp_158570	5.90852010065767
Smp_158590	1.22318128376088
Smp_158600	0.0880277880846602
Smp_158610	0.0410267341263138
Smp_158620	0.0963604363752273
Smp_158630	0.0103789583510757
Smp_158640	0.0162076757252291
Smp_158660	0.12822925238315
Smp_158670	0.0256307637889935
Smp_158690	0.073072459339647
Smp_158700	0.0108570729902355
Smp_158720	0.660930223493786
Smp_158730	0.0987402696147101
Smp_158740	0.148956269122025
Smp_158750	0.343428948144874
Smp_158770	0.0273840627834987
Smp_158810	0.0205521577169495
Smp_158840	0.0489057982771795
Smp_158860	0.0229394066150491
Smp_158890	0.346852839746263
Smp_158910	0.0210060658012791
Smp_158950	0.125877403850256
Smp_158970	0.0305947838671866
Smp_158980	23
Smp_158990	0.159031861945601
Smp_159020	0.235125390541174
Smp_159050	0.0777809857310192
Smp_159060	0.0518996070301332
Smp_159070	0.0137699818189766
Smp_159090	0.0704298057276854
Smp_159100	0.0676114755687426
Smp_159110	0.0402175088312856
Smp_159120	0.01499218866158
Smp_159130	1.42208449561021
Smp_159140	0.0341818676293179
Smp_159150	0.0637399429758053
Smp_159160	0.143318244547529
Smp_159180	0.00711280147693499
Smp_159190	0.123680166008965
Smp_159330	0.128880061395301
Smp_159340	0.0098437757741358
Smp_159350	0.0341229112211488
Smp_159370	0.295319954587427
Smp_159380	0.031831196292508
Smp_159450	0.529701407791214
Smp_159490	0.116726699429463
Smp_159510	0.422948982670445
Smp_159520	0.216204769188435
Smp_159550	0.04544109058348
Smp_159560	0.372690939778756
Smp_159570	0.0867089430980951
Smp_159590	0.109007775373977
Smp_159600	0.254195792071528
Smp_159620	0.0222629448707448
Smp_159630	0.0683190226770904
Smp_159690	0.0315359406283781
Smp_159700	0.767250907634749
Smp_159730	0.0575863502181164
Smp_159740	0.158136356235014
Smp_159750	0.00536358113883541
Smp_159780	0.149815625549555
Smp_159790	0.256432232621117
Smp_159800	23
Smp_159830	23
Smp_159840	0.104182711594053
Smp_159860	0.152185072353694
Smp_159890	0.0263250932815826
Smp_159910	0.00762316353060891
Smp_159930	0.0832502068396326
Smp_159940	0.0170958066383908
Smp_159950	0.069037014256517
Smp_159990	0.125282631303021
Smp_160000	0.0303939110010128
Smp_160070	0.040891401079259
Smp_160090	0.0389047995002584
Smp_160100	0.0206219050267904
Smp_160140	0.0431041968634437
Smp_160160	0.34942942836207
Smp_160170	0.150236729524399
Smp_160180	0.269363078077502
Smp_160190	0.0477499952629019
Smp_160210	0.154392820014666
Smp_160270	0.0170049674311121
Smp_160290	0.101442035109559
Smp_160320	0.219971376424956
Smp_160360	0.317200253566409
Smp_160370	0.0656955612299246
Smp_160410	0.0448975692904873
Smp_160460	0.169026365185953
Smp_160490	0.0224880428679611
Smp_160530	0.0247273553301057
Smp_160540	0.0775540956534525
Smp_160590	0.0354205024336831
Smp_160600	0.0471580992321657
Smp_160610	0.0838254907593539
Smp_160670	0.688265456144179
Smp_160700	0.175404867791658
Smp_160710	0.0366552938448517
Smp_160730	0.0177368249400225
Smp_160760	0.027263708928214
Smp_160780	0.0330452399018753
Smp_160810	0.017517753352633
Smp_160820	0.0109711427274779
Smp_160830	0.0369934160337203
Smp_160850	0.0200993649427246
Smp_160870	0.050509861371355
Smp_160880	0.221471081696026
Smp_160940	0.0346841594215985
Smp_160950	0.0185321079492592
Smp_161040	0.289437765759536
Smp_161060	0.0936263662104091
Smp_161080	0.0611681830815862
Smp_161110	0.0533729313887576
Smp_161120	0.0564278623706116
Smp_161130	0.0303404258358907
Smp_161140	0.0125343408634667
Smp_161160	0.0115055284238288
Smp_161170	0.0050269545975872
Smp_161210	0.236930364656598
Smp_161220	0.0347129833109011
Smp_161240	0.114893064933225
Smp_161250	0.0380867370154341
Smp_161290	0.024637799356478
Smp_161330	0.230183621500094
Smp_161350	0.0139301178617999
Smp_161360	0.0419013126802012
Smp_161370	0.0175603696087373
Smp_161380	0.0220544559879201
Smp_161400	0.090488233121626
Smp_161450	0.322181863192698
Smp_161500	0.0465230190613238
Smp_161510	0.213087560224145
Smp_161530	0.0444105491040411
Smp_161540	0.0249079203872701
Smp_161550	0.00760874084090318
Smp_161560	0.0209019707267793
Smp_161580	0.0194598066180255
Smp_161650	0.77172342235986
Smp_161680	0.0452660304054705
Smp_161730	0.0241320304227001
Smp_161750	0.00943846104451071
Smp_161770	1.61838075643117
Smp_161790	0.28208362087164
Smp_161800	0.32442216065731
Smp_161820	0.12191735352542
Smp_161850	0.0441353423329574
Smp_161870	0.0261223807122149
Smp_161880	9.00934161910954
Smp_161960	0.0116107556604411
Smp_161970	0.00480818193953848
Smp_161980	0.0438047863660978
Smp_162000	0.0303197303269956
Smp_162010	0.127802745351946
Smp_162030	0.02539338339596
Smp_162040	0.0121395411644269
Smp_162060	0.246902554949127
Smp_162080	0.0158647142690593
Smp_162100	0.0174857274994228
Smp_162110	0.0708217926860792
Smp_162180	0.11367498073563
Smp_162210	0.0309541097793187
Smp_162220	0.012006893827754
Smp_162230	0.162506624520378
Smp_162240	0.0462806536542085
Smp_162250	0.128088157048586
Smp_162260	0.049013008556307
Smp_162280	0.0635172822156478
Smp_162290	0.235747371748757
Smp_162300	0.259615361097803
Smp_162310	0.0070921772604737
Smp_162340	0.168317900154679
Smp_162350	0.0226314079056605
Smp_162360	0.553572339351277
Smp_162370	0.482572130120819
Smp_162380	0.0232563586132525
Smp_162390	0.0658941737226205
Smp_162440	0.143104530419337
Smp_162500	0.0729246248293565
Smp_162510	0.0343086560888685
Smp_162520	0.195861127963162
Smp_162540	2.25780980966672
Smp_162550	0.216950458375825
Smp_162600	0.0406152983148466
Smp_162610	0.045412444710142
Smp_162620	0.0580548143273125
Smp_162630	0.00523061069532259
Smp_162640	0.0966925083546183
Smp_162650	0.0337013236940598
Smp_162660	0.053896004095237
Smp_162680	0.593049433050755
Smp_162710	0.133734297707177
Smp_162760	0.189177332614343
Smp_162770	0.0233021461625721
Smp_162790	0.0257624040524656
Smp_162810	0.374382680347979
Smp_162840	0.778555406454881
Smp_162860	0.127727491650914
Smp_162900	0.0089110498638475
Smp_162910	0.0066985738707646
Smp_162920	0.0611508499548737
Smp_162940	0.0138111659976538
Smp_162960	0.0760281040561159
Smp_162970	0.029613070935463
Smp_162980	0.308591271538079
Smp_163000	0.014156190863648
Smp_163030	0.009861197575803
Smp_163050	0.0459153195754156
Smp_163080	0.085028171840145
Smp_163090	0.136336738061691
Smp_163110	0.0198403538330586
Smp_163140	1.38990838500245
Smp_163160	0.0623715159446961
Smp_163170	0.0543542822362888
Smp_163180	0.0484171932620015
Smp_163210	0.0429535490139258
Smp_163220	0.0289738374211945
Smp_163230	0.0130880967589797
Smp_163240	0.167520565915963
Smp_163250	0.0301437399605772
Smp_163260	0.0202629532205205
Smp_163290	0.0354207844766202
Smp_163300	0.00445220689969728
Smp_163310	0.100250358834545
Smp_163320	0.0283540689463987
Smp_163330	0.0336311234899172
Smp_163340	0.110702357195189
Smp_163380	0.223889274472857
Smp_163420	0.0699270076300267
Smp_163430	0.0357081427605742
Smp_163450	0.034088946326264
Smp_163460	0.0199580731068731
Smp_163500	0.161064696324166
Smp_163520	0.253756797849469
Smp_163550	0.0321346132300131
Smp_163560	0.0212276614647064
Smp_163570	0.259931455178052
Smp_163580	0.0673303818236074
Smp_163590	0.0676753907201447
Smp_163600	0.00554680250869595
Smp_163610	0.341520699416044
Smp_163620	0.0084712597948824
Smp_163640	0.0293744162519691
Smp_163660	0.0680342949050343
Smp_163670	0.0390863155425669
Smp_163710	0.395521593659188
Smp_163720	0.0293704942933968
Smp_163750	0.355327564734376
Smp_163760	0.0259599444235319
Smp_163780	0.0130859218107901
Smp_163790	0.143931266448723
Smp_163810	0.153051913222369
Smp_163820	0.233488328043495
Smp_163830	0.0221477902040415
Smp_163840	0.150801631070589
Smp_163850	0.012525570290132
Smp_163880	0.034171832424665
Smp_163930	0.401170056986014
Smp_163950	0.0935248810705183
Smp_163970	0.0125006742060103
Smp_163980	0.0243876551697476
Smp_164010	0.0185467291374889
Smp_164020	0.245466138560847
Smp_164040	0.0953560879639026
Smp_164050	0.0118567188206533
Smp_164060	0.0669425047467529
Smp_164070	0.136130411753139
Smp_164080	0.0256397168688529
Smp_164100	22.8734364567179
Smp_164130	0.02606968512691
Smp_164150	0.11682606248883
Smp_164180	0.77623394426464
Smp_164190	0.0297054616831661
Smp_164200	0.0545007468029031
Smp_164210	0.0151418128500191
Smp_164250	0.00999677600073506
Smp_164270	0.0774643560720889
Smp_164360	0.126572211234411
Smp_164380	0.078584221358899
Smp_164400	0.866788807280764
Smp_164410	0.026856583294008
Smp_164480	0.710221877093766
Smp_164500	0.0123724811430978
Smp_164540	0.0582454621636464
Smp_164560	0.0701565463476889
Smp_164590	0.268612121502131
Smp_164650	0.0523572957258237
Smp_164660	0.0111631349568127
Smp_164730	0.0868994966746323
Smp_164740	2.62501726418807
Smp_164760	0.128795687815794
Smp_164820	0.0478043253478707
Smp_164860	0.0291934186421759
Smp_164880	0.0566123870207962
Smp_164890	0.0135506483934101
Smp_164930	0.0259238752128862
Smp_164940	0.012372245768914
Smp_164950	0.116484813894952
Smp_164960	0.0573934195092672
Smp_164990	0.00644793336584254
Smp_165000	0.0100612957494538
Smp_165030	0.0324022224238078
Smp_165040	0.232121597821184
Smp_165050	2.44768939509793
Smp_165060	0.109601278948113
Smp_165070	0.0490503311711546
Smp_165080	0.021163261323222
Smp_165150	0.063414000354264
Smp_165170	0.0486402892567211
Smp_165180	0.0553510392412228
Smp_165190	0.0039999210915713
Smp_165200	0.0137721580322507
Smp_165220	0.0118287019428774
Smp_165230	0.195480885569604
Smp_165260	0.0138905013848206
Smp_165280	0.0111392529122347
Smp_165320	0.0342973545029166
Smp_165330	0.0296449348068237
Smp_165340	0.559247742191709
Smp_165350	0.0130879440722266
Smp_165360	1.89729299381553
Smp_165400	0.0225431541808804
Smp_165420	0.0215812035729445
Smp_165430	0.0979381483587636
Smp_165440	0.09904216303052
Smp_165450	0.0400862905212745
Smp_165460	0.0318063136009617
Smp_165470	0.270077348937467
Smp_165490	0.0272923378057815
Smp_165530	0.0497722487085886
Smp_165540	0.0156520705547501
Smp_165550	0.0590782302161878
Smp_165560	0.0318442246019486
Smp_165570	0.230778209896686
Smp_165580	0.0278236528514746
Smp_165590	8.36568311855599
Smp_165600	1.99534878052826
Smp_165610	0.0765116600155592
Smp_165630	0.03374379491417
Smp_165660	0.0600555099089953
Smp_165680	0.029224402747286
Smp_165690	0.135137048994309
Smp_165700	0.0165435147558981
Smp_165710	0.0434265780590858
Smp_165720	0.0627425660531861
Smp_165750	0.107486824918466
Smp_165760	0.117901359665727
Smp_165780	0.0658140596832471
Smp_165790	0.157158728127006
Smp_165820	0.0406125558569084
Smp_165830	0.01206445668332
Smp_165840	0.0153247444686389
Smp_165850	0.0762800306870302
Smp_165870	0.094178710830318
Smp_165930	0.00747740740251696
Smp_165940	0.0746344493454695
Smp_165950	0.04445183566741
Smp_165960	0.014001911582079
Smp_165980	0.00874124261204608
Smp_166020	0.349690628487568
Smp_166040	0.064774814759395
Smp_166070	0.0215778578536512
Smp_166080	0.0138901458052528
Smp_166090	0.228975204384418
Smp_166120	0.0651512857920483
Smp_166170	0.0446909736047141
Smp_166180	0.109673214143628
Smp_166200	0.068641754590179
Smp_166220	0.0304416432863919
Smp_166230	0.0478460755432293
Smp_166280	0.213036430730854
Smp_166290	0.0104607565375102
Smp_166300	0.174738447373158
Smp_166310	0.015788545467556
Smp_166320	0.00975379530659313
Smp_166340	0.142921053695253
Smp_166350	0.589459666625367
Smp_166370	0.0308412731762407
Smp_166390	0.0539793536920455
Smp_166400	0.0550453445942633
Smp_166420	0.0628642347041327
Smp_166430	0.0620442024499609
Smp_166440	0.125581541602761
Smp_166500	0.0291088357365148
Smp_166530	0.0381939459475882
Smp_166550	0.00978643444443753
Smp_166560	0.81350981588913
Smp_166580	0.0411399667693863
Smp_166600	0.0655971752543026
Smp_166610	0.193524579063034
Smp_166660	0.182237274524636
Smp_166680	0.0201217745601185
Smp_166690	2.94354113249425
Smp_166720	23
Smp_166780	0.0285061566640127
Smp_166790	0.0203700978432599
Smp_166800	0.0949084212797376
Smp_166820	0.0494771849413391
Smp_166830	0.0115867047856884
Smp_166890	0.188719465553474
Smp_166930	0.0202531240294448
Smp_166940	0.0141801783349913
Smp_166960	0.150306918795344
Smp_166980	0.0710750081964032
Smp_167000	0.102587344894634
Smp_167010	0.0333969637435102
Smp_167020	0.0249915218152687
Smp_167140	0.58044054437658
Smp_167160	0.23044221246494
Smp_167170	0.0159681962196799
Smp_167190	0.0623682677535474
Smp_167200	0.105734971982324
Smp_167220	0.0114358863586237
Smp_167230	0.0280621699189842
Smp_167240	0.0210353678519536
Smp_167280	0.231197008524646
Smp_167290	0.0210675495329302
Smp_167300	0.0281681737597367
Smp_167310	0.0144369247880472
Smp_167330	0.0177391488114647
Smp_167360	0.093245066543044
Smp_167370	0.207470628104979
Smp_167400	0.286946635394121
Smp_167410	0.0161731480962474
Smp_167430	0.336792321591582
Smp_167450	0.138920086909851
Smp_167470	0.174292073333902
Smp_167500	0.0107576763218105
Smp_167520	0.0234822538988227
Smp_167540	0.0841599706052455
Smp_167550	0.0606251671577868
Smp_167590	0.0156604151371107
Smp_167630	0.340696411719997
Smp_167640	0.144960450988326
Smp_167650	0.198348808617588
Smp_167660	0.0593592003410887
Smp_167670	23
Smp_167680	0.0402883144042324
Smp_167750	0.170299933833408
Smp_167770	1.39764116459042
Smp_167800	0.00739806504807072
Smp_167810	0.102686914790437
Smp_167830	1.57786492963597
Smp_167840	0.187264805396839
Smp_167850	0.0373475045850685
Smp_167860	0.0683304026864814
Smp_167880	0.0205660139011646
Smp_167890	0.0220051800408645
Smp_167920	0.0267759928703915
Smp_167950	0.0721058580950177
Smp_168000	0.0338931422553647
Smp_168040	0.0246128808910975
Smp_168050	0.0478015243386286
Smp_168080	0.0212990308802245
Smp_168140	0.306656837670691
Smp_168160	0.0215400339457244
Smp_168170	0.0280711515616241
Smp_168200	0.0347327384714236
Smp_168240	0.23009503177974
Smp_168250	2.18213483674442
Smp_168270	0.0745260225264025
Smp_168310	0.0161463722415977
Smp_168330	0.0320584765009891
Smp_168340	0.0275607751552103
Smp_168350	0.0909041003088634
Smp_168370	0.0448736041694035
Smp_168400	0.0990025172347825
Smp_168430	14.933478210602
Smp_168450	0.0825231277493104
Smp_168460	0.142303855959179
Smp_168500	0.039298976961472
Smp_168520	0.0151257522441644
Smp_168550	0.0573580494641026
Smp_168590	0.0965467584805275
Smp_168600	0.390511284011543
Smp_168610	0.189847452406426
Smp_168620	0.89588115218179
Smp_168660	0.0212979202419983
Smp_168670	0.210089862881294
Smp_168730	0.511914807733528
Smp_168760	0.0513799374383498
Smp_168770	0.0466157743524815
Smp_168780	0.0620965708330971
Smp_168800	0.0397595297079177
Smp_168890	0.0158495206644187
Smp_168930	0.0182982292969664
Smp_168990	0.341496403948622
Smp_169010	0.0895812944225564
Smp_169030	0.00955022231466429
Smp_169040	0.0328983799060596
Smp_169050	0.190249497969882
Smp_169070	0.0189908146144962
Smp_169090	0.473531244528132
Smp_169140	0.0420371845287298
Smp_169150	0.101754993205538
Smp_169180	0.0323709752676891
Smp_169190	23
Smp_169200	0.115695808962949
Smp_169220	0.180015439257015
Smp_169260	0.106502189415008
Smp_169280	0.0153734157781151
Smp_169290	0.0208559633669661
Smp_169300	0.00315521667079876
Smp_169320	0.00893344987437669
Smp_169330	0.0327834885671966
Smp_169340	0.125653457270807
Smp_169350	0.703607366136644
Smp_169360	0.194401931198045
Smp_169380	0.0790271612094541
Smp_169410	0.0877721774290077
Smp_169430	0.0413339069611654
Smp_169440	0.0590024022562014
Smp_169460	0.186711871369037
Smp_169470	0.0161618343800234
Smp_169480	0.202349549262086
Smp_169520	0.0134641479933383
Smp_169530	0.0239011104864872
Smp_169550	0.0394216503504009
Smp_169580	0.042443948266092
Smp_169610	0.02858003261125
Smp_169630	0.0350322587396538
Smp_169640	0.0357731452463855
Smp_169660	0.110281906667191
Smp_169670	0.0243480532011167
Smp_169690	0.0166085787123837
Smp_169700	0.0792841164041719
Smp_169720	0.0316746411849608
Smp_169730	0.0381170973275284
Smp_169750	0.0165204259527619
Smp_169760	0.16800091110242
Smp_169780	0.0177266626378858
Smp_169800	0.0126010833121621
Smp_169820	0.00735968409708644
Smp_169860	0.0700791947559963
Smp_169870	0.0735457812426829
Smp_169880	0.466473798438023
Smp_169890	0.342509133763583
Smp_169930	0.0252971443241501
Smp_169940	0.00310238227644213
Smp_169950	0.00596897287098212
Smp_169960	0.0219683271755512
Smp_169970	0.131181284150059
Smp_169980	0.00992886385971663
Smp_169990	0.0375510529176278
Smp_170010	0.117883652371282
Smp_170020	0.159957399359676
Smp_170030	0.225923019567531
Smp_170060	0.0333265563901609
Smp_170150	0.311595066768319
Smp_170160	0.0155862448703137
Smp_170170	0.0722366331112614
Smp_170200	0.024805176705883
Smp_170210	0.173741154753635
Smp_170230	0.0126725587057839
Smp_170260	0.00914340218566467
Smp_170280	0.239438028241927
Smp_170290	0.0234489327601788
Smp_170300	0.0650626570617356
Smp_170320	0.21580396502438
Smp_170340	0.330353641520655
Smp_170350	0.0105813230192224
Smp_170380	0.0204660686774691
Smp_170390	0.0460842488943168
Smp_170400	0.036208735392185
Smp_170430	0.497312416767919
Smp_170440	0.075032092044684
Smp_170450	0.0463603864893745
Smp_170490	0.939064103668926
Smp_170540	0.0236282630003595
Smp_170550	0.0257314720773926
Smp_170560	0.410569364922613
Smp_170570	0.0178628640827274
Smp_170580	0.0362649395246847
Smp_170600	0.0828575087554164
Smp_170610	0.685081049628097
Smp_170620	0.18454315952206
Smp_170630	0.0668160788023091
Smp_170690	0.0702986871918221
Smp_170700	0.231827496149253
Smp_170740	1.30349781111244
Smp_170760	0.154361449991042
Smp_170770	2.05877107295807
Smp_170790	0.0600489510613431
Smp_170800	0.0289486554144819
Smp_170810	0.5394449930616
Smp_170840	1.21113266485311
Smp_170890	0.274437933915545
Smp_170910	0.0235759331199791
Smp_170930	0.0383289384175731
Smp_170940	0.0472625394366126
Smp_170950	0.0326937641489055
Smp_170980	0.11830346151417
Smp_171000	0.016882557877991
Smp_171010	0.282121414444032
Smp_171020	0.236271942603936
Smp_171030	0.0718940635877047
Smp_171040	0.0179196438026444
Smp_171060	0.582747621267996
Smp_171070	0.0115269058541095
Smp_171080	0.0659032069762172
Smp_171090	0.0970619333938507
Smp_171120	0.218575215332228
Smp_171130	1.07748936654097
Smp_171140	0.196108194383964
Smp_171150	0.0739299028311579
Smp_171170	0.0273793372515493
Smp_171180	0.0274908828957773
Smp_171190	0.381244299056124
Smp_171200	0.0136051024664853
Smp_171270	0.557765876459046
Smp_171280	0.0586475670830195
Smp_171310	22.7771476464449
Smp_171370	0.102511087977725
Smp_171460	0.0366164475847768
Smp_171490	0.0283843310044463
Smp_171530	0.0297668265862582
Smp_171540	0.00423828739778799
Smp_171550	0.0244225770389406
Smp_171580	1.04222775848113
Smp_171600	0.180287478472832
Smp_171610	0.02640661072278
Smp_171620	0.0495078873758659
Smp_171630	0.0144990091643309
Smp_171640	0.0301394392663902
Smp_171660	0.019282035881574
Smp_171670	0.0960634971068124
Smp_171680	0.339743056324089
Smp_171710	0.0133531603316809
Smp_171720	0.0578143768826256
Smp_171730	0.79801553137663
Smp_171740	0.0567170964706647
Smp_171750	0.101378842602337
Smp_171770	0.0122447136083003
Smp_171780	0.26301841024662
Smp_171790	0.0381231205333966
Smp_171820	0.0686803855822063
Smp_171860	0.241308812582645
Smp_171870	0.0122247958286052
Smp_171880	0.0878335502429293
Smp_171940	0.0557852017074714
Smp_172030	0.00806468256820998
Smp_172040	0.054496808919793
Smp_172050	0.0420810087337812
Smp_172060	0.00454903822437806
Smp_172070	0.0246634003362249
Smp_172090	0.0231217805505805
Smp_172110	0.0743999846723065
Smp_172120	0.013228085512755
Smp_172130	0.0216275713045401
Smp_172140	0.118706143981374
Smp_172150	0.0709966614489631
Smp_172160	0.0153232143053428
Smp_172170	3.14387595760334
Smp_172180	0.375146398389918
Smp_172190	0.0252808370527937
Smp_172200	0.0189287693934667
Smp_172210	0.061024288333786
Smp_172220	0.00392374763808826
Smp_172240	0.0206473880150808
Smp_172250	0.183330355172102
Smp_172270	0.0223116019956302
Smp_172280	0.0106811257606322
Smp_172340	0.354585831921624
Smp_172360	0.0480122333502454
Smp_172370	0.0532885860208602
Smp_172400	0.0140463611552974
Smp_172420	0.0440748788266816
Smp_172440	1.57091989521261
Smp_172460	0.427077984947073
Smp_172470	0.236242889415081
Smp_172480	0.101837975717925
Smp_172490	0.0113410797044182
Smp_172510	0.010506547613818
Smp_172520	0.182735322405212
Smp_172530	0.187231051837019
Smp_172540	0.0098723631313067
Smp_172580	0.173636499395914
Smp_172590	0.0100232319858142
Smp_172610	0.118246675089579
Smp_172640	0.342810429616505
Smp_172660	0.0439135629148613
Smp_172700	0.0412203959936086
Smp_172730	0.0438646469083137
Smp_172780	0.00887102228859546
Smp_172790	0.00578171418310018
Smp_172810	0.524304176342824
Smp_172850	0.0274654342310327
Smp_172990	0.0461038431905826
Smp_173000	0.0819888559980902
Smp_173010	0.292602963246507
Smp_173020	0.0225698407799265
Smp_173060	0.0495813958674787
Smp_173100	0.110626995490064
Smp_173110	0.116820359312439
Smp_173120	0.0154896115449546
Smp_173140	0.0169175682295952
Smp_173150	0.682402438677371
Smp_173160	1.20722686992019
Smp_173180	0.0648931921604225
Smp_173190	0.0180289442847764
Smp_173200	1.64401068343391
Smp_173210	0.0765522591350397
Smp_173230	0.024514478269403
Smp_173240	0.0540926595682978
Smp_173250	0.0262459696770741
Smp_173280	0.204248416558804
Smp_173320	0.0121027276566331
Smp_173330	0.00929180550343801
Smp_173340	0.0323548270720582
Smp_173350	6.21619008190887
Smp_173360	7.41806418369512
Smp_173380	0.187708596420106
Smp_173410	0.0711944198119701
Smp_173420	0.0663735566823678
Smp_173480	0.145648018653662
Smp_173550	0.0639386154388566
Smp_173580	0.0248499458177438
Smp_173610	0.196831058638127
Smp_173620	0.120777371704127
Smp_173640	0.0240106040046472
Smp_173650	0.0133575545750405
Smp_173700	0.0370630066864526
Smp_173730	0.0225497977959651
Smp_173760	0.264338010223686
Smp_173790	0.0102934734234355
Smp_173810	0.0280622333903031
Smp_173840	0.0303570756771559
Smp_173880	0.154407950650332
Smp_173900	0.0289222051253786
Smp_173910	0.0465177689612047
Smp_173940	0.0243630821069436
Smp_174060	0.442266788384884
Smp_174090	0.267924801818917
Smp_174110	0.120028854085494
Smp_174130	0.0513224536735436
Smp_174170	0.349999733498897
Smp_174190	0.0573849957090554
Smp_174220	0.0867391448196999
Smp_174230	0.0699607726083458
Smp_174240	0.0272649009414364
Smp_174260	0.0621301615051744
Smp_174300	0.105120870689261
Smp_174310	0.0452748504694713
Smp_174320	0.474899820908396
Smp_174350	0.124794427201818
Smp_174370	0.0149739253119307
Smp_174380	0.384769511008957
Smp_174390	0.0283514793600504
Smp_174410	0.00823383913612585
Smp_174420	0.0508743017320602
Smp_174450	0.0608134923636306
Smp_174490	0.0161855567120328
Smp_174510	0.111361165167991
Smp_174520	6.51704518175971
Smp_174580	0.160106860432267
Smp_174610	0.0561102506409965
Smp_174630	0.0238869826078314
Smp_174660	0.0204932048382456
Smp_174670	0.0110451670426893
Smp_174680	0.0283220188494961
Smp_174690	0.0603823995938191
Smp_174700	0.078477178184433
Smp_174710	0.0269002376960538
Smp_174720	0.060427539583957
Smp_174780	0.0790359622029632
Smp_174800	0.0141754365820517
Smp_174810	0.941280466362755
Smp_174850	0.122860018142382
Smp_174870	0.184135948482353
Smp_174880	0.320416272891721
Smp_174890	0.0228504378808364
Smp_174920	0.316790613019889
Smp_174950	0.0576826944852727
Smp_174960	0.0684013864340186
Smp_174990	0.0107053700705678
Smp_175020	0.738836247143629
Smp_175090	0.262062734800481
Smp_175190	2.39546566074451
Smp_175200	0.0151814942833834
Smp_175210	0.0333316902708189
Smp_175230	0.152718044451988
Smp_175240	23
Smp_175270	0.272284140894228
Smp_175310	0.266735843755446
Smp_175340	0.0289415935564359
Smp_175390	0.199482765802157
Smp_175400	23
Smp_175410	0.122261315066689
Smp_175420	0.102230549772033
Smp_175430	0.00991997769677585
Smp_175500	0.101757597559
Smp_175510	0.327461456883406
Smp_175550	0.319000528890212
Smp_175570	0.0139037544194428
Smp_175580	0.324292864476686
Smp_175590	0.037190785309781
Smp_175610	0.0173049802472191
Smp_175630	0.0697283496714756
Smp_175640	0.00922200446358195
Smp_175660	0.0258488178303699
Smp_175680	0.0229914440586656
Smp_175710	0.785529361205757
Smp_175740	0.0682265525972682
Smp_175780	0.0367753760765449
Smp_175810	0.0302943396734647
Smp_175840	0.0202861094860491
Smp_175860	0.0447363173216494
Smp_175880	0.0656387262909826
Smp_175900	0.0803305824286071
Smp_175910	0.0145093303102528
Smp_175920	0.0585751421944655
Smp_175930	0.0745654969964317
Smp_175950	0.0335157012269792
Smp_175980	0.0665455977099419
Smp_176000	0.154606953414206
Smp_176010	0.157505630035471
Smp_176020	0.300852951660819
Smp_176040	0.0392243953261343
Smp_176050	0.0668486954755091
Smp_176070	0.0560160968677646
Smp_176080	0.0595629587579956
Smp_176090	0.0264944123229551
Smp_176100	0.449497793209591
Smp_176110	0.349938352539543
Smp_176150	0.00938644111006239
Smp_176160	6.12374432753058
Smp_176170	0.308539184892762
Smp_176200	0.0278462393597277
Smp_176230	0.00508551249724163
Smp_176260	0.291230487068511
Smp_176270	0.0186407716602345
Smp_176290	0.020870402180608
Smp_176300	0.177865354809633
Smp_176310	0.262481456902706
Smp_176340	0.0142450052851382
Smp_176350	0.096357446133133
Smp_176370	0.0112365251791675
Smp_176380	0.0256096147177
Smp_176390	0.332189419563225
Smp_176410	0.255804136560467
Smp_176420	0.0232989437331057
Smp_176430	0.0305345871815112
Smp_176440	0.0238108738112955
Smp_176460	0.0414855713085209
Smp_176490	0.0716668276907928
Smp_176540	0.278984602601702
Smp_176570	0.034782028770238
Smp_176580	0.0196132073450878
Smp_176600	0.0110957100380912
Smp_176620	0.0153618423710006
Smp_176630	0.0923395254791884
Smp_176640	0.00491716605889794
Smp_176650	0.104564361568648
Smp_176710	0.0427430405248688
Smp_176720	0.0882376739459132
Smp_176750	0.0647492565371052
Smp_176760	0.0118388489704161
Smp_176780	0.0371832651740983
Smp_176810	0.0481614435017129
Smp_176820	0.0738214665866708
Smp_176840	0.0175080947806187
Smp_176850	0.155754357789825
Smp_176910	0.0316338534816269
Smp_176930	0.30268717489781
Smp_176940	0.0603801788812478
Smp_176950	0.128466165263179
Smp_176960	0.0116969362894529
Smp_176980	1.82892536557769
Smp_177010	0.139050716304027
Smp_177020	0.0790465339639171
Smp_177040	0.0332176522110484
Smp_177060	0.0114549603349527
Smp_177080	0.0527862973121093
Smp_177100	1.3139834158899
Smp_177120	0.0683742923455548
Smp_177180	0.0237439199295794
Smp_177290	0.957308151392047
Smp_177780	1.85742304883436
Smp_177790	0.0878387013741134
Smp_178170	0.898003630867977
Smp_178230	0.137248566558772
Smp_178360	0.0561147257089765
Smp_178410	0.0250281399571947
Smp_178420	0.0904627842939968
Smp_178490	0.03438692148885
Smp_178700	0.0253479884120481
Smp_178710	0.0412041774028958
Smp_178740	0.0504911477661107
Smp_178750	0.0586908489521832
Smp_178760	0.128635765255167
Smp_178780	0.177527622054293
Smp_178810	0.027446536223305
Smp_178850	0.00565349883373365
Smp_178990	0.069881515719591
Smp_179000	0.0479922253102959
Smp_179010	0.107118329236369
Smp_179070	0.0380761285983456
Smp_179080	0.040837953504695
Smp_179110	0.0434596288486937
Smp_179130	0.0588554326462814
Smp_179180	0.165927446386989
Smp_179200	0.928579594512612
Smp_179250	19.6494696573786
Smp_179270	0.0583397262933116
Smp_179290	0.0263270598209515
Smp_179300	0.0678193880061131
Smp_179320	0.26561320078839
Smp_179350	0.0553455758577362
Smp_179360	0.0787840030935806
Smp_179380	0.0200690682469957
Smp_179390	23
Smp_179460	0.0561336935374332
Smp_179490	0.183549950649549
Smp_179560	0.00829249969562883
Smp_179590	0.222724996746987
Smp_179600	1.50126121632704
Smp_179610	0.00635078003992023
Smp_179620	0.0678478192097179
Smp_179650	0.0145596087074282
Smp_179660	0.0637257731723308
Smp_179710	0.620975399126984
Smp_179720	0.0283547407338622
Smp_179740	0.188909971151149
Smp_179810	0.315873749150504
Smp_179890	0.0146338174155169
Smp_179910	0.0344107205853953
Smp_179930	0.0173720136825795
Smp_179940	0.0527990558987075
Smp_179960	23
Smp_179970	0.428923676225981
Smp_180000	0.0534723735017733
Smp_180020	0.0135624672533981
Smp_180030	0.299609307679192
Smp_180040	0.00570143775612817
Smp_180060	0.0416777368521725
Smp_180070	0.0173468025435379
Smp_180140	2.52180437363817
Smp_180150	0.0408811573904192
Smp_180160	0.0252213071772121
Smp_180170	0.0321678015654535
Smp_180180	0.0197189820579515
Smp_180190	0.025379777557974
Smp_180200	0.016795382426339
Smp_180240	0.313849522489949
Smp_180260	2.47711995601059
Smp_180350	0.11223028090507
Smp_180360	0.0196789091988063
Smp_180370	0.00984444037378632
Smp_180380	0.0107270497730654
Smp_180390	0.0107490992569567
Smp_180400	0.0226640251018792
Smp_180430	0.0710738101088853
Smp_180470	0.00426739811596445
Smp_180480	0.0214977339038129
Smp_180500	0.0896242151752719
Smp_180520	0.00917487507115043
Smp_180540	0.018401594451085
Smp_180570	0.306053446879067
Smp_180580	0.0774905249797662
Smp_180590	0.0968274947639955
Smp_180620	0.629801792410311
Smp_180660	0.162509562984061
Smp_180680	0.0271239040358547
Smp_180690	0.511004964757765
Smp_180740	0.0203732031099063
Smp_180790	0.0514459487613934
Smp_180800	0.0400423248963638
Smp_180810	0.211860705806235
Smp_180890	0.184891685326043
Smp_180900	0.024475126465745
Smp_180910	0.0368822885555172
Smp_181000	0.0335053162678631
Smp_181040	0.0585782783126342
Smp_181050	0.00982241646457951
Smp_181060	0.0463255114855892
Smp_181070	0.135196299704186
Smp_181080	0.0600786858941157
Smp_181090	0.0151815356318738
Smp_181120	0.00228375086992384
Smp_181130	0.0126182225810789
Smp_181150	0.0344550655462339
Smp_181160	0.0515471248679161
Smp_181170	0.041071100278878
Smp_181180	0.0886438633748476
Smp_181230	0.0227488808075576
Smp_181240	0.0115200528916056
Smp_181250	0.458620670889074
Smp_181270	0.0962600164340705
Smp_181290	0.0236360889086953
Smp_181390	0.993489107199681
Smp_181410	0.262414840697383
Smp_181440	0.0300443756632615
Smp_181450	0.117755994755243
Smp_181460	0.00683674414238275
Smp_181470	0.0595742506034925
Smp_181480	0.0114200498926969
Smp_181490	0.191622592645402
Smp_181730	1.17476438024623
Smp_181870	0.102299478940574
Smp_182090	1.01497716190678
Smp_182600	0.11636050264526
Smp_182620	0.127611692982879
Smp_182890	0.0760738572818545
Smp_183710	0.0283466113428396
Smp_183870	0.570018513067657
Smp_184350	0.0600704478951003
Smp_185180	0.0917617097759271
Smp_185420	0.0716771187504459
Smp_185460	1.99305565398445
Smp_185560	0.662774460422566
Smp_185680	0.791226850533517
Smp_186560	0.0212059045801235
Smp_186670	0.0716849941600118
Smp_186780	0.308147081894411
Smp_186920	0.0844346837195496
Smp_186930	0.230540016154726
Smp_187090	0.146185399829332
Smp_187140	0.126853791361635
Smp_187190	0.322237421931348
Smp_187360	0.119404944107127
Smp_187410	0.850399280836999
Smp_187800	0.301022995894937
Smp_187940	0.012987107062517
Smp_187950	4.57597523158473
Smp_188200	0.258678934737384
Smp_188430	0.0168864853433457
Smp_188580	0.276561186089469
Smp_189830	0.109033471322887
Smp_189960	0.00774497836827656
Smp_190020	0.0680862746208031
Smp_190140	0.106855273631881
Smp_190770	0.0282595010659486
Smp_190940	0.0953082336194485
Smp_191160	0.0058645393455197
Smp_191210	0.047532078541529
Smp_191310	0.31309481048759
Smp_191360	0.0123359901174451
Smp_191400	0.122887077987421
Smp_191670	0.0364235359994875
Smp_191870	0.0213570484571006
Smp_191910	1.70532421546211
Smp_191970	0.408610825493702
Smp_192010	0.132284031357428
Smp_192400	0.175993931651623
Smp_192570	0.261503616661805
Smp_192610	0.503921154147227
Smp_192670	1.06492925024524
Smp_192780	0.136781375512028
Smp_193150	0.062533205814143
Smp_193440	0.00847933859316899
Smp_193610	0.250674547866498
Smp_193750	0.013727019945523
Smp_193800	0.20301962134833
Smp_194030	0.0189192749953006
Smp_194040	0.0298664834352241
Smp_194050	0.271828277658621
Smp_194090	0.134810408922492
Smp_194100	3.40121783871922
Smp_194130	0.467875158061021
Smp_194160	0.0291809716516431
Smp_194170	0.0388569059287972
Smp_194240	0.0820345127033529
Smp_194270	0.0665644798988435
Smp_194280	0.772306000059838
Smp_194370	0.0135774508998123
Smp_194380	0.287712523425746
Smp_194390	0.0930592608541476
Smp_194410	1.99115212928001
Smp_194420	0.122838512234566
Smp_194430	0.102482803101879
Smp_194520	0.0122256319646224
Smp_194560	0.036573295620585
Smp_194570	0.12595677305993
Smp_194580	0.018228347698178
Smp_194590	0.0148360131658862
Smp_194610	0.183492389491922
Smp_194620	0.0372976237326384
Smp_194650	0.0167808011478911
Smp_194680	0.0162050447418275
Smp_194700	0.549171540053718
Smp_194710	0.0219125294160507
Smp_194720	0.208417578396485
Smp_194730	0.0188645841263968
Smp_194740	0.0332788467107821
Smp_194750	1.23317107106839
Smp_194770	0.022956214697084
Smp_194780	0.137239525410023
Smp_194800	0.113944180594452
Smp_194820	0.105227817250089
Smp_194830	0.080782980564481
Smp_194840	0.226771018800173
Smp_194870	0.175464789942072
Smp_194900	0.0401824077051797
Smp_194910	0.119607893317716
Smp_194920	0.0286213828487224
Smp_194930	0.0103024386525078
Smp_194940	0.0242489672884235
Smp_194970	0.206776959925352
Smp_194980	0.267690018738209
Smp_195060	0.152630482627727
Smp_195070	0.0169374247956919
Smp_195080	0.0365098022380844
Smp_195090	0.393590664588217
Smp_195190	0.329117558250299
Smp_196020	0.0687957671006216
Smp_196030	0.0200137427315053
Smp_196040	0.0361669583917174
Smp_196090	0.288927135563522
Smp_196110	0.200338810928438
Smp_196140	0.0140814321644244
Smp_196150	0.0387220590864433
Smp_196160	0.00898629599440181
Smp_196220	0.0256876508311924
Smp_196230	0.0351106784331358
Smp_196260	0.0541952899506536
Smp_196290	0.0600681849527491
Smp_196300	0.120998436376479
Smp_196370	0.365086386696893
Smp_196400	0.30445377509303
Smp_196410	0.731907106609141
Smp_196480	0.0108419255049594
Smp_196510	0.00809024366894043
Smp_196600	0.0311891330549313
Smp_196620	0.0684972298064504
Smp_196690	0.0341438366027016
Smp_196700	0.142055651568571
Smp_196790	0.012468711847864
Smp_196810	0.275552784385734
Smp_196840	0.225222455952198
Smp_196880	0.0387588732911593
Smp_196900	0.306071680441227
Smp_196910	0.0205323965801144
Smp_196920	0.014581548589056
Smp_196925	2.39246107134496
Smp_196950	0.479621507382288
Smp_197010	23
Smp_197070	0.241565342023506
Smp_197150	0.584843013903739
Smp_197180	0.0317311191441165
Smp_197230	0.0548343207665906
Smp_197370	0.285899741513711
Smp_197390	0.0132449077491452
Smp_197480	0.00878542600318992
Smp_197540	0.005473811658434
Smp_197640	0.20241696050927
Smp_197690	0.0497733829830018
Smp_197700	0.174010086920862
Smp_197730	0.115936351179127
Smp_197860	0.552143721681975
Smp_197880	0.0706207594490278
Smp_197890	0.0397538946048351
Smp_197950	0.263045594487058
Smp_198020	0.0600853245848571
Smp_198170	1.55997559768998
Smp_198190	0.0150571148967365
Smp_198290	0.0289920742232324
Smp_198330	0.0224267654983678
Smp_198360	0.210037076677654
Smp_198380	0.00923059652963255
Smp_198420	0.0453882402559525
Smp_198520	0.0148749904691169
Smp_198530	0.0208253267461155
Smp_198560	0.350443253978706
Smp_198590	0.0981582502258252
Smp_198660	0.157556710276377
Smp_198670	0.0436690362080126
Smp_198680	0.0530755598926647
Smp_198730	0.0510630684772221
Smp_198750	0.00701024100036877
Smp_198790	0.032402631771489
Smp_198800	0.0601672108118265
Smp_198850	0.0515111752098519
Smp_198890	0.0466685821299057
Smp_198920	0.0264022565558126
Smp_198930	0.499390822606037
Smp_198940	0.0189799867363295
Smp_198980	0.0365919655394325
Smp_199040	0.0301370539819492
Smp_199050	0.14739292945991
Smp_199100	0.113554973337138
Smp_199340	0.21589065924186
Smp_199800	0.00920696650431878
Smp_200020	0.120960160171821
Smp_200060	0.0986262841633663
Smp_200090	0.116634556594436
Smp_200100	0.102638125556065
Smp_200110	0.242963242819249
Smp_200130	0.0487270573470895
Smp_200180	0.225173383507338
Smp_200190	0.0307362019916379
Smp_200230	0.0623579576568765
Smp_200240	0.213927967288419
Smp_200300	0.0227802491997803
Smp_200310	0.0946927590266857
Smp_200380	0.0209180765085352
Smp_200410	0.250241427556718
Smp_200440	0.064230018960539
Smp_200450	0.225051837016442
Smp_200460	0.13851634848704
Smp_200520	0.0311787475144653
Smp_200530	0.237567611614611
Smp_200540	1.55173066493827
Smp_200570	0.0556022579485439
Smp_200600	0.557997589670478
Smp_200610	0.0703887479617292
Smp_200620	0.42247064299815
Smp_200670	0.284592771127757
Smp_200710	5.23512308088811
Smp_200770	2.17509989597886
Smp_200790	23
Smp_200800	0.26618710151902
Smp_200840	0.136776628262587
Smp_200850	0.947878314857128
Smp_200900	23
Smp_200910	4.18274260713349
Smp_200960	0.300642263425166
Smp_200970	0.847623188973143
Smp_200980	1.30299172062353
Smp_201030	0.0676548114518064
Smp_201060	0.159125970885366
Smp_201070	0.49954554685493
Smp_201130	0.281846861292687
Smp_201210	0.358617096595851
Smp_201220	0.05045783007532
Smp_201230	0.216123079031917
Smp_201320	14.0276614961075
Smp_201330	0.430617475568734
Smp_201340	23
Smp_201440	0.0242281153395775
Smp_201470	0.0993397524381767
Smp_201520	23
Smp_201530	2.88807021992467
Smp_201600	0.307818628550718
Smp_201670	0.268705404042248
Smp_201680	0.00920937051691443
Smp_201690	2.71191194827924
Smp_201700	0.0410078803934873
Smp_201730	0.234543906109877
Smp_201810	0.146763425293932
Smp_201820	0.0678298660128286
Smp_201950	0.250301987738401
Smp_201970	0.00895555927745767
Smp_202010	23
Smp_202120	0.0345995588963853
Smp_202130	0.219111762902999
Smp_202170	0.0779195466788976
Smp_202190	0.271058325564238
Smp_202200	4.1397390792522
Smp_202260	0.167783397514172
Smp_202350	3.23352471399287
Smp_202370	0.108778742184801
Smp_202400	0.041997841648094
Smp_202470	0.206496373734309
Smp_202580	0.89351605458578
Smp_202610	0.0798831529331891
Smp_202620	0.063023784959284
Smp_202630	0.0199424573865266
Smp_202680	0.0397156589543209
Smp_202690	0.111530550971327
Smp_202700	6.35195483569008
Smp_202720	0.209196512729552
Smp_202770	0.139766415624727
Smp_202850	0.0129345701399507
Smp_202920	0.223538918307488
Smp_202970	0.269753949139113
Smp_202980	0.0980972483258231
Smp_203020	23
Smp_203030	0.0491726008357909
Smp_203090	0.282565089163114
Smp_203130	0.23415156950679
Smp_203170	0.0741911457934662
Smp_203190	0.235746249458738
Smp_203200	0.105575226017453
Smp_203270	2.09118435878798
Smp_203280	0.0135185978509676
Smp_203310	0.217023511492796
Smp_203390	0.052864236968624
Smp_203400	4.92682193715749
Smp_203410	0.0158756234589192
Smp_203480	0.0297786090845096
Smp_203500	0.401056768721636
Smp_203580	0.265840499312882
Smp_203600	0.097032342388834
Smp_203630	0.0105147939942186
Smp_203635	0.0122520772239376
Smp_203680	0.82334065328311
Smp_203720	0.294209320439913
Smp_203810	0.028277067914613
Smp_203830	0.117819590735935
Smp_203950	0.114900603209
Smp_203970	0.0387369585598137
Smp_203990	0.434848936113918
Smp_204010	0.040595082033387
Smp_204020	0.30869359880256
Smp_204040	0.0735843640723377
Smp_204060	3.37365371225552
Smp_204070	0.0554421529670003
Smp_204120	0.360072464148449
Smp_204150	0.0605782511291887
Smp_204160	0.023955879052851
Smp_204230	0.592205735716707
Smp_204250	0.393155238340397
Smp_204260	0.127593027956335
Smp_204350	0.297133874696116
Smp_204380	0.0240617001259415
Smp_204390	0.0995726714614198
Smp_204420	0.751101148395735
Smp_204550	0.668317659723247
Smp_204690	10.4794657551397
Smp_204710	0.306106652968126
Smp_204720	0.435916358516156
Smp_204730	0.0481763451941604
Smp_204740	0.00490295305626727
Smp_204750	0.0471403143857717
Smp_204770	0.0105769514066741
Smp_204820	3.98627955206308
Smp_204840	0.3197592610319
Smp_204860	1.41262598031783
Smp_204880	0.0438222025264772
Smp_204920	0.105956802546363
Smp_204940	0.347736587989874
Smp_204980	0.268811540728521
Smp_205000	0.682744797122838
Smp_205170	0.199169546893842
Smp_205270	0.248886271910752
Smp_205410	0.0722468990817323
Smp_205560	1.46278481185277
Smp_205570	0.0291650980790323
Smp_205660	0.0729107613952773
Smp_205710	0.203610282740671
Smp_205760	0.0933232967208863
Smp_205840	0.0243520143569246
Smp_207000	0.0480524407326566
Smp_207020	0.0278601489848253
Smp_207030	0.0116104094866992
Smp_207040	0.0811861938630411
Smp_207050	0.00697573772202743
Smp_207070	0.0434699936731188
Smp_207080	0.0671098665859976
Smp_208000	0.0145825719375758
Smp_208010	0.0316480191886033
Smp_208020	0.0171462598138008
Smp_208050	0.0108432099208159
Smp_208080	0.0247745648486222
Smp_208090	0.0246471483334063
Smp_209030	0.0196144998827912
Smp_209040	0.0594893291050741
Smp_209050	0.0373085973088802
Smp_210070	0.0122541331351127
Smp_210080	0.0174552943954424
Smp_210090	0.0187447457022547
Smp_210120	0.373375265473923
Smp_210130	0.0439944439239063
Smp_210150	0.0346539113746973
Smp_210160	0.0997861718582875
Smp_210170	0.0268305326115605
Smp_210180	0.0499877481370607
Smp_210200	0.100235857299387
Smp_210250	0.0194631242332572
Smp_210280	0.0164595987071059
Smp_210300	0.165395278871957
Smp_210310	0.110440053910519
Smp_210320	0.0589559277573334
Smp_210330	0.0300491857798523
Smp_210340	0.0157651449313915
Smp_210370	0.100019706676558
Smp_210380	0.0371262558275613
Smp_210390	0.0965187082051353
Smp_210400	0.0322277399760927
Smp_210420	0.00844632675961498
Smp_210430	0.025666789207921
Smp_210440	0.00995559570575077
Smp_210450	0.0498079357317772
Smp_210470	0.0143035497455603
Smp_210480	0.0316965624666224
Smp_210500	0.0444307781422044
Smp_210510	0.204481559457251
Smp_210520	0.0356310816482542
Smp_210530	0.0271516513682286
Smp_210540	0.0448055822075273
Smp_210550	0.0308261726211815
Smp_210570	0.0242193543887982
Smp_210580	0.0231341852250061
Smp_210630	0.057498088219147
Smp_210650	0.0175176542706002
Smp_210660	0.0433752656654903
Smp_210670	0.029497659892295
Smp_210680	0.0156433228426131
Smp_210720	0.0285245472528779
Smp_210740	0.00984131295039689
Smp_210750	0.0299877494959552
Smp_210770	0.0253385381902427
Smp_210780	0.0161040329386723
Smp_210790	0.0111835331566196
Smp_210800	0.172319608010609
Smp_210810	0.0115727740730593
Smp_210820	0.0616840748879469
Smp_210830	0.0706508889358071
Smp_210860	0.10003729635418
Smp_210890	0.0736148594062788
Smp_210900	0.0435944856210728
Smp_210920	0.0270196712991486
Smp_210930	0.012459810737677
Smp_210940	0.0304555758646177
Smp_210950	0.0177615311958798
Smp_210960	0.0954616399241451
Smp_210970	0.0541970734220147
Smp_210980	0.025568245130459
Smp_211020	0.469177264030208
Smp_211030	0.0208981276843249
Smp_211040	0.045240906900013
Smp_211050	0.0276770117778379
Smp_211060	0.00873159949637048
Smp_211070	0.0222597458933462
Smp_211080	0.010905473555787
Smp_211100	0.027331632115899
Smp_211120	0.0348239959120762
Smp_211130	0.0345456914018234
Smp_211140	0.033264376970834
Smp_211150	0.0626096691328418
Smp_211160	0.0819208687983678
Smp_211170	0.0313898277360402
Smp_211190	0.0370316154346102
Smp_211200	0.0279273008582608
Smp_211250	0.128505540309857
Smp_211260	0.0181906744061965
Smp_211270	0.0424929050986158
Smp_211280	0.015186644745312
Smp_211300	0.00741257963432071
Smp_211320	0.0170390678978191
Smp_211330	0.0127373081068721
Smp_212030	0.151732414836663
Smp_212060	0.0405013110407784
Smp_212080	0.0159515363268268
Smp_212140	0.00800692485318828
Smp_212180	0.0445408094895554
Smp_212190	0.0163509095065532
Smp_212200	0.0730807809664426
Smp_212230	0.00753387412273192
Smp_212240	0.0326161532120361
Smp_212250	0.0496511901939579
Smp_212260	0.0309338302603442
Smp_212300	0.104069870056501
Smp_212310	0.10292939341893
Smp_212320	6.53583668127565
Smp_212340	0.0461970572153164
Smp_212350	0.139298710381167
Smp_212360	0.0200242261085012
Smp_212380	0.0133677308075365
Smp_212390	0.202153907467672
Smp_212410	0.0713484951397409
Smp_212490	0.0305730043084574
Smp_212540	0.036497827560219
Smp_212560	0.151639293090949
Smp_212600	0.0453195157603402
Smp_212710	0.146925929155763
Smp_212720	0.101045700829662
Smp_212730	0.00200740833639447
Smp_212740	0.0298776236245522
Smp_212750	0.315704178816985
Smp_212760	0.0598284898570665
Smp_212780	0.233996602587884
Smp_212830	0.0241190856915527
Smp_212840	0.00706107207331486
Smp_212850	0.0319948649112772
Smp_212860	0.0433768815995579
Smp_212870	0.0328575077080233
Smp_212880	0.0274375565415446
Smp_212890	0.00747132785358549
Smp_212900	0.0358045740510344
Smp_212910	0.0387514063075437
Smp_212920	0.0291734333036472
Smp_212930	0.0412668618913976
Smp_212940	0.0181578728483614
Smp_212960	0.0186779831516723
Smp_212970	0.0167179418238788
Smp_212990	0.0288416593616073
Smp_213000	0.051237715421943
Smp_213010	0.0203906753037075
Smp_213020	0.0258116461714278
Smp_213030	0.0196032888889373
Smp_213040	0.0368245887537114
Smp_213050	0.0222688138820223
Smp_213060	0.0322773810892326
Smp_213070	0.0761858272563062
Smp_213080	0.0177886831267718
Smp_213100	0.017656111602839
Smp_213110	0.0173366500214859
Smp_213120	0.0320539441502667
Smp_213130	0.10940143645776
Smp_213145	0.101935921463287
Smp_213150	0.012173606968906
Smp_213160	0.106874505265597
Smp_213170	0.0173152614983488
Smp_213180	0.0120162951002972
Smp_213190	0.0315597833327833
Smp_213200	0.0195857236913295
Smp_213210	0.0198050174928834
Smp_213220	0.0480640705134615
Smp_213230	0.0860355966240182
Smp_213240	0.0450566856956637
Smp_213250	0.0173240829910012
Smp_213260	0.0321945593823758
Smp_213290	0.0449059395540901
Smp_213300	0.0296805276454047
Smp_213320	0.00504237432862058
Smp_213340	0.0253936497046283
Smp_213350	0.0699992631180528
Smp_213360	0.150742501950939
Smp_213370	0.176744327250015
Smp_213390	0.0239872276584037
Smp_213400	0.0283159377290539
Smp_213410	0.0476304020561704
Smp_213420	0.20439989240158
Smp_213440	0.0117246665368887
Smp_213450	0.0235604431706022
Smp_213480	0.0394584939051872
Smp_213490	0.00721272887633524
Smp_213500	0.0400350249621943
Smp_213510	0.0427913422917382
Smp_213520	0.0210344676443737
Smp_213530	0.0888822283805386
Smp_213550	0.0201509604283863
Smp_213560	0.0426224756816546
Smp_213570	0.0192977955953297
Smp_213590	0.0211046075000554
Smp_213600	0.0119357365256342
Smp_213610	0.0262317697003942
Smp_213620	0.0358009139642397
Smp_213630	0.0495998023597461
Smp_213640	0.0541075503625895
Smp_213650	0.0540239916050019
Smp_213670	0.0212764673576625
Smp_213680	0.00579487854423946
Smp_213690	0.0209288307260102
Smp_213700	0.0233766419975106
Smp_213710	0.0176602636661371
Smp_213720	0.0452254216466676
Smp_213730	0.0154191586901673
Smp_213740	0.311267066585388
Smp_213750	0.0654426652756993
Smp_213760	0.00650630648022075
Smp_213780	0.103354438792184
Smp_213790	0.0187564542867917
Smp_213800	0.00887103552912658
Smp_213810	0.00790381874843026
Smp_213840	3.8921529974578
Smp_213850	0.0407177517483274
Smp_213860	0.0135251131766413
Smp_213870	0.0170386332094209
Smp_213880	0.0269975995571094
Smp_213900	0.257645941295137
Smp_213910	0.30811518153775
Smp_213920	0.0276210371188561
Smp_213930	0.0254564341777795
Smp_213960	0.0288428569699542
Smp_213970	0.0134671122569166
Smp_213980	0.0076195261222771
Smp_213990	0.0682711842984178
Smp_214000	0.0477114620508404
Smp_214020	0.0539606611163475
Smp_214030	0.0271009352383859
Smp_214040	0.0443839525608478
Smp_214050	0.0134792392218295
Smp_214060	0.0253835595412154
Smp_214070	0.0571781810556963
Smp_214080	0.00625624416850108
Smp_214090	0.0164174994552452
Smp_214100	0.0309591933499717
Smp_214110	0.0400726771294028
Smp_214120	0.00749932046155931
Smp_214130	0.0185530992098486
Smp_214140	0.0294236079789207
Smp_214170	0.0283003803216158
Smp_214180	0.270959316861603
Smp_214190	0.218952622514277
Smp_214200	0.07035287758288
Smp_214210	0.129333954580765
Smp_214240	0.0174328661591722
Smp_214260	0.449170054575341
Smp_214290	0.0137895839874233
Smp_214320	1.38414619805675
Smp_214350	0.0325004932114625
Smp_214370	0.0634553479916167
Smp_214380	0.0366363572971339
Smp_214390	0.784527748361966
Smp_241400	0.09331823751704
Smp_241410	0.0328406407466591
Smp_241420	0.0135082122858517
Smp_241430	0.272575097502558
Smp_241440	1.47285314932266
Smp_241450	0.0642339970931725
Smp_241460	0.0180355844550255
Smp_241470	0.235304474162855
Smp_241480	0.579083274817518
Smp_241490	0.534947612926895
Smp_241500	0.375438219209489
Smp_241510	0.18997156215926
Smp_241570	0.018539227906388
Smp_241580	0.0425001615841707
Smp_241610	1.59595691951737
Smp_241620	1.64794327972862
Smp_241750	0.0123303307463292
Smp_241840	0.0788406969315808
Smp_241860	0.0354772137895415
Smp_241950	0.258299790633777
Smp_241960	0.0274557386358672
Smp_241980	0.0286888495131506
Smp_241990	0.0772998378400734
Smp_242050	3.9340080171707
Smp_242060	0.0412163028967847
Smp_242110	0.0201820333019037
Smp_242120	0.0156680574270099
Smp_242130	0.0593167700084424
Smp_242140	0.0451901498395284
Smp_242200	0.342176517311993
Smp_242220	0.0108747732842611
Smp_242230	0.0304692514944415
Smp_242240	0.281829402605899
Smp_242350	0.0439641103756982
Smp_242360	0.0132605121767809
Smp_242400	0.0284225118221626
Smp_242430	0.0391737801424778
Smp_242440	0.831448155776113
Smp_242450	0.0396961178667287
Smp_242500	0.181999188796268
Smp_242530	0.0559289640433429
Smp_242540	0.466750450099753
Smp_242630	0.0664918729849108
Smp_242670	0.15610904497612
Smp_242680	0.00845422650710762
Smp_242690	0.017900288843908
Smp_242740	0.0272197350536413
Smp_242800	0.0327454077433231
Smp_242830	0.0473435188921103
Smp_242860	0.0161943976227414
Smp_242890	0.0536711475311611
Smp_242910	0.351891930791139
Smp_242930	0.0245008105067035
Smp_242960	0.168546213428003
Smp_243000	0.0857706987002206
Smp_243040	0.113914421244012
Smp_243060	4.69374823828315
Smp_243140	0.0068881223754092
Smp_243150	0.0829490327393713
Smp_243170	0.00968327064992757
Smp_243180	0.00599287741619251
Smp_243200	0.0068110932546923
Smp_243210	0.218725138236524
Smp_243300	0.0285816830097526
Smp_243500	0.303704642918812
Smp_243630	0.0154251740703063
Smp_243660	0.0960452319885608
Smp_243670	0.030761599879723
Smp_243680	0.00569770054489947
Smp_243690	0.12429515400213
Smp_243700	0.0915115247108797
Smp_243720	0.132420354678205
Smp_243730	0.77123628427598
Smp_243740	3.73334231570351
Smp_243750	1.61010025388297
Smp_243760	1.16296505813152
Smp_243770	0.413346768771352
Smp_243780	0.246049205145591
Smp_243790	0.685928183727008
Smp_243800	0.0381437834070495
Smp_243810	0.0283082131181641
Smp_243820	1.51282987504228
Smp_243830	0.142859712983941
Smp_243840	0.623203097632548
Smp_243850	0.0249824529468453
Smp_243870	0.00373170212826538
Smp_243900	0.222861217332504
Smp_243910	0.0125969322556331
Smp_243920	0.0567034505046569
Smp_243930	0.0177666915170276
Smp_243950	0.0683770780053963
Smp_243960	0.131237563334381
Smp_243970	0.0830797308985204
Smp_244000	0.241433915437965
Smp_244010	0.0931837511478833
Smp_244020	0.00974202581961733
Smp_244030	0.180726627004719
Smp_244040	0.483712639606308
Smp_244070	0.0437812642070828
Smp_244080	0.171352125543362
Smp_244090	0.0603564069519397
Smp_244100	0.00411650169408108
Smp_244110	0.0272556412628529
Smp_244130	0.0255017263319582
Smp_244150	0.588050802688892
Smp_244160	0.429289373376248
Smp_244170	0.126769131547852
Smp_244190	0.238019476147847
Smp_244200	0.0193635149667903
Smp_244210	0.0402408664716513
Smp_244220	0.0262469477670095
Smp_244230	0.205591321904179
Smp_244240	0.0238710355782242
Smp_244250	0.0348842742569487
Smp_244280	0.0257619608986742
Smp_244300	0.338945020831058
Smp_244310	0.245081965474763
Smp_244320	0.261255597204242
Smp_244340	0.46483326095761
Smp_244350	0.0267006642942472
Smp_244360	0.656325745663138
Smp_244365	0.49851730562932
Smp_244370	0.247972173175649
Smp_244380	0.0344642582754559
Smp_244390	0.527426803557691
Smp_244400	0.280701674775795
Smp_244420	0.121537519288752
Smp_244430	0.177536274030129
Smp_244440	0.0900827426122048
Smp_244460	0.00873891565561258
Smp_244470	0.0713519887743327
Smp_244480	0.149335302191027
Smp_244490	0.026450619473662
Smp_244510	0.143215655614883
Smp_244530	0.301305573511267
Smp_244560	0.101676512636533
Smp_244570	0.0232684123204153
Smp_244580	0.0126504002971164
Smp_244610	0.32173849986914
Smp_244620	0.0497366538851957
Smp_244630	0.340351452053845
Smp_244640	0.0338549438578772
Smp_244650	0.0714735235142963
Smp_244670	0.190635206181663
Smp_244680	0.0220230452899315
Smp_244690	0.0380349712060968
Smp_244700	0.0375503846390878
Smp_244710	0.0952915337169774
Smp_244750	0.0259423958316433
Smp_244780	0.025597896662204
Smp_244790	0.0723906701297312
Smp_244800	0.0153767603665894
Smp_244810	1.21032545196407
Smp_244820	0.140641175869762
Smp_244830	0.00957011431359392
Smp_244840	0.0649397789761859
Smp_244860	0.70148573255926
Smp_244880	0.0685724588919765
Smp_244890	0.0581102920107057
Smp_244900	0.0237108612732113
Smp_244920	0.545675819117907
Smp_244940	0.113615347164137
Smp_244950	0.063365615718965
Smp_244960	0.18727418236906
Smp_244970	0.294511938046778
Smp_244980	0.769445599991973
Smp_245000	0.0208527967597774
Smp_245010	0.196398338518427
Smp_245030	0.162252533392674
Smp_245040	0.179487298315341
Smp_245050	0.0275854829673558
Smp_245060	0.490814801479673
Smp_245090	0.18007605821873
Smp_245100	0.147010418860859
Smp_245110	0.271581901626983
Smp_245120	0.166245110423937
Smp_245140	0.0542653443024825
Smp_245150	0.255857383771814
Smp_245160	0.155324488814289
Smp_245170	0.154623229074312
Smp_245200	0.0126849970964193
Smp_245220	0.161110339627995
Smp_245230	0.0218876200230788
Smp_245240	0.0507168139944745
Smp_245250	0.107191549570748
Smp_245260	0.032560716702087
Smp_245280	0.178758859131056
Smp_245290	0.215393895825493
Smp_245300	0.029534048009002
Smp_245310	0.248006402335103
Smp_245320	0.214163735099589
Smp_245330	0.461947393895411
Smp_245350	0.0877203881507954
Smp_245360	0.0700214264428893
Smp_245370	0.0195046077329221
Smp_245380	0.116817601690026
Smp_245400	0.0442801503916978
Smp_245420	0.00793698220425668
Smp_245450	0.0159636636176171
Smp_245470	0.0928013188983095
Smp_245480	0.0444387185751278
Smp_245490	0.17991804029242
Smp_245510	0.324806339939042
Smp_245520	0.0226744680199457
Smp_245530	0.199996425326751
Smp_245540	0.0243826384215392
Smp_245550	0.0681031588442153
Smp_245560	0.0216170538814009
Smp_245570	0.230140438050545
Smp_245580	0.357865896607063
Smp_245590	0.0347401131362227
Smp_245600	0.00602356968922388
Smp_245610	0.257920271928786
Smp_245630	0.0450076206955691
Smp_245660	0.467423650905914
Smp_245670	0.145419590059753
Smp_245680	0.161088378496605
Smp_245690	0.555369919363674
Smp_245710	0.0515318187515851
Smp_245720	0.0335316734270758
Smp_245730	0.029419121211679
Smp_245740	0.00565020132403034
Smp_245750	0.0480365847629309
Smp_245770	0.0443137120830073
Smp_245780	0.0100480965494474
Smp_245790	0.0969377672940161
Smp_245800	0.122814373136687
Smp_245810	0.506676498178511
Smp_245815	0.444584539047415
Smp_245820	0.32608241880704
Smp_245830	0.024450815903225
Smp_245840	0.0947481212501948
Smp_245850	0.254493109514837
Smp_245860	0.0232279614589531
Smp_245870	0.0281277519767122
Smp_245890	0.031714823827165
Smp_245900	0.047412101919148
Smp_245910	0.05571199540688
Smp_245920	0.0263343517199863
Smp_245940	0.192049778529504
Smp_245950	0.0178528550947533
Smp_245960	0.0216807225831735
Smp_245970	0.0991281361317493
Smp_245980	0.14696421602354
Smp_245990	0.415334496157785
Smp_246000	0.0162997749170271
Smp_246010	0.0219588644133173
Smp_246020	0.06400169501454
Smp_246030	0.346984679931546
Smp_246040	0.384387367939307
Smp_246050	0.0131961100632662
Smp_246060	0.103925764000112
Smp_246100	0.725471317837829
Smp_246110	0.16300569763663
Smp_246130	2.68993533998077
Smp_246140	0.0057959019024424
Smp_246150	0.367699987530649
Smp_246160	0.0447383310702753
Smp_246230	0.0356871829663088
Smp_246240	0.237463028261849
Smp_246260	0.0216328789814928
Smp_246270	0.0242359323730564
Smp_246290	0.0352742962085375
Smp_246300	0.0257341145667865
Smp_246330	0.0956452410894637
Smp_246340	0.0612315095005546
Smp_246350	0.429542232830868
Smp_246360	0.0123365749680919
Smp_246380	0.357792278935496
Smp_246400	0.51641332571311
Smp_246410	0.0384248278162247
Smp_246430	0.0951293862818568
Smp_246440	0.0288307271302563
Smp_246450	0.078771807052285
Smp_246460	0.093433780986067
Smp_246470	0.00380321862802179
Smp_246500	0.0547427190100191
Smp_246510	0.0321732330456187
Smp_246520	0.0192450919650952
Smp_246530	0.0085008794391597
Smp_246540	0.155546079070846
Smp_246550	0.0557373663719631
Smp_246560	0.158580181200504
Smp_246570	0.0254732073614277
Smp_246600	0.220105642937931
Smp_246610	0.239943174149565
Smp_246620	0.105118840700033
Smp_246630	0.436758105104318
Smp_246650	0.3206574599018
Smp_246660	0.446970218910396
Smp_246670	0.0261293014546613
Smp_246680	0.0121399552007504
Smp_246690	0.0279731019921548
Smp_246700	0.0377314978734631
Smp_246710	0.222055187438993
Smp_246770	0.952435457874654
Smp_246790	0.645776789837132
Smp_246800	0.0164479964878922
Smp_246820	0.128125270126491
Smp_246840	0.143894667077265
Smp_246850	4.4500507817712
Smp_246870	0.0161272168566349
Smp_246880	0.167987431899636
Smp_246890	0.0737095989375919
Smp_246900	0.0636779075372703
Smp_246920	0.0263839910327164
Smp_246940	0.155304428281555
Smp_246950	0.0370420224747228
Smp_246970	0.297461449500581
Smp_246990	0.0243904297117084
Smp_247020	0.0286567214942155
Smp_247030	0.252173977914764
Smp_247070	1.6666719653042
Smp_247080	0.680955749986897
Smp_247150	0.0623745420883148
Smp_247160	0.0164697646267982
Smp_247170	0.110354030706883
Smp_247180	0.365040298516
Smp_247190	0.0519557200833387
Smp_247200	0.251936960105739
Smp_247210	0.595358997813274
Smp_247220	0.373228832800371
Smp_247230	0.129699414802435
Smp_247240	0.0156441732322997
Smp_247250	0.0171646895699029
Smp_247260	0.445660007701766
Smp_247270	0.00775763150075124
Smp_247280	0.061636898113469
Smp_247290	0.313265868320092
Smp_247300	1.35500050943616
Smp_247310	0.0412711548261748
Smp_247320	0.0465958495567328
Smp_247330	0.129673293177758
Smp_247350	3.79322165010906
Smp_247360	0.302589804416461
Smp_247370	0.07004771033104
Smp_247380	0.0134290320282948
Smp_247390	0.0187946302864481
Smp_247400	0.0351460042110307
Smp_247410	0.184092408886987
Smp_247420	0.0215364455948727
Smp_247430	0.0619721905221101
Smp_247440	0.111352186521179
Smp_247450	0.0105818558295737
Smp_247460	0.0215492883444216
Smp_247470	0.145708546986727
Smp_247480	0.191031449993859
Smp_247520	0.0283283797567571
Smp_247530	0.211965313353267
Smp_247540	0.0388165918823184
Smp_247560	0.0593304191483963
Smp_247570	0.0146970040516871
Smp_247580	0.0467233187793744
Smp_247590	0.43641256730971
Smp_247600	0.273509571743993
Smp_247620	0.143226793577285
Smp_247630	0.0488374136182077
Smp_247640	0.00641203504452842
Smp_247650	0.066748542105119
Smp_247670	0.0238592346534627
Smp_247680	0.0752478805035034
Smp_247700	0.282822080619656
Smp_247710	0.0232791788462469
Smp_247720	0.00966847431995523
Smp_247740	0.0188074734128971
Smp_247750	0.0454962826585492
Smp_247760	0.0631384246857853
Smp_247770	0.216543968479541
Smp_247780	0.180707198390547
Smp_247790	0.0908660172152792
Smp_247800	0.132006254340803
Smp_247810	0.0710935071614076
Smp_247820	0.0125727247048468
Smp_247830	0.0537085481488953
Smp_247850	0.198844430473064
Smp_247860	0.0115283124930578
Smp_247870	0.0357303578627415
Smp_247880	0.0656367427250955
Smp_247890	0.00311998989831456
Smp_247920	0.0730442671071251
Smp_247930	0.186131460531233
Smp_247940	0.208922100301711
Smp_247950	0.398311497820168
Smp_247980	0.0594534557760436
Smp_248000	0.0185990509482818
Smp_248010	0.0711757651179107
Smp_248020	0.0511078532057145
Smp_248030	0.0191496645002541
Smp_248070	0.0582737948203943
Smp_248080	0.0459466247031389
Smp_248090	0.349991450604978
Smp_248100	0.571508603988818
Smp_248110	0.0231781987243825
Smp_248120	0.0278543757297587
Smp_248130	0.0427534824978517
Smp_248140	0.0121143480742768
Smp_248150	0.482541880928393
Smp_248160	0.0383443713079606
Smp_248170	0.0955162384019981
Smp_248180	0.0374103699283504
Smp_248190	0.0240536006251214
Smp_248200	0.0834838216866381
Smp_266720	0.189913908346571
Smp_266740	0.0338335227843599
Smp_266750	0.262959843951859
Smp_266760	0.0456811826209509
Smp_266770	0.0161650473396759
Smp_266790	0.026727583785899
Smp_266800	0.00776223287558734
Smp_266810	0.0477388946377876
Smp_266820	0.0337491504696058
Smp_266830	0.0210510201503501
Smp_266840	0.114627271621661
Smp_266850	0.0178867561953444
Smp_266870	0.00852809351318735
Smp_266890	0.041039410717275
Smp_266900	0.0851625039291408
Smp_266920	0.46127195643151
Smp_266930	0.0335758683647695
Smp_266940	0.4589320875633
Smp_266960	0.312212536179217
Smp_266980	0.00936824244715718
Smp_267000	0.0188726248526892
Smp_267010	0.0474033682953582
Smp_267020	0.0100373669519492
Smp_267040	0.0476586323511247
Smp_267060	0.00478075642433062
Smp_267070	0.24124257954862
Smp_267080	0.214367291701683
Smp_267090	0.187537960586507
Smp_267100	0.0291370279233706
Smp_267110	0.0545654665135747
Smp_267120	0.0402416413992455
Smp_267130	0.0861480910196544
Smp_267140	0.00558046434847475
Smp_267170	0.0549699831414362
Smp_267180	0.215596832588752
Smp_267190	0.0897874793830838
Smp_267210	0.169722987293547
Smp_267220	0.019765768824758
Smp_267230	0.0401476102566312
Smp_267240	0.0114098590978324
Smp_267250	0.0393929770989463
Smp_267270	0.337956768490497
Smp_267280	0.0462988740968834
Smp_267300	0.00871162125395253
Smp_267310	0.0282870912997297
Smp_267320	0.0352414780239089
Smp_300070	0.47063951372067
Smp_300080	0.43256256385518
Smp_300090	0.319657413165626
Smp_300150	0.16453459450696
Smp_300200	0.014423710670784
Smp_300210	0.0152602565974288
Smp_300220	0.0301858288631992
Smp_300310	0.447287730238381
Smp_300380	0.0897225225490563
Smp_300390	0.339862839336202
Smp_300410	0.212295599407683
Smp_300490	0.0366874629578202
Smp_300500	0.172868861742702
Smp_300560	0.0742098020046981
Smp_300570	0.0672129771334459
Smp_300580	0.0694752623258108
Smp_300710	1.36693575626034
Smp_300720	1.03419567479003
Smp_300770	0.0469403832903253
Smp_300790	1.5287530868131
Smp_300810	0.0386019981496559
Smp_300840	0.187287376573916
Smp_300910	0.0485383726635661
Smp_300940	0.0819030300402854
Smp_300990	0.399861168727997
Smp_301040	0.0128057351930272
Smp_301050	0.0345931034456744
Smp_301160	0.0282306573699611
Smp_301170	0.247671249635672
Smp_301250	0.0972058642036787
Smp_301260	0.0146622810631101
Smp_301330	4.18671430523217
Smp_301420	0.297094471887331
Smp_301430	0.0437662955855003
Smp_301530	0.0478827130583069
Smp_301550	1.84978915855079
Smp_301570	0.0274443615378671
Smp_301610	0.396314987772025
Smp_301620	0.0341726969391696
Smp_301660	0.322129509034194
Smp_301670	0.0125433439284636
Smp_301730	0.0423314812919455
Smp_301740	0.146624300780587
Smp_301780	0.0437197214044968
Smp_301800	0.0932798283590854
Smp_301990	0.120242369899312
Smp_302020	0.0889526266913496
Smp_302030	0.0712802011662984
Smp_302040	0.125984857839127
Smp_302090	0.0114874795262984
Smp_302140	0.153196718002785
Smp_302170	0.0717369135438024
Smp_302180	0.331418205303542
Smp_302230	0.0447961447006942
Smp_302270	1.13549376373809
Smp_302280	0.1494558394661
Smp_302290	0.489398596759746
Smp_302300	0.67800810528247
Smp_302310	0.534385467023927
Smp_302320	23
Smp_302330	0.0118172387639101
Smp_302350	23
Smp_302360	0.302639427468885
Smp_302370	0.474148361906808
Smp_302410	0.353143666082918
Smp_302450	0.10706799587528
Smp_302460	0.0760359434443617
Smp_302470	0.0407660431912769
Smp_302480	0.0393431062939998
Smp_302650	0.0219886095039659
Smp_302740	0.0165797868167192
Smp_302800	0.101565752355463
Smp_302830	2.34775694374914
Smp_302850	0.104846350689388
Smp_302860	0.133231336981633
Smp_302870	0.870710917168521
Smp_302880	0.0160542401175217
Smp_302910	0.0859692276208437
Smp_302920	0.0532272714820659
Smp_302930	0.0307968845931155
Smp_302950	0.0196780530134663
Smp_302970	0.0543541495804788
Smp_302980	1.63792335314562
Smp_302990	0.0832233343785608
Smp_303000	0.167422766694364
Smp_303010	0.846184114623826
Smp_303070	3.05814615739139
Smp_303120	0.0521760823050139
Smp_303270	0.0269048073935222
Smp_303280	5.59907762534782
Smp_303290	0.0341626039366397
Smp_303300	0.0287075455495261
Smp_303310	0.119612188678277
Smp_303320	0.188752968458828
Smp_303330	0.0833141304153847
Smp_303350	23
Smp_303390	0.0839480494310999
Smp_303400	2.77477202471788
Smp_303410	10.6174643250425
Smp_303420	0.131478743722906
Smp_303430	0.0727437429523773
Smp_303450	2.80678579692494
Smp_303540	1.86029451801738
Smp_303550	0.11157117263939
Smp_303690	23
Smp_303760	1.06497617226583
Smp_303770	0.0118313119439283
Smp_303910	0.295551800069706
Smp_303920	0.414659525981682
Smp_303940	0.111020769150146
Smp_303970	0.0586078931238918
Smp_303980	0.438173504368998
Smp_304030	0.0161181995685912
Smp_304040	2.03190328148825
Smp_304060	13.6428756122717
Smp_304090	0.157149837265109
Smp_304130	0.0511908302578722
Smp_304140	0.0196863990635204
Smp_304210	0.072457527311343
Smp_304220	0.0612708674502744
Smp_304250	0.376832273802177
Smp_304260	0.363745498680087
Smp_304320	0.039427570286763
Smp_304360	0.0592404431212125
Smp_304370	0.04426206105064
Smp_304380	0.0258367819304872
Smp_304450	0.884254464015408
Smp_304460	0.0106980535065795
Smp_304500	0.0650530238719841
Smp_304660	0.0220260748674304
Smp_304710	0.253747023128873
Smp_304720	0.0634639699325983
Smp_304800	0.0313071134211257
Smp_304840	0.0743814690851058
Smp_304860	0.937567299199967
Smp_304870	0.136864103077072
Smp_304880	0.0135845677150943
Smp_304890	0.0505486736950685
Smp_304900	0.0774636098683929
Smp_304910	0.0621801241292538
Smp_304960	0.0228161045773963
Smp_304980	0.117382375406838
Smp_305030	0.0347395855096296
Smp_305050	0.233276904765041
Smp_305060	0.099238515735828
Smp_305070	0.133170680672298
Smp_305100	0.129570499099786
Smp_305110	1.63193311530913
Smp_305120	0.011328818591801
Smp_305130	0.0563596079674421
Smp_305200	0.194029081224499
Smp_305210	0.00860099697813547
Smp_305220	0.263503144764468
Smp_305350	0.0532050619507336
Smp_305400	0.18006090968403
Smp_305430	0.26047783618789
Smp_305460	0.0772166424071788
Smp_305490	0.134097908017472
Smp_305550	0.0167398630284944
Smp_305560	0.126957293440344
Smp_305590	2.29532983766398
Smp_305690	0.0258005518394481
Smp_305720	0.0584143825829461
Smp_305730	0.0862928744584855
Smp_305740	0.169300493570834
Smp_305760	0.0639815574612441
Smp_305770	0.112356345635648
Smp_305800	0.0586222395337578
Smp_305870	0.0331891155054881
Smp_305875	0.121931115221001
Smp_305920	0.179640634275757
Smp_306080	0.232577332044363
Smp_306140	0.0112448220011431
Smp_306180	0.132582872412544
Smp_306190	0.0321127359606229
Smp_306200	0.242234468501751
Smp_306210	0.116104491501656
Smp_306230	0.0608878324860548
Smp_306240	0.350312092822638
Smp_306270	0.0871694765495449
Smp_306290	0.0642966912462275
Smp_306300	0.0707541449549317
Smp_306320	2.14742772098782
Smp_306350	1.13204636429267
Smp_306360	0.00585175846010578
Smp_306370	0.0804360693414913
Smp_306440	0.0359175868912317
Smp_306450	0.0478568961056466
Smp_306580	0.0764782245812251
Smp_306600	0.0504043808553906
Smp_306610	0.0710919112664931
Smp_306630	0.0198723936905492
Smp_306640	0.0069570879924713
Smp_306680	4.22130358023863
Smp_306690	0.456955502137944
Smp_306710	0.075314533055224
Smp_306720	23
Smp_306730	0.0484848983478619
Smp_306740	0.0506395052962822
Smp_306750	0.109433580764493
Smp_306800	0.221603145963617
Smp_306810	0.0237162550859844
Smp_306840	1.52978577345663
Smp_306850	2.43592401891647
Smp_306910	0.0508148390661039
Smp_306920	0.85083054041934
Smp_306930	0.416444446649817
Smp_306960	0.142508198559668
Smp_306970	4.02515166807105
Smp_306980	0.312774220921838
Smp_306990	0.372479002039199
Smp_307000	0.330264991009139
Smp_307010	0.250480095562187
Smp_307020	0.373541876410847
Smp_307060	0.0175866168869623
Smp_307070	0.137951702026321
Smp_307080	0.0126787996576886
Smp_307090	0.153504864377442
Smp_307170	0.228184880487952
Smp_307210	0.259299007762635
Smp_307220	0.562112560604912
Smp_307240	0.583328054965153
Smp_307260	0.426134061438338
Smp_307270	0.0678946289417378
Smp_307330	0.0379090791077221
Smp_307600	0.0369720048935984
Smp_307650	0.106197721444104
Smp_307730	0.0153469702005918
Smp_307780	0.137147689708402
Smp_307800	0.0806072464315579
Smp_307810	0.0237978003214303
Smp_307840	0.0545876515444071
Smp_307880	0.193772944841927
Smp_307900	1.64008292538248
Smp_307950	0.0763574054605504
Smp_307960	0.0704391768667827
Smp_308030	0.0608561240374357
Smp_308040	1.51550266849527
Smp_308060	0.0426158275714872
Smp_308100	0.0448383390155786
Smp_308110	0.0486044591407016
Smp_308140	0.0445014846696757
Smp_308145	0.0652527574166259
Smp_308260	0.0403612479444594
Smp_308270	0.0326517737186896
Smp_308310	3.09620046590212
Smp_308350	0.0477724151878611
Smp_308360	0.0128949297729481
Smp_308370	0.0850097489532642
Smp_308420	0.0769641518986264
Smp_308440	0.0878921181147526
Smp_308470	0.291749510636282
Smp_308480	2.90414549104902
Smp_308490	0.057808774411229
Smp_308550	0.0399487149435465
Smp_308590	0.03658532645156
Smp_308600	0.0165223328589068
Smp_308630	0.0187990927009387
Smp_308680	0.0122546465309314
Smp_308700	7.61408378796854
Smp_308750	23
Smp_308820	0.299864259131947
Smp_308830	0.0583143417885884
Smp_308910	0.069973599691631
Smp_308930	0.152279721979987
Smp_308940	0.0233879291790188
Smp_308980	0.0415987898387893
Smp_309000	0.0864935642822331
Smp_309090	1.66682478580648
Smp_309100	0.0470398956940807
Smp_309110	0.018380991662691
Smp_309120	15.3839789544824
Smp_309140	1.82999239665657
Smp_309210	0.0452472606321049
Smp_309220	0.168535345963949
Smp_309240	0.0393885647409025
Smp_309250	2.32365419284041
Smp_309350	0.0422052891705468
Smp_309355	0.0228192606947568
Smp_309360	0.0127526063402471
Smp_309430	0.0259308260564987
Smp_309480	0.266156481923149
Smp_309500	1.16886466657784
Smp_309510	0.996302689947
Smp_309540	1.54797455298506
Smp_309580	2.14536089323884
Smp_309590	0.0308300356524535
Smp_309610	0.00680708408015832
Smp_309660	0.0577985363453188
Smp_309670	0.0452982444597965
Smp_309680	0.00492882137382486
Smp_309690	0.0651272260979754
Smp_309700	1.90336658206031
Smp_309710	0.0266549001931053
Smp_309720	0.0777334156334113
Smp_309730	0.483045243039449
Smp_309740	0.402253743648141
Smp_309860	0.00520775379038918
Smp_309950	0.448625565602341
Smp_309960	0.117222493983108
Smp_309970	0.0430596061934829
Smp_309980	0.0517310843985624
Smp_309990	0.18352257866151
Smp_310040	0.42892225236892
Smp_310050	0.464318112075664
Smp_310080	0.0397970684794978
Smp_310090	0.351818389831745
Smp_310140	0.0179112470462763
Smp_310150	15.5671762715437
Smp_310170	0.23444561225011
Smp_310180	0.0515096897241974
Smp_310210	0.293503181118751
Smp_310230	0.178574652735478
Smp_310240	0.0741597593758897
Smp_310260	0.165916503011857
Smp_310430	0.404577670008959
Smp_310470	0.0734333405366945
Smp_310500	1.07613041457237
Smp_310510	0.444459521924346
Smp_310520	0.460697908153765
Smp_310550	0.0553049780724649
Smp_310580	0.136488900672593
Smp_310600	0.107213028002052
Smp_310620	0.0514944946669278
Smp_310650	0.297727387171089
Smp_310740	0.895106624912811
Smp_310750	0.255147780580094
Smp_310760	0.466262911566882
Smp_310770	0.0983255830192235
Smp_310820	0.0250577829534172
Smp_310830	0.00180922084677285
Smp_310870	0.042739696325086
Smp_310880	0.27522516981124
Smp_310920	0.0789001588334628
Smp_310930	0.0512513725787618
Smp_310950	1.90684474967053
Smp_310980	0.0183191839579673
Smp_311010	0.0156572840938176
Smp_311050	0.0228648386982443
Smp_311150	0.028973961761621
Smp_311170	0.514103289023193
Smp_311200	0.0586731227587156
Smp_311310	2.31979158090964
Smp_311350	0.019316552649512
Smp_311360	0.0282796141857808
Smp_311440	0.0325239572256577
Smp_311480	0.464381615181662
Smp_311490	0.737349028486674
Smp_311520	0.0222828508439083
Smp_311580	0.864245383922433
Smp_311610	0.0195143853966963
Smp_311630	0.0905888782185265
Smp_311640	0.0907125690405155
Smp_311650	0.0493903265948308
Smp_311670	0.320582899977098
Smp_311700	5.1406030633769
Smp_311770	0.0401339388682283
Smp_311780	0.0169412275864247
Smp_311790	0.0344947344061037
Smp_311860	0.149401655256095
Smp_311870	0.129091831304449
Smp_311890	0.158380809260552
Smp_311920	0.00819712191380999
Smp_311940	0.00607437518987762
Smp_311970	0.00412225617393336
Smp_311980	0.0729058617527532
Smp_312010	0.498452073209357
Smp_312150	0.0370926173381251
Smp_312230	0.132925544445968
Smp_312360	0.0151125499399677
Smp_312390	0.0441676262793494
Smp_312440	12.5278014199783
Smp_312450	0.443515254300601
Smp_312460	0.244222712606918
Smp_312560	0.0285811060065132
Smp_312580	0.228582501585315
Smp_312610	0.160430975151256
Smp_312620	1.42189988369683
Smp_312630	0.0762968985600515
Smp_312640	0.136585001861786
Smp_312650	23
Smp_312660	0.0093543171007676
Smp_312720	0.00805509440645403
Smp_312730	0.10359011026956
Smp_312760	0.00852470194453013
Smp_312770	0.0732134042235005
Smp_312820	0.0304007059329428
Smp_312850	0.124788321623926
Smp_312860	1.92608159437088
Smp_312870	0.0238536137175007
Smp_312880	0.0157562523902646
Smp_312900	0.238458283961761
Smp_312910	0.314918499323396
Smp_312920	0.00610477403533163
Smp_312950	0.150135662417785
Smp_312990	0.0183008405525467
Smp_313100	1.00511451206031
Smp_313110	0.468072999106194
Smp_313210	0.469615280282069
Smp_313310	0.24198279648045
Smp_313320	0.121478002365451
Smp_313330	0.661909097232369
Smp_313440	0.22588314288162
Smp_313450	0.0477240749274658
Smp_313480	7.22114471283757
Smp_313490	0.0289931791546841
Smp_313500	6.65058474344664
Smp_313530	0.212039049861826
Smp_313540	0.179816141159493
Smp_313560	0.197127793011817
Smp_313630	0.117692714051959
Smp_313640	0.012173111740167
Smp_313730	0.0271508874981246
Smp_313750	1.94135585295248
Smp_313760	1.17950572509291
Smp_313810	0.0135737169445194
Smp_313820	23
Smp_313830	0.538567420823422
Smp_313840	0.0573990488153238
Smp_313980	0.0784237372931443
Smp_313990	0.682406847425243
Smp_314000	5.67534852224834
Smp_314010	0.764780727856169
Smp_314020	0.968370088793735
Smp_314030	0.104573944966221
Smp_314170	0.643321366272121
Smp_314200	0.0580385106477508
Smp_314210	0.149283691282557
Smp_314220	0.0118573538011757
Smp_314240	0.110003489031029
Smp_314250	1.43860536285232
Smp_314280	0.029546815662766
Smp_314290	0.102838697151475
Smp_314310	0.0380904883371738
Smp_314320	0.0289282317136767
Smp_314360	0.160250646393224
Smp_314500	0.188012307745572
Smp_314620	0.0826255691591075
Smp_314630	0.302408737969955
Smp_314640	0.324335289912987
Smp_314650	0.234357544962074
Smp_314660	0.076134728677374
Smp_314670	15.4242915301722
Smp_314730	1.08365075497324
Smp_314740	0.209808662860469
Smp_314750	0.353201334802419
Smp_314790	0.718012544062307
Smp_314800	2.35555460564925
Smp_314990	0.0733018773474167
Smp_315000	0.17394804989017
Smp_315010	0.00400375995439105
Smp_315060	0.467349874109987
Smp_315070	0.012790205395376
Smp_315110	0.0408313651662396
Smp_315140	0.487917516577196
Smp_315230	0.28453649203492
Smp_315360	0.24480954487446
Smp_315420	0.0662617551699856
Smp_315480	0.0640691028762309
Smp_315490	0.0153025087296715
Smp_315500	0.324539204651125
Smp_315510	0.469938251862171
Smp_315560	0.0773703713582867
Smp_315570	0.0321583361998469
Smp_315580	0.0237417588458673
Smp_315600	0.394200338470827
Smp_315610	0.0749910453484521
Smp_315650	0.122816238829654
Smp_315690	14.3387451927142
Smp_315700	0.028624860272487
Smp_315710	0.0282710470294139
Smp_315720	0.453525730047636
Smp_315730	0.154360392560293
Smp_315740	0.0458377740717105
Smp_315750	0.0104942642328567
Smp_315760	0.839936588993983
Smp_315770	0.0922751802778811
Smp_315780	0.308726961198136
Smp_315790	0.0562140659145855
Smp_315800	0.119579325549725
Smp_315810	0.161779022513469
Smp_315820	0.0482403779113412
Smp_315830	0.0250668257962347
Smp_315840	0.359938250760324
Smp_315850	0.026456588533734
Smp_315860	0.976721099578093
Smp_315870	0.00850961439790406
Smp_315880	0.289518166144168
Smp_315890	0.00764666069674579
Smp_315900	0.187009360629399
Smp_315910	0.0208224676175466
Smp_315980	1.82229722566031
Smp_315990	0.155162235046139
Smp_316000	0.0136165575462355
Smp_316020	0.117374098985254
Smp_316080	0.110317721665668
Smp_316090	0.233350699809851
Smp_316100	0.0308330069781085
Smp_316110	0.00820261577920151
Smp_316120	0.0604387489795955
Smp_316130	0.914904584303773
Smp_316140	1.58948513417768
Smp_316150	4.18349772345471
Smp_316160	2.33887804002202
Smp_316170	1.52891336998396
Smp_316180	0.0460010555308172
Smp_316210	0.788215156248563
Smp_316220	0.128544606094751
Smp_316230	1.71056247534038
Smp_316240	0.359500083647318
Smp_316250	0.198181101754058
Smp_316270	0.0169693193106362
Smp_316320	0.029155998875197
Smp_316340	0.0275742646995269
Smp_316360	0.143548496774942
Smp_316380	0.311495787823506
Smp_316430	3.15466983449869
Smp_316440	0.0346416340485188
Smp_316460	0.0187368017472495
Smp_316470	4.28975147105519
Smp_316480	1.3712131087596
Smp_316490	0.34059262088521
Smp_316530	0.397662025278703
Smp_316540	0.130061739256335
Smp_316550	1.17680655419876
Smp_316570	0.0605074988027686
Smp_316580	0.0952339458250186
Smp_316610	1.72041929523685
Smp_316620	0.0111047667107469
Smp_316630	0.0160342540587396
Smp_316640	0.160676561331329
Smp_316660	0.0585089458449162
Smp_316680	0.0564435403594048
Smp_316690	0.263564897501609
Smp_316700	0.0395118251825426
Smp_316710	0.0192009047088878
Smp_316720	0.216497193824474
Smp_316730	0.00865017584005695
Smp_316780	1.7377177170832
Smp_316790	0.284251237408516
Smp_316800	0.567291903861049
Smp_316810	0.231859276429411
Smp_316850	0.0845934095035688
Smp_316860	15.4516005548178
Smp_316910	0.234927650839801
Smp_317020	0.00811312223693107
Smp_317040	0.478347914485389
Smp_317060	0.194563880798764
Smp_317070	0.765206781650592
Smp_317120	0.211126583109907
Smp_317130	0.0410642272763287
Smp_317140	22.3004521691684
Smp_317150	1.05727744338264
Smp_317160	13.6499260387414
Smp_317170	23
Smp_317190	23
Smp_317210	0.0636537023474718
Smp_317220	0.0924317346227693
Smp_317240	0.838354063157858
Smp_317250	6.95919602575994
Smp_317370	0.14296980601877
Smp_317420	0.102525484579387
Smp_317430	0.0521701082459905
Smp_317470	11.8762501693373
Smp_317480	0.293077032175772
Smp_317490	0.156588114304179
Smp_317500	0.100679314218121
Smp_317510	2.54691819852702
Smp_317530	9.4599746057391
Smp_317540	0.0315478731872035
Smp_317550	0.0384797069819574
Smp_317560	0.11115503911313
Smp_317580	0.238618039346001
Smp_317600	0.0398058059157452
Smp_317620	0.0911941352957732
Smp_317630	0.497369386674226
Smp_317640	0.0693059098919194
Smp_317660	0.263984445188017
Smp_317690	0.496466408475261
Smp_317700	5.35152604109537
Smp_317720	3.6169287117062
Smp_317730	2.29671205760694
Smp_317740	0.800683129562041
Smp_317750	5.00299721851649
Smp_317760	0.160437275620125
Smp_317770	0.705166854999112
Smp_317780	0.45493846072637
Smp_317790	1.2754038120276
Smp_317800	4.31659734673059
Smp_317810	23
Smp_317820	23
Smp_317840	0.319482267681038
Smp_317970	23
Smp_317980	23
Smp_317990	0.297852167092503
Smp_318000	0.170783879650017
Smp_318010	0.0200349271764008
Smp_318030	0.618698042794443
Smp_318100	23
Smp_318110	0.0224628618243483
Smp_318120	0.0114746889996562
Smp_318130	0.40522727287043
Smp_318140	0.180378810245169
Smp_318150	0.511900333237058
Smp_318160	0.122930314618363
Smp_318200	0.281441586420995
Smp_318210	3.11189293848773
Smp_318240	0.117462335431388
Smp_318260	0.253987369817754
Smp_318280	0.81072368358856
Smp_318290	9.00082047470208
Smp_318300	23
Smp_318320	0.0518779624841528
Smp_318330	23
Smp_318340	1.88310790582979
Smp_318350	0.325349097239782
Smp_318380	2.63494965489196
Smp_318470	0.0718191024815994
Smp_318480	0.251720867372916
Smp_318490	0.985962085547031
Smp_318500	0.0788387125827458
Smp_318510	0.281225196270683
Smp_318630	2.7208892809181
Smp_318640	1.90286426446842
Smp_318660	3.39140941685234
Smp_318680	0.675083723170112
Smp_318690	1.92650827433487
Smp_318710	2.3486985582096
Smp_318800	0.059158040716178
Smp_318850	0.00967753928043205
Smp_318870	1.93948953721271
Smp_318880	0.0627957850857484
Smp_318890	0.949216335765197
Smp_318900	1.96334521360169
Smp_318910	0.0198900844548855
Smp_318920	0.797461341620182
Smp_318950	1.7538487931981
Smp_318970	0.184806602699224
Smp_318980	0.0356066476779236
Smp_319010	0.124935071848378
Smp_319020	0.166702847538318
Smp_319030	0.209008135721889
Smp_319040	6.61835477348293
Smp_319050	0.10440019596619
Smp_319060	0.0200030821690205
Smp_319070	0.368757281727014
Smp_319080	0.0343584521724765
Smp_319090	0.78188220812938
Smp_319100	0.030684514399927
Smp_319110	0.0109704466429518
Smp_319120	0.0605231991588497
Smp_319130	0.0335290495458375
Smp_319140	0.027177217431214
Smp_319170	3.89077971121284
Smp_319200	8.56013804170158
Smp_319210	0.0225376756530287
Smp_319220	0.0159777892022256
Smp_319230	0.027621748344083
Smp_319240	0.0216278749257847
Smp_319250	1.35475488353189
Smp_319260	12.8589967178257
Smp_319270	0.506306120980367
Smp_319290	0.164744614907774
Smp_319310	0.49101180914062
Smp_319320	0.0621897220853089
Smp_319330	0.210275129480277
Smp_319340	0.0229425311422342
Smp_319370	0.0119692532347172
Smp_319390	0.0348991348579546
Smp_319400	6.40072033730945
Smp_319410	23
Smp_319460	0.340726302813379
Smp_319480	1.30147752225979
Smp_319490	13.4857150978093
Smp_319500	0.0173902355147638
Smp_319520	0.165209223144654
Smp_319540	0.267683930568038
Smp_319550	3.08185425291262
Smp_319560	0.161008966453592
Smp_319570	8.56105334495594
Smp_319580	2.71827495303275
Smp_319590	9.49516653129084
Smp_319610	0.450081815796942
Smp_319620	0.00795174787673776
Smp_319640	0.59440912813862
Smp_319650	0.190444450364577
Smp_319660	0.0772445426306556
Smp_319690	23
Smp_319700	0.59143362472155
Smp_319720	1.32692848495856
Smp_319730	0.051743072712422
Smp_319760	0.0554461303137657
Smp_319770	0.399599377024375
Smp_319780	0.339995276152353
Smp_319790	0.308687090099504
Smp_319810	0.06040046902433
Smp_319820	23
Smp_319860	0.102679591476033
Smp_319870	0.456186094517194
Smp_319890	0.598336728990782
Smp_319900	0.049934090562699
Smp_319910	0.280723693850199
Smp_319920	23
Smp_319950	0.0643116294729494
Smp_319960	0.0387449715621656
Smp_319970	4.26847916116933
Smp_320100	0.073054593902122
Smp_320110	0.979549353117489
Smp_320120	0.112814527406585
Smp_320200	0.37305377050672
Smp_320210	5.50270842055008
Smp_320230	0.0173240459320002
Smp_320240	0.332428205852439
Smp_320260	23
Smp_320270	0.0242832808891106
Smp_320280	0.0120411995242258
Smp_320300	2.05040582503301
Smp_320310	0.0580349507234106
Smp_320320	0.230099801926289
Smp_320330	0.0483781873603866
Smp_320340	0.261054598157189
Smp_320350	0.927897957857607
Smp_320360	0.466628715022772
Smp_320400	0.270597351731359
Smp_320410	0.345726024253096
Smp_320440	0.0959287125974311
Smp_320450	0.210603981967247
Smp_320460	0.425570180441343
Smp_320480	0.0662291290183695
Smp_320490	1.10722613663061
Smp_320500	0.162612601105949
Smp_320510	23
Smp_320530	0.0125278566316896
Smp_320540	0.0648884782547391
Smp_320660	4.79862270451743
Smp_320670	1.54121848666495
Smp_320680	3.60856381456001
Smp_320690	3.51821993756193
Smp_320760	0.416592202719561
Smp_320810	0.179564236392263
Smp_320880	1.3689380762316
Smp_320890	0.740979544057969
Smp_320940	1.36501329109426
Smp_321250	0.135746792141521
Smp_321255	0.207383409246811
Smp_321620	0.0152147415264595
Smp_321730	23
Smp_321740	0.103669683189732
Smp_321750	5.55323490580968
Smp_321760	0.143635466045423
Smp_321770	0.0674994249451173
Smp_321790	0.339237607681952
Smp_321800	23
Smp_321810	15.0660003719293
Smp_321830	0.105198133775619
Smp_321840	0.0615168131080397
Smp_321850	0.094476484514652
Smp_321860	0.0647709779051029
Smp_321880	3.16588957323001
Smp_321890	0.00834792903143723
Smp_321910	0.028397215619242
Smp_321920	0.0528426406275117
Smp_321930	0.062083048682392
Smp_321950	0.361849192642535
Smp_322000	0.0611781942433346
Smp_322040	0.306878165445401
Smp_322070	0.168345014253463
Smp_322080	12.1784432514531
Smp_322100	0.552392498645538
Smp_322130	0.0977403741274694
Smp_322150	0.112244673099274
Smp_322170	2.35342612852605
Smp_322190	0.158878029678898
Smp_322210	0.0924940870633368
Smp_322220	0.0364254025386881
Smp_322230	0.321917819785549
Smp_322240	0.0844201772418612
Smp_322250	0.0995924937562747
Smp_322270	0.0464860397458974
Smp_322280	0.0918312792641723
Smp_322330	0.161706650620002
Smp_322340	0.400944264647127
Smp_322350	0.0914463820480823
Smp_322380	1.56986368442969
Smp_322410	0.0239343884390345
Smp_322430	0.40967891223298
Smp_322440	0.0210255391619856
Smp_322450	1.02309552597652
Smp_322460	0.236877706085256
Smp_322480	0.179269466094606
Smp_322500	0.0520146773027687
Smp_322560	0.073040818839012
Smp_322570	0.0254852801080599
Smp_322580	12.5952142750124
Smp_322590	0.231788831412774
Smp_322610	0.153633855248722
Smp_322640	6.42915933793493
Smp_322650	0.0926205036384489
Smp_322680	0.190241248836866
Smp_322690	0.0966072272636859
Smp_322700	0.0529988564046023
Smp_322710	0.163706707616822
Smp_322720	0.333372589049126
Smp_322730	0.0215771436318684
Smp_322760	9.94017206069956
Smp_322770	0.2246525643952
Smp_322780	0.0448687216025123
Smp_322800	0.127573260181724
Smp_322810	0.674914468117809
Smp_322820	0.0548138484599496
Smp_322830	0.356207617610252
Smp_322850	0.0769255059123725
Smp_322860	1.52874047309748
Smp_322870	0.834914203369854
Smp_322880	0.523909334051834
Smp_322890	0.0480508569145592
Smp_322900	0.186301848150893
Smp_322910	0.172113151103164
Smp_322920	1.7498984133586
Smp_322930	0.373577551967093
Smp_322940	0.122820205588782
Smp_322950	0.187321752638164
Smp_322960	23
Smp_322970	0.0233088600695726
Smp_322980	0.498512774725689
Smp_322990	0.0749587871250829
Smp_323010	0.0883646717807931
Smp_323040	0.0385995530143628
Smp_323050	0.446920716310785
Smp_323090	0.0335964032793159
Smp_323140	0.0265716644497611
Smp_323210	1.52216799476014
Smp_323230	15.3190358043442
Smp_323240	0.125283550659539
Smp_323250	0.213907927073519
Smp_323270	0.00901156541643101
Smp_323280	0.541254463589036
Smp_323320	0.939068392911697
Smp_323330	0.052426346978064
Smp_323340	0.172125356421989
Smp_323350	2.9696054653705
Smp_323360	5.075947250182
Smp_323370	1.15877926789054
Smp_323380	0.0491460745536851
Smp_323420	0.44327928464144
Smp_323430	0.0735320120205831
Smp_323440	0.620715892267065
Smp_323500	5.4085317077168
Smp_323510	0.593915973397334
Smp_323530	3.71289450492666
Smp_323540	0.144588811780409
Smp_323560	0.223446827554627
Smp_323580	0.223001813520717
Smp_323600	23
Smp_323640	0.576758201533987
Smp_323650	0.031067873101827
Smp_323660	0.0107477672802104
Smp_323680	8.75938934834055
Smp_323690	0.172344853608678
Smp_323700	0.32550464621684
Smp_323710	23
Smp_323740	0.0858610882595853
Smp_323770	0.0634736278747835
Smp_323790	0.0310799672616857
Smp_323800	0.41297859341434
Smp_323810	0.377540495784483
Smp_323820	0.304903585817034
Smp_323830	0.00761631750092256
Smp_323870	2.1570062868638
Smp_323890	0.0192489578038472
Smp_323900	0.0526980963544025
Smp_323910	0.186636977794627
Smp_323920	0.292476788831553
Smp_323960	1.53219221408711
Smp_323980	1.31046834011828
Smp_324050	0.134496809742378
Smp_324060	9.12765472375804
Smp_324070	0.00910196318662233
Smp_324080	0.112122606982907
Smp_324090	2.19369433112768
Smp_324100	1.9068843026589
Smp_324110	0.225714180315814
Smp_324120	0.328131237148703
Smp_324130	0.741516953830514
Smp_324140	0.135813215540747
Smp_324150	0.73580698952377
Smp_324160	2.36940002818826
Smp_324180	1.8424676474431
Smp_324190	1.11022246726374
Smp_324200	0.522591084796493
Smp_324210	0.982984500683556
Smp_324230	0.862594301498639
Smp_324240	0.289610004246811
Smp_324250	0.176213496777804
Smp_324260	0.0759456017924253
Smp_324270	0.564633635528481
Smp_324280	0.114968757279778
Smp_324290	23
Smp_324300	0.106484368539186
Smp_324310	0.337036599872237
Smp_324330	1.33539825715675
Smp_324350	23
Smp_324360	0.70664752288378
Smp_324380	1.07105258790525
Smp_324400	0.737187980062704
Smp_324410	7.09791959954377
Smp_324420	0.148350165909298
Smp_324450	23
Smp_324630	0.0733601053168402
Smp_324700	1.78008340517638
Smp_324710	1.84933623377709
Smp_325490	1.7032196744204
Smp_325540	0.0965267216368628
Smp_325570	0.687406262574668
Smp_325610	0.218978154806632
Smp_325620	0.974612425392625
Smp_325640	0.0467741763462266
Smp_325650	0.0201224976945265
Smp_325670	0.0496276974362415
Smp_325680	0.9840377616828
Smp_325700	19.1779665854868
Smp_325740	0.0303674617016344
Smp_325760	0.0873750710905852
Smp_325790	0.136387209220145
Smp_325820	0.173934640212793
Smp_325900	0.892852220570099
Smp_325920	0.108916149881604
Smp_325960	0.989966419537073
Smp_325970	3.89236963858593
Smp_325980	7.30394652809043
Smp_326000	0.836907961553616
Smp_326010	1.63096156048702
Smp_326040	0.0527131220194049
Smp_326080	0.591707835083981
Smp_326090	0.0266718485317881
Smp_326120	1.81194778226702
Smp_326130	0.0292685848221866
Smp_326150	0.530114642301571
Smp_326160	1.04075062413854
Smp_326170	15.285278272209
Smp_326180	0.0421694042639905
Smp_326190	0.192081886918548
Smp_326220	23
Smp_326230	23
Smp_326250	0.0260276448868971
Smp_326270	0.357799248556737
Smp_326300	15.988622936302
Smp_326360	0.698575151422018
Smp_326390	0.704545835157398
Smp_326400	0.00816900896982938
Smp_326410	0.0221093793552649
Smp_326430	0.0531149636010458
Smp_326440	0.104710915679647
Smp_326480	4.05598474282993
Smp_326500	0.0275425830239902
Smp_326510	1.14490118467778
Smp_326520	0.109833255801652
Smp_326530	2.1225601710182
Smp_326540	1.7353528454337
Smp_326550	2.06897190014249
Smp_326560	3.0381894477271
Smp_326570	2.49897013886599
Smp_326580	2.03029185806292
Smp_326600	19.1917355474041
Smp_326610	1.6705073317435
Smp_326620	0.0596729136894237
Smp_326650	6.10869220078796
Smp_326660	7.77201467347495
Smp_326670	1.30336698517177
Smp_326690	2.29095417359148
Smp_326710	23
Smp_326720	7.45554085074194
Smp_326730	1.71181167621571
Smp_326740	0.259314154821779
Smp_326750	0.0233361405587025
Smp_326760	0.922528778896215
Smp_326770	0.166710112428727
Smp_326790	0.241719698911326
Smp_326800	8.22950047892227
Smp_326810	0.564027459132875
Smp_326830	23
Smp_327030	1.80975575880543
Smp_327040	0.594834199927904
Smp_327050	10.1279320929275
Smp_327210	0.0651889039979385
Smp_327220	0.945743502544251
Smp_327230	0.0854024892715505
Smp_327240	0.0375352188118194
Smp_327260	0.0849837191827042
Smp_327270	0.117845446953661
Smp_327280	0.241575471635647
Smp_327290	0.565626888135563
Smp_327300	23
Smp_327360	1.58269225658215
Smp_327370	1.59931955278818
Smp_327400	0.0511326462441336
Smp_327410	0.065517487431841
Smp_327420	0.109216377683832
Smp_327430	0.512536924940272
Smp_327480	0.0357126371981247
Smp_327490	0.611225986873817
Smp_327500	0.0196140960927873
Smp_327510	2.46299840315182
Smp_327520	2.04749134054636
Smp_327530	1.75504230826047
Smp_327540	23
Smp_327550	4.59254866128435
Smp_327560	0.0282306486556406
Smp_327570	0.153559770744584
Smp_327580	1.01227978634875
Smp_327590	1.09102433426246
Smp_327610	1.02926161877865
Smp_327630	0.943129347987598
Smp_327640	0.0265064419233634
Smp_327680	0.0375191050209987
Smp_327720	0.179766487465625
Smp_327730	0.0884254229658673
Smp_327770	1.9682849237114
Smp_327780	0.948810588862212
Smp_327790	23
Smp_327800	0.136587208756829
Smp_327810	0.0949173063048776
Smp_327820	23
Smp_327860	0.266098215273757
Smp_327870	0.696006281118844
Smp_327890	1.72158264709054
Smp_327910	0.985173810296626
Smp_327920	9.8244260943567
Smp_327930	0.0837183724264975
Smp_327950	0.831290945385978
Smp_327960	0.0605921020202448
Smp_327970	0.092688831320716
Smp_328000	0.0123162379598659
Smp_328010	0.674416721198522
Smp_328060	5.63799852527975
Smp_328070	0.52232674560494
Smp_328080	0.0452597935739328
Smp_328090	0.196859867873294
Smp_328110	0.0691243405648188
Smp_328120	0.119778068245073
Smp_328140	0.0779402631270044
Smp_328150	0.0274155963821669
Smp_328180	0.0177234332356901
Smp_328200	0.0312001407562051
Smp_328220	0.327369875628148
Smp_328230	0.0325232420282304
Smp_328240	0.12785770223711
Smp_328260	0.0295813137066763
Smp_328300	23
Smp_328320	0.451393538774444
Smp_328330	0.0413036636079364
Smp_328350	0.0798046776528486
Smp_328360	0.0390464051884047
Smp_328380	7.66938383491479
Smp_328390	0.0940593797265153
Smp_328400	0.243692219764368
Smp_328410	0.745319328891875
Smp_328430	0.153569769076238
Smp_328460	23
Smp_328490	23
Smp_328500	0.193982568674903
Smp_328520	1.3868433800122
Smp_328530	0.0283579184736336
Smp_328540	0.12953835240839
Smp_328550	23
Smp_328570	0.381793974222167
Smp_328580	0.235679237617277
Smp_328590	1.27149259484275
Smp_328600	0.0113691615444843
Smp_328620	0.0551234663750063
Smp_328630	0.500327495410592
Smp_328640	0.0657868091173057
Smp_328650	0.0541696864593058
Smp_328680	23
Smp_328690	0.140865263097673
Smp_328700	10.4160052757931
Smp_328710	0.136534665613253
Smp_328730	0.324840180135656
Smp_328750	0.104853973814008
Smp_328910	0.434662476138197
Smp_328930	0.66979704846955
Smp_328940	9.83400755583453
Smp_328950	0.374830523542692
Smp_328980	0.548081816146006
Smp_328990	0.265838222113856
Smp_329010	0.198690766592448
Smp_329030	23
Smp_329040	0.185868710966491
Smp_329050	10.1104056047066
Smp_329060	0.511272736538163
Smp_329080	0.758720899433737
Smp_329090	0.0940381121878084
Smp_329100	0.122250873317715
Smp_329110	0.120745295826558
Smp_329130	23
Smp_329150	0.637219732197216
Smp_329170	4.45262130256144
Smp_329200	0.0491385595710883
Smp_329210	0.0485520871539671
Smp_329220	0.274565103862592
Smp_329230	1.5966007549866
Smp_329250	0.0561894836596045
Smp_329260	0.236571279926929
Smp_329270	0.557182110217424
Smp_329280	0.344008026963361
Smp_329300	0.0407739674285291
Smp_329330	0.139627888326689
Smp_329340	0.215488615344059
Smp_329370	0.0392101739350976
Smp_329410	3.88222812534823
Smp_329420	0.464346481986771
Smp_329430	0.443007084885972
Smp_329440	5.25005868667708
Smp_329490	0.07827111755978
Smp_329500	0.314142346364904
Smp_329510	0.0993654202009236
Smp_329520	0.0278755898149348
Smp_329530	0.665082487347138
Smp_329550	0.146765913765959
Smp_329560	2.40780916195296
Smp_329570	0.0419547902199381
Smp_329590	0.756097129245342
Smp_329600	0.0259854022038331
Smp_329620	0.0313605642846391
Smp_329650	0.101096218438213
Smp_329670	0.271652361579896
Smp_329680	0.057685470884188
Smp_329690	0.274295649714946
Smp_329700	0.969897007056689
Smp_329710	0.559104023532439
Smp_329720	0.657178906297816
Smp_329730	0.95862161222709
Smp_329760	0.0434330514024082
Smp_329770	0.0652106533252603
Smp_329780	2.57296816230414
Smp_329920	0.216475725026478
Smp_329940	9.28527321660367
Smp_329950	0.119659217134044
Smp_329960	23
Smp_329970	0.621596065573244
Smp_330000	0.0202208820450317
Smp_330010	0.0352857310288075
Smp_330050	2.68524459500765
Smp_330090	1.2701237624393
Smp_330120	0.875521477599406
Smp_330130	0.848006009433938
Smp_330150	0.922451032673197
Smp_330160	0.366114609866342
Smp_330190	0.026226237565174
Smp_330210	1.27310261741743
Smp_330220	0.167148947583777
Smp_330230	0.34675922384338
Smp_330250	0.0150660000250212
Smp_330260	0.0555285199220115
Smp_330270	5.60068000005007
Smp_330280	1.34536516426247
Smp_330320	0.849893842694329
Smp_330330	0.140648415872363
Smp_330350	0.170580979852526
Smp_330380	0.145568490823799
Smp_330390	9.28128479834789
Smp_330430	0.0571124136434693
Smp_330440	0.0598290413508579
Smp_330450	0.353338066791828
Smp_330470	0.659840795210227
Smp_330490	0.0388009786741959
Smp_330500	0.0266456186810692
Smp_330510	0.630958203422037
Smp_330520	0.53554849970269
Smp_330530	0.297510226917537
Smp_330540	0.693649008931372
Smp_330550	0.0493926087409082
Smp_330570	0.0732542102748081
Smp_330590	0.320159779521691
Smp_330620	0.0603235009309556
Smp_330630	0.330453101688704
Smp_330640	1.97300632324831
Smp_330650	0.224419635452467
Smp_330670	1.48368097743786
Smp_330680	0.330830560276652
Smp_330700	0.21250171767337
Smp_330710	1.42278184115945
Smp_330730	2.02599790002968
Smp_330760	0.0757819472930303
Smp_330770	1.31169028126168
Smp_330790	12.9382062151204
Smp_330810	0.878484030722794
Smp_330830	0.0456888683569708
Smp_330840	23
Smp_330850	1.22209660582178
Smp_330860	0.917750603711574
Smp_330880	23
Smp_330890	21.9113894167785
Smp_330900	5.85119440754735
Smp_331110	0.124110899396171
Smp_331120	0.598287015614466
Smp_331130	0.731184225579095
Smp_331140	0.221146910977748
Smp_331150	0.793988556118599
Smp_331160	0.0309990873724052
Smp_331170	0.026718208236305
Smp_331180	0.622861245103505
Smp_331190	2.10293214922877
Smp_331200	0.0695903870911564
Smp_331210	0.036275714005493
Smp_331220	0.175966192406907
Smp_331230	0.156450881613158
Smp_331240	0.170586933400772
Smp_331250	0.0906299392257038
Smp_331280	0.351618643756808
Smp_331290	0.18346513377471
Smp_331310	0.514160196644446
Smp_331320	0.471851514515443
Smp_331330	0.219611576765247
Smp_331340	0.0838954046029831
Smp_331360	0.0486895292985823
Smp_331370	23
Smp_331380	0.470051896231444
Smp_331390	0.729726211155659
Smp_331400	0.452421431264635
Smp_331410	0.162270124224352
Smp_331420	0.778712042294647
Smp_331450	2.15330106517716
Smp_331460	0.374576121021558
Smp_331470	23
Smp_331480	0.615982996640009
Smp_331490	0.020072518292946
Smp_331510	0.503080325119863
Smp_331530	0.0265682815144255
Smp_331540	0.330713588043086
Smp_331550	0.600421662495627
Smp_331560	0.372188460074128
Smp_331570	0.211629854377295
Smp_331580	0.856376927885966
Smp_331590	0.652628032666513
Smp_331600	1.40603907892511
Smp_331610	1.24471557117975
Smp_331630	0.143873943598944
Smp_331650	1.20107961047523
Smp_331660	0.0528370573282559
Smp_331670	0.0370928618543479
Smp_331680	18.4462418115768
Smp_331690	1.98419592301792
Smp_331700	0.158067039276651
Smp_331710	0.0307844788294617
Smp_331720	0.0797622510294718
Smp_331730	0.974662583258805
Smp_331780	0.0508860851538792
Smp_331790	0.00795994151407244
Smp_331810	0.0522177647858666
Smp_331820	0.0472154121918924
Smp_331830	0.109661031335613
Smp_331870	0.0450855250431984
Smp_331880	0.0462605461315184
Smp_331890	0.116460706696885
Smp_331900	0.03601987076225
Smp_331910	0.331006188596619
Smp_331920	0.0537818887066116
Smp_331930	0.414603027404232
Smp_331940	0.0558038536177851
Smp_331960	0.23539670039734
Smp_331970	0.474553408795777
Smp_331980	0.020696529015351
Smp_331990	0.0573149510126889
Smp_332010	0.0261106012801204
Smp_332020	0.524178118130885
Smp_332070	9.95920619170357
Smp_332080	0.0454579975497992
Smp_332090	0.0177552127846607
Smp_332100	0.0882337126580051
Smp_332120	0.225948079382217
Smp_332140	0.256573651325091
Smp_332150	22.2477517977384
Smp_332160	0.0156636323543462
Smp_332170	0.0540606219430774
Smp_332240	0.179840863881409
Smp_332250	0.677719365749027
Smp_332260	0.0144406402437801
Smp_332270	0.0781808223751938
Smp_332280	0.19581970117252
Smp_332290	0.0695365588961822
Smp_332300	0.0124856110270753
Smp_332310	0.364225282903414
Smp_332320	0.634502995723763
Smp_332330	0.00760044372765452
Smp_332350	2.9467124077901
Smp_332360	0.292405586460552
Smp_332370	0.0733103455605454
Smp_332380	0.233350255101274
Smp_332390	0.320898836432618
Smp_332400	0.0458149626496022
Smp_332410	23
Smp_332420	0.154737234566093
Smp_332440	2.69856101841864
Smp_332450	0.0136975141285619
Smp_332460	1.19264624734304
Smp_332470	0.186644581663159
Smp_332480	0.133466821935984
Smp_332490	0.405937705537925
Smp_332500	0.361897360690345
Smp_332510	0.0237054479147177
Smp_332520	0.152680071055591
Smp_332540	0.243251625288306
Smp_332550	0.191048175708768
Smp_332560	0.0335175049073643
Smp_332570	0.0264653437277533
Smp_332580	0.116118807647074
Smp_332590	0.731198614153712
Smp_332600	0.101097665816537
Smp_332610	0.377040267755166
Smp_332620	0.0222295879281557
Smp_332630	0.0419523843956323
Smp_332640	1.20611453834466
Smp_332650	0.143938482804245
Smp_332660	0.00892873799414527
Smp_332670	1.34865042676351
Smp_332680	0.0146227314312508
Smp_332690	0.0845401315689639
Smp_332700	0.0135139611570326
Smp_332710	0.358888979623851
Smp_332720	0.0653901865912111
Smp_332740	0.0359796156943404
Smp_332750	0.0714073198362653
Smp_332780	0.0510747889043157
Smp_332790	0.041967817655638
Smp_332800	0.0500385700786049
Smp_332820	0.0606269768133709
Smp_332830	0.0249406032471706
Smp_332840	23
Smp_332850	0.218717375384055
Smp_332860	0.108913536138363
Smp_332870	0.0246483027627013
Smp_332880	0.0605646693045823
Smp_332890	0.0581742403558885
Smp_332900	0.0281004125661929
Smp_332910	0.0116817778234663
Smp_332920	0.0442763957370511
Smp_332930	0.106855361893299
Smp_332940	0.197543252210692
Smp_332950	0.00334304546424493
Smp_332960	0.374892921133919
Smp_332970	0.0402508102871992
Smp_332980	0.351285480770642
Smp_333000	0.514728918523746
Smp_333010	0.142928709045135
Smp_333030	0.0504712629940767
Smp_333040	0.0202359747574405
Smp_333050	0.0223775767606575
Smp_333070	0.171142405570382
Smp_333080	0.0175671058829815
Smp_333090	0.031923166514537
Smp_333100	0.0612163196241278
Smp_333120	0.122740711991329
Smp_333140	0.0562312247739268
Smp_333150	0.0093860608819185
Smp_333160	0.0226361933307645
Smp_333170	0.105796782805419
Smp_333180	0.34832500679254
Smp_333190	0.0251111859685013
Smp_333200	0.00656764294560172
Smp_333210	0.105502048147924
Smp_333230	0.155667946893579
Smp_333240	0.015994847369864
Smp_333250	0.490289322426083
Smp_333260	0.0813499534656755
Smp_333270	0.479222373806827
Smp_333290	0.0821151225055452
Smp_333300	0.157995893510446
Smp_333310	0.0379327693700764
Smp_333320	0.0629726837605523
Smp_333330	0.0953256629237624
Smp_333340	0.405499971644569
Smp_333350	0.0388903319756839
Smp_333360	1.00973744279997
Smp_333370	0.0415126784239559
Smp_333380	0.795304691312711
Smp_333390	0.231192787096245
Smp_333400	0.0268734877742178
Smp_333410	0.00947929074763258
Smp_333420	0.0342633901873176
Smp_333450	0.146127487286424
Smp_333460	0.0220449970441216
Smp_333470	0.0426255789214603
Smp_333480	0.0342445368852435
Smp_333490	0.0296782693768794
Smp_333500	0.0288289498073691
Smp_333510	0.00596609045771226
Smp_333520	0.138816513600828
Smp_333540	0.0297017580006015
Smp_333550	0.0133957929548922
Smp_333560	0.332187455678298
Smp_333570	0.0476987079166112
Smp_333580	0.139230489427872
Smp_333590	0.470466799160053
Smp_333600	0.159886467480244
Smp_333610	0.0443497714113292
Smp_333620	0.0128548127030712
Smp_333630	0.121992432444677
Smp_333640	0.0207482503643713
Smp_333650	0.188152877948364
Smp_333660	0.0361985880697468
Smp_333670	0.155298228576206
Smp_333680	0.0277730113258863
Smp_333690	3.74464937175847
Smp_333700	0.0313160144158748
Smp_333710	0.0233503964244284
Smp_333720	0.343932841932753
Smp_333730	0.0635967491854759
Smp_333740	0.343614803458274
Smp_333750	0.314718786392514
Smp_333760	0.16546405362956
Smp_333770	0.0471521322990744
Smp_333780	0.178106291972746
Smp_333790	0.341656748450963
Smp_333800	0.0215555920501481
Smp_333810	0.0504351063534361
Smp_333830	0.462288116196249
Smp_333840	0.256503525428361
Smp_333850	0.163302538140911
Smp_333860	0.206537436572692
Smp_333880	0.140411206963283
Smp_333890	0.0305052675445622
Smp_333900	0.0833162859350894
Smp_333910	0.00564287462388894
Smp_333920	0.0271743592269473
Smp_333940	0.0280972079281358
Smp_333950	0.0748141237440805
Smp_333960	0.0594065604609691
Smp_333970	0.0538803382995255
Smp_333980	0.329872340464451
Smp_333990	0.940924414711742
Smp_334000	0.240944749219691
Smp_334010	0.0178967343948779
Smp_334020	0.0098132629502133
Smp_334030	0.177949842564497
Smp_334040	0.18166295447717
Smp_334050	0.357826674601726
Smp_334060	0.0184186708292448
Smp_334080	0.0490010607130437
Smp_334100	0.0122171911770054
Smp_334110	0.0536173977084663
Smp_334120	0.105397594547147
Smp_334130	0.0573094801951935
Smp_334140	0.151656659783106
Smp_334150	0.374856609104905
Smp_334160	0.172182596259439
Smp_334180	0.214239387859063
Smp_334190	0.512987908245348
Smp_334200	0.021646416562769
Smp_334210	0.0713571853059696
Smp_334220	0.406178746523554
Smp_334230	0.071415256246948
Smp_334250	0.158405317749291
Smp_334260	0.0144282002891744
Smp_334280	0.0241988394806436
Smp_334290	0.0188674767240955
Smp_334300	0.0426626107480317
Smp_334310	0.0931809174944695
Smp_334320	0.0825016570078551
Smp_334330	0.136681830153114
Smp_334340	0.0728843278364907
Smp_334350	23
Smp_334360	0.347315689452063
Smp_334370	0.00561318563128466
Smp_334390	0.082384249081441
Smp_334400	0.472774293285443
Smp_334410	0.228268328112167
Smp_334415	0.568490677750377
Smp_334420	0.174745654426657
Smp_334430	0.0214948043846412
Smp_334440	0.0269011735636977
Smp_334450	0.0586362631371907
Smp_334460	0.229486892475722
Smp_334470	0.00924769565648224
Smp_334480	0.0869696948481085
Smp_334490	0.0807918121767401
Smp_334500	0.0467866218852822
Smp_334510	0.0678426035724436
Smp_334530	0.0345868960694412
Smp_334540	0.0147652916298541
Smp_334550	0.254203425479753
Smp_334560	1.57634431799133
Smp_334570	0.116438164326467
Smp_334580	0.0475277585559572
Smp_334600	0.270415588910812
Smp_334610	0.737277796504974
Smp_334620	1.12552343717573
Smp_334630	0.201386193339995
Smp_334650	0.812101025791053
Smp_334670	0.641983402635327
Smp_334680	0.267110504835633
Smp_334700	0.0444138916883459
Smp_334710	0.0527045692762852
Smp_334730	0.113576369640029
Smp_334740	0.288034730849488
Smp_334750	0.00780379613827938
Smp_334770	0.0107172245782381
Smp_334780	0.218938141446454
Smp_334790	0.164364521563561
Smp_334810	0.284089026386999
Smp_334820	1.90970400334852
Smp_334830	0.492957366493258
Smp_334850	0.506682589574777
Smp_334880	0.0199858324266427
Smp_334890	0.0927473469662006
Smp_334900	0.0491106232119664
Smp_334910	0.0729729671505695
Smp_334920	0.636277773792543
Smp_334940	0.865554400069203
Smp_334950	0.0488165303701536
Smp_334970	0.154205681937674
Smp_334980	0.124359221863165
Smp_334990	4.78345107892876
Smp_335010	0.00578437865560293
Smp_335020	0.126843145309483
Smp_335040	0.545916628083773
Smp_335050	1.39959750976395
Smp_335080	10.4773680559186
Smp_335110	0.0322278551960979
Smp_335120	0.177789134869734
Smp_335130	23
Smp_335135	0.40095501447463
Smp_335140	1.47222569072542
Smp_335150	0.180454986943136
Smp_335170	0.30623268792712
Smp_335180	0.204533287177082
Smp_335190	1.89599828286692
Smp_335200	0.411840696138155
Smp_335210	0.0527104812408356
Smp_335220	0.160173949381452
Smp_335280	0.0499774687916728
Smp_335300	0.040746796432796
Smp_335330	0.560011643978808
Smp_335340	0.0267147273875037
Smp_335350	0.0180410398380882
Smp_335370	0.113091024929674
Smp_335400	2.47041121935604
Smp_335530	0.0517406977915746
Smp_335550	13.3789049718723
Smp_335560	0.511619317414616
Smp_335570	0.118647401914444
Smp_335590	0.0424572319534191
Smp_335600	0.200863227388523
Smp_335610	1.27106785570064
Smp_335620	0.0428804011831138
Smp_335630	0.133581228683531
Smp_335650	2.76299038106175
Smp_335660	0.0753553732414348
Smp_335670	0.209001431510846
Smp_335675	0.0313318808363453
Smp_335690	5.15569195637443
Smp_335710	1.41534975484069
Smp_335720	0.170397456727502
Smp_335730	0.115775778457263
Smp_335750	0.0647605096176498
Smp_335760	0.10539012372135
Smp_335770	0.187660608569291
Smp_335780	1.46146635461394
Smp_335785	0.790055255876522
Smp_335800	23
Smp_335820	0.286294203354424
Smp_335830	0.010569729152253
Smp_335840	0.0421223752141767
Smp_335850	0.0952895626456564
Smp_335880	0.145133066668144
Smp_335890	0.45273939282329
Smp_335900	0.285913701002629
Smp_335930	1.29921403253465
Smp_335950	0.0873441859157438
Smp_335960	0.249033380945685
Smp_335980	0.163851160211685
Smp_335990	0.14903448898183
Smp_336010	0.328995777195727
Smp_336050	0.0284806297165991
Smp_336080	0.0532467985154651
Smp_336100	0.107688351667356
Smp_336110	0.572362811098263
Smp_336120	0.110408619608435
Smp_336130	2.56632666800536
Smp_336140	3.03140869806305
Smp_336150	0.127296008762155
Smp_336170	0.0669036684909694
Smp_336180	0.0436925549067333
Smp_336190	0.0855174272425634
Smp_336210	0.181535321636799
Smp_336230	0.417720641957872
Smp_336250	0.0155123292529939
Smp_336270	0.0684996930755524
Smp_336280	0.0187257082591602
Smp_336290	0.0902611054777994
Smp_336310	0.11457163176948
Smp_336320	0.0889531866942083
Smp_336330	0.0128944327439602
Smp_336340	0.0762296030918208
Smp_336350	0.0128004036811955
Smp_336360	0.0231205767186595
Smp_336365	0.0336055205138158
Smp_336370	0.339870397883083
Smp_336380	0.039466746701069
Smp_336610	0.251585149320134
Smp_336620	0.228331020277886
Smp_336630	0.306073882353781
Smp_336640	0.0835999669088563
Smp_336650	0.0511183393325883
Smp_336660	0.0183198390177115
Smp_336670	0.0803934728883833
Smp_336680	0.0504034838072144
Smp_336700	0.0228294584151624
Smp_336710	0.0188902411130406
Smp_336720	0.0973266186764869
Smp_336730	0.508697709469964
Smp_336740	0.877420243764232
Smp_336750	0.0457751096966733
Smp_336770	0.0236434199933592
Smp_336780	0.117219308003256
Smp_336790	0.0335447468986424
Smp_336800	0.119268536147276
Smp_336830	0.0688449816156793
Smp_336840	0.0524404074115045
Smp_336850	23
Smp_336870	0.0486587032550596
Smp_336880	0.775003495546979
Smp_336900	0.657641266406054
Smp_336990	0.531828213655918
Smp_337000	5.75660525809776
Smp_337010	0.0181169744662975
Smp_337040	0.0131179113622961
Smp_337060	0.38230755055907
Smp_337070	0.0763313934363588
Smp_337080	0.0165715969154868
Smp_337090	0.075189376689065
Smp_337100	0.194737809070309
Smp_337110	0.0242569519760819
Smp_337130	0.0163997529380689
Smp_337140	0.0175442889013718
Smp_337145	0.0261942851446395
Smp_337150	0.36717237086926
Smp_337190	0.0245565689974039
Smp_337200	0.0261483596745826
Smp_337210	3.22206125407758
Smp_337220	0.258957039131006
Smp_337230	0.0263132550468919
Smp_337240	0.162148365280619
Smp_337250	0.739505092436424
Smp_337260	0.192097417278401
Smp_337280	0.0818380235965445
Smp_337290	0.0568381701742439
Smp_337300	2.17648460080874
Smp_337310	5.31978022221046
Smp_337320	0.0145185480703515
Smp_337330	0.0581492340996202
Smp_337335	0.138065891520774
Smp_337340	0.0547517819748081
Smp_337350	0.274790880937019
Smp_337370	0.0352019394070602
Smp_337380	1.0409634609725
Smp_337390	0.144420667947877
Smp_337395	0.0880858467066763
Smp_337400	0.0061096658081546
Smp_337410	0.054897882233714
Smp_337420	0.0742944710891626
Smp_337425	0.0518243116272075
Smp_337430	0.0255025073692424
Smp_337440	0.214397470310792
Smp_337450	3.97404017856432
Smp_337460	0.0153572678806219
Smp_337470	0.0247684537957581
Smp_337480	0.0463225363243062
Smp_337490	0.044470291732061
Smp_337500	23
Smp_337510	0.239247111346265
Smp_337530	0.042696395782158
Smp_337540	6.62831429586276
Smp_337550	0.0217738290176793
Smp_337560	0.0466871546563561
Smp_337570	0.0704786183553759
Smp_337580	0.0911479601520192
Smp_337590	0.0207653933819677
Smp_337610	0.0358179674009304
Smp_337620	0.0268899876952427
Smp_337630	0.00871577323483349
Smp_337640	0.339599320237052
Smp_337650	0.0568528311942224
Smp_337660	0.0234620562366396
Smp_337730	0.282470797499193
Smp_337740	0.468699235374138
Smp_337750	0.0175919785979034
Smp_337760	0.0593821553908006
Smp_337770	0.0604366806215794
Smp_337780	0.018418422623384
Smp_337785	0.0337853803928712
Smp_337790	0.0600323240047814
Smp_337795	0.0641898340978647
Smp_337800	0.0202399227145968
Smp_337805	0.0155611085306795
Smp_337810	23
Smp_337820	23
Smp_337830	0.0190114472844641
Smp_337850	0.0116716525109115
Smp_337860	0.0114309392880652
Smp_337870	0.0515415240053678
Smp_337875	0.11012151980777
Smp_337880	0.33148215774943
Smp_337890	0.352285674206866
Smp_337900	1.29557941451856
Smp_340010	1.86831329313212
Smp_340020	0.0202894055164708
Smp_340030	0.0174991375496499
Smp_340040	0.77095431296745
Smp_340050	0.0154112737483871
Smp_340060	0.210174451566317
Smp_340070	0.0230972833129644
Smp_340080	0.20085452491576
Smp_340090	0.0112980869404309
Smp_340100	0.0130177991770836
Smp_340110	0.0342534083038216
Smp_340120	0.0875139697210714
Smp_340130	0.301928669905188
Smp_340140	0.657443201871351
Smp_340150	0.0151213832466403
Smp_340160	0.618229230050693
Smp_340170	0.00702936670581495
Smp_340180	0.334474537018278
Smp_340190	0.1544277541163
Smp_340200	0.109740419103568
Smp_340210	0.137247035299894
Smp_340220	0.0404566300517649
Smp_340230	0.0298734588023158
Smp_340240	0.0142570062434943
Smp_340250	0.019137266421234
Smp_340260	0.030780683385841
Smp_340265	0.0254165422355832
Smp_340270	0.365157572810628
Smp_340280	0.144635932518276
Smp_340290	0.0121530121562915
Smp_340300	0.00662891703988199
Smp_340310	0.0617104198809987
Smp_340320	0.0269395358513506
Smp_340330	1.64455072588207
Smp_340340	0.179037243776032
Smp_340350	0.0299159999790885
Smp_340360	0.0324157503237609
Smp_340370	0.0108323833403222
Smp_340380	0.0398121523560071
Smp_340390	0.0485005115275908
Smp_340400	0.615004494400765
Smp_340410	0.0665226383759835
Smp_340420	0.0584260797139298
Smp_340430	0.00679068807024252
Smp_340440	0.0606922489866264
Smp_340450	0.0488013618395096
Smp_340460	0.0415872120433514
Smp_340470	0.0118333932434773
Smp_340480	0.102427434502102
Smp_340490	0.315227132256147
Smp_340500	0.00515392200139023
Smp_340510	0.0355521476454087
Smp_340520	0.00960220803561092
Smp_340530	0.0884791590497165
Smp_340540	0.046939117919296
Smp_340550	0.180726521888313
Smp_340560	0.256615087632335
Smp_340570	0.464986028859263
Smp_340580	0.0477944720200847
Smp_340590	0.011822371307113
Smp_340600	0.0480290255611356
Smp_340610	0.13532493136272
Smp_340620	0.113692500995809
Smp_340630	0.02188714359503
Smp_340650	0.0721825867607971
Smp_340660	0.745278267732251
Smp_340670	0.0859691673892101
Smp_340680	0.00661604732942627
Smp_340690	0.0650277276316608
Smp_340700	0.0080510116913661
Smp_340710	0.0252137442594538
Smp_340720	0.0130239320149564
Smp_340730	0.0091414571270592
Smp_340740	0.540810033893588
Smp_340750	0.038117993317312
Smp_340760	0.271886660875673
Smp_340770	0.148083527618391
Smp_340780	0.105201552638352
Smp_340790	0.00896383794641369
Smp_340800	0.141455475818093
Smp_340810	0.0504819353790803
Smp_340820	0.0197663998748863
Smp_340830	0.156272869201855
Smp_340840	1.53889362250594
Smp_340850	0.0170191364823865
Smp_340860	0.408689120217751
Smp_340870	0.0942667048047109
Smp_340880	0.0761253872410396
Smp_340890	0.353209256323987
Smp_340900	0.146861069051796
Smp_340910	0.00945257494407695
Smp_340920	0.0161644377640478
Smp_340930	1.05221353780867
Smp_340940	0.0412531323779491
Smp_340960	0.0202664014349808
Smp_340970	0.0143445889725321
Smp_340980	0.0208582213260513
Smp_340990	0.0420297180290391
Smp_341010	0.0540850826756158
Smp_341020	0.0108471886448846
Smp_341030	0.136397340803006
Smp_341040	0.0246481156951175
Smp_341050	0.0347281215396998
Smp_341060	0.0196488933870188
Smp_341070	0.0746821673579784
Smp_341080	0.0494186647166836
Smp_341090	0.0296379318316197
Smp_341100	0.00589746498783826
Smp_341110	0.0104773468979211
Smp_341120	0.0139713900115758
Smp_341140	0.130167226390468
Smp_341150	0.214767890081579
Smp_341160	0.0199918400543106
Smp_341170	0.00891102606804324
Smp_341180	0.00844485932499539
Smp_341190	0.281078218404769
Smp_341200	0.00365440733254567
Smp_341210	0.052115800375742
Smp_341220	0.0671598460866872
Smp_341230	0.0480651756848324
Smp_341240	0.0575761555309683
Smp_341260	0.0319386314692071
Smp_341270	0.0740899098998833
Smp_341280	0.0210627238005081
Smp_341290	0.195627954050991
Smp_341300	0.0112372260441671
Smp_341310	0.297454204796688
Smp_341320	0.0354307949679468
Smp_341330	0.0220921468480385
Smp_341340	0.836071142071485
Smp_341350	0.184191062800723
Smp_341360	0.0278274918137812
Smp_341370	0.0295865415486458
Smp_341380	0.243186569806381
Smp_341390	0.0470773208836408
Smp_341400	0.00938240732718399
Smp_341410	0.725286290283927
Smp_341420	0.0547132450034444
Smp_341430	0.0222884923005972
Smp_341440	0.0134813317870184
Smp_341450	0.0239626825940094
Smp_341460	0.202543243006924
Smp_341470	0.0347535408695458
Smp_341490	0.102530240506186
Smp_341500	0.8833284684717
Smp_341510	0.0118748974489803
Smp_341520	0.0470217374601038
Smp_341530	0.0369534655484715
Smp_341540	11.2818870415204
Smp_341550	0.0242903692128514
Smp_341560	0.164809259176791
Smp_341570	0.00792540562657219
Smp_341580	0.00917107245285878
Smp_341590	0.0239452047070732
Smp_341600	0.13111481082048
Smp_341610	23
Smp_341620	0.0384675962268834
Smp_341630	0.0332155731444148
Smp_341640	0.199396415270072
Smp_341650	0.00983756176924382
Smp_341660	0.0124399695024903
Smp_341670	0.257442993049377
Smp_341680	0.00789236843713321
Smp_341690	0.0214619505260673
Smp_341700	0.0287037258974438
Smp_341710	7.0928355786765
Smp_341720	0.0166202244638998
Smp_341730	0.0524098476323343
Smp_341740	0.0149581814210975
Smp_341750	0.0447829228714822
Smp_341760	6.84611823273264
Smp_341770	0.0255160461773127
Smp_341780	1.23980943008421
Smp_341790	0.72241501699514
Smp_341800	0.0269468596827975
Smp_341810	0.0342372048382977
Smp_341820	1.8534696082474
Smp_341830	0.0586568463300615
Smp_341840	0.0164968691871244
Smp_341850	0.781665873383034
Smp_341860	0.017103511128542
Smp_341870	0.0101215955024903
Smp_341880	0.156508249567128
Smp_341890	0.0117290006478662
Smp_341900	0.43816816116076
Smp_341910	0.46668487619477
Smp_341920	0.0373612590446453
Smp_341930	0.392997627647302
Smp_341940	0.52956610203507
Smp_341950	0.0373206896713276
Smp_341960	0.138210650788082
Smp_341970	0.0919673414430555
Smp_341980	0.00562829527079766
Smp_341990	0.0215982117884197
Smp_342000	0.122701815209164
Smp_342010	0.124403254560466
Smp_342020	0.0991557689645095
Smp_342030	0.0293736326002222
Smp_342040	0.529461087373561
Smp_342050	0.375946646372822
Smp_342060	0.0543072917267355
Smp_342070	0.0243769450274155
Smp_342080	0.229923993033152
Smp_342090	0.0606748619125875
Smp_342100	0.0216731688673574
Smp_342110	0.332228420707691
Smp_342130	0.0209806344081407
Smp_342140	0.218933338282304
Smp_342150	0.0485571923472696
Smp_342160	0.0378469830416808
Smp_342170	0.0107405862477322
Smp_342180	0.0506335900810368
Smp_342190	0.270124080348957
Smp_342200	0.0143951214353201
Smp_342210	1.01351977853155
Smp_342230	0.0862468008857238
Smp_342240	0.0147032398799903
Smp_342250	0.0103809439599206
Smp_342260	0.0163954956718351
Smp_342270	0.158994323014087
Smp_342280	0.80578055692166
Smp_342290	0.0211210676868271
Smp_342300	0.149596860948447
Smp_342310	0.271435034092326
Smp_342320	0.38365383984103
Smp_342330	0.017776444240878
Smp_342340	0.419067320225295
Smp_342350	0.16235740082607
Smp_342360	0.0248313338647844
Smp_342370	0.337466405604576
Smp_342380	0.225463095389693
Smp_342390	1.77538819911414
Smp_342400	0.0124307303582624
Smp_342410	0.0567880514688913
Smp_342420	0.0589270291368075
Smp_342430	3.78057431043572
Smp_342440	0.0512931148053626
Smp_342450	0.140546683675668
Smp_342460	0.413607542276404
Smp_342470	0.0359827793137298
Smp_342480	0.0671843172565781
Smp_342490	0.0310117440695413
Smp_342500	0.0547842479841112
Smp_342510	0.106000959945623
Smp_342520	0.116463107900332
Smp_342530	0.928968145988006
Smp_342540	0.293418621869829
Smp_342550	0.0511832686737037
Smp_342560	0.88729563960667
Smp_342570	0.0146474437758035
Smp_342580	0.0942792438832697
Smp_342590	0.0144277637336162
Smp_342600	0.0333185835240871
Smp_342610	0.0141138219013837
Smp_342620	0.03941651853384
Smp_342630	0.0349820545248301
Smp_342640	0.0911169570408729
Smp_342650	0.171032053030666
Smp_342660	0.142146790637611
Smp_342670	0.133546591546089
Smp_342680	0.219069995008989
Smp_342690	0.0155254876142445
Smp_342700	0.0230849267952337
Smp_342710	0.0110553191113077
Smp_342720	0.093484916214766
Smp_342730	0.237426647290838
Smp_342740	0.0354042865451142
Smp_342750	0.0354923436959689
Smp_342760	0.233993449038986
Smp_342770	0.457740724329307
Smp_342780	0.0536976269897371
Smp_342790	0.686290228051695
Smp_342800	0.319840669531878
Smp_342810	0.72840488645866
Smp_342820	0.169495835756897
Smp_342830	0.117049667513761
Smp_342840	0.157879589955878
Smp_342850	0.167811022572274
Smp_342860	0.0784813760499717
Smp_342870	0.0429873475370512
Smp_342880	0.259332180282773
Smp_342890	0.293976179595169
Smp_342900	0.25368344058164
Smp_342910	0.0693304164511166
Smp_342920	0.0744049038019101
Smp_342930	0.0118499359805154
Smp_342940	0.235027582191157
Smp_342950	0.346188173601576
Smp_342960	0.0490035198465211
Smp_342970	0.0387811475151468
Smp_342980	0.0176119689874671
Smp_342990	0.151817361027205
Smp_343010	0.525047157303005
Smp_343020	0.357738641820693
Smp_343030	0.0429529284806071
Smp_343040	0.186127884764668
Smp_343050	0.0434964678596209
Smp_343060	1.0608496603436
Smp_343070	0.268675922965568
Smp_343080	0.586105778449111
Smp_343090	0.0352788396799547
Smp_343100	0.184071815448776
Smp_343110	0.0489615093688086
Smp_343120	0.266792152595092
Smp_343130	0.190910953355213
Smp_343140	1.49675776410238
Smp_343150	0.0110204362358495
Smp_343160	0.319952014775267
Smp_343170	0.143375078456253
Smp_343180	0.0583315892171108
Smp_343190	0.0259369915113332
Smp_343200	0.0213090712845748
Smp_343210	1.76079331271677
Smp_343220	0.0546077798392714
Smp_343230	0.0710911315891694
Smp_343240	0.0282294291072972
Smp_343250	0.0836417868573409
Smp_343260	0.221639986386896
Smp_343270	0.0367185219355172
Smp_343280	0.191618076307171
Smp_343290	0.0462010851686513
Smp_343300	0.0453820011952552
Smp_343310	0.171605721603884
Smp_343320	0.0258835562835596
Smp_343330	0.248745046479024
Smp_343340	0.145772017832386
Smp_343350	0.00881801760936201
Smp_343360	0.114069561294516
Smp_343370	0.199688693772999
Smp_343380	0.0186499827506315
Smp_343390	1.32398010757399
Smp_343400	0.149872770052383
Smp_343410	0.0587606347812517
Smp_343420	0.970130688515417
Smp_343430	0.0420811416536093
Smp_343440	0.033317154446127
Smp_343450	0.0193250918495086
Smp_343460	0.107708142112717
Smp_343470	0.0321919970998022
Smp_343480	4.15019153809501
Smp_343490	0.518821033338654
Smp_343500	0.0314998158447593
Smp_343510	0.844411534898247
Smp_343520	0.0564336526194621
Smp_343530	0.124771262557636
Smp_343540	0.072678236023159
Smp_343550	0.233429224401273
Smp_343560	0.154269827926787
Smp_343570	0.0167643694556083
Smp_343580	0.0684373164979629
Smp_343590	0.122443901144334
Smp_343600	0.0375838868955216
Smp_343610	0.0175749503944527
Smp_343620	0.00860165318605415
Smp_343630	0.217069835011579
Smp_343640	0.0424333853306453
Smp_343650	0.0768657506188705
Smp_343660	0.0370380294244039
Smp_343670	0.141050428052058
Smp_343680	0.200509110855408
Smp_343690	0.145795816188652
Smp_343700	0.22855387799509
Smp_343710	0.175731646608961
Smp_343720	0.0231371064667589
Smp_343730	0.0376000230731213
Smp_343740	0.225522173912834
Smp_343750	0.0606317928494468
Smp_343760	0.0707670998218797
Smp_343770	0.246379289109874
Smp_343780	0.135120423801366
Smp_343790	0.0190897158037489
Smp_343800	0.250442382479055
Smp_343810	0.315666606142181
Smp_343820	0.0660313352286669
Smp_343830	0.170028880127917
Smp_343840	0.0870379119045622
Smp_343850	0.451436811739573
Smp_343860	0.0775518572767472
Smp_343870	0.0893060103958777
Smp_343880	0.059117741461327
Smp_343890	0.00979326120019474
Smp_343900	23
Smp_343910	0.0127942740526428
Smp_343920	0.447906059823894
Smp_343930	0.0709135955937328
Smp_343940	0.721205983463816
Smp_343950	0.267637283387598
Smp_343960	0.892590851088639
Smp_343970	0.185262143251058
Smp_343980	10.6926272733353
Smp_343990	0.256488895703
Smp_344000	0.200744597803035
Smp_344010	0.241661268758977
Smp_344020	0.179796160473052
Smp_344030	0.0355329971986852
Smp_344040	0.384727396820964
Smp_344050	0.431386690667394
Smp_344060	0.0733314043662554
Smp_344070	0.723881688239106
Smp_344080	0.0522328292014147
Smp_344090	0.0198490095728605
Smp_344100	0.357837298191164
Smp_344110	0.0126953965093106
Smp_344120	0.881077797186893
Smp_344130	0.184396195572025
Smp_344140	0.0225542005352322
Smp_344150	0.061793293780779
Smp_344160	0.0869327243497127
Smp_344170	0.0556805315064493
Smp_344180	0.271354596378416
Smp_344190	0.0442743255163429
Smp_344200	0.0139946553923256
Smp_344210	0.184020301267142
Smp_344220	0.224246852766822
Smp_344230	0.168019344250798
Smp_344240	0.0166173382417961
Smp_344250	0.0644175070312507
Smp_344270	0.0588389607354736
Smp_344280	0.0150202676663264
Smp_344290	0.0709665799548124
Smp_344300	0.884763078271389
Smp_344310	0.31974629290601
Smp_344320	0.0437766673758747
Smp_344330	0.24321784016628
Smp_344340	0.065991771512334
Smp_344350	0.0379551193103063
Smp_344360	1.65052835053101
Smp_344370	0.075991792084273
Smp_344380	0.0694530971039111
Smp_344390	0.224041511789944
Smp_344400	0.249842519646385
Smp_344410	0.168206178223813
Smp_344420	0.283278794135731
Smp_344430	0.00560343894851332
Smp_344440	0.0325881729230233
Smp_344450	0.125661084376964
Smp_344460	0.264344169841169
Smp_344480	0.749231988498047
Smp_344490	0.048349346264138
Smp_344500	0.111497646851397
Smp_344510	0.0246480723955504
Smp_344520	0.236686047286453
Smp_344530	0.234572819816238
Smp_344540	0.0458142257774139
Smp_344550	0.137880444441017
Smp_344560	0.0239812580392505
Smp_344570	0.432679710893548
Smp_344580	0.0662144528403935
Smp_344590	0.325605519661896
Smp_344600	0.0137242467114962
Smp_344610	0.834719156601889
Smp_344620	0.597340680732104
Smp_344630	0.0082792436986042
Smp_344640	0.859455495677194
Smp_344650	0.0442944280979466
Smp_344660	0.526234046724352
Smp_344680	0.0271337922921848
Smp_344690	0.0285233867982488
Smp_344710	0.0558877876641836
Smp_344720	0.0554324895601208
Smp_344730	0.48561091038619
Smp_344740	0.0609522745689606
Smp_344750	0.217767671650794
Smp_344760	0.625312001764118
Smp_344770	0.049461182981072
Smp_344780	0.172732311565885
Smp_344800	0.394038575031959
Smp_344810	0.360958887692309
Smp_344820	0.385404346721841
Smp_344830	23
Smp_344840	0.076354722598182
Smp_344850	0.0837204102950911
Smp_344860	0.578905273709174
Smp_344870	0.176492252715326
Smp_344880	0.15367986337687
Smp_344890	0.685705893596808
Smp_344900	0.0165110018957299
Smp_344910	0.312549672837056
Smp_344920	0.0120280426333094
Smp_344930	0.12939588579067
Smp_344940	0.0589958750612052
Smp_344950	0.254605217470809
Smp_344960	0.0146829445066565
Smp_344970	0.0904249255199417
Smp_344980	0.0531886268638425
Smp_344990	0.0207724147415483
Smp_345000	0.0134284304381237
Smp_345010	0.0359824603548418
Smp_345020	0.157518145656901
Smp_345030	0.0216237366721366
Smp_345040	0.35760383659807
Smp_345050	0.218425383473608
Smp_345060	1.94618336707859
Smp_345070	0.119381981320442
Smp_345080	0.0489827485568604
Smp_345090	0.32555937253618
Smp_345100	0.137919840409915
Smp_345110	0.352275759987932
Smp_345120	0.131098936010916
Smp_345130	0.709299073198427
Smp_345140	0.0233502073521547
Smp_345150	0.114989883048712
Smp_345160	0.0325430349904547
Smp_345170	0.0790374551374292
Smp_345180	0.0736181250185794
Smp_345190	0.689674665080842
Smp_345210	0.145365369027791
Smp_345220	0.139084160053146
Smp_345230	0.0134963131304505
Smp_345240	0.19885758786658
Smp_345250	0.208703616189398
Smp_345260	0.00656187120647439
Smp_345270	0.0125918816058274
Smp_345280	0.14732841858055
Smp_345290	9.00690299578549
Smp_345300	0.0491275172170996
Smp_345310	0.704220413468923
Smp_345320	0.0454795260787149
Smp_345330	0.0653799307731356
Smp_345340	0.0217419499985471
Smp_345350	0.0154887261454392
Smp_345360	0.252675435235046
Smp_345370	0.0466628487956415
Smp_345380	0.117807565783794
Smp_345390	0.260252967166157
Smp_345400	0.0320733273090185
Smp_345410	0.00732522709452555
Smp_345420	0.0812596026496992
Smp_345430	0.109307013235043
Smp_345440	0.0581386213131813
Smp_345450	0.025719687245982
Smp_345460	0.0213615742732495
Smp_345470	0.111066359842184
Smp_345480	0.272144781593009
Smp_345490	0.0828592248327617
Smp_345500	0.142330567777169
Smp_345510	0.0433188805335742
Smp_345520	0.0289469901919102
Smp_345530	0.0574312022140247
Smp_345540	0.00739756192005005
Smp_345550	0.0308422437872705
Smp_345560	0.0221808796681636
Smp_345565	0.0151691331255814
Smp_345570	0.027867429963858
Smp_345580	0.00722822953746946
Smp_345590	3.30454699024437
Smp_345600	0.0476582906470169
Smp_345610	0.782441300016882
Smp_345620	0.0368801833590372
Smp_345630	0.0221850520269262
Smp_345640	0.107843135575146
Smp_345650	0.234584610657085
Smp_345660	0.150903695620041
Smp_345670	0.0136822485755485
Smp_345680	0.0855170277493206
Smp_345690	0.0940911062005273
Smp_345700	0.0148652301625333
Smp_345710	0.0117528902723317
Smp_345720	0.0924218520392667
Smp_345730	2.33357495347302
Smp_345740	0.0728362245289415
Smp_345750	1.58194043348766
Smp_345760	0.234748144115417
Smp_345770	0.0278033523435335
Smp_345780	0.0201076339827441
Smp_345800	0.16396780118065
Smp_345810	0.0458204743311974
Smp_345820	0.223346788809528
Smp_345830	0.0460165592743565
Smp_345840	0.0186078115584802
Smp_345850	0.536485372282877
Smp_345860	0.00351797316735766
Smp_345870	0.0144526354940758
Smp_345880	0.0482112816668495
Smp_345885	0.0969013594988382
Smp_345890	0.209094408066634
Smp_345900	0.169569234261454
Smp_345910	0.0853250102967988
Smp_345920	0.00999451628706843
Smp_345930	0.456467023884517
Smp_345940	0.0457573762010199
Smp_345950	0.0197408492876059
Smp_345960	0.0698705736127916
Smp_345970	0.0906610269134173
Smp_345980	0.344185521404507
Smp_345990	0.531585548103423
Smp_346000	0.183247361170622
Smp_346010	0.032853649012525
Smp_346020	0.0717341379145419
Smp_346030	0.0375083123068847
Smp_346040	0.0643494445908119
Smp_346050	0.112652902581722
Smp_346060	0.231055581730401
Smp_346070	0.370514296919067
Smp_346080	0.364655045759881
Smp_346090	0.0226271059053275
Smp_346100	8.18571567666506
Smp_346110	0.345551906745139
Smp_346120	0.47708204633453
Smp_346130	0.319049625519983
Smp_346140	0.759208505051912
Smp_346150	0.221769864460972
Smp_346160	0.0197915763902157
Smp_346170	0.848271554359898
Smp_346180	0.0134683092618178
Smp_346190	0.0330835002028187
Smp_346200	0.0224641540859545
Smp_346220	0.0962267457864947
Smp_346230	0.0269902061749793
Smp_346240	0.314007490535191
Smp_346250	0.070367261486033
Smp_346260	0.0339036748289138
Smp_346270	0.0136225299895876
Smp_346280	0.0815956613458287
Smp_346290	0.0745403043931591
Smp_346300	0.140019489738225
Smp_346310	0.189141020393695
Smp_346320	0.0523581075687432
Smp_346330	0.0855331616440332
Smp_346340	0.0162090714646893
Smp_346350	0.00575631293429588
Smp_346360	0.0132664354661428
Smp_346370	1.09741479437046
Smp_346380	0.0414361142583022
Smp_346390	0.0203215508302295
Smp_346400	0.0355937633695935
Smp_346410	0.264545594295392
Smp_346420	0.948169817233878
Smp_346430	0.252331827759265
Smp_346440	0.078537879454606
Smp_346450	0.0345969411828199
Smp_346460	0.16896702612052
Smp_346470	0.0699720281654901
Smp_346480	0.0255069138671941
Smp_346490	0.0283137252942762
Smp_346500	0.229347257956563
Smp_346510	0.163632606955487
Smp_346520	0.0576476284208638
Smp_346530	0.041835269176196
Smp_346540	0.0570867733142592
Smp_346550	0.319415990043111
Smp_346570	0.0312926039906225
Smp_346580	0.145654311420886
Smp_346585	0.222796901215791
Smp_346590	0.0133344897578132
Smp_346610	0.331595844580812
Smp_346620	1.43844710662034
Smp_346630	0.398472697995206
Smp_346640	0.0180901114201165
Smp_346650	0.0165473988216566
Smp_346660	0.0257501609991323
Smp_346670	0.022941857896357
Smp_346680	0.104116085560294
Smp_346690	0.074932524044328
Smp_346700	0.230568695195732
Smp_346720	0.0235896901523522
Smp_346730	8.62310501485148
Smp_346750	0.0265284552285137
Smp_346760	0.0517186686890498
Smp_346770	0.790542252184718
Smp_346780	0.288742770951581
Smp_346790	0.100316609275891
Smp_346800	0.509404572656872
Smp_346810	0.0224243730334799
Smp_346820	8.10220542324091
Smp_346830	0.0188919907470588
Smp_346840	0.0100628432812863
Smp_346850	1.32721843816267
Smp_346860	0.162214140189885
Smp_346880	0.12671412010101
Smp_346890	0.00735267096845503
Smp_346900	0.366316712244796
Smp_346910	0.270782789350432
Smp_346920	0.189395160025046
Smp_346930	0.0344349138176351
Smp_346940	0.0308047071911487
Smp_346950	2.15376918807373
Smp_346960	2.6149807718454
Smp_346970	0.00673462838230521
Smp_346980	0.0158493536330566
Smp_346990	0.0312940785480685
Smp_347000	0.262409396157678
Smp_347010	0.0184856163210639
Smp_347020	0.00598146861390233
Smp_347030	0.217753677415387
Smp_347040	0.0112799388076969
Smp_347050	0.0120030729996926
Smp_347060	0.0412596724606619
Smp_347070	0.0338172177768909
Smp_347080	0.0292823393138446
Smp_347090	0.289361495506896
Smp_347100	0.0967327348045825
Smp_347110	0.0971759870501034
Smp_347120	0.181505260092632
Smp_347130	1.09164305657356
Smp_347140	0.00658932507547354
Smp_347150	0.498682643145228
Smp_347160	0.0170068905918383
Smp_347170	0.0399291547131601
Smp_347180	0.7279738624742
Smp_347190	0.0368460772681592
Smp_347200	0.0221822661010614
Smp_347210	0.0573768824002267
Smp_347220	0.226590224115132
Smp_347230	0.0594544107725928
Smp_347240	0.0370698191517037
Smp_347250	0.0623557642029494
Smp_347260	0.427787323790047
Smp_347270	0.09830489150335
Smp_347280	0.154666050059312
Smp_347290	0.0624475613351518
Smp_347300	0.0442326280203819
Smp_347310	0.0500483981173096
Smp_347330	0.0119162023079817
Smp_347340	0.00972391033897673
Smp_347350	0.0102795886142135
Smp_347360	0.0135198656921253
Smp_347370	3.57131832114656
Smp_347380	0.0140591173041611
Smp_347390	0.124363484080282
Smp_347400	0.0384144245119868
Smp_347410	0.0804960984647054
Smp_347420	0.0216480884385163
Smp_347430	0.0580615673982709
Smp_347450	0.345189471997525
Smp_347460	0.377146754642525
Smp_347470	2.94904687002608
Smp_347480	0.0445512566356298
Smp_347490	23
Smp_347500	0.117108987280382
Smp_347510	0.0608761953631667
Smp_347520	1.09054632644801
Smp_347530	0.0800735757746487
Smp_347540	0.436622697791559
Smp_347550	0.275439377168517
Smp_347560	0.276293303637988
Smp_347570	0.0150772066166589
Smp_347580	1.49730726636007
Smp_347590	0.0183803734857284
Smp_347600	0.174453719810068
Smp_347610	0.221062816051141
Smp_347620	0.247751539788211
Smp_347630	0.149440561157313
Smp_347640	0.0296823678841581
Smp_347650	0.270307861496312
Smp_347660	0.0468422924929179
Smp_347670	0.0577659665892332
Smp_347680	0.0225730201392851
Smp_347690	0.532132495678914
Smp_347700	0.0362000004682351
Smp_347710	0.859013768872313
Smp_347720	0.0467351622311228
Smp_347730	0.135004650544942
Smp_347740	0.292490954060562
Smp_347760	0.01536435851865
Smp_347770	0.432019757484754
Smp_347780	0.143499956656634
Smp_347790	0.228245221274133
Smp_347800	0.147850440730165
Smp_347810	0.0569806334484233
Smp_347820	0.0564451378931805
Smp_347830	0.00803517716653058
Smp_347840	0.384212200554722
Smp_347860	0.0169893692708083
Smp_347870	1.308254401786
Smp_347880	0.121553617516974
Smp_347890	1.48725223925785
Smp_347900	0.272679324168886
Smp_347910	0.0131833847780519
Smp_347920	0.125835446389752
Smp_347930	0.0375746296475182
Smp_347940	0.020091511650282
Smp_347950	0.186943094111432
Smp_347960	0.032735891625548
Smp_347990	0.0533787088812736
Smp_348010	11.8012411884487
Smp_348050	23
Smp_348070	0.380970281534677
Smp_348090	0.148481165846656
Smp_348100	0.119119704332509
Smp_348200	16.2808553908369
Smp_348210	0.0588891805782577
Smp_348220	0.136037764207873
Smp_348230	0.0704867290871907
Smp_348240	2.63590025520113
Smp_348250	0.35214487816212
Smp_348260	0.0825641791808679
Smp_348270	0.41849546787295
Smp_348300	23
Smp_348320	0.301444789916691
Smp_348330	0.481535822503142
Smp_348340	0.0449404814066171
Smp_348400	0.123624219312735
Smp_348460	5.14783786508128
Smp_348500	0.191022084432991
Smp_348510	0.295691619512499
Smp_348520	0.187413283132141
Smp_348540	0.320718463207057
Smp_348610	0.915887315550142
Smp_348670	2.96484720127374
Smp_348710	2.10575316214999
Smp_348730	1.91992586092168
Smp_348770	3.35350909106576
Smp_348790	1.86807954239877
Smp_348800	1.52474195107963
Smp_348810	1.73403519277736
Smp_348820	1.60192117051769
Smp_348830	1.48412342283916
Smp_348840	1.4625946580124
Smp_348850	1.72803311480433
Smp_348860	2.00647946309169
Smp_348910	1.19692921672184
Smp_348930	2.33740783224308
Smp_348940	8.60112072139532
Smp_348950	0.097338544778493
Smp_349010	0.0518012096959502
Smp_349020	0.0469259240218578
Smp_349030	0.0129477460602169
Smp_349040	0.0249856123266787
Smp_349050	0.509343920609161
Smp_349070	10.0128040732281
Smp_349100	1.50081141667073
Smp_349110	0.355186775342784
Smp_349130	0.0387230363232399
Smp_349140	3.2044017771297
Smp_349150	23
Smp_349160	6.30911829796589
Smp_349170	1.50876962280729
Smp_349200	2.11898557921609
Smp_349210	0.380353864305106
Smp_349240	0.537999521920921
Smp_349250	6.28447487027495
Smp_349260	15.0889115034729
Smp_349270	23
Smp_349300	23
Smp_349320	23
Smp_349330	0.364904504546469
Smp_349340	1.57901913921501
Smp_349350	3.74998203651477
Smp_349370	1.60997846316855
Smp_349410	1.28914825608204
Smp_349420	0.0882875646737396
Smp_349440	0.160679383351856
Smp_349450	0.0491320180831435
Smp_349460	0.102738767692367
Smp_349470	0.896877596272438
Smp_349480	0.370521973462845
Smp_349490	0.0881258487304423
Smp_349500	0.778819469021269
Smp_349510	0.0248597964295841
Smp_349530	6.4129530420249
Smp_349540	0.235638024844603
Smp_349550	2.56983937374314
Smp_349560	12.8152975498267
Smp_349570	0.634219644804504
Smp_349580	0.0455839074773117
Smp_349590	0.569630129367724
Smp_349600	0.129710109222088
Smp_349610	0.101822436431985
Smp_349620	0.0785709227103163
Smp_349640	0.0394000719888246
Smp_349650	3.4486229879378
Smp_349660	0.0743956652440545
Smp_349670	19.4480566133218
Smp_349680	2.53462544519658
Smp_349690	23
Smp_349700	6.10688501880611
Smp_349720	4.394884769239
Smp_349750	1.19018604797657
Smp_349770	0.0440177968359091
Smp_349780	0.0679852592784538
Smp_349810	0.303297013157872
Smp_349820	23
Smp_349830	1.60143762552961
Smp_349850	0.0431343129053908
Smp_349860	0.808723079423464
Smp_349870	0.0495117847932136
Smp_349880	0.0462947515586811
Smp_349890	0.391918792020429
Smp_349900	0.0794853170026362
Smp_349910	0.0246608602494165
Smp_349920	0.0152100290575227
Smp_349930	2.32011342559466
Smp_349940	0.068431415521389
Smp_349950	0.183702004195091
Smp_349960	0.0105638841082761
Smp_349970	0.0598482635471586
Smp_349980	0.118302627131866
Smp_349990	0.0588689467113172
Smp_350000	0.257754779160101
Smp_350010	0.0330410609171026
Smp_350020	0.0302074127663105
Smp_350030	0.008402359481296
Smp_350040	0.0321929814816064
Smp_350050	23
Smp_350060	0.0906892704104998
Smp_350070	0.22197440084887
Smp_350080	1.17114491226371
Smp_350090	0.263152833667373
Smp_350100	23
Smp_350110	0.13177245682772
Smp_350120	0.465372750762331
Smp_350130	0.0156444116591418
Smp_350140	0.0222765043287591
Smp_350150	0.285341492945109
Smp_350160	0.595394642443081
Smp_350170	0.157492588938321
Smp_350180	1.26769310892918
Smp_350190	1.61852941566523
Smp_350200	0.00845818772665339
Smp_350210	0.247871011487775
Smp_350220	1.7482569125269
Smp_350240	2.19214512413034
Smp_350250	0.0599117182675322
Smp_350260	0.0278183727111742
Smp_350270	0.0614484235485434
Smp_350280	0.677379106963043
Smp_350290	0.963007052142999
Smp_350300	0.0716800745808653
Smp_350310	0.346315923589792
Smp_350320	1.587606447458
Smp_350330	0.703719521044176
Smp_350340	0.0617930834485893
Smp_350350	0.0494768767002452
Smp_350360	0.206007364013298
Smp_350370	0.0660626738589927
Smp_350380	0.0754347235065438
Smp_350390	0.0520614297291233
Smp_350400	0.0546624445215965
Smp_350410	0.0775355953403918
Smp_350430	0.0731107328082143
Smp_350440	4.67483012060629
Smp_350450	0.034757002459633
Smp_350480	0.0141638803389135
Smp_350490	0.157719302561457
Smp_350500	0.0877456419742812
Smp_350520	6.90532516226962
Smp_350530	3.7736188865893
Smp_900000	0.0885201687489147
Smp_900010	0.0615110372536219
Smp_900020	0.0923505249619171
Smp_900030	0.200172577700072
Smp_900040	0.229568738753665
Smp_900050	0.081226916415882
Smp_900060	0.0979131265262491
Smp_900070	0.0760711288358305
Smp_900080	0.0822873524573517
Smp_900090	0.0881631778101206
Smp_900100	0.199824994149592
Smp_900110	0.190623160215243
