dataset	sample_id	run_accession	biosample	secondary_biosample	experiment_accession	technical_unit	library_name	library_layout	fastq_1_url	fastq_2_url	fastq_1_md5	fastq_2_md5	fastq_1_bytes	fastq_2_bytes	read_count	base_count	ena_first_public	ena_query_url
PRJEB14695	ovary_single_sex_r1	ERR506071	SAMEA2395931	ERS420088	ERX471428	technical_run_1	9645643	PAIRED	https://ftp.sra.ebi.ac.uk/vol1/fastq/ERR506/ERR506071/ERR506071_1.fastq.gz	https://ftp.sra.ebi.ac.uk/vol1/fastq/ERR506/ERR506071/ERR506071_2.fastq.gz	85e192b10e636a1bfcf0748e6bcde381	333ef2e8486820bf3c05d9b3835d4eec	220486431	233501328	8089164	808916400	2014-05-19	https://www.ebi.ac.uk/ena/portal/api/filereport?accession=PRJEB14695&result=read_run&fields=study_accession%2Csecondary_study_accession%2Crun_accession%2Cexperiment_accession%2Csample_accession%2Csecondary_sample_accession%2Csample_alias%2Csample_title%2Csample_description%2Cexperiment_title%2Clibrary_name%2Clibrary_layout%2Clibrary_strategy%2Clibrary_source%2Clibrary_selection%2Cinstrument_platform%2Cinstrument_model%2Cfastq_ftp%2Cfastq_md5%2Cfastq_bytes%2Cread_count%2Cbase_count%2Cfirst_public&format=tsv&download=false
PRJEB14695	ovary_single_sex_r1	ERR506095	SAMEA2395931	ERS420088	ERX471452	technical_run_2	9645643	PAIRED	https://ftp.sra.ebi.ac.uk/vol1/fastq/ERR506/ERR506095/ERR506095_1.fastq.gz	https://ftp.sra.ebi.ac.uk/vol1/fastq/ERR506/ERR506095/ERR506095_2.fastq.gz	e20ed61504528bd7e6fb5a20d9d6a977	9502c6a0208f2a99e648ed2346e119d4	228638291	242795382	8360800	836080000	2014-05-19	https://www.ebi.ac.uk/ena/portal/api/filereport?accession=PRJEB14695&result=read_run&fields=study_accession%2Csecondary_study_accession%2Crun_accession%2Cexperiment_accession%2Csample_accession%2Csecondary_sample_accession%2Csample_alias%2Csample_title%2Csample_description%2Cexperiment_title%2Clibrary_name%2Clibrary_layout%2Clibrary_strategy%2Clibrary_source%2Clibrary_selection%2Cinstrument_platform%2Cinstrument_model%2Cfastq_ftp%2Cfastq_md5%2Cfastq_bytes%2Cread_count%2Cbase_count%2Cfirst_public&format=tsv&download=false
PRJEB14695	ovary_single_sex_r1	ERR667049	SAMEA2395931	ERS420088	ERX622537	technical_run_3	9645643	PAIRED	https://ftp.sra.ebi.ac.uk/vol1/fastq/ERR667/ERR667049/ERR667049_1.fastq.gz	https://ftp.sra.ebi.ac.uk/vol1/fastq/ERR667/ERR667049/ERR667049_2.fastq.gz	1484ed8db813b4e70e93b79cbaccb8b9	158812cb0b58108161639430bbdd8d50	358535423	389523813	11661160	1166116000	2014-11-04	https://www.ebi.ac.uk/ena/portal/api/filereport?accession=PRJEB14695&result=read_run&fields=study_accession%2Csecondary_study_accession%2Crun_accession%2Cexperiment_accession%2Csample_accession%2Csecondary_sample_accession%2Csample_alias%2Csample_title%2Csample_description%2Cexperiment_title%2Clibrary_name%2Clibrary_layout%2Clibrary_strategy%2Clibrary_source%2Clibrary_selection%2Cinstrument_platform%2Cinstrument_model%2Cfastq_ftp%2Cfastq_md5%2Cfastq_bytes%2Cread_count%2Cbase_count%2Cfirst_public&format=tsv&download=false
PRJEB14695	ovary_single_sex_r1	ERR667073	SAMEA2395931	ERS420088	ERX622561	technical_run_4	9645643	PAIRED	https://ftp.sra.ebi.ac.uk/vol1/fastq/ERR667/ERR667073/ERR667073_1.fastq.gz	https://ftp.sra.ebi.ac.uk/vol1/fastq/ERR667/ERR667073/ERR667073_2.fastq.gz	b588765324ba74ce8db21d0a347dfcac	329daa1422feca4f0959ec8cd2f02bdc	351333594	384016419	11634978	1163497800	2014-11-04	https://www.ebi.ac.uk/ena/portal/api/filereport?accession=PRJEB14695&result=read_run&fields=study_accession%2Csecondary_study_accession%2Crun_accession%2Cexperiment_accession%2Csample_accession%2Csecondary_sample_accession%2Csample_alias%2Csample_title%2Csample_description%2Cexperiment_title%2Clibrary_name%2Clibrary_layout%2Clibrary_strategy%2Clibrary_source%2Clibrary_selection%2Cinstrument_platform%2Cinstrument_model%2Cfastq_ftp%2Cfastq_md5%2Cfastq_bytes%2Cread_count%2Cbase_count%2Cfirst_public&format=tsv&download=false
PRJEB14695	ovary_single_sex_r1	ERR667097	SAMEA2395931	ERS420088	ERX622585	technical_run_5	9645643	PAIRED	https://ftp.sra.ebi.ac.uk/vol1/fastq/ERR667/ERR667097/ERR667097_1.fastq.gz	https://ftp.sra.ebi.ac.uk/vol1/fastq/ERR667/ERR667097/ERR667097_2.fastq.gz	497ea1fb11b3d6ec3d2ff28c0e215ad9	411646313edcdb7a1056c3a9f6adb0b9	349688702	382246736	11674378	1167437800	2014-11-04	https://www.ebi.ac.uk/ena/portal/api/filereport?accession=PRJEB14695&result=read_run&fields=study_accession%2Csecondary_study_accession%2Crun_accession%2Cexperiment_accession%2Csample_accession%2Csecondary_sample_accession%2Csample_alias%2Csample_title%2Csample_description%2Cexperiment_title%2Clibrary_name%2Clibrary_layout%2Clibrary_strategy%2Clibrary_source%2Clibrary_selection%2Cinstrument_platform%2Cinstrument_model%2Cfastq_ftp%2Cfastq_md5%2Cfastq_bytes%2Cread_count%2Cbase_count%2Cfirst_public&format=tsv&download=false
PRJEB14695	ovary_single_sex_r1	ERR667121	SAMEA2395931	ERS420088	ERX622609	technical_run_6	9645643	PAIRED	https://ftp.sra.ebi.ac.uk/vol1/fastq/ERR667/ERR667121/ERR667121_1.fastq.gz	https://ftp.sra.ebi.ac.uk/vol1/fastq/ERR667/ERR667121/ERR667121_2.fastq.gz	780dcc2fb422f616fd8e60ac18d90558	02974de472fb5b919afd825b96498cc5	341604183	372518340	11353038	1135303800	2014-11-04	https://www.ebi.ac.uk/ena/portal/api/filereport?accession=PRJEB14695&result=read_run&fields=study_accession%2Csecondary_study_accession%2Crun_accession%2Cexperiment_accession%2Csample_accession%2Csecondary_sample_accession%2Csample_alias%2Csample_title%2Csample_description%2Cexperiment_title%2Clibrary_name%2Clibrary_layout%2Clibrary_strategy%2Clibrary_source%2Clibrary_selection%2Cinstrument_platform%2Cinstrument_model%2Cfastq_ftp%2Cfastq_md5%2Cfastq_bytes%2Cread_count%2Cbase_count%2Cfirst_public&format=tsv&download=false
PRJEB14695	ovary_single_sex_r2	ERR506072	SAMEA2395932	ERS420089	ERX471429	technical_run_1	9645644	PAIRED	https://ftp.sra.ebi.ac.uk/vol1/fastq/ERR506/ERR506072/ERR506072_1.fastq.gz	https://ftp.sra.ebi.ac.uk/vol1/fastq/ERR506/ERR506072/ERR506072_2.fastq.gz	ed141b4a0a99812144b36a0fa23c1ea2	5ac00efbf2d2c217e75da20fefc44fc5	234539240	248570444	8818294	881829400	2014-05-19	https://www.ebi.ac.uk/ena/portal/api/filereport?accession=PRJEB14695&result=read_run&fields=study_accession%2Csecondary_study_accession%2Crun_accession%2Cexperiment_accession%2Csample_accession%2Csecondary_sample_accession%2Csample_alias%2Csample_title%2Csample_description%2Cexperiment_title%2Clibrary_name%2Clibrary_layout%2Clibrary_strategy%2Clibrary_source%2Clibrary_selection%2Cinstrument_platform%2Cinstrument_model%2Cfastq_ftp%2Cfastq_md5%2Cfastq_bytes%2Cread_count%2Cbase_count%2Cfirst_public&format=tsv&download=false
PRJEB14695	ovary_single_sex_r2	ERR506096	SAMEA2395932	ERS420089	ERX471453	technical_run_2	9645644	PAIRED	https://ftp.sra.ebi.ac.uk/vol1/fastq/ERR506/ERR506096/ERR506096_1.fastq.gz	https://ftp.sra.ebi.ac.uk/vol1/fastq/ERR506/ERR506096/ERR506096_2.fastq.gz	9dcc7a930c95dd855666f7d756fc89b1	94db038516e4877c3833523f84569e4e	243111913	258554834	9116202	911620200	2014-05-19	https://www.ebi.ac.uk/ena/portal/api/filereport?accession=PRJEB14695&result=read_run&fields=study_accession%2Csecondary_study_accession%2Crun_accession%2Cexperiment_accession%2Csample_accession%2Csecondary_sample_accession%2Csample_alias%2Csample_title%2Csample_description%2Cexperiment_title%2Clibrary_name%2Clibrary_layout%2Clibrary_strategy%2Clibrary_source%2Clibrary_selection%2Cinstrument_platform%2Cinstrument_model%2Cfastq_ftp%2Cfastq_md5%2Cfastq_bytes%2Cread_count%2Cbase_count%2Cfirst_public&format=tsv&download=false
PRJEB14695	ovary_single_sex_r2	ERR667050	SAMEA2395932	ERS420089	ERX622538	technical_run_3	9645644	PAIRED	https://ftp.sra.ebi.ac.uk/vol1/fastq/ERR667/ERR667050/ERR667050_1.fastq.gz	https://ftp.sra.ebi.ac.uk/vol1/fastq/ERR667/ERR667050/ERR667050_2.fastq.gz	24a9448475f503224826b13a88154817	3e3f7230141110cbee6e3b38db7b8573	381511897	416891080	12716838	1271683800	2014-11-04	https://www.ebi.ac.uk/ena/portal/api/filereport?accession=PRJEB14695&result=read_run&fields=study_accession%2Csecondary_study_accession%2Crun_accession%2Cexperiment_accession%2Csample_accession%2Csecondary_sample_accession%2Csample_alias%2Csample_title%2Csample_description%2Cexperiment_title%2Clibrary_name%2Clibrary_layout%2Clibrary_strategy%2Clibrary_source%2Clibrary_selection%2Cinstrument_platform%2Cinstrument_model%2Cfastq_ftp%2Cfastq_md5%2Cfastq_bytes%2Cread_count%2Cbase_count%2Cfirst_public&format=tsv&download=false
PRJEB14695	ovary_single_sex_r2	ERR667074	SAMEA2395932	ERS420089	ERX622562	technical_run_4	9645644	PAIRED	https://ftp.sra.ebi.ac.uk/vol1/fastq/ERR667/ERR667074/ERR667074_1.fastq.gz	https://ftp.sra.ebi.ac.uk/vol1/fastq/ERR667/ERR667074/ERR667074_2.fastq.gz	ab1f740c47eb81145b05c1289a49e004	bbc52c6cf2ca1d83fbe8d072848e29d8	373105164	410117761	12671106	1267110600	2014-11-04	https://www.ebi.ac.uk/ena/portal/api/filereport?accession=PRJEB14695&result=read_run&fields=study_accession%2Csecondary_study_accession%2Crun_accession%2Cexperiment_accession%2Csample_accession%2Csecondary_sample_accession%2Csample_alias%2Csample_title%2Csample_description%2Cexperiment_title%2Clibrary_name%2Clibrary_layout%2Clibrary_strategy%2Clibrary_source%2Clibrary_selection%2Cinstrument_platform%2Cinstrument_model%2Cfastq_ftp%2Cfastq_md5%2Cfastq_bytes%2Cread_count%2Cbase_count%2Cfirst_public&format=tsv&download=false
PRJEB14695	ovary_single_sex_r2	ERR667098	SAMEA2395932	ERS420089	ERX622586	technical_run_5	9645644	PAIRED	https://ftp.sra.ebi.ac.uk/vol1/fastq/ERR667/ERR667098/ERR667098_1.fastq.gz	https://ftp.sra.ebi.ac.uk/vol1/fastq/ERR667/ERR667098/ERR667098_2.fastq.gz	99f9aec9de1dd6d0d62be54e39e4a9fe	4f837f76d221d8c691d8f09bb4a6b71c	371556810	408783029	12728518	1272851800	2014-11-04	https://www.ebi.ac.uk/ena/portal/api/filereport?accession=PRJEB14695&result=read_run&fields=study_accession%2Csecondary_study_accession%2Crun_accession%2Cexperiment_accession%2Csample_accession%2Csecondary_sample_accession%2Csample_alias%2Csample_title%2Csample_description%2Cexperiment_title%2Clibrary_name%2Clibrary_layout%2Clibrary_strategy%2Clibrary_source%2Clibrary_selection%2Cinstrument_platform%2Cinstrument_model%2Cfastq_ftp%2Cfastq_md5%2Cfastq_bytes%2Cread_count%2Cbase_count%2Cfirst_public&format=tsv&download=false
PRJEB14695	ovary_single_sex_r2	ERR667122	SAMEA2395932	ERS420089	ERX622610	technical_run_6	9645644	PAIRED	https://ftp.sra.ebi.ac.uk/vol1/fastq/ERR667/ERR667122/ERR667122_1.fastq.gz	https://ftp.sra.ebi.ac.uk/vol1/fastq/ERR667/ERR667122/ERR667122_2.fastq.gz	e73588d0d90a0d464eeeb43465884d86	36aca41f281e2b6908a4b0fc1707a916	363283390	398505744	12382112	1238211200	2014-11-04	https://www.ebi.ac.uk/ena/portal/api/filereport?accession=PRJEB14695&result=read_run&fields=study_accession%2Csecondary_study_accession%2Crun_accession%2Cexperiment_accession%2Csample_accession%2Csecondary_sample_accession%2Csample_alias%2Csample_title%2Csample_description%2Cexperiment_title%2Clibrary_name%2Clibrary_layout%2Clibrary_strategy%2Clibrary_source%2Clibrary_selection%2Cinstrument_platform%2Cinstrument_model%2Cfastq_ftp%2Cfastq_md5%2Cfastq_bytes%2Cread_count%2Cbase_count%2Cfirst_public&format=tsv&download=false
PRJEB14695	ovary_mixed_sex_r1	ERR506073	SAMEA2395933	ERS420090	ERX471430	technical_run_1	9645645	PAIRED	https://ftp.sra.ebi.ac.uk/vol1/fastq/ERR506/ERR506073/ERR506073_1.fastq.gz	https://ftp.sra.ebi.ac.uk/vol1/fastq/ERR506/ERR506073/ERR506073_2.fastq.gz	c616981ff5f01b5974ebd135c472fecf	6571ff0a3a2314ffe29d58cf9935fdc9	277878253	290904719	10720260	1072026000	2014-05-19	https://www.ebi.ac.uk/ena/portal/api/filereport?accession=PRJEB14695&result=read_run&fields=study_accession%2Csecondary_study_accession%2Crun_accession%2Cexperiment_accession%2Csample_accession%2Csecondary_sample_accession%2Csample_alias%2Csample_title%2Csample_description%2Cexperiment_title%2Clibrary_name%2Clibrary_layout%2Clibrary_strategy%2Clibrary_source%2Clibrary_selection%2Cinstrument_platform%2Cinstrument_model%2Cfastq_ftp%2Cfastq_md5%2Cfastq_bytes%2Cread_count%2Cbase_count%2Cfirst_public&format=tsv&download=false
PRJEB14695	ovary_mixed_sex_r1	ERR506097	SAMEA2395933	ERS420090	ERX471454	technical_run_2	9645645	PAIRED	https://ftp.sra.ebi.ac.uk/vol1/fastq/ERR506/ERR506097/ERR506097_1.fastq.gz	https://ftp.sra.ebi.ac.uk/vol1/fastq/ERR506/ERR506097/ERR506097_2.fastq.gz	3ae6b29ca05826f74e7bc678f8cef96e	d9f9a04c872f592b1da959ee2924f73d	288616787	303240593	11082190	1108219000	2014-05-19	https://www.ebi.ac.uk/ena/portal/api/filereport?accession=PRJEB14695&result=read_run&fields=study_accession%2Csecondary_study_accession%2Crun_accession%2Cexperiment_accession%2Csample_accession%2Csecondary_sample_accession%2Csample_alias%2Csample_title%2Csample_description%2Cexperiment_title%2Clibrary_name%2Clibrary_layout%2Clibrary_strategy%2Clibrary_source%2Clibrary_selection%2Cinstrument_platform%2Cinstrument_model%2Cfastq_ftp%2Cfastq_md5%2Cfastq_bytes%2Cread_count%2Cbase_count%2Cfirst_public&format=tsv&download=false
PRJEB14695	ovary_mixed_sex_r1	ERR667051	SAMEA2395933	ERS420090	ERX622539	technical_run_3	9645645	PAIRED	https://ftp.sra.ebi.ac.uk/vol1/fastq/ERR667/ERR667051/ERR667051_1.fastq.gz	https://ftp.sra.ebi.ac.uk/vol1/fastq/ERR667/ERR667051/ERR667051_2.fastq.gz	b98178565505e6584f1cdf08741411e8	5136b7d7721619d26943cdb4b90edea2	462247134	504321834	15648074	1564807400	2014-11-04	https://www.ebi.ac.uk/ena/portal/api/filereport?accession=PRJEB14695&result=read_run&fields=study_accession%2Csecondary_study_accession%2Crun_accession%2Cexperiment_accession%2Csample_accession%2Csecondary_sample_accession%2Csample_alias%2Csample_title%2Csample_description%2Cexperiment_title%2Clibrary_name%2Clibrary_layout%2Clibrary_strategy%2Clibrary_source%2Clibrary_selection%2Cinstrument_platform%2Cinstrument_model%2Cfastq_ftp%2Cfastq_md5%2Cfastq_bytes%2Cread_count%2Cbase_count%2Cfirst_public&format=tsv&download=false
PRJEB14695	ovary_mixed_sex_r1	ERR667075	SAMEA2395933	ERS420090	ERX622563	technical_run_4	9645645	PAIRED	https://ftp.sra.ebi.ac.uk/vol1/fastq/ERR667/ERR667075/ERR667075_1.fastq.gz	https://ftp.sra.ebi.ac.uk/vol1/fastq/ERR667/ERR667075/ERR667075_2.fastq.gz	dad04f8eeb49e0315ff1ac95150e9899	9bca4531da1b41f8c1a8cccacc43021c	452120402	496250507	15613368	1561336800	2014-11-04	https://www.ebi.ac.uk/ena/portal/api/filereport?accession=PRJEB14695&result=read_run&fields=study_accession%2Csecondary_study_accession%2Crun_accession%2Cexperiment_accession%2Csample_accession%2Csecondary_sample_accession%2Csample_alias%2Csample_title%2Csample_description%2Cexperiment_title%2Clibrary_name%2Clibrary_layout%2Clibrary_strategy%2Clibrary_source%2Clibrary_selection%2Cinstrument_platform%2Cinstrument_model%2Cfastq_ftp%2Cfastq_md5%2Cfastq_bytes%2Cread_count%2Cbase_count%2Cfirst_public&format=tsv&download=false
PRJEB14695	ovary_mixed_sex_r1	ERR667099	SAMEA2395933	ERS420090	ERX622587	technical_run_5	9645645	PAIRED	https://ftp.sra.ebi.ac.uk/vol1/fastq/ERR667/ERR667099/ERR667099_1.fastq.gz	https://ftp.sra.ebi.ac.uk/vol1/fastq/ERR667/ERR667099/ERR667099_2.fastq.gz	27b020cdb8d366513412cd1ac0e8f8c6	6edef7e542418e6ff6debf0f5a126a08	448071424	492185394	15591802	1559180200	2014-11-04	https://www.ebi.ac.uk/ena/portal/api/filereport?accession=PRJEB14695&result=read_run&fields=study_accession%2Csecondary_study_accession%2Crun_accession%2Cexperiment_accession%2Csample_accession%2Csecondary_sample_accession%2Csample_alias%2Csample_title%2Csample_description%2Cexperiment_title%2Clibrary_name%2Clibrary_layout%2Clibrary_strategy%2Clibrary_source%2Clibrary_selection%2Cinstrument_platform%2Cinstrument_model%2Cfastq_ftp%2Cfastq_md5%2Cfastq_bytes%2Cread_count%2Cbase_count%2Cfirst_public&format=tsv&download=false
PRJEB14695	ovary_mixed_sex_r1	ERR667123	SAMEA2395933	ERS420090	ERX622611	technical_run_6	9645645	PAIRED	https://ftp.sra.ebi.ac.uk/vol1/fastq/ERR667/ERR667123/ERR667123_1.fastq.gz	https://ftp.sra.ebi.ac.uk/vol1/fastq/ERR667/ERR667123/ERR667123_2.fastq.gz	0da8bc9751a6587d7df2734605a50e7c	7f099abec979b86cdc056b0a09895bb1	438789927	480480391	15195830	1519583000	2014-11-04	https://www.ebi.ac.uk/ena/portal/api/filereport?accession=PRJEB14695&result=read_run&fields=study_accession%2Csecondary_study_accession%2Crun_accession%2Cexperiment_accession%2Csample_accession%2Csecondary_sample_accession%2Csample_alias%2Csample_title%2Csample_description%2Cexperiment_title%2Clibrary_name%2Clibrary_layout%2Clibrary_strategy%2Clibrary_source%2Clibrary_selection%2Cinstrument_platform%2Cinstrument_model%2Cfastq_ftp%2Cfastq_md5%2Cfastq_bytes%2Cread_count%2Cbase_count%2Cfirst_public&format=tsv&download=false
PRJEB14695	ovary_mixed_sex_r2	ERR506074	SAMEA2395934	ERS420091	ERX471431	technical_run_1	9645646	PAIRED	https://ftp.sra.ebi.ac.uk/vol1/fastq/ERR506/ERR506074/ERR506074_1.fastq.gz	https://ftp.sra.ebi.ac.uk/vol1/fastq/ERR506/ERR506074/ERR506074_2.fastq.gz	6892a0d440f48abd48b0b6c8534edffb	578cf294d3062655551daa9511d09456	187131248	213056266	7931230	793123000	2014-05-19	https://www.ebi.ac.uk/ena/portal/api/filereport?accession=PRJEB14695&result=read_run&fields=study_accession%2Csecondary_study_accession%2Crun_accession%2Cexperiment_accession%2Csample_accession%2Csecondary_sample_accession%2Csample_alias%2Csample_title%2Csample_description%2Cexperiment_title%2Clibrary_name%2Clibrary_layout%2Clibrary_strategy%2Clibrary_source%2Clibrary_selection%2Cinstrument_platform%2Cinstrument_model%2Cfastq_ftp%2Cfastq_md5%2Cfastq_bytes%2Cread_count%2Cbase_count%2Cfirst_public&format=tsv&download=false
PRJEB14695	ovary_mixed_sex_r2	ERR506098	SAMEA2395934	ERS420091	ERX471455	technical_run_2	9645646	PAIRED	https://ftp.sra.ebi.ac.uk/vol1/fastq/ERR506/ERR506098/ERR506098_1.fastq.gz	https://ftp.sra.ebi.ac.uk/vol1/fastq/ERR506/ERR506098/ERR506098_2.fastq.gz	1d08f970f76247b4f985ea9855520a13	8308b5f499e06e40e8f7bf7f7e3dca87	194750774	222746698	8212392	821239200	2014-05-19	https://www.ebi.ac.uk/ena/portal/api/filereport?accession=PRJEB14695&result=read_run&fields=study_accession%2Csecondary_study_accession%2Crun_accession%2Cexperiment_accession%2Csample_accession%2Csecondary_sample_accession%2Csample_alias%2Csample_title%2Csample_description%2Cexperiment_title%2Clibrary_name%2Clibrary_layout%2Clibrary_strategy%2Clibrary_source%2Clibrary_selection%2Cinstrument_platform%2Cinstrument_model%2Cfastq_ftp%2Cfastq_md5%2Cfastq_bytes%2Cread_count%2Cbase_count%2Cfirst_public&format=tsv&download=false
PRJEB14695	ovary_mixed_sex_r2	ERR667052	SAMEA2395934	ERS420091	ERX622540	technical_run_3	9645646	PAIRED	https://ftp.sra.ebi.ac.uk/vol1/fastq/ERR667/ERR667052/ERR667052_1.fastq.gz	https://ftp.sra.ebi.ac.uk/vol1/fastq/ERR667/ERR667052/ERR667052_2.fastq.gz	51752334be88ee4265e30525f42d0ecc	1dd3ebc354aba133aa67b69ee4923026	317026735	369208226	11335696	1133569600	2014-11-04	https://www.ebi.ac.uk/ena/portal/api/filereport?accession=PRJEB14695&result=read_run&fields=study_accession%2Csecondary_study_accession%2Crun_accession%2Cexperiment_accession%2Csample_accession%2Csecondary_sample_accession%2Csample_alias%2Csample_title%2Csample_description%2Cexperiment_title%2Clibrary_name%2Clibrary_layout%2Clibrary_strategy%2Clibrary_source%2Clibrary_selection%2Cinstrument_platform%2Cinstrument_model%2Cfastq_ftp%2Cfastq_md5%2Cfastq_bytes%2Cread_count%2Cbase_count%2Cfirst_public&format=tsv&download=false
PRJEB14695	ovary_mixed_sex_r2	ERR667076	SAMEA2395934	ERS420091	ERX622564	technical_run_4	9645646	PAIRED	https://ftp.sra.ebi.ac.uk/vol1/fastq/ERR667/ERR667076/ERR667076_1.fastq.gz	https://ftp.sra.ebi.ac.uk/vol1/fastq/ERR667/ERR667076/ERR667076_2.fastq.gz	44d3df545ce6ec91f0b575416752c455	c171de29a5d94ef78ab5c4e962b39f4e	309264946	363636478	11303004	1130300400	2014-11-04	https://www.ebi.ac.uk/ena/portal/api/filereport?accession=PRJEB14695&result=read_run&fields=study_accession%2Csecondary_study_accession%2Crun_accession%2Cexperiment_accession%2Csample_accession%2Csecondary_sample_accession%2Csample_alias%2Csample_title%2Csample_description%2Cexperiment_title%2Clibrary_name%2Clibrary_layout%2Clibrary_strategy%2Clibrary_source%2Clibrary_selection%2Cinstrument_platform%2Cinstrument_model%2Cfastq_ftp%2Cfastq_md5%2Cfastq_bytes%2Cread_count%2Cbase_count%2Cfirst_public&format=tsv&download=false
PRJEB14695	ovary_mixed_sex_r2	ERR667100	SAMEA2395934	ERS420091	ERX622588	technical_run_5	9645646	PAIRED	https://ftp.sra.ebi.ac.uk/vol1/fastq/ERR667/ERR667100/ERR667100_1.fastq.gz	https://ftp.sra.ebi.ac.uk/vol1/fastq/ERR667/ERR667100/ERR667100_2.fastq.gz	4d0231ed998b4c34c570f82b96ad9ccf	ea469e912215255ced117bcbe7bf3a16	308205149	362279046	11385834	1138583400	2014-11-04	https://www.ebi.ac.uk/ena/portal/api/filereport?accession=PRJEB14695&result=read_run&fields=study_accession%2Csecondary_study_accession%2Crun_accession%2Cexperiment_accession%2Csample_accession%2Csecondary_sample_accession%2Csample_alias%2Csample_title%2Csample_description%2Cexperiment_title%2Clibrary_name%2Clibrary_layout%2Clibrary_strategy%2Clibrary_source%2Clibrary_selection%2Cinstrument_platform%2Cinstrument_model%2Cfastq_ftp%2Cfastq_md5%2Cfastq_bytes%2Cread_count%2Cbase_count%2Cfirst_public&format=tsv&download=false
PRJEB14695	ovary_mixed_sex_r2	ERR667124	SAMEA2395934	ERS420091	ERX622612	technical_run_6	9645646	PAIRED	https://ftp.sra.ebi.ac.uk/vol1/fastq/ERR667/ERR667124/ERR667124_1.fastq.gz	https://ftp.sra.ebi.ac.uk/vol1/fastq/ERR667/ERR667124/ERR667124_2.fastq.gz	452a8b03659d1584d70878c5b7594773	c4ec22083a79d076aa8fd446ad5405a9	301056222	352169714	11083138	1108313800	2014-11-04	https://www.ebi.ac.uk/ena/portal/api/filereport?accession=PRJEB14695&result=read_run&fields=study_accession%2Csecondary_study_accession%2Crun_accession%2Cexperiment_accession%2Csample_accession%2Csecondary_sample_accession%2Csample_alias%2Csample_title%2Csample_description%2Cexperiment_title%2Clibrary_name%2Clibrary_layout%2Clibrary_strategy%2Clibrary_source%2Clibrary_selection%2Cinstrument_platform%2Cinstrument_model%2Cfastq_ftp%2Cfastq_md5%2Cfastq_bytes%2Cread_count%2Cbase_count%2Cfirst_public&format=tsv&download=false
PRJEB14695	ovary_mixed_sex_r3	ERR506075	SAMEA2395935	ERS420092	ERX471432	technical_run_1	9645647	PAIRED	https://ftp.sra.ebi.ac.uk/vol1/fastq/ERR506/ERR506075/ERR506075_1.fastq.gz	https://ftp.sra.ebi.ac.uk/vol1/fastq/ERR506/ERR506075/ERR506075_2.fastq.gz	79ea547158b0348ebda360596ccc5237	3cf0ec1d2ccc0a51f326a9a78cb72967	245531835	258450789	9501870	950187000	2014-05-19	https://www.ebi.ac.uk/ena/portal/api/filereport?accession=PRJEB14695&result=read_run&fields=study_accession%2Csecondary_study_accession%2Crun_accession%2Cexperiment_accession%2Csample_accession%2Csecondary_sample_accession%2Csample_alias%2Csample_title%2Csample_description%2Cexperiment_title%2Clibrary_name%2Clibrary_layout%2Clibrary_strategy%2Clibrary_source%2Clibrary_selection%2Cinstrument_platform%2Cinstrument_model%2Cfastq_ftp%2Cfastq_md5%2Cfastq_bytes%2Cread_count%2Cbase_count%2Cfirst_public&format=tsv&download=false
PRJEB14695	ovary_mixed_sex_r3	ERR506099	SAMEA2395935	ERS420092	ERX471456	technical_run_2	9645647	PAIRED	https://ftp.sra.ebi.ac.uk/vol1/fastq/ERR506/ERR506099/ERR506099_1.fastq.gz	https://ftp.sra.ebi.ac.uk/vol1/fastq/ERR506/ERR506099/ERR506099_2.fastq.gz	7ded74951549041a6613f05739715def	fc8ef4f6cfa244e64f23c78578e3cd3f	254202300	268643592	9800228	980022800	2014-05-19	https://www.ebi.ac.uk/ena/portal/api/filereport?accession=PRJEB14695&result=read_run&fields=study_accession%2Csecondary_study_accession%2Crun_accession%2Cexperiment_accession%2Csample_accession%2Csecondary_sample_accession%2Csample_alias%2Csample_title%2Csample_description%2Cexperiment_title%2Clibrary_name%2Clibrary_layout%2Clibrary_strategy%2Clibrary_source%2Clibrary_selection%2Cinstrument_platform%2Cinstrument_model%2Cfastq_ftp%2Cfastq_md5%2Cfastq_bytes%2Cread_count%2Cbase_count%2Cfirst_public&format=tsv&download=false
PRJEB14695	ovary_mixed_sex_r3	ERR667053	SAMEA2395935	ERS420092	ERX622541	technical_run_3	9645647	PAIRED	https://ftp.sra.ebi.ac.uk/vol1/fastq/ERR667/ERR667053/ERR667053_1.fastq.gz	https://ftp.sra.ebi.ac.uk/vol1/fastq/ERR667/ERR667053/ERR667053_2.fastq.gz	f585e373c9fa53c688b8d84c761ee469	06bad9406f6079b4d7ba04cb8994d960	405501119	443920254	13733232	1373323200	2014-11-04	https://www.ebi.ac.uk/ena/portal/api/filereport?accession=PRJEB14695&result=read_run&fields=study_accession%2Csecondary_study_accession%2Crun_accession%2Cexperiment_accession%2Csample_accession%2Csecondary_sample_accession%2Csample_alias%2Csample_title%2Csample_description%2Cexperiment_title%2Clibrary_name%2Clibrary_layout%2Clibrary_strategy%2Clibrary_source%2Clibrary_selection%2Cinstrument_platform%2Cinstrument_model%2Cfastq_ftp%2Cfastq_md5%2Cfastq_bytes%2Cread_count%2Cbase_count%2Cfirst_public&format=tsv&download=false
PRJEB14695	ovary_mixed_sex_r3	ERR667077	SAMEA2395935	ERS420092	ERX622565	technical_run_4	9645647	PAIRED	https://ftp.sra.ebi.ac.uk/vol1/fastq/ERR667/ERR667077/ERR667077_1.fastq.gz	https://ftp.sra.ebi.ac.uk/vol1/fastq/ERR667/ERR667077/ERR667077_2.fastq.gz	3ba31118925a21112d2e6950eca670bb	07591336ec1628ae0693cf09a2f1f1b3	397047016	437319014	13706810	1370681000	2014-11-04	https://www.ebi.ac.uk/ena/portal/api/filereport?accession=PRJEB14695&result=read_run&fields=study_accession%2Csecondary_study_accession%2Crun_accession%2Cexperiment_accession%2Csample_accession%2Csecondary_sample_accession%2Csample_alias%2Csample_title%2Csample_description%2Cexperiment_title%2Clibrary_name%2Clibrary_layout%2Clibrary_strategy%2Clibrary_source%2Clibrary_selection%2Cinstrument_platform%2Cinstrument_model%2Cfastq_ftp%2Cfastq_md5%2Cfastq_bytes%2Cread_count%2Cbase_count%2Cfirst_public&format=tsv&download=false
PRJEB14695	ovary_mixed_sex_r3	ERR667101	SAMEA2395935	ERS420092	ERX622589	technical_run_5	9645647	PAIRED	https://ftp.sra.ebi.ac.uk/vol1/fastq/ERR667/ERR667101/ERR667101_1.fastq.gz	https://ftp.sra.ebi.ac.uk/vol1/fastq/ERR667/ERR667101/ERR667101_2.fastq.gz	5efec798c395124e862c20e0e7500573	19c2cd21e546ddcfca43983c34ac2666	395128154	435781695	13760368	1376036800	2014-11-04	https://www.ebi.ac.uk/ena/portal/api/filereport?accession=PRJEB14695&result=read_run&fields=study_accession%2Csecondary_study_accession%2Crun_accession%2Cexperiment_accession%2Csample_accession%2Csecondary_sample_accession%2Csample_alias%2Csample_title%2Csample_description%2Cexperiment_title%2Clibrary_name%2Clibrary_layout%2Clibrary_strategy%2Clibrary_source%2Clibrary_selection%2Cinstrument_platform%2Cinstrument_model%2Cfastq_ftp%2Cfastq_md5%2Cfastq_bytes%2Cread_count%2Cbase_count%2Cfirst_public&format=tsv&download=false
PRJEB14695	ovary_mixed_sex_r3	ERR667125	SAMEA2395935	ERS420092	ERX622613	technical_run_6	9645647	PAIRED	https://ftp.sra.ebi.ac.uk/vol1/fastq/ERR667/ERR667125/ERR667125_1.fastq.gz	https://ftp.sra.ebi.ac.uk/vol1/fastq/ERR667/ERR667125/ERR667125_2.fastq.gz	921bb9891fec325e9d43a9535661f579	f6e9a0c70720c1b472e60ec74d5f1916	387682906	426143365	13440124	1344012400	2014-11-04	https://www.ebi.ac.uk/ena/portal/api/filereport?accession=PRJEB14695&result=read_run&fields=study_accession%2Csecondary_study_accession%2Crun_accession%2Cexperiment_accession%2Csample_accession%2Csecondary_sample_accession%2Csample_alias%2Csample_title%2Csample_description%2Cexperiment_title%2Clibrary_name%2Clibrary_layout%2Clibrary_strategy%2Clibrary_source%2Clibrary_selection%2Cinstrument_platform%2Cinstrument_model%2Cfastq_ftp%2Cfastq_md5%2Cfastq_bytes%2Cread_count%2Cbase_count%2Cfirst_public&format=tsv&download=false
PRJEB14695	whole_female_mixed_sex_r1	ERR506076	SAMEA2395936	ERS420093	ERX471433	technical_run_1	9645648	PAIRED	https://ftp.sra.ebi.ac.uk/vol1/fastq/ERR506/ERR506076/ERR506076_1.fastq.gz	https://ftp.sra.ebi.ac.uk/vol1/fastq/ERR506/ERR506076/ERR506076_2.fastq.gz	6e22bd90103fc763e131bc65812d7616	a956e05430aa5bba4d97abab1a8b372c	273925091	292547327	10559736	1055973600	2014-05-19	https://www.ebi.ac.uk/ena/portal/api/filereport?accession=PRJEB14695&result=read_run&fields=study_accession%2Csecondary_study_accession%2Crun_accession%2Cexperiment_accession%2Csample_accession%2Csecondary_sample_accession%2Csample_alias%2Csample_title%2Csample_description%2Cexperiment_title%2Clibrary_name%2Clibrary_layout%2Clibrary_strategy%2Clibrary_source%2Clibrary_selection%2Cinstrument_platform%2Cinstrument_model%2Cfastq_ftp%2Cfastq_md5%2Cfastq_bytes%2Cread_count%2Cbase_count%2Cfirst_public&format=tsv&download=false
PRJEB14695	whole_female_mixed_sex_r1	ERR506100	SAMEA2395936	ERS420093	ERX471457	technical_run_2	9645648	PAIRED	https://ftp.sra.ebi.ac.uk/vol1/fastq/ERR506/ERR506100/ERR506100_1.fastq.gz	https://ftp.sra.ebi.ac.uk/vol1/fastq/ERR506/ERR506100/ERR506100_2.fastq.gz	f5bcc07713e4c2a113a171dcc15ab35b	7420520ddc6f5d110595af072963a3b3	284424060	304943198	10918544	1091854400	2014-05-19	https://www.ebi.ac.uk/ena/portal/api/filereport?accession=PRJEB14695&result=read_run&fields=study_accession%2Csecondary_study_accession%2Crun_accession%2Cexperiment_accession%2Csample_accession%2Csecondary_sample_accession%2Csample_alias%2Csample_title%2Csample_description%2Cexperiment_title%2Clibrary_name%2Clibrary_layout%2Clibrary_strategy%2Clibrary_source%2Clibrary_selection%2Cinstrument_platform%2Cinstrument_model%2Cfastq_ftp%2Cfastq_md5%2Cfastq_bytes%2Cread_count%2Cbase_count%2Cfirst_public&format=tsv&download=false
PRJEB14695	whole_female_mixed_sex_r1	ERR667054	SAMEA2395936	ERS420093	ERX622542	technical_run_3	9645648	PAIRED	https://ftp.sra.ebi.ac.uk/vol1/fastq/ERR667/ERR667054/ERR667054_1.fastq.gz	https://ftp.sra.ebi.ac.uk/vol1/fastq/ERR667/ERR667054/ERR667054_2.fastq.gz	fb0a9d7697b5d0d2971a4ae0606ab9c8	143a6853dd653bb8f24611318c977e7b	455857798	503084263	15346438	1534643800	2014-11-04	https://www.ebi.ac.uk/ena/portal/api/filereport?accession=PRJEB14695&result=read_run&fields=study_accession%2Csecondary_study_accession%2Crun_accession%2Cexperiment_accession%2Csample_accession%2Csecondary_sample_accession%2Csample_alias%2Csample_title%2Csample_description%2Cexperiment_title%2Clibrary_name%2Clibrary_layout%2Clibrary_strategy%2Clibrary_source%2Clibrary_selection%2Cinstrument_platform%2Cinstrument_model%2Cfastq_ftp%2Cfastq_md5%2Cfastq_bytes%2Cread_count%2Cbase_count%2Cfirst_public&format=tsv&download=false
PRJEB14695	whole_female_mixed_sex_r1	ERR667078	SAMEA2395936	ERS420093	ERX622566	technical_run_4	9645648	PAIRED	https://ftp.sra.ebi.ac.uk/vol1/fastq/ERR667/ERR667078/ERR667078_1.fastq.gz	https://ftp.sra.ebi.ac.uk/vol1/fastq/ERR667/ERR667078/ERR667078_2.fastq.gz	df471fd25e24852ed23e2b03a7b4dda5	7f47c7f2ff849d5e782b5fa132e35d07	446227524	495702218	15303570	1530357000	2014-11-04	https://www.ebi.ac.uk/ena/portal/api/filereport?accession=PRJEB14695&result=read_run&fields=study_accession%2Csecondary_study_accession%2Crun_accession%2Cexperiment_accession%2Csample_accession%2Csecondary_sample_accession%2Csample_alias%2Csample_title%2Csample_description%2Cexperiment_title%2Clibrary_name%2Clibrary_layout%2Clibrary_strategy%2Clibrary_source%2Clibrary_selection%2Cinstrument_platform%2Cinstrument_model%2Cfastq_ftp%2Cfastq_md5%2Cfastq_bytes%2Cread_count%2Cbase_count%2Cfirst_public&format=tsv&download=false
PRJEB14695	whole_female_mixed_sex_r1	ERR667102	SAMEA2395936	ERS420093	ERX622590	technical_run_5	9645648	PAIRED	https://ftp.sra.ebi.ac.uk/vol1/fastq/ERR667/ERR667102/ERR667102_1.fastq.gz	https://ftp.sra.ebi.ac.uk/vol1/fastq/ERR667/ERR667102/ERR667102_2.fastq.gz	a3579ad6e92ebc07c345a4e69d316920	00fa761f8474ebcf77b8e3c51bf396d2	445120388	494592826	15395946	1539594600	2014-11-04	https://www.ebi.ac.uk/ena/portal/api/filereport?accession=PRJEB14695&result=read_run&fields=study_accession%2Csecondary_study_accession%2Crun_accession%2Cexperiment_accession%2Csample_accession%2Csecondary_sample_accession%2Csample_alias%2Csample_title%2Csample_description%2Cexperiment_title%2Clibrary_name%2Clibrary_layout%2Clibrary_strategy%2Clibrary_source%2Clibrary_selection%2Cinstrument_platform%2Cinstrument_model%2Cfastq_ftp%2Cfastq_md5%2Cfastq_bytes%2Cread_count%2Cbase_count%2Cfirst_public&format=tsv&download=false
PRJEB14695	whole_female_mixed_sex_r1	ERR667126	SAMEA2395936	ERS420093	ERX622614	technical_run_6	9645648	PAIRED	https://ftp.sra.ebi.ac.uk/vol1/fastq/ERR667/ERR667126/ERR667126_1.fastq.gz	https://ftp.sra.ebi.ac.uk/vol1/fastq/ERR667/ERR667126/ERR667126_2.fastq.gz	64e561d2fa9cfdf8d66e785fc47203be	54d7ea0ecef1b2fb23275d49ac37f726	434850052	481999038	14994588	1499458800	2014-11-04	https://www.ebi.ac.uk/ena/portal/api/filereport?accession=PRJEB14695&result=read_run&fields=study_accession%2Csecondary_study_accession%2Crun_accession%2Cexperiment_accession%2Csample_accession%2Csecondary_sample_accession%2Csample_alias%2Csample_title%2Csample_description%2Cexperiment_title%2Clibrary_name%2Clibrary_layout%2Clibrary_strategy%2Clibrary_source%2Clibrary_selection%2Cinstrument_platform%2Cinstrument_model%2Cfastq_ftp%2Cfastq_md5%2Cfastq_bytes%2Cread_count%2Cbase_count%2Cfirst_public&format=tsv&download=false
PRJEB14695	testis_single_sex_r1	ERR506077	SAMEA2395937	ERS420094	ERX471434	technical_run_1	9645649	PAIRED	https://ftp.sra.ebi.ac.uk/vol1/fastq/ERR506/ERR506077/ERR506077_1.fastq.gz	https://ftp.sra.ebi.ac.uk/vol1/fastq/ERR506/ERR506077/ERR506077_2.fastq.gz	0fe1ee70e130b19c16492335eb2fe931	2c540eb6940ea5ade0b36f6385ebbeca	158713997	165405688	5712160	571216000	2014-05-19	https://www.ebi.ac.uk/ena/portal/api/filereport?accession=PRJEB14695&result=read_run&fields=study_accession%2Csecondary_study_accession%2Crun_accession%2Cexperiment_accession%2Csample_accession%2Csecondary_sample_accession%2Csample_alias%2Csample_title%2Csample_description%2Cexperiment_title%2Clibrary_name%2Clibrary_layout%2Clibrary_strategy%2Clibrary_source%2Clibrary_selection%2Cinstrument_platform%2Cinstrument_model%2Cfastq_ftp%2Cfastq_md5%2Cfastq_bytes%2Cread_count%2Cbase_count%2Cfirst_public&format=tsv&download=false
PRJEB14695	testis_single_sex_r1	ERR506101	SAMEA2395937	ERS420094	ERX471458	technical_run_2	9645649	PAIRED	https://ftp.sra.ebi.ac.uk/vol1/fastq/ERR506/ERR506101/ERR506101_1.fastq.gz	https://ftp.sra.ebi.ac.uk/vol1/fastq/ERR506/ERR506101/ERR506101_2.fastq.gz	af7052339efa32af5d00054a509c25c5	7b05027266db58195ca35c4ac31607d8	165768853	173220193	5941912	594191200	2014-05-19	https://www.ebi.ac.uk/ena/portal/api/filereport?accession=PRJEB14695&result=read_run&fields=study_accession%2Csecondary_study_accession%2Crun_accession%2Cexperiment_accession%2Csample_accession%2Csecondary_sample_accession%2Csample_alias%2Csample_title%2Csample_description%2Cexperiment_title%2Clibrary_name%2Clibrary_layout%2Clibrary_strategy%2Clibrary_source%2Clibrary_selection%2Cinstrument_platform%2Cinstrument_model%2Cfastq_ftp%2Cfastq_md5%2Cfastq_bytes%2Cread_count%2Cbase_count%2Cfirst_public&format=tsv&download=false
PRJEB14695	testis_single_sex_r1	ERR667055	SAMEA2395937	ERS420094	ERX622543	technical_run_3	9645649	PAIRED	https://ftp.sra.ebi.ac.uk/vol1/fastq/ERR667/ERR667055/ERR667055_1.fastq.gz	https://ftp.sra.ebi.ac.uk/vol1/fastq/ERR667/ERR667055/ERR667055_2.fastq.gz	380cd1081e31ee3bac872c060086e589	5f3f07d17e21af8d3d1959642a8887bd	260538186	281212457	8402876	840287600	2014-11-04	https://www.ebi.ac.uk/ena/portal/api/filereport?accession=PRJEB14695&result=read_run&fields=study_accession%2Csecondary_study_accession%2Crun_accession%2Cexperiment_accession%2Csample_accession%2Csecondary_sample_accession%2Csample_alias%2Csample_title%2Csample_description%2Cexperiment_title%2Clibrary_name%2Clibrary_layout%2Clibrary_strategy%2Clibrary_source%2Clibrary_selection%2Cinstrument_platform%2Cinstrument_model%2Cfastq_ftp%2Cfastq_md5%2Cfastq_bytes%2Cread_count%2Cbase_count%2Cfirst_public&format=tsv&download=false
PRJEB14695	testis_single_sex_r1	ERR667079	SAMEA2395937	ERS420094	ERX622567	technical_run_4	9645649	PAIRED	https://ftp.sra.ebi.ac.uk/vol1/fastq/ERR667/ERR667079/ERR667079_1.fastq.gz	https://ftp.sra.ebi.ac.uk/vol1/fastq/ERR667/ERR667079/ERR667079_2.fastq.gz	94078c9732941e916fc06df014fe2bf5	798eeecc9ed79c61652991be10a0c183	255550778	277187651	8384626	838462600	2014-11-04	https://www.ebi.ac.uk/ena/portal/api/filereport?accession=PRJEB14695&result=read_run&fields=study_accession%2Csecondary_study_accession%2Crun_accession%2Cexperiment_accession%2Csample_accession%2Csecondary_sample_accession%2Csample_alias%2Csample_title%2Csample_description%2Cexperiment_title%2Clibrary_name%2Clibrary_layout%2Clibrary_strategy%2Clibrary_source%2Clibrary_selection%2Cinstrument_platform%2Cinstrument_model%2Cfastq_ftp%2Cfastq_md5%2Cfastq_bytes%2Cread_count%2Cbase_count%2Cfirst_public&format=tsv&download=false
PRJEB14695	testis_single_sex_r1	ERR667103	SAMEA2395937	ERS420094	ERX622591	technical_run_5	9645649	PAIRED	https://ftp.sra.ebi.ac.uk/vol1/fastq/ERR667/ERR667103/ERR667103_1.fastq.gz	https://ftp.sra.ebi.ac.uk/vol1/fastq/ERR667/ERR667103/ERR667103_2.fastq.gz	acd553079572927c4ada6f7dd866f450	75b4bda91ba32d3438692e606fd21967	252087974	273644058	8314270	831427000	2014-11-04	https://www.ebi.ac.uk/ena/portal/api/filereport?accession=PRJEB14695&result=read_run&fields=study_accession%2Csecondary_study_accession%2Crun_accession%2Cexperiment_accession%2Csample_accession%2Csecondary_sample_accession%2Csample_alias%2Csample_title%2Csample_description%2Cexperiment_title%2Clibrary_name%2Clibrary_layout%2Clibrary_strategy%2Clibrary_source%2Clibrary_selection%2Cinstrument_platform%2Cinstrument_model%2Cfastq_ftp%2Cfastq_md5%2Cfastq_bytes%2Cread_count%2Cbase_count%2Cfirst_public&format=tsv&download=false
PRJEB14695	testis_single_sex_r1	ERR667127	SAMEA2395937	ERS420094	ERX622615	technical_run_6	9645649	PAIRED	https://ftp.sra.ebi.ac.uk/vol1/fastq/ERR667/ERR667127/ERR667127_1.fastq.gz	https://ftp.sra.ebi.ac.uk/vol1/fastq/ERR667/ERR667127/ERR667127_2.fastq.gz	4f863a2c9933609c417b3871e182e0b8	4beeb2016aeda2252b6b878a8987a9ca	245194651	265791155	8041428	804142800	2014-11-04	https://www.ebi.ac.uk/ena/portal/api/filereport?accession=PRJEB14695&result=read_run&fields=study_accession%2Csecondary_study_accession%2Crun_accession%2Cexperiment_accession%2Csample_accession%2Csecondary_sample_accession%2Csample_alias%2Csample_title%2Csample_description%2Cexperiment_title%2Clibrary_name%2Clibrary_layout%2Clibrary_strategy%2Clibrary_source%2Clibrary_selection%2Cinstrument_platform%2Cinstrument_model%2Cfastq_ftp%2Cfastq_md5%2Cfastq_bytes%2Cread_count%2Cbase_count%2Cfirst_public&format=tsv&download=false
PRJEB14695	testis_single_sex_r2	ERR506078	SAMEA2395938	ERS420095	ERX471435	technical_run_1	9645650	PAIRED	https://ftp.sra.ebi.ac.uk/vol1/fastq/ERR506/ERR506078/ERR506078_1.fastq.gz	https://ftp.sra.ebi.ac.uk/vol1/fastq/ERR506/ERR506078/ERR506078_2.fastq.gz	d0f571e9bed1ffb2861dea4ffe71b3e1	26f08443b33c60aea72a3036d167224c	200087516	210832552	7367094	736709400	2014-05-19	https://www.ebi.ac.uk/ena/portal/api/filereport?accession=PRJEB14695&result=read_run&fields=study_accession%2Csecondary_study_accession%2Crun_accession%2Cexperiment_accession%2Csample_accession%2Csecondary_sample_accession%2Csample_alias%2Csample_title%2Csample_description%2Cexperiment_title%2Clibrary_name%2Clibrary_layout%2Clibrary_strategy%2Clibrary_source%2Clibrary_selection%2Cinstrument_platform%2Cinstrument_model%2Cfastq_ftp%2Cfastq_md5%2Cfastq_bytes%2Cread_count%2Cbase_count%2Cfirst_public&format=tsv&download=false
PRJEB14695	testis_single_sex_r2	ERR506102	SAMEA2395938	ERS420095	ERX471459	technical_run_2	9645650	PAIRED	https://ftp.sra.ebi.ac.uk/vol1/fastq/ERR506/ERR506102/ERR506102_1.fastq.gz	https://ftp.sra.ebi.ac.uk/vol1/fastq/ERR506/ERR506102/ERR506102_2.fastq.gz	8da6c5e6637d71f87197b4be0e6ee465	512db539c3e83131595e67fec40b1261	208000525	219880116	7636300	763630000	2014-05-19	https://www.ebi.ac.uk/ena/portal/api/filereport?accession=PRJEB14695&result=read_run&fields=study_accession%2Csecondary_study_accession%2Crun_accession%2Cexperiment_accession%2Csample_accession%2Csecondary_sample_accession%2Csample_alias%2Csample_title%2Csample_description%2Cexperiment_title%2Clibrary_name%2Clibrary_layout%2Clibrary_strategy%2Clibrary_source%2Clibrary_selection%2Cinstrument_platform%2Cinstrument_model%2Cfastq_ftp%2Cfastq_md5%2Cfastq_bytes%2Cread_count%2Cbase_count%2Cfirst_public&format=tsv&download=false
PRJEB14695	testis_single_sex_r2	ERR667056	SAMEA2395938	ERS420095	ERX622544	technical_run_3	9645650	PAIRED	https://ftp.sra.ebi.ac.uk/vol1/fastq/ERR667/ERR667056/ERR667056_1.fastq.gz	https://ftp.sra.ebi.ac.uk/vol1/fastq/ERR667/ERR667056/ERR667056_2.fastq.gz	4fc15b5b9087932f39ecd65b0a2a8343	aa842e63eee4374d101bf0dc6d84e8e3	322314925	351382052	10594322	1059432200	2014-11-04	https://www.ebi.ac.uk/ena/portal/api/filereport?accession=PRJEB14695&result=read_run&fields=study_accession%2Csecondary_study_accession%2Crun_accession%2Cexperiment_accession%2Csample_accession%2Csecondary_sample_accession%2Csample_alias%2Csample_title%2Csample_description%2Cexperiment_title%2Clibrary_name%2Clibrary_layout%2Clibrary_strategy%2Clibrary_source%2Clibrary_selection%2Cinstrument_platform%2Cinstrument_model%2Cfastq_ftp%2Cfastq_md5%2Cfastq_bytes%2Cread_count%2Cbase_count%2Cfirst_public&format=tsv&download=false
PRJEB14695	testis_single_sex_r2	ERR667080	SAMEA2395938	ERS420095	ERX622568	technical_run_4	9645650	PAIRED	https://ftp.sra.ebi.ac.uk/vol1/fastq/ERR667/ERR667080/ERR667080_1.fastq.gz	https://ftp.sra.ebi.ac.uk/vol1/fastq/ERR667/ERR667080/ERR667080_2.fastq.gz	bc1a8c3bf76f6e615d5f18e0ea115bb2	131b10497c5586f502adfa47409b1ecf	315629734	346058284	10566628	1056662800	2014-11-04	https://www.ebi.ac.uk/ena/portal/api/filereport?accession=PRJEB14695&result=read_run&fields=study_accession%2Csecondary_study_accession%2Crun_accession%2Cexperiment_accession%2Csample_accession%2Csecondary_sample_accession%2Csample_alias%2Csample_title%2Csample_description%2Cexperiment_title%2Clibrary_name%2Clibrary_layout%2Clibrary_strategy%2Clibrary_source%2Clibrary_selection%2Cinstrument_platform%2Cinstrument_model%2Cfastq_ftp%2Cfastq_md5%2Cfastq_bytes%2Cread_count%2Cbase_count%2Cfirst_public&format=tsv&download=false
PRJEB14695	testis_single_sex_r2	ERR667104	SAMEA2395938	ERS420095	ERX622592	technical_run_5	9645650	PAIRED	https://ftp.sra.ebi.ac.uk/vol1/fastq/ERR667/ERR667104/ERR667104_1.fastq.gz	https://ftp.sra.ebi.ac.uk/vol1/fastq/ERR667/ERR667104/ERR667104_2.fastq.gz	a662c85c405ce9b519ddec471fb35e60	5458266e32bbcb3c835dcfdcb6c5464c	313784296	344604162	10592776	1059277600	2014-11-04	https://www.ebi.ac.uk/ena/portal/api/filereport?accession=PRJEB14695&result=read_run&fields=study_accession%2Csecondary_study_accession%2Crun_accession%2Cexperiment_accession%2Csample_accession%2Csecondary_sample_accession%2Csample_alias%2Csample_title%2Csample_description%2Cexperiment_title%2Clibrary_name%2Clibrary_layout%2Clibrary_strategy%2Clibrary_source%2Clibrary_selection%2Cinstrument_platform%2Cinstrument_model%2Cfastq_ftp%2Cfastq_md5%2Cfastq_bytes%2Cread_count%2Cbase_count%2Cfirst_public&format=tsv&download=false
PRJEB14695	testis_single_sex_r2	ERR667128	SAMEA2395938	ERS420095	ERX622616	technical_run_6	9645650	PAIRED	https://ftp.sra.ebi.ac.uk/vol1/fastq/ERR667/ERR667128/ERR667128_1.fastq.gz	https://ftp.sra.ebi.ac.uk/vol1/fastq/ERR667/ERR667128/ERR667128_2.fastq.gz	4c3d9023e9ea8c72f3c7ea571ae2b3ae	22ad4ca251e90dd5335b1a8f859374ca	306205121	335422419	10282746	1028274600	2014-11-04	https://www.ebi.ac.uk/ena/portal/api/filereport?accession=PRJEB14695&result=read_run&fields=study_accession%2Csecondary_study_accession%2Crun_accession%2Cexperiment_accession%2Csample_accession%2Csecondary_sample_accession%2Csample_alias%2Csample_title%2Csample_description%2Cexperiment_title%2Clibrary_name%2Clibrary_layout%2Clibrary_strategy%2Clibrary_source%2Clibrary_selection%2Cinstrument_platform%2Cinstrument_model%2Cfastq_ftp%2Cfastq_md5%2Cfastq_bytes%2Cread_count%2Cbase_count%2Cfirst_public&format=tsv&download=false
PRJEB14695	testis_mixed_sex_r1	ERR506079	SAMEA2395939	ERS420096	ERX471436	technical_run_1	9645651	PAIRED	https://ftp.sra.ebi.ac.uk/vol1/fastq/ERR506/ERR506079/ERR506079_1.fastq.gz	https://ftp.sra.ebi.ac.uk/vol1/fastq/ERR506/ERR506079/ERR506079_2.fastq.gz	f8e0f3b1666c40bcfa8d2b6fa8d1869f	c7a74f827d5c20737462f3898953b75a	152045158	160640498	5602652	560265200	2014-05-19	https://www.ebi.ac.uk/ena/portal/api/filereport?accession=PRJEB14695&result=read_run&fields=study_accession%2Csecondary_study_accession%2Crun_accession%2Cexperiment_accession%2Csample_accession%2Csecondary_sample_accession%2Csample_alias%2Csample_title%2Csample_description%2Cexperiment_title%2Clibrary_name%2Clibrary_layout%2Clibrary_strategy%2Clibrary_source%2Clibrary_selection%2Cinstrument_platform%2Cinstrument_model%2Cfastq_ftp%2Cfastq_md5%2Cfastq_bytes%2Cread_count%2Cbase_count%2Cfirst_public&format=tsv&download=false
PRJEB14695	testis_mixed_sex_r1	ERR506103	SAMEA2395939	ERS420096	ERX471460	technical_run_2	9645651	PAIRED	https://ftp.sra.ebi.ac.uk/vol1/fastq/ERR506/ERR506103/ERR506103_1.fastq.gz	https://ftp.sra.ebi.ac.uk/vol1/fastq/ERR506/ERR506103/ERR506103_2.fastq.gz	e76c5b41a5ebd9db1c41312aaeedcd96	6053199ba47ed9af325b93df064c2c69	158127635	167591411	5806928	580692800	2014-05-19	https://www.ebi.ac.uk/ena/portal/api/filereport?accession=PRJEB14695&result=read_run&fields=study_accession%2Csecondary_study_accession%2Crun_accession%2Cexperiment_accession%2Csample_accession%2Csecondary_sample_accession%2Csample_alias%2Csample_title%2Csample_description%2Cexperiment_title%2Clibrary_name%2Clibrary_layout%2Clibrary_strategy%2Clibrary_source%2Clibrary_selection%2Cinstrument_platform%2Cinstrument_model%2Cfastq_ftp%2Cfastq_md5%2Cfastq_bytes%2Cread_count%2Cbase_count%2Cfirst_public&format=tsv&download=false
PRJEB14695	testis_mixed_sex_r1	ERR667057	SAMEA2395939	ERS420096	ERX622545	technical_run_3	9645651	PAIRED	https://ftp.sra.ebi.ac.uk/vol1/fastq/ERR667/ERR667057/ERR667057_1.fastq.gz	https://ftp.sra.ebi.ac.uk/vol1/fastq/ERR667/ERR667057/ERR667057_2.fastq.gz	e039a277b968eb0fe40f3c391e80f596	be79fd057d180a93af33fda54b51e6ea	247322454	271023785	8110962	811096200	2014-11-04	https://www.ebi.ac.uk/ena/portal/api/filereport?accession=PRJEB14695&result=read_run&fields=study_accession%2Csecondary_study_accession%2Crun_accession%2Cexperiment_accession%2Csample_accession%2Csecondary_sample_accession%2Csample_alias%2Csample_title%2Csample_description%2Cexperiment_title%2Clibrary_name%2Clibrary_layout%2Clibrary_strategy%2Clibrary_source%2Clibrary_selection%2Cinstrument_platform%2Cinstrument_model%2Cfastq_ftp%2Cfastq_md5%2Cfastq_bytes%2Cread_count%2Cbase_count%2Cfirst_public&format=tsv&download=false
PRJEB14695	testis_mixed_sex_r1	ERR667081	SAMEA2395939	ERS420096	ERX622569	technical_run_4	9645651	PAIRED	https://ftp.sra.ebi.ac.uk/vol1/fastq/ERR667/ERR667081/ERR667081_1.fastq.gz	https://ftp.sra.ebi.ac.uk/vol1/fastq/ERR667/ERR667081/ERR667081_2.fastq.gz	c45158e527c2de6865b2fc223a4a8f26	645f04216a054c8e078cd484bbd58a18	242146851	266869788	8088122	808812200	2014-11-04	https://www.ebi.ac.uk/ena/portal/api/filereport?accession=PRJEB14695&result=read_run&fields=study_accession%2Csecondary_study_accession%2Crun_accession%2Cexperiment_accession%2Csample_accession%2Csecondary_sample_accession%2Csample_alias%2Csample_title%2Csample_description%2Cexperiment_title%2Clibrary_name%2Clibrary_layout%2Clibrary_strategy%2Clibrary_source%2Clibrary_selection%2Cinstrument_platform%2Cinstrument_model%2Cfastq_ftp%2Cfastq_md5%2Cfastq_bytes%2Cread_count%2Cbase_count%2Cfirst_public&format=tsv&download=false
PRJEB14695	testis_mixed_sex_r1	ERR667105	SAMEA2395939	ERS420096	ERX622593	technical_run_5	9645651	PAIRED	https://ftp.sra.ebi.ac.uk/vol1/fastq/ERR667/ERR667105/ERR667105_1.fastq.gz	https://ftp.sra.ebi.ac.uk/vol1/fastq/ERR667/ERR667105/ERR667105_2.fastq.gz	37539e6dfd17a1ee57865d1c0127e07b	092dada1bda2cfe5bdf6604673761404	240542340	265481026	8104444	810444400	2014-11-04	https://www.ebi.ac.uk/ena/portal/api/filereport?accession=PRJEB14695&result=read_run&fields=study_accession%2Csecondary_study_accession%2Crun_accession%2Cexperiment_accession%2Csample_accession%2Csecondary_sample_accession%2Csample_alias%2Csample_title%2Csample_description%2Cexperiment_title%2Clibrary_name%2Clibrary_layout%2Clibrary_strategy%2Clibrary_source%2Clibrary_selection%2Cinstrument_platform%2Cinstrument_model%2Cfastq_ftp%2Cfastq_md5%2Cfastq_bytes%2Cread_count%2Cbase_count%2Cfirst_public&format=tsv&download=false
PRJEB14695	testis_mixed_sex_r1	ERR667129	SAMEA2395939	ERS420096	ERX622617	technical_run_6	9645651	PAIRED	https://ftp.sra.ebi.ac.uk/vol1/fastq/ERR667/ERR667129/ERR667129_1.fastq.gz	https://ftp.sra.ebi.ac.uk/vol1/fastq/ERR667/ERR667129/ERR667129_2.fastq.gz	48d1c883e4365f56c3a705595273ba69	106a4f4c38fd4b545b0c7b698c9ea870	235036415	258786697	7880460	788046000	2014-11-04	https://www.ebi.ac.uk/ena/portal/api/filereport?accession=PRJEB14695&result=read_run&fields=study_accession%2Csecondary_study_accession%2Crun_accession%2Cexperiment_accession%2Csample_accession%2Csecondary_sample_accession%2Csample_alias%2Csample_title%2Csample_description%2Cexperiment_title%2Clibrary_name%2Clibrary_layout%2Clibrary_strategy%2Clibrary_source%2Clibrary_selection%2Cinstrument_platform%2Cinstrument_model%2Cfastq_ftp%2Cfastq_md5%2Cfastq_bytes%2Cread_count%2Cbase_count%2Cfirst_public&format=tsv&download=false
PRJEB14695	testis_mixed_sex_r2	ERR506080	SAMEA2395940	ERS420097	ERX471437	technical_run_1	9645652	PAIRED	https://ftp.sra.ebi.ac.uk/vol1/fastq/ERR506/ERR506080/ERR506080_1.fastq.gz	https://ftp.sra.ebi.ac.uk/vol1/fastq/ERR506/ERR506080/ERR506080_2.fastq.gz	382eab43d83e754e130802d0beae85e9	8d7bae186aa61342860cfebb6eb3d440	161636963	176210518	5864142	586414200	2014-05-19	https://www.ebi.ac.uk/ena/portal/api/filereport?accession=PRJEB14695&result=read_run&fields=study_accession%2Csecondary_study_accession%2Crun_accession%2Cexperiment_accession%2Csample_accession%2Csecondary_sample_accession%2Csample_alias%2Csample_title%2Csample_description%2Cexperiment_title%2Clibrary_name%2Clibrary_layout%2Clibrary_strategy%2Clibrary_source%2Clibrary_selection%2Cinstrument_platform%2Cinstrument_model%2Cfastq_ftp%2Cfastq_md5%2Cfastq_bytes%2Cread_count%2Cbase_count%2Cfirst_public&format=tsv&download=false
PRJEB14695	testis_mixed_sex_r2	ERR506104	SAMEA2395940	ERS420097	ERX471461	technical_run_2	9645652	PAIRED	https://ftp.sra.ebi.ac.uk/vol1/fastq/ERR506/ERR506104/ERR506104_1.fastq.gz	https://ftp.sra.ebi.ac.uk/vol1/fastq/ERR506/ERR506104/ERR506104_2.fastq.gz	1089702a0212974ecae6011af03a9128	fa5f58f334f0e9db4b2162f312c519cf	166614223	182237580	6033928	603392800	2014-05-19	https://www.ebi.ac.uk/ena/portal/api/filereport?accession=PRJEB14695&result=read_run&fields=study_accession%2Csecondary_study_accession%2Crun_accession%2Cexperiment_accession%2Csample_accession%2Csecondary_sample_accession%2Csample_alias%2Csample_title%2Csample_description%2Cexperiment_title%2Clibrary_name%2Clibrary_layout%2Clibrary_strategy%2Clibrary_source%2Clibrary_selection%2Cinstrument_platform%2Cinstrument_model%2Cfastq_ftp%2Cfastq_md5%2Cfastq_bytes%2Cread_count%2Cbase_count%2Cfirst_public&format=tsv&download=false
PRJEB14695	testis_mixed_sex_r2	ERR667058	SAMEA2395940	ERS420097	ERX622546	technical_run_3	9645652	PAIRED	https://ftp.sra.ebi.ac.uk/vol1/fastq/ERR667/ERR667058/ERR667058_1.fastq.gz	https://ftp.sra.ebi.ac.uk/vol1/fastq/ERR667/ERR667058/ERR667058_2.fastq.gz	c782d9482c9c8326e8d96d34b5312ba9	dbe4086c024ad588fa55721ddd551524	249999227	277148638	8069642	806964200	2014-11-04	https://www.ebi.ac.uk/ena/portal/api/filereport?accession=PRJEB14695&result=read_run&fields=study_accession%2Csecondary_study_accession%2Crun_accession%2Cexperiment_accession%2Csample_accession%2Csecondary_sample_accession%2Csample_alias%2Csample_title%2Csample_description%2Cexperiment_title%2Clibrary_name%2Clibrary_layout%2Clibrary_strategy%2Clibrary_source%2Clibrary_selection%2Cinstrument_platform%2Cinstrument_model%2Cfastq_ftp%2Cfastq_md5%2Cfastq_bytes%2Cread_count%2Cbase_count%2Cfirst_public&format=tsv&download=false
PRJEB14695	testis_mixed_sex_r2	ERR667082	SAMEA2395940	ERS420097	ERX622570	technical_run_4	9645652	PAIRED	https://ftp.sra.ebi.ac.uk/vol1/fastq/ERR667/ERR667082/ERR667082_1.fastq.gz	https://ftp.sra.ebi.ac.uk/vol1/fastq/ERR667/ERR667082/ERR667082_2.fastq.gz	6ec4e6b5fd25fa4741954269433020de	d8f26a9fea78fcca6645293ec629cdb4	245249989	273694981	8060180	806018000	2014-11-04	https://www.ebi.ac.uk/ena/portal/api/filereport?accession=PRJEB14695&result=read_run&fields=study_accession%2Csecondary_study_accession%2Crun_accession%2Cexperiment_accession%2Csample_accession%2Csecondary_sample_accession%2Csample_alias%2Csample_title%2Csample_description%2Cexperiment_title%2Clibrary_name%2Clibrary_layout%2Clibrary_strategy%2Clibrary_source%2Clibrary_selection%2Cinstrument_platform%2Cinstrument_model%2Cfastq_ftp%2Cfastq_md5%2Cfastq_bytes%2Cread_count%2Cbase_count%2Cfirst_public&format=tsv&download=false
PRJEB14695	testis_mixed_sex_r2	ERR667106	SAMEA2395940	ERS420097	ERX622594	technical_run_5	9645652	PAIRED	https://ftp.sra.ebi.ac.uk/vol1/fastq/ERR667/ERR667106/ERR667106_1.fastq.gz	https://ftp.sra.ebi.ac.uk/vol1/fastq/ERR667/ERR667106/ERR667106_2.fastq.gz	dd440bccb0e47bf82189e4641c067d8c	99192cfa27f31e684424d3ae9ffb6cda	244504656	273009323	8102326	810232600	2014-11-04	https://www.ebi.ac.uk/ena/portal/api/filereport?accession=PRJEB14695&result=read_run&fields=study_accession%2Csecondary_study_accession%2Crun_accession%2Cexperiment_accession%2Csample_accession%2Csecondary_sample_accession%2Csample_alias%2Csample_title%2Csample_description%2Cexperiment_title%2Clibrary_name%2Clibrary_layout%2Clibrary_strategy%2Clibrary_source%2Clibrary_selection%2Cinstrument_platform%2Cinstrument_model%2Cfastq_ftp%2Cfastq_md5%2Cfastq_bytes%2Cread_count%2Cbase_count%2Cfirst_public&format=tsv&download=false
PRJEB14695	testis_mixed_sex_r2	ERR667130	SAMEA2395940	ERS420097	ERX622618	technical_run_6	9645652	PAIRED	https://ftp.sra.ebi.ac.uk/vol1/fastq/ERR667/ERR667130/ERR667130_1.fastq.gz	https://ftp.sra.ebi.ac.uk/vol1/fastq/ERR667/ERR667130/ERR667130_2.fastq.gz	7630c4eeec709736f06c50eb39b48726	bae6a329621e717559090bfd6725b18b	239794955	266832682	7907348	790734800	2014-11-04	https://www.ebi.ac.uk/ena/portal/api/filereport?accession=PRJEB14695&result=read_run&fields=study_accession%2Csecondary_study_accession%2Crun_accession%2Cexperiment_accession%2Csample_accession%2Csecondary_sample_accession%2Csample_alias%2Csample_title%2Csample_description%2Cexperiment_title%2Clibrary_name%2Clibrary_layout%2Clibrary_strategy%2Clibrary_source%2Clibrary_selection%2Cinstrument_platform%2Cinstrument_model%2Cfastq_ftp%2Cfastq_md5%2Cfastq_bytes%2Cread_count%2Cbase_count%2Cfirst_public&format=tsv&download=false
PRJEB14695	testis_mixed_sex_r3	ERR506081	SAMEA2395941	ERS420098	ERX471438	technical_run_1	9645653	PAIRED	https://ftp.sra.ebi.ac.uk/vol1/fastq/ERR506/ERR506081/ERR506081_1.fastq.gz	https://ftp.sra.ebi.ac.uk/vol1/fastq/ERR506/ERR506081/ERR506081_2.fastq.gz	a51e28c337ba4409b2fab0d979b544ac	ad706edac44cbeadc052e44cd22ecfd0	255754215	262555140	9142794	914279400	2014-05-19	https://www.ebi.ac.uk/ena/portal/api/filereport?accession=PRJEB14695&result=read_run&fields=study_accession%2Csecondary_study_accession%2Crun_accession%2Cexperiment_accession%2Csample_accession%2Csecondary_sample_accession%2Csample_alias%2Csample_title%2Csample_description%2Cexperiment_title%2Clibrary_name%2Clibrary_layout%2Clibrary_strategy%2Clibrary_source%2Clibrary_selection%2Cinstrument_platform%2Cinstrument_model%2Cfastq_ftp%2Cfastq_md5%2Cfastq_bytes%2Cread_count%2Cbase_count%2Cfirst_public&format=tsv&download=false
PRJEB14695	testis_mixed_sex_r3	ERR506105	SAMEA2395941	ERS420098	ERX471462	technical_run_2	9645653	PAIRED	https://ftp.sra.ebi.ac.uk/vol1/fastq/ERR506/ERR506105/ERR506105_1.fastq.gz	https://ftp.sra.ebi.ac.uk/vol1/fastq/ERR506/ERR506105/ERR506105_2.fastq.gz	3cb99cdac05807fb1d4e7f7b6def9b75	72fcc8bd5516e2812ca1f3020edd7277	264577230	271962234	9386486	938648600	2014-05-19	https://www.ebi.ac.uk/ena/portal/api/filereport?accession=PRJEB14695&result=read_run&fields=study_accession%2Csecondary_study_accession%2Crun_accession%2Cexperiment_accession%2Csample_accession%2Csecondary_sample_accession%2Csample_alias%2Csample_title%2Csample_description%2Cexperiment_title%2Clibrary_name%2Clibrary_layout%2Clibrary_strategy%2Clibrary_source%2Clibrary_selection%2Cinstrument_platform%2Cinstrument_model%2Cfastq_ftp%2Cfastq_md5%2Cfastq_bytes%2Cread_count%2Cbase_count%2Cfirst_public&format=tsv&download=false
PRJEB14695	testis_mixed_sex_r3	ERR667059	SAMEA2395941	ERS420098	ERX622547	technical_run_3	9645653	PAIRED	https://ftp.sra.ebi.ac.uk/vol1/fastq/ERR667/ERR667059/ERR667059_1.fastq.gz	https://ftp.sra.ebi.ac.uk/vol1/fastq/ERR667/ERR667059/ERR667059_2.fastq.gz	c0e0ed4ff5c5bc815a54f162869b40f7	c2dc809ed7f3c5b6701c52151f581cb6	364397292	381672090	12037828	1203782800	2014-11-04	https://www.ebi.ac.uk/ena/portal/api/filereport?accession=PRJEB14695&result=read_run&fields=study_accession%2Csecondary_study_accession%2Crun_accession%2Cexperiment_accession%2Csample_accession%2Csecondary_sample_accession%2Csample_alias%2Csample_title%2Csample_description%2Cexperiment_title%2Clibrary_name%2Clibrary_layout%2Clibrary_strategy%2Clibrary_source%2Clibrary_selection%2Cinstrument_platform%2Cinstrument_model%2Cfastq_ftp%2Cfastq_md5%2Cfastq_bytes%2Cread_count%2Cbase_count%2Cfirst_public&format=tsv&download=false
PRJEB14695	testis_mixed_sex_r3	ERR667083	SAMEA2395941	ERS420098	ERX622571	technical_run_4	9645653	PAIRED	https://ftp.sra.ebi.ac.uk/vol1/fastq/ERR667/ERR667083/ERR667083_1.fastq.gz	https://ftp.sra.ebi.ac.uk/vol1/fastq/ERR667/ERR667083/ERR667083_2.fastq.gz	9fe19285c2457bc22a222c2cee6414e2	182b76bff392001eef24ecc5b30f4f2d	359989701	378049732	12055074	1205507400	2014-11-04	https://www.ebi.ac.uk/ena/portal/api/filereport?accession=PRJEB14695&result=read_run&fields=study_accession%2Csecondary_study_accession%2Crun_accession%2Cexperiment_accession%2Csample_accession%2Csecondary_sample_accession%2Csample_alias%2Csample_title%2Csample_description%2Cexperiment_title%2Clibrary_name%2Clibrary_layout%2Clibrary_strategy%2Clibrary_source%2Clibrary_selection%2Cinstrument_platform%2Cinstrument_model%2Cfastq_ftp%2Cfastq_md5%2Cfastq_bytes%2Cread_count%2Cbase_count%2Cfirst_public&format=tsv&download=false
PRJEB14695	testis_mixed_sex_r3	ERR667107	SAMEA2395941	ERS420098	ERX622595	technical_run_5	9645653	PAIRED	https://ftp.sra.ebi.ac.uk/vol1/fastq/ERR667/ERR667107/ERR667107_1.fastq.gz	https://ftp.sra.ebi.ac.uk/vol1/fastq/ERR667/ERR667107/ERR667107_2.fastq.gz	4db8c06ae1beca645d13c97cefc05847	b110c6e63a61d730ae3a7ec208aaa9a3	350771054	368326830	11656444	1165644400	2014-11-04	https://www.ebi.ac.uk/ena/portal/api/filereport?accession=PRJEB14695&result=read_run&fields=study_accession%2Csecondary_study_accession%2Crun_accession%2Cexperiment_accession%2Csample_accession%2Csecondary_sample_accession%2Csample_alias%2Csample_title%2Csample_description%2Cexperiment_title%2Clibrary_name%2Clibrary_layout%2Clibrary_strategy%2Clibrary_source%2Clibrary_selection%2Cinstrument_platform%2Cinstrument_model%2Cfastq_ftp%2Cfastq_md5%2Cfastq_bytes%2Cread_count%2Cbase_count%2Cfirst_public&format=tsv&download=false
PRJEB14695	testis_mixed_sex_r3	ERR667131	SAMEA2395941	ERS420098	ERX622619	technical_run_6	9645653	PAIRED	https://ftp.sra.ebi.ac.uk/vol1/fastq/ERR667/ERR667131/ERR667131_1.fastq.gz	https://ftp.sra.ebi.ac.uk/vol1/fastq/ERR667/ERR667131/ERR667131_2.fastq.gz	e96ca9de9feb3dd56e3fe60a5a573e6d	7509c1a6827ad1469f5ad73f99813027	336724837	354725078	11080606	1108060600	2014-11-04	https://www.ebi.ac.uk/ena/portal/api/filereport?accession=PRJEB14695&result=read_run&fields=study_accession%2Csecondary_study_accession%2Crun_accession%2Cexperiment_accession%2Csample_accession%2Csecondary_sample_accession%2Csample_alias%2Csample_title%2Csample_description%2Cexperiment_title%2Clibrary_name%2Clibrary_layout%2Clibrary_strategy%2Clibrary_source%2Clibrary_selection%2Cinstrument_platform%2Cinstrument_model%2Cfastq_ftp%2Cfastq_md5%2Cfastq_bytes%2Cread_count%2Cbase_count%2Cfirst_public&format=tsv&download=false
PRJEB14695	whole_male_mixed_sex_r1	ERR506082	SAMEA2395942	ERS420099	ERX471439	technical_run_1	9645654	PAIRED	https://ftp.sra.ebi.ac.uk/vol1/fastq/ERR506/ERR506082/ERR506082_1.fastq.gz	https://ftp.sra.ebi.ac.uk/vol1/fastq/ERR506/ERR506082/ERR506082_2.fastq.gz	d4309981fdf5584f85505d74d3eb4510	f9922eeee4bcfe60c5b09f0ce9ea6324	133381725	154310567	5478052	547805200	2014-05-19	https://www.ebi.ac.uk/ena/portal/api/filereport?accession=PRJEB14695&result=read_run&fields=study_accession%2Csecondary_study_accession%2Crun_accession%2Cexperiment_accession%2Csample_accession%2Csecondary_sample_accession%2Csample_alias%2Csample_title%2Csample_description%2Cexperiment_title%2Clibrary_name%2Clibrary_layout%2Clibrary_strategy%2Clibrary_source%2Clibrary_selection%2Cinstrument_platform%2Cinstrument_model%2Cfastq_ftp%2Cfastq_md5%2Cfastq_bytes%2Cread_count%2Cbase_count%2Cfirst_public&format=tsv&download=false
PRJEB14695	whole_male_mixed_sex_r1	ERR506106	SAMEA2395942	ERS420099	ERX471463	technical_run_2	9645654	PAIRED	https://ftp.sra.ebi.ac.uk/vol1/fastq/ERR506/ERR506106/ERR506106_1.fastq.gz	https://ftp.sra.ebi.ac.uk/vol1/fastq/ERR506/ERR506106/ERR506106_2.fastq.gz	0e3958e6c0d563db6607e3d72f315d7b	739bf9569fdf00a9703673c53f3cd068	138721493	161087373	5665008	566500800	2014-05-19	https://www.ebi.ac.uk/ena/portal/api/filereport?accession=PRJEB14695&result=read_run&fields=study_accession%2Csecondary_study_accession%2Crun_accession%2Cexperiment_accession%2Csample_accession%2Csecondary_sample_accession%2Csample_alias%2Csample_title%2Csample_description%2Cexperiment_title%2Clibrary_name%2Clibrary_layout%2Clibrary_strategy%2Clibrary_source%2Clibrary_selection%2Cinstrument_platform%2Cinstrument_model%2Cfastq_ftp%2Cfastq_md5%2Cfastq_bytes%2Cread_count%2Cbase_count%2Cfirst_public&format=tsv&download=false
PRJEB14695	whole_male_mixed_sex_r1	ERR667060	SAMEA2395942	ERS420099	ERX622548	technical_run_3	9645654	PAIRED	https://ftp.sra.ebi.ac.uk/vol1/fastq/ERR667/ERR667060/ERR667060_1.fastq.gz	https://ftp.sra.ebi.ac.uk/vol1/fastq/ERR667/ERR667060/ERR667060_2.fastq.gz	6316e092dca37736c67854499abb8044	3e0b9d15d45586eb283c70eeda0a6464	223048099	262909504	7815506	781550600	2014-11-04	https://www.ebi.ac.uk/ena/portal/api/filereport?accession=PRJEB14695&result=read_run&fields=study_accession%2Csecondary_study_accession%2Crun_accession%2Cexperiment_accession%2Csample_accession%2Csecondary_sample_accession%2Csample_alias%2Csample_title%2Csample_description%2Cexperiment_title%2Clibrary_name%2Clibrary_layout%2Clibrary_strategy%2Clibrary_source%2Clibrary_selection%2Cinstrument_platform%2Cinstrument_model%2Cfastq_ftp%2Cfastq_md5%2Cfastq_bytes%2Cread_count%2Cbase_count%2Cfirst_public&format=tsv&download=false
PRJEB14695	whole_male_mixed_sex_r1	ERR667084	SAMEA2395942	ERS420099	ERX622572	technical_run_4	9645654	PAIRED	https://ftp.sra.ebi.ac.uk/vol1/fastq/ERR667/ERR667084/ERR667084_1.fastq.gz	https://ftp.sra.ebi.ac.uk/vol1/fastq/ERR667/ERR667084/ERR667084_2.fastq.gz	218c82099aed868131719f66859a3137	4ab615d2d2e9415d9690ece624452f00	218252476	259584718	7806988	780698800	2014-11-04	https://www.ebi.ac.uk/ena/portal/api/filereport?accession=PRJEB14695&result=read_run&fields=study_accession%2Csecondary_study_accession%2Crun_accession%2Cexperiment_accession%2Csample_accession%2Csecondary_sample_accession%2Csample_alias%2Csample_title%2Csample_description%2Cexperiment_title%2Clibrary_name%2Clibrary_layout%2Clibrary_strategy%2Clibrary_source%2Clibrary_selection%2Cinstrument_platform%2Cinstrument_model%2Cfastq_ftp%2Cfastq_md5%2Cfastq_bytes%2Cread_count%2Cbase_count%2Cfirst_public&format=tsv&download=false
PRJEB14695	whole_male_mixed_sex_r1	ERR667108	SAMEA2395942	ERS420099	ERX622596	technical_run_5	9645654	PAIRED	https://ftp.sra.ebi.ac.uk/vol1/fastq/ERR667/ERR667108/ERR667108_1.fastq.gz	https://ftp.sra.ebi.ac.uk/vol1/fastq/ERR667/ERR667108/ERR667108_2.fastq.gz	67cdbc02f42b563ec1f3342cc3d5c183	a85b8b4f6e087a19c0ab2984b541d5e4	217067124	258274683	7850118	785011800	2014-11-04	https://www.ebi.ac.uk/ena/portal/api/filereport?accession=PRJEB14695&result=read_run&fields=study_accession%2Csecondary_study_accession%2Crun_accession%2Cexperiment_accession%2Csample_accession%2Csecondary_sample_accession%2Csample_alias%2Csample_title%2Csample_description%2Cexperiment_title%2Clibrary_name%2Clibrary_layout%2Clibrary_strategy%2Clibrary_source%2Clibrary_selection%2Cinstrument_platform%2Cinstrument_model%2Cfastq_ftp%2Cfastq_md5%2Cfastq_bytes%2Cread_count%2Cbase_count%2Cfirst_public&format=tsv&download=false
PRJEB14695	whole_male_mixed_sex_r1	ERR667132	SAMEA2395942	ERS420099	ERX622620	technical_run_6	9645654	PAIRED	https://ftp.sra.ebi.ac.uk/vol1/fastq/ERR667/ERR667132/ERR667132_1.fastq.gz	https://ftp.sra.ebi.ac.uk/vol1/fastq/ERR667/ERR667132/ERR667132_2.fastq.gz	73cc40ff98d5aed8ba359a1b1fb418df	0904413c5f3384ea29e434b358b79203	211952278	250986247	7637362	763736200	2014-11-04	https://www.ebi.ac.uk/ena/portal/api/filereport?accession=PRJEB14695&result=read_run&fields=study_accession%2Csecondary_study_accession%2Crun_accession%2Cexperiment_accession%2Csample_accession%2Csecondary_sample_accession%2Csample_alias%2Csample_title%2Csample_description%2Cexperiment_title%2Clibrary_name%2Clibrary_layout%2Clibrary_strategy%2Clibrary_source%2Clibrary_selection%2Cinstrument_platform%2Cinstrument_model%2Cfastq_ftp%2Cfastq_md5%2Cfastq_bytes%2Cread_count%2Cbase_count%2Cfirst_public&format=tsv&download=false
PRJEB14695	whole_female_mixed_sex_r2	ERR506083	SAMEA2395943	ERS420100	ERX471440	technical_run_1	9645655	PAIRED	https://ftp.sra.ebi.ac.uk/vol1/fastq/ERR506/ERR506083/ERR506083_1.fastq.gz	https://ftp.sra.ebi.ac.uk/vol1/fastq/ERR506/ERR506083/ERR506083_2.fastq.gz	750e34725ec7aeacb828dd27ab0a8483	0506af58386b0ae79b2cb207d9db63df	201152016	226641129	7489736	748973600	2014-05-19	https://www.ebi.ac.uk/ena/portal/api/filereport?accession=PRJEB14695&result=read_run&fields=study_accession%2Csecondary_study_accession%2Crun_accession%2Cexperiment_accession%2Csample_accession%2Csecondary_sample_accession%2Csample_alias%2Csample_title%2Csample_description%2Cexperiment_title%2Clibrary_name%2Clibrary_layout%2Clibrary_strategy%2Clibrary_source%2Clibrary_selection%2Cinstrument_platform%2Cinstrument_model%2Cfastq_ftp%2Cfastq_md5%2Cfastq_bytes%2Cread_count%2Cbase_count%2Cfirst_public&format=tsv&download=false
PRJEB14695	whole_female_mixed_sex_r2	ERR506107	SAMEA2395943	ERS420100	ERX471464	technical_run_2	9645655	PAIRED	https://ftp.sra.ebi.ac.uk/vol1/fastq/ERR506/ERR506107/ERR506107_1.fastq.gz	https://ftp.sra.ebi.ac.uk/vol1/fastq/ERR506/ERR506107/ERR506107_2.fastq.gz	4eec7bb711b67d54e982b9368316f472	38bb09cacb9c5407e6895d4b2b66c0e3	208401596	235293590	7717098	771709800	2014-05-19	https://www.ebi.ac.uk/ena/portal/api/filereport?accession=PRJEB14695&result=read_run&fields=study_accession%2Csecondary_study_accession%2Crun_accession%2Cexperiment_accession%2Csample_accession%2Csecondary_sample_accession%2Csample_alias%2Csample_title%2Csample_description%2Cexperiment_title%2Clibrary_name%2Clibrary_layout%2Clibrary_strategy%2Clibrary_source%2Clibrary_selection%2Cinstrument_platform%2Cinstrument_model%2Cfastq_ftp%2Cfastq_md5%2Cfastq_bytes%2Cread_count%2Cbase_count%2Cfirst_public&format=tsv&download=false
PRJEB14695	whole_female_mixed_sex_r2	ERR667061	SAMEA2395943	ERS420100	ERX622549	technical_run_3	9645655	PAIRED	https://ftp.sra.ebi.ac.uk/vol1/fastq/ERR667/ERR667061/ERR667061_1.fastq.gz	https://ftp.sra.ebi.ac.uk/vol1/fastq/ERR667/ERR667061/ERR667061_2.fastq.gz	4531ff8cd5181365ff8ab5e39c7972c6	6beb8953e15d7937b5791921ad4a6739	321046311	368336848	10521180	1052118000	2014-11-04	https://www.ebi.ac.uk/ena/portal/api/filereport?accession=PRJEB14695&result=read_run&fields=study_accession%2Csecondary_study_accession%2Crun_accession%2Cexperiment_accession%2Csample_accession%2Csecondary_sample_accession%2Csample_alias%2Csample_title%2Csample_description%2Cexperiment_title%2Clibrary_name%2Clibrary_layout%2Clibrary_strategy%2Clibrary_source%2Clibrary_selection%2Cinstrument_platform%2Cinstrument_model%2Cfastq_ftp%2Cfastq_md5%2Cfastq_bytes%2Cread_count%2Cbase_count%2Cfirst_public&format=tsv&download=false
PRJEB14695	whole_female_mixed_sex_r2	ERR667085	SAMEA2395943	ERS420100	ERX622573	technical_run_4	9645655	PAIRED	https://ftp.sra.ebi.ac.uk/vol1/fastq/ERR667/ERR667085/ERR667085_1.fastq.gz	https://ftp.sra.ebi.ac.uk/vol1/fastq/ERR667/ERR667085/ERR667085_2.fastq.gz	565e452bcc0a9b328175faf254870985	ff4ffbaad11403f8206313e8100f34ce	314924592	363901724	10500694	1050069400	2014-11-04	https://www.ebi.ac.uk/ena/portal/api/filereport?accession=PRJEB14695&result=read_run&fields=study_accession%2Csecondary_study_accession%2Crun_accession%2Cexperiment_accession%2Csample_accession%2Csecondary_sample_accession%2Csample_alias%2Csample_title%2Csample_description%2Cexperiment_title%2Clibrary_name%2Clibrary_layout%2Clibrary_strategy%2Clibrary_source%2Clibrary_selection%2Cinstrument_platform%2Cinstrument_model%2Cfastq_ftp%2Cfastq_md5%2Cfastq_bytes%2Cread_count%2Cbase_count%2Cfirst_public&format=tsv&download=false
PRJEB14695	whole_female_mixed_sex_r2	ERR667109	SAMEA2395943	ERS420100	ERX622597	technical_run_5	9645655	PAIRED	https://ftp.sra.ebi.ac.uk/vol1/fastq/ERR667/ERR667109/ERR667109_1.fastq.gz	https://ftp.sra.ebi.ac.uk/vol1/fastq/ERR667/ERR667109/ERR667109_2.fastq.gz	8f0077ffd87f47606cadc2a87891f7c8	c3b85d56fd7910ba06a1442ce2d7c5f1	313143428	361613336	10524082	1052408200	2014-11-04	https://www.ebi.ac.uk/ena/portal/api/filereport?accession=PRJEB14695&result=read_run&fields=study_accession%2Csecondary_study_accession%2Crun_accession%2Cexperiment_accession%2Csample_accession%2Csecondary_sample_accession%2Csample_alias%2Csample_title%2Csample_description%2Cexperiment_title%2Clibrary_name%2Clibrary_layout%2Clibrary_strategy%2Clibrary_source%2Clibrary_selection%2Cinstrument_platform%2Cinstrument_model%2Cfastq_ftp%2Cfastq_md5%2Cfastq_bytes%2Cread_count%2Cbase_count%2Cfirst_public&format=tsv&download=false
PRJEB14695	whole_female_mixed_sex_r2	ERR667133	SAMEA2395943	ERS420100	ERX622621	technical_run_6	9645655	PAIRED	https://ftp.sra.ebi.ac.uk/vol1/fastq/ERR667/ERR667133/ERR667133_1.fastq.gz	https://ftp.sra.ebi.ac.uk/vol1/fastq/ERR667/ERR667133/ERR667133_2.fastq.gz	bd84d959d354c01931b6e16732cba611	9aef4132fae840a7c9b7b963f19acc22	307121340	353786761	10297796	1029779600	2014-11-04	https://www.ebi.ac.uk/ena/portal/api/filereport?accession=PRJEB14695&result=read_run&fields=study_accession%2Csecondary_study_accession%2Crun_accession%2Cexperiment_accession%2Csample_accession%2Csecondary_sample_accession%2Csample_alias%2Csample_title%2Csample_description%2Cexperiment_title%2Clibrary_name%2Clibrary_layout%2Clibrary_strategy%2Clibrary_source%2Clibrary_selection%2Cinstrument_platform%2Cinstrument_model%2Cfastq_ftp%2Cfastq_md5%2Cfastq_bytes%2Cread_count%2Cbase_count%2Cfirst_public&format=tsv&download=false
PRJEB14695	whole_female_mixed_sex_r3	ERR506084	SAMEA2395944	ERS420101	ERX471441	technical_run_1	9645656	PAIRED	https://ftp.sra.ebi.ac.uk/vol1/fastq/ERR506/ERR506084/ERR506084_1.fastq.gz	https://ftp.sra.ebi.ac.uk/vol1/fastq/ERR506/ERR506084/ERR506084_2.fastq.gz	c5c0486cbbcb3d985ca4a01b9e9d0d05	799f3c3d5daf6f6833d8c87e25f605a6	168923246	190450554	6349800	634980000	2014-05-19	https://www.ebi.ac.uk/ena/portal/api/filereport?accession=PRJEB14695&result=read_run&fields=study_accession%2Csecondary_study_accession%2Crun_accession%2Cexperiment_accession%2Csample_accession%2Csecondary_sample_accession%2Csample_alias%2Csample_title%2Csample_description%2Cexperiment_title%2Clibrary_name%2Clibrary_layout%2Clibrary_strategy%2Clibrary_source%2Clibrary_selection%2Cinstrument_platform%2Cinstrument_model%2Cfastq_ftp%2Cfastq_md5%2Cfastq_bytes%2Cread_count%2Cbase_count%2Cfirst_public&format=tsv&download=false
PRJEB14695	whole_female_mixed_sex_r3	ERR506108	SAMEA2395944	ERS420101	ERX471465	technical_run_2	9645656	PAIRED	https://ftp.sra.ebi.ac.uk/vol1/fastq/ERR506/ERR506108/ERR506108_1.fastq.gz	https://ftp.sra.ebi.ac.uk/vol1/fastq/ERR506/ERR506108/ERR506108_2.fastq.gz	584d367c697509f0e2d765fa24283235	091a712db141988ca59b6be46a9d1d81	175241630	197971376	6547404	654740400	2014-05-19	https://www.ebi.ac.uk/ena/portal/api/filereport?accession=PRJEB14695&result=read_run&fields=study_accession%2Csecondary_study_accession%2Crun_accession%2Cexperiment_accession%2Csample_accession%2Csecondary_sample_accession%2Csample_alias%2Csample_title%2Csample_description%2Cexperiment_title%2Clibrary_name%2Clibrary_layout%2Clibrary_strategy%2Clibrary_source%2Clibrary_selection%2Cinstrument_platform%2Cinstrument_model%2Cfastq_ftp%2Cfastq_md5%2Cfastq_bytes%2Cread_count%2Cbase_count%2Cfirst_public&format=tsv&download=false
PRJEB14695	whole_female_mixed_sex_r3	ERR667062	SAMEA2395944	ERS420101	ERX622550	technical_run_3	9645656	PAIRED	https://ftp.sra.ebi.ac.uk/vol1/fastq/ERR667/ERR667062/ERR667062_1.fastq.gz	https://ftp.sra.ebi.ac.uk/vol1/fastq/ERR667/ERR667062/ERR667062_2.fastq.gz	bde41312883a9bd6d7add1a3d35993a1	a534a9956616b7e387e4798b51aa3a99	273602463	314184745	9009792	900979200	2014-11-04	https://www.ebi.ac.uk/ena/portal/api/filereport?accession=PRJEB14695&result=read_run&fields=study_accession%2Csecondary_study_accession%2Crun_accession%2Cexperiment_accession%2Csample_accession%2Csecondary_sample_accession%2Csample_alias%2Csample_title%2Csample_description%2Cexperiment_title%2Clibrary_name%2Clibrary_layout%2Clibrary_strategy%2Clibrary_source%2Clibrary_selection%2Cinstrument_platform%2Cinstrument_model%2Cfastq_ftp%2Cfastq_md5%2Cfastq_bytes%2Cread_count%2Cbase_count%2Cfirst_public&format=tsv&download=false
PRJEB14695	whole_female_mixed_sex_r3	ERR667086	SAMEA2395944	ERS420101	ERX622574	technical_run_4	9645656	PAIRED	https://ftp.sra.ebi.ac.uk/vol1/fastq/ERR667/ERR667086/ERR667086_1.fastq.gz	https://ftp.sra.ebi.ac.uk/vol1/fastq/ERR667/ERR667086/ERR667086_2.fastq.gz	df87e4c69f9d5bb58aeee47f5276ca80	c8eeeab441941558a34bef0f0967efe2	268373730	310377618	8993296	899329600	2014-11-04	https://www.ebi.ac.uk/ena/portal/api/filereport?accession=PRJEB14695&result=read_run&fields=study_accession%2Csecondary_study_accession%2Crun_accession%2Cexperiment_accession%2Csample_accession%2Csecondary_sample_accession%2Csample_alias%2Csample_title%2Csample_description%2Cexperiment_title%2Clibrary_name%2Clibrary_layout%2Clibrary_strategy%2Clibrary_source%2Clibrary_selection%2Cinstrument_platform%2Cinstrument_model%2Cfastq_ftp%2Cfastq_md5%2Cfastq_bytes%2Cread_count%2Cbase_count%2Cfirst_public&format=tsv&download=false
PRJEB14695	whole_female_mixed_sex_r3	ERR667110	SAMEA2395944	ERS420101	ERX622598	technical_run_5	9645656	PAIRED	https://ftp.sra.ebi.ac.uk/vol1/fastq/ERR667/ERR667110/ERR667110_1.fastq.gz	https://ftp.sra.ebi.ac.uk/vol1/fastq/ERR667/ERR667110/ERR667110_2.fastq.gz	a2dfa9b2381075a414076cb1c36beccd	65319f36f499586f4291bf0e10730f77	267304633	309087040	9030422	903042200	2014-11-04	https://www.ebi.ac.uk/ena/portal/api/filereport?accession=PRJEB14695&result=read_run&fields=study_accession%2Csecondary_study_accession%2Crun_accession%2Cexperiment_accession%2Csample_accession%2Csecondary_sample_accession%2Csample_alias%2Csample_title%2Csample_description%2Cexperiment_title%2Clibrary_name%2Clibrary_layout%2Clibrary_strategy%2Clibrary_source%2Clibrary_selection%2Cinstrument_platform%2Cinstrument_model%2Cfastq_ftp%2Cfastq_md5%2Cfastq_bytes%2Cread_count%2Cbase_count%2Cfirst_public&format=tsv&download=false
PRJEB14695	whole_female_mixed_sex_r3	ERR667134	SAMEA2395944	ERS420101	ERX622622	technical_run_6	9645656	PAIRED	https://ftp.sra.ebi.ac.uk/vol1/fastq/ERR667/ERR667134/ERR667134_1.fastq.gz	https://ftp.sra.ebi.ac.uk/vol1/fastq/ERR667/ERR667134/ERR667134_2.fastq.gz	0c75ceab23a680791385eec40f2da7fd	9a472d6e034e91519daceb2864d2547e	261529756	301651474	8815746	881574600	2014-11-04	https://www.ebi.ac.uk/ena/portal/api/filereport?accession=PRJEB14695&result=read_run&fields=study_accession%2Csecondary_study_accession%2Crun_accession%2Cexperiment_accession%2Csample_accession%2Csecondary_sample_accession%2Csample_alias%2Csample_title%2Csample_description%2Cexperiment_title%2Clibrary_name%2Clibrary_layout%2Clibrary_strategy%2Clibrary_source%2Clibrary_selection%2Cinstrument_platform%2Cinstrument_model%2Cfastq_ftp%2Cfastq_md5%2Cfastq_bytes%2Cread_count%2Cbase_count%2Cfirst_public&format=tsv&download=false
PRJEB14695	testis_single_sex_r3	ERR506085	SAMEA2395945	ERS420102	ERX471442	technical_run_1	9645657	PAIRED	https://ftp.sra.ebi.ac.uk/vol1/fastq/ERR506/ERR506085/ERR506085_1.fastq.gz	https://ftp.sra.ebi.ac.uk/vol1/fastq/ERR506/ERR506085/ERR506085_2.fastq.gz	5ebf4042faf95e55fdd8cab61206c1d0	09346938af4c5aa8949d73fa130a1e19	248724176	271188007	9127110	912711000	2014-05-19	https://www.ebi.ac.uk/ena/portal/api/filereport?accession=PRJEB14695&result=read_run&fields=study_accession%2Csecondary_study_accession%2Crun_accession%2Cexperiment_accession%2Csample_accession%2Csecondary_sample_accession%2Csample_alias%2Csample_title%2Csample_description%2Cexperiment_title%2Clibrary_name%2Clibrary_layout%2Clibrary_strategy%2Clibrary_source%2Clibrary_selection%2Cinstrument_platform%2Cinstrument_model%2Cfastq_ftp%2Cfastq_md5%2Cfastq_bytes%2Cread_count%2Cbase_count%2Cfirst_public&format=tsv&download=false
PRJEB14695	testis_single_sex_r3	ERR506109	SAMEA2395945	ERS420102	ERX471466	technical_run_2	9645657	PAIRED	https://ftp.sra.ebi.ac.uk/vol1/fastq/ERR506/ERR506109/ERR506109_1.fastq.gz	https://ftp.sra.ebi.ac.uk/vol1/fastq/ERR506/ERR506109/ERR506109_2.fastq.gz	85c5a2fec09cd408f0320d72f58e13e2	60553f00fbbe4bff2c2c4d633da74f9f	257619861	281425606	9416240	941624000	2014-05-19	https://www.ebi.ac.uk/ena/portal/api/filereport?accession=PRJEB14695&result=read_run&fields=study_accession%2Csecondary_study_accession%2Crun_accession%2Cexperiment_accession%2Csample_accession%2Csecondary_sample_accession%2Csample_alias%2Csample_title%2Csample_description%2Cexperiment_title%2Clibrary_name%2Clibrary_layout%2Clibrary_strategy%2Clibrary_source%2Clibrary_selection%2Cinstrument_platform%2Cinstrument_model%2Cfastq_ftp%2Cfastq_md5%2Cfastq_bytes%2Cread_count%2Cbase_count%2Cfirst_public&format=tsv&download=false
PRJEB14695	testis_single_sex_r3	ERR667063	SAMEA2395945	ERS420102	ERX622551	technical_run_3	9645657	PAIRED	https://ftp.sra.ebi.ac.uk/vol1/fastq/ERR667/ERR667063/ERR667063_1.fastq.gz	https://ftp.sra.ebi.ac.uk/vol1/fastq/ERR667/ERR667063/ERR667063_2.fastq.gz	c35f3af93be0bc0da211ad1ca88adc9e	c44bad10621441bf27bfdba1ed4988d2	393428031	436295377	12763562	1276356200	2014-11-04	https://www.ebi.ac.uk/ena/portal/api/filereport?accession=PRJEB14695&result=read_run&fields=study_accession%2Csecondary_study_accession%2Crun_accession%2Cexperiment_accession%2Csample_accession%2Csecondary_sample_accession%2Csample_alias%2Csample_title%2Csample_description%2Cexperiment_title%2Clibrary_name%2Clibrary_layout%2Clibrary_strategy%2Clibrary_source%2Clibrary_selection%2Cinstrument_platform%2Cinstrument_model%2Cfastq_ftp%2Cfastq_md5%2Cfastq_bytes%2Cread_count%2Cbase_count%2Cfirst_public&format=tsv&download=false
PRJEB14695	testis_single_sex_r3	ERR667087	SAMEA2395945	ERS420102	ERX622575	technical_run_4	9645657	PAIRED	https://ftp.sra.ebi.ac.uk/vol1/fastq/ERR667/ERR667087/ERR667087_1.fastq.gz	https://ftp.sra.ebi.ac.uk/vol1/fastq/ERR667/ERR667087/ERR667087_2.fastq.gz	7a159fd99d68f5b220de2a30a601be62	87518691f2dbda38443887dac80ddd86	386201370	430936403	12752090	1275209000	2014-11-04	https://www.ebi.ac.uk/ena/portal/api/filereport?accession=PRJEB14695&result=read_run&fields=study_accession%2Csecondary_study_accession%2Crun_accession%2Cexperiment_accession%2Csample_accession%2Csecondary_sample_accession%2Csample_alias%2Csample_title%2Csample_description%2Cexperiment_title%2Clibrary_name%2Clibrary_layout%2Clibrary_strategy%2Clibrary_source%2Clibrary_selection%2Cinstrument_platform%2Cinstrument_model%2Cfastq_ftp%2Cfastq_md5%2Cfastq_bytes%2Cread_count%2Cbase_count%2Cfirst_public&format=tsv&download=false
PRJEB14695	testis_single_sex_r3	ERR667111	SAMEA2395945	ERS420102	ERX622599	technical_run_5	9645657	PAIRED	https://ftp.sra.ebi.ac.uk/vol1/fastq/ERR667/ERR667111/ERR667111_1.fastq.gz	https://ftp.sra.ebi.ac.uk/vol1/fastq/ERR667/ERR667111/ERR667111_2.fastq.gz	0eac8538b3e9510fef870d6e1a3d81f9	b5cba550433f4d437dc5df0ab71da102	384884551	429381761	12802050	1280205000	2014-11-04	https://www.ebi.ac.uk/ena/portal/api/filereport?accession=PRJEB14695&result=read_run&fields=study_accession%2Csecondary_study_accession%2Crun_accession%2Cexperiment_accession%2Csample_accession%2Csecondary_sample_accession%2Csample_alias%2Csample_title%2Csample_description%2Cexperiment_title%2Clibrary_name%2Clibrary_layout%2Clibrary_strategy%2Clibrary_source%2Clibrary_selection%2Cinstrument_platform%2Cinstrument_model%2Cfastq_ftp%2Cfastq_md5%2Cfastq_bytes%2Cread_count%2Cbase_count%2Cfirst_public&format=tsv&download=false
PRJEB14695	testis_single_sex_r3	ERR667135	SAMEA2395945	ERS420102	ERX622623	technical_run_6	9645657	PAIRED	https://ftp.sra.ebi.ac.uk/vol1/fastq/ERR667/ERR667135/ERR667135_1.fastq.gz	https://ftp.sra.ebi.ac.uk/vol1/fastq/ERR667/ERR667135/ERR667135_2.fastq.gz	ddb10deb7237ea292769d7c24bd45fff	028981057d62e679a8fe46ecd0d247ea	376055766	418712079	12463932	1246393200	2014-11-04	https://www.ebi.ac.uk/ena/portal/api/filereport?accession=PRJEB14695&result=read_run&fields=study_accession%2Csecondary_study_accession%2Crun_accession%2Cexperiment_accession%2Csample_accession%2Csecondary_sample_accession%2Csample_alias%2Csample_title%2Csample_description%2Cexperiment_title%2Clibrary_name%2Clibrary_layout%2Clibrary_strategy%2Clibrary_source%2Clibrary_selection%2Cinstrument_platform%2Cinstrument_model%2Cfastq_ftp%2Cfastq_md5%2Cfastq_bytes%2Cread_count%2Cbase_count%2Cfirst_public&format=tsv&download=false
PRJEB14695	whole_male_single_sex_r1	ERR506086	SAMEA2395946	ERS420103	ERX471443	technical_run_1	9645658	PAIRED	https://ftp.sra.ebi.ac.uk/vol1/fastq/ERR506/ERR506086/ERR506086_1.fastq.gz	https://ftp.sra.ebi.ac.uk/vol1/fastq/ERR506/ERR506086/ERR506086_2.fastq.gz	b074310c9d4a85ba5ba3c727698542eb	acd99ddc3354267c3325baaf3590ebe2	223961770	243045450	8303348	830334800	2014-05-19	https://www.ebi.ac.uk/ena/portal/api/filereport?accession=PRJEB14695&result=read_run&fields=study_accession%2Csecondary_study_accession%2Crun_accession%2Cexperiment_accession%2Csample_accession%2Csecondary_sample_accession%2Csample_alias%2Csample_title%2Csample_description%2Cexperiment_title%2Clibrary_name%2Clibrary_layout%2Clibrary_strategy%2Clibrary_source%2Clibrary_selection%2Cinstrument_platform%2Cinstrument_model%2Cfastq_ftp%2Cfastq_md5%2Cfastq_bytes%2Cread_count%2Cbase_count%2Cfirst_public&format=tsv&download=false
PRJEB14695	whole_male_single_sex_r1	ERR506110	SAMEA2395946	ERS420103	ERX471467	technical_run_2	9645658	PAIRED	https://ftp.sra.ebi.ac.uk/vol1/fastq/ERR506/ERR506110/ERR506110_1.fastq.gz	https://ftp.sra.ebi.ac.uk/vol1/fastq/ERR506/ERR506110/ERR506110_2.fastq.gz	ed5acfd0c533a3a54451b8bd1a1fadfd	ca91e3bcb351bd049c6ee99ca24150c1	232593170	252906032	8588874	858887400	2014-05-19	https://www.ebi.ac.uk/ena/portal/api/filereport?accession=PRJEB14695&result=read_run&fields=study_accession%2Csecondary_study_accession%2Crun_accession%2Cexperiment_accession%2Csample_accession%2Csecondary_sample_accession%2Csample_alias%2Csample_title%2Csample_description%2Cexperiment_title%2Clibrary_name%2Clibrary_layout%2Clibrary_strategy%2Clibrary_source%2Clibrary_selection%2Cinstrument_platform%2Cinstrument_model%2Cfastq_ftp%2Cfastq_md5%2Cfastq_bytes%2Cread_count%2Cbase_count%2Cfirst_public&format=tsv&download=false
PRJEB14695	whole_male_single_sex_r1	ERR667064	SAMEA2395946	ERS420103	ERX622552	technical_run_3	9645658	PAIRED	https://ftp.sra.ebi.ac.uk/vol1/fastq/ERR667/ERR667064/ERR667064_1.fastq.gz	https://ftp.sra.ebi.ac.uk/vol1/fastq/ERR667/ERR667064/ERR667064_2.fastq.gz	ef685a6e3e2ef4fd02133a6a793d0d59	9bf88960925643a22faafec358e77ab1	359779207	396710362	11773736	1177373600	2014-11-04	https://www.ebi.ac.uk/ena/portal/api/filereport?accession=PRJEB14695&result=read_run&fields=study_accession%2Csecondary_study_accession%2Crun_accession%2Cexperiment_accession%2Csample_accession%2Csecondary_sample_accession%2Csample_alias%2Csample_title%2Csample_description%2Cexperiment_title%2Clibrary_name%2Clibrary_layout%2Clibrary_strategy%2Clibrary_source%2Clibrary_selection%2Cinstrument_platform%2Cinstrument_model%2Cfastq_ftp%2Cfastq_md5%2Cfastq_bytes%2Cread_count%2Cbase_count%2Cfirst_public&format=tsv&download=false
PRJEB14695	whole_male_single_sex_r1	ERR667088	SAMEA2395946	ERS420103	ERX622576	technical_run_4	9645658	PAIRED	https://ftp.sra.ebi.ac.uk/vol1/fastq/ERR667/ERR667088/ERR667088_1.fastq.gz	https://ftp.sra.ebi.ac.uk/vol1/fastq/ERR667/ERR667088/ERR667088_2.fastq.gz	4763d857f39bcf85717611ede656726e	5a05699de43f6d057d2587d828c9f13f	352679996	391159991	11743300	1174330000	2014-11-04	https://www.ebi.ac.uk/ena/portal/api/filereport?accession=PRJEB14695&result=read_run&fields=study_accession%2Csecondary_study_accession%2Crun_accession%2Cexperiment_accession%2Csample_accession%2Csecondary_sample_accession%2Csample_alias%2Csample_title%2Csample_description%2Cexperiment_title%2Clibrary_name%2Clibrary_layout%2Clibrary_strategy%2Clibrary_source%2Clibrary_selection%2Cinstrument_platform%2Cinstrument_model%2Cfastq_ftp%2Cfastq_md5%2Cfastq_bytes%2Cread_count%2Cbase_count%2Cfirst_public&format=tsv&download=false
PRJEB14695	whole_male_single_sex_r1	ERR667112	SAMEA2395946	ERS420103	ERX622600	technical_run_5	9645658	PAIRED	https://ftp.sra.ebi.ac.uk/vol1/fastq/ERR667/ERR667112/ERR667112_1.fastq.gz	https://ftp.sra.ebi.ac.uk/vol1/fastq/ERR667/ERR667112/ERR667112_2.fastq.gz	fa65656ff0cd7312f7c099ad4d742402	fbe532e35baf9700929507e2e26f023d	351578845	390129105	11799306	1179930600	2014-11-04	https://www.ebi.ac.uk/ena/portal/api/filereport?accession=PRJEB14695&result=read_run&fields=study_accession%2Csecondary_study_accession%2Crun_accession%2Cexperiment_accession%2Csample_accession%2Csecondary_sample_accession%2Csample_alias%2Csample_title%2Csample_description%2Cexperiment_title%2Clibrary_name%2Clibrary_layout%2Clibrary_strategy%2Clibrary_source%2Clibrary_selection%2Cinstrument_platform%2Cinstrument_model%2Cfastq_ftp%2Cfastq_md5%2Cfastq_bytes%2Cread_count%2Cbase_count%2Cfirst_public&format=tsv&download=false
PRJEB14695	whole_male_single_sex_r1	ERR667136	SAMEA2395946	ERS420103	ERX622624	technical_run_6	9645658	PAIRED	https://ftp.sra.ebi.ac.uk/vol1/fastq/ERR667/ERR667136/ERR667136_1.fastq.gz	https://ftp.sra.ebi.ac.uk/vol1/fastq/ERR667/ERR667136/ERR667136_2.fastq.gz	d248c489ad7fc8400d80b145eafe7b89	93c0092792f3847cb65209f3b4359708	343359178	380328126	11480334	1148033400	2014-11-04	https://www.ebi.ac.uk/ena/portal/api/filereport?accession=PRJEB14695&result=read_run&fields=study_accession%2Csecondary_study_accession%2Crun_accession%2Cexperiment_accession%2Csample_accession%2Csecondary_sample_accession%2Csample_alias%2Csample_title%2Csample_description%2Cexperiment_title%2Clibrary_name%2Clibrary_layout%2Clibrary_strategy%2Clibrary_source%2Clibrary_selection%2Cinstrument_platform%2Cinstrument_model%2Cfastq_ftp%2Cfastq_md5%2Cfastq_bytes%2Cread_count%2Cbase_count%2Cfirst_public&format=tsv&download=false
PRJEB14695	whole_male_single_sex_r2	ERR506087	SAMEA2395947	ERS420104	ERX471444	technical_run_1	9645659	PAIRED	https://ftp.sra.ebi.ac.uk/vol1/fastq/ERR506/ERR506087/ERR506087_1.fastq.gz	https://ftp.sra.ebi.ac.uk/vol1/fastq/ERR506/ERR506087/ERR506087_2.fastq.gz	d6593692c6ce043d7e8c25d03337683e	2f2ab07a1e8dc0f50626aaaa7062e087	227062437	248624796	8406204	840620400	2014-05-19	https://www.ebi.ac.uk/ena/portal/api/filereport?accession=PRJEB14695&result=read_run&fields=study_accession%2Csecondary_study_accession%2Crun_accession%2Cexperiment_accession%2Csample_accession%2Csecondary_sample_accession%2Csample_alias%2Csample_title%2Csample_description%2Cexperiment_title%2Clibrary_name%2Clibrary_layout%2Clibrary_strategy%2Clibrary_source%2Clibrary_selection%2Cinstrument_platform%2Cinstrument_model%2Cfastq_ftp%2Cfastq_md5%2Cfastq_bytes%2Cread_count%2Cbase_count%2Cfirst_public&format=tsv&download=false
PRJEB14695	whole_male_single_sex_r2	ERR506111	SAMEA2395947	ERS420104	ERX471468	technical_run_2	9645659	PAIRED	https://ftp.sra.ebi.ac.uk/vol1/fastq/ERR506/ERR506111/ERR506111_1.fastq.gz	https://ftp.sra.ebi.ac.uk/vol1/fastq/ERR506/ERR506111/ERR506111_2.fastq.gz	2964e1938ca471f83ec964780f6b0cf7	f9eb5527b44763662f85ebf10d1f9b7a	234703880	257475843	8659656	865965600	2014-05-19	https://www.ebi.ac.uk/ena/portal/api/filereport?accession=PRJEB14695&result=read_run&fields=study_accession%2Csecondary_study_accession%2Crun_accession%2Cexperiment_accession%2Csample_accession%2Csecondary_sample_accession%2Csample_alias%2Csample_title%2Csample_description%2Cexperiment_title%2Clibrary_name%2Clibrary_layout%2Clibrary_strategy%2Clibrary_source%2Clibrary_selection%2Cinstrument_platform%2Cinstrument_model%2Cfastq_ftp%2Cfastq_md5%2Cfastq_bytes%2Cread_count%2Cbase_count%2Cfirst_public&format=tsv&download=false
PRJEB14695	whole_male_single_sex_r2	ERR667065	SAMEA2395947	ERS420104	ERX622553	technical_run_3	9645659	PAIRED	https://ftp.sra.ebi.ac.uk/vol1/fastq/ERR667/ERR667065/ERR667065_1.fastq.gz	https://ftp.sra.ebi.ac.uk/vol1/fastq/ERR667/ERR667065/ERR667065_2.fastq.gz	789a22a4147c7be34e7cd180dae44ce3	cf6456226fa1f23b445320a111fcb857	362079069	403241021	11869748	1186974800	2014-11-04	https://www.ebi.ac.uk/ena/portal/api/filereport?accession=PRJEB14695&result=read_run&fields=study_accession%2Csecondary_study_accession%2Crun_accession%2Cexperiment_accession%2Csample_accession%2Csecondary_sample_accession%2Csample_alias%2Csample_title%2Csample_description%2Cexperiment_title%2Clibrary_name%2Clibrary_layout%2Clibrary_strategy%2Clibrary_source%2Clibrary_selection%2Cinstrument_platform%2Cinstrument_model%2Cfastq_ftp%2Cfastq_md5%2Cfastq_bytes%2Cread_count%2Cbase_count%2Cfirst_public&format=tsv&download=false
PRJEB14695	whole_male_single_sex_r2	ERR667089	SAMEA2395947	ERS420104	ERX622577	technical_run_4	9645659	PAIRED	https://ftp.sra.ebi.ac.uk/vol1/fastq/ERR667/ERR667089/ERR667089_1.fastq.gz	https://ftp.sra.ebi.ac.uk/vol1/fastq/ERR667/ERR667089/ERR667089_2.fastq.gz	78fb901a2c1a1f0b551b4bc015ba9a8c	5239c014f934e05f445c837129634048	355000166	397790739	11843926	1184392600	2014-11-04	https://www.ebi.ac.uk/ena/portal/api/filereport?accession=PRJEB14695&result=read_run&fields=study_accession%2Csecondary_study_accession%2Crun_accession%2Cexperiment_accession%2Csample_accession%2Csecondary_sample_accession%2Csample_alias%2Csample_title%2Csample_description%2Cexperiment_title%2Clibrary_name%2Clibrary_layout%2Clibrary_strategy%2Clibrary_source%2Clibrary_selection%2Cinstrument_platform%2Cinstrument_model%2Cfastq_ftp%2Cfastq_md5%2Cfastq_bytes%2Cread_count%2Cbase_count%2Cfirst_public&format=tsv&download=false
PRJEB14695	whole_male_single_sex_r2	ERR667113	SAMEA2395947	ERS420104	ERX622601	technical_run_5	9645659	PAIRED	https://ftp.sra.ebi.ac.uk/vol1/fastq/ERR667/ERR667113/ERR667113_1.fastq.gz	https://ftp.sra.ebi.ac.uk/vol1/fastq/ERR667/ERR667113/ERR667113_2.fastq.gz	67642d6287404649354c6e2cff47b8e5	f4857cad14356d6fcea58aa551c8d09f	353434268	396235339	11883506	1188350600	2014-11-04	https://www.ebi.ac.uk/ena/portal/api/filereport?accession=PRJEB14695&result=read_run&fields=study_accession%2Csecondary_study_accession%2Crun_accession%2Cexperiment_accession%2Csample_accession%2Csecondary_sample_accession%2Csample_alias%2Csample_title%2Csample_description%2Cexperiment_title%2Clibrary_name%2Clibrary_layout%2Clibrary_strategy%2Clibrary_source%2Clibrary_selection%2Cinstrument_platform%2Cinstrument_model%2Cfastq_ftp%2Cfastq_md5%2Cfastq_bytes%2Cread_count%2Cbase_count%2Cfirst_public&format=tsv&download=false
PRJEB14695	whole_male_single_sex_r2	ERR667137	SAMEA2395947	ERS420104	ERX622625	technical_run_6	9645659	PAIRED	https://ftp.sra.ebi.ac.uk/vol1/fastq/ERR667/ERR667137/ERR667137_1.fastq.gz	https://ftp.sra.ebi.ac.uk/vol1/fastq/ERR667/ERR667137/ERR667137_2.fastq.gz	911c780f15f16269c2e803eb5c206a4a	0a2b521c965c90d749c70d19004af2d7	345876321	387161143	11591826	1159182600	2014-11-04	https://www.ebi.ac.uk/ena/portal/api/filereport?accession=PRJEB14695&result=read_run&fields=study_accession%2Csecondary_study_accession%2Crun_accession%2Cexperiment_accession%2Csample_accession%2Csecondary_sample_accession%2Csample_alias%2Csample_title%2Csample_description%2Cexperiment_title%2Clibrary_name%2Clibrary_layout%2Clibrary_strategy%2Clibrary_source%2Clibrary_selection%2Cinstrument_platform%2Cinstrument_model%2Cfastq_ftp%2Cfastq_md5%2Cfastq_bytes%2Cread_count%2Cbase_count%2Cfirst_public&format=tsv&download=false
PRJEB14695	whole_male_single_sex_r3	ERR506089	SAMEA2395948	ERS420105	ERX471446	technical_run_1	9645660	PAIRED	https://ftp.sra.ebi.ac.uk/vol1/fastq/ERR506/ERR506089/ERR506089_1.fastq.gz	https://ftp.sra.ebi.ac.uk/vol1/fastq/ERR506/ERR506089/ERR506089_2.fastq.gz	5fb09242798bf33b22f3025b281a7412	99b590bb4edaddf0b4d7f44dc14eecd0	182148625	200037058	6770636	677063600	2014-05-19	https://www.ebi.ac.uk/ena/portal/api/filereport?accession=PRJEB14695&result=read_run&fields=study_accession%2Csecondary_study_accession%2Crun_accession%2Cexperiment_accession%2Csample_accession%2Csecondary_sample_accession%2Csample_alias%2Csample_title%2Csample_description%2Cexperiment_title%2Clibrary_name%2Clibrary_layout%2Clibrary_strategy%2Clibrary_source%2Clibrary_selection%2Cinstrument_platform%2Cinstrument_model%2Cfastq_ftp%2Cfastq_md5%2Cfastq_bytes%2Cread_count%2Cbase_count%2Cfirst_public&format=tsv&download=false
PRJEB14695	whole_male_single_sex_r3	ERR506113	SAMEA2395948	ERS420105	ERX471470	technical_run_2	9645660	PAIRED	https://ftp.sra.ebi.ac.uk/vol1/fastq/ERR506/ERR506113/ERR506113_1.fastq.gz	https://ftp.sra.ebi.ac.uk/vol1/fastq/ERR506/ERR506113/ERR506113_2.fastq.gz	7f35806a1205254174e26bae1ad6d2e5	d08b9552bfe4aa85bf954b748c3917f8	188959068	208072055	6999294	699929400	2014-05-19	https://www.ebi.ac.uk/ena/portal/api/filereport?accession=PRJEB14695&result=read_run&fields=study_accession%2Csecondary_study_accession%2Crun_accession%2Cexperiment_accession%2Csample_accession%2Csecondary_sample_accession%2Csample_alias%2Csample_title%2Csample_description%2Cexperiment_title%2Clibrary_name%2Clibrary_layout%2Clibrary_strategy%2Clibrary_source%2Clibrary_selection%2Cinstrument_platform%2Cinstrument_model%2Cfastq_ftp%2Cfastq_md5%2Cfastq_bytes%2Cread_count%2Cbase_count%2Cfirst_public&format=tsv&download=false
PRJEB14695	whole_male_single_sex_r3	ERR667067	SAMEA2395948	ERS420105	ERX622555	technical_run_3	9645660	PAIRED	https://ftp.sra.ebi.ac.uk/vol1/fastq/ERR667/ERR667067/ERR667067_1.fastq.gz	https://ftp.sra.ebi.ac.uk/vol1/fastq/ERR667/ERR667067/ERR667067_2.fastq.gz	f855a7dfdcee7cd98531950b6eb18fc8	040da47a8f5541db75119408dd72e682	311271168	350238290	10291876	1029187600	2014-11-04	https://www.ebi.ac.uk/ena/portal/api/filereport?accession=PRJEB14695&result=read_run&fields=study_accession%2Csecondary_study_accession%2Crun_accession%2Cexperiment_accession%2Csample_accession%2Csecondary_sample_accession%2Csample_alias%2Csample_title%2Csample_description%2Cexperiment_title%2Clibrary_name%2Clibrary_layout%2Clibrary_strategy%2Clibrary_source%2Clibrary_selection%2Cinstrument_platform%2Cinstrument_model%2Cfastq_ftp%2Cfastq_md5%2Cfastq_bytes%2Cread_count%2Cbase_count%2Cfirst_public&format=tsv&download=false
PRJEB14695	whole_male_single_sex_r3	ERR667091	SAMEA2395948	ERS420105	ERX622579	technical_run_4	9645660	PAIRED	https://ftp.sra.ebi.ac.uk/vol1/fastq/ERR667/ERR667091/ERR667091_1.fastq.gz	https://ftp.sra.ebi.ac.uk/vol1/fastq/ERR667/ERR667091/ERR667091_2.fastq.gz	522615413fd61d81ac32151e9c09ab1a	8af0e4f0fa1ae6e46a43d9cafd140c20	305059554	345316774	10275106	1027510600	2014-11-04	https://www.ebi.ac.uk/ena/portal/api/filereport?accession=PRJEB14695&result=read_run&fields=study_accession%2Csecondary_study_accession%2Crun_accession%2Cexperiment_accession%2Csample_accession%2Csecondary_sample_accession%2Csample_alias%2Csample_title%2Csample_description%2Cexperiment_title%2Clibrary_name%2Clibrary_layout%2Clibrary_strategy%2Clibrary_source%2Clibrary_selection%2Cinstrument_platform%2Cinstrument_model%2Cfastq_ftp%2Cfastq_md5%2Cfastq_bytes%2Cread_count%2Cbase_count%2Cfirst_public&format=tsv&download=false
PRJEB14695	whole_male_single_sex_r3	ERR667115	SAMEA2395948	ERS420105	ERX622603	technical_run_5	9645660	PAIRED	https://ftp.sra.ebi.ac.uk/vol1/fastq/ERR667/ERR667115/ERR667115_1.fastq.gz	https://ftp.sra.ebi.ac.uk/vol1/fastq/ERR667/ERR667115/ERR667115_2.fastq.gz	91b18d537c837bf1ca1f718dfc0a678b	563268bd1787ca40f27e8464f79e0720	301261519	341426780	10214352	1021435200	2014-11-04	https://www.ebi.ac.uk/ena/portal/api/filereport?accession=PRJEB14695&result=read_run&fields=study_accession%2Csecondary_study_accession%2Crun_accession%2Cexperiment_accession%2Csample_accession%2Csecondary_sample_accession%2Csample_alias%2Csample_title%2Csample_description%2Cexperiment_title%2Clibrary_name%2Clibrary_layout%2Clibrary_strategy%2Clibrary_source%2Clibrary_selection%2Cinstrument_platform%2Cinstrument_model%2Cfastq_ftp%2Cfastq_md5%2Cfastq_bytes%2Cread_count%2Cbase_count%2Cfirst_public&format=tsv&download=false
PRJEB14695	whole_male_single_sex_r3	ERR667139	SAMEA2395948	ERS420105	ERX622627	technical_run_6	9645660	PAIRED	https://ftp.sra.ebi.ac.uk/vol1/fastq/ERR667/ERR667139/ERR667139_1.fastq.gz	https://ftp.sra.ebi.ac.uk/vol1/fastq/ERR667/ERR667139/ERR667139_2.fastq.gz	ac955fe5dff8349e791b8eb6194bc069	2e77e100b19208dc16003ac362088260	296105095	335142648	10001222	1000122200	2014-11-04	https://www.ebi.ac.uk/ena/portal/api/filereport?accession=PRJEB14695&result=read_run&fields=study_accession%2Csecondary_study_accession%2Crun_accession%2Cexperiment_accession%2Csample_accession%2Csecondary_sample_accession%2Csample_alias%2Csample_title%2Csample_description%2Cexperiment_title%2Clibrary_name%2Clibrary_layout%2Clibrary_strategy%2Clibrary_source%2Clibrary_selection%2Cinstrument_platform%2Cinstrument_model%2Cfastq_ftp%2Cfastq_md5%2Cfastq_bytes%2Cread_count%2Cbase_count%2Cfirst_public&format=tsv&download=false
PRJEB14695	whole_male_mixed_sex_r2	ERR506088	SAMEA2395949	ERS420106	ERX471445	technical_run_1	9645661	PAIRED	https://ftp.sra.ebi.ac.uk/vol1/fastq/ERR506/ERR506088/ERR506088_1.fastq.gz	https://ftp.sra.ebi.ac.uk/vol1/fastq/ERR506/ERR506088/ERR506088_2.fastq.gz	ce88430db7be5e2799c77e991a271430	cb44f6d940561b62fc0215d8109ce775	221785052	242590207	8154086	815408600	2014-05-19	https://www.ebi.ac.uk/ena/portal/api/filereport?accession=PRJEB14695&result=read_run&fields=study_accession%2Csecondary_study_accession%2Crun_accession%2Cexperiment_accession%2Csample_accession%2Csecondary_sample_accession%2Csample_alias%2Csample_title%2Csample_description%2Cexperiment_title%2Clibrary_name%2Clibrary_layout%2Clibrary_strategy%2Clibrary_source%2Clibrary_selection%2Cinstrument_platform%2Cinstrument_model%2Cfastq_ftp%2Cfastq_md5%2Cfastq_bytes%2Cread_count%2Cbase_count%2Cfirst_public&format=tsv&download=false
PRJEB14695	whole_male_mixed_sex_r2	ERR506112	SAMEA2395949	ERS420106	ERX471469	technical_run_2	9645661	PAIRED	https://ftp.sra.ebi.ac.uk/vol1/fastq/ERR506/ERR506112/ERR506112_1.fastq.gz	https://ftp.sra.ebi.ac.uk/vol1/fastq/ERR506/ERR506112/ERR506112_2.fastq.gz	fb468eb35399edad163757bf22a90ce4	8cad25d2c05bda9bebd134e39663e067	229333490	251325044	8401176	840117600	2014-05-19	https://www.ebi.ac.uk/ena/portal/api/filereport?accession=PRJEB14695&result=read_run&fields=study_accession%2Csecondary_study_accession%2Crun_accession%2Cexperiment_accession%2Csample_accession%2Csecondary_sample_accession%2Csample_alias%2Csample_title%2Csample_description%2Cexperiment_title%2Clibrary_name%2Clibrary_layout%2Clibrary_strategy%2Clibrary_source%2Clibrary_selection%2Cinstrument_platform%2Cinstrument_model%2Cfastq_ftp%2Cfastq_md5%2Cfastq_bytes%2Cread_count%2Cbase_count%2Cfirst_public&format=tsv&download=false
PRJEB14695	whole_male_mixed_sex_r2	ERR667066	SAMEA2395949	ERS420106	ERX622554	technical_run_3	9645661	PAIRED	https://ftp.sra.ebi.ac.uk/vol1/fastq/ERR667/ERR667066/ERR667066_1.fastq.gz	https://ftp.sra.ebi.ac.uk/vol1/fastq/ERR667/ERR667066/ERR667066_2.fastq.gz	08a58def1e9bdda245955a6d6f3093d4	1eadfb88d80c3bd255d5db0a94ce1447	348966046	388183873	11344670	1134467000	2014-11-04	https://www.ebi.ac.uk/ena/portal/api/filereport?accession=PRJEB14695&result=read_run&fields=study_accession%2Csecondary_study_accession%2Crun_accession%2Cexperiment_accession%2Csample_accession%2Csecondary_sample_accession%2Csample_alias%2Csample_title%2Csample_description%2Cexperiment_title%2Clibrary_name%2Clibrary_layout%2Clibrary_strategy%2Clibrary_source%2Clibrary_selection%2Cinstrument_platform%2Cinstrument_model%2Cfastq_ftp%2Cfastq_md5%2Cfastq_bytes%2Cread_count%2Cbase_count%2Cfirst_public&format=tsv&download=false
PRJEB14695	whole_male_mixed_sex_r2	ERR667090	SAMEA2395949	ERS420106	ERX622578	technical_run_4	9645661	PAIRED	https://ftp.sra.ebi.ac.uk/vol1/fastq/ERR667/ERR667090/ERR667090_1.fastq.gz	https://ftp.sra.ebi.ac.uk/vol1/fastq/ERR667/ERR667090/ERR667090_2.fastq.gz	71b157c6c2b5fd09e97f2b235f17990b	8263db577abacc81f0bd68477f49792c	342397938	383257240	11328296	1132829600	2014-11-04	https://www.ebi.ac.uk/ena/portal/api/filereport?accession=PRJEB14695&result=read_run&fields=study_accession%2Csecondary_study_accession%2Crun_accession%2Cexperiment_accession%2Csample_accession%2Csecondary_sample_accession%2Csample_alias%2Csample_title%2Csample_description%2Cexperiment_title%2Clibrary_name%2Clibrary_layout%2Clibrary_strategy%2Clibrary_source%2Clibrary_selection%2Cinstrument_platform%2Cinstrument_model%2Cfastq_ftp%2Cfastq_md5%2Cfastq_bytes%2Cread_count%2Cbase_count%2Cfirst_public&format=tsv&download=false
PRJEB14695	whole_male_mixed_sex_r2	ERR667114	SAMEA2395949	ERS420106	ERX622602	technical_run_5	9645661	PAIRED	https://ftp.sra.ebi.ac.uk/vol1/fastq/ERR667/ERR667114/ERR667114_1.fastq.gz	https://ftp.sra.ebi.ac.uk/vol1/fastq/ERR667/ERR667114/ERR667114_2.fastq.gz	a00b3453bd036f7ea88095989668b296	7b6fbb2ab7f7ce268ff67e80784278b2	342054994	383211247	11402636	1140263600	2014-11-04	https://www.ebi.ac.uk/ena/portal/api/filereport?accession=PRJEB14695&result=read_run&fields=study_accession%2Csecondary_study_accession%2Crun_accession%2Cexperiment_accession%2Csample_accession%2Csecondary_sample_accession%2Csample_alias%2Csample_title%2Csample_description%2Cexperiment_title%2Clibrary_name%2Clibrary_layout%2Clibrary_strategy%2Clibrary_source%2Clibrary_selection%2Cinstrument_platform%2Cinstrument_model%2Cfastq_ftp%2Cfastq_md5%2Cfastq_bytes%2Cread_count%2Cbase_count%2Cfirst_public&format=tsv&download=false
PRJEB14695	whole_male_mixed_sex_r2	ERR667138	SAMEA2395949	ERS420106	ERX622626	technical_run_6	9645661	PAIRED	https://ftp.sra.ebi.ac.uk/vol1/fastq/ERR667/ERR667138/ERR667138_1.fastq.gz	https://ftp.sra.ebi.ac.uk/vol1/fastq/ERR667/ERR667138/ERR667138_2.fastq.gz	6c6b9030c487bd4c1aeddca1a5ee79ef	bdc028f8d2236d05cb5ac74313470280	334067974	373626859	11098766	1109876600	2014-11-04	https://www.ebi.ac.uk/ena/portal/api/filereport?accession=PRJEB14695&result=read_run&fields=study_accession%2Csecondary_study_accession%2Crun_accession%2Cexperiment_accession%2Csample_accession%2Csecondary_sample_accession%2Csample_alias%2Csample_title%2Csample_description%2Cexperiment_title%2Clibrary_name%2Clibrary_layout%2Clibrary_strategy%2Clibrary_source%2Clibrary_selection%2Cinstrument_platform%2Cinstrument_model%2Cfastq_ftp%2Cfastq_md5%2Cfastq_bytes%2Cread_count%2Cbase_count%2Cfirst_public&format=tsv&download=false
PRJEB14695	whole_male_mixed_sex_r3	ERR506090	SAMEA2395950	ERS420107	ERX471447	technical_run_1	9645662	PAIRED	https://ftp.sra.ebi.ac.uk/vol1/fastq/ERR506/ERR506090/ERR506090_1.fastq.gz	https://ftp.sra.ebi.ac.uk/vol1/fastq/ERR506/ERR506090/ERR506090_2.fastq.gz	eccf7b0494ed0df7d0528ef62f723e67	3b4b384e462c1cf17141b84336a698a3	204916146	221108341	7564860	756486000	2014-05-19	https://www.ebi.ac.uk/ena/portal/api/filereport?accession=PRJEB14695&result=read_run&fields=study_accession%2Csecondary_study_accession%2Crun_accession%2Cexperiment_accession%2Csample_accession%2Csecondary_sample_accession%2Csample_alias%2Csample_title%2Csample_description%2Cexperiment_title%2Clibrary_name%2Clibrary_layout%2Clibrary_strategy%2Clibrary_source%2Clibrary_selection%2Cinstrument_platform%2Cinstrument_model%2Cfastq_ftp%2Cfastq_md5%2Cfastq_bytes%2Cread_count%2Cbase_count%2Cfirst_public&format=tsv&download=false
PRJEB14695	whole_male_mixed_sex_r3	ERR506114	SAMEA2395950	ERS420107	ERX471471	technical_run_2	9645662	PAIRED	https://ftp.sra.ebi.ac.uk/vol1/fastq/ERR506/ERR506114/ERR506114_1.fastq.gz	https://ftp.sra.ebi.ac.uk/vol1/fastq/ERR506/ERR506114/ERR506114_2.fastq.gz	ab762ca3e0f6637d6f7721272395be94	412a59e11f3ed3c3553287b02ccd0f94	212474720	229748142	7811548	781154800	2014-05-19	https://www.ebi.ac.uk/ena/portal/api/filereport?accession=PRJEB14695&result=read_run&fields=study_accession%2Csecondary_study_accession%2Crun_accession%2Cexperiment_accession%2Csample_accession%2Csecondary_sample_accession%2Csample_alias%2Csample_title%2Csample_description%2Cexperiment_title%2Clibrary_name%2Clibrary_layout%2Clibrary_strategy%2Clibrary_source%2Clibrary_selection%2Cinstrument_platform%2Cinstrument_model%2Cfastq_ftp%2Cfastq_md5%2Cfastq_bytes%2Cread_count%2Cbase_count%2Cfirst_public&format=tsv&download=false
PRJEB14695	whole_male_mixed_sex_r3	ERR667068	SAMEA2395950	ERS420107	ERX622556	technical_run_3	9645662	PAIRED	https://ftp.sra.ebi.ac.uk/vol1/fastq/ERR667/ERR667068/ERR667068_1.fastq.gz	https://ftp.sra.ebi.ac.uk/vol1/fastq/ERR667/ERR667068/ERR667068_2.fastq.gz	e52d85d3e2d333cf768b068c9e22e883	c72ef50e65689ea00f454dc8d5e1ba95	337326827	372631959	11010746	1101074600	2014-11-04	https://www.ebi.ac.uk/ena/portal/api/filereport?accession=PRJEB14695&result=read_run&fields=study_accession%2Csecondary_study_accession%2Crun_accession%2Cexperiment_accession%2Csample_accession%2Csecondary_sample_accession%2Csample_alias%2Csample_title%2Csample_description%2Cexperiment_title%2Clibrary_name%2Clibrary_layout%2Clibrary_strategy%2Clibrary_source%2Clibrary_selection%2Cinstrument_platform%2Cinstrument_model%2Cfastq_ftp%2Cfastq_md5%2Cfastq_bytes%2Cread_count%2Cbase_count%2Cfirst_public&format=tsv&download=false
PRJEB14695	whole_male_mixed_sex_r3	ERR667092	SAMEA2395950	ERS420107	ERX622580	technical_run_4	9645662	PAIRED	https://ftp.sra.ebi.ac.uk/vol1/fastq/ERR667/ERR667092/ERR667092_1.fastq.gz	https://ftp.sra.ebi.ac.uk/vol1/fastq/ERR667/ERR667092/ERR667092_2.fastq.gz	0c4017ad35475988f068e1decba76344	54e4be01812db68509f23d803b3247a1	330660036	367502558	10991458	1099145800	2014-11-04	https://www.ebi.ac.uk/ena/portal/api/filereport?accession=PRJEB14695&result=read_run&fields=study_accession%2Csecondary_study_accession%2Crun_accession%2Cexperiment_accession%2Csample_accession%2Csecondary_sample_accession%2Csample_alias%2Csample_title%2Csample_description%2Cexperiment_title%2Clibrary_name%2Clibrary_layout%2Clibrary_strategy%2Clibrary_source%2Clibrary_selection%2Cinstrument_platform%2Cinstrument_model%2Cfastq_ftp%2Cfastq_md5%2Cfastq_bytes%2Cread_count%2Cbase_count%2Cfirst_public&format=tsv&download=false
PRJEB14695	whole_male_mixed_sex_r3	ERR667116	SAMEA2395950	ERS420107	ERX622604	technical_run_5	9645662	PAIRED	https://ftp.sra.ebi.ac.uk/vol1/fastq/ERR667/ERR667116/ERR667116_1.fastq.gz	https://ftp.sra.ebi.ac.uk/vol1/fastq/ERR667/ERR667116/ERR667116_2.fastq.gz	4eda3254276f29e9bffcbd00cd8656ad	79bb2534ef18b5aa30acb63ddb1cbd44	328509545	365145751	11001034	1100103400	2014-11-04	https://www.ebi.ac.uk/ena/portal/api/filereport?accession=PRJEB14695&result=read_run&fields=study_accession%2Csecondary_study_accession%2Crun_accession%2Cexperiment_accession%2Csample_accession%2Csecondary_sample_accession%2Csample_alias%2Csample_title%2Csample_description%2Cexperiment_title%2Clibrary_name%2Clibrary_layout%2Clibrary_strategy%2Clibrary_source%2Clibrary_selection%2Cinstrument_platform%2Cinstrument_model%2Cfastq_ftp%2Cfastq_md5%2Cfastq_bytes%2Cread_count%2Cbase_count%2Cfirst_public&format=tsv&download=false
PRJEB14695	whole_male_mixed_sex_r3	ERR667140	SAMEA2395950	ERS420107	ERX622628	technical_run_6	9645662	PAIRED	https://ftp.sra.ebi.ac.uk/vol1/fastq/ERR667/ERR667140/ERR667140_1.fastq.gz	https://ftp.sra.ebi.ac.uk/vol1/fastq/ERR667/ERR667140/ERR667140_2.fastq.gz	09f56d1bf1141c1513bd1eb9fffe20c9	6242b7d0cb140cad05426c3611fb48f0	321830658	357185852	10741634	1074163400	2014-11-04	https://www.ebi.ac.uk/ena/portal/api/filereport?accession=PRJEB14695&result=read_run&fields=study_accession%2Csecondary_study_accession%2Crun_accession%2Cexperiment_accession%2Csample_accession%2Csecondary_sample_accession%2Csample_alias%2Csample_title%2Csample_description%2Cexperiment_title%2Clibrary_name%2Clibrary_layout%2Clibrary_strategy%2Clibrary_source%2Clibrary_selection%2Cinstrument_platform%2Cinstrument_model%2Cfastq_ftp%2Cfastq_md5%2Cfastq_bytes%2Cread_count%2Cbase_count%2Cfirst_public&format=tsv&download=false
PRJEB14695	whole_female_single_sex_r1	ERR506091	SAMEA2395951	ERS420108	ERX471448	technical_run_1	9645663	PAIRED	https://ftp.sra.ebi.ac.uk/vol1/fastq/ERR506/ERR506091/ERR506091_1.fastq.gz	https://ftp.sra.ebi.ac.uk/vol1/fastq/ERR506/ERR506091/ERR506091_2.fastq.gz	b0c1a7b6ddf1891b3f86866ba1dcf62f	9d28164e9382c1e128d7978bfea2b8fe	213453387	229687134	7982800	798280000	2014-05-19	https://www.ebi.ac.uk/ena/portal/api/filereport?accession=PRJEB14695&result=read_run&fields=study_accession%2Csecondary_study_accession%2Crun_accession%2Cexperiment_accession%2Csample_accession%2Csecondary_sample_accession%2Csample_alias%2Csample_title%2Csample_description%2Cexperiment_title%2Clibrary_name%2Clibrary_layout%2Clibrary_strategy%2Clibrary_source%2Clibrary_selection%2Cinstrument_platform%2Cinstrument_model%2Cfastq_ftp%2Cfastq_md5%2Cfastq_bytes%2Cread_count%2Cbase_count%2Cfirst_public&format=tsv&download=false
PRJEB14695	whole_female_single_sex_r1	ERR506115	SAMEA2395951	ERS420108	ERX471472	technical_run_2	9645663	PAIRED	https://ftp.sra.ebi.ac.uk/vol1/fastq/ERR506/ERR506115/ERR506115_1.fastq.gz	https://ftp.sra.ebi.ac.uk/vol1/fastq/ERR506/ERR506115/ERR506115_2.fastq.gz	cc7df50cf6327ea62373225e65e3be4f	f5db15f0c2384d6d839c4a5257ae3b81	221667700	239103679	8262474	826247400	2014-05-19	https://www.ebi.ac.uk/ena/portal/api/filereport?accession=PRJEB14695&result=read_run&fields=study_accession%2Csecondary_study_accession%2Crun_accession%2Cexperiment_accession%2Csample_accession%2Csecondary_sample_accession%2Csample_alias%2Csample_title%2Csample_description%2Cexperiment_title%2Clibrary_name%2Clibrary_layout%2Clibrary_strategy%2Clibrary_source%2Clibrary_selection%2Cinstrument_platform%2Cinstrument_model%2Cfastq_ftp%2Cfastq_md5%2Cfastq_bytes%2Cread_count%2Cbase_count%2Cfirst_public&format=tsv&download=false
PRJEB14695	whole_female_single_sex_r1	ERR667069	SAMEA2395951	ERS420108	ERX622557	technical_run_3	9645663	PAIRED	https://ftp.sra.ebi.ac.uk/vol1/fastq/ERR667/ERR667069/ERR667069_1.fastq.gz	https://ftp.sra.ebi.ac.uk/vol1/fastq/ERR667/ERR667069/ERR667069_2.fastq.gz	52f52aa0e8b1b4f48389e87f676397fc	dbee5ae860ba8df17ec4e758bf65054d	358074708	393532115	11821008	1182100800	2014-11-04	https://www.ebi.ac.uk/ena/portal/api/filereport?accession=PRJEB14695&result=read_run&fields=study_accession%2Csecondary_study_accession%2Crun_accession%2Cexperiment_accession%2Csample_accession%2Csecondary_sample_accession%2Csample_alias%2Csample_title%2Csample_description%2Cexperiment_title%2Clibrary_name%2Clibrary_layout%2Clibrary_strategy%2Clibrary_source%2Clibrary_selection%2Cinstrument_platform%2Cinstrument_model%2Cfastq_ftp%2Cfastq_md5%2Cfastq_bytes%2Cread_count%2Cbase_count%2Cfirst_public&format=tsv&download=false
PRJEB14695	whole_female_single_sex_r1	ERR667093	SAMEA2395951	ERS420108	ERX622581	technical_run_4	9645663	PAIRED	https://ftp.sra.ebi.ac.uk/vol1/fastq/ERR667/ERR667093/ERR667093_1.fastq.gz	https://ftp.sra.ebi.ac.uk/vol1/fastq/ERR667/ERR667093/ERR667093_2.fastq.gz	312dfbbe73adb5e47387aa420fed8547	e79b841e28b1b802add8ac2362c73462	350335534	387428657	11782022	1178202200	2014-11-04	https://www.ebi.ac.uk/ena/portal/api/filereport?accession=PRJEB14695&result=read_run&fields=study_accession%2Csecondary_study_accession%2Crun_accession%2Cexperiment_accession%2Csample_accession%2Csecondary_sample_accession%2Csample_alias%2Csample_title%2Csample_description%2Cexperiment_title%2Clibrary_name%2Clibrary_layout%2Clibrary_strategy%2Clibrary_source%2Clibrary_selection%2Cinstrument_platform%2Cinstrument_model%2Cfastq_ftp%2Cfastq_md5%2Cfastq_bytes%2Cread_count%2Cbase_count%2Cfirst_public&format=tsv&download=false
PRJEB14695	whole_female_single_sex_r1	ERR667117	SAMEA2395951	ERS420108	ERX622605	technical_run_5	9645663	PAIRED	https://ftp.sra.ebi.ac.uk/vol1/fastq/ERR667/ERR667117/ERR667117_1.fastq.gz	https://ftp.sra.ebi.ac.uk/vol1/fastq/ERR667/ERR667117/ERR667117_2.fastq.gz	f2217da34e44f749951117cc33c8d9d8	6d72857ae12381450ac7e80f319d5bc9	347452022	384558970	11775440	1177544000	2014-11-04	https://www.ebi.ac.uk/ena/portal/api/filereport?accession=PRJEB14695&result=read_run&fields=study_accession%2Csecondary_study_accession%2Crun_accession%2Cexperiment_accession%2Csample_accession%2Csecondary_sample_accession%2Csample_alias%2Csample_title%2Csample_description%2Cexperiment_title%2Clibrary_name%2Clibrary_layout%2Clibrary_strategy%2Clibrary_source%2Clibrary_selection%2Cinstrument_platform%2Cinstrument_model%2Cfastq_ftp%2Cfastq_md5%2Cfastq_bytes%2Cread_count%2Cbase_count%2Cfirst_public&format=tsv&download=false
PRJEB14695	whole_female_single_sex_r1	ERR667141	SAMEA2395951	ERS420108	ERX622629	technical_run_6	9645663	PAIRED	https://ftp.sra.ebi.ac.uk/vol1/fastq/ERR667/ERR667141/ERR667141_1.fastq.gz	https://ftp.sra.ebi.ac.uk/vol1/fastq/ERR667/ERR667141/ERR667141_2.fastq.gz	78605522099151699d9aa9355e871b9d	81b185ee6d6ccd4b4a91bc357afab145	339475880	375004133	11451512	1145151200	2014-11-04	https://www.ebi.ac.uk/ena/portal/api/filereport?accession=PRJEB14695&result=read_run&fields=study_accession%2Csecondary_study_accession%2Crun_accession%2Cexperiment_accession%2Csample_accession%2Csecondary_sample_accession%2Csample_alias%2Csample_title%2Csample_description%2Cexperiment_title%2Clibrary_name%2Clibrary_layout%2Clibrary_strategy%2Clibrary_source%2Clibrary_selection%2Cinstrument_platform%2Cinstrument_model%2Cfastq_ftp%2Cfastq_md5%2Cfastq_bytes%2Cread_count%2Cbase_count%2Cfirst_public&format=tsv&download=false
PRJEB14695	whole_female_single_sex_r2	ERR506092	SAMEA2395952	ERS420109	ERX471449	technical_run_1	9645664	PAIRED	https://ftp.sra.ebi.ac.uk/vol1/fastq/ERR506/ERR506092/ERR506092_1.fastq.gz	https://ftp.sra.ebi.ac.uk/vol1/fastq/ERR506/ERR506092/ERR506092_2.fastq.gz	81ebc01b1f671843e01f24ab87eee899	95f3bd6d6aecaaf8b2545db74fb4d9d7	385345233	423224336	14615568	1461556800	2014-05-19	https://www.ebi.ac.uk/ena/portal/api/filereport?accession=PRJEB14695&result=read_run&fields=study_accession%2Csecondary_study_accession%2Crun_accession%2Cexperiment_accession%2Csample_accession%2Csecondary_sample_accession%2Csample_alias%2Csample_title%2Csample_description%2Cexperiment_title%2Clibrary_name%2Clibrary_layout%2Clibrary_strategy%2Clibrary_source%2Clibrary_selection%2Cinstrument_platform%2Cinstrument_model%2Cfastq_ftp%2Cfastq_md5%2Cfastq_bytes%2Cread_count%2Cbase_count%2Cfirst_public&format=tsv&download=false
PRJEB14695	whole_female_single_sex_r2	ERR506116	SAMEA2395952	ERS420109	ERX471473	technical_run_2	9645664	PAIRED	https://ftp.sra.ebi.ac.uk/vol1/fastq/ERR506/ERR506116/ERR506116_1.fastq.gz	https://ftp.sra.ebi.ac.uk/vol1/fastq/ERR506/ERR506116/ERR506116_2.fastq.gz	fe37e3d7f685df0722973b8dafb92729	2f4d0487f59f7f87a6881f48d1394f8e	398887119	439140602	15075008	1507500800	2014-05-19	https://www.ebi.ac.uk/ena/portal/api/filereport?accession=PRJEB14695&result=read_run&fields=study_accession%2Csecondary_study_accession%2Crun_accession%2Cexperiment_accession%2Csample_accession%2Csecondary_sample_accession%2Csample_alias%2Csample_title%2Csample_description%2Cexperiment_title%2Clibrary_name%2Clibrary_layout%2Clibrary_strategy%2Clibrary_source%2Clibrary_selection%2Cinstrument_platform%2Cinstrument_model%2Cfastq_ftp%2Cfastq_md5%2Cfastq_bytes%2Cread_count%2Cbase_count%2Cfirst_public&format=tsv&download=false
PRJEB14695	whole_female_single_sex_r2	ERR667070	SAMEA2395952	ERS420109	ERX622558	technical_run_3	9645664	PAIRED	https://ftp.sra.ebi.ac.uk/vol1/fastq/ERR667/ERR667070/ERR667070_1.fastq.gz	https://ftp.sra.ebi.ac.uk/vol1/fastq/ERR667/ERR667070/ERR667070_2.fastq.gz	1778c8487f6c7e8616fb3b0fc88b42aa	5fb43f476f7177f49c8d3073d5d226a8	621995612	695847901	20726224	2072622400	2014-11-04	https://www.ebi.ac.uk/ena/portal/api/filereport?accession=PRJEB14695&result=read_run&fields=study_accession%2Csecondary_study_accession%2Crun_accession%2Cexperiment_accession%2Csample_accession%2Csecondary_sample_accession%2Csample_alias%2Csample_title%2Csample_description%2Cexperiment_title%2Clibrary_name%2Clibrary_layout%2Clibrary_strategy%2Clibrary_source%2Clibrary_selection%2Cinstrument_platform%2Cinstrument_model%2Cfastq_ftp%2Cfastq_md5%2Cfastq_bytes%2Cread_count%2Cbase_count%2Cfirst_public&format=tsv&download=false
PRJEB14695	whole_female_single_sex_r2	ERR667094	SAMEA2395952	ERS420109	ERX622582	technical_run_4	9645664	PAIRED	https://ftp.sra.ebi.ac.uk/vol1/fastq/ERR667/ERR667094/ERR667094_1.fastq.gz	https://ftp.sra.ebi.ac.uk/vol1/fastq/ERR667/ERR667094/ERR667094_2.fastq.gz	6909d607aacfe6597f362b0f60818562	132700b51cfcd17de1e6a9a99d185120	608775578	685600340	20659412	2065941200	2014-11-04	https://www.ebi.ac.uk/ena/portal/api/filereport?accession=PRJEB14695&result=read_run&fields=study_accession%2Csecondary_study_accession%2Crun_accession%2Cexperiment_accession%2Csample_accession%2Csecondary_sample_accession%2Csample_alias%2Csample_title%2Csample_description%2Cexperiment_title%2Clibrary_name%2Clibrary_layout%2Clibrary_strategy%2Clibrary_source%2Clibrary_selection%2Cinstrument_platform%2Cinstrument_model%2Cfastq_ftp%2Cfastq_md5%2Cfastq_bytes%2Cread_count%2Cbase_count%2Cfirst_public&format=tsv&download=false
PRJEB14695	whole_female_single_sex_r2	ERR667118	SAMEA2395952	ERS420109	ERX622606	technical_run_5	9645664	PAIRED	https://ftp.sra.ebi.ac.uk/vol1/fastq/ERR667/ERR667118/ERR667118_1.fastq.gz	https://ftp.sra.ebi.ac.uk/vol1/fastq/ERR667/ERR667118/ERR667118_2.fastq.gz	66ed01c1d57392fff87e7ea16ea3ce48	b8790f6cb38b6c28fc74e24e4b9e2a83	605838542	683043165	20719146	2071914600	2014-11-04	https://www.ebi.ac.uk/ena/portal/api/filereport?accession=PRJEB14695&result=read_run&fields=study_accession%2Csecondary_study_accession%2Crun_accession%2Cexperiment_accession%2Csample_accession%2Csecondary_sample_accession%2Csample_alias%2Csample_title%2Csample_description%2Cexperiment_title%2Clibrary_name%2Clibrary_layout%2Clibrary_strategy%2Clibrary_source%2Clibrary_selection%2Cinstrument_platform%2Cinstrument_model%2Cfastq_ftp%2Cfastq_md5%2Cfastq_bytes%2Cread_count%2Cbase_count%2Cfirst_public&format=tsv&download=false
PRJEB14695	whole_female_single_sex_r2	ERR667142	SAMEA2395952	ERS420109	ERX622630	technical_run_6	9645664	PAIRED	https://ftp.sra.ebi.ac.uk/vol1/fastq/ERR667/ERR667142/ERR667142_1.fastq.gz	https://ftp.sra.ebi.ac.uk/vol1/fastq/ERR667/ERR667142/ERR667142_2.fastq.gz	e0d679eea504275a5b8d333e382a783f	efb7a684ccb18d3310c3c051c18e04b6	592224184	666436117	20174910	2017491000	2014-11-04	https://www.ebi.ac.uk/ena/portal/api/filereport?accession=PRJEB14695&result=read_run&fields=study_accession%2Csecondary_study_accession%2Crun_accession%2Cexperiment_accession%2Csample_accession%2Csecondary_sample_accession%2Csample_alias%2Csample_title%2Csample_description%2Cexperiment_title%2Clibrary_name%2Clibrary_layout%2Clibrary_strategy%2Clibrary_source%2Clibrary_selection%2Cinstrument_platform%2Cinstrument_model%2Cfastq_ftp%2Cfastq_md5%2Cfastq_bytes%2Cread_count%2Cbase_count%2Cfirst_public&format=tsv&download=false
PRJEB14695	whole_female_single_sex_r3	ERR506093	SAMEA2395953	ERS420110	ERX471450	technical_run_1	9645665	PAIRED	https://ftp.sra.ebi.ac.uk/vol1/fastq/ERR506/ERR506093/ERR506093_1.fastq.gz	https://ftp.sra.ebi.ac.uk/vol1/fastq/ERR506/ERR506093/ERR506093_2.fastq.gz	21b889ef293565e3357b752dd61b6db2	62cb4ff7c0486d19750353bc83a204f0	290680798	330011147	10853124	1085312400	2014-05-19	https://www.ebi.ac.uk/ena/portal/api/filereport?accession=PRJEB14695&result=read_run&fields=study_accession%2Csecondary_study_accession%2Crun_accession%2Cexperiment_accession%2Csample_accession%2Csecondary_sample_accession%2Csample_alias%2Csample_title%2Csample_description%2Cexperiment_title%2Clibrary_name%2Clibrary_layout%2Clibrary_strategy%2Clibrary_source%2Clibrary_selection%2Cinstrument_platform%2Cinstrument_model%2Cfastq_ftp%2Cfastq_md5%2Cfastq_bytes%2Cread_count%2Cbase_count%2Cfirst_public&format=tsv&download=false
PRJEB14695	whole_female_single_sex_r3	ERR506117	SAMEA2395953	ERS420110	ERX471474	technical_run_2	9645665	PAIRED	https://ftp.sra.ebi.ac.uk/vol1/fastq/ERR506/ERR506117/ERR506117_1.fastq.gz	https://ftp.sra.ebi.ac.uk/vol1/fastq/ERR506/ERR506117/ERR506117_2.fastq.gz	bee18b6aab867afc07da1543d2725e1c	bacff260a54f606e5efac0c71df726e6	300880356	341599099	11186240	1118624000	2014-05-19	https://www.ebi.ac.uk/ena/portal/api/filereport?accession=PRJEB14695&result=read_run&fields=study_accession%2Csecondary_study_accession%2Crun_accession%2Cexperiment_accession%2Csample_accession%2Csecondary_sample_accession%2Csample_alias%2Csample_title%2Csample_description%2Cexperiment_title%2Clibrary_name%2Clibrary_layout%2Clibrary_strategy%2Clibrary_source%2Clibrary_selection%2Cinstrument_platform%2Cinstrument_model%2Cfastq_ftp%2Cfastq_md5%2Cfastq_bytes%2Cread_count%2Cbase_count%2Cfirst_public&format=tsv&download=false
PRJEB14695	whole_female_single_sex_r3	ERR667071	SAMEA2395953	ERS420110	ERX622559	technical_run_3	9645665	PAIRED	https://ftp.sra.ebi.ac.uk/vol1/fastq/ERR667/ERR667071/ERR667071_1.fastq.gz	https://ftp.sra.ebi.ac.uk/vol1/fastq/ERR667/ERR667071/ERR667071_2.fastq.gz	5213f254f777d6a76fc632743bbe5dec	a95cd7144573f71d184d31f51a86d064	451726635	512200148	14919538	1491953800	2014-11-04	https://www.ebi.ac.uk/ena/portal/api/filereport?accession=PRJEB14695&result=read_run&fields=study_accession%2Csecondary_study_accession%2Crun_accession%2Cexperiment_accession%2Csample_accession%2Csecondary_sample_accession%2Csample_alias%2Csample_title%2Csample_description%2Cexperiment_title%2Clibrary_name%2Clibrary_layout%2Clibrary_strategy%2Clibrary_source%2Clibrary_selection%2Cinstrument_platform%2Cinstrument_model%2Cfastq_ftp%2Cfastq_md5%2Cfastq_bytes%2Cread_count%2Cbase_count%2Cfirst_public&format=tsv&download=false
PRJEB14695	whole_female_single_sex_r3	ERR667095	SAMEA2395953	ERS420110	ERX622583	technical_run_4	9645665	PAIRED	https://ftp.sra.ebi.ac.uk/vol1/fastq/ERR667/ERR667095/ERR667095_1.fastq.gz	https://ftp.sra.ebi.ac.uk/vol1/fastq/ERR667/ERR667095/ERR667095_2.fastq.gz	3a1f9c641a3545d13b3b6cec1437e723	f8217bd3fca9b13618502f6528add382	443026638	506065737	14895122	1489512200	2014-11-04	https://www.ebi.ac.uk/ena/portal/api/filereport?accession=PRJEB14695&result=read_run&fields=study_accession%2Csecondary_study_accession%2Crun_accession%2Cexperiment_accession%2Csample_accession%2Csecondary_sample_accession%2Csample_alias%2Csample_title%2Csample_description%2Cexperiment_title%2Clibrary_name%2Clibrary_layout%2Clibrary_strategy%2Clibrary_source%2Clibrary_selection%2Cinstrument_platform%2Cinstrument_model%2Cfastq_ftp%2Cfastq_md5%2Cfastq_bytes%2Cread_count%2Cbase_count%2Cfirst_public&format=tsv&download=false
PRJEB14695	whole_female_single_sex_r3	ERR667119	SAMEA2395953	ERS420110	ERX622607	technical_run_5	9645665	PAIRED	https://ftp.sra.ebi.ac.uk/vol1/fastq/ERR667/ERR667119/ERR667119_1.fastq.gz	https://ftp.sra.ebi.ac.uk/vol1/fastq/ERR667/ERR667119/ERR667119_2.fastq.gz	c17727135524e18fd3077d5f4bbbf1e5	4119c301d18f273ef6ea3ffc0f9388d9	439205940	502053060	14876914	1487691400	2014-11-04	https://www.ebi.ac.uk/ena/portal/api/filereport?accession=PRJEB14695&result=read_run&fields=study_accession%2Csecondary_study_accession%2Crun_accession%2Cexperiment_accession%2Csample_accession%2Csecondary_sample_accession%2Csample_alias%2Csample_title%2Csample_description%2Cexperiment_title%2Clibrary_name%2Clibrary_layout%2Clibrary_strategy%2Clibrary_source%2Clibrary_selection%2Cinstrument_platform%2Cinstrument_model%2Cfastq_ftp%2Cfastq_md5%2Cfastq_bytes%2Cread_count%2Cbase_count%2Cfirst_public&format=tsv&download=false
PRJEB14695	whole_female_single_sex_r3	ERR667143	SAMEA2395953	ERS420110	ERX622631	technical_run_6	9645665	PAIRED	https://ftp.sra.ebi.ac.uk/vol1/fastq/ERR667/ERR667143/ERR667143_1.fastq.gz	https://ftp.sra.ebi.ac.uk/vol1/fastq/ERR667/ERR667143/ERR667143_2.fastq.gz	868696550399372b15d5b5e479a6f9ac	08d9f46553f85cc7f2e40d53edf61b5b	429329394	490174000	14499204	1449920400	2014-11-04	https://www.ebi.ac.uk/ena/portal/api/filereport?accession=PRJEB14695&result=read_run&fields=study_accession%2Csecondary_study_accession%2Crun_accession%2Cexperiment_accession%2Csample_accession%2Csecondary_sample_accession%2Csample_alias%2Csample_title%2Csample_description%2Cexperiment_title%2Clibrary_name%2Clibrary_layout%2Clibrary_strategy%2Clibrary_source%2Clibrary_selection%2Cinstrument_platform%2Cinstrument_model%2Cfastq_ftp%2Cfastq_md5%2Cfastq_bytes%2Cread_count%2Cbase_count%2Cfirst_public&format=tsv&download=false
