gene_id	dispersion
Smp_000020	0.0229914739592551
Smp_000030	0.00263751091165266
Smp_000040	0.00634748453235618
Smp_000050	0.0154610872878217
Smp_000070	0.00811650970039079
Smp_000075	11.2200531032626
Smp_000080	0.338678016733365
Smp_000100	0.0383664647997268
Smp_000110	0.00895499637608898
Smp_000130	0.0414165594638908
Smp_000150	0.0169428735070618
Smp_000160	0.015249164754778
Smp_000180	0.105936591985534
Smp_000190	0.0502650554973345
Smp_000200	0.00365332377761336
Smp_000230	0.0214603729246154
Smp_000240	0.0108972522219621
Smp_000260	0.0141060172948254
Smp_000270	0.806331482006429
Smp_000280	1.0514471127293
Smp_000300	0.0150073240371062
Smp_000310	0.0129733536424575
Smp_000320	0.0254180066373299
Smp_000340	0.0717364517760878
Smp_000370	0.0421902791192011
Smp_000390	1.36544285768201
Smp_000420	0.739234924673091
Smp_000430	0.916131168963672
Smp_000470	0.00322425885874655
Smp_000480	0.00570694393415207
Smp_000500	0.185130917361315
Smp_000510	0.0161479299007111
Smp_000580	0.0173645072929819
Smp_000590	0.0154731387608268
Smp_000600	0.00919490396710056
Smp_000620	0.0924254122581114
Smp_000630	0.00743702301272944
Smp_000640	0.0253503553675542
Smp_000650	0.00724690466366217
Smp_000660	0.0372138097924097
Smp_000670	0.0285556191356315
Smp_000680	0.00977414701794974
Smp_000690	0.0436494501342753
Smp_000700	0.00923122052963361
Smp_000710	0.00286969634687005
Smp_000720	0.0196837230565167
Smp_000740	0.0092984559678475
Smp_000755	0.0273307678002609
Smp_000790	0.0149994714054976
Smp_000810	0.0200029893313323
Smp_000820	0.0594448726205841
Smp_000830	0.0985352119685429
Smp_000850	0.0145401241924319
Smp_000870	0.0129636159420942
Smp_000880	0.048250170680152
Smp_000900	0.0512138449212802
Smp_000910	0.0213949046456759
Smp_000950	0.142729640467057
Smp_000980	0.0185700092382659
Smp_000990	0.0124690681274781
Smp_001000	0.0358248452565896
Smp_001020	0.00920926696342791
Smp_001030	0.0039976035707186
Smp_001040	0.00970748974813997
Smp_001070	0.0401373748418989
Smp_001080	0.0187360296409614
Smp_001090	0.00737865130107649
Smp_001095	0.00238321369202124
Smp_001100	0.0571179461696656
Smp_001120	0.0143548600009671
Smp_001160	0.0164224382995015
Smp_001170	0.0045176662163868
Smp_001180	0.0262646951566248
Smp_001210	0.0506678832586492
Smp_001360	0.0211701726732074
Smp_001390	0.0108733135508322
Smp_001410	0.0527568642833314
Smp_001420	0.0189461821805603
Smp_001500	0.0277151248896297
Smp_001530	0.00360385793786593
Smp_001560	0.0175842662893161
Smp_001590	0.0240194233324959
Smp_001610	0.0259521950662494
Smp_001640	0.0489801463604987
Smp_001780	0.021443031121589
Smp_001830	0.0529222373919898
Smp_001900	0.092271403083925
Smp_001940	0.00694812929684675
Smp_001950	0.0132387190290592
Smp_001960	0.00634885602331783
Smp_001980	0.0623226578734125
Smp_002010	0.0335197464521018
Smp_002060	0.145912561745234
Smp_002070	13.6533176272613
Smp_002080	0.0130465150799197
Smp_002100	0.0266813302403726
Smp_002160	0.00357306985170733
Smp_002180	0.0323738649337376
Smp_002230	0.012072809170671
Smp_002280	0.0118576161711032
Smp_002380	0.019886450523045
Smp_002410	0.0240488366041035
Smp_002510	0.00528937087512961
Smp_002550	0.0508387878041643
Smp_002600	0.115679263013688
Smp_002640	0.0609568402539028
Smp_002740	0.0117638494659153
Smp_002820	0.0234996752094408
Smp_002840	0.00285864714763905
Smp_002870	0.00547437188075259
Smp_002880	0.011408196117937
Smp_002920	0.0213139751156562
Smp_002950	0.0353148733877522
Smp_003000	0.00475368726314689
Smp_003130	0.00655937702864861
Smp_003140	0.0157702698175521
Smp_003190	0.0248258716050543
Smp_003230	0.0524618081355552
Smp_003250	0.0220751904697879
Smp_003270	0.0140313238917164
Smp_003280	0.0575009581223391
Smp_003330	0.0389328713840548
Smp_003340	0.00610349476728393
Smp_003410	0.0331473571157104
Smp_003440	0.0433350666617798
Smp_003600	0.127868014349135
Smp_003610	0.0342426038721591
Smp_003620	0.00249971824154337
Smp_003630	0.00627981966589938
Smp_003660	0.0127691748331931
Smp_003670	0.00353082912102829
Smp_003700	0.0396845259397612
Smp_003710	0.00305322997750571
Smp_003770	0.0217088560385212
Smp_003860	0.0176428544016625
Smp_003900	0.0857148450572195
Smp_003930	0.0158664402827202
Smp_003940	0.00518630134683059
Smp_003970	0.043401399144092
Smp_003980	0.00547335701143653
Smp_003990	0.0108556503912644
Smp_004000	0.0348698735465214
Smp_004060	0.0455618688882898
Smp_004070	0.0207692104132248
Smp_004080	0.00904815968798636
Smp_004160	0.0310660157135009
Smp_004170	0.00747590567721638
Smp_004190	0.0124970405536305
Smp_004200	0.00647079284746309
Smp_004220	0.00691234728946271
Smp_004260	0.0197535327682385
Smp_004310	0.0179948379148414
Smp_004350	0.015363093758404
Smp_004360	0.0193381665158902
Smp_004420	0.186267676697851
Smp_004440	0.0302716926358798
Smp_004470	0.0177539117103434
Smp_004480	0.00390021278017694
Smp_004550	0.0216916838277221
Smp_004590	0.0261476538244814
Smp_004600	0.0102170110493611
Smp_004630	0.00840578104125352
Smp_004640	0.00865927278679068
Smp_004680	0.0119756463952359
Smp_004690	0.0278260792209305
Smp_004710	0.0201743861534641
Smp_004730	0.0594334454059554
Smp_004780	0.0286123657502016
Smp_004810	0.00653604588510734
Smp_004820	0.0399735534940968
Smp_004910	0.00221686098434204
Smp_004940	0.0663776088261517
Smp_004990	0.0229560182156881
Smp_005000	0.00265894030967157
Smp_005010	0.00747885919261783
Smp_005020	0.00823949075726158
Smp_005070	0.00963315894859992
Smp_005080	0.0215605143723083
Smp_005140	0.0539323173143242
Smp_005160	0.0190872315383835
Smp_005180	0.0121118674277372
Smp_005190	0.0104305267245226
Smp_005210	0.0042516955306966
Smp_005230	0.00327998401875968
Smp_005260	0.0183116269227023
Smp_005280	0.00890964419418631
Smp_005290	0.019118191263105
Smp_005320	0.024076502730472
Smp_005330	0.00702303225169412
Smp_005390	0.00440091634685184
Smp_005470	0.101858380523605
Smp_005500	0.0257445913277094
Smp_005520	0.00962441849058746
Smp_005640	0.00443449150790809
Smp_005670	0.00784016402574499
Smp_005720	0.0379713422353131
Smp_005780	0.00437745716020425
Smp_005790	0.24370427406224
Smp_005880	0.0133325719808411
Smp_005900	0.0105158903313983
Smp_005910	0.018504886253594
Smp_005960	0.0097632600564212
Smp_006000	0.0157339345090705
Smp_006060	0.00791034454281926
Smp_006190	0.0136926057722487
Smp_006195	0.0789223058831784
Smp_006250	0.00979782678204309
Smp_006320	0.00677393059061157
Smp_006340	0.0177712085683676
Smp_006350	0.0137714523391355
Smp_006390	0.0422598483734953
Smp_006440	0.0204017449802744
Smp_006550	0.0345681470307273
Smp_006560	0.0334247472916641
Smp_006590	0.00887225457950483
Smp_006630	0.00877567749051223
Smp_006680	0.00763462457355684
Smp_006690	0.0103439296780199
Smp_006700	0.00493198233888137
Smp_006710	0.0145056372201251
Smp_006720	0.0396489157877146
Smp_006730	0.0225797098158944
Smp_006750	0.0124236915494289
Smp_006760	0.0193239825128085
Smp_006780	0.0277564856188738
Smp_006810	0.0122403523162826
Smp_006830	0.026022910067195
Smp_006840	0.0156580129813528
Smp_006850	0.044511987927043
Smp_006860	0.0213918951562208
Smp_006920	0.0256015434690527
Smp_006930	0.00646779150912433
Smp_007000	0.0479168222778714
Smp_007070	0.0178818650366532
Smp_007170	0.0017671917645267
Smp_007180	0.0256649976555773
Smp_007190	0.00425765558206135
Smp_007210	0.0524803358508457
Smp_007260	0.00674869805918455
Smp_007270	0.0258894138953859
Smp_007290	0.0221860989769655
Smp_007300	0.0485740671523666
Smp_007330	0.0257412235829146
Smp_007380	0.0161023692312942
Smp_007450	0.0301346188888502
Smp_007500	0.00436842728142474
Smp_007510	0.00893534727854369
Smp_007540	0.0193967880556112
Smp_007550	0.0144572792798978
Smp_007570	0.106516405076762
Smp_007630	0.0347175599519515
Smp_007650	0.0218468506352191
Smp_007660	0.00805616582534088
Smp_007670	0.0541999109980849
Smp_007690	0.0695312994408488
Smp_007710	0.0312426195247057
Smp_007730	0.0108003554819615
Smp_007760	0.0573841546039795
Smp_007890	0.012834057741164
Smp_007900	0.053249642914676
Smp_007960	0.00748681796321237
Smp_007970	0.0147003142412314
Smp_008070	0.0567104384879375
Smp_008120	0.00478032352234089
Smp_008140	0.00742799273843943
Smp_008220	0.00753716570970743
Smp_008230	0.00938656396678447
Smp_008260	0.00833859935285712
Smp_008290	0.0157776543129703
Smp_008310	0.0211487683165333
Smp_008320	0.0035791812505982
Smp_008360	0.0313231646521006
Smp_008400	1.78555318309777
Smp_008430	0.0207690116814157
Smp_008440	0.0477734006342263
Smp_008450	0.0690849655779394
Smp_008470	0.0100955265475317
Smp_008490	0.0334381631515708
Smp_008500	0.00582999604960491
Smp_008545	0.0180017510159232
Smp_008580	0.00585026937439307
Smp_008610	0.110044071198832
Smp_008620	0.0163240041490558
Smp_008660	0.0217198289084606
Smp_008710	0.0632909682779685
Smp_008770	0.0257012495207785
Smp_008830	0.00449378640594851
Smp_008850	0.0632195170826604
Smp_008900	0.00855167851209919
Smp_009020	0.0761342364816327
Smp_009030	0.0224582872964934
Smp_009070	0.0279337757609475
Smp_009150	0.00578778499815617
Smp_009230	0.39825971041946
Smp_009250	0.00361176789198871
Smp_009310	0.00839554114411234
Smp_009320	0.01186617596387
Smp_009340	0.0086186163860004
Smp_009390	0.0482074241002103
Smp_009400	0.0055801778774708
Smp_009420	0.0183048576984918
Smp_009430	0.00684124688244739
Smp_009520	0.00317715384324058
Smp_009540	0.0325627142120777
Smp_009550	0.0099404712716746
Smp_009560	0.00547704828740386
Smp_009600	0.0367352436657234
Smp_009630	0.0919195353152275
Smp_009650	0.0166776244340159
Smp_009690	0.0302183287093292
Smp_009760	0.0252510382588347
Smp_009800	0.019887975999927
Smp_009810	0.319176021299361
Smp_009830	0.0222892220948539
Smp_009990	0.0106333132018086
Smp_010090	0.0259232562163317
Smp_010100	0.00331809394881785
Smp_010110	0.00595817019309744
Smp_010140	0.0144972018678134
Smp_010160	0.0314088110557622
Smp_010230	0.0132864420606436
Smp_010250	0.0119092596488642
Smp_010260	0.0200445420413583
Smp_010280	0.0166701833941428
Smp_010290	0.0145087499374353
Smp_010370	0.0480917963558073
Smp_010380	0.0179267396527007
Smp_010400	0.0335534571261359
Smp_010450	0.0382819206721491
Smp_010550	0.093724443460594
Smp_010620	0.0149158124993721
Smp_010690	0.0164352217805378
Smp_010710	0.00900230384881041
Smp_010720	0.0591742515006423
Smp_010800	0.0234763334725546
Smp_010820	0.0311686874153833
Smp_010930	0.00598961158852154
Smp_010940	0.024449972446966
Smp_011000	0.0372572353256358
Smp_011010	0.010910891414852
Smp_011030	0.0229735749912518
Smp_011120	0.0100621762440168
Smp_011150	0.019714237955767
Smp_011220	0.0223912453729673
Smp_011230	0.00564794648367456
Smp_011270	0.11003852946979
Smp_011560	0.0231350070607334
Smp_011570	0.0343516287615839
Smp_011640	0.0118083911845956
Smp_011660	0.0108009961753045
Smp_011680	0.034874752565822
Smp_011700	0.0380975621370202
Smp_011710	0.0121220743430829
Smp_011720	0.0455223000620802
Smp_011830	0.0308724184814712
Smp_011860	0.00775616289545411
Smp_011870	0.309865806562672
Smp_011960	0.0153805421382417
Smp_011980	0.0118812369883419
Smp_011990	0.0198372470686961
Smp_012000	0.0742407491358342
Smp_012010	0.0329833411051526
Smp_012030	0.0132912961840331
Smp_012050	0.0754262307992299
Smp_012070	0.0347789427765217
Smp_012110	0.0259059029854127
Smp_012150	0.00886199705121413
Smp_012200	0.00937228406187538
Smp_012280	0.0122680324175432
Smp_012340	0.00499456296527463
Smp_012350	0.00861659797980501
Smp_012380	0.0322960031551653
Smp_012400	0.0232324805411083
Smp_012410	0.00492538408718715
Smp_012440	0.020189503509513
Smp_012470	0.00337728453193003
Smp_012480	0.0189487573921207
Smp_012530	0.0194222528633792
Smp_012540	0.0050877355242758
Smp_012570	0.0239506098835069
Smp_012580	0.00646798216210471
Smp_012670	0.0391027387051853
Smp_012690	0.0031337917324109
Smp_012720	0.00476780874982989
Smp_012740	0.00354772003642086
Smp_012750	0.0554160670939277
Smp_012780	0.02934803607356
Smp_012790	0.0234995105923347
Smp_012800	0.055721140649166
Smp_012810	0.0360401553249338
Smp_012860	0.0145924393355996
Smp_012900	0.00419569738371786
Smp_012920	0.0696205751619359
Smp_012930	0.0252862378874388
Smp_012980	0.00902524722688839
Smp_013040	0.0265544219475682
Smp_013050	0.00505602315008812
Smp_013060	0.0288341961491712
Smp_013070	0.0166982029138639
Smp_013080	0.0231422291642026
Smp_013150	0.0548645443491056
Smp_013200	0.0380556958226146
Smp_013210	0.074929569958104
Smp_013300	0.0152286014087213
Smp_013360	0.0150954575680217
Smp_013370	0.0113646310494689
Smp_013440	0.0158258618980132
Smp_013460	0.0108928969686188
Smp_013470	0.0386742273805867
Smp_013520	0.00948995214727306
Smp_013540	0.840715568619924
Smp_013600	0.427845767665376
Smp_013610	0.0132663088182736
Smp_013690	0.00431795424196723
Smp_013790	0.0158898211131185
Smp_013810	0.0521272610821781
Smp_013815	0.02334655233136
Smp_013840	0.0143955184654622
Smp_013860	0.0254193214917972
Smp_013870	0.00927770528325857
Smp_013930	0.00342097040537382
Smp_013950	0.0116778521343493
Smp_014010	0.0132429326264738
Smp_014020	0.00464030250315362
Smp_014050	0.00462275043510112
Smp_014080	0.0234062521166251
Smp_014170	0.0851893248127588
Smp_014260	0.0152423877386731
Smp_014280	0.00335449087723968
Smp_014290	0.0359556427235187
Smp_014400	0.040875161940824
Smp_014410	0.0461554644732182
Smp_014430	0.0178725146651456
Smp_014570	0.184241370172895
Smp_014620	0.00685504066587535
Smp_014650	0.0650743448087344
Smp_014660	0.0161550982923707
Smp_014670	0.0200776758930209
Smp_014680	0.0215832995413155
Smp_014730	0.0162343606838583
Smp_014780	0.0278579607870575
Smp_014800	0.0120409287744927
Smp_014840	0.0697666883415414
Smp_014850	0.00333041313315887
Smp_015020	0.0212887719836148
Smp_015050	0.0149720375603344
Smp_015090	0.00528798165526516
Smp_015100	0.0400516086638708
Smp_015220	0.0115712086249797
Smp_015390	0.0108099232080433
Smp_015440	0.00632603432932943
Smp_015480	0.0455669547593669
Smp_015530	0.00428318683152721
Smp_015630	0.0603278145061831
Smp_015670	0.0512444727635126
Smp_015690	0.0139140786961133
Smp_015710	0.00361627959641244
Smp_015720	0.0139355037012836
Smp_015730	0.0308506741748688
Smp_015760	0.119909508579793
Smp_015780	0.00811507280749511
Smp_015800	0.0058030337306129
Smp_015820	0.160165921687009
Smp_015840	0.00476704703057632
Smp_015850	0.017649720595502
Smp_015860	0.0382812663430424
Smp_015880	0.00163536622475353
Smp_015900	0.00618018921114711
Smp_015980	0.0504226781908423
Smp_016050	0.0076401211671245
Smp_016090	0.0513113966347963
Smp_016130	0.0486227833370469
Smp_016180	0.0206506575145485
Smp_016200	0.00456522102731699
Smp_016250	0.0153081057219804
Smp_016340	0.00701734690193126
Smp_016380	0.0272355167838337
Smp_016410	0.008655270736435
Smp_016490	0.115509503419132
Smp_016510	0.0300229727810037
Smp_016540	0.088327128704374
Smp_016550	0.00303884786151762
Smp_016600	0.0988090039376925
Smp_016630	0.0108002797544766
Smp_016640	0.019619305569642
Smp_016670	0.0412112577016758
Smp_016730	0.0324179802377646
Smp_016750	0.0500549126699461
Smp_016780	0.0668197591696714
Smp_016810	0.00852109802620565
Smp_016870	0.0330917200678033
Smp_016900	0.0225368906001502
Smp_016910	0.0342129267317619
Smp_016920	0.0175427422200484
Smp_016990	0.020079699294987
Smp_017010	0.0148662767740613
Smp_017020	3.66941758814406
Smp_017070	0.00601039186633772
Smp_017230	0.0122886865664995
Smp_017280	0.054447534863609
Smp_017290	0.0371613180784737
Smp_017360	0.0107432719103446
Smp_017420	0.0230302949453775
Smp_017430	0.0127331067387417
Smp_017470	0.0136507824530543
Smp_017520	0.0316917951555527
Smp_017610	0.1647126721092
Smp_017640	0.00337428631180225
Smp_017650	0.00260451020179347
Smp_017660	0.00898893918335805
Smp_017710	0.019768433885849
Smp_017730	0.0478311245850648
Smp_017750	0.00336932841852795
Smp_017830	0.0366351671277643
Smp_017860	0.0323108377543012
Smp_017870	0.0202748555739399
Smp_017880	0.0193883697878985
Smp_017890	0.00849669861552761
Smp_017990	0.0244576566117936
Smp_018010	0.0224772116056473
Smp_018020	0.031583403295177
Smp_018030	0.00297279818298879
Smp_018160	0.0183648620871323
Smp_018170	0.0510326696438081
Smp_018210	0.00477243957563194
Smp_018220	0.0192751625164799
Smp_018240	0.00247576376731728
Smp_018250	0.0295219275649975
Smp_018260	0.0130207369040455
Smp_018280	0.00878304183608205
Smp_018290	0.0254953804312674
Smp_018310	0.0471149372641396
Smp_018360	0.0139177174596573
Smp_018400	0.0132920542448425
Smp_018430	0.0161403514655991
Smp_018440	0.0323068911656321
Smp_018460	0.0111694555595682
Smp_018500	0.0254951088306096
Smp_018530	0.0297995407798279
Smp_018550	0.00867360997032392
Smp_018570	0.0203026278504727
Smp_018580	0.00832821028177161
Smp_018590	0.157927727259052
Smp_018610	0.00542813564008366
Smp_018620	0.00453795190536903
Smp_018640	0.00606485213366935
Smp_018680	0.00603394822546275
Smp_018710	0.00416221922330029
Smp_018760	0.00778132433376397
Smp_018790	0.0241013837647767
Smp_018800	0.202878944367657
Smp_018870	0.0359016600301019
Smp_018880	0.30549998459617
Smp_018930	0.0279411665293903
Smp_018940	0.024459727787139
Smp_018950	0.0082079593732534
Smp_018980	0.0379641881224344
Smp_018990	0.0322258747251543
Smp_019010	0.00295947461491839
Smp_019030	0.0315786749324573
Smp_019040	0.00382788373481467
Smp_019050	0.0370620891315105
Smp_019060	0.0458784787604632
Smp_019100	0.00901211784956928
Smp_019130	0.00480068652435252
Smp_019170	0.0158167087859297
Smp_019190	0.00709809875111746
Smp_019260	0.00337629706875751
Smp_019280	0.0145530695131534
Smp_019310	0.0983129255037263
Smp_019340	0.0126625697233194
Smp_019350	0.046356077562678
Smp_019380	0.0073335043283746
Smp_019430	0.00625901715152801
Smp_019440	0.0407551951925208
Smp_019460	0.37360833963218
Smp_019490	0.0109774819817195
Smp_019620	0.0126644130877537
Smp_019630	0.0235139208997822
Smp_019640	0.00997148801921683
Smp_019680	0.0077206190163381
Smp_019690	0.0195037578865411
Smp_019730	0.0364873507892199
Smp_019750	0.0377309333140103
Smp_019760	0.00656017890887402
Smp_019790	0.0326924086338565
Smp_019820	0.0194340005492638
Smp_019840	0.00799280137393672
Smp_019880	0.0220628234646287
Smp_019890	0.00493637158676331
Smp_019900	0.0162192639165859
Smp_019920	0.0341073392875515
Smp_019950	0.020058612642873
Smp_019980	0.00350982247025697
Smp_019990	0.0291011706062541
Smp_020040	0.00599829210030749
Smp_020050	0.00356801373498947
Smp_020060	0.00443424631571553
Smp_020070	0.0536495447755824
Smp_020080	0.0667992099377809
Smp_020090	0.00741065497578164
Smp_020120	0.0354739730329807
Smp_020130	0.0489039535000996
Smp_020200	0.00777559669316938
Smp_020220	0.0232362999993995
Smp_020270	0.103593873380239
Smp_020300	0.0623415597605223
Smp_020340	0.0183324285836901
Smp_020370	0.00586991441643765
Smp_020400	0.00489515111871012
Smp_020450	0.00416835316951411
Smp_020480	0.00638659681542103
Smp_020540	0.0273120408446155
Smp_020550	0.0444397400035372
Smp_020590	0.00342120768095999
Smp_020760	0.00794323846094671
Smp_020770	0.020528645109339
Smp_020800	0.00997960875297958
Smp_020920	0.563485390103011
Smp_021040	0.0222727177426286
Smp_021060	0.105798826492826
Smp_021070	0.0182738363652327
Smp_021080	0.00916544908921627
Smp_021100	0.0118480698870882
Smp_021130	0.0252781394708656
Smp_021140	0.0508197451890551
Smp_021160	0.00653933430026963
Smp_021170	0.0118495027811005
Smp_021220	0.0172324305382565
Smp_021290	0.0122337474059934
Smp_021300	0.0176619428532793
Smp_021330	0.00296938772754811
Smp_021340	0.0141318162786321
Smp_021370	0.00579461074420376
Smp_021390	0.027478485892316
Smp_021460	0.227117735012754
Smp_021540	0.00812786475936825
Smp_021550	0.0250440251255714
Smp_021590	0.0232349747337461
Smp_021600	0.0285320385486417
Smp_021730	0.0366219919026189
Smp_021750	0.00796167475955393
Smp_021760	0.0339185415201138
Smp_021790	0.0406376580656871
Smp_021800	0.0157433246090139
Smp_021830	0.0120779203802862
Smp_021910	0.0135046189771244
Smp_021920	0.0666287975716673
Smp_021960	0.0388123476995157
Smp_022020	0.066700460340119
Smp_022070	0.0315566365764613
Smp_022090	0.00964874256823087
Smp_022110	0.0124162571417209
Smp_022130	0.00365418457738108
Smp_022140	0.0153535802231011
Smp_022170	0.0063186362329557
Smp_022320	0.0212391150058025
Smp_022330	0.018140749279244
Smp_022340	0.0433183829087532
Smp_022400	0.0150608654296014
Smp_022430	0.0438417498061553
Smp_022450	0.10065177826876
Smp_022470	0.0209913291073576
Smp_022500	0.0311216367743147
Smp_022540	0.0069373159532292
Smp_022570	0.0259561061029623
Smp_022640	0.0291470360846988
Smp_022660	0.00959719420171596
Smp_022700	0.0216096368422696
Smp_022740	0.22840545446625
Smp_022810	0.0107455967651976
Smp_022850	0.0322459555088298
Smp_022870	0.0290149823488791
Smp_022890	0.0356289269972625
Smp_022960	0.0102956981838893
Smp_022990	0.0118291720992118
Smp_023010	0.0570565928929571
Smp_023150	0.0158352234706866
Smp_023170	0.0329833290993174
Smp_023230	0.00714089404208204
Smp_023250	0.0114851586642436
Smp_023270	0.00582186559286687
Smp_023360	0.0110573114527247
Smp_023470	0.0371702097861252
Smp_023550	0.0310292329430961
Smp_023620	0.0373199214642238
Smp_023660	0.00997466258986972
Smp_023700	0.0260025897340511
Smp_023710	0.0282948175851021
Smp_023840	0.0412890875747178
Smp_023930	0.0111501494822956
Smp_023940	0.00740530149648238
Smp_024000	0.00933509299016642
Smp_024010	0.263213492749649
Smp_024030	0.0135170281598924
Smp_024110	0.0124080445637167
Smp_024120	0.054290059130602
Smp_024140	0.00670426461381647
Smp_024150	0.00533377440960819
Smp_024180	0.0584314571766777
Smp_024240	0.00797523160846803
Smp_024360	0.0123806895166798
Smp_024370	0.0137360590229325
Smp_024380	0.0320358887571992
Smp_024390	0.0464063719290689
Smp_024490	0.00892753439158955
Smp_024500	0.0116433106357871
Smp_024520	0.00932241109243506
Smp_024580	0.0059700222923754
Smp_024590	0.0388730776494112
Smp_024660	0.0782601072762004
Smp_024800	0.0110450529674325
Smp_024820	0.0138460490724809
Smp_024850	0.0340967462155024
Smp_024860	0.0519961380309046
Smp_024870	0.0363447706980686
Smp_024880	0.0212797435712066
Smp_024900	0.0191266284119289
Smp_024930	0.0197158339154094
Smp_024970	0.0219626435197735
Smp_025010	0.0112243256331286
Smp_025020	0.0104995611383604
Smp_025030	0.0329429118360621
Smp_025100	0.0090961176608107
Smp_025130	0.00750789057776151
Smp_025150	0.00571180271434159
Smp_025160	0.0083184227721332
Smp_025260	0.00478077657143495
Smp_025340	0.010180393393072
Smp_025360	0.01337275335905
Smp_025370	0.03888354408588
Smp_025380	0.0631390769545579
Smp_025510	0.0023102421951142
Smp_025550	0.00658344339887086
Smp_025560	0.0161834696494827
Smp_025570	0.0116352628700718
Smp_025620	0.01868160774223
Smp_025670	0.00607068424978682
Smp_025680	0.036257101625807
Smp_025700	0.0139570435856993
Smp_025740	0.0111672601820281
Smp_025750	0.0132352067558462
Smp_025830	0.059302930673999
Smp_025860	0.0439379534549933
Smp_025890	0.0272565019422342
Smp_026030	0.0283358561799627
Smp_026090	0.00196614495221885
Smp_026160	0.0117010301792999
Smp_026190	0.0145639782407425
Smp_026200	11.2136689360298
Smp_026230	0.0249726995295157
Smp_026250	0.00360437588798961
Smp_026260	0.00271854493948191
Smp_026270	0.0419842197024791
Smp_026280	0.00518013990561315
Smp_026300	0.0314294746356081
Smp_026320	0.0371656140600324
Smp_026340	0.0414593779446029
Smp_026390	0.0052238994501499
Smp_026400	2.34931765157274
Smp_026420	0.00408833995442263
Smp_026510	0.0145827541832153
Smp_026540	0.0113572986617385
Smp_026560	0.010236707773813
Smp_026630	0.0144238787691649
Smp_026700	0.0109693616507514
Smp_026770	0.0458283885626741
Smp_026790	0.0873084653405531
Smp_026820	0.0191486492700851
Smp_026830	0.00437657371816209
Smp_026910	0.0173823357506852
Smp_026920	0.0086355190157173
Smp_026930	0.0131248536649303
Smp_027000	0.0060646308096279
Smp_027010	0.00530163637431506
Smp_027040	0.00851415886476063
Smp_027080	0.0271338256861143
Smp_027210	0.0864147460231365
Smp_027220	0.0262031248552627
Smp_027240	0.0486021163263376
Smp_027250	0.0282037290789988
Smp_027300	0.00857953512074699
Smp_027340	0.0203901514290195
Smp_027370	0.0176010863897532
Smp_027390	0.00445312089466118
Smp_027400	0.01124433421493
Smp_027430	0.0226005604295114
Smp_027450	0.0040067561354474
Smp_027480	0.0237749631272959
Smp_027500	0.0349632653403275
Smp_027550	0.00658726999675498
Smp_027610	0.0495592841156886
Smp_027850	0.0103890849906381
Smp_027870	0.0210872144215911
Smp_027880	0.0304739271369253
Smp_027910	0.0116703371434691
Smp_027920	0.0395196094404347
Smp_027940	0.164207027315944
Smp_027970	0.00347528054886861
Smp_027990	0.10161882423805
Smp_028030	0.0115706612621552
Smp_028050	0.0409219330556663
Smp_028060	0.0221297834764896
Smp_028070	0.0194524121717655
Smp_028080	0.00317674652811538
Smp_028100	0.0280741610645397
Smp_028120	0.00753267166773004
Smp_028130	0.0860043752339307
Smp_028140	0.0394412875413815
Smp_028170	0.011705551238727
Smp_028190	0.0154163632602739
Smp_028200	0.0325437480783922
Smp_028210	0.0242701614830343
Smp_028330	0.0308181998498535
Smp_028340	0.0364863039286506
Smp_028360	0.0217651434208392
Smp_028410	0.0141347078746895
Smp_028430	0.0660914381170699
Smp_028440	0.0313759477262779
Smp_028490	0.0134236017690814
Smp_028500	0.00898127242355947
Smp_028650	0.0261996984413698
Smp_028670	0.0249089294387541
Smp_028690	0.0558729243645758
Smp_028730	0.00309226953852384
Smp_028800	0.0684297056865632
Smp_028850	0.043993700679668
Smp_028860	0.0768495596317134
Smp_028870	0.128693020871801
Smp_028930	0.00858566930042909
Smp_028940	0.00725372138356848
Smp_028980	0.0210356100102391
Smp_028990	0.00487450544751357
Smp_029040	0.006263594729338
Smp_029060	0.0104018210081455
Smp_029070	0.00925929612237415
Smp_029100	0.040350710065654
Smp_029160	0.0167317805100073
Smp_029210	0.00412793921045002
Smp_029240	0.0164241386197648
Smp_029360	0.014976676190674
Smp_029370	0.00991831272187205
Smp_029390	0.00487545861619752
Smp_029400	0.130978737325725
Smp_029470	0.0289889080778123
Smp_029500	0.0119405822571846
Smp_029670	0.0245412024780011
Smp_029700	0.00457420929041855
Smp_029740	0.0139342926254746
Smp_029750	0.0337922067812996
Smp_029800	0.0118972323026102
Smp_029820	0.092905062575612
Smp_029850	0.00385738267263457
Smp_029890	0.0182023331613487
Smp_029900	0.0306192151378961
Smp_029940	0.00801931990060152
Smp_029970	0.0104348035559713
Smp_029990	0.0495914037828577
Smp_030000	0.0394723228137893
Smp_030010	0.0153787659569176
Smp_030020	0.0152724163491527
Smp_030030	0.0342369600618837
Smp_030110	0.0267122896812961
Smp_030150	0.00463156141901564
Smp_030180	0.045392120073754
Smp_030220	0.0118747589110273
Smp_030250	0.00718755983037935
Smp_030260	0.0298869938888698
Smp_030280	0.0180914334962419
Smp_030290	0.0464509394114131
Smp_030320	0.00365893054637489
Smp_030330	0.0352562094045379
Smp_030350	0.379754766953414
Smp_030370	0.0238357126450095
Smp_030400	0.00767936893803268
Smp_030440	0.0396110416202128
Smp_030500	0.0135075113644328
Smp_030690	0.043562952565706
Smp_030710	0.00884195457945674
Smp_030730	0.0170856535642118
Smp_030760	0.00489768485640291
Smp_030780	0.00332294515572734
Smp_030830	0.0103661075475085
Smp_030860	0.00506548802684922
Smp_030870	0.0242175730489638
Smp_030910	0.0409904191026381
Smp_030920	0.0323558102329402
Smp_030930	0.0130979333204014
Smp_031000	0.0142581394513919
Smp_031010	0.0120737684762516
Smp_031020	0.161897934306967
Smp_031040	0.00978492045216937
Smp_031050	0.0138972441504396
Smp_031070	0.00586403298777605
Smp_031100	0.0279814459878547
Smp_031180	0.116772285253603
Smp_031190	0.0446348738647974
Smp_031220	0.00760031535094926
Smp_031270	0.0214825222150732
Smp_031300	0.0674965333389284
Smp_031310	0.0520213731141512
Smp_031360	0.0102792316101628
Smp_031390	0.607727826354888
Smp_031560	0.00292071509228369
Smp_031570	0.0432883341791613
Smp_031590	0.0108453696780328
Smp_031680	0.0240725493272858
Smp_031690	0.00902009507136306
Smp_031710	0.00696086298570198
Smp_031720	0.0148813106577701
Smp_031730	0.0190904403907909
Smp_031770	0.034710661923646
Smp_031880	0.0118642150378892
Smp_031920	0.0158340662907818
Smp_031950	0.0177140391648163
Smp_031990	0.0031229890192351
Smp_032000	0.0171221881244655
Smp_032060	0.0269860915455301
Smp_032120	0.00517524543732224
Smp_032150	0.00853533531162513
Smp_032180	0.0224303101770224
Smp_032230	0.00872388495306558
Smp_032240	0.00437005980452308
Smp_032250	0.00432220289400379
Smp_032260	0.0304501697408844
Smp_032280	0.0368803060566127
Smp_032310	0.0272005367849756
Smp_032320	0.0294869903952104
Smp_032370	1.22889790323764
Smp_032420	0.0135493478550792
Smp_032480	0.0557848169919303
Smp_032490	0.0453062954776708
Smp_032500	0.0380149567879811
Smp_032510	0.0111196793964797
Smp_032520	0.0145000291387695
Smp_032580	0.012310983167115
Smp_032640	0.00810196615583211
Smp_032720	0.0174993227434626
Smp_032760	0.0717273661178559
Smp_032770	0.00427261478415909
Smp_032780	0.0211007984766617
Smp_032790	0.0427485327918815
Smp_032800	0.00828156695110675
Smp_032810	0.0293823485570736
Smp_032820	0.00689099145009994
Smp_032920	0.0506161161017273
Smp_032930	0.00577539373503947
Smp_032950	0.0737050245318365
Smp_032970	0.363705484732518
Smp_032980	0.403076816118393
Smp_032990	1.10681819413763
Smp_033000	0.154379357608413
Smp_033010	0.0711813269342181
Smp_033020	0.0162979611963639
Smp_033040	0.0621674520406254
Smp_033050	0.00462185716999198
Smp_033110	0.0191364728050003
Smp_033140	0.0139640131088864
Smp_033210	0.00778796640677167
Smp_033250	0.757988646675914
Smp_033260	0.00935276663641623
Smp_033330	0.0200553757405319
Smp_033350	0.00541234101236291
Smp_033380	0.477318997076229
Smp_033400	0.0437591542217929
Smp_033530	0.0128087610792905
Smp_033540	0.0241575145497684
Smp_033590	0.0070475256173802
Smp_033600	0.00925674406689253
Smp_033610	0.0267190075240791
Smp_033620	0.0307623021204277
Smp_033660	0.00365178267862471
Smp_033670	0.0222369961929677
Smp_033680	0.0176224134054315
Smp_033700	0.0256526874969343
Smp_033710	0.00338531000099461
Smp_033760	0.00536466218163514
Smp_033770	0.00700037193169262
Smp_033870	0.0171469825586935
Smp_033930	0.0347063693589398
Smp_033950	0.0148838328212324
Smp_033970	0.0105299834186464
Smp_033990	0.0305476586766447
Smp_034000	0.0226804464652943
Smp_034090	0.00830120046768277
Smp_034100	0.0622530908593698
Smp_034120	0.0124213233319836
Smp_034190	0.0159261270597428
Smp_034270	0.0330413228938279
Smp_034300	0.0187462919138845
Smp_034400	0.0140734565473528
Smp_034410	0.0156705449030825
Smp_034420	0.0198080424176165
Smp_034430	0.0221281647403496
Smp_034450	0.0024379005155909
Smp_034490	0.0454437498849289
Smp_034500	0.038677424023121
Smp_034530	0.0308233022746066
Smp_034550	0.0475908902562347
Smp_034610	0.0753482401083406
Smp_034660	0.0333222081283212
Smp_034670	0.00474951958979944
Smp_034680	0.305134156776949
Smp_034700	0.0159169837519105
Smp_034840	0.0133372873396103
Smp_034850	0.03127174833967
Smp_034860	0.162950990788965
Smp_034870	0.016774045427795
Smp_034920	0.0141956906578732
Smp_034940	0.00440737788051844
Smp_034980	0.0217189026644366
Smp_035000	0.0306689468217971
Smp_035010	0.0140178230411278
Smp_035020	0.0088324342877009
Smp_035030	0.0160194170763392
Smp_035040	0.020705429869168
Smp_035080	0.00649963045666448
Smp_035090	0.0228391897567666
Smp_035110	0.00563105830038813
Smp_035150	0.00772108381162392
Smp_035180	0.0303794786907684
Smp_035190	0.0527121370468476
Smp_035200	0.0242432617343113
Smp_035210	0.0556666670268091
Smp_035220	0.023713211222763
Smp_035250	0.0481923587012623
Smp_035260	0.0196461031121737
Smp_035270	0.0298356408246326
Smp_035280	0.00818208156017362
Smp_035290	0.0428262432896186
Smp_035300	0.00903876716905594
Smp_035310	0.00991587830106093
Smp_035360	0.00871719431425579
Smp_035370	0.0520223204864129
Smp_035380	0.0303957315994912
Smp_035390	0.0297611648786527
Smp_035410	0.0337630597489418
Smp_035430	0.00192313888737142
Smp_035460	0.0122042967719283
Smp_035470	0.0108211729265264
Smp_035480	0.0091240852560952
Smp_035500	0.0113693627994951
Smp_035540	0.0198288458363269
Smp_035550	0.0131644695460676
Smp_035560	0.392696989716417
Smp_035580	0.0089353682892678
Smp_035620	0.00797699002148257
Smp_035650	0.02703160241267
Smp_035700	0.0720379758959434
Smp_035730	0.00492986669650228
Smp_035790	0.0522830885623829
Smp_035800	0.0623965023701075
Smp_036010	0.0670861702064352
Smp_036020	0.0504916441867283
Smp_036060	0.000912787401510469
Smp_036130	0.0112182382628792
Smp_036180	0.0213665288018821
Smp_036220	0.0419702095794444
Smp_036250	0.00767245694892305
Smp_036270	0.0298652130443296
Smp_036370	0.00279282554355584
Smp_036390	0.0197422112255742
Smp_036400	0.0312151462961067
Smp_036500	0.0183649824728237
Smp_036550	0.02575851927914
Smp_036590	0.00353844710454145
Smp_036630	0.00918485363600124
Smp_036670	0.120651825289647
Smp_036720	0.0215561971416169
Smp_036780	0.0125856339409678
Smp_036920	0.042755627766808
Smp_036940	0.0507213713803676
Smp_036950	0.00275508656933629
Smp_036980	0.0271991380791322
Smp_036990	0.0283614830329526
Smp_037120	0.033961708866076
Smp_037190	0.0298614719581226
Smp_037230	0.0413820438931063
Smp_037290	0.00634357483388966
Smp_037400	0.00690480907777014
Smp_037460	0.00623581858950716
Smp_037530	0.0248126804083029
Smp_037540	0.0130497834954588
Smp_037590	0.0190454790378243
Smp_037640	0.00666546205372341
Smp_037690	0.468117150476931
Smp_037700	0.0414797875981967
Smp_037780	0.025657337453739
Smp_037900	0.00914076950379161
Smp_037910	0.0323149169437509
Smp_037930	0.0177401420275549
Smp_037960	0.018772416305829
Smp_038030	0.0148141836627313
Smp_038080	0.00901604142064891
Smp_038100	0.0128852298285824
Smp_038140	0.00438414523883017
Smp_038210	0.00530997217012966
Smp_038240	0.0110368617856466
Smp_038300	0.0765402441734751
Smp_038330	0.00783538575173488
Smp_038340	0.00438030116568089
Smp_038410	0.0411196751361749
Smp_038420	0.00851903996580334
Smp_038440	0.0188309409808295
Smp_038510	0.0490746495736294
Smp_038530	0.0277265907186602
Smp_038540	0.0118815186228624
Smp_038560	0.0569313204454622
Smp_038630	0.0209973108089119
Smp_038680	0.0546155482870498
Smp_038700	0.0156279300938135
Smp_038710	0.00897263898750825
Smp_038820	0.0112320569041776
Smp_038830	0.00701352140081081
Smp_038840	0.0177343546694831
Smp_038870	0.00996582717281351
Smp_038930	0.00530271043780294
Smp_038940	0.0156654864189611
Smp_038950	0.0200776082805432
Smp_038960	0.0145519879606162
Smp_038965	0.0127905276387912
Smp_038980	0.0232372910156096
Smp_039000	0.0273213125852757
Smp_039080	0.00277470720447743
Smp_039130	0.0249934798523275
Smp_039160	0.0377385280613697
Smp_039180	0.00376126142556069
Smp_039300	0.0285382757191707
Smp_039390	0.0172978775794761
Smp_039400	0.0382792633194866
Smp_039470	0.249177323815953
Smp_039490	0.00813782412878221
Smp_039590	0.107512591061404
Smp_039600	0.0385174843768453
Smp_039640	0.00842474662643344
Smp_039650	0.0129770808168816
Smp_039670	0.0170630968234848
Smp_039740	0.0279286500020201
Smp_039750	0.00621927910722593
Smp_039810	0.0326130289696934
Smp_039820	0.0124419964970756
Smp_039870	0.0405168241394068
Smp_039970	0.0217650284592811
Smp_039980	0.0278654663532364
Smp_040020	0.0503527321781617
Smp_040080	0.00665488471791314
Smp_040100	0.0233324724117922
Smp_040110	0.0446614860126506
Smp_040130	0.0468831200886961
Smp_040190	0.032536841122958
Smp_040270	0.00558394904760178
Smp_040280	0.0168006932015838
Smp_040350	0.0376877860095073
Smp_040360	0.00335382380997346
Smp_040460	0.0331119529055988
Smp_040500	0.0112844539094634
Smp_040510	0.0293285552381579
Smp_040550	0.0144496208201557
Smp_040560	0.013614053909269
Smp_040570	0.00341971531130266
Smp_040610	0.0115691891155814
Smp_040710	0.0196341409122453
Smp_040720	0.0545032445640769
Smp_040770	0.0105810529440628
Smp_040790	0.0400976541989329
Smp_040800	0.0102626606142536
Smp_040960	0.0115575288015559
Smp_040970	0.00875343060810109
Smp_040990	0.0352016324093731
Smp_041050	0.00346444076800984
Smp_041060	0.0374100016126521
Smp_041100	0.00764468873960846
Smp_041190	0.00540236202749527
Smp_041370	0.0387087250433339
Smp_041390	0.0169611945093933
Smp_041430	0.0240046105384817
Smp_041450	0.00794435803740318
Smp_041460	0.0749857048911182
Smp_041480	0.00863769509810894
Smp_041490	0.00835279690201866
Smp_041500	0.0155576675596583
Smp_041540	0.0648780415200883
Smp_041550	0.019122608336587
Smp_041570	0.0153322146654796
Smp_041600	0.00842742923280961
Smp_041630	0.0362212642293157
Smp_041650	0.0784552050794172
Smp_041700	0.023938197880963
Smp_041730	0.00669164221598731
Smp_041740	0.0139812838054363
Smp_041750	0.0417543369250525
Smp_041760	0.0299438845377211
Smp_041770	0.0209339586021918
Smp_041830	0.00467877748831817
Smp_041880	0.313128794243392
Smp_041890	0.0195783019247991
Smp_041980	0.0767755815394051
Smp_042020	0.0345688488478412
Smp_042030	0.00241138324189531
Smp_042050	0.00749224016040468
Smp_042060	0.0207097759797603
Smp_042080	0.0207211628449519
Smp_042090	0.0612506348919511
Smp_042110	0.0236265296196876
Smp_042120	0.0350957481150512
Smp_042140	0.0187766076100315
Smp_042150	0.143242732017713
Smp_042160	0.0311474802965566
Smp_042210	0.0201164879582627
Smp_042270	0.0100099948082268
Smp_042280	0.0178200767638674
Smp_042300	0.0206886090938471
Smp_042340	0.0427762437650509
Smp_042390	0.0382979728829293
Smp_042400	0.048420351299125
Smp_042420	0.0224316220435557
Smp_042430	0.0257110548227485
Smp_042440	0.0391258616997309
Smp_042530	0.0261032035774193
Smp_042550	0.00911840467666806
Smp_042560	0.0146501999088706
Smp_042590	0.0273307598272823
Smp_042630	0.00954633321677193
Smp_042670	0.00986940503114635
Smp_042680	0.0384830474500926
Smp_042700	0.0493112083748002
Smp_042740	0.0183447760377295
Smp_042770	0.0110335326915822
Smp_042780	0.00380167307272815
Smp_042790	0.0248512068309862
Smp_042810	0.0228992583365312
Smp_042910	0.0417072790227332
Smp_042920	0.0362801663704976
Smp_042980	0.00461214510609324
Smp_042990	0.0391509808537113
Smp_043030	0.0269806484097575
Smp_043070	0.0223370850125292
Smp_043100	0.0148721954149595
Smp_043110	0.0227039532435021
Smp_043120	0.0343433166073533
Smp_043130	0.00762759052906919
Smp_043150	0.00391162096659929
Smp_043170	0.00628221291876764
Smp_043200	0.00587281525718857
Smp_043210	0.0197076236285867
Smp_043220	0.0204489418521048
Smp_043250	0.063418238063461
Smp_043260	0.0819874911292459
Smp_043270	0.195017734859711
Smp_043290	0.0744160973666707
Smp_043320	60
Smp_043340	2.31903861474553
Smp_043350	0.0052771002281733
Smp_043360	0.0487295129876771
Smp_043390	0.10246844245808
Smp_043500	0.0158031238600154
Smp_043570	0.00981246305247763
Smp_043580	0.00738084315039441
Smp_043600	0.0130461622868161
Smp_043610	0.00706482487743982
Smp_043650	0.0401436180729781
Smp_043670	0.0149096521455273
Smp_043780	0.0293461790494847
Smp_043910	0.0204591194852033
Smp_043940	0.0170965117158765
Smp_043970	0.0213542551990052
Smp_043990	0.0137848715983973
Smp_044000	0.00926482250406528
Smp_044020	0.00801005686771547
Smp_044060	0.0120581433257894
Smp_044160	0.00306501538522553
Smp_044250	0.0115340777877297
Smp_044260	0.0264917183611543
Smp_044280	0.0529880678189636
Smp_044400	0.00970614142996338
Smp_044440	0.0185718146086586
Smp_044470	0.0216778649543629
Smp_044520	0.0269027178227268
Smp_044530	0.00895398930301057
Smp_044550	0.00738912761804136
Smp_044560	0.0509771954401171
Smp_044580	0.071175675227262
Smp_044680	0.00524704375591233
Smp_044690	0.0113169617078236
Smp_044750	0.0328357298288526
Smp_044800	0.006689269769136
Smp_044810	0.00401838632860434
Smp_044850	0.0230025509232687
Smp_044920	0.0194194833211048
Smp_044950	0.0130145054188899
Smp_044970	0.0129114971450526
Smp_045010	0.0305118183133845
Smp_045060	0.0171713010508078
Smp_045070	0.00343984203144591
Smp_045200	0.0566992449673545
Smp_045220	0.031814034969307
Smp_045230	0.00348919451466833
Smp_045250	0.0122506554698126
Smp_045260	0.00496924659891888
Smp_045300	0.0501535985849762
Smp_045360	0.0559912973646274
Smp_045400	0.0136758701190724
Smp_045410	0.00818891096133604
Smp_045420	0.00706579071459195
Smp_045430	0.0196519768939945
Smp_045470	0.442766218293205
Smp_045480	0.017652826951064
Smp_045490	0.0975528649193072
Smp_045500	0.0218095660819178
Smp_045510	0.0619622361246032
Smp_045550	0.0268474935317069
Smp_045560	0.0126406854680719
Smp_045590	0.00709265860873009
Smp_045600	0.0045890500359695
Smp_045610	0.00523000373719831
Smp_045620	0.0225664280383435
Smp_045650	0.0245256677542019
Smp_045680	0.0525318352129842
Smp_045710	0.00218284534241255
Smp_045730	0.00643745653123787
Smp_045750	0.0139417841820474
Smp_045760	0.00711539423777185
Smp_045780	0.00416822223888331
Smp_045790	0.00649399763894747
Smp_045810	0.00432410830960757
Smp_045860	0.0232291245942457
Smp_045920	0.0239802003144154
Smp_045930	0.00447807434851919
Smp_045950	0.0156418259832272
Smp_045960	0.00262656560660404
Smp_045980	0.0165429844465842
Smp_045990	0.0207566442281242
Smp_046020	0.014306887644922
Smp_046030	0.0211598090495916
Smp_046060	0.0159240524593531
Smp_046090	0.0181045131764132
Smp_046100	0.0459573044702952
Smp_046120	0.063344220254607
Smp_046130	0.00829489682056695
Smp_046140	0.029903559581955
Smp_046160	0.0145188176831022
Smp_046190	0.0138434483635618
Smp_046250	0.0294782540455085
Smp_046290	0.00940981410068973
Smp_046360	0.0284197748783252
Smp_046410	0.0268688252929547
Smp_046430	0.021866646119092
Smp_046500	0.0363863341424567
Smp_046550	0.0127543854796771
Smp_046630	0.0390444222588651
Smp_046680	0.0157167151373558
Smp_046690	0.042393388751555
Smp_046740	0.00656023492911083
Smp_046750	0.0103804911213716
Smp_046780	0.123793686598461
Smp_046790	0.0781888253091347
Smp_046800	0.0421620901962466
Smp_046810	0.0333449910781138
Smp_046870	0.0234045135053039
Smp_046880	0.00638664865504623
Smp_046890	0.00880204189410805
Smp_046900	0.0103581183432816
Smp_046910	0.0488512021183931
Smp_046930	0.0120140598433724
Smp_046980	0.0319805214633676
Smp_047060	0.0725664077696201
Smp_047090	0.0278796623244478
Smp_047110	0.0158438656192591
Smp_047190	0.0263720051801559
Smp_047200	0.0267268901288752
Smp_047240	0.0173146517281432
Smp_047330	0.0209526635822157
Smp_047360	0.00246993094399618
Smp_047370	0.0200749884254567
Smp_047400	0.0213873957606158
Smp_047410	0.00756576011252102
Smp_047440	0.00353956992288531
Smp_047450	0.00262411781683808
Smp_047460	0.0361138803775219
Smp_047500	0.00202074814056319
Smp_047540	0.0028135857979921
Smp_047550	0.0284681707687345
Smp_047610	0.0483841788881265
Smp_047620	0.0660666546778072
Smp_047640	0.544671045144487
Smp_047650	0.0445451244211058
Smp_047680	0.208577522534688
Smp_047700	0.026830975290023
Smp_047720	0.029062157964936
Smp_047740	0.0231373581194431
Smp_047860	0.0173918244594142
Smp_047870	0.0155680645452686
Smp_047900	0.0113391691503334
Smp_048050	1.0657061185254
Smp_048080	0.00505971725432823
Smp_048160	0.0286263872451897
Smp_048230	0.00620077519562829
Smp_048240	0.00490466686587732
Smp_048260	0.0269016073159245
Smp_048380	0.0328473189195419
Smp_048420	0.0123180805383433
Smp_048430	0.00964569317433264
Smp_048520	0.00803743607793544
Smp_048540	0.00911971644702712
Smp_048550	0.00560075854652915
Smp_048560	0.0255128407998229
Smp_048620	0.00780542344196967
Smp_048650	0.0232649453642164
Smp_048660	0.0162651485657888
Smp_048760	0.00773389757352454
Smp_048830	0.0329102255861101
Smp_048880	0.0229680895757574
Smp_048930	0.0217364955204865
Smp_048940	0.00945376201176654
Smp_048970	0.00884475603441287
Smp_048980	0.0324572968400388
Smp_048990	0.00273126406091098
Smp_049000	0.00846546417082704
Smp_049010	0.0218940805739343
Smp_049140	0.0111386345319426
Smp_049150	0.034751921886863
Smp_049160	0.045229142302134
Smp_049170	0.0115314770893036
Smp_049230	11.5767751003819
Smp_049270	0.0194180989759084
Smp_049330	0.0134064125209119
Smp_049380	0.0198285267748066
Smp_049390	0.00696922802666162
Smp_049500	0.0050923204778707
Smp_049510	0.0110809837370971
Smp_049520	0.00768131221717347
Smp_049550	0.0263292043437882
Smp_049580	0.0248501191777535
Smp_049600	0.00834226187415484
Smp_049610	0.0209523989474432
Smp_049630	0.00492366941757012
Smp_049680	0.0157030675023957
Smp_049730	0.00526866401345303
Smp_049740	0.041729674306653
Smp_049760	0.0115743940782936
Smp_049880	0.00575518734373434
Smp_049890	0.0179944855611489
Smp_049910	0.0171287880244926
Smp_049920	0.00546031155623141
Smp_049930	0.00659540114030314
Smp_049970	0.0030114076809947
Smp_049990	0.00319725248749452
Smp_050080	0.00538151662821245
Smp_050110	0.00395005967654152
Smp_050130	0.0154964261011888
Smp_050160	0.00537537903928062
Smp_050220	0.0989899549593443
Smp_050250	0.0171041170070398
Smp_050270	0.863910917903729
Smp_050280	0.0472825008361768
Smp_050350	0.0232337676026958
Smp_050360	0.0374649384464487
Smp_050380	0.0631490999975796
Smp_050430	0.0170677422496596
Smp_050470	0.0104841357976574
Smp_050520	0.0453074202609778
Smp_050540	0.0177946314825
Smp_050570	0.00385201694049118
Smp_050590	0.038931109976962
Smp_050700	0.00367936778969704
Smp_050730	0.00938288473093516
Smp_050740	0.00566364441217295
Smp_050760	0.00536918582575649
Smp_050820	0.0250048204251256
Smp_050830	0.00655600902454215
Smp_050880	0.0421628760790124
Smp_050890	0.0446758177763369
Smp_050920	0.00646640692731154
Smp_050940	0.0668052373606125
Smp_051000	0.0219466224168065
Smp_051010	0.0161057346821095
Smp_051070	0.0193717329182415
Smp_051080	0.00659872847185324
Smp_051090	0.0116553101710634
Smp_051120	0.0291120647951004
Smp_051130	0.028516014361365
Smp_051210	0.00900156894366549
Smp_051220	0.0218806879668226
Smp_051230	0.00720123373457237
Smp_051260	0.0259124963539436
Smp_051280	0.0129748561424003
Smp_051290	0.0381383118749722
Smp_051300	0.00317840053138136
Smp_051320	0.0167124100168996
Smp_051360	0.0121019802383443
Smp_051390	0.00353521764681341
Smp_051400	0.0410441634508717
Smp_051410	0.0140310116043889
Smp_051420	0.0128021873343129
Smp_051530	0.00261683329713431
Smp_051550	0.022618094976416
Smp_051640	0.0104511746240804
Smp_051660	0.0131462880989767
Smp_051670	0.0914735064489999
Smp_051810	0.0193606081856009
Smp_051920	0.016086828897047
Smp_051930	0.0240496800337995
Smp_052060	0.00988284180121895
Smp_052140	0.0070039259562607
Smp_052150	0.0176457573255641
Smp_052160	0.00643962393613877
Smp_052230	0.0655341213455455
Smp_052280	0.00744553309153707
Smp_052290	0.0801722345628628
Smp_052330	0.00455918489861264
Smp_052350	0.0231646677557227
Smp_052390	0.0330668564002542
Smp_052460	8.69790047322422
Smp_052500	0.0454745889252109
Smp_052630	0.0190489729969392
Smp_052640	0.00253982558455677
Smp_052710	0.01021351400092
Smp_052740	0.00733950181459858
Smp_052750	0.0106022213793695
Smp_052760	0.039346444808129
Smp_052780	0.00957045768470353
Smp_052790	0.00484345564140166
Smp_052800	0.011069798293039
Smp_052870	0.0115487304114286
Smp_052890	0.023187672306748
Smp_052910	0.012690311950304
Smp_053020	0.00584637393959277
Smp_053030	0.0235436952059389
Smp_053040	0.0163462056115881
Smp_053060	0.00639100276362899
Smp_053120	0.0367298567910382
Smp_053130	0.0431216291352534
Smp_053140	0.00217753691898829
Smp_053160	0.00300124298699357
Smp_053220	0.0277390286966151
Smp_053230	0.0102052546136384
Smp_053300	31.0402891508683
Smp_053390	0.050514692550208
Smp_053420	0.0192158523232027
Smp_053430	0.00890465686945818
Smp_053470	0.0158002183205947
Smp_053510	0.00987337482227457
Smp_053550	0.0236500517879783
Smp_053560	0.0171485326480447
Smp_053610	0.0100518832377244
Smp_053640	0.0386784872138859
Smp_053700	0.0463920233171881
Smp_053780	0.0656846997577244
Smp_053790	0.0714284120384085
Smp_053800	0.0138907759657712
Smp_053820	0.00642252600230269
Smp_053830	0.0577697669292295
Smp_053900	0.0255925100764748
Smp_053940	0.00480159153836917
Smp_053990	0.00313964045925996
Smp_054010	0.160180191976532
Smp_054070	0.00695855795732209
Smp_054120	0.0341436452503738
Smp_054200	0.023293028689436
Smp_054220	0.0120642538454595
Smp_054230	0.0428222176494762
Smp_054240	0.0535554553313923
Smp_054300	0.0847739655752666
Smp_054310	0.00796683542752825
Smp_054320	0.0115337747749501
Smp_054330	0.0223936870252394
Smp_054340	0.0184434131406282
Smp_054350	0.0766128751877997
Smp_054360	0.0463214607441865
Smp_054410	0.0245521576846355
Smp_054450	0.0385727910296075
Smp_054470	0.0272649053941761
Smp_054540	0.0016896510602331
Smp_054560	0.0411272009151668
Smp_054600	0.0304639931664916
Smp_054610	0.0496440055489508
Smp_054620	0.0338067156883823
Smp_054730	0.0217647822951875
Smp_054770	0.0468404773072548
Smp_054775	0.0620984113009336
Smp_054790	0.011029917093044
Smp_054800	0.0062383414397336
Smp_054810	0.00874636365894848
Smp_054820	0.00969218805136125
Smp_054840	0.023225053507244
Smp_055050	0.0476865722073206
Smp_055090	0.00455760647065576
Smp_055100	0.041346540291477
Smp_055130	0.00669072356142179
Smp_055190	0.00849926073501054
Smp_055200	0.0126884234970949
Smp_055220	0.0271087790617448
Smp_055240	0.0565542463752718
Smp_055260	0.290866042732623
Smp_055310	0.00503972808006846
Smp_055340	0.00499206312900081
Smp_055390	0.0079144460552499
Smp_055400	0.0322455947856698
Smp_055420	0.0147988739205454
Smp_055440	0.0385803589381283
Smp_055450	0.0106535894095549
Smp_055600	0.017718026215373
Smp_055630	0.0497031040780617
Smp_055670	0.00589978070691055
Smp_055720	0.0152640760959522
Smp_055740	0.0732369690990473
Smp_055760	0.00460766166687876
Smp_055770	0.0211366807448574
Smp_055780	0.137230319595708
Smp_055800	0.0151500831417415
Smp_055870	0.0175662554615474
Smp_055880	0.0143542111144843
Smp_055890	0.0338896162983584
Smp_055900	0.0238032935603835
Smp_055920	0.00680021131662614
Smp_055960	0.013158222350907
Smp_055990	0.0128306276883899
Smp_056060	0.0248356493078685
Smp_056080	0.0462469831329516
Smp_056200	0.0163046964014273
Smp_056240	0.00659248353350296
Smp_056260	0.079183163529608
Smp_056280	0.161792359511271
Smp_056350	0.0233478101025397
Smp_056360	0.00518809375982242
Smp_056370	0.0217642019163801
Smp_056390	0.0098049679846506
Smp_056440	0.0290814696815077
Smp_056460	0.179491976871959
Smp_056500	0.020600021010418
Smp_056620	0.00313066560503902
Smp_056640	0.00795682397772753
Smp_056760	0.0147786744584374
Smp_056770	60
Smp_056780	0.0435566572045107
Smp_056810	0.00305034435492863
Smp_056850	0.0151987617397468
Smp_056860	0.0126438527903793
Smp_056900	0.0654274660771004
Smp_056930	0.0793402540354421
Smp_056970	0.0307227956424052
Smp_056990	0.0282742055437433
Smp_057020	0.00659413074460699
Smp_057060	0.0117778157117439
Smp_057090	0.0292797410000976
Smp_057120	0.0226529677278668
Smp_057130	0.00740826943402327
Smp_057210	0.0121855052452416
Smp_057230	0.00564221507337419
Smp_057320	0.00610944400367262
Smp_057360	0.159452448864275
Smp_057430	0.0067929016960212
Smp_057530	0.0301037110191879
Smp_057590	0.0643981836016136
Smp_057620	0.00623549611473747
Smp_057630	0.0114220865617891
Smp_057650	0.0103752241036762
Smp_057860	0.0410587133102979
Smp_058050	0.00351005367217551
Smp_058080	0.0197931187540496
Smp_058130	0.00448204588729322
Smp_058140	0.00983431966816957
Smp_058150	0.0253910838090503
Smp_058170	0.00315079956808274
Smp_058190	0.00983768811116506
Smp_058240	0.0128283820486918
Smp_058270	0.0229218028237307
Smp_058320	0.0270301163972637
Smp_058350	0.0399086616188766
Smp_058360	0.0834024786552867
Smp_058380	0.0321549078688364
Smp_058400	0.003080589534404
Smp_058410	0.013329441343534
Smp_058450	0.0269279435766
Smp_058460	0.0060631432322628
Smp_058470	0.0641694283446544
Smp_058530	0.00511931659511542
Smp_058620	0.0199908122334137
Smp_058650	0.00851979630827959
Smp_058690	0.0366562164672424
Smp_058700	0.0652360991672664
Smp_058730	0.00877697214552904
Smp_058780	0.021679145592986
Smp_058790	0.0107895960442682
Smp_058850	0.0369272547064145
Smp_058880	0.0200395379412035
Smp_058980	0.0118481024252995
Smp_058990	0.0425814481335538
Smp_059090	0.0203854264924685
Smp_059100	0.0206764333566314
Smp_059130	0.00679379954702127
Smp_059150	0.00543624124172125
Smp_059170	0.0469187663561893
Smp_059200	0.0378969232743218
Smp_059210	0.00701917346853072
Smp_059240	0.0274760716900785
Smp_059290	0.0256954671552084
Smp_059340	0.0165083980693223
Smp_059350	0.0357040129546125
Smp_059360	0.0117944024808928
Smp_059530	0.0574223812168745
Smp_059540	0.00288129030472033
Smp_059570	0.0192408930737249
Smp_059600	0.0468827019702358
Smp_059670	0.0345887051853848
Smp_059710	0.0179640315496744
Smp_059750	0.0225459167474658
Smp_059780	0.0153302619420013
Smp_059790	0.0667504564020228
Smp_059810	0.0262362031441036
Smp_059820	0.0245819226220189
Smp_059870	0.0723101622523866
Smp_059880	0.0125079449025437
Smp_059910	0.0157597114656522
Smp_059920	0.0195059352986336
Smp_059930	0.0593563761773782
Smp_059980	0.0331799112244116
Smp_060010	0.00418314648517884
Smp_060030	0.0689761784751464
Smp_060070	0.0160648739606298
Smp_060080	0.0182419172197826
Smp_060090	0.0609691878170653
Smp_060160	0.0201534889735084
Smp_060170	0.0155943919336955
Smp_060180	0.0106184958446686
Smp_060190	0.0161325879183582
Smp_060210	1.12139262673395
Smp_060220	0.151642191484778
Smp_060240	0.0244845739981713
Smp_060270	0.0353005743661031
Smp_060290	0.021880026128488
Smp_060420	0.00237436386439194
Smp_060480	0.0224005784738393
Smp_060490	0.0240883069313311
Smp_060570	0.0138185140558922
Smp_060620	0.4685434818204
Smp_060660	0.0320062876868709
Smp_060700	0.00471148376368004
Smp_060750	0.0336440994009842
Smp_060760	0.243717196442312
Smp_060820	0.0095268323569901
Smp_060860	0.0406950007427822
Smp_060900	0.00589270421549471
Smp_060910	0.0635524612079886
Smp_060940	0.00612989686699813
Smp_060950	0.00609215238670567
Smp_061040	0.0140471190978422
Smp_061050	0.0390918982332484
Smp_061100	0.038502644814542
Smp_061200	0.0664499774650155
Smp_061210	0.030050225663217
Smp_061230	0.010037841369834
Smp_061250	0.014722543588727
Smp_061300	0.00906925289936346
Smp_061310	0.00255343647458278
Smp_061390	0.459955147871319
Smp_061400	22.5455702611002
Smp_061480	0.0162578483292281
Smp_061510	0.00215491445817507
Smp_061540	0.00620841625789278
Smp_061560	0.0618659923037573
Smp_061570	0.016831968749538
Smp_061580	0.0124727633477672
Smp_061590	0.0174057595265831
Smp_061650	0.0124826498915556
Smp_061680	0.0270262647796729
Smp_061840	0.00589864312216554
Smp_061870	0.0243680385315567
Smp_061920	0.00593211751489395
Smp_061940	0.0216739286923749
Smp_061950	0.0450335243672952
Smp_061970	0.015271600053533
Smp_062020	0.0317253374808861
Smp_062070	0.0169862570125262
Smp_062080	0.0223015826467489
Smp_062120	0.0219504765678365
Smp_062250	0.016521420996435
Smp_062260	0.0103935920199279
Smp_062270	0.0130923110505927
Smp_062300	0.00500038444939081
Smp_062420	0.0200822170403439
Smp_062490	0.422995973970118
Smp_062510	0.00310129447353784
Smp_062520	0.0041228762586644
Smp_062530	0.0191468557592824
Smp_062550	0.0163727534452988
Smp_062560	0.0677712774774817
Smp_062620	0.041246708971871
Smp_062630	0.00317804315184831
Smp_062640	0.0122882587046669
Smp_062680	0.0035794959006762
Smp_062790	0.0290188259765507
Smp_062890	0.0373722737780069
Smp_062900	0.0203535429011212
Smp_062950	0.0136670357949792
Smp_062970	0.0316039330330996
Smp_062980	0.00539906732915851
Smp_063000	0.00297912695719311
Smp_063030	0.0277570028642343
Smp_063040	0.0103984614364053
Smp_063070	0.0200453919269471
Smp_063090	0.015788776668615
Smp_063110	0.0177066730811379
Smp_063120	0.0131422443335822
Smp_063180	0.00364613768032191
Smp_063190	0.0765192519511685
Smp_063230	0.00802400276344331
Smp_063250	0.00746799511078186
Smp_063260	0.00534868191213158
Smp_063300	0.072346773304935
Smp_063330	0.0251749741316973
Smp_063350	0.0557266255318608
Smp_063390	0.0116543449738935
Smp_063420	0.0123734947263357
Smp_063500	0.0142143620902768
Smp_063520	0.143520032442444
Smp_063530	0.0432970575428831
Smp_063540	0.005353158574104
Smp_063580	0.0142405647013488
Smp_063630	0.0235176702967319
Smp_063640	0.004485241462905
Smp_063650	0.0203081425072759
Smp_063670	0.00186712783166167
Smp_063680	0.063557029424514
Smp_063830	0.00262324334688637
Smp_064010	0.0306463441124683
Smp_064020	0.0234782983609496
Smp_064030	0.0110669564584861
Smp_064040	0.00663567362576364
Smp_064050	0.0089654111614937
Smp_064150	0.0352305000909283
Smp_064240	0.0041750033724259
Smp_064250	0.0227277490231133
Smp_064280	0.0132385837623635
Smp_064320	0.00917168091239111
Smp_064330	0.0702043855510668
Smp_064350	0.0119758809973989
Smp_064360	0.0213314766447982
Smp_064380	0.00686502326627744
Smp_064390	0.00984902576066842
Smp_064400	0.00311952560256672
Smp_064430	0.0327534841439528
Smp_064460	0.0856527511120899
Smp_064500	0.0235041353419502
Smp_064510	0.0115744739774485
Smp_064520	0.0131777890781922
Smp_064590	0.00710560982686939
Smp_064600	0.0176562572806216
Smp_064640	0.00928282736968969
Smp_064650	0.00567846235113085
Smp_064750	0.0441513647548637
Smp_064800	0.0113007189281337
Smp_064860	0.0178342290971298
Smp_064870	0.0049023137346086
Smp_064950	0.0178023584635536
Smp_065060	0.00526213941736863
Smp_065120	0.0181984007939456
Smp_065130	0.00209728433564286
Smp_065150	0.049351644027099
Smp_065160	0.011965929106138
Smp_065170	0.0265373579696827
Smp_065180	0.0205901392433068
Smp_065190	0.0192491814339077
Smp_065210	0.0228490691632278
Smp_065240	0.0138324202418499
Smp_065290	0.0299948453822218
Smp_065370	0.0451757722705187
Smp_065420	0.00529263029890168
Smp_065470	0.0124126419241242
Smp_065530	0.347488335414733
Smp_065580	0.00389865366040209
Smp_065610	0.0126242590916757
Smp_065770	0.0109759203342742
Smp_065810	0.0145382203346383
Smp_065840	0.0102135439302712
Smp_065890	0.00811235090355908
Smp_065980	0.00815565296885147
Smp_066050	0.0489845037206948
Smp_066200	0.00681857886123365
Smp_066260	0.0373764232019579
Smp_066330	0.0106999043943055
Smp_066340	0.00513916022922155
Smp_066410	0.00761640817021591
Smp_066430	0.019528189268223
Smp_066480	0.0203765278466059
Smp_066520	0.132170018431071
Smp_066590	0.0582106272020107
Smp_066610	0.0203637076080478
Smp_066620	0.0276080577206369
Smp_066630	0.022684777564747
Smp_066670	0.00910944637489595
Smp_066730	0.0259879392054798
Smp_066740	0.0225646093063028
Smp_066760	0.00270225389607009
Smp_066820	0.0216165993588915
Smp_066830	0.0227966670057238
Smp_066890	0.0484018650765317
Smp_066900	0.0240933209071529
Smp_066930	0.0374429759823897
Smp_066940	0.0739360095475217
Smp_066950	0.0102485740935184
Smp_066960	0.0104943038025598
Smp_066970	0.0394332769306769
Smp_066990	0.0467372646263665
Smp_067000	0.029711439311785
Smp_067010	0.0281018166330747
Smp_067060	0.168254492729754
Smp_067090	0.041029676600522
Smp_067140	0.0123633195247103
Smp_067250	0.00399621345771129
Smp_067260	0.0418042082076628
Smp_067280	0.00282718980887015
Smp_067400	0.00338133889655624
Smp_067420	0.00881172343093657
Smp_067430	0.233554788453466
Smp_067480	0.0188299512045498
Smp_067490	0.0122739197722823
Smp_067510	0.0324017021200295
Smp_067520	0.0301182430639887
Smp_067540	0.0296027619871294
Smp_067580	0.0174783491571709
Smp_067590	0.00732861260977216
Smp_067780	0.0150814728213173
Smp_067810	0.00111350984797977
Smp_067890	0.0321876358358195
Smp_067900	0.00674765065164034
Smp_067930	0.00293642223331929
Smp_068000	0.0212496478101038
Smp_068060	0.0224368316892611
Smp_068070	0.00343437526787426
Smp_068100	0.00971683836994857
Smp_068110	0.00895785322149988
Smp_068120	0.00498390132922526
Smp_068170	0.0182304925371311
Smp_068220	0.011307198636647
Smp_068240	0.0509919133363895
Smp_068250	0.0106080700451793
Smp_068270	0.00443621988565226
Smp_068280	0.0238076415337017
Smp_068300	0.0250351745225656
Smp_068340	0.00499047706018679
Smp_068350	0.0188260935871467
Smp_068420	0.0420721525703216
Smp_068440	0.0242997516983449
Smp_068480	0.0150219345841962
Smp_068500	0.0230583746247295
Smp_068510	0.035555080732568
Smp_068530	0.0304503237793388
Smp_068580	0.0227826314386297
Smp_068680	0.0793910190346657
Smp_068710	0.0271010165080114
Smp_068720	0.0157302911717131
Smp_068750	0.0180508459814874
Smp_068760	0.00531043451465344
Smp_068840	0.0118483751874977
Smp_068920	0.0421950020290093
Smp_068950	0.0140791948983075
Smp_068960	0.00666648530046919
Smp_068990	0.0681229716382667
Smp_069120	0.0477691739212865
Smp_069130	0.00704480391343393
Smp_069160	0.0416754293326435
Smp_069170	0.0143675451747406
Smp_069220	0.00350057067031983
Smp_069240	0.0268973809003309
Smp_069380	0.0681485267837935
Smp_069400	0.0311347821384326
Smp_069600	0.0260093369229993
Smp_069720	0.0364463963636313
Smp_069760	0.0141313065450845
Smp_069770	0.0270780790613395
Smp_069810	0.00249578439039414
Smp_069820	0.00220243168949379
Smp_069840	0.0178700170127027
Smp_069870	0.0115275463014409
Smp_069880	0.0335011964172511
Smp_069890	0.0303045663265363
Smp_069900	0.00664516424444656
Smp_069910	0.00882816062877535
Smp_069960	0.0174175256018389
Smp_070020	0.0582506199401577
Smp_070030	0.0368135233799964
Smp_070100	0.0681220710778263
Smp_070110	0.0187187074507977
Smp_070130	0.0295091605146031
Smp_070170	0.0199785853313868
Smp_070190	0.00645940877823805
Smp_070200	0.00650464276822206
Smp_070310	0.0524120493841456
Smp_070330	0.0146384000118777
Smp_070340	0.0124481364435317
Smp_070360	0.294022687637664
Smp_070370	0.185573337872902
Smp_070380	0.0193199648873342
Smp_070540	0.108449186907977
Smp_070600	0.0117690637533439
Smp_070610	0.0124901602264916
Smp_070640	0.021503370411347
Smp_070680	0.00422202072243987
Smp_070710	0.0124811369048625
Smp_070760	0.0208536915791267
Smp_070770	0.0340419692178654
Smp_070780	0.035722407474977
Smp_070860	0.0204742784634971
Smp_070930	0.023045377511265
Smp_071000	0.0664082973506908
Smp_071020	0.00358232447753055
Smp_071050	0.0320966525647762
Smp_071140	0.00330193964826237
Smp_071150	0.0216610063708335
Smp_071250	0.0137404534141735
Smp_071380	0.00959765250296536
Smp_071390	0.0235217314717438
Smp_071470	0.00547035995871448
Smp_071540	0.00688653753208477
Smp_071550	0.00754825664090782
Smp_071560	0.0130320157483188
Smp_071570	0.0101548310834563
Smp_071590	1.40811622636079
Smp_071610	0.054941887520886
Smp_071630	0.00297178132493222
Smp_071640	0.0164618092772795
Smp_071770	0.00405898718809545
Smp_071830	0.0205989769128401
Smp_071880	0.0135053867526987
Smp_071890	0.0513430241810493
Smp_071950	0.00439220327898197
Smp_071960	0.0268457381371139
Smp_072080	0.0238868702206846
Smp_072090	0.0066622263155191
Smp_072100	0.0384857199242221
Smp_072110	0.00445940927237713
Smp_072140	0.0095468282009012
Smp_072180	0.00859861070747594
Smp_072190	0.0236466050594794
Smp_072210	0.18401107314727
Smp_072320	0.0357055334157644
Smp_072330	0.05684983384282
Smp_072340	0.0150465526649838
Smp_072350	0.00655486958459431
Smp_072360	0.00497233405192191
Smp_072370	0.00280595421049075
Smp_072380	0.0183475554930391
Smp_072440	0.0118016996083886
Smp_072450	0.0492945537345742
Smp_072460	0.0203038415252569
Smp_072470	0.0157858385150342
Smp_072490	0.00886121427389791
Smp_072500	0.0320104788033227
Smp_072560	0.0422092315415329
Smp_072640	0.0079544103489413
Smp_072660	0.0126525204079261
Smp_072720	0.00211996487257173
Smp_072740	0.00911771127334704
Smp_072790	0.00706049368527112
Smp_072800	0.0371534966454005
Smp_072870	0.00811316299403385
Smp_072890	0.0152469278904647
Smp_072900	0.0503161491635293
Smp_072950	0.0231663867480299
Smp_072970	0.0218544067496449
Smp_072980	0.0120290877137706
Smp_072990	0.0189917779923329
Smp_073070	0.0238581852063225
Smp_073080	0.0354456640978642
Smp_073140	0.0135814772358297
Smp_073200	0.0112565269263051
Smp_073210	0.00483326876783284
Smp_073220	0.00597193863810694
Smp_073270	0.0237302804057565
Smp_073280	0.0402029805741948
Smp_073290	0.00233467615302875
Smp_073300	0.0210030195695448
Smp_073340	0.00567158286151439
Smp_073390	0.00766885706882847
Smp_073400	0.0141404014249867
Smp_073410	0.0199716275315711
Smp_073470	0.0363439152129725
Smp_073490	0.0728877589994428
Smp_073500	0.00837637876924611
Smp_073510	0.0101868574530093
Smp_073540	0.0337529907497469
Smp_073560	0.0068246247423786
Smp_073570	0.0502501726363396
Smp_073590	0.0218936623878831
Smp_073600	0.00727328528832076
Smp_073610	0.00492918087129946
Smp_073620	0.0292696940395441
Smp_073680	0.0174154488398339
Smp_073690	0.0144171906073215
Smp_073720	0.0183149272687716
Smp_073790	0.0137241765444443
Smp_073800	0.00341949311952412
Smp_073830	0.00422906594498124
Smp_073880	0.035436816657142
Smp_073940	0.00881790338546232
Smp_074000	0.0159356333670301
Smp_074010	0.01897580126664
Smp_074020	0.0315548724047687
Smp_074040	0.00451049203107662
Smp_074050	0.0242011753779954
Smp_074070	0.00275130483880215
Smp_074080	0.0720083627989056
Smp_074140	0.0275664073423213
Smp_074150	0.0337083269570914
Smp_074190	0.0154922101580588
Smp_074200	0.0114607672176199
Smp_074210	0.0182829453618854
Smp_074230	0.0352690640900306
Smp_074260	0.0204232418212326
Smp_074280	0.00967863510596797
Smp_074330	0.022781494190054
Smp_074370	0.00950565352033621
Smp_074390	0.0530253406583893
Smp_074400	0.0134936795258639
Smp_074410	0.0152974391206566
Smp_074450	0.0565309173402898
Smp_074460	0.0363274914111445
Smp_074470	0.0535764501836059
Smp_074500	0.047653488714617
Smp_074510	0.00713718003493886
Smp_074560	0.0796418366066038
Smp_074570	0.0768792708990368
Smp_074590	0.0390095376147497
Smp_074610	0.169722284480274
Smp_074700	0.0496929576118792
Smp_074710	0.180401071488465
Smp_074770	0.00813533472305207
Smp_074780	0.0638711976941245
Smp_074830	0.0296980455246644
Smp_074870	0.00516574267781315
Smp_074880	0.00954547332573333
Smp_074900	0.0276739346536376
Smp_074930	0.0101375418346896
Smp_074940	0.0138194728140073
Smp_074950	0.0250624546934094
Smp_074990	0.0274636571510815
Smp_075000	0.0101100479278386
Smp_075030	0.0163763698256743
Smp_075040	0.0443295468154124
Smp_075060	0.0756596948244666
Smp_075110	0.0484613372421408
Smp_075120	0.0191818524811733
Smp_075130	0.012914064011558
Smp_075140	0.0326626527762265
Smp_075210	0.0206969396993171
Smp_075220	0.0192266175792337
Smp_075280	0.0155350431398907
Smp_075330	0.053327279929022
Smp_075350	0.028617111038573
Smp_075360	0.0662448438748674
Smp_075370	0.0218398580718187
Smp_075380	0.028884234940347
Smp_075400	0.0103912668005975
Smp_075420	0.0396590209942972
Smp_075430	0.0310149526489935
Smp_075440	0.0103283389061606
Smp_075470	0.0110815377780433
Smp_075500	0.0308235397655597
Smp_075560	0.0450859686914504
Smp_075640	0.00848705811806553
Smp_075770	0.0467323718727979
Smp_075800	0.285572966976223
Smp_075870	0.0121400434927125
Smp_076010	0.0160038710692312
Smp_076030	0.0191156792620585
Smp_076040	0.00896457743902989
Smp_076050	0.0136801558618366
Smp_076150	0.00776352746484205
Smp_076230	0.0330767472390577
Smp_076300	0.0691082909400126
Smp_076320	0.32774929130466
Smp_076370	0.023593044573288
Smp_076390	0.00719674339009832
Smp_076400	0.0389554165454234
Smp_076450	0.03151634854309
Smp_076520	0.00851639761949647
Smp_076530	0.0111708900333322
Smp_076540	0.0130675034727925
Smp_076560	0.00454535228927093
Smp_076600	0.0589435862292168
Smp_076630	0.0070995639379305
Smp_076650	0.0184196578740028
Smp_076660	0.0135284140199146
Smp_076740	0.07128016362626
Smp_076860	0.0432107315043394
Smp_076880	0.013098328089
Smp_076910	0.00258174055633887
Smp_076930	0.0512440234024919
Smp_076950	0.0106276378159039
Smp_076960	0.0143141188695816
Smp_076990	0.00455549039931955
Smp_077000	0.0108531350602107
Smp_077020	0.0204758869576056
Smp_077030	0.00605335747787171
Smp_077070	0.0330481701528511
Smp_077090	0.0345504882364025
Smp_077120	0.00392448892135418
Smp_077180	0.0265697868131637
Smp_077230	0.00626745311623977
Smp_077280	0.0126224686585187
Smp_077310	0.0336711826191669
Smp_077390	0.0520431382925503
Smp_077400	0.0109944442665143
Smp_077540	0.00611359270075482
Smp_077560	0.0127924546368974
Smp_077580	0.0271104101754183
Smp_077590	0.021601823996243
Smp_077670	0.0135562165694649
Smp_077720	0.0424525034633259
Smp_077820	0.744611503492738
Smp_077850	0.0255424367780855
Smp_077860	0.121035342197528
Smp_077890	0.949300157956968
Smp_077980	0.0184408475609881
Smp_078040	0.0214042963935032
Smp_078090	0.0237746408577005
Smp_078110	0.00430460237147919
Smp_078200	0.101340311983195
Smp_078230	0.0183766972146336
Smp_078240	0.00589859993369755
Smp_078270	0.0138112022339072
Smp_078280	0.0223953308298327
Smp_078310	0.0100594268389058
Smp_078320	0.0325426804367781
Smp_078400	0.0137260333306689
Smp_078490	1.07131596570686
Smp_078520	0.0256142394949764
Smp_078540	0.0657559349300366
Smp_078550	0.0308741911912803
Smp_078560	0.00874316776081552
Smp_078570	0.0104672053096813
Smp_078590	0.0717078421459243
Smp_078600	0.00298092461258373
Smp_078610	0.00747764456122095
Smp_078640	0.0613858459992003
Smp_078690	0.01400096257712
Smp_078700	0.00886345611448325
Smp_078710	0.00313655759784999
Smp_078720	0.248643439916784
Smp_078730	0.0126562505951923
Smp_078750	0.00960411583716912
Smp_078780	0.00463448523283748
Smp_078800	0.0103854463425217
Smp_078900	0.0104475789714562
Smp_078910	0.0738903913156511
Smp_078920	0.0281307685920474
Smp_078930	1.13465757358949
Smp_079000	0.0332628545022156
Smp_079010	0.00737183338244129
Smp_079050	0.0505965742979593
Smp_079220	0.0288839369298308
Smp_079230	0.0440167348335281
Smp_079240	0.0481440541665821
Smp_079260	0.410444469786225
Smp_079270	0.0331818162775595
Smp_079310	0.0146758279385822
Smp_079370	0.0424892035204185
Smp_079380	0.305458232885006
Smp_079400	0.0110408267193101
Smp_079410	0.02785231875565
Smp_079420	0.00688571082433724
Smp_079430	0.0350366882220323
Smp_079490	0.0153568930722263
Smp_079560	1.2243094710448
Smp_079600	0.109038000328021
Smp_079640	0.0354231044453522
Smp_079650	0.00641411854052857
Smp_079700	0.00279767399448077
Smp_079710	0.0553171477136067
Smp_079730	0.0052541371694302
Smp_079740	0.00168549017500171
Smp_079750	0.0286246972093567
Smp_079760	0.00523928219268713
Smp_079770	0.0131236204209197
Smp_079800	0.0204467184668991
Smp_079810	0.019317909751347
Smp_079840	0.0123614958202018
Smp_079860	0.0114924149552986
Smp_079910	0.0145800449984045
Smp_079920	0.012937233017221
Smp_079950	0.0111441804122726
Smp_079960	0.197466576151547
Smp_079970	0.0974236473403354
Smp_080100	0.00753087974736133
Smp_080110	0.045289392643003
Smp_080130	0.0219876255554481
Smp_080150	0.0355066563446754
Smp_080180	0.0043071277324285
Smp_080210	0.044595608583133
Smp_080280	0.0159372811627612
Smp_080320	0.0249037460131969
Smp_080370	0.0766864141774868
Smp_080420	0.00980410773546748
Smp_080520	0.0286867210004832
Smp_080530	0.0320995170205569
Smp_080550	0.0146656920489189
Smp_080560	0.110958659469439
Smp_080610	0.0226888566820567
Smp_080620	0.00892331256122129
Smp_080700	0.0444036779816485
Smp_080730	0.0344426207338029
Smp_080840	0.0385080252683982
Smp_080850	0.00338670885486661
Smp_080870	0.0357172392146991
Smp_080920	0.0221607889125624
Smp_080980	0.0271065566085814
Smp_081140	0.0127525537784587
Smp_081190	0.0167037117042197
Smp_081200	0.0184693776461731
Smp_081250	0.0377824215217344
Smp_081260	0.0165445922636494
Smp_081380	0.00269086310835563
Smp_081420	0.025273018670839
Smp_081430	0.0362183807614522
Smp_081450	0.00288442094014901
Smp_081460	0.00956131483193755
Smp_081470	0.0257657135382443
Smp_081510	0.00547219467124819
Smp_081790	0.0266839957755668
Smp_081820	0.00792350806748064
Smp_081900	0.0335402614367573
Smp_082030	0.021361381621638
Smp_082050	0.00852214130124284
Smp_082240	0.0544266335251232
Smp_082250	0.0414294675703069
Smp_082280	0.0183127187225446
Smp_082290	0.0462123319981268
Smp_082300	0.023868873549354
Smp_082360	0.0232317385896689
Smp_082370	0.0313216207460489
Smp_082410	14.7975954254892
Smp_082490	0.043424493199527
Smp_082560	0.00369142789720735
Smp_082570	0.0208470860681872
Smp_082620	0.0126515011767533
Smp_082660	0.00525281026171968
Smp_082670	0.0117958114535565
Smp_082710	0.0156815675698355
Smp_082740	0.019348401974156
Smp_082780	0.0174106087866454
Smp_082790	0.00323872799966215
Smp_082800	0.00272462773338333
Smp_082810	0.0117849392299072
Smp_082820	0.013340547459904
Smp_082850	0.00536843350300981
Smp_082860	0.0114278631160884
Smp_082940	0.0339152589355814
Smp_083020	0.00409424512540729
Smp_083030	0.0247606424552155
Smp_083040	0.00420039684581332
Smp_083080	0.0223958142663005
Smp_083120	0.00806828743636875
Smp_083130	0.00418176560546548
Smp_083150	0.0237908968701532
Smp_083180	0.0320684931996295
Smp_083200	0.0228576811677662
Smp_083240	0.045765405463888
Smp_083340	0.0420466644138297
Smp_083380	0.00564627440948916
Smp_083400	0.00614838471827429
Smp_083410	0.026463527860962
Smp_083450	0.0188396006020215
Smp_083480	0.0183401636093214
Smp_083540	0.00326788288702271
Smp_083650	0.0148312827709893
Smp_083680	0.028385367721733
Smp_083710	0.0392143755506938
Smp_083720	0.0135663048772311
Smp_083730	0.0177147902750553
Smp_083740	0.0315774783323023
Smp_083770	0.0725942538359477
Smp_083780	0.00903900670390243
Smp_083790	0.0102835343385522
Smp_083800	0.702934965706132
Smp_083870	0.00628224800384224
Smp_083880	0.0381571049111033
Smp_083930	0.0101930001717919
Smp_083940	0.48838318266631
Smp_083970	0.0119767889100979
Smp_083980	0.0703633471655101
Smp_083990	0.018464063560266
Smp_084010	0.0199682461148269
Smp_084060	0.0300501765615961
Smp_084080	0.0126909841889662
Smp_084090	0.070121285323401
Smp_084140	0.00874854027612382
Smp_084180	60
Smp_084270	0.0684086649564808
Smp_084320	0.020391083791303
Smp_084380	0.00687896414352282
Smp_084400	0.00693921429729231
Smp_084460	0.0514911169900986
Smp_084520	0.00541329639563892
Smp_084540	0.00944262494401194
Smp_084600	0.019441693087007
Smp_084610	0.00216819089071554
Smp_084620	0.0156480480157664
Smp_084740	0.00879344828885736
Smp_084830	0.0151117708314282
Smp_084860	0.0163843722404107
Smp_084870	0.0139987553550303
Smp_084890	0.0308498155486261
Smp_084900	0.0220928564333942
Smp_084910	0.0199668026265644
Smp_084940	0.00498030471870003
Smp_085010	0.123103054496247
Smp_085080	0.013646333676195
Smp_085110	0.00678054913121166
Smp_085150	0.00969072499024914
Smp_085180	0.0577489294391218
Smp_085240	0.0152657764314276
Smp_085290	0.0236172292927254
Smp_085300	0.0511441680525043
Smp_085310	0.00235875133560523
Smp_085380	0.0245354871923476
Smp_085410	0.120019729065818
Smp_085480	0.0104152752459056
Smp_085490	0.0141798035620524
Smp_085500	0.0154853504168701
Smp_085520	0.00859111149559748
Smp_085530	0.00456406841031234
Smp_085540	0.061102067515034
Smp_085640	0.00668132478621356
Smp_085650	0.0206197411942546
Smp_085680	0.0388948256408086
Smp_085690	0.0439208506547015
Smp_085740	0.00429182011370386
Smp_085750	0.0358554279239067
Smp_085780	0.0285674186555572
Smp_085790	0.0036718532716049
Smp_085830	0.00576977078113512
Smp_085840	0.0603956419571069
Smp_085910	0.03313683629971
Smp_086030	0.0335368799010346
Smp_086060	0.0120713211020601
Smp_086190	0.0138502460745747
Smp_086210	0.00713999344451886
Smp_086220	0.0414678428588309
Smp_086270	0.0282009552937075
Smp_086330	0.0390541675563516
Smp_086450	0.00247416755181156
Smp_086460	0.00906236087808237
Smp_086470	0.0483468020986695
Smp_086480	0.0595950469050369
Smp_086530	0.0747733970223663
Smp_086590	0.0403422277962191
Smp_086630	2.05901834861473
Smp_086690	0.00209006174142918
Smp_086710	0.0221410485909881
Smp_086750	0.0276389312297338
Smp_086760	0.0197921800890213
Smp_086830	0.0480093619875496
Smp_086860	0.083837570827523
Smp_086900	0.0118748874205379
Smp_086910	0.0165953793980496
Smp_086960	0.0183605023582849
Smp_087010	0.0109993990005386
Smp_087220	0.00458468075432211
Smp_087250	0.0253343479936199
Smp_087270	0.0101473782911591
Smp_087320	0.18183408053259
Smp_087330	0.0105207760266095
Smp_087340	0.00967563430098499
Smp_087440	0.00564015780673948
Smp_087520	0.0105898109793998
Smp_087550	0.0361549572171775
Smp_087560	0.0130457583316071
Smp_087580	0.0207453396337235
Smp_087620	0.0145140678537172
Smp_087690	0.0465406619136062
Smp_087760	0.0677957142008912
Smp_087810	0.0201687300180684
Smp_087820	0.554848088146707
Smp_087860	0.00803187377038302
Smp_087870	0.00704020553563394
Smp_087920	0.00643562226578099
Smp_087930	0.00267031746342923
Smp_087940	0.00756192818802605
Smp_088090	0.0450509225207176
Smp_088240	0.0112748977880254
Smp_088250	0.00450125557350887
Smp_088270	0.0245180934109921
Smp_088310	0.00495325538407216
Smp_088360	0.0468360084033889
Smp_088390	0.00564329772903134
Smp_088420	0.0713201792356003
Smp_088460	0.00984797297037854
Smp_088550	0.0103120386003696
Smp_088600	0.0487081884131573
Smp_088650	0.0189068365382749
Smp_088660	0.0046175770316258
Smp_088720	0.215222356729892
Smp_088920	0.0350799390404728
Smp_088940	0.0452313715561978
Smp_088950	0.0127170160410729
Smp_088990	0.0143224525557313
Smp_089000	0.0405894097714384
Smp_089050	0.0233065407760534
Smp_089060	0.00606137714254831
Smp_089100	0.0343937891073066
Smp_089180	0.00446342948127006
Smp_089200	0.119648310781152
Smp_089220	0.0400584134757648
Smp_089230	0.00187201596700627
Smp_089240	0.0173606071600834
Smp_089290	0.0473883538161303
Smp_089320	0.0644549259144082
Smp_089400	0.00334148209758149
Smp_089430	0.0437116941751052
Smp_089460	0.0231756480922957
Smp_089570	0.064239020788607
Smp_089590	0.00326602115362742
Smp_089630	0.00512676003398561
Smp_089640	0.00874616961226915
Smp_089650	0.00374925527514128
Smp_089670	0.0254851620056071
Smp_089700	0.0199409005145501
Smp_089860	0.0242138160166098
Smp_089870	0.0208587847673346
Smp_089880	0.0026524964819139
Smp_089930	0.0164491695147648
Smp_090010	0.0259320674401284
Smp_090030	0.0240366956186881
Smp_090070	0.00995681008361344
Smp_090080	0.0386966844829201
Smp_090100	12.9732743069792
Smp_090110	0.208567929990308
Smp_090120	0.0239450305930005
Smp_090140	0.0299055579474795
Smp_090150	0.00680653921345973
Smp_090230	0.0386932885179087
Smp_090240	0.00615756448892737
Smp_090440	0.0136966352308346
Smp_090450	0.0293900000501706
Smp_090690	0.00609852443491963
Smp_090800	0.0112439289568207
Smp_090805	0.0578645709838195
Smp_090860	0.00650209392037539
Smp_090890	0.0557171787029626
Smp_090920	0.0124039866448027
Smp_090930	0.0117196376543208
Smp_090980	0.0227733692506366
Smp_091000	0.0513778213018072
Smp_091010	0.0119451062869657
Smp_091170	0.0160501483473543
Smp_091190	0.00586129721734994
Smp_091210	0.223515858490479
Smp_091230	0.0645757724155051
Smp_091240	0.0314646447071417
Smp_091360	0.00209344784930011
Smp_091380	0.00441057679096421
Smp_091390	0.00895492985261652
Smp_091460	0.0195468550096296
Smp_091470	0.00437444470015335
Smp_091480	0.0172944033109669
Smp_091640	0.0620917733514082
Smp_091650	0.00492448240026959
Smp_091730	0.0123261192878531
Smp_091740	0.00326421622523535
Smp_091750	0.0122028045027957
Smp_091790	0.0135372933366729
Smp_091820	0.0165360323912452
Smp_091840	0.0082751403574709
Smp_091850	0.0357751761501326
Smp_091950	0.117323743418399
Smp_091990	0.00467995438604489
Smp_092020	0.045736811427135
Smp_092150	0.0391844602814934
Smp_092170	0.0051392308638216
Smp_092180	0.0173050186275234
Smp_092280	0.0364336559624586
Smp_092320	0.0340738516948504
Smp_092380	0.0414212557423394
Smp_092490	0.0219370968282867
Smp_092500	0.0157945116703251
Smp_092530	0.00487945752765345
Smp_092570	0.0271312656317929
Smp_092580	0.92857128445206
Smp_092750	0.0428543525029924
Smp_092770	0.00370819165928641
Smp_092780	0.0172572750320392
Smp_092810	0.00420976829071545
Smp_092850	0.0100550721125386
Smp_092880	0.0242820057153701
Smp_092930	0.0149867356829748
Smp_092950	0.0243686010316707
Smp_093070	0.307590735502805
Smp_093100	0.038975747784819
Smp_093210	0.0126589713976308
Smp_093220	0.0200543149977621
Smp_093230	0.00493457973737835
Smp_093280	0.00497850601230361
Smp_093310	0.0123991597501545
Smp_093320	0.0596634344146172
Smp_093430	0.0335449767750633
Smp_093440	0.0454464556543561
Smp_093450	0.0168345175516296
Smp_093540	0.00799262976978215
Smp_093580	0.00762656765469686
Smp_093620	0.0452117006252897
Smp_093630	0.00361463757291471
Smp_093690	0.00491891610386508
Smp_093700	0.0111189449894029
Smp_093710	0.0184116471065081
Smp_093720	0.036264731632034
Smp_093740	0.00366446736070349
Smp_093750	0.034034697454956
Smp_093780	0.374621138524005
Smp_093790	0.78228280429434
Smp_093800	0.0186837615373991
Smp_093820	0.00634888583371105
Smp_093830	0.0229305627490424
Smp_093840	0.00559779948333784
Smp_093850	0.0149238394324315
Smp_093920	0.0328201127945124
Smp_093930	0.0286012459779646
Smp_093950	0.00802015879654257
Smp_093980	0.942359290596651
Smp_094020	0.0076569821920995
Smp_094050	0.00796262005671286
Smp_094060	0.0109376189646268
Smp_094140	0.0396220417327139
Smp_094190	0.0240657770079944
Smp_094250	0.0334806171746525
Smp_094320	0.0172802055434819
Smp_094330	0.00947715432871426
Smp_094340	0.00865365353608294
Smp_094360	0.00881620800327257
Smp_094380	0.0123248205359977
Smp_094390	0.147115002688516
Smp_094420	0.0018668931141835
Smp_094470	0.0365742098290289
Smp_094480	0.0223426914431484
Smp_094560	0.021641024593152
Smp_094630	0.00815042509909854
Smp_094640	0.0060371343102873
Smp_094760	0.0138320079310404
Smp_094770	0.0114011974974959
Smp_094810	0.0363119148947809
Smp_094820	0.0228313704597613
Smp_094870	0.0050927790629538
Smp_094880	0.00746031487769676
Smp_09489	0.0205494816344648
Smp_094920	0.0159453831148353
Smp_094930	0.897821883112948
Smp_094950	0.0134153148428081
Smp_094980	17.7454118365469
Smp_095010	0.0059113918788473
Smp_095130	0.014777794749622
Smp_095140	0.0414632959720448
Smp_095150	0.0200012400022525
Smp_095190	0.00665470278141124
Smp_095290	0.0983686160810692
Smp_095350	0.639958044312981
Smp_095360	0.079956341160243
Smp_095400	0.883506756947246
Smp_095410	0.011736441119043
Smp_095470	0.0035477529294173
Smp_095480	1.14056557090966
Smp_095520	0.066087699807172
Smp_095580	0.00825657173480758
Smp_095630	0.0104242188688207
Smp_095650	0.0210195909701663
Smp_095670	0.00731887450702562
Smp_095680	0.0127736966289616
Smp_095810	0.00880264566658013
Smp_095910	0.0105765790116738
Smp_095920	0.00895589929420569
Smp_095980	0.993584599645104
Smp_096000	0.0244115798226109
Smp_096010	0.00603176241421445
Smp_096020	0.003900967533109
Smp_096160	0.0105866747940593
Smp_096200	0.00545959699136964
Smp_096210	0.0105804547336257
Smp_096240	0.0463845121308763
Smp_096270	0.0127273355455474
Smp_096290	0.0285772116793155
Smp_096310	0.0168174960041496
Smp_096320	0.014913611698809
Smp_096360	0.0150497966439839
Smp_096390	0.0636737486006156
Smp_096410	0.0562187308443422
Smp_096450	0.0114341326202526
Smp_096480	0.0363991885674123
Smp_096520	0.00642372187227101
Smp_096640	0.0334775721617663
Smp_096720	0.013889024986376
Smp_096750	0.0523423488244212
Smp_096760	0.0124806028869977
Smp_096780	0.00571500221382789
Smp_096790	0.0456938312557495
Smp_096900	0.0143105217545417
Smp_096910	0.00362669495739294
Smp_097020	0.00746458179353069
Smp_097180	0.0381066495106031
Smp_097210	0.00581072192661678
Smp_097240	0.00593316363723776
Smp_097280	0.00507158523721666
Smp_097320	0.0421795278493161
Smp_097370	0.00647562420295281
Smp_097380	0.0671082016116818
Smp_097460	0.0809481987576137
Smp_097490	0.0430204229499748
Smp_097500	0.0114124601699674
Smp_097560	0.0206765212884978
Smp_097590	0.00512717111051299
Smp_097620	0.0138814204120728
Smp_097660	0.0162134572472354
Smp_097700	0.0145960871954312
Smp_097710	0.00614327543989772
Smp_097730	0.00864206942470098
Smp_097740	0.00781379082628646
Smp_097750	0.0428342865804977
Smp_097790	0.00615010167587851
Smp_097800	0.0265845053100245
Smp_097810	0.0046096585317939
Smp_097820	0.0262443090278538
Smp_097830	0.0352590894106226
Smp_097940	0.0233881182856256
Smp_098090	0.00443106550996198
Smp_098300	0.0548571424374688
Smp_098320	0.00704315711565614
Smp_098330	0.0488124244872658
Smp_098340	0.0492497486977843
Smp_098420	23.8290598021603
Smp_098450	0.00636106312214731
Smp_098550	0.0522640673080231
Smp_098560	0.0147187711126914
Smp_098650	0.0193326216921025
Smp_098740	0.0584231103767209
Smp_098760	0.0255143419345031
Smp_098840	0.00941907507815235
Smp_098850	0.0298585073462948
Smp_098890	0.0354645168931111
Smp_098920	0.00585732514300064
Smp_098950	0.00375402920415265
Smp_098960	0.0467740518975418
Smp_098980	0.0106433596407889
Smp_099030	0.0141433154733555
Smp_099090	0.0786623743024268
Smp_099150	0.0237541829134193
Smp_099160	0.00440225816682219
Smp_099170	0.00893042538973577
Smp_099210	0.0205247697846983
Smp_099240	0.00265983956447536
Smp_099300	0.0390208540621969
Smp_099310	0.0079441409586162
Smp_099320	0.0216773222218982
Smp_099420	0.0261239492817301
Smp_099440	0.0754646684966037
Smp_099570	0.00695127229535752
Smp_099630	0.00331245090210668
Smp_099670	0.0261569767392965
Smp_099690	0.0160129476070751
Smp_099770	0.0267923727200748
Smp_099850	0.0155664445022671
Smp_099890	0.0113480745031108
Smp_099930	0.0248992461704623
Smp_100030	0.0245945687051954
Smp_100040	0.0130800914167004
Smp_100070	0.00544424601837411
Smp_100080	0.0177422628150794
Smp_100090	0.0507390437259349
Smp_100110	0.0549010440739729
Smp_100120	0.00996167338251807
Smp_100130	0.0146282483825111
Smp_100140	0.0354914333765427
Smp_100350	0.0192170465679293
Smp_100380	0.0422877883801265
Smp_101230	0.0997076995174917
Smp_101290	0.0227929180199341
Smp_101310	0.00650844653297759
Smp_101370	0.00390709634374996
Smp_101450	0.159997795418632
Smp_101820	0.0375127539867599
Smp_101840	60
Smp_101970	0.0945118242626805
Smp_102020	0.851076262301378
Smp_102040	0.0334710101759412
Smp_102160	0.00684656687659674
Smp_102240	0.00672878150390487
Smp_102280	0.0273121212887083
Smp_102340	0.0132903853047046
Smp_102390	0.097137903303813
Smp_102400	0.332441527500738
Smp_102410	0.00372925629556787
Smp_102430	0.0460275339120508
Smp_102450	0.017931259731269
Smp_102480	0.0192695169916688
Smp_102490	0.0164452661172828
Smp_102510	0.0279618348550346
Smp_102690	0.00548492993523208
Smp_102780	0.109744751155276
Smp_102810	0.0128405994613567
Smp_102820	0.0308814726153838
Smp_102840	0.0118981209598558
Smp_102920	0.0131898987438368
Smp_102960	0.0134694837439277
Smp_103010	0.0194928691840537
Smp_103090	0.0133943780167174
Smp_103100	0.0115734104235142
Smp_103140	0.035648520096617
Smp_103160	0.024284129586061
Smp_103200	0.00755763032233537
Smp_103280	0.0114092278306117
Smp_103320	0.0264614559744322
Smp_103330	1.17315418515081
Smp_103340	0.0106142710553813
Smp_103380	0.0403901881499235
Smp_103460	0.030449671052858
Smp_103470	0.0437189422455186
Smp_103530	0.00948343095315615
Smp_103540	0.0151942547314274
Smp_103560	0.0293719553355218
Smp_103570	0.0175237418098593
Smp_103610	0.208183778591101
Smp_103710	0.0202887875589563
Smp_103740	0.0104629065606215
Smp_103790	0.0427097342111502
Smp_103810	0.00774389490110718
Smp_103830	0.0241298662638845
Smp_103920	0.0134243462243524
Smp_103930	0.0107275348202454
Smp_103950	0.00806013931359313
Smp_103990	0.00900767586338963
Smp_104000	0.022818222066406
Smp_104030	0.0106984335247841
Smp_104110	0.0108491481501307
Smp_104120	0.0420224477559616
Smp_104210	0.0525617026765425
Smp_104270	0.0749831173431524
Smp_104310	0.0206641565024685
Smp_104330	0.00793763044466925
Smp_104370	0.0191357456312513
Smp_104450	0.0320333542487079
Smp_104470	0.0153720931140182
Smp_104500	0.00389035395529309
Smp_104520	0.00265656230270919
Smp_104580	0.0328184351304817
Smp_104600	0.00735483548094957
Smp_104630	0.0120801524842009
Smp_104660	0.0387517921217044
Smp_104670	0.00147206073771423
Smp_104680	0.0222085456437576
Smp_104710	0.0288014953579241
Smp_104720	0.0127764234500721
Smp_104730	0.0239940755453488
Smp_104790	0.0134524488705953
Smp_104860	0.0295415008742431
Smp_104870	0.00787198816576687
Smp_104890	0.010667489349481
Smp_104960	0.0107356915178273
Smp_104970	0.0466147429920805
Smp_104980	0.0156078409857077
Smp_105020	0.0641489825650803
Smp_105040	0.00943061727591485
Smp_105090	0.0279907817052401
Smp_105100	0.0263481378036911
Smp_105180	0.0167422920905757
Smp_105200	0.0408161488169943
Smp_105210	0.00386576549464155
Smp_105220	0.0287304662929822
Smp_105320	0.0654369931396048
Smp_105330	0.00410572304738764
Smp_105340	0.128592418289622
Smp_105360	0.0126312926065846
Smp_105370	0.0654078226132574
Smp_105410	0.0412745947351802
Smp_105420	0.155718743777716
Smp_105450	0.234007330090988
Smp_105480	0.0121273409493943
Smp_105540	0.0514295087015176
Smp_105680	0.00982736648878691
Smp_105690	0.0310803742929562
Smp_105700	0.00361517715651555
Smp_105710	0.0119638278084704
Smp_105730	0.125727681748255
Smp_105780	0.212761641524769
Smp_105860	0.00586428720174723
Smp_105910	0.0530963984388798
Smp_105930	0.0132338926447898
Smp_105950	0.0191121928948931
Smp_105960	0.00495971121445326
Smp_105970	0.00799631903462677
Smp_106010	0.0796100470491617
Smp_106050	0.0533506983672311
Smp_106060	0.0111702333866829
Smp_106080	0.00900134793291782
Smp_106110	0.0343803321109547
Smp_106130	0.00537424696360616
Smp_106390	0.0264933478130208
Smp_106750	1.0413644744604
Smp_106970	0.0294434877492777
Smp_107200	0.0235168544777729
Smp_108390	0.077486473933213
Smp_108610	4.66794322761112
Smp_109240	0.320883374545085
Smp_110280	0.0229531201059781
Smp_111340	0.0483034510821047
Smp_111980	0.0372252976271383
Smp_112450	2.20745173791078
Smp_112480	0.0621074327193739
Smp_112930	1.30068514416832
Smp_113620	0.0446512146192713
Smp_113630	0.0300142592269282
Smp_113740	0.0214489596245696
Smp_114160	0.0152173873226028
Smp_114430	0.165378467666282
Smp_114435	0.12773390000787
Smp_114565	0.0172242463275571
Smp_114660	0.0810533277196073
Smp_114870	0.390008076645252
Smp_115290	0.0105160419598734
Smp_115340	0.0404847186033888
Smp_115450	0.0131565569184652
Smp_116360	0.0177464903139266
Smp_117340	0.161185742005338
Smp_117390	0.0299313578355926
Smp_118040	0.0435034356662231
Smp_118220	0.027643891602529
Smp_118710	10.7722343982973
Smp_118750	0.050558625822597
Smp_118780	0.0161287609579493
Smp_118830	0.00281486913006057
Smp_119110	0.0186753539299095
Smp_119310	0.00534314149903577
Smp_119920	0.0524305417109852
Smp_119980	0.00222641018767836
Smp_120020	0.333847840145533
Smp_120070	0.249795348050294
Smp_120080	0.00420143421507813
Smp_120320	0.0102588335348824
Smp_120350	0.0235879235339952
Smp_120360	0.0103340272654467
Smp_120380	0.0300478044350254
Smp_120640	0.00663908702248464
Smp_120700	0.0222728236418451
Smp_120920	0.00695637816437009
Smp_120960	0.0557033181109834
Smp_121130	0.0200566909038709
Smp_121140	0.0143426846267518
Smp_121160	0.0051501791299116
Smp_121190	0.0463995208655156
Smp_121230	0.0351101016713692
Smp_121320	0.017946961459288
Smp_121390	0.0542222121319292
Smp_121420	0.00515808013033748
Smp_121430	0.0263715111966301
Smp_121460	0.0217139797247766
Smp_121580	0.0171944573341868
Smp_121600	0.0232121011961748
Smp_121610	0.00988696766082754
Smp_121640	0.00699732942409766
Smp_121660	0.0274536821597429
Smp_121780	0.0279083307135871
Smp_121790	0.0172265878075555
Smp_121800	0.00535772997237842
Smp_121810	0.00833421524030689
Smp_121920	0.0222729801974647
Smp_121930	0.0933223931390772
Smp_121940	0.0265851544091914
Smp_121950	0.0175953937947924
Smp_121990	0.00749900867242246
Smp_122020	0.0632614269553961
Smp_122030	0.00791526146082577
Smp_122050	0.0167039169101744
Smp_122170	0.154250979537458
Smp_122280	0.415239843947593
Smp_122340	0.00513422413470476
Smp_122370	0.0254352071004551
Smp_122490	0.0259957998080956
Smp_122500	0.0292437575358121
Smp_122630	0.180941521326284
Smp_122680	0.0201774783340332
Smp_122730	0.00561234528720181
Smp_122780	0.0209426626657181
Smp_122790	0.00755059566099604
Smp_122800	0.0469465980890113
Smp_122810	0.0400205475509876
Smp_122820	0.0194268416398943
Smp_122840	0.0114134152411415
Smp_122890	0.0256140441838442
Smp_122900	0.0104208312379304
Smp_122910	0.0123294986509415
Smp_122920	0.0195988132454388
Smp_122930	0.00822336851007571
Smp_122940	0.0164615444754119
Smp_122950	0.0500064449919944
Smp_122960	0.00357711976784305
Smp_122980	0.00710542766798026
Smp_123000	0.0562919592581086
Smp_123010	0.0410324070440095
Smp_123020	0.0573497492388184
Smp_123030	0.00720026633224961
Smp_123040	0.00472695241996078
Smp_123050	0.0166359633265076
Smp_123060	0.0213690433715183
Smp_123070	0.0302502209553813
Smp_123100	0.171887515357064
Smp_123120	0.053366293551345
Smp_123130	0.00708323783695207
Smp_123165	0.00807603499618784
Smp_123180	0.00691454493752934
Smp_123190	0.0309308403279281
Smp_123200	0.0524696035551898
Smp_123210	0.00454990577302781
Smp_123220	0.0266549819186455
Smp_123230	0.0186894353720447
Smp_123240	0.0546979930185719
Smp_123260	0.0255447382328286
Smp_123270	0.0511400745046741
Smp_123280	0.00731545650034754
Smp_123290	0.0344579559939102
Smp_123300	0.0403258194387718
Smp_123320	0.0105985467344787
Smp_123330	0.0042672060661448
Smp_123340	0.00469412502127193
Smp_123360	0.0494264600134624
Smp_123370	0.0688687534170299
Smp_123390	0.0179860123330912
Smp_123410	0.0101783303781199
Smp_123440	0.00636222191706948
Smp_123450	0.00348720551642554
Smp_123470	0.169057045852814
Smp_123480	0.0178588936803967
Smp_123490	0.00620526830495854
Smp_123500	0.0119027059029044
Smp_123510	0.00589269552194121
Smp_123520	0.00963107575609467
Smp_123530	0.0119707881527161
Smp_123540	0.0965712966130937
Smp_123550	0.0909989360914548
Smp_123570	0.00740388159050637
Smp_123590	0.0463334046680396
Smp_123600	0.0197052936173173
Smp_123610	0.0300341770728591
Smp_123620	0.00652101834904641
Smp_123630	0.0177686392743037
Smp_123640	0.009171319563804
Smp_123670	0.00784709486629089
Smp_123690	0.00454300665401003
Smp_123710	0.0285780558812128
Smp_123720	0.0226457022719474
Smp_123810	0.0511825795574704
Smp_123820	0.0412839327445376
Smp_123830	0.0584303372574572
Smp_123840	0.0385988778176247
Smp_123860	0.0260521342824638
Smp_123870	0.00704240802112738
Smp_123910	0.028977716043025
Smp_123920	0.439075932260198
Smp_123940	0.00518334915973874
Smp_124000	0.0461711082230733
Smp_124010	0.0188168031538568
Smp_124020	0.00211481974704942
Smp_124030	0.00688953961609518
Smp_124050	0.183111221370303
Smp_124060	0.104197140212571
Smp_124070	0.0647765401376162
Smp_124080	0.0259261874159273
Smp_124100	0.0270450842307018
Smp_124110	0.0035763756872021
Smp_124120	0.0235587414397228
Smp_124130	0.0331202934227477
Smp_124160	0.0137648968927138
Smp_124210	0.0252759654774408
Smp_124230	0.0289593236261345
Smp_124240	0.0217191488500465
Smp_124280	0.0520582549417583
Smp_124290	0.0333981352833182
Smp_124300	0.0423477017852504
Smp_124320	0.00331191018725003
Smp_124340	0.0474835590784964
Smp_124350	0.0239555929085116
Smp_124380	0.0806439656846005
Smp_124390	0.0140135569400694
Smp_124430	0.00445513058667922
Smp_124440	0.00555275698835274
Smp_124450	0.0391028698739414
Smp_124460	0.0118114100924229
Smp_124470	0.0845133730915074
Smp_124490	0.00414351294677032
Smp_124510	0.416540621562507
Smp_124520	0.024949603402446
Smp_124590	0.0199111257690452
Smp_124600	0.0371870687700728
Smp_124650	0.00601738301467238
Smp_124660	0.0602384721735508
Smp_124700	0.0166542946421299
Smp_124710	0.230887804895341
Smp_124720	0.0184687629618286
Smp_124740	0.0302180340024331
Smp_124750	0.486385938386732
Smp_124760	0.0820317721807574
Smp_124770	0.0209855734910786
Smp_124820	0.00895020506489438
Smp_124840	0.0198614383742196
Smp_124850	0.0203769036400087
Smp_124860	0.00735617087934513
Smp_124890	0.0637556052814931
Smp_124920	0.00943936930941674
Smp_124940	0.0126093508695864
Smp_124980	0.0164243844066416
Smp_125020	0.0336962679323018
Smp_125040	0.0356305817744447
Smp_125050	0.0631375090958782
Smp_125070	0.0399288943721579
Smp_125080	0.0133119061671979
Smp_125130	0.0335907542135013
Smp_125150	0.323990395062566
Smp_125160	0.0649157296475614
Smp_125200	0.0172648766670652
Smp_125210	0.0752448264751518
Smp_125250	0.114747312471738
Smp_125260	0.0163221081742406
Smp_125270	0.024006549529905
Smp_125280	0.0152633587961145
Smp_125290	0.0555668469680571
Smp_125300	0.0289926752590702
Smp_125320	0.0943865720359452
Smp_125340	0.0288677930950041
Smp_125350	0.0324870136903079
Smp_125360	0.0122932131445909
Smp_125370	0.0460885984004171
Smp_125400	0.207428328952915
Smp_125420	0.0397051574626909
Smp_125440	0.0165784885816718
Smp_125450	0.123205583993088
Smp_125460	0.0111411969912918
Smp_125480	0.0384753737594561
Smp_125490	0.0278365670256911
Smp_125500	0.00530504842204011
Smp_125510	0.0413498742030047
Smp_125520	0.00427435229450068
Smp_125550	0.00916265484042092
Smp_125560	0.0395813545038597
Smp_125600	0.091502946210084
Smp_125630	0.0807671756937585
Smp_125640	0.0135080353080933
Smp_125650	0.0244997468192011
Smp_125660	0.022073751483294
Smp_125670	0.0100325613763338
Smp_125730	0.00905251648589068
Smp_125740	0.0260977913447141
Smp_125760	0.0831402624458648
Smp_125770	0.0107811824771723
Smp_125780	0.00867968321649457
Smp_125790	0.00768100058309824
Smp_125800	0.00576414324287455
Smp_125810	0.0260188460938301
Smp_125820	0.00250596831210481
Smp_125870	0.0206629223438798
Smp_125890	0.0380853926385985
Smp_125900	0.0249605320393314
Smp_125930	0.0434255335582821
Smp_125940	0.0560020386981913
Smp_125960	0.046902786560929
Smp_125980	0.0176498397015589
Smp_126000	0.0255145231621421
Smp_126020	0.00395575730697588
Smp_126030	0.0022413267655983
Smp_126050	0.0589394159318489
Smp_126070	0.0972508325947493
Smp_126080	0.0195407369650235
Smp_126110	0.00381541123870084
Smp_126140	0.072150365339158
Smp_126170	0.0204313248231857
Smp_126200	0.0100715704678743
Smp_126210	0.0668420286789138
Smp_126220	0.0976547340005382
Smp_126230	0.0485077682160111
Smp_126240	0.061957123551176
Smp_126260	0.0243460117784658
Smp_126290	0.0610954418690129
Smp_126300	0.0139622566354885
Smp_126310	0.0143989093072001
Smp_126360	0.062166543611713
Smp_126370	0.0528149034732818
Smp_126420	0.0400715041249581
Smp_126450	0.0167396388617903
Smp_126460	0.00147483396122074
Smp_126470	0.0316726447495972
Smp_126480	0.0199969846419491
Smp_126490	0.00381789441827617
Smp_126520	0.0204871233394195
Smp_126530	0.0306704131370199
Smp_126540	0.0445842060423412
Smp_126560	0.221252570000562
Smp_126580	0.16766603088015
Smp_126620	0.0107631422711061
Smp_126640	0.0139849587864763
Smp_126670	0.0114109429107463
Smp_126680	0.0262905819582846
Smp_126690	0.0136674965387626
Smp_126720	0.0155085592401277
Smp_126730	0.0282379120869365
Smp_126740	0.00970849609500307
Smp_126750	0.00675589922937909
Smp_126760	0.0136667587445081
Smp_126770	0.00350263114515534
Smp_126800	0.0508824598435372
Smp_126820	0.0516245875365043
Smp_126840	0.0319397329040869
Smp_126850	0.0151606351307759
Smp_126860	0.0333526625942995
Smp_126910	0.0215809737366089
Smp_126920	0.00278084178676873
Smp_126970	0.0314885724556031
Smp_126990	0.0644565298607154
Smp_127010	0.0245231041894821
Smp_127030	0.0211544765377516
Smp_127050	0.00626247355890331
Smp_127060	0.0628058941186973
Smp_127080	0.0200113612704901
Smp_127110	0.012741544795194
Smp_127120	0.0043869590104918
Smp_127130	5.52286565671293
Smp_127140	0.0372083529499455
Smp_127160	0.0112645602379897
Smp_127180	0.0425785852523916
Smp_127190	0.0495237084762057
Smp_127200	0.0301233367913264
Smp_127220	0.044525349725218
Smp_127240	0.180726708614917
Smp_127270	0.0646641374597845
Smp_127280	0.0269927896885259
Smp_127310	0.0279120905088951
Smp_127360	0.0251607037735512
Smp_127370	0.168203245054575
Smp_127380	0.0117326918876554
Smp_127430	0.00824575595456208
Smp_127440	0.0145345318970251
Smp_127450	0.044763345927711
Smp_127460	0.0588354528364637
Smp_127470	0.0159655983547744
Smp_127480	0.0189360205912782
Smp_127490	0.0230589635407764
Smp_127500	0.0146862838831319
Smp_127520	0.00317746747226994
Smp_127580	0.00880768636882606
Smp_127600	0.0286255663295971
Smp_127620	0.0420498645240819
Smp_127640	0.0277167989598695
Smp_127650	0.0108116957981762
Smp_127660	0.00614705778386302
Smp_127670	0.0466526295463179
Smp_127680	0.0312275996870377
Smp_127690	0.0172217099391702
Smp_127700	0.0120390531042253
Smp_127710	0.00887267960007176
Smp_127740	0.0912672402508787
Smp_127750	0.0295796432968469
Smp_127770	0.0450740497878191
Smp_127810	0.031581137458605
Smp_127820	0.0295199116236385
Smp_127830	0.0054323522150496
Smp_127840	0.0100803906558665
Smp_127860	0.0222422713873562
Smp_127870	0.010618347287671
Smp_127890	0.00675290549797955
Smp_127920	0.00658741646128215
Smp_127930	0.0184444461355092
Smp_127940	0.0486580721355134
Smp_127990	0.340979803739183
Smp_128000	0.016334713986125
Smp_128010	0.0223490475681304
Smp_128050	0.0281502483084228
Smp_128060	0.056159829702584
Smp_128070	0.0154006790489334
Smp_128110	0.0433832381571672
Smp_128120	0.0202537075330878
Smp_128130	0.00394276917946296
Smp_128150	0.0217865529411408
Smp_128160	0.055375123387948
Smp_128170	0.00797026955515141
Smp_128190	0.113491754756371
Smp_128200	0.0304251327805626
Smp_128210	0.0372929044051293
Smp_128220	0.0241074649883933
Smp_128230	0.0139193152346103
Smp_128280	0.00415669773082797
Smp_128330	0.114024928212578
Smp_128340	10.481126079575
Smp_128350	0.0796302641950061
Smp_128360	0.0154383468267075
Smp_128370	0.015395385942276
Smp_128420	0.0163951200026193
Smp_128430	0.254754354650654
Smp_128440	0.00340998192980041
Smp_128480	0.0272866385470061
Smp_128510	0.312947427634174
Smp_128520	0.103932324706153
Smp_128530	0.119751607646324
Smp_128570	0.00509767747385139
Smp_128600	0.00964189149857192
Smp_128610	0.0518705037277339
Smp_128630	0.00490203925162754
Smp_128650	0.0184425542365106
Smp_128660	0.0308531734235011
Smp_128680	0.0131106999695546
Smp_128690	0.00952400273814141
Smp_128710	0.0732193927276083
Smp_128750	0.0200888531984471
Smp_128760	0.0315889273957765
Smp_128770	0.00284154449945082
Smp_128790	0.0509183914061438
Smp_128810	0.00555614336488353
Smp_128840	0.0155670500359499
Smp_128860	0.018593173276492
Smp_128870	0.0340547908599997
Smp_128890	0.0278622241398482
Smp_128920	0.0685494219479768
Smp_128940	0.223539482456063
Smp_128950	0.0272933429781988
Smp_128960	0.0103827201682294
Smp_128990	0.0104216709671755
Smp_129000	0.0339793254224088
Smp_129010	0.0126808271164555
Smp_129020	0.0221213163683225
Smp_129050	0.0344364800643125
Smp_129060	0.0485838715792172
Smp_129070	0.00620890789946942
Smp_129080	0.035817404596129
Smp_129090	0.0735676857513495
Smp_129100	0.0145044378245923
Smp_129110	0.00541292847954836
Smp_129120	0.0226537217032042
Smp_129130	0.00806188325018482
Smp_129210	0.0136102092985103
Smp_129230	0.0233777928805709
Smp_129240	0.0149756241431707
Smp_129250	0.025010518177409
Smp_129260	0.021228224405484
Smp_129310	0.00990460079384277
Smp_129320	0.0145344213372871
Smp_129340	0.00251310296333475
Smp_129360	0.0240343223051233
Smp_129380	0.0232785964702973
Smp_129410	0.0638896817647509
Smp_129420	0.0355935794614109
Smp_129430	0.0284440189022655
Smp_129450	0.00895397377389067
Smp_129500	0.0129511663645443
Smp_129510	0.0918815341479212
Smp_129520	0.023651211483077
Smp_129550	0.00610293041853624
Smp_129560	0.00587982907491481
Smp_129580	0.010249931842649
Smp_129590	0.021898531152181
Smp_129610	0.046977636870307
Smp_129630	0.012775566890383
Smp_129640	0.0328623464686618
Smp_129650	0.011755658896975
Smp_129670	0.0290019502751903
Smp_129700	1.03590449471963
Smp_129710	0.0314747405062094
Smp_129720	0.00592389598585166
Smp_129760	0.0578097882184129
Smp_129770	0.0583079544359784
Smp_129810	0.0358235624848019
Smp_129820	0.0299019233104717
Smp_129830	0.0493778201424857
Smp_129840	0.0380930343693737
Smp_129870	0.018856047996997
Smp_129900	0.0154948305084054
Smp_129920	0.0609940948714459
Smp_129950	0.0189869350918406
Smp_129960	0.136449090069431
Smp_129970	0.0101275194519573
Smp_129980	0.00861953846394999
Smp_129990	0.0160866115364968
Smp_130000	0.00606979196121762
Smp_130020	0.0151308108034558
Smp_130030	0.00958798971014171
Smp_130050	0.0333368844612064
Smp_130070	0.0398636200756454
Smp_130080	0.0132870480109174
Smp_130100	0.146707599240921
Smp_130110	0.0248532566542499
Smp_130160	0.0221574671288239
Smp_130170	0.0257519056011451
Smp_130180	0.00782230210671761
Smp_130200	0.0275821611669247
Smp_130220	0.00987887214429066
Smp_130230	0.00659350381751937
Smp_130250	0.0309561108397153
Smp_130260	0.0354072831250725
Smp_130270	0.00758994991493157
Smp_130280	0.0414854264214006
Smp_130300	0.0367645417895835
Smp_130330	0.012505265419931
Smp_130340	0.0199791874794133
Smp_130370	0.213912674829593
Smp_130410	0.00423545276444111
Smp_130430	0.01224874616685
Smp_130440	0.0274479223326834
Smp_130450	0.0825787858084455
Smp_130460	0.0143854016557789
Smp_130470	0.0364126739788387
Smp_130480	0.002331328459058
Smp_130490	0.0353277571035238
Smp_130500	0.0311748623952932
Smp_130520	0.0134423619907024
Smp_130540	0.0180841432405727
Smp_130580	0.0221557482499241
Smp_130590	0.051600677036494
Smp_130600	0.0043993729228059
Smp_130610	0.0111243535927707
Smp_130620	0.0483215759647325
Smp_130630	0.0362979933044786
Smp_130660	0.019890300327416
Smp_130680	0.00608706709816883
Smp_130690	0.0265068208063365
Smp_130730	0.626729825889424
Smp_130750	0.0173298542226099
Smp_130760	0.0230103080043133
Smp_130780	0.457009575014293
Smp_130790	0.00651170823497805
Smp_130800	0.0150832258098663
Smp_130810	0.0329487319804815
Smp_130840	0.0100935822792827
Smp_130850	0.0390061730614671
Smp_130890	0.0184599289732276
Smp_130900	0.0205729984527508
Smp_130910	0.00704687618033203
Smp_130940	0.0268491291633518
Smp_130950	0.0198344208928481
Smp_130960	0.0708440656743225
Smp_130980	0.00246918473519911
Smp_131000	0.00346631521492226
Smp_131020	0.0400812799960151
Smp_131030	0.0134987466706976
Smp_131050	0.0177001074603696
Smp_131060	0.221354663850235
Smp_131070	0.00564148416576464
Smp_131080	0.0365905087473157
Smp_131100	0.00610596300900016
Smp_131150	0.0109942916579473
Smp_131160	0.0322349114613587
Smp_131170	14.2462429954972
Smp_131220	0.0222950808156016
Smp_131230	0.0197810337320213
Smp_131250	0.020395455699674
Smp_131290	0.0484526353681534
Smp_131320	0.0564659422569681
Smp_131350	0.0224341234045677
Smp_131360	0.00315042312905391
Smp_131370	0.179056157754529
Smp_131380	0.0224362229533534
Smp_131390	0.0140703035630064
Smp_131400	0.0126626151171603
Smp_131410	0.0871375938575955
Smp_131460	0.0157675272206986
Smp_131470	0.150301207591539
Smp_131490	0.180550377198235
Smp_131580	0.025575923088402
Smp_131600	0.022733804359206
Smp_131620	0.0246128499910542
Smp_131630	0.0562794500435843
Smp_131640	0.0914680944506239
Smp_131650	0.0308891865211015
Smp_131660	0.0217968025430256
Smp_131680	0.00437859029369107
Smp_131690	0.0216444953932831
Smp_131700	0.0278570397656691
Smp_131770	0.00235912558431245
Smp_131790	0.0162575401396661
Smp_131800	0.0140924914577826
Smp_131810	0.0122212519881997
Smp_131840	0.0363444913737661
Smp_131870	0.0230376840913302
Smp_131890	0.0284715375830785
Smp_131940	0.0744953490388086
Smp_131950	0.00325481235080383
Smp_131970	0.00939094732237142
Smp_131980	0.037736038884058
Smp_131990	0.0103657872257692
Smp_132000	0.0357456740318556
Smp_132010	0.0752941496897067
Smp_132020	0.0262277587730212
Smp_132030	0.0584189466951304
Smp_132050	0.030013446835717
Smp_132060	4.02646219467493
Smp_132080	0.0127571137742038
Smp_132090	0.00575937599953451
Smp_132120	0.0164542961242345
Smp_132170	0.00585238008980041
Smp_132180	0.0238021769654883
Smp_132200	0.0381731530403586
Smp_132210	0.0480477718551355
Smp_132230	0.0545563908905433
Smp_132240	0.014822515832203
Smp_132250	0.0781654140450884
Smp_132260	0.0233588763878707
Smp_132270	0.110104720221177
Smp_132280	0.0190163432603028
Smp_132300	0.0221217155936011
Smp_132320	0.0156053255277903
Smp_132330	0.00874710425143688
Smp_132350	0.0145552914277879
Smp_132410	0.0333948504055503
Smp_132450	0.0193374078274255
Smp_132470	0.156903185849748
Smp_132480	0.0904534309326527
Smp_132540	0.107697467783345
Smp_132550	0.0117754922090354
Smp_132590	0.00660931095478257
Smp_132610	0.0376239310663808
Smp_132620	0.00383811306685866
Smp_132640	0.00354696288495696
Smp_132660	0.202713523209912
Smp_132670	0.038360941430464
Smp_132690	0.0131469064333049
Smp_132700	0.0623598674024355
Smp_132730	0.0334880599308968
Smp_132740	0.0274973061417369
Smp_132750	0.115983117940237
Smp_132790	8.55374898704738
Smp_132800	0.298940857291652
Smp_132810	0.116973306149422
Smp_132830	0.0700100552661003
Smp_132850	0.0228540084843822
Smp_132870	0.00668307927963906
Smp_132900	0.0263387494803441
Smp_132930	0.0331015073340024
Smp_132940	0.00784686507946735
Smp_133020	0.00530291076363064
Smp_133030	0.017546436863256
Smp_133050	0.00730548724845467
Smp_133080	0.135614298929465
Smp_133090	0.0382297054765557
Smp_133110	0.0103471437903742
Smp_133120	0.00568164546621513
Smp_133150	0.00371430800213392
Smp_133170	0.0198784937359606
Smp_133210	0.705563937659519
Smp_133250	0.0345830024863397
Smp_133260	0.0548452327669447
Smp_133270	0.00453804164734208
Smp_133280	0.0183048928704559
Smp_133300	0.0157916438593604
Smp_133310	0.00531945465443951
Smp_133330	0.0144932980977112
Smp_133340	0.043953511134328
Smp_133350	0.0110273095085901
Smp_133370	0.0279111998494772
Smp_133380	0.00880714507466132
Smp_133400	24.8784121482007
Smp_133420	0.0215408302708014
Smp_133450	0.00458370336217818
Smp_133470	0.0103464909974916
Smp_133490	0.106992611176043
Smp_133530	0.0123482018154418
Smp_133580	0.0384882026852395
Smp_133590	0.00400535014484549
Smp_133600	0.0134346754610898
Smp_133620	0.0040923784807559
Smp_133660	0.0334821950234088
Smp_133690	0.0368055877855625
Smp_133700	0.00669386865947514
Smp_133710	0.0146581036570877
Smp_133720	0.108968107922504
Smp_133740	0.00877810956494479
Smp_133770	3.54032852928916
Smp_133790	0.0133579762610683
Smp_133800	0.0118005695664943
Smp_133820	0.00207598314934414
Smp_133830	0.0484742310251423
Smp_133850	0.0211228229962125
Smp_133860	0.0189356547574997
Smp_133890	1.56924366371099
Smp_133900	0.0259820758465495
Smp_133940	0.00795157964288969
Smp_133950	0.0230904886346685
Smp_133990	0.0583991801773447
Smp_134010	0.0163812338388445
Smp_134020	0.00830941835532454
Smp_134040	0.0461570431769951
Smp_134050	0.0229485953767894
Smp_134060	0.0123844341317244
Smp_134080	0.0404525471237544
Smp_134090	0.0208574977806431
Smp_134100	0.110819732122961
Smp_134140	0.0183724952828134
Smp_134160	0.029514696250765
Smp_134230	0.0090674101890311
Smp_134250	0.0141808145958124
Smp_134260	0.042179919444444
Smp_134290	0.00938310546310198
Smp_134300	0.00786042298407224
Smp_134350	0.139744726503003
Smp_134360	0.0113532085790242
Smp_134370	0.0158837195050059
Smp_134390	0.146811582550001
Smp_134410	0.0260233800111636
Smp_134440	0.0140838655645591
Smp_134450	0.0224680706636943
Smp_134460	0.703133897923696
Smp_134470	0.00721223512319659
Smp_134480	0.00661370559512598
Smp_134490	2.41167928572927
Smp_134500	0.076744408191567
Smp_134510	0.0473250350885454
Smp_134530	0.0131675227721627
Smp_134540	0.0275384012280707
Smp_134550	0.140887504685278
Smp_134580	0.0447878201113042
Smp_134600	0.044205256702071
Smp_134640	0.010232534710942
Smp_134660	0.0210884648681908
Smp_134670	0.0250623407236804
Smp_134690	0.0582696282869294
Smp_134720	0.00611969670329852
Smp_134790	0.0303504832403681
Smp_134800	0.0362451032180997
Smp_134820	0.0672673744848913
Smp_134860	0.0141484303180006
Smp_134870	0.538715695261578
Smp_134880	0.00752614811353397
Smp_134910	0.044027912431596
Smp_134930	0.261811671192174
Smp_134940	0.00485957270641982
Smp_134950	0.0484159121874076
Smp_134960	0.0544181128605893
Smp_134980	0.0173177879083642
Smp_135010	0.0434321531307875
Smp_135020	0.102937811858485
Smp_135030	0.316438696222915
Smp_135040	0.047118104705404
Smp_135080	0.0328771461750826
Smp_135100	0.00889001073954487
Smp_135120	0.0145763445719213
Smp_135130	0.0153623789512368
Smp_135140	0.0244319121439725
Smp_135145	0.0330439810301533
Smp_135160	0.0390408113980604
Smp_135170	0.0180268778653256
Smp_135200	0.819090109152957
Smp_135210	0.103321505929222
Smp_135230	0.328093088154435
Smp_135240	0.00689153895621304
Smp_135250	0.0726102979493358
Smp_135270	0.00581387012502362
Smp_135280	0.0291723213119401
Smp_135300	0.037352952536032
Smp_135350	0.00944920261025797
Smp_135380	0.0518611919607705
Smp_135390	0.055292710420585
Smp_135460	0.0306260453290602
Smp_135470	0.0437767491804587
Smp_135480	0.0117786259697871
Smp_135490	0.029122614446012
Smp_135500	0.0131638649996798
Smp_135510	0.0110934393109234
Smp_135540	0.00551327588912906
Smp_135550	0.0362586292008219
Smp_135560	0.049541656713313
Smp_135570	0.0125722291866051
Smp_135710	0.050101950168546
Smp_135740	0.0560411111764709
Smp_135770	0.0497286530240587
Smp_135790	0.0118148276734423
Smp_135820	0.0240279197488433
Smp_135830	0.00953514683347916
Smp_135840	0.0277683979061642
Smp_135860	0.0213827141983172
Smp_135870	0.0151940747327155
Smp_135880	0.00745276283604802
Smp_135890	0.0456797351531981
Smp_135900	0.0332939934011374
Smp_135910	0.0560689245333858
Smp_135920	0.0234863849215581
Smp_135930	0.0174290511119904
Smp_135940	0.024345207628486
Smp_135960	0.0062069651886187
Smp_135970	0.0515107868392846
Smp_135980	0.050955327697963
Smp_135990	0.0216585063720549
Smp_136010	0.00585852728311831
Smp_136030	0.0429808319685573
Smp_136040	0.0342094535561948
Smp_136050	0.0856575578203858
Smp_136070	0.0491988548706764
Smp_136090	0.0223531138755952
Smp_136110	0.162683014618608
Smp_136130	0.0340333801495106
Smp_136150	0.0382929033872731
Smp_136160	0.0185721975307027
Smp_136180	0.0190793469515855
Smp_136190	0.0298648644276028
Smp_136200	0.0136198476873559
Smp_136210	0.0159625685988523
Smp_136240	0.00411937458224515
Smp_136260	0.00929629244172099
Smp_136280	0.00814447950215801
Smp_136300	0.01966113068882
Smp_136310	0.0132022068330214
Smp_136320	0.0240078267157031
Smp_136350	0.0318319379115743
Smp_136360	0.00336041012944808
Smp_136400	0.0123199294746415
Smp_136460	0.0503879427745372
Smp_136470	0.0615153743626824
Smp_136480	0.0415518563956194
Smp_136490	0.00852803247141299
Smp_136510	0.00653866920965934
Smp_136520	0.010777911701252
Smp_136530	0.011485466280498
Smp_136540	0.00934780909133512
Smp_136550	0.0144781840775903
Smp_136570	0.0602671469434224
Smp_136580	0.00306761912184944
Smp_136590	0.0616382079450248
Smp_136620	0.0621006796923297
Smp_136640	0.0149946365390302
Smp_136660	0.0669473746246924
Smp_136690	0.0582216179449277
Smp_136700	0.00937377379936419
Smp_136710	0.0544118395645663
Smp_136730	0.107463452708818
Smp_136740	0.00940144894994699
Smp_136760	0.0621829390491049
Smp_136770	0.00907435412379852
Smp_136780	0.0073466647225067
Smp_136850	0.0285475050591622
Smp_136860	0.140204515515541
Smp_136870	0.0645687370821756
Smp_136910	0.0112600097887955
Smp_136920	0.0198195020430178
Smp_136930	0.0183982029115038
Smp_136950	0.0437773278468742
Smp_136970	0.0076671725854879
Smp_136980	0.00655762329075412
Smp_136990	0.0210082734576812
Smp_137000	0.0100960942307597
Smp_137020	0.00513424506009923
Smp_137040	0.00460373494823513
Smp_137050	0.117291949776041
Smp_137080	0.00875357031803294
Smp_137090	0.0283565095972042
Smp_137120	0.0116658584611608
Smp_137160	0.0202927325959356
Smp_137180	0.0819902537680288
Smp_137190	0.0185531386893591
Smp_137210	0.0113731102401083
Smp_137250	0.293582728627339
Smp_137280	0.027576849041013
Smp_137300	0.158929282551784
Smp_137310	0.0689480074352307
Smp_137320	0.0873922909268145
Smp_137330	0.0358372985949333
Smp_137360	0.340777761166105
Smp_137380	0.0227063963169962
Smp_137390	0.0355970685349389
Smp_137410	0.0493272161437759
Smp_137530	0.00617045659438896
Smp_137540	0.0128857582843013
Smp_137580	0.023833248526005
Smp_137590	0.024218556186524
Smp_137600	0.0283995342133774
Smp_137610	0.0357879304622466
Smp_137640	0.0329190591875857
Smp_137650	0.00631831687061348
Smp_137660	0.0327883819046227
Smp_137690	0.0454774970352365
Smp_137700	0.102836145228058
Smp_137710	0.00617973513917177
Smp_137720	0.160399694340642
Smp_137740	0.0334064507751531
Smp_137750	0.0247484966572756
Smp_137800	0.0145778776115303
Smp_137810	0.0590993414217163
Smp_137840	0.0307698338633341
Smp_137860	1.083805144336
Smp_137870	0.00320690229463159
Smp_137890	0.0140105705723205
Smp_137910	0.0301840964102093
Smp_137920	0.00454493662296484
Smp_137930	0.0265628915740666
Smp_137940	0.0375283371272625
Smp_137950	0.0177234880198354
Smp_137970	0.0237825955163805
Smp_137980	0.0249451800792868
Smp_137990	0.0397660009443392
Smp_138010	0.029974190725443
Smp_138030	0.0405020711770059
Smp_138050	0.00320302113959096
Smp_138070	5.87482299241235
Smp_138110	0.10151298057274
Smp_138130	0.101069403753662
Smp_138140	0.461126182307854
Smp_138150	0.0512580666686368
Smp_138160	0.0431194267213396
Smp_138180	0.00816071516595274
Smp_138200	0.00657229831263379
Smp_138210	0.0311675334386924
Smp_138220	0.00381365307797589
Smp_138230	0.0205229762630025
Smp_138240	0.00838920492751489
Smp_138280	0.0131077342525657
Smp_138290	0.0172408969414572
Smp_138300	0.011647906817135
Smp_138310	0.0178577208054632
Smp_138320	0.0282630893160183
Smp_138330	0.0142283002769898
Smp_138340	0.0562329963237123
Smp_138350	0.126093819246316
Smp_138430	0.0157247041698046
Smp_138470	0.044271064727456
Smp_138480	0.0049880697365675
Smp_138500	0.00715943654791669
Smp_138510	0.0136315254678295
Smp_138520	0.00291472821498489
Smp_138580	0.759164149630964
Smp_138590	0.00675752186526337
Smp_138600	0.0394523908401251
Smp_138610	0.0194737420562715
Smp_138640	0.0126082404697785
Smp_138680	0.00674534737625778
Smp_138690	0.365515978272804
Smp_138750	0.0943701530935757
Smp_138760	0.00425264583421611
Smp_138770	0.0195481815907577
Smp_138810	0.0360205556662037
Smp_138840	0.00222730865539842
Smp_138850	0.0727189806358198
Smp_138860	0.00890169785889217
Smp_138880	0.0704105105263103
Smp_138890	0.00306167334334438
Smp_138900	0.0215402832387166
Smp_138920	0.00448545383192223
Smp_138930	0.00411983100467488
Smp_139010	0.0134572578218706
Smp_139030	0.0186055182264453
Smp_139060	0.0189702602273413
Smp_139070	0.0189584969228074
Smp_139080	0.0167791763721535
Smp_139090	0.0249580816490666
Smp_139100	0.026455257193758
Smp_139140	0.580759658057582
Smp_139150	0.0356623583465384
Smp_139180	0.0585148969199863
Smp_139200	0.0967712253527057
Smp_139240	0.151949095365934
Smp_139250	0.285209440298358
Smp_139330	0.0282150955890663
Smp_139340	0.0162461237587583
Smp_139380	0.0955896626223208
Smp_139410	0.0536731564977277
Smp_139420	0.0270143691427817
Smp_139430	0.00550168861825948
Smp_139450	0.207495900738695
Smp_139470	0.0328293216201509
Smp_139480	0.0267898026790184
Smp_139500	0.0564923729794039
Smp_139520	0.0242968757310674
Smp_139530	0.0812195777636188
Smp_139540	0.0229634759776095
Smp_139580	0.0150169994239546
Smp_139600	0.0261707839816789
Smp_139620	0.0321018598409328
Smp_139650	0.00327378637202992
Smp_139680	0.711817603882522
Smp_139720	0.0176672857304978
Smp_139760	0.0307050545976243
Smp_139800	0.0252845112717119
Smp_139840	0.0132614416444134
Smp_139900	0.00611367522080442
Smp_139930	0.00709392035946586
Smp_139940	0.267540459607516
Smp_139970	0.0479420107429035
Smp_139980	0.0583229164661482
Smp_140000	0.00921669159301496
Smp_140020	0.0171438403064856
Smp_140030	0.0193900230324142
Smp_140040	0.0538845930681927
Smp_140080	0.0108119662051523
Smp_140100	0.00400217032710978
Smp_140110	0.0169993671479052
Smp_140120	0.0380156434473778
Smp_140140	0.0471435759554745
Smp_140150	0.0190675122216499
Smp_140180	0.0124386949519773
Smp_140200	0.0114340403024635
Smp_140240	0.021630506986028
Smp_140250	0.0289859956565692
Smp_140260	0.0167595827311261
Smp_140270	0.0601363858566291
Smp_140290	0.0343207754746331
Smp_140330	0.0202039477145407
Smp_140370	0.0367546630806074
Smp_140390	0.0105955334516516
Smp_140400	0.0110474429621643
Smp_140420	0.0193156013226661
Smp_140430	0.010937703939828
Smp_140440	0.00989209358399621
Smp_140460	0.0212258348951679
Smp_140480	0.052345768782904
Smp_140490	0.019247352369371
Smp_140510	0.0244347691122298
Smp_140520	0.0167585196193171
Smp_140530	0.023798570902476
Smp_140540	0.0600717123135188
Smp_140550	0.0290298893712197
Smp_140560	0.0227211232188945
Smp_140570	0.0378066246285293
Smp_140580	0.00707632304218964
Smp_140590	0.0269554003520245
Smp_140610	0.0306358721535989
Smp_140620	0.0471436845240102
Smp_140640	0.00268736548554583
Smp_140650	0.0175439876037166
Smp_140680	0.0324200082202832
Smp_140690	0.0182222179926218
Smp_140700	0.0553997888780108
Smp_140720	0.0872954276119763
Smp_140730	0.340655029801387
Smp_140760	0.0332424247543901
Smp_140770	0.0212438905445754
Smp_140790	0.0131004684277268
Smp_140800	0.0427913827426198
Smp_140810	0.0148034226919094
Smp_140820	0.0118712048078548
Smp_140830	0.00623211733794733
Smp_140840	0.0111046024090224
Smp_140860	0.0419585652473035
Smp_140880	0.140601023072215
Smp_140900	0.0231777772383716
Smp_140920	0.0393513683025102
Smp_140940	0.0241483554229649
Smp_140950	0.0064727063056994
Smp_140990	0.0285166971237624
Smp_141000	0.00738052157187233
Smp_141010	0.0188147207806477
Smp_141040	0.0147386582890412
Smp_141070	0.0301866918776804
Smp_141080	0.00659330820715826
Smp_141120	0.0313420510482189
Smp_141140	0.00328425649918428
Smp_141150	0.0317749863786322
Smp_141160	0.0469585288196456
Smp_141170	0.116740890495998
Smp_141220	0.00395709541695878
Smp_141230	0.0190229198729185
Smp_141240	0.00752879111133444
Smp_141250	0.039225472061987
Smp_141270	0.173567735117845
Smp_141280	0.00910381364536652
Smp_141290	0.0282042442958231
Smp_141310	0.0129470708168417
Smp_141320	0.00839007150750668
Smp_141330	0.0044833261684562
Smp_141350	0.035865152202039
Smp_141360	0.00487633141296226
Smp_141380	0.0102174212545726
Smp_141390	0.02973633192045
Smp_141410	0.00175937551122761
Smp_141430	0.0584544303235731
Smp_141440	0.00415539864524226
Smp_141450	0.674126337246171
Smp_141460	0.031860177059173
Smp_141480	0.283655079789713
Smp_141490	0.0519316615202746
Smp_141500	0.0842077066066625
Smp_141520	0.0789501453824857
Smp_141540	0.0317012872004184
Smp_141570	0.0175633414195775
Smp_141580	0.0391803660771594
Smp_141610	0.0298431847949481
Smp_141630	0.00934784833621778
Smp_141650	0.00438986966530407
Smp_141660	0.0281535513150104
Smp_141680	0.0302818699629808
Smp_141690	0.033895519685984
Smp_141710	0.0294347402970841
Smp_141770	0.00784948059040157
Smp_141810	0.0774352833047746
Smp_141820	0.0242499535384923
Smp_141830	0.06039770740215
Smp_141860	0.0374752181724488
Smp_141880	0.0329582419269215
Smp_141890	0.00835620625731152
Smp_141930	0.0487251547049946
Smp_141940	0.0345329544810967
Smp_141960	0.0147900907536924
Smp_141970	0.00654200707833504
Smp_141980	0.0462173730040359
Smp_142010	0.0104007949141735
Smp_142050	0.0250459835999381
Smp_142090	0.0150657061218099
Smp_142110	0.017672088010071
Smp_142120	0.1486662262542
Smp_142150	0.0934133662665324
Smp_142160	0.0690335213071724
Smp_142170	0.0101846757163374
Smp_142180	0.00917003746429131
Smp_142210	0.00429743208388583
Smp_142250	0.0727520208890051
Smp_142270	0.0264800497225746
Smp_142300	0.0190703183306821
Smp_142320	0.0439369439663281
Smp_142400	0.00684111497119626
Smp_142410	0.00206366201864358
Smp_142420	0.0283933914118224
Smp_142450	0.00884837433653558
Smp_142490	0.060731858625945
Smp_142510	0.0143265281629092
Smp_142520	0.0068799752605013
Smp_142550	0.0283484306006681
Smp_142560	0.0679333285422194
Smp_142600	0.05686720179201
Smp_142620	0.0157654672429899
Smp_142640	0.0141677346967915
Smp_142650	0.0149130449726721
Smp_142670	0.00939914667006654
Smp_142700	0.0194110144826854
Smp_142710	0.0194729959458764
Smp_142740	0.0310540070366769
Smp_142770	0.0145349488317381
Smp_142780	0.00391802402615214
Smp_142790	0.0440193761811707
Smp_142820	0.0274830346680563
Smp_142850	0.0275760925034611
Smp_142860	0.0248711981215465
Smp_142880	0.118395435963675
Smp_142890	0.0130898122446861
Smp_142900	0.0806458524364345
Smp_142930	0.00441945622248737
Smp_142940	0.0589789237762163
Smp_142950	0.0125551739252113
Smp_142960	0.00200744943855787
Smp_142970	0.0221724235191842
Smp_142980	0.0664417899730576
Smp_143060	0.0376885702457633
Smp_143070	0.0183261715137163
Smp_143090	0.0162270879554958
Smp_143130	0.0271742601352341
Smp_143190	0.0183291744814833
Smp_143220	0.015433251568787
Smp_143240	0.0173083181533974
Smp_143260	0.032959924868702
Smp_143270	0.0390829142379457
Smp_143300	0.0392830736309098
Smp_143310	0.017355510096593
Smp_143350	0.0289768548112789
Smp_143390	0.00969457690894779
Smp_143430	0.00293011992937889
Smp_143440	0.0205850113773449
Smp_143460	0.0281348722463621
Smp_143470	0.0246199684588763
Smp_143480	0.0142336081823117
Smp_143490	0.0289003676543766
Smp_143550	0.0145398286828871
Smp_143560	0.0116581707878756
Smp_143580	0.0205773639101499
Smp_143630	0.0065833758635118
Smp_143670	0.0156449316440597
Smp_143690	0.0457841536058564
Smp_143700	0.00773334952464659
Smp_143730	0.0124393542521828
Smp_143740	0.0280018473144886
Smp_143750	0.0147666160590417
Smp_143760	0.0063431077398167
Smp_143770	0.0102816660167612
Smp_143780	0.0316472083459173
Smp_143810	0.0195437139986566
Smp_143830	0.0527856971736306
Smp_143840	0.0283577182000534
Smp_143860	0.0172263913901298
Smp_143870	0.299909920534427
Smp_143900	2.30856650250347
Smp_143910	0.0434396696428532
Smp_143920	0.0117344998444028
Smp_143930	0.0435225132413074
Smp_143940	0.0589518617357436
Smp_143960	0.0320967740253738
Smp_143970	0.29542731901956
Smp_143980	0.0223542887480651
Smp_144000	0.27746250476223
Smp_144010	0.286003318806085
Smp_144020	0.0462667837063796
Smp_144030	0.0196170257557887
Smp_144070	0.070613509848371
Smp_144080	0.0296955104005261
Smp_144110	0.0483462698622811
Smp_144120	0.133621889772477
Smp_144130	0.0330104289356462
Smp_144140	0.0194010055464016
Smp_144160	0.0512291710580016
Smp_144170	0.0328268239000087
Smp_144180	0.0356375824772818
Smp_144190	0.0250548124159488
Smp_144200	0.0197728408718477
Smp_144210	0.0486313375515825
Smp_144220	0.0375224331128381
Smp_144240	0.00894666952955792
Smp_144250	0.0070264965489911
Smp_144310	0.0760206611636676
Smp_144350	0.0317523022714844
Smp_144360	0.00835852645483031
Smp_144370	0.020189182184826
Smp_144380	0.0657201801563215
Smp_144390	0.0293327554525527
Smp_144430	0.0260426643938327
Smp_144440	0.587027444293642
Smp_144450	0.0482677357462937
Smp_144470	0.00927088346944157
Smp_144490	0.00677562273576307
Smp_144495	0.0384356806833432
Smp_144500	0.0523534854709915
Smp_144510	0.0305043815977328
Smp_144520	0.0651118612889981
Smp_144540	0.0652894362155108
Smp_144550	0.0170311660388234
Smp_144560	0.006002332379634
Smp_144570	0.00925653007945433
Smp_144590	0.0611157304009993
Smp_144600	0.0528903492821064
Smp_144660	0.00893243142206227
Smp_144700	0.0156636886777677
Smp_144720	0.0507764159194827
Smp_144740	0.0490317588280729
Smp_144750	0.0254215174502739
Smp_144760	0.0370633300346272
Smp_144770	0.0270388169840844
Smp_144820	0.0261222151758258
Smp_144840	0.00729063690675443
Smp_144850	0.0327401089169522
Smp_144860	0.184799015484714
Smp_144870	0.00455821012602943
Smp_144920	0.0102027733114418
Smp_144930	0.00444412141482542
Smp_144940	0.0177973096958788
Smp_144950	0.0142898594089956
Smp_144960	0.0236662926280772
Smp_144970	0.0253882457116285
Smp_144990	0.00925392564155616
Smp_145010	0.0370635826205875
Smp_145020	0.310316972787346
Smp_145040	0.0286798933784946
Smp_145070	0.0108896852092175
Smp_145090	0.0103137537634477
Smp_145110	0.0431000289173466
Smp_145140	0.0632074614609424
Smp_145180	0.00286103352539763
Smp_145190	0.00267631455798638
Smp_145210	0.0619459724123132
Smp_145230	0.0610065547781876
Smp_145250	0.00446364847260107
Smp_145290	0.087333412201667
Smp_145300	0.0215590677706718
Smp_145310	0.00598878647806264
Smp_145320	0.0279586771250242
Smp_145350	0.0119646708736567
Smp_145360	0.0166293576577358
Smp_145370	0.0400311996179016
Smp_145380	0.0307628733156065
Smp_145400	0.0215023099306715
Smp_145410	0.0126903618601705
Smp_145420	0.0303839341535394
Smp_145440	0.0051578956112747
Smp_145460	0.0108011321527659
Smp_145470	0.0681877841102268
Smp_145490	0.489826048823585
Smp_145510	0.0756203134463553
Smp_145540	0.0340283631317479
Smp_145550	0.0144288006355503
Smp_145560	0.068650450116486
Smp_145580	0.0343333034773167
Smp_145600	0.010523545984223
Smp_145610	0.0122303854122369
Smp_145620	0.00397242115113203
Smp_145630	0.0118988441003741
Smp_145640	0.0808372553934336
Smp_145650	0.00987299058789405
Smp_145670	0.00264008130184314
Smp_145680	0.0427388872059833
Smp_145700	0.0111122865578275
Smp_145740	0.0108480177768526
Smp_145800	0.0118886519628769
Smp_145810	0.0155342114819705
Smp_145890	0.0313064160986913
Smp_145910	0.728469706194247
Smp_145930	0.0489875104027676
Smp_145980	0.00373335760590104
Smp_145990	0.00729294516136588
Smp_146000	0.121910285954864
Smp_146010	0.0223693772036173
Smp_146040	10.6065124013601
Smp_146060	0.038364735197043
Smp_146080	0.0167915453358216
Smp_146100	0.010872433944391
Smp_146110	0.0187987393979125
Smp_146120	0.0197966802048543
Smp_146140	0.00771491297062167
Smp_146150	0.063028405543692
Smp_146160	0.0269804463717739
Smp_146190	0.0831162734485934
Smp_146200	0.010220642545705
Smp_146220	5.81478566473811
Smp_146240	0.0104176437469856
Smp_146250	0.0294462417732237
Smp_146280	0.0261069838630699
Smp_146290	0.00526273718459329
Smp_146300	0.0095903136962318
Smp_146310	0.00234320869158643
Smp_146340	0.0089353096857134
Smp_146360	0.0277796050018734
Smp_146400	0.00303180067927113
Smp_146410	0.00757328644169996
Smp_146420	0.0329051385578137
Smp_146430	0.0252848556315088
Smp_146440	0.146929828468873
Smp_146460	0.060227644967115
Smp_146470	0.0576149341318119
Smp_146480	0.156312534056831
Smp_146570	0.00361266372465039
Smp_146580	0.0576778426558385
Smp_146600	0.017250949626499
Smp_146610	0.0298289013935407
Smp_146630	0.00638658534708292
Smp_146640	0.0186715662751095
Smp_146650	0.526430997965787
Smp_146680	0.0209836974915993
Smp_146690	0.0182889039127443
Smp_146710	0.0478076875059676
Smp_146720	0.0415957420616373
Smp_146730	0.0313473197866921
Smp_146740	1.51357215255124
Smp_146750	0.029813249092439
Smp_146760	0.0393716520115855
Smp_146800	0.00208851264874276
Smp_146810	0.195014561575137
Smp_146830	0.0113701501011139
Smp_146840	0.027925428684021
Smp_146870	0.00973450262990202
Smp_146900	0.00870826008290319
Smp_146910	0.0874237030542873
Smp_146940	0.0287530689954994
Smp_147000	0.0117216371146386
Smp_147020	0.0205494358679395
Smp_147040	0.0493659251340215
Smp_147050	0.0723429364300888
Smp_147060	0.0587370792932908
Smp_147070	0.0836820620634455
Smp_147090	0.0718597691387651
Smp_147110	0.0288215566202594
Smp_147120	0.0106690847216726
Smp_147140	0.0293671070688346
Smp_147150	0.0125065649129273
Smp_147160	0.0143117663659713
Smp_147220	0.0177998604177874
Smp_147230	0.0271930148835948
Smp_147240	0.0189300499581783
Smp_147250	0.0257603206286941
Smp_147260	0.0406403181362994
Smp_147290	0.0319677675687833
Smp_147330	0.00509128935388334
Smp_147350	0.0125868387390238
Smp_147360	0.0126184765541231
Smp_147370	0.0169472662755426
Smp_147390	0.0456836788654335
Smp_147400	0.0183857647711289
Smp_147410	0.0981229422030153
Smp_147420	0.0257793922009576
Smp_147430	0.0393724165632827
Smp_147460	0.0216385460177138
Smp_147470	0.0304162169805841
Smp_147520	0.0124022769838046
Smp_147560	0.0438184354393573
Smp_147570	0.0156866827769796
Smp_147590	0.036376592752419
Smp_147620	0.00509062037249457
Smp_147630	0.00549680191457263
Smp_147640	0.278215153099623
Smp_147650	0.0025466718320574
Smp_147670	0.0284204172748709
Smp_147680	0.0379836603195205
Smp_147690	0.0383097929981427
Smp_147710	10.7457388071234
Smp_147750	0.0212671666471936
Smp_147790	0.062504182689255
Smp_147820	0.0127691690244107
Smp_147840	0.0163940794966866
Smp_147850	0.00561727799041164
Smp_147890	0.104630095495706
Smp_147920	0.0660672330670555
Smp_147950	0.0164541609698307
Smp_147960	0.0262076055048308
Smp_147970	0.0320397879974334
Smp_147980	0.00808282922477628
Smp_147990	0.0650377998944928
Smp_148010	0.0160018804209439
Smp_148020	0.0276189349493147
Smp_148070	0.0029408974723254
Smp_148080	0.0236343029175886
Smp_148110	0.110583170882011
Smp_148120	0.0202474319898087
Smp_148130	0.0239989013640541
Smp_148140	0.00647789790007994
Smp_148160	0.03202011514624
Smp_148180	0.0605385929610989
Smp_148190	0.0216332054278704
Smp_148200	0.0558494377437033
Smp_148220	0.00724948738319642
Smp_148230	0.00770995217784371
Smp_148250	0.0424615309137693
Smp_148260	0.0115763592285527
Smp_148280	0.0151390063158102
Smp_148290	0.0574405600434194
Smp_148360	0.00304305582376016
Smp_148370	0.0124505200416909
Smp_148400	0.0254127170685915
Smp_148410	0.0267965492574313
Smp_148450	0.0167767145858578
Smp_148460	0.0407755526709708
Smp_148470	0.11108110186246
Smp_148480	0.00926499298018259
Smp_148510	0.00552395458693235
Smp_148540	0.0132891407385557
Smp_148590	0.268072913415075
Smp_148630	0.0264387905773307
Smp_148650	0.0284563466828627
Smp_148660	0.00773725533427122
Smp_148670	0.0444142165068999
Smp_148700	0.0397668049573849
Smp_148720	0.0125301614398606
Smp_148760	0.019449419386177
Smp_148770	0.0121927934090115
Smp_148790	0.0150712631850655
Smp_148800	0.0410336901227833
Smp_148820	0.195670023469131
Smp_148830	0.0416342875343626
Smp_148870	0.0167450584061358
Smp_148900	0.022155761833678
Smp_148910	0.0336400461753758
Smp_148930	0.00533603351643698
Smp_148940	0.00841409203390272
Smp_148970	0.018077273390468
Smp_148980	0.0153869090479386
Smp_149000	0.0107027791092506
Smp_149010	0.0244022398196979
Smp_149030	0.0310863939808418
Smp_149040	0.018339312948572
Smp_149050	0.00920809562492659
Smp_149070	0.0175022851640784
Smp_149080	0.0321363354983054
Smp_149110	0.0131580118693886
Smp_149130	0.0156228649628077
Smp_149160	0.00774697267819617
Smp_149170	0.0229154821473975
Smp_149180	0.0187202463527125
Smp_149200	0.00816419513516949
Smp_149220	0.0575343849873064
Smp_149230	0.0671919996229764
Smp_149240	0.0801569296682887
Smp_149300	0.0160520626991573
Smp_149320	0.0103293787554205
Smp_149330	0.043954774765965
Smp_149370	0.00445892484705333
Smp_149380	0.0107221931748686
Smp_149400	0.0202745959460164
Smp_149410	0.0133337825963786
Smp_149420	0.0244389143910607
Smp_149430	0.00585261170810319
Smp_149450	0.00530460746955028
Smp_149460	0.120813462365378
Smp_149480	0.0162815521347846
Smp_149500	0.00859360999677958
Smp_149520	0.0657340021862881
Smp_149530	0.0172747502406455
Smp_149540	0.0327861481251331
Smp_149560	0.0257436374147963
Smp_149580	0.0278333132420015
Smp_149640	0.0213551697159983
Smp_149660	0.00467342419312174
Smp_149700	0.00453225881670405
Smp_149710	0.0117379711853797
Smp_149720	0.0528918236138679
Smp_149730	0.0978001339513578
Smp_149740	0.0525779630755115
Smp_149750	0.0506262791420958
Smp_149770	0.0446759102873612
Smp_149820	0.0254000273844585
Smp_149900	0.0162619397256808
Smp_149950	0.0099556094180792
Smp_149960	0.0397728204429634
Smp_149980	0.113400413010965
Smp_150000	0.245201703323897
Smp_150020	0.0340108892576232
Smp_150030	0.0293736111640032
Smp_150040	0.0133828224217342
Smp_150070	0.00570309894389592
Smp_150080	0.0281642436361954
Smp_150090	0.0744315645780293
Smp_150120	0.0604630122018801
Smp_150140	0.016638724479873
Smp_150150	0.0128260030042737
Smp_150160	0.00486975561320611
Smp_150180	0.0541107858761836
Smp_150200	0.00927094376087995
Smp_150210	0.0329553403532479
Smp_150220	0.019891689043255
Smp_150230	0.0132986647336684
Smp_150270	0.00486709719720155
Smp_150280	0.0482552121224415
Smp_150300	0.0186169407191342
Smp_150320	0.0240476930069903
Smp_150340	0.0112415941164082
Smp_150350	0.00956182949483089
Smp_150360	0.0263406624627704
Smp_150380	0.0102049004068095
Smp_150410	0.029973257782672
Smp_150420	0.0130205608046086
Smp_150430	0.0769307442479481
Smp_150460	0.0901355069641046
Smp_150470	0.0149163809822718
Smp_150500	0.00810301820042649
Smp_150510	0.0198254416178748
Smp_150520	0.0518896057458945
Smp_150550	0.0242317676370729
Smp_150560	0.00783137230271965
Smp_150580	0.0142405673026656
Smp_150590	1.13048644454566
Smp_150610	0.0153962000861201
Smp_150640	0.0189778949292933
Smp_150650	0.0423641120763091
Smp_150660	0.0427704813844732
Smp_150680	0.00749775178522031
Smp_150690	0.017076112688234
Smp_150700	0.00878720791084123
Smp_150740	0.0183244672511013
Smp_150750	0.0188528910596868
Smp_150840	0.0239243338350339
Smp_150850	0.00721711725680766
Smp_150860	0.0348102573116628
Smp_150870	0.0211319273551613
Smp_150890	0.00362440291731679
Smp_150960	0.0195746248640829
Smp_150980	0.00359018686758312
Smp_150990	0.0700674634169825
Smp_151010	0.00725160443034883
Smp_151020	0.0377260463695827
Smp_151030	0.0225881401691177
Smp_151040	0.0678316181855812
Smp_151050	0.0107302840629032
Smp_151060	0.0134858538149048
Smp_151070	0.0021390365431334
Smp_151100	0.0381533404359995
Smp_151140	0.0308106879679404
Smp_151180	0.0141904249994328
Smp_151190	0.0210135607987881
Smp_151200	3.8659721368781
Smp_151210	2.56559131096651
Smp_151220	0.074684404606718
Smp_151260	2.39067903171543
Smp_151270	0.24139830352725
Smp_151280	0.0198157132842773
Smp_151285	0.0459015402016866
Smp_151310	0.0964575535326514
Smp_151320	0.0481862287488737
Smp_151360	0.0650225324243689
Smp_151380	0.0180445380738273
Smp_151410	0.0227040541134031
Smp_151420	0.0241260063408058
Smp_151440	0.0176557555243526
Smp_151450	0.0145503666134911
Smp_151480	0.0108458328116546
Smp_151490	0.0284352912157842
Smp_151520	0.00770351594293299
Smp_151560	0.039519559364617
Smp_151570	0.0260526782586939
Smp_151580	0.0169273288392211
Smp_151590	0.0783510989756368
Smp_151600	0.0317687986283498
Smp_151640	0.764246272892186
Smp_151650	0.0173842909693807
Smp_151660	0.0696928811895995
Smp_151670	0.00351294255698585
Smp_151720	0.0147801403114145
Smp_151730	0.0135838447132461
Smp_151740	0.0542723293955715
Smp_151750	0.00766645003692959
Smp_151780	0.0146756666535925
Smp_151820	0.0150681411461083
Smp_151920	0.0271395127489343
Smp_151930	0.0315849127473748
Smp_152000	0.00273463455945638
Smp_152060	0.0341279306915551
Smp_152090	0.0174296849232938
Smp_152110	0.0453285172482229
Smp_152130	0.028099954591403
Smp_152180	0.043931480277169
Smp_152190	1.3756554597505
Smp_152200	0.224062731043529
Smp_152210	0.0330963067001977
Smp_152220	0.0931133397597718
Smp_152230	0.0164648796055863
Smp_152260	0.031933671546944
Smp_152270	0.0168068235027749
Smp_152280	0.0260313135436548
Smp_152290	0.0117078325512955
Smp_152300	0.00569834768435364
Smp_152310	0.175346681325514
Smp_152330	0.0156126916337515
Smp_152350	0.027503281092917
Smp_152370	0.0119051827652847
Smp_152380	0.0236478906669137
Smp_152390	0.0376403639575135
Smp_152400	0.0125719741276822
Smp_152430	0.0468521230117826
Smp_152440	0.00423045022601
Smp_152500	0.0245405627830634
Smp_152510	0.0032906918073026
Smp_152520	0.00303645283199548
Smp_152530	0.0153241750419809
Smp_152550	0.119873860338151
Smp_152570	0.0166408820735592
Smp_152580	0.0984146724796631
Smp_152590	0.368900798141435
Smp_152630	0.0971464127077007
Smp_152650	0.0153137483788956
Smp_152670	0.0191141150675143
Smp_152710	0.0388607078974629
Smp_152740	0.0298602685549642
Smp_152750	0.0225692536726503
Smp_152760	0.0195887470235014
Smp_152790	0.0068056478461207
Smp_152800	0.00461534585654875
Smp_152830	0.0413927710834763
Smp_152840	0.00860716099856934
Smp_152850	0.00477922190729866
Smp_152860	0.00655500662424227
Smp_152870	0.0283214690125028
Smp_152940	0.0180452130486657
Smp_152960	0.0332386313592557
Smp_152980	0.442682136372902
Smp_152990	0.0250985922480249
Smp_153010	0.0179355915425597
Smp_153070	0.0942476518006226
Smp_153090	0.298113066609829
Smp_153100	0.0410810026919104
Smp_153110	0.0464527215919802
Smp_153140	0.0427210511824036
Smp_153150	0.01087195901504
Smp_153160	0.0415848100616267
Smp_153170	0.056154370945286
Smp_153190	0.00707049613735616
Smp_153200	0.0452436337008778
Smp_153210	0.138845140637109
Smp_153220	1.80133485591004
Smp_153250	0.0147070332489847
Smp_153270	0.0167041209613344
Smp_153290	0.0122164688550293
Smp_153300	0.035073338714117
Smp_153340	0.00886064781544296
Smp_153350	0.0276184314247164
Smp_153370	1.41957778769806
Smp_153390	0.0265095454164301
Smp_153410	0.00676289133163404
Smp_153430	0.00208869569656176
Smp_153440	0.0438725934358032
Smp_153460	0.00646676487900567
Smp_153480	0.0408028220604353
Smp_153490	0.0302951154961255
Smp_153500	0.0742080223343508
Smp_153520	0.0359349658096366
Smp_153530	0.0117924086707114
Smp_153540	0.0225512595521783
Smp_153550	0.0380819621162957
Smp_153560	0.0140324351601525
Smp_153580	0.0636006845224237
Smp_153590	0.00257492779073419
Smp_153610	0.0100177765521483
Smp_153640	0.0623622820088011
Smp_153660	0.0356972416960152
Smp_153690	0.0813199988428818
Smp_153700	0.0414589058306058
Smp_153710	0.017256802170375
Smp_153720	0.00746868441934947
Smp_153750	0.0486040211830241
Smp_153760	0.0148170974240356
Smp_153770	0.00710731993583791
Smp_153780	0.0462264159314921
Smp_153790	0.0235031534972558
Smp_153810	0.0412112496185268
Smp_153820	0.0625018670653408
Smp_153840	0.0192568402927523
Smp_153870	0.0185825775875401
Smp_153890	0.00823055739056154
Smp_153920	0.0398658318084767
Smp_153930	0.189971542356961
Smp_153950	0.0495394419616011
Smp_153960	0.00211783437541597
Smp_153970	0.0126851473494092
Smp_153990	0.0132060092517597
Smp_154000	0.00714794785370373
Smp_154040	0.010616068618393
Smp_154080	0.0459710261190551
Smp_154090	0.0732875680271292
Smp_154100	0.0102614311455685
Smp_154130	5.67991585335068
Smp_154160	0.00542906037433127
Smp_154180	0.134318672378118
Smp_154220	0.0943136570352006
Smp_154250	0.0456224459356808
Smp_154260	0.464429912465555
Smp_154270	0.00663618558101056
Smp_154280	0.0124209260707543
Smp_154290	1.82428954197349
Smp_154320	0.00577500083588318
Smp_154330	0.0294134143400688
Smp_154340	0.00616394010713971
Smp_154370	0.0268298914282756
Smp_154390	0.206992131519001
Smp_154410	0.0454524037863275
Smp_154420	0.0206945349399519
Smp_154470	0.00309612084377467
Smp_154490	0.0294770396335987
Smp_154500	0.0421628420439912
Smp_154520	0.0126690317485699
Smp_154530	0.0213962441185815
Smp_154560	0.00923600200899002
Smp_154590	60
Smp_154600	0.0280204419091328
Smp_154610	0.0078407073124114
Smp_154620	0.00407710202326603
Smp_154640	0.0441367736792245
Smp_154650	0.0269982372481208
Smp_154670	0.0269024767532741
Smp_154680	0.106529763838809
Smp_154690	0.0142677761739306
Smp_154730	0.166694027902123
Smp_154740	0.0408480212449208
Smp_154760	0.0404490426869509
Smp_154780	0.00479533961567639
Smp_154830	0.0729607234979917
Smp_154840	0.00891507820218602
Smp_154850	0.0462032472328137
Smp_154870	0.0379935013578295
Smp_154880	0.00927436541997264
Smp_154900	0.672661123182148
Smp_154910	0.026849298544366
Smp_154930	0.0147813637280764
Smp_154940	0.0598406457172733
Smp_154960	0.0273231936371523
Smp_154970	0.0518839802374545
Smp_154980	0.0108060997460072
Smp_155000	0.0404601659539846
Smp_155020	0.0234897009874898
Smp_155030	0.0238311382094478
Smp_155040	0.023346443404936
Smp_155050	0.0369015301672054
Smp_155060	0.0266187906241726
Smp_155110	34.9871330973996
Smp_155210	0.00448494954305992
Smp_155290	0.0314482426212871
Smp_155310	0.321715377362173
Smp_155320	0.0302956267006048
Smp_155330	0.0357994961410324
Smp_155340	0.0356753768185041
Smp_155360	0.0418063260749723
Smp_155370	0.0205487438647557
Smp_155380	0.0268467724100012
Smp_155390	0.0347410275791531
Smp_155400	0.00710060141676333
Smp_155420	0.0290742518633151
Smp_155450	0.043004675101862
Smp_155480	0.0208410955430717
Smp_155500	0.0320884570334778
Smp_155510	0.00939493530692628
Smp_155520	2.36024071005522
Smp_155530	0.0401636284591317
Smp_155560	0.00459997773462205
Smp_155590	0.0112410024267176
Smp_155620	0.0154010198823964
Smp_155630	0.0195200475755264
Smp_155700	0.00439919315527707
Smp_155720	0.0245069869557415
Smp_155740	0.00320422688580868
Smp_155750	0.0132112498443757
Smp_155760	0.0265853123503571
Smp_155770	0.00684823511375268
Smp_155780	0.0321812652182909
Smp_155790	0.00810055298941677
Smp_155810	0.051080399018539
Smp_155840	0.0334740518860545
Smp_155850	0.126984242617055
Smp_155860	0.10813652187807
Smp_155900	0.709483910482068
Smp_155970	0.044227619040597
Smp_156000	0.00341582954904889
Smp_156050	0.0995219633252184
Smp_156060	0.00637445519086501
Smp_156100	0.0579026251001055
Smp_156140	0.0258090486426493
Smp_156150	0.044843504932794
Smp_156160	0.0270994571775895
Smp_156170	0.0404393659118619
Smp_156180	0.275712762438339
Smp_156230	0.0578904753270301
Smp_156240	0.00913395288807467
Smp_156250	0.197603142879534
Smp_156270	0.0104847758006288
Smp_156280	0.0317196178021248
Smp_156290	0.0176808427832331
Smp_156300	0.0146507681931037
Smp_156340	0.0213249621571662
Smp_156350	0.0453138437661691
Smp_156370	0.0216607621313492
Smp_156390	0.069062698362283
Smp_156400	0.0925173611680553
Smp_156410	0.00749493547779848
Smp_156450	0.0091452608394475
Smp_156460	0.0540108650666219
Smp_156470	0.0369628907514596
Smp_156480	0.0411564862063796
Smp_156500	0.0556549414749176
Smp_156520	0.0232759431317997
Smp_156540	0.0290611711177037
Smp_156550	0.0482523111687641
Smp_156630	0.0186742176486388
Smp_156670	0.0207301274443409
Smp_156720	0.0146097272115549
Smp_156730	49.9728911592173
Smp_156740	0.0292821799741385
Smp_156750	0.0263976110056104
Smp_156780	0.0179834276817714
Smp_156850	0.0220976014098404
Smp_156860	0.0134971444902415
Smp_156870	0.00511011842784211
Smp_156880	0.0131580378823913
Smp_156890	0.0276566006417506
Smp_156900	0.0158582542079117
Smp_156910	0.056060895165068
Smp_156930	0.0540470052038097
Smp_156950	0.0139205871897065
Smp_156960	0.0251913056605838
Smp_156990	0.00630730322626771
Smp_157000	0.0202298241572831
Smp_157050	0.0449477193550239
Smp_157070	0.00790742525952629
Smp_157080	0.0508929335659684
Smp_157100	0.0458019940042278
Smp_157140	0.0153208337194441
Smp_157150	0.0369316394982545
Smp_157160	0.00548580148241532
Smp_157200	0.0403867589968868
Smp_157210	0.338664188476171
Smp_157220	0.00875273258971907
Smp_157230	0.00622937006181427
Smp_157240	0.0782789362546089
Smp_157250	0.0105260581871094
Smp_157290	0.0312938640932103
Smp_157300	0.0186541426914163
Smp_157310	0.0473543377392947
Smp_157320	0.00392354029346383
Smp_157340	0.0112919399389814
Smp_157350	0.0150279913295116
Smp_157360	0.0103757625740164
Smp_157390	0.0177690053418468
Smp_157400	0.0244102480437706
Smp_157410	0.03586361494549
Smp_157470	0.0155856889675954
Smp_157510	0.0128531436041516
Smp_157540	0.0077309549571976
Smp_157560	0.025994122618573
Smp_157570	0.0799209558844812
Smp_157590	0.0237010938451116
Smp_157620	0.0179870136862816
Smp_157640	0.0371795483299559
Smp_157660	0.00721862113248864
Smp_157670	0.0440325315325855
Smp_157680	0.0352882847550314
Smp_157690	0.384788789964466
Smp_157700	0.02150826190356
Smp_157710	0.0024733248388138
Smp_157715	0.00783861368642307
Smp_157720	0.00750132534648215
Smp_157730	0.223092824836062
Smp_157740	0.0104804907750917
Smp_157750	0.0230464223758269
Smp_157760	0.0282898043671131
Smp_157770	0.036731717809074
Smp_157780	0.022511390570711
Smp_157790	0.0399339144549921
Smp_157800	0.0272475146207563
Smp_157830	0.0801369460730761
Smp_157840	0.257482267058474
Smp_157860	0.0680140427441909
Smp_157870	0.0853092888610237
Smp_157910	0.0103661785022816
Smp_157920	0.0255221609674436
Smp_157930	0.0120456638500306
Smp_157940	0.00670825842224398
Smp_157950	0.00551175383507202
Smp_157980	0.0155256485078094
Smp_158030	0.00984063004533135
Smp_158050	0.00748258640845003
Smp_158110	0.0359276800652726
Smp_158130	0.00795763709718011
Smp_158140	0.016107477575502
Smp_158150	0.311123629839495
Smp_158160	0.0548165120964756
Smp_158170	0.076788870223874
Smp_158180	0.0646266250397924
Smp_158190	0.0152330514278722
Smp_158230	0.0210125609570111
Smp_158240	0.0197613754849202
Smp_158290	0.059668394599343
Smp_158310	0.0436121511328211
Smp_158320	0.0284960032714381
Smp_158330	0.0243941508053614
Smp_158360	0.0815833027653428
Smp_158380	0.00902993899061479
Smp_158400	0.018894080882638
Smp_158430	0.00648291752032582
Smp_158440	0.00441807468648254
Smp_158450	0.009257419430839
Smp_158460	0.0228972360715766
Smp_158480	0.101437030117958
Smp_158490	0.0888089035003996
Smp_158520	0.0603522586205514
Smp_158550	0.0108026318738889
Smp_158560	0.0278674154651051
Smp_158570	3.30690474955398
Smp_158590	6.45294184470295
Smp_158600	0.0106748868311324
Smp_158610	0.0213876886793106
Smp_158620	0.0131248120968183
Smp_158630	0.0108862714625941
Smp_158640	0.0434527535713585
Smp_158660	0.0762190954163381
Smp_158670	0.0268230318285092
Smp_158690	0.00710722803190322
Smp_158700	0.0163572969004618
Smp_158720	0.049818636515529
Smp_158730	0.0286165664256877
Smp_158740	0.0254468715437328
Smp_158750	0.156612357863089
Smp_158770	0.0167494948589751
Smp_158810	0.0165794108421872
Smp_158840	0.013521175320929
Smp_158860	0.0114264703087026
Smp_158890	0.0371032104487505
Smp_158910	0.0406324199490118
Smp_158950	0.0599627575821937
Smp_158970	0.0108598803597412
Smp_158980	0.0495270110943961
Smp_158990	0.0312972143268641
Smp_159020	0.0527099581675991
Smp_159050	0.0373596603342203
Smp_159060	0.0402750340344546
Smp_159070	0.0220459413504037
Smp_159090	0.00872125045766121
Smp_159100	0.033269495362559
Smp_159110	0.00768812660131315
Smp_159120	0.037810948456395
Smp_159130	0.130852164614693
Smp_159140	0.019957881868591
Smp_159150	0.0266891161343334
Smp_159160	0.01727402865485
Smp_159180	0.0271838826101336
Smp_159190	0.014238597639963
Smp_159330	0.037827443268276
Smp_159340	0.0154237011274504
Smp_159350	0.0470960808011185
Smp_159370	0.0205732903268168
Smp_159380	0.0276186098174304
Smp_159450	0.0887007890087907
Smp_159490	0.0502456553441169
Smp_159510	0.026248111757118
Smp_159520	0.316533658062065
Smp_159550	0.00200347237058282
Smp_159560	0.0722012652836222
Smp_159570	0.0138225699103909
Smp_159590	0.0261943165370081
Smp_159600	0.0562602112979906
Smp_159620	0.0156051611261823
Smp_159630	0.0559289805497168
Smp_159690	0.0047856665133374
Smp_159700	0.171538940184767
Smp_159730	0.0207517732087823
Smp_159740	0.0162460398906741
Smp_159750	0.010891793291277
Smp_159780	0.0340706096634285
Smp_159790	0.0489132926024358
Smp_159800	4.16638825817934
Smp_159830	7.5071748928181
Smp_159840	0.0138096902611997
Smp_159860	0.0225803549822757
Smp_159890	0.0179551412392277
Smp_159910	0.0109830285551917
Smp_159930	0.01482279010132
Smp_159940	0.00755856527469305
Smp_159950	0.0260985421341103
Smp_159990	0.0234456291181355
Smp_160000	0.0176202153813511
Smp_160070	0.0176345819480218
Smp_160090	0.0062584497001145
Smp_160100	0.0128508229206583
Smp_160140	0.0281832871008445
Smp_160160	0.0564900061332467
Smp_160170	0.0200172972828931
Smp_160180	0.0162807999924972
Smp_160190	0.00913236870472747
Smp_160210	0.0650028950148551
Smp_160270	0.0119823422637771
Smp_160290	0.0124389331809134
Smp_160320	0.0552144132788265
Smp_160360	0.0704490060921998
Smp_160370	0.0523429144228301
Smp_160410	0.00750893792152146
Smp_160460	0.0387804133450439
Smp_160490	0.0246762522013145
Smp_160530	0.00503924283285263
Smp_160540	0.055847611928171
Smp_160590	0.0226778079029473
Smp_160600	0.00430710458121982
Smp_160610	0.0569209889778135
Smp_160670	0.170498155901568
Smp_160700	0.0210438735449698
Smp_160710	0.0620396496436817
Smp_160730	0.0132599390442315
Smp_160760	0.0297589696956904
Smp_160780	0.04661142817334
Smp_160800	49.7014955445
Smp_160810	0.0377012182585309
Smp_160820	0.0280105346990709
Smp_160830	0.107565636417234
Smp_160850	0.00938545620931178
Smp_160870	0.00683362348653831
Smp_160880	0.0310565911011276
Smp_160940	0.00449470732472916
Smp_160950	0.00448842296928632
Smp_161040	0.150481541260934
Smp_161060	0.122508837221375
Smp_161080	0.0203442313867278
Smp_161110	0.0378133996226166
Smp_161120	0.0198187829225431
Smp_161130	0.0294673519517183
Smp_161140	0.0151878149879243
Smp_161160	0.00573319580180041
Smp_161170	0.00334075241487266
Smp_161210	0.0738647988852625
Smp_161220	0.0389756158934298
Smp_161240	0.10313975402685
Smp_161250	0.0231290261222651
Smp_161290	0.0101430022068202
Smp_161330	0.0292341847220722
Smp_161350	0.00978222235458945
Smp_161360	0.032238783881692
Smp_161370	0.029549024178365
Smp_161380	0.00714225180919483
Smp_161400	0.041111469066704
Smp_161450	0.0474980925595708
Smp_161500	0.011901344317195
Smp_161510	0.0323625060907026
Smp_161530	0.0303779454430165
Smp_161540	0.00507722247593865
Smp_161550	0.00285972214469119
Smp_161560	0.0102294599993223
Smp_161580	0.0201904366355675
Smp_161650	0.0448490764297174
Smp_161680	0.0142039375964128
Smp_161730	0.0117553547215998
Smp_161750	0.00864956453791003
Smp_161770	0.099963676036993
Smp_161790	0.0390821559325335
Smp_161800	0.0397835453058991
Smp_161820	0.0352507887317818
Smp_161850	0.0178200669583641
Smp_161870	0.0356605930035025
Smp_161960	0.0205945517790146
Smp_161970	0.00191505754512093
Smp_161980	0.0114937200424493
Smp_162000	0.0295957756155344
Smp_162010	0.0437655883092122
Smp_162030	0.00853692010676174
Smp_162040	0.0052255888670594
Smp_162060	0.025466486722513
Smp_162080	0.0164441137710574
Smp_162100	0.0474030318269303
Smp_162110	0.0328061534432851
Smp_162180	0.0221039809373879
Smp_162210	0.00828853599917969
Smp_162220	0.0179216579520935
Smp_162230	0.00977582355970565
Smp_162240	0.01769725487829
Smp_162250	0.0108088853991032
Smp_162260	0.039815134818656
Smp_162280	0.0150404829030724
Smp_162290	0.0265232279447789
Smp_162300	0.0509338894472842
Smp_162310	0.00562355541259911
Smp_162340	0.0233882392999031
Smp_162350	0.0286300459029659
Smp_162360	0.198729047495966
Smp_162370	0.158829700541702
Smp_162380	0.016494830756964
Smp_162390	0.0210186091239354
Smp_162420	0.96795942143951
Smp_162440	0.0387491256352454
Smp_162500	0.0234868328781024
Smp_162510	0.00880859325595145
Smp_162520	0.0343759403053403
Smp_162540	11.0895848702568
Smp_162550	0.0504088156891107
Smp_162600	0.0127097563963479
Smp_162610	0.0400786492424761
Smp_162620	0.00559685427830043
Smp_162630	0.0124497130721194
Smp_162640	0.0139124210167912
Smp_162650	0.00333149673439403
Smp_162660	0.0154807216785507
Smp_162680	0.0527781564952828
Smp_162710	0.017750113484174
Smp_162760	0.0805386321380861
Smp_162770	0.125706267382447
Smp_162790	0.01219244141675
Smp_162810	0.0179094633564583
Smp_162840	0.121110089558199
Smp_162860	0.0828399650224832
Smp_162900	0.0164117361739838
Smp_162910	0.0108581891581877
Smp_162920	0.00935599646528541
Smp_162940	0.00866771904045074
Smp_162960	0.0126761907521998
Smp_162970	0.0215089811479585
Smp_162980	0.0570656396608688
Smp_163000	0.167942945826128
Smp_163030	0.00388062833001817
Smp_163050	0.00666137382331997
Smp_163080	0.0729205929460771
Smp_163090	0.0137376502288355
Smp_163110	0.00406612700926305
Smp_163140	0.264636777316068
Smp_163160	0.0169209010264834
Smp_163170	0.0610231346359044
Smp_163180	0.0060572712810063
Smp_163210	0.0345245195902183
Smp_163220	0.0117757536928286
Smp_163230	0.00917033325477506
Smp_163240	0.057851947924381
Smp_163250	0.0213751904011036
Smp_163260	0.00452350434120563
Smp_163290	0.0334891992442744
Smp_163300	0.0051213691864188
Smp_163310	0.0209107579822869
Smp_163320	0.00411359851849309
Smp_163330	0.00447750114875427
Smp_163340	0.0319515311107951
Smp_163380	0.0614812002123901
Smp_163420	0.0148770965305377
Smp_163430	0.014498181038852
Smp_163450	0.0299905236949301
Smp_163460	0.00826664182669428
Smp_163500	0.0291882663538274
Smp_163520	0.070128493703772
Smp_163550	0.0257524562388487
Smp_163560	0.0203095348844053
Smp_163570	0.0571315890095085
Smp_163580	0.00372834572592591
Smp_163590	0.0495312613398142
Smp_163600	0.0120418717585474
Smp_163610	0.0786309529547459
Smp_163620	0.015500790380689
Smp_163640	0.00649179933805721
Smp_163660	0.0198363813842286
Smp_163670	0.0127749554214846
Smp_163710	0.0690816063096367
Smp_163720	0.0237031831057693
Smp_163750	0.0182059983768899
Smp_163760	0.0217672850479532
Smp_163780	0.033197940401667
Smp_163790	0.0511302563870533
Smp_163810	0.0403398382241685
Smp_163820	0.0423148945143152
Smp_163830	0.0100841712229867
Smp_163840	0.0247562937107812
Smp_163850	0.00455938692662964
Smp_163880	0.0670426436457861
Smp_163930	0.0353034333862773
Smp_163950	0.024168521563749
Smp_163970	0.0369884164704923
Smp_163980	0.0769596031701818
Smp_164010	0.0126434586003149
Smp_164020	0.0536369405314222
Smp_164040	0.0419515196746808
Smp_164050	0.00958996057002963
Smp_164060	0.00920370773997578
Smp_164070	0.0514434737147118
Smp_164080	0.0273074228234088
Smp_164130	0.0158210105114974
Smp_164150	0.0377830816786675
Smp_164180	0.147441742862789
Smp_164190	0.0263329065041127
Smp_164200	0.00696691737009309
Smp_164210	0.0063224678130216
Smp_164250	0.014904058826935
Smp_164270	0.0319022417890164
Smp_164360	0.0314595833756894
Smp_164380	0.00786460765592593
Smp_164400	0.594813626750915
Smp_164410	0.00754089162377994
Smp_164480	2.413516267233
Smp_164500	0.00424853712963325
Smp_164540	0.0343536187555394
Smp_164560	0.0133523978058127
Smp_164590	0.0805185254532431
Smp_164650	0.0181775625152999
Smp_164660	0.0375063025396425
Smp_164730	0.0144334083394269
Smp_164740	60
Smp_164760	0.07784394460126
Smp_164820	0.0131662010359113
Smp_164860	0.0180794464137212
Smp_164880	0.0132275501017043
Smp_164890	0.00308227467684583
Smp_164930	0.0136722481934746
Smp_164940	0.0221772476471078
Smp_164950	0.0524613958599889
Smp_164960	0.00406867432954034
Smp_164990	0.0041774235235969
Smp_165000	0.0175708149220496
Smp_165030	0.00745037092885033
Smp_165040	0.0312534186172822
Smp_165050	1.30826004619673
Smp_165060	0.0188337933126576
Smp_165070	0.0134310851349885
Smp_165080	0.0101579959841712
Smp_165150	0.0290795775120126
Smp_165170	0.0195120235514818
Smp_165180	0.0532264004318185
Smp_165190	0.00139576856789384
Smp_165200	0.0133757407234392
Smp_165220	0.0154134203714838
Smp_165230	0.0465242042357151
Smp_165260	0.00978803804223377
Smp_165280	0.0145335013505236
Smp_165320	0.00676515677075201
Smp_165330	0.0148440484483901
Smp_165340	0.166254236570709
Smp_165350	0.0158865212407207
Smp_165360	0.865448468028879
Smp_165400	0.00866014446919427
Smp_165420	0.0239666851958898
Smp_165430	0.0914876709990895
Smp_165440	0.0261241585184904
Smp_165450	0.280148440473803
Smp_165460	0.0305742443215497
Smp_165470	0.0323859325663427
Smp_165490	0.00804938512740227
Smp_165530	0.0169652473177961
Smp_165540	0.00654446663696681
Smp_165550	0.00849609638186605
Smp_165560	0.00895376848607707
Smp_165570	0.0452829691278684
Smp_165580	0.00743281263120024
Smp_165590	1.24458887760382
Smp_165600	0.57425531546957
Smp_165610	0.0315110444857878
Smp_165630	0.012822888346048
Smp_165660	0.0276507202278145
Smp_165680	0.00543044688381673
Smp_165690	0.0204116400952821
Smp_165700	0.0542910036070091
Smp_165710	0.00952182447707911
Smp_165720	0.048969084558154
Smp_165750	0.0608855955106608
Smp_165760	0.0246977663739217
Smp_165780	0.0251079748047648
Smp_165790	0.0189750007610643
Smp_165820	0.026628046299743
Smp_165830	0.022011723870592
Smp_165840	0.0070429318113698
Smp_165850	0.0219182980141392
Smp_165870	0.0153197313611006
Smp_165930	0.016731084663866
Smp_165940	0.0409307328651375
Smp_165950	0.0136380189588069
Smp_165960	0.00346363683244917
Smp_165980	0.00783430070675702
Smp_166020	0.0293999702527413
Smp_166040	0.00358183318339797
Smp_166070	0.009178567404989
Smp_166080	0.0142778277666605
Smp_166090	0.0376000587952844
Smp_166120	0.0338015834187143
Smp_166170	0.0920387540670285
Smp_166180	0.0124298911553087
Smp_166200	0.0374854514359305
Smp_166220	0.00519974897168744
Smp_166230	0.0150227903130468
Smp_166280	0.00886880384004689
Smp_166290	0.00783058881769447
Smp_166300	0.0294574166174284
Smp_166310	0.00836317412107394
Smp_166320	0.0101484760800778
Smp_166340	0.0349697531354773
Smp_166350	0.422935167796391
Smp_166370	0.0160455819958576
Smp_166390	0.00912528241090007
Smp_166400	0.0347467101954868
Smp_166420	0.0119954394254421
Smp_166430	0.045711366530282
Smp_166440	0.0272111997230565
Smp_166500	0.0105297898363818
Smp_166530	0.124111516542425
Smp_166550	0.0125392412650939
Smp_166560	0.180663326241568
Smp_166580	0.0140763060277529
Smp_166600	0.0294547780514931
Smp_166610	0.0247544365684806
Smp_166660	0.0198572079721267
Smp_166680	0.00543575707953767
Smp_166690	2.7256390855134
Smp_166780	0.0113853875849563
Smp_166790	0.0130094058861537
Smp_166800	0.0256164199764096
Smp_166820	0.0265182091119343
Smp_166830	0.00377965242855779
Smp_166890	0.0293811183026234
Smp_166930	0.0101567882185322
Smp_166940	0.00439365888481249
Smp_166960	0.0279367955381974
Smp_166980	0.00924634312084461
Smp_167000	0.0276379877411485
Smp_167010	0.0246317951488332
Smp_167020	0.0201135294825392
Smp_167140	0.097465719938237
Smp_167160	0.0129391182556685
Smp_167170	0.00991443278628969
Smp_167190	0.0161762897923898
Smp_167200	0.01785224045028
Smp_167220	0.00250922614511326
Smp_167230	0.00583129266218522
Smp_167240	0.00693579279064402
Smp_167280	0.063362975066078
Smp_167290	0.00972747441625812
Smp_167300	0.011545177881898
Smp_167310	0.00601503186420213
Smp_167330	0.0072670649697652
Smp_167360	0.0313199904664375
Smp_167370	0.0323054433710613
Smp_167400	0.065029779042665
Smp_167410	0.0181334360318908
Smp_167430	0.0388018959702562
Smp_167450	0.0256413577185087
Smp_167470	0.0275690689630407
Smp_167500	0.0060399129146395
Smp_167520	0.0198634399710665
Smp_167540	0.0245909959742384
Smp_167550	0.0258520455124579
Smp_167590	0.00431427607901495
Smp_167630	0.0232211899755797
Smp_167640	0.0449952853746672
Smp_167650	0.0153288508103562
Smp_167660	0.040074222778918
Smp_167670	8.33053058793011
Smp_167680	0.0366199738153307
Smp_167750	0.0278915923088686
Smp_167770	0.0888485972976186
Smp_167800	0.00263489604461306
Smp_167810	0.0189724359659939
Smp_167830	0.935509431764183
Smp_167840	0.108983442024013
Smp_167850	0.00861595565129926
Smp_167860	0.0364493032866173
Smp_167870	60
Smp_167880	0.0128421462944308
Smp_167890	0.0298252615055826
Smp_167920	0.0299805314883377
Smp_167950	0.00740805829456053
Smp_168000	0.0168020890430594
Smp_168040	0.164196411243413
Smp_168050	0.0277641977621601
Smp_168080	0.0507424210720698
Smp_168140	0.0199393217501185
Smp_168160	0.00257219243706911
Smp_168170	0.00561567568056219
Smp_168200	0.00575055081956678
Smp_168240	0.0220025028746358
Smp_168250	60
Smp_168270	0.0178219740311731
Smp_168310	0.0192483177776968
Smp_168330	0.0425586198987961
Smp_168340	0.0209776781158999
Smp_168350	0.0462253042288197
Smp_168370	0.0123484010647413
Smp_168400	0.0350021315992703
Smp_168430	8.85807879260306
Smp_168450	0.0802934842639876
Smp_168460	0.0134742860728357
Smp_168500	0.00683175082167291
Smp_168520	0.026678474295808
Smp_168550	0.0436866942026879
Smp_168590	0.0430983700347866
Smp_168600	0.0492962841025584
Smp_168610	0.212232424957725
Smp_168620	0.0919651857207902
Smp_168660	0.0684157921933078
Smp_168670	0.0223973372822643
Smp_168730	0.0477759199862229
Smp_168760	0.00873371741361066
Smp_168770	0.0193887644607213
Smp_168780	0.0276728960030615
Smp_168800	0.00893785236471001
Smp_168890	0.0228307535179899
Smp_168930	0.0046305022522261
Smp_168990	0.148207309782114
Smp_169010	0.0334331326557611
Smp_169030	0.0119935576200734
Smp_169040	0.0170210343934888
Smp_169050	0.0495023374855054
Smp_169070	0.00555425719105087
Smp_169090	0.0877924981539568
Smp_169140	0.0184863515023958
Smp_169150	0.0234267757633563
Smp_169180	0.0270161179897615
Smp_169200	0.228196037061465
Smp_169220	0.0522050893382285
Smp_169260	0.0743129265445322
Smp_169280	0.0185521617940597
Smp_169290	0.0347985592024609
Smp_169300	0.00463591142789487
Smp_169320	0.0307722450338699
Smp_169330	0.0142741645339179
Smp_169340	0.0456623661431394
Smp_169350	0.129206705925533
Smp_169360	0.0323771718427842
Smp_169380	0.0115003607080262
Smp_169410	0.0531145141844628
Smp_169430	0.032479422605451
Smp_169440	0.0280481162166547
Smp_169460	0.0276298651734298
Smp_169470	0.0052866318250061
Smp_169480	0.0381195273005873
Smp_169520	0.00701943112475309
Smp_169530	0.0135392510386176
Smp_169550	0.031889158473239
Smp_169580	0.0122433714481828
Smp_169610	0.0221481755435635
Smp_169630	0.0143652894402482
Smp_169640	0.00548159977725278
Smp_169660	0.0172605665488089
Smp_169670	0.0061249173188493
Smp_169690	0.0203427962728902
Smp_169700	0.0258113855691905
Smp_169720	0.0124700357801874
Smp_169730	0.0201752964091181
Smp_169750	0.00268823122383725
Smp_169760	0.043880430226651
Smp_169780	0.01886051434629
Smp_169800	0.00770698696581924
Smp_169820	0.0232288537745513
Smp_169860	0.0234809401353093
Smp_169870	0.0287955811801467
Smp_169880	0.0629999348821044
Smp_169890	0.0720863226560429
Smp_169930	0.117311850286519
Smp_169940	0.0144594911583239
Smp_169950	0.0107990097219259
Smp_169960	0.00856511722144922
Smp_169970	0.0239927505750818
Smp_169980	0.00625971154518888
Smp_169990	0.0194952685235119
Smp_170010	0.0315347931094519
Smp_170020	0.0209706564452838
Smp_170030	0.0417055319447364
Smp_170060	0.00818494321412057
Smp_170150	0.0375759577984007
Smp_170160	0.00812158029458501
Smp_170170	0.0430336867236752
Smp_170200	0.0373560665850156
Smp_170210	0.043714778165624
Smp_170230	0.0120274001440914
Smp_170260	0.00872684486258563
Smp_170280	0.042276432792891
Smp_170290	0.0286802310164245
Smp_170300	0.00494149446282077
Smp_170320	0.0422492716982483
Smp_170340	0.0635416810727973
Smp_170350	0.00661597020109568
Smp_170380	0.0187801646441303
Smp_170390	0.0246845203159593
Smp_170400	0.00520537903775061
Smp_170430	0.0585950322432317
Smp_170440	0.00533244129269667
Smp_170450	0.00851850037342123
Smp_170490	0.241500694018528
Smp_170540	0.0213934826398844
Smp_170550	0.0165694696708533
Smp_170560	0.0305641870073124
Smp_170570	0.00696935334882756
Smp_170580	0.0259054229393522
Smp_170600	0.0489847378297201
Smp_170610	0.0475835085447237
Smp_170620	0.0352003899372298
Smp_170630	0.0336744798411641
Smp_170690	0.0874194352963107
Smp_170700	0.0171360435917979
Smp_170740	0.219925963058935
Smp_170760	0.018118509968689
Smp_170770	0.287098673859334
Smp_170790	0.0630115629391288
Smp_170800	0.00692024324426683
Smp_170810	0.0356325925885246
Smp_170840	0.469173802432098
Smp_170890	0.0968974590092634
Smp_170910	0.00955668377394779
Smp_170930	0.0441206025280712
Smp_170940	0.0420821826222434
Smp_170950	0.00710198174221956
Smp_170980	0.0226439262819861
Smp_171000	0.0247466704737938
Smp_171010	0.0258889542047557
Smp_171020	0.0517207937297502
Smp_171030	0.0211722260152012
Smp_171040	0.0159402918080659
Smp_171060	0.49633600935232
Smp_171070	0.00325617138340148
Smp_171080	0.0264301838750023
Smp_171090	0.0547880491099093
Smp_171120	0.0293717895613111
Smp_171130	0.636331871755167
Smp_171140	0.0318089472285648
Smp_171150	0.0135219777889244
Smp_171170	0.0185000862372683
Smp_171180	0.00784463815187399
Smp_171190	0.0690521355425547
Smp_171200	0.012952155463318
Smp_171270	0.0502338718706631
Smp_171280	0.0170155001028198
Smp_171310	33.7961762348459
Smp_171370	0.0233811670533144
Smp_171460	0.0431563336337655
Smp_171490	0.020547734905443
Smp_171530	0.0044808162823696
Smp_171540	0.0102702936163735
Smp_171550	0.0265739235852826
Smp_171580	0.0932417754842235
Smp_171600	0.0278720489166052
Smp_171610	0.145035145719412
Smp_171620	0.0170669914102087
Smp_171630	0.00769498090051911
Smp_171640	0.00941256844312525
Smp_171660	0.0251491322693204
Smp_171670	0.00777079136985494
Smp_171680	0.0329806508117478
Smp_171710	0.0202362969254525
Smp_171720	0.00721471583765094
Smp_171730	0.0838920175983084
Smp_171740	0.0550786835239467
Smp_171750	0.0333261375365299
Smp_171770	0.0122567605234469
Smp_171780	0.0314707189760731
Smp_171790	0.0339904963198535
Smp_171820	0.0158312877803491
Smp_171860	0.0270284414214366
Smp_171870	0.0069357637108849
Smp_171880	0.00959534520457399
Smp_171940	0.0062230005815356
Smp_172030	0.00205218596682034
Smp_172040	0.0399771120540135
Smp_172050	0.00734548181951412
Smp_172060	0.0161894090379515
Smp_172070	0.0161409554114934
Smp_172090	0.0131080075763375
Smp_172110	0.020764626666038
Smp_172120	0.0132227185045114
Smp_172130	0.0174203018243014
Smp_172140	0.0216135784576412
Smp_172150	0.0250360880992467
Smp_172160	0.00524524110322047
Smp_172170	10.8814570381867
Smp_172180	0.0904887420220503
Smp_172190	0.017821864999859
Smp_172200	0.0273748586388164
Smp_172210	0.0122655867182915
Smp_172220	0.00495708576726942
Smp_172240	0.0449813648890101
Smp_172250	0.0218057851114042
Smp_172270	0.0136691059365801
Smp_172280	0.00370675678575836
Smp_172340	0.104760834226449
Smp_172360	0.0250042304447051
Smp_172370	0.0274992850370975
Smp_172400	0.0272705025766823
Smp_172420	0.077910556626736
Smp_172440	1.54105220005001
Smp_172460	0.14771205641578
Smp_172470	0.0290420379897872
Smp_172480	0.0526475558331809
Smp_172490	0.00722257577083977
Smp_172510	0.0127218285297351
Smp_172520	0.0356124815181949
Smp_172530	0.0272203834534825
Smp_172540	0.00364246271613769
Smp_172580	0.0886715310632959
Smp_172590	0.246045171614298
Smp_172610	0.0526243404796571
Smp_172640	0.045347456712055
Smp_172660	0.0198202492739311
Smp_172700	0.0246328729462101
Smp_172730	0.00968801080283148
Smp_172780	0.0445136853954561
Smp_172790	0.0110884034152285
Smp_172810	0.0471292111527924
Smp_172850	0.0035392593409591
Smp_172990	0.0236360626675556
Smp_173000	0.0227336066745098
Smp_173010	0.0225105496100259
Smp_173020	0.0231331820433436
Smp_173060	0.0249203153242981
Smp_173100	0.0255685983196111
Smp_173110	0.0270140356514238
Smp_173120	0.0140667956704086
Smp_173140	0.00585785628590804
Smp_173150	0.149778291328701
Smp_173160	0.260586223107039
Smp_173180	0.0218369796399458
Smp_173190	0.0174160260298611
Smp_173210	0.014836293767218
Smp_173230	0.0148983098670455
Smp_173240	0.0346145789089834
Smp_173250	0.0179090162024357
Smp_173280	0.033362041824392
Smp_173320	0.00330940890135884
Smp_173330	0.00533461231063265
Smp_173340	0.0113217952799245
Smp_173350	22.8757370041031
Smp_173380	0.0319138823491108
Smp_173410	0.0326480778814252
Smp_173420	0.026222723484693
Smp_173480	0.0204199973052713
Smp_173550	0.0074673620430906
Smp_173580	0.0122038530865967
Smp_173610	0.0442304456414561
Smp_173620	0.0308582098608697
Smp_173640	0.0072053010395623
Smp_173650	0.00330866807027385
Smp_173700	0.0107056036515151
Smp_173730	0.0176024048202223
Smp_173760	0.0319622529891194
Smp_173790	0.0337847996349421
Smp_173810	0.0102906355960383
Smp_173840	0.0167866049653602
Smp_173880	0.0374712839820524
Smp_173900	0.012785608071469
Smp_173910	0.0387583017641565
Smp_173940	0.0723132182767834
Smp_174060	0.105542481753766
Smp_174090	0.026444441655071
Smp_174110	0.0135365195724565
Smp_174130	0.00559166897507544
Smp_174170	0.0398494348176059
Smp_174190	0.0232201378095439
Smp_174220	0.0874157715843378
Smp_174230	0.0204643220815158
Smp_174240	0.0370658432802048
Smp_174250	50.4681180810859
Smp_174260	0.0211075614722419
Smp_174300	0.0507965978949708
Smp_174310	0.0112304675141701
Smp_174320	0.0459248818121643
Smp_174350	0.0337731889039877
Smp_174370	0.0368595285785517
Smp_174380	0.0602741232405924
Smp_174390	0.0230817066769367
Smp_174410	0.0152024633651166
Smp_174420	0.00880237573922143
Smp_174450	0.011983122209559
Smp_174490	0.0249629649920321
Smp_174510	0.0683054297311098
Smp_174520	0.424435495516429
Smp_174580	0.0115003030586626
Smp_174610	0.0468509237446654
Smp_174630	0.0167043279603307
Smp_174660	0.0244269559307687
Smp_174670	0.00563721272530408
Smp_174680	0.00929039540559011
Smp_174690	0.0242509844041563
Smp_174700	0.199243673317843
Smp_174710	0.0100622527283036
Smp_174720	0.0582654343284788
Smp_174780	0.0393091678943461
Smp_174800	0.00966592760982272
Smp_174810	0.0787144452617985
Smp_174850	0.0380660109879533
Smp_174870	0.0159725309280427
Smp_174880	0.0272905934744037
Smp_174890	0.00577347411596201
Smp_174920	0.0447495267931981
Smp_174950	0.0536711093224908
Smp_174960	0.0219966785213738
Smp_174990	0.00286901336374834
Smp_175020	0.0397714690917085
Smp_175090	0.0277506785719741
Smp_175190	2.01923578538976
Smp_175200	0.00631054226760757
Smp_175210	0.0538016263716611
Smp_175230	0.0483070554381832
Smp_175240	18.4870517439437
Smp_175270	0.0409573068793487
Smp_175310	0.0306066706871146
Smp_175340	0.00813985671380149
Smp_175390	0.032066487282086
Smp_175410	0.0745807750133309
Smp_175420	0.0242277664705993
Smp_175430	0.00604007689731477
Smp_175500	0.0933796267368451
Smp_175510	0.0535914823424168
Smp_175550	0.0702855899510016
Smp_175570	0.0151070910116241
Smp_175580	0.0772865782451622
Smp_175590	0.0321888032795528
Smp_175610	0.0212453501918364
Smp_175630	0.0392340468577314
Smp_175640	0.0348172610522781
Smp_175660	0.0129895666664583
Smp_175680	0.00860572004478742
Smp_175710	0.156717955291112
Smp_175740	0.0518962608352018
Smp_175780	0.011219937608505
Smp_175810	0.00867723582343179
Smp_175840	0.00480123207469247
Smp_175860	0.0184657346644977
Smp_175880	0.236703905457515
Smp_175900	0.0257465316027021
Smp_175910	0.003057203037619
Smp_175920	0.0265074065366268
Smp_175930	0.0177636165082536
Smp_175950	0.011872585502573
Smp_175980	0.0790705868125078
Smp_176000	0.0428763250826477
Smp_176010	0.0333470744617663
Smp_176020	0.0654903833250242
Smp_176040	0.00583250257212118
Smp_176050	0.0194884994992615
Smp_176070	0.0126219567146197
Smp_176080	0.0260764933511787
Smp_176090	0.00752162441952003
Smp_176100	0.0238065078761453
Smp_176110	0.0285731429355618
Smp_176150	0.00749645126803023
Smp_176160	30.6646479510283
Smp_176170	1.88223973969825
Smp_176200	0.0398839028325573
Smp_176230	0.00404637291699486
Smp_176260	0.0613645634599033
Smp_176270	0.00454473677071746
Smp_176290	0.00475985721561271
Smp_176300	0.0292707808969482
Smp_176310	0.0234540845302903
Smp_176340	0.00566389008462714
Smp_176350	0.0300289729895862
Smp_176370	0.00845112605928743
Smp_176380	0.00443772146140684
Smp_176390	0.0261675081033288
Smp_176410	0.0163095941830944
Smp_176420	0.016094212320808
Smp_176430	0.0426067044510403
Smp_176440	0.00629969151888536
Smp_176460	0.0207621444385465
Smp_176490	0.0150870699606205
Smp_176540	0.0758451767828511
Smp_176570	0.0172997565536577
Smp_176580	0.0246974877160047
Smp_176600	0.0171347980130119
Smp_176620	0.00435968412909023
Smp_176630	0.00431874532368617
Smp_176640	0.00535185643898942
Smp_176650	0.0128109877897848
Smp_176710	0.0412491309357369
Smp_176720	0.0172942664889124
Smp_176750	0.00835414236546644
Smp_176760	0.00871284784041752
Smp_176780	0.0503800424011091
Smp_176810	0.0115196072360717
Smp_176820	0.0185142619177808
Smp_176840	0.00259988897219751
Smp_176850	0.0204023790940817
Smp_176910	0.0273733801176148
Smp_176930	0.102877950774442
Smp_176940	0.013780755675748
Smp_176950	0.0183097829561039
Smp_176960	0.0107648582487792
Smp_176980	0.190219404042095
Smp_177010	0.0354463178781628
Smp_177020	0.0737308960612313
Smp_177040	0.00332605595073626
Smp_177060	0.00424262013854592
Smp_177080	0.00532553293287695
Smp_177100	0.221429136098405
Smp_177120	0.00796504940130303
Smp_177180	0.0289977264276174
Smp_177290	0.474918424402271
Smp_177720	6.73384039933318
Smp_177780	0.143405691368381
Smp_177790	0.0139540110658113
Smp_178230	0.020216588839989
Smp_178360	0.0869296774063208
Smp_178410	0.00251332776618115
Smp_178420	0.128573307816917
Smp_178490	0.0106618397645175
Smp_178700	0.0115502551177482
Smp_178710	0.038541411594762
Smp_178740	0.0121232891705808
Smp_178750	0.0106019828959275
Smp_178760	0.18718010124341
Smp_178780	0.0975639578906701
Smp_178810	0.0164621074802374
Smp_178850	0.0106873895675771
Smp_178990	0.0144750309350792
Smp_179000	0.0227652667406632
Smp_179010	0.0205476516717984
Smp_179070	0.0296094372440764
Smp_179080	0.0267845377716003
Smp_179110	0.0350754376558473
Smp_179130	0.0332711004151058
Smp_179180	0.0421780844873389
Smp_179200	0.222178882242895
Smp_179270	0.00937716879626314
Smp_179290	0.0660390286809016
Smp_179300	0.0406378113555676
Smp_179320	0.0290511420838365
Smp_179350	0.0711027756243983
Smp_179360	0.0395479353764351
Smp_179380	0.0376160918965691
Smp_179460	0.0789580385937062
Smp_179490	0.0207396555624827
Smp_179560	0.00906186689615533
Smp_179590	0.0150467232603542
Smp_179600	14.3819755238146
Smp_179610	0.00685400301218114
Smp_179620	0.0112761214300555
Smp_179650	0.0247316980572066
Smp_179660	0.0426379442581735
Smp_179710	0.0702678675911473
Smp_179720	0.0153960466500884
Smp_179740	0.0159657253960387
Smp_179810	0.0283995881198889
Smp_179890	0.0236686792304689
Smp_179910	0.00778084663986227
Smp_179930	0.00891868013137132
Smp_179940	0.0217007331768535
Smp_179970	0.151385581275572
Smp_180000	0.0717101121152928
Smp_180020	0.0203260916301809
Smp_180030	0.124296891618794
Smp_180040	0.00679900934409612
Smp_180060	0.027820746302124
Smp_180070	0.0135810671972194
Smp_180140	4.42246863872861
Smp_180150	0.0496684819470637
Smp_180160	0.0174844684712142
Smp_180170	0.0358855735290334
Smp_180180	0.00828289947854663
Smp_180190	0.0205820481835764
Smp_180200	0.0137027265437088
Smp_180240	0.0727425275132907
Smp_180260	3.00943985976174
Smp_180320	1.2432654966295
Smp_180330	1.03887329139049
Smp_180350	0.0410744709239707
Smp_180360	0.00329371419884555
Smp_180370	0.00562489298247616
Smp_180380	0.0155248634639462
Smp_180390	0.0119442275420553
Smp_180400	0.0297789750399515
Smp_180430	0.0419365809548435
Smp_180470	0.00197744466441966
Smp_180480	0.014312930606617
Smp_180500	0.0204329006617359
Smp_180520	0.00731417890034206
Smp_180540	0.00443893749607277
Smp_180570	0.0191165895622152
Smp_180580	0.0190482936935354
Smp_180590	0.0541854074955252
Smp_180620	0.125806206594166
Smp_180660	0.218189801984029
Smp_180680	0.0202666029836919
Smp_180690	0.0406549275106736
Smp_180740	0.0226199608459059
Smp_180790	0.0201967697353282
Smp_180800	0.0135632494377367
Smp_180810	0.0268822889906902
Smp_180890	0.0476364067371772
Smp_180900	0.0230378325948755
Smp_180910	0.051272839619714
Smp_181000	0.00711539043657732
Smp_181040	0.00822384671557829
Smp_181050	0.00698269835721743
Smp_181060	0.081916689177503
Smp_181070	0.128963470395987
Smp_181080	0.0368717708332629
Smp_181090	0.00563354529273726
Smp_181120	0.00424939872091486
Smp_181130	0.00308866073089653
Smp_181150	0.0279771666918521
Smp_181160	0.0479270801568421
Smp_181170	0.149395855791388
Smp_181180	0.0151128487547959
Smp_181230	0.0282933441691329
Smp_181240	0.00580075826654784
Smp_181250	0.0870266092317839
Smp_181270	0.069068825620604
Smp_181290	0.0134165022336524
Smp_181390	0.127031197683203
Smp_181410	0.0485637686570183
Smp_181440	0.0137502917156137
Smp_181450	0.0182970062417762
Smp_181460	0.00830389363115191
Smp_181470	0.0693600996133046
Smp_181480	0.00597617736964634
Smp_181490	0.0195336540477135
Smp_181730	35.5201460388942
Smp_181870	0.0374627642429227
Smp_182090	0.238310980928365
Smp_182600	0.0523296079747731
Smp_182620	0.0159068350767628
Smp_182890	0.0400438600455642
Smp_183710	0.0438653216968408
Smp_183870	0.368514767262088
Smp_184350	0.0288089839489089
Smp_185180	0.191998671214534
Smp_185420	0.0151781356317517
Smp_185680	0.600812644193259
Smp_186560	0.00427005145829846
Smp_186670	0.0369684865383766
Smp_186780	0.0374288027159506
Smp_186920	0.0640974941456165
Smp_186930	0.152341449689924
Smp_187090	0.0437310309594275
Smp_187140	0.165378764494867
Smp_187190	0.02757343060953
Smp_187360	0.108611546292683
Smp_187410	0.134974304766325
Smp_187800	0.0401465799688342
Smp_187940	0.0159070359887819
Smp_188200	0.238028262499378
Smp_188430	0.00627962626266063
Smp_188580	0.0467766601720746
Smp_189830	0.0230733710437107
Smp_189960	0.0106325898899451
Smp_190020	0.00899986163125915
Smp_190140	0.0219103777595058
Smp_190770	0.0055453807979524
Smp_190940	0.0315015404499621
Smp_191160	0.0119687181740708
Smp_191210	0.0424800680214735
Smp_191310	0.0467931292436652
Smp_191360	0.0040799363964808
Smp_191400	0.294148012175851
Smp_191670	0.223684636332822
Smp_191870	0.00551408256630513
Smp_191910	0.739985129695362
Smp_191970	0.0372098097001415
Smp_192010	0.161415350716312
Smp_192400	0.0102369669331491
Smp_192570	0.0386638840254759
Smp_192610	0.0790370612507437
Smp_192670	0.550529802587635
Smp_192780	0.0668229192682029
Smp_193150	0.0464369256860837
Smp_193400	0.57362809471762
Smp_193440	0.00645381053471687
Smp_193610	0.0141540055624015
Smp_193750	0.017592116591093
Smp_193800	0.148088387504253
Smp_194030	0.0182584757815567
Smp_194040	0.0107476864322993
Smp_194050	0.0348126363830681
Smp_194090	0.0382798521234051
Smp_194100	0.61791866745065
Smp_194130	2.15168577754559
Smp_194160	0.00472340743313089
Smp_194170	0.00873596285752388
Smp_194240	0.0216002396690519
Smp_194270	0.0224193998139321
Smp_194280	0.0217823401666509
Smp_194370	0.0070699904965397
Smp_194380	0.172356410152063
Smp_194390	0.0215458251000295
Smp_194410	0.472678021725252
Smp_194420	0.0244395258109877
Smp_194430	0.047417373313178
Smp_194520	0.0033925767870435
Smp_194560	0.0359792266198484
Smp_194570	0.00444560821100399
Smp_194580	0.00611500659489911
Smp_194590	0.00367154120311181
Smp_194610	0.0663340651518398
Smp_194620	0.00309630592043232
Smp_194650	0.010181210143173
Smp_194680	0.0120163629582497
Smp_194700	0.296832960112214
Smp_194710	0.0205182642370174
Smp_194720	0.0517145911150033
Smp_194730	0.00845141193518494
Smp_194740	0.0264302478116445
Smp_194750	0.235332401194097
Smp_194770	0.0219918138944417
Smp_194780	0.0116127939416564
Smp_194800	0.091239787265228
Smp_194820	0.0193243738476154
Smp_194830	0.0828958576006831
Smp_194840	0.0478547253240045
Smp_194870	0.105599426994622
Smp_194900	0.00797572020387926
Smp_194910	0.222316294464762
Smp_194920	0.00822642358770458
Smp_194930	0.00722674621579737
Smp_194940	0.0447890543733429
Smp_194970	0.025814970309277
Smp_194980	0.0314454989801673
Smp_195060	0.0591087532629288
Smp_195070	0.0903033999976132
Smp_195080	0.0277183748368592
Smp_195090	0.213660017095859
Smp_195190	0.0850327896248485
Smp_196020	0.0161867919582396
Smp_196030	0.0109677961700743
Smp_196040	0.00596084708796515
Smp_196090	0.0500109696412322
Smp_196110	0.0227772926173528
Smp_196140	0.0341148222219079
Smp_196150	0.004814661410756
Smp_196160	0.0220109934123207
Smp_196220	0.0229560341315951
Smp_196230	0.0207810635265859
Smp_196260	0.0263312356003948
Smp_196290	0.0155857696307575
Smp_196300	0.0111775115033684
Smp_196370	0.0495044131019033
Smp_196400	0.0321806520106879
Smp_196410	0.167901941957424
Smp_196480	0.0249526672855348
Smp_196510	0.0136145038163686
Smp_196600	0.0121448511741315
Smp_196620	0.0380828657670993
Smp_196690	0.017025754080989
Smp_196700	0.032536557024155
Smp_196790	0.0442442349338797
Smp_196810	0.0299822839383338
Smp_196840	0.035805048056304
Smp_196880	0.0333781623260515
Smp_196900	0.12861231560426
Smp_196910	0.0154814353175926
Smp_196920	0.0279819473213465
Smp_196925	0.288441701867909
Smp_196950	0.159033439058623
Smp_197070	0.26173023370102
Smp_197150	0.0546089055236958
Smp_197180	0.00897309984963193
Smp_197230	0.0147599257748532
Smp_197370	0.0569335896122856
Smp_197390	0.0547472842422921
Smp_197480	0.0031258202196863
Smp_197540	0.0158419813711973
Smp_197640	0.0460246221863796
Smp_197690	0.0465406798547046
Smp_197700	0.0460468771721665
Smp_197730	0.0158590976555539
Smp_197860	0.063498138016576
Smp_197880	0.00768090338280738
Smp_197890	0.0204634896801031
Smp_197950	0.0447083143482814
Smp_198020	0.229377689152896
Smp_198170	0.217792463550371
Smp_198190	0.00532576078708914
Smp_198290	0.00604473222078642
Smp_198330	0.00945852539729698
Smp_198360	0.0232982704470992
Smp_198380	0.0457445797279025
Smp_198420	0.0273358445619179
Smp_198520	0.0127395124988575
Smp_198530	0.00253545298633768
Smp_198560	0.0583471504399445
Smp_198590	0.121407344441716
Smp_198660	0.0553261460544392
Smp_198670	0.0118595395298186
Smp_198680	0.0119558728915424
Smp_198730	0.0327826112065989
Smp_198750	0.00549125800217839
Smp_198790	0.0206739363253482
Smp_198800	0.0142292215781624
Smp_198850	0.00534733752193754
Smp_198890	0.015533002342223
Smp_198920	0.00868246965847524
Smp_198930	0.046130636250773
Smp_198940	0.00922153237607341
Smp_198980	0.0205418921477013
Smp_199040	0.0064623907837516
Smp_199050	0.0193347831375193
Smp_199100	0.0182101815432322
Smp_199340	0.0327241896028746
Smp_199800	0.0374528110099686
Smp_200020	0.0255920473617214
Smp_200060	0.0174858255855053
Smp_200090	0.0597990645648023
Smp_200100	0.0153871193172364
Smp_200110	0.205783504969005
Smp_200130	0.102425324725515
Smp_200180	0.0363441391324062
Smp_200190	0.0264691487710343
Smp_200230	0.0397942211980645
Smp_200240	0.048304075804516
Smp_200300	0.00387144870196516
Smp_200310	0.0674699715757719
Smp_200380	0.00735473345874001
Smp_200410	0.0213272811766653
Smp_200440	0.0385129252793694
Smp_200450	0.0762370047437983
Smp_200460	0.131890499551524
Smp_200520	0.106035299943255
Smp_200530	0.0642720002671892
Smp_200540	0.682422474675596
Smp_200570	0.0247234391545431
Smp_200600	0.689026076228047
Smp_200610	0.0259960861968513
Smp_200620	11.4903985345251
Smp_200650	32.1946541908085
Smp_200670	0.0515811468737913
Smp_200710	2.61781141471651
Smp_200800	0.0378848050032427
Smp_200840	1.10896528538925
Smp_200850	7.0472122543986
Smp_200900	60
Smp_200910	0.837752117885824
Smp_200960	0.0512690499598901
Smp_200970	0.462571673505568
Smp_200980	0.181381475021724
Smp_201030	0.0482510534535853
Smp_201060	0.0828355470090865
Smp_201070	2.84092376958705
Smp_201130	0.0274612934570651
Smp_201210	0.0465912848660898
Smp_201220	0.0109939436920619
Smp_201230	0.0512489316050926
Smp_201260	0.431022913350134
Smp_201320	2.99829533425344
Smp_201330	0.404385583856277
Smp_201340	18.7609437720508
Smp_201440	0.033234071469254
Smp_201470	0.0541984812208939
Smp_201600	0.0493654386211328
Smp_201670	0.542922486153196
Smp_201680	0.062731720273407
Smp_201690	14.7398295161124
Smp_201700	0.012666554431905
Smp_201730	0.0477871441815058
Smp_201810	0.0608860085020534
Smp_201820	0.0525245970959277
Smp_201940	36.2127027541536
Smp_201950	0.0183407015757602
Smp_201970	0.238782385734074
Smp_202010	60
Smp_202120	0.0200605776652448
Smp_202130	0.0341679961347407
Smp_202170	0.0315700728355033
Smp_202190	0.110869301295936
Smp_202200	0.138252515502142
Smp_202260	0.0782802078842115
Smp_202370	0.0719236428741771
Smp_202400	0.0375298772218232
Smp_202470	0.016755541907811
Smp_202580	60
Smp_202610	0.151036313061297
Smp_202620	0.0360662367250282
Smp_202630	0.00938161331930427
Smp_202680	0.0508891819553788
Smp_202690	0.0363484264273636
Smp_202720	0.054285138110706
Smp_202770	0.0822831835913054
Smp_202850	0.0794345624621046
Smp_202920	0.0216125415432665
Smp_202970	0.92211155776486
Smp_202980	0.0242499954676654
Smp_202990	60
Smp_203010	60
Smp_203030	0.0800717523806815
Smp_203090	0.220363431417506
Smp_203130	0.0518064120713744
Smp_203170	0.0641305094008298
Smp_203190	0.0536236688983973
Smp_203200	0.0333883560316299
Smp_203270	0.0902370437980429
Smp_203280	0.053534693077934
Smp_203310	0.0246376274470136
Smp_203390	0.0154957424167519
Smp_203400	1.1894357221856
Smp_203410	0.0182825608267458
Smp_203480	0.00519286576050818
Smp_203500	0.0397293778985615
Smp_203580	0.0833161472683439
Smp_203600	0.0118750111186461
Smp_203630	0.0206348900346904
Smp_203635	0.0176001663501035
Smp_203680	0.429212703258544
Smp_203720	0.102703320672464
Smp_203810	0.0286126971016219
Smp_203830	0.0650339456047415
Smp_203950	0.0252650545181895
Smp_203970	0.0280159510745243
Smp_203990	0.0759873138716157
Smp_204010	0.033347324818266
Smp_204020	0.0707537225910605
Smp_204040	0.176298063488725
Smp_204060	3.64570297420511
Smp_204070	0.0542408714873281
Smp_204120	0.120628500526562
Smp_204150	0.0322612438823795
Smp_204160	0.0968269657173522
Smp_204230	0.0526668708214149
Smp_204250	0.148304404758809
Smp_204260	0.0284491165408903
Smp_204350	0.063073220728763
Smp_204380	0.00599799065285511
Smp_204390	0.0116914164190423
Smp_204420	0.210800945937618
Smp_204550	0.0640666045237712
Smp_204690	8.27070567459832
Smp_204710	0.223879413207956
Smp_204720	0.018511078372971
Smp_204730	0.0201086482776777
Smp_204740	0.00957123101507934
Smp_204750	0.0299213959952802
Smp_204770	0.00928096097278672
Smp_204820	34.2488141291083
Smp_204840	60
Smp_204860	1.37700684810758
Smp_204880	0.012889331284266
Smp_204920	0.0260557588475566
Smp_204940	0.996097044829526
Smp_204980	0.0419479564753837
Smp_205000	0.163612972772625
Smp_205170	0.171205962713591
Smp_205270	0.070932827119988
Smp_205300	60
Smp_205410	0.104987184452399
Smp_205560	1.25025772468814
Smp_205570	0.0586273374399673
Smp_205660	0.0134926413233554
Smp_205710	0.0922054748116858
Smp_205760	0.0601349969201736
Smp_205780	24.4902980364083
Smp_205840	0.0175147647573948
Smp_207000	0.0441600466225805
Smp_207020	0.0407154023949684
Smp_207030	0.0165225634279041
Smp_207040	0.159161797710942
Smp_207050	0.0141453243548828
Smp_207070	0.0121502420134713
Smp_207080	0.0298348440108085
Smp_208000	0.014204604014724
Smp_208010	0.0133186621715532
Smp_208020	0.00340926059911228
Smp_208050	0.0248467876824306
Smp_208080	0.0175648692109607
Smp_208090	0.0280522692446466
Smp_209030	0.0200525615364791
Smp_209040	0.0151414599763818
Smp_209050	0.0170728484722699
Smp_210070	0.00910494588452918
Smp_210080	0.012140124866935
Smp_210090	0.0220974394981518
Smp_210120	0.0938468359930063
Smp_210130	0.00965748417225287
Smp_210150	0.00584305562308961
Smp_210160	0.0338770456693103
Smp_210170	0.0113963230337254
Smp_210180	0.0510527517284139
Smp_210200	0.0199434113035366
Smp_210250	0.0133983180946022
Smp_210280	0.0361146646338682
Smp_210300	0.0504139637378599
Smp_210310	0.0227270107661626
Smp_210320	0.0240548048069949
Smp_210330	0.0140244581567966
Smp_210340	0.00409483280370187
Smp_210370	0.00934319835605383
Smp_210380	0.0205175256490608
Smp_210390	0.121247995707035
Smp_210400	0.0140902014707505
Smp_210420	0.0123262962042781
Smp_210430	0.0112299052228566
Smp_210440	0.00558798024460125
Smp_210450	0.00806933881550747
Smp_210470	0.00545907366122239
Smp_210480	0.0194028273334808
Smp_210500	0.0193470594129581
Smp_210510	0.0353179406774585
Smp_210520	0.00415114562583864
Smp_210530	0.00903359021003717
Smp_210540	0.0255525868886328
Smp_210550	0.011342144825856
Smp_210570	0.00995612616848005
Smp_210580	0.0229159023453194
Smp_210630	0.0315207114333103
Smp_210650	0.0456208505994565
Smp_210660	0.0145037365838421
Smp_210670	0.00993648153874504
Smp_210680	0.00937201582000727
Smp_210720	0.0224927540085946
Smp_210740	0.00869639944040001
Smp_210750	0.0225300358498621
Smp_210770	0.00150593581487563
Smp_210780	0.00700772853725936
Smp_210790	0.00794501481918159
Smp_210800	0.308183138007655
Smp_210810	0.00316069353906623
Smp_210820	0.0390716038530295
Smp_210830	0.0597686848764984
Smp_210860	0.0233358832901629
Smp_210890	0.0143846422879825
Smp_210900	0.0248629501218116
Smp_210920	0.011649944648618
Smp_210930	0.0139462406070239
Smp_210940	0.0223325917888388
Smp_210950	0.0152257120932599
Smp_210960	0.0454677052267612
Smp_210970	0.00755862679835938
Smp_210980	0.002714833878465
Smp_211020	0.0830708020683215
Smp_211030	0.0105510963690517
Smp_211040	0.0106404422586503
Smp_211050	0.00450848450189093
Smp_211060	0.00751323169801455
Smp_211070	0.00377502513131226
Smp_211080	0.00672661899061355
Smp_211100	0.0056601091164718
Smp_211120	0.00534396342342264
Smp_211130	0.00656759001271378
Smp_211140	0.0463016763568176
Smp_211150	0.0331415910158327
Smp_211160	0.0482710419910691
Smp_211170	0.00765029996386994
Smp_211190	0.00904681734557153
Smp_211200	0.00494793152979581
Smp_211250	0.0529326574358213
Smp_211260	0.00501834620456623
Smp_211270	0.00940481961369141
Smp_211280	0.0046899258342218
Smp_211300	0.00450687027486443
Smp_211320	0.00444776299360015
Smp_211330	0.00412095902196935
Smp_212030	0.0276032731032026
Smp_212060	0.00534858876467195
Smp_212080	0.0240917009472767
Smp_212140	0.00522565260924544
Smp_212180	0.170525183433398
Smp_212190	0.00741436538695945
Smp_212200	0.0242501805381782
Smp_212230	0.0179044274966335
Smp_212240	0.0667755547228897
Smp_212250	0.0584520413741643
Smp_212260	0.0189228793617619
Smp_212300	0.031856535680039
Smp_212310	0.020785196375315
Smp_212340	0.00593133641229551
Smp_212350	0.0514331526257234
Smp_212360	0.0204949178412099
Smp_212380	0.0138589582576989
Smp_212390	0.0269739085758112
Smp_212410	0.0303423625237812
Smp_212490	0.029827906382811
Smp_212540	0.00444514395784915
Smp_212560	0.0268240507682076
Smp_212600	0.0186005233945346
Smp_212710	0.0300990582774058
Smp_212720	0.116899179497576
Smp_212730	0.0092424355536505
Smp_212740	0.012010100943293
Smp_212750	0.0479886875919458
Smp_212760	0.0461122452240197
Smp_212780	0.0197812794140189
Smp_212830	0.00803524762546642
Smp_212840	0.0431086734998099
Smp_212850	0.0203173143548364
Smp_212860	0.02250777369423
Smp_212870	0.0122234416925657
Smp_212880	0.0312590548628117
Smp_212890	0.0108459439839583
Smp_212900	0.00493787701129517
Smp_212910	0.0151057570415045
Smp_212920	0.0378853720573839
Smp_212930	0.0352637691703608
Smp_212940	0.0178548501250403
Smp_212960	0.00968652326284159
Smp_212970	0.0081780743518598
Smp_212990	0.00659333920513403
Smp_213000	0.0119389243339551
Smp_213010	0.00932460156287632
Smp_213020	0.0406435163533414
Smp_213030	0.00518084053062375
Smp_213040	0.0145423215373339
Smp_213050	0.00754122528817421
Smp_213060	0.0150928517693994
Smp_213070	0.00638130769417871
Smp_213080	0.00739603315451154
Smp_213100	0.00954760800474511
Smp_213110	0.0371283980232467
Smp_213120	0.00525686036230511
Smp_213130	0.0445677791551096
Smp_213145	0.0353004275680993
Smp_213150	0.00568974596963656
Smp_213160	0.0298446048696349
Smp_213170	0.0117496765647538
Smp_213180	0.0196828337090992
Smp_213190	0.0733533558918484
Smp_213200	0.0115499021431517
Smp_213210	0.0126773511827938
Smp_213220	0.0233738512323185
Smp_213230	0.0128481345595168
Smp_213240	0.0121631589931235
Smp_213250	0.004488827179353
Smp_213260	0.00364839890013991
Smp_213290	0.0222590654673636
Smp_213300	0.0145473279123655
Smp_213320	0.0114567044195968
Smp_213340	0.00756638850494542
Smp_213350	0.0190244582869124
Smp_213360	0.0607884098316507
Smp_213370	0.0429628371626942
Smp_213390	0.0155744791964341
Smp_213400	0.00453431066324341
Smp_213410	0.0518218954667869
Smp_213420	0.0555193224596379
Smp_213440	0.0233310950538452
Smp_213450	0.00987366604213852
Smp_213480	0.228098943957265
Smp_213490	0.00221159317257447
Smp_213500	0.0176281806661201
Smp_213510	0.00559870330466197
Smp_213520	0.00925479019286401
Smp_213530	0.0109185703540937
Smp_213550	0.00782876160161852
Smp_213560	0.00695010725030783
Smp_213570	0.0100101892680852
Smp_213590	0.0130779450301672
Smp_213600	0.0109627416893433
Smp_213610	0.0609153022007008
Smp_213620	0.0158033637004029
Smp_213630	0.00710195466807723
Smp_213640	0.0129500657557844
Smp_213650	0.0329636791739434
Smp_213670	0.0123481201940103
Smp_213680	0.0037806098202137
Smp_213690	0.0117127621971947
Smp_213700	0.0130930422337335
Smp_213710	0.00787813030176977
Smp_213720	0.00432284595056967
Smp_213730	0.00832200366184313
Smp_213740	0.0435506477333171
Smp_213750	0.0166939114140056
Smp_213760	0.00877111697975795
Smp_213780	0.0299596580505546
Smp_213790	0.00884364337043472
Smp_213800	0.0071568022776636
Smp_213810	0.00582239681353139
Smp_213840	27.9607162494461
Smp_213850	0.00838932744630875
Smp_213860	0.00919277628650443
Smp_213870	0.0328417490412099
Smp_213880	0.00916488381495154
Smp_213900	0.0457064590755171
Smp_213910	0.0571724354816659
Smp_213920	0.00476762112194617
Smp_213930	0.0159639367374401
Smp_213960	0.00893759915914647
Smp_213970	0.00399237206035763
Smp_213980	0.130046018519929
Smp_213990	0.0133336311566563
Smp_214000	0.0149911225889193
Smp_214020	0.0174186575028974
Smp_214030	0.0207729140009197
Smp_214040	0.0148242733578242
Smp_214050	0.0075943798176388
Smp_214060	0.0106593758425217
Smp_214070	0.056259019788956
Smp_214080	0.00576019014845664
Smp_214090	0.0085448290467662
Smp_214100	0.0039088882652899
Smp_214110	0.0365914228948312
Smp_214120	0.00759290663584622
Smp_214130	0.0220287354896697
Smp_214140	0.00341469290428589
Smp_214170	0.0149541423239387
Smp_214180	0.0287058158395531
Smp_214190	0.018603098476605
Smp_214200	0.0374050074877543
Smp_214210	0.0481287695238402
Smp_214240	0.011412997356376
Smp_214260	0.0628294345832446
Smp_214290	0.009029787677568
Smp_214320	0.366192703350395
Smp_214350	0.00393578570068215
Smp_214370	0.0537237918591368
Smp_214380	0.0388282859887732
Smp_214390	0.254716943586183
Smp_241400	0.0108126875836055
Smp_241410	0.00978155726734651
Smp_241420	0.00641170522731488
Smp_241430	0.164714891908423
Smp_241440	0.395444640057606
Smp_241450	0.0390660576923118
Smp_241460	0.00949504692467806
Smp_241470	0.0705314337335343
Smp_241480	0.083631429793519
Smp_241490	0.0497015610674845
Smp_241500	0.0239261440460896
Smp_241510	0.0488232829692264
Smp_241570	0.00634942813666668
Smp_241580	0.0168038375382201
Smp_241610	0.894263352026659
Smp_241620	0.604393736510158
Smp_241750	0.00792398693898963
Smp_241840	0.0130882626840489
Smp_241860	0.0152355807223046
Smp_241950	0.120843464054811
Smp_241960	0.0219717495540118
Smp_241980	0.054270996744563
Smp_241990	0.0319659084194901
Smp_242050	2.46581282452877
Smp_242060	0.00753582459852986
Smp_242110	0.0151706152505691
Smp_242120	0.0126942449091582
Smp_242130	0.0287798497773528
Smp_242140	0.0132139906535358
Smp_242200	0.0596884095355683
Smp_242220	0.00518999771138967
Smp_242230	0.00755811052345975
Smp_242240	0.0327358369058912
Smp_242350	0.018151171483373
Smp_242360	0.00361082287329453
Smp_242400	0.00703349025986403
Smp_242430	0.0089977930976921
Smp_242440	0.0654508954504893
Smp_242450	0.0471191507453384
Smp_242500	0.0245136720977207
Smp_242530	0.0247158198770011
Smp_242540	0.0502935196499666
Smp_242630	0.00779924787987458
Smp_242670	0.0293344854731237
Smp_242680	0.00735195076474664
Smp_242690	0.0146983066043636
Smp_242740	0.0357529088076792
Smp_242800	0.0201122001485745
Smp_242830	0.00980369374126838
Smp_242850	0.820823361116462
Smp_242860	0.00664154611088861
Smp_242890	0.0431928770346814
Smp_242910	0.0662664052163846
Smp_242930	0.0101445266852881
Smp_242960	0.13099218699065
Smp_243000	0.0177751582708228
Smp_243040	0.0345379537589587
Smp_243060	0.183483786995267
Smp_243140	0.0163058504259169
Smp_243150	0.0307804908555822
Smp_243170	0.0196333999018384
Smp_243180	0.00962457496439875
Smp_243200	0.00158201853592983
Smp_243210	0.0638292914023362
Smp_243300	0.0117163975121367
Smp_243500	11.5057037844974
Smp_243630	0.00885759319231887
Smp_243660	0.0275467854167277
Smp_243670	0.00684193056110997
Smp_243680	0.00621576149522296
Smp_243690	0.0924633463204295
Smp_243700	0.0860230626193265
Smp_243720	0.0133051447782751
Smp_243730	0.0816620143541561
Smp_243740	0.105179506342414
Smp_243750	0.0807722695456076
Smp_243760	0.080238916982345
Smp_243770	0.066172704963454
Smp_243780	0.261312672253295
Smp_243790	0.274314930811103
Smp_243800	0.0274979229685971
Smp_243810	0.258659378820545
Smp_243820	1.05352322382586
Smp_243830	0.0862492745361077
Smp_243840	0.0217812168638533
Smp_243850	0.0375197371878595
Smp_243870	0.00527536850347703
Smp_243900	0.0631682064364081
Smp_243910	0.00410889149926232
Smp_243920	0.146073992649613
Smp_243930	0.03007585900509
Smp_243950	0.0292569551675259
Smp_243960	0.0178089698956116
Smp_243970	0.0211875974971483
Smp_244000	0.032018117740151
Smp_244010	0.0166750341777625
Smp_244020	0.0290135185194361
Smp_244030	0.0403486787965123
Smp_244040	0.0423609616337939
Smp_244070	0.0186815360471763
Smp_244080	0.0473700774728697
Smp_244090	0.0457530448783196
Smp_244100	0.0189949954797022
Smp_244110	0.0250928590574143
Smp_244130	0.0107209665663975
Smp_244150	0.0469090073278439
Smp_244160	0.0652504149869062
Smp_244170	0.0394295203810964
Smp_244190	0.0379396373421363
Smp_244200	0.004340652708462
Smp_244210	0.0194203795425737
Smp_244220	0.00742302256759366
Smp_244230	0.0325896533645534
Smp_244240	0.0213832810573328
Smp_244250	0.0461436038972251
Smp_244280	0.00710978568833997
Smp_244300	0.132128274492066
Smp_244310	0.037287901197411
Smp_244320	0.0621675585372098
Smp_244340	0.0370791750587865
Smp_244350	0.0463820681276118
Smp_244360	0.0704255772201426
Smp_244365	0.0576216861012309
Smp_244370	0.0734295219063628
Smp_244380	0.0295695150072453
Smp_244390	0.0973911113603602
Smp_244400	0.0346507841485295
Smp_244420	0.0492870519690723
Smp_244430	0.0323241017914293
Smp_244440	0.0231818718907457
Smp_244460	0.0046686711008014
Smp_244470	0.042013471190191
Smp_244480	0.0343050914547185
Smp_244490	0.0278811812084317
Smp_244510	0.0463018149011449
Smp_244530	0.0209885199682638
Smp_244560	0.106449006971803
Smp_244570	0.0234904197420966
Smp_244580	0.0187800087603184
Smp_244610	0.0267170645965785
Smp_244620	0.019745162690398
Smp_244630	0.0616029510497335
Smp_244640	0.0888019904898801
Smp_244650	0.0931797022749689
Smp_244670	0.021098260608955
Smp_244680	0.00688939822403097
Smp_244690	0.0153670944472589
Smp_244700	0.0519551920170403
Smp_244710	0.0148488207328047
Smp_244750	0.0197351303803635
Smp_244780	0.00968893755933298
Smp_244790	0.0149147089461281
Smp_244800	0.00874464270881552
Smp_244810	0.20001148831102
Smp_244820	0.0896483325065057
Smp_244830	0.00713920833696894
Smp_244840	0.021815157439864
Smp_244860	0.0596560773559453
Smp_244880	0.117152126321407
Smp_244890	0.120470454533015
Smp_244900	0.0156342433650829
Smp_244920	0.0373459602058011
Smp_244940	0.0340975089513516
Smp_244950	0.0149277425503969
Smp_244960	0.0691750018956518
Smp_244970	0.0991255003350021
Smp_244980	0.0322181373869592
Smp_245000	0.0147512522831433
Smp_245010	0.0258940746239189
Smp_245030	0.0305472599298399
Smp_245040	0.0496874925392296
Smp_245050	0.00621931365672999
Smp_245060	0.0440174050075118
Smp_245090	0.0473474865733977
Smp_245100	0.0255942234727769
Smp_245110	0.0163865697659083
Smp_245120	0.0684449853963039
Smp_245140	0.121383672402857
Smp_245150	0.0753991922149138
Smp_245160	0.0422414560592833
Smp_245170	0.0467697144646387
Smp_245200	0.0104760953022178
Smp_245220	0.0385363409421142
Smp_245230	0.0351284373283211
Smp_245240	0.0694252480401601
Smp_245250	0.0255828379401193
Smp_245260	0.0265926662947194
Smp_245280	0.0383463643625352
Smp_245290	0.0280737763092308
Smp_245300	0.0170480583643492
Smp_245310	0.0508900094093414
Smp_245320	0.0222507485565355
Smp_245330	0.190328126442353
Smp_245350	0.0325568439817537
Smp_245360	0.0108999639040736
Smp_245370	0.0131651096318401
Smp_245380	0.023365315460027
Smp_245400	0.00759692595574492
Smp_245420	0.0197093747240802
Smp_245450	0.00260324482658941
Smp_245470	0.0312646059169613
Smp_245480	0.0203804546205427
Smp_245490	0.01077582752786
Smp_245510	0.0231660202519209
Smp_245520	0.0402213766812655
Smp_245530	0.0450733614521275
Smp_245540	0.0167691784275533
Smp_245550	0.0754404583428451
Smp_245560	0.0288604622596587
Smp_245570	0.176805926790416
Smp_245580	0.0359978936186075
Smp_245590	0.0580488628420674
Smp_245600	0.0423512832824126
Smp_245610	0.0634500912394526
Smp_245630	0.0183308539398956
Smp_245660	0.0377356501351164
Smp_245670	0.0351680532239338
Smp_245680	0.0237570756413856
Smp_245690	0.0683581756006246
Smp_245710	0.0176586324121574
Smp_245720	0.12737466300312
Smp_245730	0.0105100054863983
Smp_245740	0.0294674362445633
Smp_245750	0.0318049068630021
Smp_245770	0.018249989590382
Smp_245780	0.0673377530876009
Smp_245790	0.0204608849313476
Smp_245800	0.0299858683039941
Smp_245810	0.125434697776464
Smp_245815	0.0559544249125587
Smp_245820	0.0546189498004446
Smp_245830	0.0354017352325535
Smp_245840	0.0489935131315204
Smp_245850	0.0510367016605686
Smp_245860	0.00765024414293233
Smp_245870	0.0120041238616442
Smp_245890	0.0297980906991082
Smp_245900	0.0146732455518275
Smp_245910	0.00325254459897074
Smp_245920	0.00599226449529812
Smp_245940	0.119268228253188
Smp_245950	0.0119413878828419
Smp_245960	0.0160442000553867
Smp_245970	0.0264043885972448
Smp_245980	0.0867868212707917
Smp_245990	0.0526811875701721
Smp_246000	0.028251489892023
Smp_246010	0.0153075260294886
Smp_246020	0.0282423219216138
Smp_246030	0.0570436371193237
Smp_246040	0.0432380243567207
Smp_246050	0.0086859790890863
Smp_246060	0.0232981560281245
Smp_246100	0.211683073100286
Smp_246110	0.0126580661763118
Smp_246130	0.209994372558151
Smp_246140	0.00651977009982901
Smp_246150	0.0503422812792322
Smp_246160	0.0260977871401086
Smp_246230	0.00777979252277955
Smp_246240	0.0986061863959235
Smp_246260	0.00450075408720556
Smp_246270	0.103498017148357
Smp_246290	0.0280083807730105
Smp_246300	0.00702775318562187
Smp_246330	0.0367454461237807
Smp_246340	0.0278561697994495
Smp_246350	0.117288702968671
Smp_246360	0.00867332579885733
Smp_246380	0.0302978867400987
Smp_246400	0.0836347440461422
Smp_246410	0.0311359508650584
Smp_246430	0.0254227587299996
Smp_246440	0.0132094125822753
Smp_246450	0.0108988804294802
Smp_246460	0.0200213819661574
Smp_246470	0.0025822138674062
Smp_246500	0.0767614775758646
Smp_246510	0.0231328924467488
Smp_246520	0.0135991325155609
Smp_246530	0.00451542331495521
Smp_246540	0.0534393357241396
Smp_246550	0.0182012385906571
Smp_246560	0.0222827763874627
Smp_246570	0.024711719536852
Smp_246600	0.0379231685494671
Smp_246610	0.0354736926871814
Smp_246620	0.0559141610855099
Smp_246630	0.0490468254018709
Smp_246650	0.0339562968108847
Smp_246660	0.199916899979599
Smp_246670	0.0339449813704719
Smp_246680	0.0125483330584235
Smp_246690	0.017541995517359
Smp_246700	0.0310743897664651
Smp_246710	0.00569806797830547
Smp_246770	1.08259378343642
Smp_246790	0.0416854624736657
Smp_246800	0.0412036492679382
Smp_246820	0.403848566511847
Smp_246840	0.0175535752642351
Smp_246850	0.65861294783756
Smp_246870	0.0190378260635665
Smp_246880	0.0124746069395804
Smp_246890	0.0354343581632807
Smp_246900	0.0140809212246513
Smp_246920	0.0109487692635917
Smp_246940	0.0194246969304052
Smp_246950	0.0289286982401883
Smp_246970	0.0234808082886749
Smp_246990	0.018834427329968
Smp_247020	0.0143591572935881
Smp_247030	0.0293230802739449
Smp_247070	0.819156243285745
Smp_247080	0.316525094359277
Smp_247150	0.0162716582356222
Smp_247160	0.00767191413401607
Smp_247170	0.0236584527684336
Smp_247180	0.0297126264162991
Smp_247190	0.0152870193226441
Smp_247200	0.0186225501272009
Smp_247210	0.103848155094719
Smp_247220	0.0312780742809748
Smp_247230	0.0102845386814952
Smp_247240	0.00835063834865225
Smp_247250	0.00280879381426468
Smp_247260	0.0450528721928803
Smp_247270	0.00465118362929655
Smp_247280	0.0659647089659513
Smp_247290	0.0478313117418222
Smp_247300	4.22610755067658
Smp_247310	0.0476687288029042
Smp_247320	0.050637650101589
Smp_247330	0.0349552844836791
Smp_247350	0.523059097026279
Smp_247360	0.0444008882851796
Smp_247370	0.0258597421434782
Smp_247380	0.017086890065445
Smp_247390	0.0180904958372088
Smp_247400	0.0265396767244479
Smp_247410	0.0272148048904395
Smp_247420	0.00668327814809141
Smp_247430	0.0441499132551924
Smp_247440	0.0392820295596244
Smp_247450	0.00692184725009522
Smp_247460	0.0409822986148307
Smp_247470	0.0217407066421284
Smp_247480	0.023816890506033
Smp_247520	0.00844584064211985
Smp_247530	0.0350197634122098
Smp_247540	0.0106652906712698
Smp_247560	0.0170526100742528
Smp_247570	0.0101379537343733
Smp_247580	0.0429494392297195
Smp_247590	0.0501076356721109
Smp_247600	0.0387685257678756
Smp_247620	0.0637723151227887
Smp_247630	0.0109114184161872
Smp_247640	0.00609617994400216
Smp_247650	0.00266908852309381
Smp_247660	28.3846593162418
Smp_247670	0.0135505882931184
Smp_247680	0.0139923698102113
Smp_247700	0.0424018605374903
Smp_247710	0.0158372711393696
Smp_247720	0.00339406649098922
Smp_247740	0.0204157987919431
Smp_247750	0.0348472678408417
Smp_247760	0.046270132556694
Smp_247770	0.0316524762264749
Smp_247780	0.0412008615487072
Smp_247790	0.0109318825775817
Smp_247800	0.30063969867561
Smp_247810	0.0415543332631212
Smp_247820	0.028458320027835
Smp_247830	0.043945207296072
Smp_247850	0.111156077177467
Smp_247860	0.149621223743436
Smp_247870	0.0194194437781298
Smp_247880	0.0112833564574346
Smp_247890	0.00263791093262683
Smp_247920	0.0738388780093396
Smp_247930	0.0447650529723423
Smp_247940	0.0520618291388205
Smp_247950	0.040782506462218
Smp_247980	0.0453737428005437
Smp_248000	0.0403427319016499
Smp_248010	0.00662154957114058
Smp_248020	0.0244319940379734
Smp_248030	0.00750042592736864
Smp_248070	0.0209584501992217
Smp_248080	0.0478511264335066
Smp_248090	0.203394957568043
Smp_248100	0.102272694035315
Smp_248110	0.00913739256162076
Smp_248120	0.0183790107963058
Smp_248130	0.0352614559204285
Smp_248140	0.00456334472673814
Smp_248150	0.455470888931172
Smp_248160	0.033750499956704
Smp_248170	0.0238923273261609
Smp_248180	0.00728514254474767
Smp_248190	0.011835807836824
Smp_248200	0.0463008276084097
Smp_266720	0.0397685837782094
Smp_266740	0.0250323112802646
Smp_266750	0.0550626861166494
Smp_266760	0.0310198153880399
Smp_266770	0.050868692226187
Smp_266790	0.0170384734317693
Smp_266800	0.0176849111214225
Smp_266810	0.0156896816119221
Smp_266820	0.043764162107821
Smp_266830	0.0560748311502038
Smp_266840	0.0289651807855675
Smp_266850	0.00485334886990122
Smp_266870	0.00470623150787848
Smp_266890	0.0249817936385612
Smp_266900	0.0215656494985709
Smp_266920	0.0272497319413302
Smp_266930	0.00449312331879861
Smp_266940	0.0776049900833929
Smp_266960	0.0692690931114389
Smp_266980	0.0121930747612427
Smp_267000	0.0116562468398508
Smp_267010	0.0185249969374885
Smp_267020	0.00399526014109816
Smp_267040	0.015628817902925
Smp_267060	0.00477413309040795
Smp_267070	0.0301323921739761
Smp_267080	0.0493628261522139
Smp_267090	0.0225348896810975
Smp_267100	0.00831768661998811
Smp_267110	0.0128319664757148
Smp_267120	0.00605939358480892
Smp_267130	0.0109226183992698
Smp_267140	0.00561060404748742
Smp_267170	0.00677078875480171
Smp_267180	0.0226962577337526
Smp_267190	0.0109053189768308
Smp_267210	0.0374871534420262
Smp_267220	0.0253933626641572
Smp_267230	0.0328712701643619
Smp_267240	0.0153739640293193
Smp_267250	0.0108998650959076
Smp_267270	0.037345749641173
Smp_267280	0.00961399451344007
Smp_267300	0.00640395498336129
Smp_267310	0.00242364981075549
Smp_267320	0.0422291273862874
Smp_300070	0.0852872357365346
Smp_300080	0.0678437812019094
Smp_300090	0.0373094508340182
Smp_300150	0.0457741963249517
Smp_300200	0.0127300948670936
Smp_300210	0.0632710802336805
Smp_300220	0.0101632383566113
Smp_300310	0.0619804520191983
Smp_300370	60
Smp_300380	0.0254641742127827
Smp_300390	0.0587098373159118
Smp_300410	0.1683183003533
Smp_300490	0.0148360654713068
Smp_300500	0.0356341938791792
Smp_300560	0.0272795009052978
Smp_300570	0.0133144645827304
Smp_300580	0.0449522362375094
Smp_300710	0.343042918275262
Smp_300720	0.0682178835185862
Smp_300770	0.031961999083694
Smp_300790	0.170730453132941
Smp_300810	0.0130549688147161
Smp_300840	0.0678515835283497
Smp_300910	0.00931523381186362
Smp_300940	0.040356216635308
Smp_300990	0.0266910557226383
Smp_301040	0.00746948196584568
Smp_301050	0.0186839832843915
Smp_301160	0.0171972014212944
Smp_301170	0.0243846152671307
Smp_301250	0.00380301064633818
Smp_301260	0.00994590672779637
Smp_301330	0.311429467330677
Smp_301340	0.12478655170827
Smp_301420	0.027645015288485
Smp_301430	0.0640528879107456
Smp_301530	0.0181784755547929
Smp_301550	0.585485655532466
Smp_301570	0.0168667164059853
Smp_301610	0.142498511346486
Smp_301620	0.0202655308412846
Smp_301660	0.0243043812753218
Smp_301670	0.0105845082935953
Smp_301730	0.0180534707456269
Smp_301740	0.0310301134580357
Smp_301780	0.0334855475681009
Smp_301790	60
Smp_301800	0.045033484398265
Smp_301990	0.065157229938179
Smp_302020	0.0418551797891547
Smp_302030	0.040279070186179
Smp_302040	0.0436803449282492
Smp_302090	0.0152020268017761
Smp_302140	0.083075823848821
Smp_302170	0.392732106366769
Smp_302180	4.69481485693029
Smp_302230	0.0226604651131562
Smp_302270	0.225654154535334
Smp_302280	60
Smp_302290	0.040712052039553
Smp_302300	0.862949987807294
Smp_302310	0.376096645512868
Smp_302320	0.129094547128631
Smp_302330	0.00616418489283718
Smp_302350	4.10919046921278
Smp_302360	0.0398267269150368
Smp_302370	0.168465968688961
Smp_302410	0.0422589270159326
Smp_302450	0.0212911690710029
Smp_302460	0.0549079076876085
Smp_302470	0.0229605965255711
Smp_302480	0.348725597996807
Smp_302650	0.016584225687267
Smp_302740	0.0164563219196872
Smp_302800	0.0395986324505715
Smp_302830	0.594441917435176
Smp_302850	0.0273179691406447
Smp_302860	0.0220493285696682
Smp_302870	0.319426122154793
Smp_302880	0.0349025859145843
Smp_302910	0.044112761109518
Smp_302920	0.0102918453274632
Smp_302930	0.0329583397609973
Smp_302950	0.0265042989996532
Smp_302970	0.0247913908684186
Smp_302980	0.430038995268522
Smp_302990	0.0561210244679665
Smp_303000	0.0455703992079929
Smp_303010	0.0816477418559974
Smp_303070	60
Smp_303120	0.0294917704917202
Smp_303270	0.0971039437056609
Smp_303280	23.8988005334109
Smp_303290	0.131183723849981
Smp_303300	0.027137150058461
Smp_303310	0.0872410685393631
Smp_303320	0.0782161840995479
Smp_303330	0.0983193419002186
Smp_303350	4.6796158293227
Smp_303390	0.226146912747844
Smp_303400	3.16460777221924
Smp_303410	0.133333055128425
Smp_303420	0.105861248612441
Smp_303430	0.0348438146418231
Smp_303450	60
Smp_303540	0.821768675714824
Smp_303550	0.219861766653788
Smp_303760	0.130928691016154
Smp_303770	0.00872800562554809
Smp_303910	0.120944953262314
Smp_303920	0.124498487919131
Smp_303940	0.0169061947122693
Smp_303970	0.0587542137187969
Smp_303980	0.0681178820424221
Smp_304030	0.0153466790859939
Smp_304040	0.76451967461712
Smp_304090	0.0443586384671633
Smp_304130	0.0244184403251881
Smp_304140	0.0537061848222727
Smp_304210	0.0713243369216014
Smp_304220	0.431472197159935
Smp_304250	0.0806352377335946
Smp_304260	0.0444506763570813
Smp_304320	0.0196953051325642
Smp_304360	0.0216170445504378
Smp_304370	0.029032622972909
Smp_304380	0.0196484803711537
Smp_304450	0.105585455961078
Smp_304460	0.00460109601245388
Smp_304500	0.017158265525721
Smp_304660	0.0206071759764725
Smp_304710	0.0332391505238729
Smp_304720	0.0421277956275402
Smp_304800	0.0115903955816012
Smp_304840	0.0155881328570829
Smp_304860	0.0854385349421435
Smp_304870	0.0290580913388915
Smp_304880	0.0412216918087058
Smp_304890	0.0162330550470356
Smp_304900	0.0217428622521517
Smp_304910	0.0159466070341882
Smp_304960	0.00605490673111249
Smp_304980	0.018622450098579
Smp_305030	0.0337627464193165
Smp_305050	0.14625573428809
Smp_305060	0.0472143827635044
Smp_305070	0.0135880770250989
Smp_305100	0.0329947237206734
Smp_305110	0.19205951000185
Smp_305120	0.0102155603020852
Smp_305130	0.0969141099428151
Smp_305200	0.510952786057423
Smp_305210	0.00373812540830668
Smp_305220	0.0310864068866981
Smp_305350	0.0523798580107288
Smp_305400	0.0267745839570848
Smp_305430	0.0671704384733929
Smp_305460	0.0568604143822085
Smp_305490	0.0582542142981036
Smp_305550	0.00755331073513601
Smp_305560	0.00666829201839606
Smp_305590	0.106619658104522
Smp_305620	60
Smp_305690	0.00603246336239569
Smp_305720	0.0794378059044783
Smp_305730	0.11165881379689
Smp_305740	0.0147358083440703
Smp_305760	0.0283843952966595
Smp_305770	0.037851923936977
Smp_305800	0.184831208036234
Smp_305870	0.0860917968887685
Smp_305875	0.0461418621152484
Smp_305920	0.0556437972028622
Smp_306080	0.0350281691566858
Smp_306140	0.021524325886178
Smp_306180	0.12754133197369
Smp_306190	0.0645316063341909
Smp_306200	0.0263115819797869
Smp_306210	0.04540377078094
Smp_306230	0.00886381435810939
Smp_306240	0.0588443713948801
Smp_306270	0.0188627524101112
Smp_306290	0.0227216908130492
Smp_306300	0.0471248458580742
Smp_306320	0.131494559960608
Smp_306350	0.400467927971756
Smp_306360	0.00565032597383978
Smp_306370	0.00705238456460961
Smp_306440	0.0108657702264942
Smp_306450	0.0207327563976368
Smp_306580	0.0280460553368855
Smp_306600	0.0313717515049714
Smp_306610	0.52941759026343
Smp_306630	0.00948791186293808
Smp_306640	0.00391541896516371
Smp_306680	2.91218189189964
Smp_306690	10.5182767969148
Smp_306710	0.0110567763062386
Smp_306720	60
Smp_306730	0.0128874976013436
Smp_306740	0.0514189744881401
Smp_306750	0.0394407937895887
Smp_306800	0.0568543135837506
Smp_306810	0.00888516795847644
Smp_306840	0.309688580776929
Smp_306850	0.660073616812757
Smp_306910	0.0236574356646391
Smp_306920	0.401890037740928
Smp_306930	0.62941030616241
Smp_306960	0.168504705819244
Smp_306970	0.427586349627306
Smp_306980	0.0621673989755854
Smp_306990	0.0864294227626331
Smp_307000	0.0559528915608029
Smp_307010	0.0445148800728933
Smp_307020	0.0447564193485821
Smp_307060	0.0191186411781876
Smp_307070	0.0449186210895074
Smp_307080	0.00570786731227515
Smp_307090	0.0286113538299442
Smp_307170	0.0359663372527472
Smp_307210	0.192499801565952
Smp_307220	0.0584818458212826
Smp_307240	0.0506652873301535
Smp_307260	0.0353447599601268
Smp_307270	0.00962545293744526
Smp_307330	0.0361451336166001
Smp_307600	0.0342653674566137
Smp_307650	0.0737685003782949
Smp_307730	0.0149318924996068
Smp_307780	0.0356677915363661
Smp_307800	0.022634807097519
Smp_307810	0.0208890292990222
Smp_307840	0.0564087668074649
Smp_307880	0.036400687188835
Smp_307900	0.324375388551517
Smp_307950	0.00348528220949561
Smp_307960	0.0144380872191479
Smp_308030	0.925051635159542
Smp_308040	2.70463362546785
Smp_308060	0.0397774574882934
Smp_308100	0.0177433041230965
Smp_308110	0.0260491314460288
Smp_308140	0.0545115489094613
Smp_308145	0.0788205857852083
Smp_308260	0.073989440741839
Smp_308270	0.0135960323779142
Smp_308310	0.908679273092297
Smp_308350	0.0111292457887337
Smp_308360	0.0254346681397893
Smp_308370	0.0125745817594871
Smp_308420	0.0189186360923809
Smp_308440	0.0244755380768738
Smp_308470	0.112229061765371
Smp_308490	0.0607394060527143
Smp_308550	0.00975354854374213
Smp_308590	1.30872447609535
Smp_308600	0.0298328240825585
Smp_308630	0.00991270244484942
Smp_308680	0.0148950606708429
Smp_308700	1.01279689201344
Smp_308820	0.0386332246291824
Smp_308830	0.0670410012283367
Smp_308910	0.0680740718316663
Smp_308930	0.0171142430481108
Smp_308940	0.020121106580417
Smp_308980	0.028602979950848
Smp_309000	0.311438884563876
Smp_309090	0.871660340351161
Smp_309100	0.0224648995879762
Smp_309110	0.00463432978614563
Smp_309120	2.0254090206946
Smp_309140	0.536452335055736
Smp_309210	0.0156141399860452
Smp_309220	0.0176702356883939
Smp_309240	0.00707338418596647
Smp_309250	1.33207355200206
Smp_309350	0.0111473629247292
Smp_309355	0.0212380798809243
Smp_309360	0.0166646353376227
Smp_309430	0.00892812191468093
Smp_309480	0.333718369731849
Smp_309500	0.182182286548939
Smp_309510	0.130855420394264
Smp_309540	0.181519202541369
Smp_309590	0.0290127010029713
Smp_309610	0.00369644919591495
Smp_309660	0.0115882013855667
Smp_309670	0.362999578358114
Smp_309680	0.0106881072527017
Smp_309690	0.0279877210501971
Smp_309700	0.851114386680622
Smp_309710	0.00787583291215996
Smp_309720	0.05120315822637
Smp_309730	0.222987902910142
Smp_309740	0.154737767466908
Smp_309860	0.0139010870159478
Smp_309950	0.240974608499178
Smp_309960	0.244999403805676
Smp_309970	0.00511472790802069
Smp_309980	0.0345769712448915
Smp_309990	0.0295610400510348
Smp_310040	0.104990456527983
Smp_310050	0.139488474093953
Smp_310080	0.031914842704895
Smp_310090	0.0989081218395618
Smp_310140	0.00399254897613973
Smp_310150	46.4891178142985
Smp_310170	0.0557575392287179
Smp_310180	0.0147117178662068
Smp_310210	0.122618979850839
Smp_310230	0.119237905099055
Smp_310240	0.00703835059477287
Smp_310260	0.0510104898460914
Smp_310430	0.0882974301562764
Smp_310470	0.0276819979697444
Smp_310500	0.202296796840019
Smp_310510	0.118682859186568
Smp_310520	0.0319734008500707
Smp_310550	0.0339090133485217
Smp_310580	0.0870896412773156
Smp_310600	0.0876439297090991
Smp_310620	0.0200193144636227
Smp_310650	0.0595513982211019
Smp_310740	0.090650611496712
Smp_310750	0.131478353989349
Smp_310760	0.0725450364122236
Smp_310770	0.0406067629484483
Smp_310820	0.037696627138661
Smp_310830	0.0094564880694348
Smp_310870	0.0306544255098167
Smp_310880	0.0159402823841547
Smp_310920	0.0132912451678546
Smp_310930	0.0140402807767724
Smp_310950	0.585168346081765
Smp_310980	0.0132333220401362
Smp_311010	0.00412301753820583
Smp_311050	0.0165882208289722
Smp_311150	0.011459329557414
Smp_311170	0.0657858089391716
Smp_311200	0.425512732720989
Smp_311310	0.0896371797665571
Smp_311350	0.0105736081850418
Smp_311360	0.0524038581526644
Smp_311440	0.00974062836291643
Smp_311480	0.0814240462933471
Smp_311490	0.117751985458933
Smp_311520	0.0619917957932943
Smp_311580	2.45754574075978
Smp_311610	0.00909502215240709
Smp_311630	0.146638758382891
Smp_311640	0.172411975164765
Smp_311650	0.0200959404498671
Smp_311670	0.0506105909436717
Smp_311700	60
Smp_311770	0.0351638203812374
Smp_311780	0.00341491397017254
Smp_311790	0.285669905977927
Smp_311860	0.143785789666419
Smp_311870	0.231973660161759
Smp_311890	0.0463811148128208
Smp_311920	0.00552586957159185
Smp_311940	0.0174357746559266
Smp_311970	0.0178853660514618
Smp_311980	0.0342745888804445
Smp_312010	0.13428112400771
Smp_312140	1.53527174074183
Smp_312150	0.0234483788564266
Smp_312230	0.0250029872908105
Smp_312360	0.0118589621084888
Smp_312390	0.0122524696787526
Smp_312440	0.65925348018865
Smp_312450	0.619052893088097
Smp_312460	0.12637262714047
Smp_312560	0.0665240036102589
Smp_312580	0.179404292634567
Smp_312610	0.0253022296833643
Smp_312620	0.73175557659949
Smp_312630	0.0408422997773212
Smp_312640	0.0922719754516449
Smp_312650	6.84257587021584
Smp_312660	0.00441334733889773
Smp_312720	0.00217805247039246
Smp_312730	0.0707437296517876
Smp_312760	0.00717494502595104
Smp_312770	0.00617005404062736
Smp_312820	0.017114371569456
Smp_312850	0.0444024533994164
Smp_312860	17.1695786097367
Smp_312870	0.0121600193600712
Smp_312880	0.00990818516707685
Smp_312900	0.17304410018758
Smp_312910	0.0208064368775996
Smp_312920	0.0134219523074331
Smp_312950	0.138770264604602
Smp_312990	0.0387830929856438
Smp_313100	0.386377762399431
Smp_313110	0.0776701507046613
Smp_313210	0.0323372862303101
Smp_313310	0.0718598751091867
Smp_313320	0.0317700480585626
Smp_313330	0.082172745099685
Smp_313440	0.134308508808014
Smp_313450	0.0161459056996278
Smp_313480	6.06804498903316
Smp_313490	0.0553333995490103
Smp_313530	0.053636188563777
Smp_313540	0.145509721467426
Smp_313560	0.0263867464019285
Smp_313630	0.0776053060723906
Smp_313640	0.0114226208141348
Smp_313730	0.0588509544413822
Smp_313750	0.0202871048336263
Smp_313760	0.126833761386911
Smp_313810	0.00214379725063981
Smp_313820	2.80219392147622
Smp_313830	0.0685745777864981
Smp_313840	0.116026483231403
Smp_313980	0.053992360430825
Smp_313990	0.0499679173751028
Smp_314000	2.10637362912432
Smp_314010	1.41232916551206
Smp_314020	0.171328800958976
Smp_314030	19.7593417352732
Smp_314170	0.0532662878612896
Smp_314200	0.035368217116029
Smp_314210	0.0680230519642114
Smp_314220	0.0120679982538674
Smp_314240	0.0363439767552419
Smp_314250	0.489662167975933
Smp_314280	0.0403912280438288
Smp_314290	0.410890295628452
Smp_314310	0.0112531504431643
Smp_314320	0.0190820670181762
Smp_314360	0.170187524664322
Smp_314500	0.0496214202578703
Smp_314620	0.0547806407281467
Smp_314630	0.0327078938332081
Smp_314640	0.673260809165257
Smp_314650	0.0238522242241465
Smp_314660	0.0636559619482042
Smp_314730	5.92577217878014
Smp_314740	0.0368998990236571
Smp_314750	0.0940276147781316
Smp_314790	0.0537020213082738
Smp_314800	0.177091886991113
Smp_314990	0.0305672323557486
Smp_315000	0.0533028718460163
Smp_315010	0.00906290301466837
Smp_315060	0.0899748864317331
Smp_315070	0.0474662024154493
Smp_315110	0.0404006415111745
Smp_315140	0.0879180390393135
Smp_315230	0.109907434343475
Smp_315360	0.0173069417200994
Smp_315420	0.0320260328474773
Smp_315480	0.0519770325684115
Smp_315490	0.00864922016941715
Smp_315500	0.0464464951936047
Smp_315510	0.188113874966353
Smp_315560	0.027325183189448
Smp_315570	0.0237083758820362
Smp_315580	0.00497713662137634
Smp_315600	0.0659518037670944
Smp_315610	0.0282402512581271
Smp_315650	0.054648840901235
Smp_315690	1.74791502933552
Smp_315700	0.0102899908610122
Smp_315710	0.0209211042865715
Smp_315720	0.154132924844908
Smp_315730	0.0672199461296177
Smp_315740	0.027915113891551
Smp_315750	0.0173272736551537
Smp_315760	0.0458380115158517
Smp_315770	0.0242143409417344
Smp_315780	0.0401341172880371
Smp_315790	0.0260521023317686
Smp_315800	0.0549596401983382
Smp_315810	0.0646122961256043
Smp_315820	0.0240657353076798
Smp_315830	0.0209326319565483
Smp_315840	0.0518679249673014
Smp_315850	0.0177381055385136
Smp_315860	0.190915024306999
Smp_315870	0.0173109024392087
Smp_315880	0.0448239448123633
Smp_315890	0.040429772733903
Smp_315900	0.0444983557881191
Smp_315910	0.00266460353950048
Smp_315980	0.905463443558188
Smp_315990	0.0250133271092512
Smp_316000	0.01897803971823
Smp_316020	0.154453973661523
Smp_316080	0.0378242999811642
Smp_316090	0.0123910165701275
Smp_316100	0.0178641389875898
Smp_316110	0.0140313620769656
Smp_316120	0.0253005182403376
Smp_316130	0.0678752323657514
Smp_316140	0.902630040679373
Smp_316150	7.36593822906277
Smp_316160	6.96731202393372
Smp_316170	2.89198207592629
Smp_316180	0.00614885345388107
Smp_316210	0.210728607225033
Smp_316220	0.200807798721627
Smp_316230	0.250684401312131
Smp_316240	0.164412252823041
Smp_316250	0.1783970957626
Smp_316270	0.0214720634073912
Smp_316320	0.073687676297803
Smp_316340	0.0428692567797115
Smp_316360	0.0481555673469001
Smp_316380	0.0457282819932991
Smp_316440	0.0068703786058213
Smp_316460	0.0267567564741319
Smp_316480	0.612709578828891
Smp_316490	0.0527998388029913
Smp_316530	0.057248236879748
Smp_316540	0.116324948150224
Smp_316550	0.475846239879077
Smp_316570	0.0483696586349923
Smp_316580	0.0410686631960477
Smp_316610	0.719633179252801
Smp_316620	0.0304862648601607
Smp_316630	0.0107960667063334
Smp_316640	0.0699649606331213
Smp_316660	0.0207027944724455
Smp_316680	0.0132251038004052
Smp_316690	0.0462033250414302
Smp_316700	0.018701558850088
Smp_316710	0.00253727866409712
Smp_316720	0.033063877121099
Smp_316730	0.00317883615253587
Smp_316780	0.080734598232102
Smp_316790	0.0896231033271028
Smp_316800	7.07158966051845
Smp_316810	0.0228575155868009
Smp_316850	1.47473851565241
Smp_316860	1.80692421146093
Smp_316910	0.0864574648360645
Smp_317020	0.0337815709000369
Smp_317040	0.0718655141070387
Smp_317060	0.0737631749997659
Smp_317070	4.55620201117969
Smp_317120	0.192623964882106
Smp_317130	0.0230751979388189
Smp_317140	1.32146657542321
Smp_317150	0.364300599551787
Smp_317160	9.4726526879464
Smp_317170	13.7575252910651
Smp_317210	0.00603974165374497
Smp_317220	0.0481838432345289
Smp_317230	0.110612039988082
Smp_317240	4.01570751391914
Smp_317250	0.146006886890808
Smp_317370	0.0412529461428851
Smp_317400	2.08043581786281
Smp_317420	0.0186551661182131
Smp_317430	0.137180838468088
Smp_317470	1.61470636973091
Smp_317480	0.0621689478208303
Smp_317490	0.319110161868353
Smp_317500	0.0363574545342502
Smp_317510	0.902621594960106
Smp_317540	0.04173634194651
Smp_317550	0.053741648310445
Smp_317560	0.0908322609566618
Smp_317580	0.0394152062426542
Smp_317590	10.1720325317327
Smp_317600	0.0368729804743568
Smp_317620	0.0472446507641242
Smp_317630	0.0750523182755419
Smp_317640	0.0219683723392206
Smp_317660	0.0362440979990905
Smp_317670	0.0877028183256291
Smp_317690	0.253895080606787
Smp_317700	8.53147446775765
Smp_317720	0.534404421824041
Smp_317730	0.394220703414785
Smp_317740	0.494313876516128
Smp_317750	0.340608572386905
Smp_317760	0.0244012976540108
Smp_317770	0.296344078859079
Smp_317800	0.0621646155552461
Smp_317810	60
Smp_317820	18.7790746247782
Smp_317840	0.307914319245405
Smp_317860	0.603316214376423
Smp_317970	3.08484714537929
Smp_317990	0.0509683138574232
Smp_318000	0.077776008424504
Smp_318010	0.00544721871234056
Smp_318030	41.6827751152055
Smp_318110	0.0346954019902344
Smp_318120	0.00913976778987687
Smp_318130	0.0794796965682842
Smp_318140	0.0753699236195872
Smp_318150	0.10988100830839
Smp_318160	0.042878380235153
Smp_318200	0.0310422822026775
Smp_318210	0.559470710262897
Smp_318240	0.20486905558683
Smp_318260	0.203730262149146
Smp_318280	0.0921219910280457
Smp_318290	6.76280845664458
Smp_318320	0.0249220733441749
Smp_318340	0.223101700278
Smp_318350	0.282536837822632
Smp_318470	0.0565929378767551
Smp_318480	0.0775011028005986
Smp_318490	24.3932508912062
Smp_318500	0.0127760546183113
Smp_318510	0.284787241728522
Smp_318640	0.576467064510298
Smp_318660	0.346274019648511
Smp_318680	0.177670348472086
Smp_318690	0.544966960622724
Smp_318800	0.0110073454586067
Smp_318850	0.00680766531330249
Smp_318880	0.0397275167249331
Smp_318890	0.118242814882469
Smp_318900	0.855074346206906
Smp_318910	0.0311558621217191
Smp_318920	0.0920051115796728
Smp_318950	0.674599895547185
Smp_318970	0.0357277335758365
Smp_318980	0.0247961681558603
Smp_319000	60
Smp_319010	0.0334740586870171
Smp_319020	0.230626925303833
Smp_319030	0.0382561156113022
Smp_319040	1.68570114624524
Smp_319050	0.0170440472229675
Smp_319060	0.0109424348781202
Smp_319070	0.030500861353149
Smp_319080	0.0515732176764424
Smp_319090	0.12914647497444
Smp_319100	0.0106270376922052
Smp_319110	0.029075496373645
Smp_319120	0.00930029462698671
Smp_319130	0.0222240379249478
Smp_319140	0.00716651700113303
Smp_319170	0.179567804852429
Smp_319200	0.371133726747725
Smp_319210	0.00401562797731057
Smp_319220	0.0440407409061526
Smp_319230	0.0159322000985543
Smp_319240	0.0275696560117736
Smp_319250	0.0794278416795755
Smp_319260	0.495895413904764
Smp_319270	0.122266263022603
Smp_319290	9.46085070330355
Smp_319310	0.158567658678093
Smp_319320	0.0648375219371194
Smp_319330	0.125662162663628
Smp_319340	0.0134153441718205
Smp_319370	0.0229215995002823
Smp_319390	1.23393639016041
Smp_319400	0.441909057253663
Smp_319410	0.726734466761348
Smp_319420	60
Smp_319430	60
Smp_319460	0.442883641219253
Smp_319480	0.122450339890236
Smp_319490	60
Smp_319500	0.0112263704469714
Smp_319520	0.0925756566553887
Smp_319540	0.0682101508798472
Smp_319550	2.46835200892585
Smp_319560	0.0655778338487225
Smp_319580	0.149083184332068
Smp_319590	1.11459256297689
Smp_319610	0.0526539192693196
Smp_319620	0.00586292521403411
Smp_319640	0.0922084668344926
Smp_319650	0.077924034655505
Smp_319660	0.0517996938264646
Smp_319680	24.7326461889851
Smp_319700	0.372008165667371
Smp_319720	0.330902498931499
Smp_319730	0.0283518103619839
Smp_319760	0.144618256084186
Smp_319770	0.45692563003054
Smp_319780	0.2336276903726
Smp_319790	0.0343486014880791
Smp_319810	0.0292811725493744
Smp_319860	0.0315035634690624
Smp_319870	0.110982941951156
Smp_319890	0.0614467700912003
Smp_319900	0.013734179202851
Smp_319910	0.0638270711460807
Smp_319920	6.42316606338792
Smp_319930	18.267148147248
Smp_319940	60
Smp_319950	0.0154871045566982
Smp_319960	0.0265247936423449
Smp_319970	5.00726551143199
Smp_320100	0.0948123393881973
Smp_320110	0.284521325036188
Smp_320120	0.0602715002861146
Smp_320200	0.142542019870658
Smp_320210	1.86165934101624
Smp_320230	0.0557850558737847
Smp_320240	0.0435346825542728
Smp_320260	0.788024806227527
Smp_320270	0.069237454971907
Smp_320280	0.0211681856245003
Smp_320300	0.799658170049831
Smp_320310	0.029260197325583
Smp_320320	0.0602718556183532
Smp_320330	0.0250215550579234
Smp_320340	0.0422528801223519
Smp_320350	11.362649404372
Smp_320360	0.348806048506382
Smp_320400	0.0293328211063547
Smp_320410	0.0598802447772068
Smp_320440	0.0223806617231622
Smp_320450	0.0864664448446388
Smp_320460	0.0836139775138401
Smp_320480	0.223083073001554
Smp_320490	0.298081096909388
Smp_320500	0.0438197885957472
Smp_320510	14.0441927584996
Smp_320530	0.0128882700411082
Smp_320540	0.0307591304616607
Smp_320670	0.779947854252922
Smp_320760	0.783523099624338
Smp_320810	0.725875025607236
Smp_320880	2.32055433291946
Smp_320890	0.0597529268803054
Smp_320940	0.575342640552913
Smp_321250	0.0219352599490846
Smp_321255	0.0204325390284559
Smp_321620	0.00973797895326436
Smp_321730	2.17707223297024
Smp_321740	0.0532700225958938
Smp_321760	0.0508321902328972
Smp_321770	0.0365059491856997
Smp_321780	0.0489385287931429
Smp_321790	0.299298084056079
Smp_321800	60
Smp_321830	0.0865065335129557
Smp_321840	0.0539937881568675
Smp_321850	0.0537689279812484
Smp_321860	0.0235472909782586
Smp_321880	2.65968258338865
Smp_321890	0.00328606929511842
Smp_321910	0.0471474708158394
Smp_321920	0.0295731261056482
Smp_321930	0.0184243181531781
Smp_321950	4.98991644779523
Smp_322000	0.0459956634605284
Smp_322040	0.045935831663869
Smp_322070	0.0582231574764161
Smp_322080	14.5524810299163
Smp_322100	0.131701700757166
Smp_322130	0.068359697931846
Smp_322150	0.10750513979513
Smp_322170	0.866185317544513
Smp_322190	0.0627948295408024
Smp_322210	0.160705107172799
Smp_322220	0.054421662493885
Smp_322230	0.167650247167898
Smp_322240	0.0528751911100472
Smp_322250	0.0538857373712448
Smp_322270	0.469733981119172
Smp_322280	0.06377023730759
Smp_322330	0.122830964700172
Smp_322340	0.275714780946102
Smp_322350	0.00602063803773454
Smp_322380	0.128955969711734
Smp_322410	0.0501736823076522
Smp_322430	0.248554797490036
Smp_322440	0.0115349302290749
Smp_322450	0.14662055908938
Smp_322460	0.0777855972607218
Smp_322480	0.0753650541112947
Smp_322500	0.0649738358049469
Smp_322560	0.0614017488902682
Smp_322570	0.0141700080521859
Smp_322580	0.050579533538288
Smp_322590	0.0339956072946358
Smp_322610	0.047641296402196
Smp_322640	8.18634110037743
Smp_322650	0.042984968076355
Smp_322680	1.83714167107336
Smp_322690	0.0170736415190282
Smp_322700	0.0125982218491167
Smp_322710	0.0499576436374538
Smp_322720	0.407297216362995
Smp_322730	0.0469561456715956
Smp_322770	0.159693939471516
Smp_322780	0.0172742672902442
Smp_322800	0.041253180587724
Smp_322810	0.0758253928901594
Smp_322820	0.0641604730938943
Smp_322830	0.341644280274491
Smp_322850	0.0566112316055958
Smp_322860	0.293914113941927
Smp_322870	0.563435795592991
Smp_322880	0.167341453815794
Smp_322890	0.00744982527185651
Smp_322900	0.0270483609659118
Smp_322910	0.0229249364145416
Smp_322920	0.774686006691455
Smp_322930	0.185884196949099
Smp_322940	0.0756803850148639
Smp_322950	0.0607910670924452
Smp_322970	0.015873788034807
Smp_322980	0.113429745297717
Smp_322990	0.0936834558279318
Smp_323010	0.117008171477874
Smp_323040	0.0394950547868335
Smp_323090	0.0309860948030247
Smp_323140	0.0607268613116342
Smp_323210	60
Smp_323230	1.55736734078198
Smp_323240	0.0221239982093677
Smp_323250	0.0515847954819195
Smp_323270	0.025511740626682
Smp_323280	0.100183813273427
Smp_323300	60
Smp_323320	11.3737683344405
Smp_323330	0.0183225872229374
Smp_323340	0.027677863469679
Smp_323350	60
Smp_323360	0.963632166328338
Smp_323370	0.339116861779228
Smp_323380	0.0124056252077071
Smp_323420	0.677076113136241
Smp_323430	0.0183912190639761
Smp_323440	0.334951488115728
Smp_323500	1.25163515583246
Smp_323510	0.548621307151789
Smp_323530	1.03399182288697
Smp_323540	0.0237253534256755
Smp_323560	0.020441659103109
Smp_323580	0.0498873357710537
Smp_323600	51.2744011544358
Smp_323640	0.177118254512151
Smp_323650	0.00431153294230043
Smp_323660	0.00971685637615181
Smp_323690	0.0374359199276437
Smp_323700	0.0327896852818721
Smp_323730	0.77423040933415
Smp_323740	0.034981224914793
Smp_323770	0.0393584478386931
Smp_323790	0.0994055383732229
Smp_323800	0.082834748615757
Smp_323810	0.054403059898681
Smp_323820	0.101596172117713
Smp_323830	0.00746472517511795
Smp_323870	0.107619249589052
Smp_323890	0.0191705211516588
Smp_323900	0.0684941436846454
Smp_323910	0.0322335228097783
Smp_323920	0.046143313851791
Smp_323960	1.45949612448351
Smp_323980	0.140204917189482
Smp_324050	0.0293886330419241
Smp_324060	7.35261519417371
Smp_324070	0.0200674734825165
Smp_324080	0.057752791721262
Smp_324090	0.0382836655964104
Smp_324100	0.0555478821769056
Smp_324110	2.68114454815252
Smp_324120	0.366646874791107
Smp_324130	1.02680297266412
Smp_324140	0.0728976193451289
Smp_324150	2.30046801965059
Smp_324180	0.369638256740297
Smp_324190	0.591864615123118
Smp_324200	0.0214104793963485
Smp_324210	0.15378026153022
Smp_324230	0.535356812452131
Smp_324240	0.173627156249488
Smp_324250	0.191522879176903
Smp_324260	0.0485221220159939
Smp_324270	0.0387386045781481
Smp_324280	0.104451839817524
Smp_324290	0.107700190132948
Smp_324300	0.0285008051090453
Smp_324310	0.210923663313759
Smp_324330	0.921362080034409
Smp_324340	60
Smp_324350	60
Smp_324360	0.607435364956179
Smp_324380	0.684931919785827
Smp_324400	0.152369588427378
Smp_324410	0.103319108492453
Smp_324420	0.159684232078915
Smp_324450	1.54366325045597
Smp_324630	0.0181718446243437
Smp_324700	0.428520016424334
Smp_324710	0.6340463238711
Smp_325490	0.390922946787678
Smp_325540	0.211312134739917
Smp_325550	10.3144313423141
Smp_325560	0.581810490111897
Smp_325570	0.395913809335919
Smp_325580	1.05731182856995
Smp_325610	0.0256951350696932
Smp_325620	3.9881519200308
Smp_325630	60
Smp_325640	0.0187290719904193
Smp_325650	0.0114251364820802
Smp_325670	0.0663021511331528
Smp_325680	0.117902829815871
Smp_325690	0.680336057784895
Smp_325700	0.699423377356869
Smp_325740	0.0147480549121506
Smp_325760	0.0269460014330556
Smp_325770	0.398004900880129
Smp_325790	0.0460362004771398
Smp_325820	0.0914713709454743
Smp_325900	0.292233151171262
Smp_325920	0.0438227982371056
Smp_325960	0.470463243595303
Smp_325970	0.43483053709672
Smp_325980	0.467921419527227
Smp_326000	35.0208349215819
Smp_326040	0.0604180078287416
Smp_326080	0.45432069264753
Smp_326090	0.0158619131882131
Smp_326120	0.116294724613921
Smp_326130	0.00997619875125406
Smp_326150	0.128533515105899
Smp_326160	0.0379736977581226
Smp_326170	5.80113054663058
Smp_326180	0.0603372679507325
Smp_326190	0.112306294390407
Smp_326230	60
Smp_326250	0.0399114672315931
Smp_326270	0.227778699002436
Smp_326360	0.138659625011592
Smp_326390	0.227531992548162
Smp_326400	0.00745710146270228
Smp_326410	0.0278712626891872
Smp_326430	0.0389541698518914
Smp_326440	0.0820505060697609
Smp_326450	60
Smp_326480	6.24234834781283
Smp_326490	1.49049957384736
Smp_326500	0.0243492345780874
Smp_326510	2.07270326593416
Smp_326520	0.0112211211505167
Smp_326530	1.29699141386748
Smp_326540	0.970705894243709
Smp_326550	1.17112190992965
Smp_326560	1.47719834014411
Smp_326570	0.386026424705271
Smp_326580	0.750491381163062
Smp_326610	1.35719626977238
Smp_326620	0.0356042110033214
Smp_326640	34.6945574734851
Smp_326650	37.4197903431861
Smp_326660	31.8881966210064
Smp_326670	0.0709380142922372
Smp_326690	0.62189194646377
Smp_326720	24.0504597196156
Smp_326730	0.473288997728913
Smp_326740	0.0491481356276362
Smp_326750	0.0458356412774105
Smp_326760	0.211320320730241
Smp_326770	0.0188045084035533
Smp_326790	0.0542386504972285
Smp_326800	0.211352476173313
Smp_326810	0.0672431822679384
Smp_327030	0.61020546501303
Smp_327040	0.207085255059663
Smp_327050	60
Smp_327200	0.998701778764452
Smp_327210	0.036612121564971
Smp_327220	0.417429074755728
Smp_327230	0.295477169988096
Smp_327240	0.0315027302204627
Smp_327260	0.0129163568494605
Smp_327270	0.04130918145228
Smp_327280	0.024638189484557
Smp_327300	10.9002550146745
Smp_327340	4.2836567056801
Smp_327360	0.547182706425244
Smp_327370	3.44611204682917
Smp_327400	0.0618394710597037
Smp_327410	0.105661131397795
Smp_327420	0.0220664349036616
Smp_327430	0.104891361408324
Smp_327480	0.00654162272047321
Smp_327500	0.0490967475432279
Smp_327510	0.0511976163509989
Smp_327520	1.45213324114266
Smp_327530	0.0953603463008865
Smp_327560	0.00828823905308214
Smp_327570	0.0686943683399862
Smp_327580	0.0227510191268656
Smp_327590	0.0619964444324341
Smp_327610	0.0467765133177471
Smp_327630	0.110573675383873
Smp_327640	0.0974186038232869
Smp_327680	0.0448431339663686
Smp_327720	0.238453647272013
Smp_327730	0.0542440826629129
Smp_327770	0.957456637997572
Smp_327780	0.538672465507203
Smp_327800	0.0888222381769788
Smp_327810	0.134413762089718
Smp_327860	0.140689287973751
Smp_327870	0.212588101093807
Smp_327890	0.0842790173504704
Smp_327910	0.187133355581706
Smp_327920	0.560468659372288
Smp_327930	0.0422671237200505
Smp_327950	0.0792198295693786
Smp_327960	0.0341046045511753
Smp_327970	0.0178874772782416
Smp_328000	0.0233484583363981
Smp_328010	0.414166010333234
Smp_328060	31.8916005720986
Smp_328070	0.0340277383897151
Smp_328080	0.0529949132996316
Smp_328090	0.0846877739184905
Smp_328110	0.0339689833444399
Smp_328120	0.0234252061834537
Smp_328140	0.199752873727284
Smp_328150	0.0152030413950247
Smp_328180	0.0170997554497296
Smp_328200	0.0331487818063202
Smp_328220	0.225232918906302
Smp_328230	0.00379395875793627
Smp_328240	0.0425606481845418
Smp_328260	0.0254559066638069
Smp_328320	4.92713856014397
Smp_328330	0.057376588429378
Smp_328350	0.0385972675362874
Smp_328360	0.0533451142516439
Smp_328380	0.378134462937701
Smp_328390	0.562520651249866
Smp_328400	0.139198804952327
Smp_328410	0.0176537352950636
Smp_328430	0.277916239991181
Smp_328440	60
Smp_328460	0.209923244444101
Smp_328480	1.15308180094548
Smp_328490	60
Smp_328500	0.0526011682489695
Smp_328520	0.708250068153918
Smp_328530	0.026292053546291
Smp_328540	0.0143710288089716
Smp_328550	0.167723062462688
Smp_328570	0.264319445514024
Smp_328580	0.200866231191439
Smp_328590	0.584625870226415
Smp_328600	0.00386631528175282
Smp_328620	0.044638313535434
Smp_328630	0.172007386857613
Smp_328640	0.0489883307697644
Smp_328650	0.0655318903028641
Smp_328690	0.0225311334910796
Smp_328700	1.03373282786188
Smp_328710	0.0101542639249236
Smp_328730	0.0230204500835016
Smp_328750	0.181402180605419
Smp_328910	0.0629588152982055
Smp_328930	0.153991451512718
Smp_328940	0.626351065167109
Smp_328950	0.260713419500156
Smp_328980	0.0922438181005798
Smp_328990	0.266237926799282
Smp_329010	0.0536733266131276
Smp_329040	0.123980281615815
Smp_329050	0.937239882617132
Smp_329060	1.18989137068092
Smp_329090	0.0131138529531991
Smp_329100	0.0158345759068827
Smp_329110	0.168941439343774
Smp_329150	0.0528424814035731
Smp_329200	0.0875963069648838
Smp_329210	0.0545067462850026
Smp_329220	0.0711645356733078
Smp_329230	9.07800182854215
Smp_329250	0.0541758792995641
Smp_329260	0.27909559090764
Smp_329270	0.375991094652526
Smp_329280	0.218694898021654
Smp_329300	0.0542380306509982
Smp_329330	0.0423821225908735
Smp_329340	0.102996158671503
Smp_329370	0.0472695666478254
Smp_329410	38.3542154807027
Smp_329420	0.0912680102772401
Smp_329430	0.0501942508123144
Smp_329440	24.2073316473985
Smp_329490	0.0349844314485917
Smp_329500	0.0924767885249023
Smp_329510	0.0505869971326943
Smp_329520	0.00991433718381237
Smp_329530	0.143446398456516
Smp_329550	0.0927369369334635
Smp_329560	0.288441639788547
Smp_329570	0.0600685631141157
Smp_329590	2.9257480633632
Smp_329600	0.0138505129941165
Smp_329610	0.159414673307813
Smp_329620	0.0291707176786587
Smp_329650	0.0257522039966288
Smp_329670	0.0524952015632099
Smp_329680	0.0581415104681852
Smp_329690	0.0843660367312693
Smp_329700	0.141571210291139
Smp_329710	1.44323146175658
Smp_329720	0.196997479795492
Smp_329730	0.281338206775995
Smp_329760	0.0269305351776271
Smp_329770	0.0377803566264005
Smp_329780	0.534320756100692
Smp_329920	0.135694289426001
Smp_329940	1.1181623101593
Smp_329950	0.0957549326506919
Smp_329970	0.185485664247974
Smp_330000	0.041587572374603
Smp_330010	0.0490681655116054
Smp_330120	0.602882099857703
Smp_330130	0.189663818295148
Smp_330150	0.283397287766296
Smp_330160	0.0457475900995368
Smp_330180	0.382405797673304
Smp_330190	0.0248915935092075
Smp_330210	0.280935255242059
Smp_330220	0.0668889292883776
Smp_330230	0.0567053603369728
Smp_330240	48.6830393799312
Smp_330250	0.0244409748699361
Smp_330260	0.0155411771776933
Smp_330270	4.43910694581545
Smp_330280	0.333942261582882
Smp_330290	60
Smp_330320	0.991699098526009
Smp_330330	0.140643866925507
Smp_330350	0.0598960072840579
Smp_330380	0.0476547724662869
Smp_330390	18.8001711772349
Smp_330430	0.0573177901933496
Smp_330440	0.581843129918511
Smp_330450	0.0528975380302251
Smp_330470	0.208464852268584
Smp_330490	0.00888632714509724
Smp_330500	0.00859829084462025
Smp_330510	3.30659912218472
Smp_330520	25.3342128298233
Smp_330530	0.117588324666914
Smp_330540	1.1629976214369
Smp_330550	0.0282445168725472
Smp_330570	0.0339625542143892
Smp_330590	0.102653167767406
Smp_330620	0.0251185761015342
Smp_330630	0.148272156626499
Smp_330650	0.0468743470322919
Smp_330680	0.0689487832589215
Smp_330700	0.761380046648317
Smp_330710	0.670191319002462
Smp_330740	7.43327212448501
Smp_330760	0.0261840543359939
Smp_330770	0.956133932068205
Smp_330790	0.76985311750514
Smp_330810	0.862516863202916
Smp_330830	0.0593780837017539
Smp_330860	0.044552094312275
Smp_330890	24.7764248134205
Smp_330900	6.03327847211114
Smp_331110	0.0997190026213455
Smp_331120	0.0311722691650601
Smp_331130	19.3142022531233
Smp_331140	0.310189032413474
Smp_331150	0.924308332925874
Smp_331160	0.0351254670178379
Smp_331170	0.0595448781364039
Smp_331180	0.171075569266324
Smp_331190	0.288872187353259
Smp_331200	0.027861221445017
Smp_331210	0.0766991862997476
Smp_331220	0.0839191942538672
Smp_331230	0.0933958151345275
Smp_331240	0.217627439946268
Smp_331250	0.0879590742374389
Smp_331260	5.61497579871553
Smp_331270	60
Smp_331280	0.0613821042627775
Smp_331290	0.0510954181462055
Smp_331310	0.0839414923232722
Smp_331320	0.0496973427796799
Smp_331330	0.0367531691281977
Smp_331340	0.0183498379538405
Smp_331360	0.0611805515644497
Smp_331380	0.0772088632233821
Smp_331390	0.1063137982816
Smp_331400	8.69468368115886
Smp_331410	0.123186382628901
Smp_331420	0.0890582299892556
Smp_331440	4.76914058441472
Smp_331450	0.808677438334635
Smp_331460	0.0791255308693149
Smp_331470	0.693097965806691
Smp_331480	0.102937154377481
Smp_331490	0.010859217174071
Smp_331510	0.0692196707376952
Smp_331530	0.028278219059924
Smp_331540	0.128303160244358
Smp_331550	0.0785260502952299
Smp_331560	0.0793789273470432
Smp_331570	0.0674074316417643
Smp_331580	0.3100058467583
Smp_331590	0.095010009673609
Smp_331600	5.91542449109346
Smp_331610	0.109531052713664
Smp_331630	0.189008622171556
Smp_331650	0.265080613026618
Smp_331660	0.0464752473331279
Smp_331670	0.0486554163079306
Smp_331680	60
Smp_331690	1.23845508636381
Smp_331700	0.0750256070444858
Smp_331710	0.0257107704270071
Smp_331720	0.0347417864396015
Smp_331730	0.136845048383377
Smp_331780	0.0209809650213045
Smp_331790	0.019963505382104
Smp_331810	0.0342490638672316
Smp_331820	0.0367084900122136
Smp_331830	0.049384164770494
Smp_331870	0.0164462076892822
Smp_331880	0.0125768026998436
Smp_331890	0.24093663734741
Smp_331900	0.0733849268184343
Smp_331910	0.103260021417751
Smp_331920	0.024675383520448
Smp_331930	0.382602715078737
Smp_331940	0.0885656830340662
Smp_331960	0.0446794301840131
Smp_331970	0.430867605493913
Smp_331980	0.0135447263908264
Smp_331990	0.0453782567088312
Smp_332010	0.0348925268675349
Smp_332020	0.198189573032575
Smp_332070	0.997228433067919
Smp_332080	0.0369145116479502
Smp_332090	0.0235334614720462
Smp_332100	0.0908515071986775
Smp_332120	0.0549592965722802
Smp_332150	0.194243894746599
Smp_332160	0.014504256924552
Smp_332170	0.0286678967808895
Smp_332240	0.0507168974170601
Smp_332250	0.0824001681089573
Smp_332260	0.0103024593538943
Smp_332270	0.129922700502755
Smp_332280	0.0275151165190825
Smp_332290	0.0408519546648668
Smp_332300	0.00912630931024429
Smp_332310	0.0554152257307176
Smp_332320	0.060640497771449
Smp_332330	0.0295284674509464
Smp_332350	0.345842426547408
Smp_332360	0.0243721150438181
Smp_332370	0.0508270238502939
Smp_332380	0.0561393288530876
Smp_332390	0.0434952428961826
Smp_332400	0.00606013575489937
Smp_332420	0.048918389513272
Smp_332440	0.703003298093987
Smp_332450	0.0372458646757884
Smp_332460	0.200764294993114
Smp_332470	0.0599472867529291
Smp_332480	0.0900446861796254
Smp_332490	0.0344207805146306
Smp_332500	0.0788469395382654
Smp_332510	0.0168323433304348
Smp_332520	0.0288526901673708
Smp_332540	0.038332790636268
Smp_332550	0.057030255456166
Smp_332560	0.0471917613071161
Smp_332570	0.0117285472339045
Smp_332580	0.0208403614510634
Smp_332590	0.382958638617681
Smp_332600	0.0178048717840424
Smp_332610	0.120830597421638
Smp_332620	0.0099960801517198
Smp_332630	0.00569085392891261
Smp_332640	0.658544986532705
Smp_332650	0.028158949528195
Smp_332660	0.0300263047165945
Smp_332670	0.860503735327328
Smp_332680	0.00418463930942397
Smp_332690	0.0527172915395702
Smp_332700	0.0732184960668595
Smp_332710	0.0336847586805463
Smp_332720	0.0383780096050108
Smp_332740	0.0108972363903264
Smp_332750	0.059290797794277
Smp_332780	0.202238323943546
Smp_332790	0.0268315222000787
Smp_332800	0.0332970172154784
Smp_332820	0.0323540357887016
Smp_332830	0.00887871148697434
Smp_332850	0.0382743636708235
Smp_332860	0.0143825087332278
Smp_332870	0.0118878707140689
Smp_332880	0.0181219434342627
Smp_332890	0.0213905243294596
Smp_332900	0.0125668518025773
Smp_332910	0.0629727624105208
Smp_332920	0.0145337623698172
Smp_332930	0.0123557331779799
Smp_332940	0.0387170278561329
Smp_332950	0.00540115267404895
Smp_332960	0.105415262044034
Smp_332970	0.0364224015904167
Smp_332980	0.0412551389390442
Smp_333000	0.0946436326881718
Smp_333010	0.0545194052676383
Smp_333030	0.00676810498184486
Smp_333040	0.0156009783903613
Smp_333050	0.0160281909070399
Smp_333070	0.0256405069675045
Smp_333080	0.0132562754620667
Smp_333090	0.00756825718187835
Smp_333100	0.0137417112083904
Smp_333120	0.0607182323810157
Smp_333140	0.0307004345648882
Smp_333150	0.012793627419668
Smp_333160	0.0308795451202814
Smp_333170	0.02661151029456
Smp_333180	0.0468063772523867
Smp_333190	0.0362410531938058
Smp_333200	0.00293340827771885
Smp_333210	0.0138707845453368
Smp_333230	0.125362733350721
Smp_333240	0.0151650545670063
Smp_333250	0.0618143106867172
Smp_333260	0.00896261043945715
Smp_333270	0.0579683382190678
Smp_333280	25.5838238357349
Smp_333290	0.0249982694227416
Smp_333300	0.0175456581836319
Smp_333310	0.0178729436521021
Smp_333320	0.0211172734062801
Smp_333330	0.0433718669379076
Smp_333340	0.275574081184364
Smp_333350	0.0263244361608116
Smp_333360	0.177952791881855
Smp_333370	0.0238179186495264
Smp_333380	1.40916555973377
Smp_333390	0.0460529562935389
Smp_333400	0.00373669041555393
Smp_333410	0.0104473176137623
Smp_333420	0.01818048044842
Smp_333450	0.0155288428671902
Smp_333460	0.0207475726511216
Smp_333470	0.0506888739055234
Smp_333480	0.0683232738375118
Smp_333490	0.0142873400623899
Smp_333500	0.0255649029462935
Smp_333510	0.00883460829197476
Smp_333520	0.0296510059958797
Smp_333540	0.163965380159548
Smp_333550	0.00738258982900656
Smp_333560	0.0569967527608461
Smp_333570	0.115948889984063
Smp_333580	0.019199324183908
Smp_333590	0.030609678386251
Smp_333600	0.0418802412564076
Smp_333610	0.00969562555014181
Smp_333620	0.0127161313066814
Smp_333630	0.0438887313726643
Smp_333640	0.00835126021676647
Smp_333650	0.0237498382195115
Smp_333660	0.0163011713145977
Smp_333670	0.0372886288713882
Smp_333680	0.0164607060720782
Smp_333690	0.254816883507955
Smp_333700	0.0078531434036259
Smp_333710	0.0527368802869622
Smp_333720	0.0961653476135547
Smp_333730	0.0221266401245999
Smp_333740	0.0208171704163701
Smp_333750	0.112072969813008
Smp_333760	0.025645255294422
Smp_333770	0.00993193032592733
Smp_333780	0.0341190718903131
Smp_333790	0.0656666341731807
Smp_333800	0.033618981649284
Smp_333810	0.00589725231716388
Smp_333830	0.0849387529906703
Smp_333840	0.029136153253132
Smp_333850	0.0418113971221271
Smp_333860	0.0558714063762573
Smp_333880	0.0108853263581285
Smp_333890	0.0198076351856094
Smp_333900	0.0560947961689997
Smp_333910	0.00771745871170617
Smp_333920	0.0171215180751774
Smp_333940	0.0139039632591373
Smp_333950	0.0221538362975139
Smp_333960	0.0249949628303574
Smp_333970	0.00934125653360258
Smp_333980	0.841342794497005
Smp_333990	0.485289972788835
Smp_334000	0.0315379700582814
Smp_334010	0.0451257245422583
Smp_334020	0.00715158180027492
Smp_334030	0.0336325225739508
Smp_334040	0.10449841330228
Smp_334050	0.0480239707943095
Smp_334060	0.00346152337375156
Smp_334080	0.00757900664607198
Smp_334100	0.0312578398866453
Smp_334110	0.0331754480853652
Smp_334120	0.206979114616843
Smp_334130	0.0248706630606541
Smp_334140	0.036862969470941
Smp_334150	0.0401601855665805
Smp_334160	0.0316706296659074
Smp_334180	0.0242217714684803
Smp_334190	0.138739230046098
Smp_334200	0.0192254852143413
Smp_334210	0.0448839528067522
Smp_334220	0.0463158315165459
Smp_334230	0.0202992334244165
Smp_334250	0.0596081152027936
Smp_334260	0.00582280284684748
Smp_334280	0.00364112717216657
Smp_334290	0.0166040654326866
Smp_334300	0.00443022891132883
Smp_334310	0.0305218506959487
Smp_334320	0.153229857413531
Smp_334330	0.0190229375101649
Smp_334340	0.0104329279822958
Smp_334360	0.139553195295684
Smp_334370	0.0180941661229078
Smp_334390	0.0316277352821459
Smp_334400	0.175387470391755
Smp_334410	0.0529381497509094
Smp_334415	0.301419919761345
Smp_334420	0.0211035908918244
Smp_334430	0.0558593071026115
Smp_334440	0.0204626103837849
Smp_334450	0.0565206628887683
Smp_334460	0.0182262310406406
Smp_334470	0.012216739708031
Smp_334480	0.0487120836558433
Smp_334490	0.0184579898629946
Smp_334500	0.0324914490455935
Smp_334510	0.14710592537552
Smp_334530	0.0115817754961488
Smp_334540	0.0447766804066231
Smp_334550	0.121163769604009
Smp_334555	0.263258377827222
Smp_334560	0.0448952762709457
Smp_334570	0.0295610694315235
Smp_334580	0.0266140307521795
Smp_334600	0.0388832603315552
Smp_334610	0.0406172898470613
Smp_334620	0.320096777211698
Smp_334630	0.022167666721384
Smp_334670	0.0436966513522074
Smp_334680	0.0293419450945564
Smp_334700	0.0281302469813145
Smp_334710	0.0122503882799263
Smp_334730	0.0528773997347215
Smp_334740	0.0309275453091961
Smp_334750	0.0107031581254211
Smp_334770	0.00608149388670406
Smp_334780	0.0262611553965943
Smp_334790	0.0439933735926622
Smp_334810	0.0982374734061941
Smp_334820	0.934931319191601
Smp_334830	0.0990003834653558
Smp_334850	0.12452638761344
Smp_334880	0.00891819219202629
Smp_334890	0.0264070849293949
Smp_334900	0.0360745214595613
Smp_334910	0.0423125095019125
Smp_334920	0.206949114746084
Smp_334940	50.6804493210002
Smp_334950	0.0239905383110112
Smp_334970	0.0360525886987159
Smp_334980	0.0466909501734053
Smp_334990	0.258618702715157
Smp_335010	0.0148159841891731
Smp_335020	0.0409891168786225
Smp_335040	1.93182707530825
Smp_335050	0.563458287142699
Smp_335110	0.0317707373397469
Smp_335120	0.0536683672735069
Smp_335135	24.03016419877
Smp_335140	0.810737624386041
Smp_335150	0.0574206208500964
Smp_335170	0.0521216290263822
Smp_335180	0.0533044376729856
Smp_335190	0.675652949635246
Smp_335200	0.0921192351799855
Smp_335210	0.0152493214374271
Smp_335220	0.381364358117847
Smp_335280	0.0141738164129108
Smp_335300	0.0523369688957912
Smp_335330	0.0618437910002169
Smp_335340	0.0234250661209297
Smp_335350	0.02064165097226
Smp_335370	0.119022276431115
Smp_335400	0.212417753271202
Smp_335530	0.0306300570773674
Smp_335550	0.381708183280446
Smp_335560	0.0770926339242008
Smp_335570	0.0178318189651271
Smp_335590	0.027951878025662
Smp_335600	0.140578391681566
Smp_335610	0.803577849802392
Smp_335620	0.00590957557127091
Smp_335630	0.0395787875163444
Smp_335650	0.578968813657794
Smp_335660	0.0133447368574639
Smp_335670	0.205462901675965
Smp_335675	0.0388904156888283
Smp_335690	4.87959331514464
Smp_335710	3.70968899758285
Smp_335720	0.0396814871451924
Smp_335730	0.0560327316132564
Smp_335750	0.0328985397019428
Smp_335760	0.042762108744194
Smp_335770	0.0400513439042153
Smp_335780	0.175373176645229
Smp_335785	0.18868667334485
Smp_335820	0.0404048625383769
Smp_335830	0.0303420359404838
Smp_335840	0.0761369595629028
Smp_335850	60
Smp_335880	0.0537630250091943
Smp_335890	0.086329673766221
Smp_335900	0.11454207692142
Smp_335930	0.0550385230321517
Smp_335950	0.0681006569310976
Smp_335960	0.131167046290465
Smp_335980	0.0204601341612913
Smp_335990	0.0288087695363603
Smp_336010	0.0700648285945975
Smp_336050	0.00502125088317421
Smp_336070	55.6598242480069
Smp_336080	0.00579825261460495
Smp_336100	0.0230971907006205
Smp_336110	0.0573208187244276
Smp_336120	0.0506484554445827
Smp_336130	60
Smp_336140	0.823911750165802
Smp_336150	0.0464610322960192
Smp_336170	0.012526885312494
Smp_336180	0.259050494500125
Smp_336190	0.0717964413854578
Smp_336210	0.0937537789673961
Smp_336230	0.0942228941083113
Smp_336250	0.0304230002048818
Smp_336270	0.0316360103407731
Smp_336280	0.0355951525342831
Smp_336290	0.0816776528036073
Smp_336310	0.0428441855388022
Smp_336320	0.0136800312668564
Smp_336330	0.00568734455985363
Smp_336340	0.0536141548434154
Smp_336350	0.0118962555683205
Smp_336360	0.00444800781516115
Smp_336365	0.0119690208674645
Smp_336370	0.0286911271789197
Smp_336380	0.057090252376131
Smp_336610	0.0287689331704367
Smp_336620	0.0361028329718604
Smp_336630	0.0780902753620456
Smp_336640	0.0127679767935739
Smp_336650	0.0198930351912846
Smp_336660	0.0127404224095711
Smp_336670	0.0278573911781648
Smp_336680	0.0085847135558201
Smp_336700	0.00257480457360363
Smp_336710	0.0382563568346713
Smp_336720	0.0287613215473517
Smp_336730	0.0525829536243058
Smp_336740	0.207199985991766
Smp_336750	0.0428865476156188
Smp_336770	0.0209977403310072
Smp_336780	0.048864026182822
Smp_336790	0.0067905266740597
Smp_336800	0.023253024188728
Smp_336830	0.0495665939277354
Smp_336840	0.0888022477552646
Smp_336850	3.45934186818286
Smp_336870	0.0692850293669532
Smp_336880	48.3580089009223
Smp_336900	0.105730825519517
Smp_336990	0.859020693078806
Smp_337000	0.343612555118831
Smp_337010	0.0488447982732743
Smp_337030	60
Smp_337040	0.0263129291547671
Smp_337060	0.184902253777201
Smp_337070	0.0257650202368578
Smp_337080	0.0208008880601633
Smp_337090	0.0481178471340837
Smp_337100	0.053006781354721
Smp_337110	0.0376474346983715
Smp_337130	0.00717369947159788
Smp_337140	0.0130021148040364
Smp_337145	0.0205980994568577
Smp_337150	0.042075837746848
Smp_337190	0.0124281977338995
Smp_337200	0.0115256084963621
Smp_337210	1.18342099745261
Smp_337220	0.0180537070484906
Smp_337230	0.119232972323059
Smp_337240	0.0387063114720505
Smp_337250	0.251479090360487
Smp_337260	0.0165282995990547
Smp_337280	0.0708036070147288
Smp_337290	0.00898463138452317
Smp_337300	0.136596105506774
Smp_337320	0.00961466545234375
Smp_337330	0.0720285791953161
Smp_337335	0.0455691410333804
Smp_337340	0.00839394359641763
Smp_337350	0.0342440521137183
Smp_337370	0.0178627245253925
Smp_337380	1.0966462633663
Smp_337390	0.0267550957054365
Smp_337395	0.019388319934778
Smp_337400	0.00479413512042393
Smp_337410	0.0589485478591376
Smp_337420	0.0476782852159073
Smp_337425	0.01323176979426
Smp_337430	0.00571946825142845
Smp_337440	0.0644511707169122
Smp_337450	60
Smp_337460	0.0198179547806775
Smp_337470	0.00339368055798218
Smp_337480	0.0175042646505784
Smp_337490	0.0388981823579129
Smp_337500	60
Smp_337510	0.242351802719009
Smp_337530	0.00267693849449097
Smp_337540	2.08696637494504
Smp_337550	0.0372945127542205
Smp_337560	0.00579751339001063
Smp_337570	0.0247455319038111
Smp_337580	0.0104913335611628
Smp_337590	0.025485685363525
Smp_337610	0.00977290916509548
Smp_337620	0.0712323522937983
Smp_337630	0.0180739549859636
Smp_337640	0.203299860315441
Smp_337650	0.0335779560447061
Smp_337660	0.0457136714138367
Smp_337730	0.110858355346325
Smp_337740	0.148899747258503
Smp_337750	0.019616196193642
Smp_337760	0.0327822091878792
Smp_337770	0.056216574261289
Smp_337780	0.00886108333779129
Smp_337785	0.00697706698514125
Smp_337790	0.0120734049606619
Smp_337795	0.0208719426296394
Smp_337800	0.00433380041419778
Smp_337805	0.0211105871118104
Smp_337830	0.056390321837261
Smp_337850	0.0116079383589393
Smp_337860	0.00467198210270571
Smp_337870	0.0117591779511775
Smp_337875	0.0207478737934786
Smp_337890	0.290722050903617
Smp_337900	0.274586009320261
Smp_340010	0.660679728699626
Smp_340020	0.00320494674950743
Smp_340030	0.00534459092847592
Smp_340040	0.0375870652536949
Smp_340050	0.00672637541890309
Smp_340060	0.0238113169510436
Smp_340070	0.0121687133164082
Smp_340080	0.08339539571073
Smp_340090	0.00822108877997607
Smp_340100	0.0287266521453936
Smp_340110	0.00894877221679604
Smp_340120	0.0118148097206339
Smp_340130	0.0451275143383686
Smp_340140	0.120443813100766
Smp_340150	0.0167499646489319
Smp_340160	0.0870785747128697
Smp_340170	0.00709294404783749
Smp_340180	0.456436624174497
Smp_340190	0.0252173152455252
Smp_340200	0.0345098116685353
Smp_340210	0.0257294915322589
Smp_340220	0.0184038490281007
Smp_340230	0.00403397759460409
Smp_340240	0.0135882632920448
Smp_340250	0.010861378889451
Smp_340260	0.0720036806484029
Smp_340265	0.009058275007426
Smp_340270	0.0231029703638766
Smp_340280	0.0631476361709476
Smp_340290	0.0414601123024274
Smp_340300	0.0242204694180348
Smp_340310	0.0122455773980562
Smp_340320	0.029693018935747
Smp_340330	0.727507825985931
Smp_340340	0.033698844183358
Smp_340350	0.00815393077364405
Smp_340360	0.00601596352019397
Smp_340370	0.00380886680617487
Smp_340380	0.0144896998501644
Smp_340390	0.0396847476429987
Smp_340400	0.154424772442925
Smp_340410	0.00893018682671249
Smp_340420	0.0495828794105823
Smp_340430	0.0110021362441141
Smp_340440	0.0301039406930741
Smp_340450	0.0176106352763699
Smp_340460	0.0327987261452472
Smp_340470	0.00923803903513223
Smp_340480	0.0224223396196293
Smp_340490	0.0413992603889751
Smp_340500	0.00459430633502085
Smp_340510	0.0106699024758891
Smp_340520	0.00404915833510057
Smp_340530	0.0229347085123209
Smp_340540	0.0796385771806048
Smp_340550	0.109169755626963
Smp_340560	0.0484220691916339
Smp_340570	0.127363565084391
Smp_340580	0.029095888834232
Smp_340590	0.00848664729511439
Smp_340600	0.0229711115115127
Smp_340610	0.0209378258563066
Smp_340620	0.126854116191253
Smp_340630	0.00812966041285948
Smp_340650	0.0256007397997455
Smp_340660	0.0809004697575868
Smp_340670	0.0296833474965592
Smp_340680	0.0192974358069368
Smp_340690	0.0325437637183174
Smp_340700	0.0115337246254955
Smp_340710	0.00296601645435478
Smp_340720	0.00511568622471336
Smp_340730	0.0031726677651331
Smp_340740	0.0470055794613934
Smp_340750	0.0293566067441387
Smp_340760	0.027115800614017
Smp_340770	0.02851316119768
Smp_340780	0.0357431394447443
Smp_340790	0.00270059986799623
Smp_340800	0.010514232698937
Smp_340810	0.0189129328000606
Smp_340820	0.016958892748659
Smp_340830	0.0244013174373952
Smp_340840	0.413602636428372
Smp_340850	0.0134151783898423
Smp_340860	0.0434646518771304
Smp_340870	0.0205985768350518
Smp_340880	0.0596436271308028
Smp_340890	0.379573199756135
Smp_340900	0.0573700179416874
Smp_340910	0.0339844656466831
Smp_340920	0.006892512141351
Smp_340930	0.19089089421967
Smp_340940	0.0224118521176715
Smp_340950	60
Smp_340960	0.0504086074657355
Smp_340970	0.020873547022235
Smp_340980	0.0162014265870551
Smp_340990	0.0323271063642336
Smp_341010	0.0213869975673917
Smp_341020	0.0119900208777729
Smp_341030	0.0647872369073756
Smp_341040	0.0380020980066682
Smp_341050	0.00440830445083785
Smp_341060	0.0150875820839646
Smp_341070	0.00797441095609986
Smp_341080	0.0314405076296439
Smp_341090	0.0154450101957736
Smp_341100	0.00564352458016676
Smp_341110	0.00635317443561026
Smp_341120	0.00614777290072916
Smp_341130	11.4364547152013
Smp_341140	0.0369209423988925
Smp_341150	0.0185054129211573
Smp_341160	0.00637398262032087
Smp_341170	0.00934325144474242
Smp_341180	0.00550455117642422
Smp_341190	0.149002859961062
Smp_341200	0.00505458147227219
Smp_341210	0.0158238709935006
Smp_341220	0.0107566089031894
Smp_341230	0.0350553467509231
Smp_341240	0.0283825783033898
Smp_341260	0.0284620029036025
Smp_341270	3.15705864263001
Smp_341280	0.13048796066376
Smp_341290	0.128079141082487
Smp_341300	0.0135523545223582
Smp_341310	0.0410770893276011
Smp_341320	0.0155630996534278
Smp_341330	0.00825516711685801
Smp_341340	0.302879378375765
Smp_341350	0.0605467451529253
Smp_341360	0.0146525913885368
Smp_341370	0.0274459369203515
Smp_341380	0.0667432115773511
Smp_341390	0.191211628359935
Smp_341400	0.0111415878312654
Smp_341410	0.0680742402323707
Smp_341420	0.00429823842751574
Smp_341430	0.0423249248713319
Smp_341440	0.00501679048477797
Smp_341450	0.0396108545137983
Smp_341460	0.23428995209989
Smp_341470	0.00877690076524571
Smp_341490	0.14770994169609
Smp_341500	0.0468210074228819
Smp_341510	0.0124144665310686
Smp_341520	0.0119697734169699
Smp_341530	0.0153178782815636
Smp_341540	4.74097923844478
Smp_341550	0.0204775893758751
Smp_341560	0.0195383363370262
Smp_341570	0.0159157053492235
Smp_341580	0.012171005469337
Smp_341590	0.0387398982394716
Smp_341600	0.120790234681166
Smp_341610	60
Smp_341620	0.0240006344825756
Smp_341630	0.0200144117364652
Smp_341640	0.0180326141670412
Smp_341650	0.0100711088738172
Smp_341660	0.0246069588673857
Smp_341670	0.276992392278288
Smp_341680	0.00244131773966338
Smp_341690	0.0119110923973649
Smp_341700	0.00457272539869779
Smp_341710	16.1640717819237
Smp_341720	0.0136886908401012
Smp_341730	0.0242123225580613
Smp_341740	0.0101676163015529
Smp_341750	0.0179133820952851
Smp_341760	1.17398077066204
Smp_341770	0.0327008462826807
Smp_341780	0.146647020791713
Smp_341790	0.222101605340146
Smp_341800	0.00599800622476675
Smp_341810	0.0150892209827795
Smp_341820	0.222773375227077
Smp_341830	0.0136134640303425
Smp_341840	0.0139414255832109
Smp_341860	0.0195702089153538
Smp_341870	0.00956844621109379
Smp_341880	0.0296545536578259
Smp_341890	0.0422330891607827
Smp_341900	0.04860553538116
Smp_341910	0.0493793043004505
Smp_341920	0.0234839463192376
Smp_341930	0.12922466409366
Smp_341940	0.0824442918467965
Smp_341950	0.0354876159946003
Smp_341960	0.0188852580397525
Smp_341970	0.111794497976133
Smp_341980	0.00612475456640593
Smp_341990	0.00328572381715314
Smp_342000	0.0676679408496028
Smp_342010	0.0439869817372406
Smp_342020	0.0253191273855846
Smp_342030	0.0215615617787003
Smp_342040	0.0614761638754684
Smp_342050	0.0288514818674602
Smp_342060	0.0332864552562669
Smp_342070	0.00946585594064919
Smp_342080	0.0612796181080791
Smp_342090	0.0252269495307672
Smp_342100	0.0281540211003677
Smp_342110	0.0362308253104611
Smp_342120	14.480559289887
Smp_342130	0.0420060823280696
Smp_342140	0.0286686378667712
Smp_342150	0.0883885476542961
Smp_342160	0.00933381621178955
Smp_342170	0.00469355260869583
Smp_342180	0.0116556671463161
Smp_342190	0.0457960121178315
Smp_342200	0.0170085728550285
Smp_342210	0.767719272384255
Smp_342230	0.0326788335783319
Smp_342240	0.0105336830154201
Smp_342250	0.00667600412709232
Smp_342260	0.00720786894903668
Smp_342270	0.0839688856619512
Smp_342280	0.103632130526119
Smp_342290	0.0842358183341651
Smp_342300	0.0519647137133909
Smp_342310	0.0209321918542734
Smp_342320	0.14383139432854
Smp_342330	0.009224966003212
Smp_342340	0.0422467592251276
Smp_342350	0.0271213017084508
Smp_342360	0.0270286973288203
Smp_342370	0.323564955197511
Smp_342380	0.0506629614148916
Smp_342390	0.396780518014506
Smp_342400	0.00702130584970415
Smp_342410	0.0408083618293729
Smp_342420	0.0068123385961752
Smp_342430	0.525918123720449
Smp_342440	0.0117614232427952
Smp_342450	0.02548865091854
Smp_342460	0.0587749200421322
Smp_342470	0.0081218851806426
Smp_342480	0.0178262694536794
Smp_342490	0.0113952965642046
Smp_342500	0.0359615813940815
Smp_342510	0.0232941720690246
Smp_342520	0.105804480579393
Smp_342530	0.221290446282001
Smp_342540	0.0227964346232878
Smp_342550	0.0131664138660877
Smp_342560	0.266091539199948
Smp_342570	0.0199700783438926
Smp_342580	0.0219105785222282
Smp_342590	0.0100037321033357
Smp_342600	0.0836290723276487
Smp_342610	0.0112086862191256
Smp_342620	0.0339041055262755
Smp_342630	0.0427880431194482
Smp_342640	0.0366982953047221
Smp_342650	0.0551013357506773
Smp_342660	0.0423806283472387
Smp_342670	0.0339911013287597
Smp_342680	0.0719845343383796
Smp_342690	0.00570165184780577
Smp_342700	0.0140309893958331
Smp_342710	0.0061369274654701
Smp_342720	0.0643517264674199
Smp_342730	0.0218292641370388
Smp_342740	0.00933338571434617
Smp_342750	0.0136512797410985
Smp_342760	0.0483306235963959
Smp_342770	0.117631919632274
Smp_342780	0.0416472846544952
Smp_342790	0.0398894042746737
Smp_342800	0.0423250445199449
Smp_342810	0.0984947173531458
Smp_342820	0.0620808721183712
Smp_342830	0.0205456776325624
Smp_342840	0.0196140358032738
Smp_342850	0.0380987582114089
Smp_342860	0.0417988982686814
Smp_342870	0.0130385166375817
Smp_342880	0.0599187280370949
Smp_342890	0.0424039849253603
Smp_342900	0.0433095680740147
Smp_342910	0.0492601449507864
Smp_342920	0.0443915589649566
Smp_342930	0.00533352467730492
Smp_342940	0.0322312868887737
Smp_342950	0.057429628011081
Smp_342960	0.0235161011146707
Smp_342970	0.0855603805512582
Smp_342980	0.013384195505134
Smp_342990	0.0216513257383272
Smp_343010	0.106930566915856
Smp_343020	0.193991544234398
Smp_343030	0.00849695291936361
Smp_343040	0.0100844140012803
Smp_343050	0.0086080764656811
Smp_343060	0.40921590124449
Smp_343070	0.226166972641832
Smp_343080	0.367780818621965
Smp_343090	0.00531543808540624
Smp_343100	0.213325060988396
Smp_343110	0.0897798779270805
Smp_343120	0.0651859046402191
Smp_343130	0.0341912781639647
Smp_343140	0.241907312512771
Smp_343150	0.00882047991546007
Smp_343160	0.0377919594610623
Smp_343170	0.0444528914248761
Smp_343180	0.0490535075212754
Smp_343190	0.0569803520047919
Smp_343200	0.0182341025840435
Smp_343210	1.16385188735439
Smp_343220	0.0176993446759044
Smp_343230	9.68256916296811
Smp_343240	0.0229283517597493
Smp_343250	0.0505168571001823
Smp_343260	0.200088613675975
Smp_343270	0.0245550334625806
Smp_343280	0.0548469037068772
Smp_343290	0.0415158185713293
Smp_343300	0.0367221597799748
Smp_343310	0.212748667218868
Smp_343320	0.0058742853788977
Smp_343330	0.120592562408206
Smp_343340	0.0362279736969598
Smp_343350	0.004305562775962
Smp_343360	0.0316543449976247
Smp_343370	0.458742795663766
Smp_343380	0.039181679755064
Smp_343390	0.497754155288674
Smp_343400	0.0519373096446718
Smp_343410	0.0137822095357293
Smp_343420	0.237048239091893
Smp_343430	0.0202720222554966
Smp_343440	0.016397917823736
Smp_343450	0.0185662879794382
Smp_343460	0.104554697910453
Smp_343470	0.00845238547647046
Smp_343480	0.23129943755975
Smp_343490	0.150979998944576
Smp_343500	0.0466623637442612
Smp_343510	0.180122808287052
Smp_343520	0.0109487972222237
Smp_343530	0.0145889258733038
Smp_343540	0.0177227857443834
Smp_343550	0.0231781407395287
Smp_343560	0.025150039223649
Smp_343570	0.00529288794760938
Smp_343580	0.0154039790054051
Smp_343590	0.320373675456689
Smp_343600	0.012415652150559
Smp_343610	0.0247131061045755
Smp_343620	0.00745604009472658
Smp_343630	0.0313892003897659
Smp_343640	0.0218678955700006
Smp_343650	0.040138415725988
Smp_343660	0.0181154107411457
Smp_343670	0.0577517801930476
Smp_343680	0.0561315223201515
Smp_343690	0.101143814389404
Smp_343700	0.0449779599255111
Smp_343710	0.068109362592004
Smp_343720	0.0430248486869296
Smp_343730	0.0209800786119386
Smp_343740	0.0372446561151789
Smp_343750	0.0255444339767837
Smp_343760	0.00804296200393413
Smp_343770	0.0239168517242148
Smp_343780	0.061793526964351
Smp_343790	0.0136573730482243
Smp_343800	0.0313696641152871
Smp_343810	0.060411733539486
Smp_343820	0.0773556397339532
Smp_343830	0.0215111038247816
Smp_343840	0.0104440932787826
Smp_343850	0.0564689897949579
Smp_343860	0.0137849000797792
Smp_343870	0.109901911245677
Smp_343880	0.014931518116721
Smp_343890	0.00481251574558175
Smp_343900	11.3807373675752
Smp_343910	0.00892669515610723
Smp_343920	0.124916560405192
Smp_343930	0.0130416890047727
Smp_343940	0.0333567201772105
Smp_343950	0.0655639476122866
Smp_343960	0.171557686617932
Smp_343970	0.0218201613497848
Smp_343980	0.697940390684835
Smp_343990	0.0708372991630664
Smp_344000	0.198986127501465
Smp_344010	0.0249392809193465
Smp_344020	0.0606451243251659
Smp_344030	0.01194732474657
Smp_344040	0.0985407588896018
Smp_344050	0.0988823048721704
Smp_344060	0.0137359855969531
Smp_344070	0.602362610254728
Smp_344080	0.0356818993327527
Smp_344090	0.0137199418478183
Smp_344100	0.00725433611741912
Smp_344110	0.00559770545527197
Smp_344120	0.040048110987339
Smp_344130	0.0138093006480038
Smp_344140	0.00903372841229369
Smp_344150	0.0393778387224702
Smp_344160	0.0359980895326613
Smp_344170	0.0155065202691583
Smp_344180	0.0526312878729363
Smp_344190	0.0525377695897088
Smp_344200	0.0105270385262237
Smp_344210	0.0473724596640725
Smp_344220	0.0197585267151068
Smp_344230	0.0743923271412989
Smp_344240	0.0180861498439118
Smp_344250	0.037592363288441
Smp_344270	0.0304534902214788
Smp_344280	0.041043660770838
Smp_344290	0.0290942111585516
Smp_344300	0.653254972097347
Smp_344310	0.0490488868192285
Smp_344320	0.00874676832847498
Smp_344330	0.0281187154969088
Smp_344340	0.0311612623956309
Smp_344350	0.0218150671223438
Smp_344360	0.492300674740335
Smp_344370	0.0304188023433863
Smp_344380	0.0255485000866776
Smp_344390	0.0216524295624582
Smp_344400	0.00869338307445884
Smp_344410	0.049847326525399
Smp_344420	0.227992350586749
Smp_344430	0.0122496778882746
Smp_344440	0.103544584844789
Smp_344450	0.0252855843348045
Smp_344460	0.0427590803723519
Smp_344470	36.8144718550868
Smp_344480	0.029465065247613
Smp_344490	0.0446711376116911
Smp_344500	0.0247883877562831
Smp_344510	0.0124102629441919
Smp_344520	0.136175547307985
Smp_344530	0.0315634977420255
Smp_344540	0.0281575145904693
Smp_344550	0.00939101470516438
Smp_344560	0.0121672042938268
Smp_344570	0.146173889427553
Smp_344580	0.0272312800186409
Smp_344590	0.337858929722339
Smp_344600	0.0219131568665536
Smp_344610	0.0982871529269027
Smp_344620	0.0507158980148453
Smp_344630	0.00447287562163446
Smp_344640	0.099912221843769
Smp_344650	0.0108151104620847
Smp_344660	0.168894104866283
Smp_344680	0.0720533008316627
Smp_344690	0.0432246119235253
Smp_344710	0.0071527578039942
Smp_344720	0.053392501778946
Smp_344730	0.145749987093677
Smp_344740	0.0526173303818916
Smp_344750	0.662890987687815
Smp_344760	0.103800933930641
Smp_344770	0.0226279107795495
Smp_344780	0.0245327159295979
Smp_344800	0.0328436269266298
Smp_344810	0.0410775080652194
Smp_344820	0.124461610187613
Smp_344840	0.0360193752482396
Smp_344850	0.067332832395181
Smp_344860	0.150414281093203
Smp_344870	0.0335656144401077
Smp_344880	0.0432868156752683
Smp_344890	0.0774752721496962
Smp_344900	0.0164689143495876
Smp_344910	0.0508585530267939
Smp_344920	0.00667121250962351
Smp_344930	0.0290370500817035
Smp_344940	0.19299779440912
Smp_344950	0.0918336384101278
Smp_344960	0.00929588615783114
Smp_344970	0.068862812333872
Smp_344980	0.0531661927443941
Smp_344990	0.0207152931844233
Smp_345000	0.00702680840147028
Smp_345010	0.0408733894228939
Smp_345020	0.0436891541278758
Smp_345030	0.019701294404773
Smp_345040	0.132561640352155
Smp_345050	0.0463332010413806
Smp_345060	3.24586556734439
Smp_345070	0.0150183710334083
Smp_345080	0.0207146905289801
Smp_345090	0.0668845454330511
Smp_345100	0.647408159145153
Smp_345110	0.119211027111222
Smp_345120	0.0555490323347477
Smp_345130	0.16619839141777
Smp_345140	0.0253294698459816
Smp_345150	0.018986313033835
Smp_345160	0.0181902528013819
Smp_345170	0.0545969288719272
Smp_345180	0.151824696391037
Smp_345190	0.107272770529147
Smp_345210	0.0401014242223481
Smp_345220	0.0565583065029636
Smp_345230	0.0320828051068787
Smp_345240	0.131300748623234
Smp_345250	0.0408840864041305
Smp_345260	0.00307768222613261
Smp_345270	0.0210946094204287
Smp_345280	0.0314503721641819
Smp_345290	2.81058085821797
Smp_345300	0.00510651769773793
Smp_345310	0.0501491344164859
Smp_345320	0.0104086432144513
Smp_345330	0.022714173960595
Smp_345340	0.00677756542474028
Smp_345350	0.00830902963132481
Smp_345360	0.0360134967291496
Smp_345370	0.148833140155876
Smp_345380	0.0124214911834788
Smp_345390	0.0164207086185898
Smp_345400	0.00790326785773117
Smp_345410	0.00265557657131099
Smp_345420	0.0492360468110925
Smp_345430	0.060097232755637
Smp_345440	0.0298768594456656
Smp_345450	0.0318601373115765
Smp_345460	0.0101459349594648
Smp_345470	0.0847487062935582
Smp_345480	0.0272665604576808
Smp_345490	0.0537187625953299
Smp_345500	0.0410662381774096
Smp_345510	0.0416392031117352
Smp_345520	0.00704438472720581
Smp_345530	0.00618813279148831
Smp_345540	0.0101064310545248
Smp_345550	0.0393876378216957
Smp_345560	0.00752499011144194
Smp_345565	0.01942472172608
Smp_345570	0.0220348051007378
Smp_345580	0.00275316495667841
Smp_345600	0.0404325263322539
Smp_345610	0.0445004867253432
Smp_345620	0.0236634101318221
Smp_345630	0.0341848479076932
Smp_345640	0.042876972319354
Smp_345650	0.253761833435606
Smp_345660	5.04266064957083
Smp_345670	0.0275073413082808
Smp_345680	0.0638527185776831
Smp_345690	0.00999949655302847
Smp_345700	0.0111461760937283
Smp_345710	0.0161325581348782
Smp_345720	0.0347013829832372
Smp_345740	0.0278485462060179
Smp_345750	47.1907858142388
Smp_345760	0.0425229079490619
Smp_345770	0.0153246295686997
Smp_345780	0.00677460197587205
Smp_345800	0.0348122254544792
Smp_345810	0.0705692184700679
Smp_345820	0.305323266451683
Smp_345830	0.0351050371034909
Smp_345840	0.0170737892852723
Smp_345850	0.0363163831730463
Smp_345860	0.004346039882695
Smp_345870	0.0478279603838582
Smp_345880	0.0518655835528498
Smp_345885	0.0255647001969895
Smp_345890	0.0182253300607316
Smp_345900	0.0711852959330676
Smp_345910	0.0411225315269427
Smp_345920	0.00183966156683684
Smp_345930	0.140805058090744
Smp_345940	0.0331560031996509
Smp_345950	0.0153964735921249
Smp_345960	0.017595968658279
Smp_345970	0.020751541399014
Smp_345980	0.0881122367328877
Smp_345990	0.0222696820278034
Smp_346000	0.0397216391442633
Smp_346010	0.00760517207863916
Smp_346020	0.0532405253225619
Smp_346030	0.0102568359343261
Smp_346040	0.0296229299332167
Smp_346050	0.0751650998134571
Smp_346060	0.0163964040811455
Smp_346070	0.100789353790515
Smp_346080	0.0499553270306095
Smp_346090	0.0283642489967626
Smp_346100	0.531035495893425
Smp_346110	0.0218616345161491
Smp_346120	0.156777991545161
Smp_346130	0.108976420993159
Smp_346140	0.158826366987322
Smp_346150	0.0167185031938201
Smp_346160	0.00687096881976337
Smp_346170	0.134843945334069
Smp_346180	0.040416502701975
Smp_346190	0.00463727702490133
Smp_346200	0.0143479021119353
Smp_346220	0.0221345307140354
Smp_346230	0.00539981551203859
Smp_346240	0.318828405540871
Smp_346250	0.0400192755352745
Smp_346260	0.0153671649696063
Smp_346270	0.0264345033718965
Smp_346280	0.0346667097861871
Smp_346290	0.0564037010328428
Smp_346300	0.023639058388406
Smp_346310	0.045298986976698
Smp_346320	0.034141800677716
Smp_346330	0.0052054694863259
Smp_346340	0.0157314379944271
Smp_346350	0.00781722231806122
Smp_346360	0.00394016579920574
Smp_346370	0.229810248839237
Smp_346380	0.0254029231675292
Smp_346390	0.0178713700971281
Smp_346400	0.012696528596974
Smp_346410	0.0325396825358335
Smp_346420	0.0909849244233473
Smp_346430	0.0181915431983898
Smp_346440	0.00797135462983041
Smp_346450	0.0192308853483173
Smp_346460	0.0389479501898923
Smp_346470	0.0196098618316462
Smp_346480	0.00449974916472535
Smp_346490	0.014472203669954
Smp_346500	0.152810565620545
Smp_346510	0.0914365501354523
Smp_346520	0.252794844358322
Smp_346530	0.0204832526866833
Smp_346540	0.0211231380286996
Smp_346550	0.247732019232674
Smp_346570	0.0158008137315173
Smp_346580	0.0579423120895265
Smp_346585	0.0342468316208506
Smp_346590	0.00710034510971352
Smp_346600	60
Smp_346610	0.113172550438043
Smp_346620	0.0751006774147923
Smp_346630	0.0263149139023007
Smp_346640	0.0157878000662383
Smp_346650	0.00805929523203322
Smp_346660	0.0240807151541003
Smp_346670	0.00903212706220386
Smp_346680	0.0406886977631007
Smp_346690	0.0412673084858402
Smp_346700	0.0581410036538418
Smp_346720	0.0113353505171665
Smp_346750	0.0281811082127153
Smp_346760	0.0243491977784159
Smp_346770	0.095248964140466
Smp_346780	0.284185323595467
Smp_346790	0.0487497923323796
Smp_346800	0.0321547593393167
Smp_346810	0.0153901014891205
Smp_346820	60
Smp_346830	0.0616379330475024
Smp_346840	0.00548024430618904
Smp_346850	0.670393328647148
Smp_346860	0.413669652035978
Smp_346880	0.0389979376931911
Smp_346890	0.0102868596052567
Smp_346900	0.0418491142280256
Smp_346910	0.0636413341426549
Smp_346920	0.0185780036114259
Smp_346930	0.0216658015241296
Smp_346940	0.0237831259779354
Smp_346950	0.242717900922845
Smp_346960	4.78362576174034
Smp_346970	0.00682477839856101
Smp_346980	0.0025754572982026
Smp_346990	0.0147676572773713
Smp_347000	0.517892194554107
Smp_347010	0.0252042158038328
Smp_347020	0.00298590157068349
Smp_347030	0.0269941479299822
Smp_347040	0.0359725816099292
Smp_347050	0.0028562548990159
Smp_347060	0.0171993444794189
Smp_347070	0.0140692820404383
Smp_347080	0.0543829579024567
Smp_347090	0.0320962680402857
Smp_347100	0.0171445276661398
Smp_347110	0.0323756262411435
Smp_347120	0.515618308724262
Smp_347130	0.0570147185273428
Smp_347140	0.00735206831161985
Smp_347150	0.062474603035242
Smp_347160	0.00556606861638152
Smp_347170	0.0436748869462446
Smp_347180	0.108053866692898
Smp_347190	0.0538640574532127
Smp_347200	0.016493821712671
Smp_347210	0.0184881190057503
Smp_347220	0.0247536559243735
Smp_347230	0.0584764989880953
Smp_347240	0.0764256260015719
Smp_347250	0.0498272997107769
Smp_347260	18.3143964355426
Smp_347270	0.0194204198848812
Smp_347280	0.00912765605310602
Smp_347290	0.00628820778118607
Smp_347300	0.026598843470737
Smp_347310	0.0122679887914562
Smp_347330	0.012666337603186
Smp_347340	0.019875132848985
Smp_347350	0.00283241118081025
Smp_347360	0.00986534438971378
Smp_347370	0.138144493553191
Smp_347380	0.00710499491287077
Smp_347390	0.0103369004016743
Smp_347400	0.00970973671326021
Smp_347410	0.0771786862272573
Smp_347420	0.00697571009438673
Smp_347430	0.0235871269071559
Smp_347450	0.138772654276081
Smp_347460	0.0351493652218381
Smp_347470	0.410452029949744
Smp_347480	0.018384257662782
Smp_347500	0.0496509604436124
Smp_347510	0.0166727606143333
Smp_347520	0.22457355051232
Smp_347530	0.0129423239086577
Smp_347540	0.033647881826439
Smp_347550	0.027513238040829
Smp_347560	0.0482487726561714
Smp_347570	0.00605077737253065
Smp_347590	0.0139853333848145
Smp_347600	0.0465548595340963
Smp_347610	0.0228785133034865
Smp_347620	0.0633662859799814
Smp_347630	0.111691779076147
Smp_347640	0.0128574556276792
Smp_347650	0.0576907143169369
Smp_347660	0.0201918357593972
Smp_347670	0.0145134175849281
Smp_347680	0.0038040394266352
Smp_347690	0.0493366391605588
Smp_347700	0.0120179966177943
Smp_347710	0.165258264251575
Smp_347720	0.016041147971745
Smp_347730	0.0516810663942083
Smp_347740	0.0342623860871745
Smp_347760	0.0817480036017336
Smp_347770	0.0383728615604308
Smp_347780	0.181655409247952
Smp_347790	0.0445840809341349
Smp_347800	0.0597821851502725
Smp_347810	0.0177790272104323
Smp_347820	0.0156724622199103
Smp_347830	0.0080245251684635
Smp_347840	0.0632611766495818
Smp_347850	2.9141453942418
Smp_347860	0.0155916783961461
Smp_347870	3.39543652625724
Smp_347880	0.0487353639582822
Smp_347890	0.391983044975662
Smp_347900	0.0682049958502159
Smp_347910	0.00380175822844772
Smp_347920	0.0664455468246587
Smp_347930	0.00582100076146122
Smp_347940	0.00506456226467481
Smp_347950	0.0275921769277088
Smp_347960	0.0428976613425736
Smp_347990	0.0191401358651626
Smp_348000	60
Smp_348010	2.7725457383801
Smp_348040	14.2179391281238
Smp_348050	1.01049636166651
Smp_348060	0.0947417704547436
Smp_348070	0.051035356577819
Smp_348090	0.247238566794389
Smp_348100	0.141325421378182
Smp_348200	0.187853371371635
Smp_348210	0.023470137352102
Smp_348220	0.0493546358828919
Smp_348230	0.0480232442467242
Smp_348240	0.384504314776958
Smp_348250	0.279188736067998
Smp_348260	0.0415786421022261
Smp_348270	0.0360300558627526
Smp_348300	60
Smp_348310	0.684736754550502
Smp_348320	0.274523928794652
Smp_348330	0.0691385208044459
Smp_348340	0.0124199480999393
Smp_348400	0.0348701655668218
Smp_348460	0.285115974133362
Smp_348500	0.457804623646863
Smp_348510	0.0482961102396889
Smp_348520	1.55640805318819
Smp_348540	0.0432179239695163
Smp_348610	1.95567695079433
Smp_348670	0.593421683993192
Smp_348730	0.556621566643016
Smp_348770	0.547204020860623
Smp_348790	0.720139002610747
Smp_348800	0.728757436618176
Smp_348810	0.548391689964265
Smp_348820	0.48033036832076
Smp_348830	0.621055578938286
Smp_348840	0.618573314112158
Smp_348850	0.655649676034831
Smp_348910	0.221820989718788
Smp_348930	0.232759868005266
Smp_348940	0.701407989676272
Smp_348950	0.33767482523926
Smp_349010	0.0944503708020912
Smp_349020	0.0137056832591746
Smp_349030	0.0016445347748171
Smp_349040	0.00881449792474649
Smp_349050	1.02061928854748
Smp_349080	0.296770184884363
Smp_349090	4.64838909982799
Smp_349100	4.06231448657687
Smp_349110	0.100642047577394
Smp_349130	0.034286173147919
Smp_349140	0.352610578602349
Smp_349150	0.188319014309179
Smp_349170	0.650453879181624
Smp_349190	21.8849870160241
Smp_349210	0.731887815990562
Smp_349240	1.11454559476257
Smp_349250	0.320990564269974
Smp_349260	6.23941458412332
Smp_349270	60
Smp_349330	1.93306173481083
Smp_349340	0.571280722277726
Smp_349350	0.725708989593711
Smp_349360	4.41602735682373
Smp_349370	0.225222143585582
Smp_349380	18.1173378014262
Smp_349410	0.546720094207257
Smp_349420	0.0535591102179345
Smp_349440	0.167168935289027
Smp_349450	0.0162950694294022
Smp_349460	0.0440557795962075
Smp_349470	0.129611940157452
Smp_349480	0.129067900620367
Smp_349490	0.00602043748025096
Smp_349500	0.0429049060024637
Smp_349510	0.0266585248327176
Smp_349530	2.84584691350107
Smp_349540	0.176946343786803
Smp_349550	0.317534208111462
Smp_349560	2.18672067479448
Smp_349580	0.12675648597363
Smp_349590	0.0810989312375645
Smp_349600	0.119817994646189
Smp_349610	0.131768223337474
Smp_349620	0.0255551387124638
Smp_349630	6.36597342487617
Smp_349640	0.124448029832123
Smp_349650	0.326333159756419
Smp_349660	0.0211374509060608
Smp_349670	60
Smp_349680	13.5860063418996
Smp_349690	8.32859095482941
Smp_349700	60
Smp_349710	1.05594908695921
Smp_349720	6.17927944811925
Smp_349750	0.382447709714439
Smp_349760	0.97613112214213
Smp_349770	0.0246060807543299
Smp_349780	0.039428598330921
Smp_349810	0.418901880198667
Smp_349820	60
Smp_349830	0.280807802217021
Smp_349850	0.0221337926583458
Smp_349860	0.380744336131437
Smp_349870	0.0252871693660299
Smp_349880	0.0667513870512494
Smp_349890	0.368177341093654
Smp_349900	0.0323005809155604
Smp_349910	0.0285096707737617
Smp_349920	0.0235592019665315
Smp_349930	0.667085861877511
Smp_349940	0.0405407533716675
Smp_349950	0.0941210578421819
Smp_349960	0.0283043276026804
Smp_349970	0.0381053230066909
Smp_349980	0.114228474337641
Smp_349990	0.0464673444084945
Smp_350000	0.266638478785774
Smp_350010	0.0279414381383782
Smp_350020	0.0428761652645037
Smp_350030	0.00640243376692769
Smp_350040	0.06695494926826
Smp_350050	0.427083632014516
Smp_350060	0.0213353584152792
Smp_350070	0.0423575792813277
Smp_350080	0.172752816890701
Smp_350090	0.0384811145493133
Smp_350100	41.9822359368674
Smp_350110	0.0912035041179098
Smp_350120	0.158128836763539
Smp_350130	0.0124074270236851
Smp_350140	0.0727645159333004
Smp_350150	1.77533886325833
Smp_350160	8.49535048623204
Smp_350170	0.0571253590294499
Smp_350180	0.681057323735683
Smp_350200	0.00742270073527364
Smp_350210	0.261619280325673
Smp_350220	60
Smp_350230	2.12745157397414
Smp_350240	0.606379406878365
Smp_350250	0.00581234552036941
Smp_350260	0.0283883291577641
Smp_350270	0.0276439567376795
Smp_350280	0.0791240675948307
Smp_350290	0.12516903500514
Smp_350300	0.0487215008907374
Smp_350310	0.0744843764871323
Smp_350320	0.0764207196069344
Smp_350330	0.156457619821943
Smp_350340	0.0160463255877881
Smp_350350	0.0670236426310694
Smp_350360	0.0182730021712034
Smp_350370	0.0364857774571278
Smp_350380	0.0323247358838722
Smp_350390	0.0297944092325086
Smp_350400	0.0172184491493012
Smp_350410	0.0573066495059337
Smp_350430	0.0143856930696372
Smp_350440	18.8713364353662
Smp_350450	0.0154449230711494
Smp_350480	0.00434678370288803
Smp_350490	0.147595959041502
Smp_350500	0.0175091999139099
Smp_350520	49.6519807085618
Smp_350530	17.535029450325
Smp_900000	0.04023567619383
Smp_900010	0.0140809053159804
Smp_900020	0.0597994666257146
Smp_900030	0.0367013828705207
Smp_900040	0.0938593161917751
Smp_900050	0.0283161256552323
Smp_900060	0.0551974511984501
Smp_900070	0.0215682020427845
Smp_900080	0.0278571767198954
Smp_900090	0.0441475913797581
Smp_900100	0.0850925065823107
Smp_900110	0.0264096864009324
