sample_key	PRJNA602528__pzq_0h	PRJNA602528__pzq_0p25h	PRJNA602528__pzq_12h	PRJNA602528__pzq_1h	PRJNA602528__pzq_24h	PRJNA602528__pzq_3h	PRJNA602528__pzq_48h	PRJNA602528__pzq_6h	PRJNA602528__pzq_96h	PRJNA602528__pzq_9h	PRJNA597909__adult_control_r1	PRJNA597909__adult_control_r2	PRJNA597909__adult_control_r3	PRJNA597909__adult_control_r4	PRJNA597909__adult_control_r5	PRJNA597909__adult_pzq_r1	PRJNA597909__adult_pzq_r2	PRJNA597909__adult_pzq_r3	PRJNA597909__adult_pzq_r4	PRJNA597909__adult_pzq_r5	PRJNA597909__juvenile_control_r1	PRJNA597909__juvenile_control_r2	PRJNA597909__juvenile_control_r3	PRJNA597909__juvenile_control_r4	PRJNA597909__juvenile_control_r5	PRJNA597909__juvenile_pzq_r1	PRJNA597909__juvenile_pzq_r2	PRJNA597909__juvenile_pzq_r3	PRJNA597909__juvenile_pzq_r4	PRJNA597909__juvenile_pzq_r5	PRJEB14695__ovary_mixed_sex_r1	PRJEB14695__ovary_mixed_sex_r2	PRJEB14695__ovary_mixed_sex_r3	PRJEB14695__ovary_single_sex_r1	PRJEB14695__ovary_single_sex_r2	PRJEB14695__testis_mixed_sex_r1	PRJEB14695__testis_mixed_sex_r2	PRJEB14695__testis_mixed_sex_r3	PRJEB14695__testis_single_sex_r1	PRJEB14695__testis_single_sex_r2	PRJEB14695__testis_single_sex_r3	PRJEB14695__whole_female_mixed_sex_r1	PRJEB14695__whole_female_mixed_sex_r2	PRJEB14695__whole_female_mixed_sex_r3	PRJEB14695__whole_female_single_sex_r1	PRJEB14695__whole_female_single_sex_r2	PRJEB14695__whole_female_single_sex_r3	PRJEB14695__whole_male_mixed_sex_r1	PRJEB14695__whole_male_mixed_sex_r2	PRJEB14695__whole_male_mixed_sex_r3	PRJEB14695__whole_male_single_sex_r1	PRJEB14695__whole_male_single_sex_r2	PRJEB14695__whole_male_single_sex_r3	PRJEB32839__f_26d_juveniles_r1	PRJEB32839__f_26d_juveniles_r2	PRJEB32839__f_26d_juveniles_r3	PRJEB32839__f_26d_juveniles_r4	PRJEB32839__f_26d_juveniles_r5	PRJEB32839__f_2d_somules_r1	PRJEB32839__f_2d_somules_r2	PRJEB32839__f_2d_somules_r3	PRJEB32839__f_2d_somules_r4	PRJEB32839__f_2d_somules_r5	PRJEB32839__f_32d_sporocysts_r1	PRJEB32839__f_32d_sporocysts_r2	PRJEB32839__f_32d_sporocysts_r3	PRJEB32839__f_32d_sporocysts_r4	PRJEB32839__f_32d_sporocysts_r5	PRJEB32839__f_cercariae_r1	PRJEB32839__f_cercariae_r2	PRJEB32839__f_cercariae_r3	PRJEB32839__f_cercariae_r4	PRJEB32839__f_cercariae_r5	PRJEB32839__m_26d_juveniles_r1	PRJEB32839__m_26d_juveniles_r2	PRJEB32839__m_26d_juveniles_r3	PRJEB32839__m_26d_juveniles_r4	PRJEB32839__m_26d_juveniles_r5	PRJEB32839__m_2d_somules_r1	PRJEB32839__m_2d_somules_r2	PRJEB32839__m_2d_somules_r3	PRJEB32839__m_2d_somules_r4	PRJEB32839__m_2d_somules_r5	PRJEB32839__m_32d_sporocysts_r1	PRJEB32839__m_32d_sporocysts_r2	PRJEB32839__m_32d_sporocysts_r3	PRJEB32839__m_32d_sporocysts_r4	PRJEB32839__m_32d_sporocysts_r5	PRJEB32839__m_cercariae_r1	PRJEB32839__m_cercariae_r2	PRJEB32839__m_cercariae_r3	PRJEB32839__m_cercariae_r4	PRJEB32839__m_cercariae_r5	PRJEB32839__x_1d_sporocysts_r1	PRJEB32839__x_1d_sporocysts_r2	PRJEB32839__x_1d_sporocysts_r3	PRJEB32839__x_1d_sporocysts_r4	PRJEB32839__x_1d_sporocysts_r5	PRJEB32839__x_2d_somules_r1	PRJEB32839__x_2d_somules_r2	PRJEB32839__x_2d_somules_r3	PRJEB32839__x_2d_somules_r4	PRJEB32839__x_2d_somules_r5	PRJEB32839__x_32d_sporocysts_r1	PRJEB32839__x_32d_sporocysts_r2	PRJEB32839__x_32d_sporocysts_r3	PRJEB32839__x_32d_sporocysts_r4	PRJEB32839__x_32d_sporocysts_r5	PRJEB32839__x_5d_sporocysts_r1	PRJEB32839__x_5d_sporocysts_r2	PRJEB32839__x_5d_sporocysts_r3	PRJEB32839__x_5d_sporocysts_r4	PRJEB32839__x_5d_sporocysts_r5	PRJEB32839__x_cercariae_r1	PRJEB32839__x_cercariae_r2	PRJEB32839__x_cercariae_r3	PRJEB32839__x_cercariae_r4	PRJEB32839__x_cercariae_r5	PRJEB32839__x_eggs_r1	PRJEB32839__x_eggs_r2	PRJEB32839__x_eggs_r3	PRJEB32839__x_eggs_r4	PRJEB32839__x_eggs_r5	PRJEB32839__x_miracidia_r1	PRJEB32839__x_miracidia_r2	PRJEB32839__x_miracidia_r3	PRJEB32839__x_miracidia_r4	PRJEB32839__x_miracidia_r5	E-MTAB-451__adult_mixed_r1	E-MTAB-451__cercaria_whole_r1	E-MTAB-451__cercaria_whole_r2	E-MTAB-451__cercaria_whole_r3	E-MTAB-451__cercarial_tail_r1	E-MTAB-451__schistosomulum_24h_r1	E-MTAB-451__schistosomulum_24h_r2	E-MTAB-451__schistosomulum_24h_r3	E-MTAB-451__schistosomulum_24h_r4	E-MTAB-451__schistosomulum_3h_r1	E-MTAB-451__schistosomulum_3h_r2	PRJEB3190__schistosomulum_0h_r1	PRJEB3190__schistosomulum_0h_r2	PRJEB3190__schistosomulum_12h_r1	PRJEB3190__schistosomulum_12h_r2	PRJEB3190__schistosomulum_12h_r3	PRJEB3190__schistosomulum_24h_r1	PRJEB3190__schistosomulum_24h_r2	PRJEB3190__schistosomulum_24h_r3	PRJEB3190__schistosomulum_3h_r1	PRJEB3190__schistosomulum_3h_r2	PRJEB3190__schistosomulum_3h_r3	PRJEB3190__schistosomulum_48h_r1	PRJEB3190__schistosomulum_48h_r2	PRJEB3190__schistosomulum_48h_r3	PRJEB3190__schistosomulum_6h_r1	PRJEB3190__schistosomulum_6h_r2	PRJEB3190__schistosomulum_6h_r3	PRJEB3190__schistosomulum_72h_r1	PRJEB3190__schistosomulum_72h_r2	PRJEB3190__schistosomulum_72h_r3	E-ERAD-478__d21_female_paired_r1	E-ERAD-478__d21_female_paired_r2	E-ERAD-478__d21_female_paired_r3	E-ERAD-478__d21_female_paired_r4	E-ERAD-478__d21_female_unpaired_r1	E-ERAD-478__d21_female_unpaired_r2	E-ERAD-478__d21_female_unpaired_r3	E-ERAD-478__d21_female_unpaired_r4	E-ERAD-478__d21_female_unpaired_r5	E-ERAD-478__d21_male_paired_r1	E-ERAD-478__d21_male_paired_r2	E-ERAD-478__d21_male_paired_r3	E-ERAD-478__d21_male_paired_r4	E-ERAD-478__d21_male_unpaired_r1	E-ERAD-478__d21_male_unpaired_r2	E-ERAD-478__d21_male_unpaired_r3	E-ERAD-478__d21_male_unpaired_r4	E-ERAD-478__d28_female_paired_r1	E-ERAD-478__d28_female_paired_r2	E-ERAD-478__d28_female_paired_r3	E-ERAD-478__d28_female_paired_r4	E-ERAD-478__d28_female_unpaired_r1	E-ERAD-478__d28_female_unpaired_r2	E-ERAD-478__d28_female_unpaired_r3	E-ERAD-478__d28_male_paired_r1	E-ERAD-478__d28_male_paired_r2	E-ERAD-478__d28_male_paired_r3	E-ERAD-478__d28_male_paired_r4	E-ERAD-478__d28_male_unpaired_r1	E-ERAD-478__d28_male_unpaired_r2	E-ERAD-478__d28_male_unpaired_r3	E-ERAD-478__d35_female_paired_r1	E-ERAD-478__d35_female_paired_r2	E-ERAD-478__d35_female_paired_r3	E-ERAD-478__d35_female_unpaired_r1	E-ERAD-478__d35_female_unpaired_r2	E-ERAD-478__d35_female_unpaired_r3	E-ERAD-478__d35_male_paired_r1	E-ERAD-478__d35_male_paired_r2	E-ERAD-478__d35_male_paired_r3	E-ERAD-478__d35_male_unpaired_r1	E-ERAD-478__d35_male_unpaired_r2	E-ERAD-478__d35_male_unpaired_r3	E-ERAD-478__d35_male_unpaired_r4	E-ERAD-478__d38_female_paired_r1	E-ERAD-478__d38_female_paired_r2	E-ERAD-478__d38_female_paired_r3	E-ERAD-478__d38_female_unpaired_r1	E-ERAD-478__d38_female_unpaired_r2	E-ERAD-478__d38_female_unpaired_r3	E-ERAD-478__d38_female_unpaired_r4	E-ERAD-478__d38_male_paired_r1	E-ERAD-478__d38_male_paired_r2	E-ERAD-478__d38_male_paired_r3	E-ERAD-478__d38_male_unpaired_r1	E-ERAD-478__d38_male_unpaired_r2	E-ERAD-478__d38_male_unpaired_r3	E-ERAD-478__d38_male_unpaired_r4	E-ERAD-478__d38_male_unpaired_r5	E-ERAD-478__d38_male_unpaired_r6
PRJNA602528__pzq_0h	1.000000	0.993794	0.978176	0.993496	0.966901	0.990852	0.959000	0.989576	0.941430	0.988969	0.984776	0.987561	0.988024	0.987740	0.985976	0.969361	0.967996	0.965984	0.963821	0.965181	0.938558	0.927880	0.930430	0.940066	0.934429	0.927674	0.929783	0.923246	0.926424	0.933699	0.745569	0.752651	0.748834	0.764935	0.780165	0.705392	0.694167	0.705515	0.710976	0.698916	0.725451	0.923159	0.922919	0.917263	0.929774	0.939043	0.932221	0.930345	0.921479	0.924715	0.922217	0.920453	0.918235	0.925040	0.920857	0.925163	0.915890	0.913302	0.843481	0.831121	0.834227	0.834469	0.836864	0.709291	0.719126	0.710944	0.709383	0.720278	0.757587	0.761557	0.764868	0.761881	0.761932	0.903995	0.908683	0.906258	0.905228	0.909438	0.848384	0.844936	0.845409	0.844960	0.846725	0.718907	0.727474	0.713098	0.715193	0.721754	0.762576	0.763732	0.760836	0.761055	0.764018	0.672501	0.681622	0.673019	0.670657	0.676561	0.851545	0.835173	0.843248	0.832698	0.832014	0.703947	0.712798	0.706773	0.703877	0.709196	0.676142	0.692345	0.685937	0.688060	0.688446	0.758803	0.755886	0.762984	0.754688	0.760463	0.656543	0.636143	0.660271	0.627940	0.638223	0.640143	0.675585	0.573869	0.671794	0.671262	0.877632	0.724064	0.719620	0.728139	0.710941	0.779485	0.779367	0.775685	0.779634	0.718692	0.729660	0.772079	0.782367	0.817511	0.789238	0.811776	0.822716	0.833768	0.827224	0.768654	0.757808	0.846308	0.837746	0.780047	0.827895	0.796204	0.783469	0.810068	0.844357	0.832906	0.835603	0.908334	0.901776	0.903218	0.903157	0.900304	0.898145	0.896015	0.900719	0.893694	0.905046	0.901370	0.902664	0.909628	0.896754	0.900033	0.893193	0.901854	0.961614	0.926854	0.959577	0.966288	0.919270	0.905322	0.908432	0.951518	0.948332	0.948631	0.912443	0.925310	0.921204	0.910184	0.941481	0.944125	0.961706	0.921605	0.916298	0.917487	0.933331	0.935050	0.935908	0.927248	0.933361	0.931887	0.905684	0.935336	0.909451	0.953336	0.919046	0.915287	0.913360	0.911594	0.931689	0.931561	0.929820	0.907992	0.936494	0.930674	0.927964	0.928727	0.932944
PRJNA602528__pzq_0p25h	0.993794	1.000000	0.972966	0.988127	0.961499	0.985295	0.956926	0.985415	0.943116	0.986159	0.977309	0.980273	0.981317	0.980069	0.979344	0.960823	0.959699	0.958277	0.955965	0.957147	0.930261	0.919942	0.921774	0.930749	0.924971	0.919150	0.920782	0.915116	0.917956	0.925137	0.737912	0.744194	0.740834	0.756561	0.772595	0.700783	0.689289	0.700399	0.705717	0.693472	0.719625	0.916871	0.918765	0.913340	0.922862	0.932732	0.925807	0.926195	0.915053	0.918431	0.915850	0.914362	0.911488	0.918626	0.914291	0.918906	0.908934	0.906419	0.834699	0.821871	0.824858	0.825465	0.827692	0.703645	0.714407	0.705833	0.704407	0.714740	0.749061	0.752518	0.755353	0.752932	0.754063	0.896995	0.901459	0.898933	0.898515	0.902384	0.838198	0.835385	0.835437	0.835059	0.836871	0.713419	0.722901	0.707584	0.709924	0.716457	0.754221	0.754528	0.752466	0.752143	0.755941	0.666182	0.675509	0.666373	0.664943	0.671008	0.842021	0.825786	0.833156	0.823124	0.822643	0.698228	0.707127	0.701216	0.698743	0.703804	0.669138	0.685742	0.678954	0.680722	0.681153	0.750103	0.746912	0.754112	0.746116	0.751976	0.649861	0.630347	0.653100	0.621476	0.630583	0.633904	0.668849	0.568444	0.665548	0.665675	0.867878	0.713145	0.712955	0.721299	0.700771	0.769643	0.769536	0.767339	0.770154	0.708005	0.720636	0.761077	0.770630	0.807882	0.777993	0.801167	0.810542	0.823917	0.816390	0.759012	0.745980	0.835120	0.826315	0.769288	0.816856	0.786335	0.773059	0.799107	0.832645	0.821335	0.823471	0.900260	0.893097	0.896441	0.895619	0.893137	0.890399	0.888348	0.893213	0.886379	0.896614	0.892575	0.894188	0.901312	0.888399	0.891386	0.886445	0.893402	0.955060	0.920155	0.954872	0.960529	0.912121	0.897152	0.900995	0.944366	0.942111	0.941526	0.905027	0.918211	0.915093	0.902684	0.937849	0.940889	0.958469	0.915465	0.909231	0.911150	0.927249	0.929600	0.930060	0.920161	0.927329	0.925486	0.899926	0.932303	0.906609	0.949893	0.912067	0.908667	0.906362	0.904364	0.926532	0.926115	0.924160	0.901952	0.931053	0.924663	0.921436	0.922283	0.926724
PRJNA602528__pzq_12h	0.978176	0.972966	1.000000	0.982904	0.988549	0.982433	0.974278	0.989435	0.948906	0.985056	0.971240	0.974612	0.976978	0.976365	0.976849	0.974314	0.973041	0.973247	0.976579	0.976688	0.929768	0.920654	0.921224	0.928333	0.924288	0.921583	0.924271	0.920272	0.923849	0.928705	0.760205	0.768784	0.763707	0.781728	0.796649	0.713782	0.704245	0.716667	0.723728	0.713509	0.737582	0.913680	0.929373	0.926165	0.921036	0.931681	0.924346	0.936808	0.916696	0.918916	0.914427	0.913324	0.913513	0.916942	0.913348	0.915444	0.907438	0.905145	0.847534	0.838388	0.841129	0.842664	0.845635	0.716033	0.725388	0.715246	0.713231	0.727077	0.764492	0.769742	0.772805	0.771001	0.769184	0.891906	0.895275	0.895096	0.892460	0.896468	0.847755	0.841494	0.846208	0.848209	0.846099	0.724697	0.737961	0.719377	0.719225	0.726832	0.770632	0.771672	0.769756	0.769394	0.772727	0.697430	0.702299	0.704886	0.696493	0.700969	0.853928	0.842052	0.845112	0.838334	0.840159	0.712151	0.729995	0.720498	0.715588	0.721238	0.699954	0.715132	0.707832	0.708431	0.710657	0.765388	0.761878	0.770860	0.762384	0.767954	0.669404	0.652796	0.679950	0.645750	0.653950	0.650028	0.699119	0.582934	0.692222	0.687476	0.893500	0.737970	0.729742	0.738097	0.726015	0.783941	0.783615	0.777977	0.782226	0.741792	0.743676	0.780557	0.791431	0.825879	0.799968	0.818749	0.826218	0.841159	0.832426	0.783283	0.773580	0.847432	0.840901	0.796066	0.826178	0.807352	0.793510	0.816743	0.842206	0.834454	0.830127	0.897953	0.887456	0.894270	0.893192	0.888787	0.890203	0.891324	0.890970	0.887633	0.889802	0.886211	0.886051	0.894900	0.878119	0.884081	0.885865	0.888532	0.948336	0.912850	0.944048	0.953583	0.908152	0.893733	0.897236	0.935545	0.932615	0.933929	0.897175	0.909897	0.906439	0.897588	0.941907	0.942737	0.951672	0.910634	0.901271	0.906218	0.919454	0.919306	0.919699	0.912665	0.916590	0.916313	0.892052	0.929974	0.905736	0.947352	0.906588	0.903128	0.899937	0.899819	0.915152	0.914343	0.912687	0.896370	0.920911	0.914553	0.913663	0.914177	0.915789
PRJNA602528__pzq_1h	0.993496	0.988127	0.982904	1.000000	0.971609	0.995359	0.958637	0.992422	0.936869	0.991096	0.984703	0.989723	0.990545	0.989927	0.989837	0.972285	0.970235	0.968100	0.967079	0.968477	0.939811	0.929405	0.931164	0.939800	0.934070	0.927820	0.930249	0.924281	0.927463	0.934566	0.746376	0.753716	0.749113	0.765574	0.780636	0.705737	0.694298	0.705675	0.711975	0.698845	0.727514	0.919643	0.931235	0.926831	0.929591	0.939430	0.933021	0.936637	0.921608	0.924544	0.921430	0.919359	0.917452	0.920294	0.916248	0.920299	0.910197	0.908046	0.839907	0.825015	0.828255	0.829276	0.831254	0.706809	0.717507	0.708940	0.708021	0.718350	0.753830	0.758409	0.760785	0.757035	0.757716	0.900985	0.905931	0.902547	0.900819	0.905392	0.844316	0.841101	0.840179	0.840876	0.841803	0.716090	0.727237	0.709538	0.711828	0.720235	0.759432	0.760610	0.757971	0.757400	0.761686	0.671068	0.681999	0.670287	0.668198	0.674885	0.846805	0.830369	0.839952	0.826590	0.825714	0.702917	0.711644	0.705723	0.703017	0.707648	0.675872	0.690438	0.685353	0.687642	0.687516	0.756743	0.752218	0.759399	0.750969	0.758208	0.652605	0.630527	0.657161	0.623066	0.633547	0.642581	0.673112	0.581188	0.668150	0.667330	0.880798	0.722731	0.715081	0.723951	0.708503	0.772242	0.771624	0.766785	0.771149	0.717372	0.722518	0.773260	0.782457	0.813739	0.784423	0.807345	0.819127	0.829843	0.823284	0.766228	0.755206	0.843386	0.833648	0.776935	0.827885	0.792009	0.779892	0.805324	0.842468	0.830659	0.832245	0.903757	0.895616	0.899106	0.896932	0.894041	0.892331	0.891414	0.894798	0.888724	0.897078	0.894083	0.896587	0.904908	0.889148	0.892969	0.888666	0.896212	0.959873	0.921884	0.955698	0.963918	0.915126	0.901943	0.903501	0.947970	0.945333	0.945183	0.907338	0.921033	0.916527	0.906198	0.946264	0.947511	0.961187	0.916822	0.912307	0.911797	0.930511	0.931025	0.931865	0.923490	0.928035	0.927665	0.905262	0.938623	0.915283	0.955070	0.914344	0.910454	0.907224	0.907056	0.926719	0.927197	0.924877	0.904056	0.932208	0.926438	0.926026	0.923608	0.926935
PRJNA602528__pzq_24h	0.966901	0.961499	0.988549	0.971609	1.000000	0.971213	0.985378	0.979573	0.960428	0.973468	0.964316	0.967729	0.966640	0.968336	0.967963	0.977230	0.978682	0.980222	0.985171	0.985251	0.929072	0.920469	0.920654	0.926679	0.923872	0.924988	0.926180	0.926222	0.931021	0.932268	0.770770	0.777421	0.773428	0.788105	0.803603	0.722913	0.710321	0.722801	0.731502	0.719788	0.747558	0.910861	0.927746	0.926120	0.921719	0.931336	0.924816	0.932975	0.916053	0.917353	0.912604	0.911961	0.913529	0.913744	0.911118	0.912607	0.904830	0.902860	0.859630	0.847785	0.850537	0.853514	0.855629	0.727476	0.734963	0.726918	0.725011	0.738934	0.775959	0.778987	0.782863	0.780104	0.781374	0.890386	0.893603	0.893705	0.889326	0.894237	0.859026	0.853227	0.856470	0.860258	0.856796	0.735028	0.749632	0.730801	0.730471	0.738126	0.782824	0.784361	0.782548	0.781970	0.785062	0.715674	0.723549	0.720766	0.713858	0.718602	0.866964	0.852700	0.857287	0.849297	0.851269	0.724581	0.745200	0.733939	0.728720	0.734485	0.713825	0.731796	0.725091	0.725901	0.728135	0.777384	0.773571	0.782771	0.773019	0.782410	0.691962	0.671330	0.702139	0.665705	0.675161	0.674308	0.718470	0.607152	0.712228	0.706224	0.899105	0.744802	0.736771	0.745277	0.732697	0.786223	0.785923	0.779657	0.783957	0.748312	0.747669	0.793064	0.805408	0.838722	0.812898	0.831098	0.835501	0.855151	0.845451	0.793669	0.781787	0.860758	0.853497	0.806570	0.840136	0.818699	0.804596	0.828277	0.852270	0.847218	0.838934	0.897791	0.886922	0.893426	0.891943	0.886697	0.889289	0.891525	0.889834	0.888682	0.888095	0.883957	0.883274	0.895895	0.874915	0.882020	0.887138	0.887083	0.939141	0.906785	0.935149	0.943806	0.904906	0.894505	0.895250	0.928241	0.925466	0.925865	0.890776	0.904430	0.901384	0.893983	0.938542	0.937917	0.945813	0.909701	0.904358	0.904777	0.916233	0.913509	0.914603	0.909318	0.911596	0.912157	0.894521	0.929567	0.907101	0.941323	0.908025	0.904660	0.900797	0.901098	0.910643	0.910015	0.907841	0.895961	0.917035	0.912608	0.914100	0.911256	0.911590
PRJNA602528__pzq_3h	0.990852	0.985295	0.982433	0.995359	0.971213	1.000000	0.957418	0.992011	0.931724	0.991727	0.979988	0.985678	0.986059	0.986071	0.987083	0.966482	0.965122	0.962858	0.962512	0.964539	0.933405	0.922057	0.923551	0.931337	0.926908	0.920917	0.922011	0.916446	0.920450	0.927745	0.754670	0.762081	0.757113	0.770982	0.785567	0.710290	0.698150	0.708882	0.715797	0.702138	0.732332	0.910701	0.937825	0.934115	0.927131	0.937491	0.931323	0.942340	0.913739	0.916905	0.915134	0.912887	0.911255	0.914993	0.911179	0.915388	0.904148	0.901947	0.837242	0.821999	0.824683	0.826253	0.828511	0.704745	0.715659	0.707724	0.707830	0.718079	0.751676	0.755175	0.757469	0.752304	0.755831	0.892755	0.898507	0.894748	0.891774	0.896192	0.839071	0.836521	0.835238	0.836787	0.837478	0.714064	0.726890	0.709798	0.709601	0.718492	0.755842	0.757011	0.754627	0.754656	0.759349	0.674972	0.687406	0.673780	0.672086	0.678790	0.843409	0.826146	0.837307	0.821970	0.821895	0.703279	0.712846	0.706946	0.703954	0.708256	0.679662	0.693026	0.688001	0.689412	0.689356	0.754140	0.748049	0.756027	0.747411	0.756871	0.654396	0.629248	0.658527	0.622929	0.633625	0.649394	0.675699	0.592721	0.670347	0.668726	0.879213	0.718677	0.712140	0.721294	0.705822	0.762904	0.762636	0.757983	0.762205	0.715594	0.713434	0.768211	0.778098	0.808928	0.781604	0.803417	0.815925	0.827598	0.820538	0.760320	0.750889	0.839757	0.828745	0.773385	0.826519	0.786451	0.776185	0.800916	0.838917	0.826495	0.826833	0.898194	0.887805	0.893033	0.891394	0.887323	0.886915	0.886596	0.889022	0.883732	0.889483	0.885259	0.886515	0.897476	0.878744	0.884053	0.880822	0.888981	0.954816	0.913753	0.951129	0.961195	0.908781	0.896107	0.896602	0.940968	0.937554	0.937554	0.897020	0.911972	0.906833	0.897211	0.952168	0.953461	0.961483	0.911811	0.907344	0.905746	0.920840	0.921828	0.922541	0.914110	0.919093	0.919193	0.903028	0.946191	0.925796	0.959068	0.908977	0.905094	0.900523	0.900927	0.916846	0.917673	0.914992	0.895283	0.923888	0.919162	0.921000	0.914790	0.917755
PRJNA602528__pzq_48h	0.959000	0.956926	0.974278	0.958637	0.985378	0.957418	1.000000	0.967009	0.976399	0.963671	0.953672	0.954522	0.956221	0.956208	0.955433	0.974189	0.975169	0.976065	0.980414	0.980818	0.917242	0.910226	0.910829	0.916025	0.913951	0.918945	0.923040	0.921720	0.925840	0.925234	0.751851	0.758668	0.754439	0.773260	0.789400	0.713587	0.699726	0.711863	0.721504	0.709955	0.735535	0.911287	0.907277	0.906777	0.914948	0.922953	0.917091	0.916509	0.913683	0.912821	0.909412	0.908480	0.910197	0.910343	0.907286	0.909614	0.904095	0.901298	0.858057	0.844757	0.847253	0.849814	0.852384	0.718439	0.725060	0.718135	0.716992	0.727500	0.768184	0.770753	0.774860	0.772834	0.775372	0.889406	0.892613	0.891857	0.888327	0.892178	0.857805	0.853355	0.854875	0.858899	0.856678	0.725669	0.741879	0.720336	0.721038	0.728387	0.775515	0.777526	0.776047	0.775154	0.778541	0.710755	0.715026	0.713868	0.708651	0.713680	0.865405	0.852052	0.856498	0.846804	0.847303	0.715494	0.737299	0.724194	0.719328	0.723947	0.707335	0.726785	0.720042	0.719990	0.722427	0.769738	0.766404	0.775244	0.765619	0.774531	0.696684	0.675871	0.704519	0.670632	0.681163	0.671105	0.713450	0.606156	0.708838	0.703279	0.886639	0.733001	0.731218	0.739227	0.719793	0.787599	0.787350	0.782714	0.786406	0.737579	0.748790	0.786624	0.795205	0.833857	0.809014	0.826774	0.833586	0.847411	0.840700	0.789296	0.777456	0.853056	0.850164	0.801630	0.836418	0.814723	0.802290	0.824495	0.848798	0.844421	0.837243	0.889905	0.880678	0.888418	0.886284	0.882999	0.882352	0.884268	0.883908	0.882154	0.882125	0.878736	0.880069	0.890473	0.872109	0.877746	0.884228	0.881588	0.927256	0.902310	0.925720	0.932637	0.901227	0.891528	0.893094	0.920271	0.917960	0.917914	0.888148	0.900067	0.898222	0.889396	0.920364	0.920915	0.934029	0.907623	0.902391	0.903838	0.913410	0.910206	0.911325	0.905280	0.908167	0.908703	0.889142	0.912939	0.889436	0.925151	0.905611	0.902003	0.899957	0.898066	0.908039	0.907248	0.904774	0.892738	0.912514	0.908358	0.907824	0.907850	0.908047
PRJNA602528__pzq_6h	0.989576	0.985415	0.989435	0.992422	0.979573	0.992011	0.967009	1.000000	0.943681	0.992261	0.980545	0.985502	0.985412	0.985826	0.986254	0.972904	0.972101	0.970597	0.970521	0.971673	0.936048	0.925364	0.926888	0.934964	0.929864	0.925121	0.927489	0.921847	0.925471	0.932348	0.752683	0.759641	0.755307	0.769878	0.785037	0.711555	0.699121	0.711541	0.717504	0.705919	0.734436	0.917493	0.932617	0.928580	0.930145	0.939791	0.933562	0.938309	0.919885	0.923002	0.920991	0.919259	0.917763	0.920460	0.916299	0.920058	0.910209	0.907888	0.842833	0.829067	0.832218	0.833452	0.835774	0.711914	0.721389	0.712911	0.712516	0.723370	0.757164	0.760470	0.763182	0.759455	0.762051	0.898689	0.903470	0.900629	0.898090	0.902021	0.844635	0.841639	0.841637	0.843281	0.842703	0.720476	0.733189	0.714582	0.715968	0.724806	0.762919	0.763412	0.761580	0.760930	0.765424	0.681640	0.691467	0.682224	0.679224	0.685502	0.849159	0.832782	0.841391	0.828700	0.829596	0.708712	0.720623	0.712501	0.709146	0.714581	0.682456	0.699634	0.693500	0.693962	0.694773	0.759158	0.754061	0.761890	0.753222	0.762722	0.662961	0.643844	0.668565	0.635222	0.643444	0.650539	0.683661	0.587323	0.678936	0.677241	0.884093	0.721769	0.713718	0.723124	0.709874	0.769231	0.769052	0.764150	0.768538	0.719127	0.721519	0.774511	0.783023	0.816923	0.788442	0.810267	0.820172	0.833468	0.826305	0.769921	0.757122	0.845172	0.835085	0.780190	0.829036	0.795140	0.783541	0.807619	0.842755	0.832635	0.831295	0.902188	0.892914	0.898405	0.896445	0.892037	0.891683	0.891520	0.893943	0.888411	0.894628	0.891803	0.892614	0.903270	0.885114	0.889674	0.887805	0.894098	0.957063	0.919338	0.953674	0.962527	0.914143	0.900238	0.901740	0.945399	0.942752	0.942439	0.904228	0.918677	0.914254	0.903674	0.949032	0.950163	0.961737	0.917574	0.911892	0.911615	0.928832	0.929356	0.930045	0.921909	0.926138	0.925608	0.906737	0.942401	0.919295	0.955710	0.913584	0.910883	0.907516	0.907127	0.924891	0.924670	0.922541	0.904028	0.931263	0.925999	0.927145	0.923204	0.925689
PRJNA602528__pzq_96h	0.941430	0.943116	0.948906	0.936869	0.960428	0.931724	0.976399	0.943681	1.000000	0.941054	0.940365	0.935871	0.939555	0.939733	0.938148	0.964760	0.966174	0.967040	0.967108	0.966327	0.925706	0.923731	0.924128	0.926155	0.926151	0.933824	0.938965	0.938729	0.939698	0.939146	0.730072	0.736222	0.733658	0.765631	0.781622	0.705042	0.694637	0.706646	0.715915	0.705579	0.724551	0.922669	0.870303	0.868780	0.911818	0.917246	0.915949	0.882109	0.922181	0.917640	0.915805	0.915035	0.917183	0.920286	0.918064	0.918499	0.916865	0.915211	0.862652	0.858186	0.860139	0.860826	0.863021	0.712283	0.718256	0.707610	0.702544	0.716595	0.771167	0.777325	0.781555	0.784329	0.777032	0.903948	0.903441	0.907054	0.906804	0.908748	0.866620	0.858934	0.865556	0.867044	0.867052	0.719596	0.733272	0.710382	0.714832	0.720832	0.783091	0.784202	0.779663	0.781079	0.782397	0.696253	0.691816	0.702172	0.695384	0.698598	0.871696	0.862230	0.860040	0.861876	0.860610	0.701593	0.723092	0.709361	0.703730	0.712165	0.693651	0.712785	0.704484	0.706026	0.708171	0.772444	0.772795	0.781290	0.773881	0.772898	0.689957	0.675979	0.700707	0.671161	0.680779	0.637461	0.702967	0.564249	0.700565	0.693987	0.879357	0.745801	0.747091	0.754660	0.729611	0.813502	0.810794	0.808025	0.811475	0.748245	0.770128	0.788276	0.795258	0.842751	0.809770	0.831111	0.838444	0.854475	0.842343	0.791669	0.782206	0.851148	0.852266	0.806821	0.827604	0.822236	0.802200	0.829446	0.849077	0.842909	0.839915	0.900914	0.896311	0.905564	0.902881	0.900475	0.896744	0.898346	0.899305	0.896631	0.899303	0.896860	0.898392	0.901517	0.891086	0.896306	0.904359	0.895535	0.921287	0.915591	0.921289	0.921826	0.913325	0.903282	0.909267	0.920291	0.920014	0.921539	0.905059	0.911236	0.912057	0.906073	0.887228	0.888791	0.914399	0.917930	0.903303	0.916238	0.919318	0.917050	0.916940	0.915280	0.915312	0.916263	0.880741	0.879446	0.848308	0.899230	0.915644	0.913243	0.912018	0.909708	0.917993	0.915239	0.915104	0.909385	0.918545	0.913365	0.904591	0.919077	0.916640
PRJNA602528__pzq_9h	0.988969	0.986159	0.985056	0.991096	0.973468	0.991727	0.963671	0.992261	0.941054	1.000000	0.975168	0.978814	0.981035	0.979887	0.982276	0.967606	0.965386	0.962431	0.962999	0.963465	0.927838	0.917239	0.918814	0.926135	0.921526	0.915781	0.918633	0.913042	0.915663	0.923325	0.738493	0.747222	0.741360	0.758411	0.772966	0.701733	0.690734	0.700803	0.707342	0.694484	0.722318	0.913841	0.926641	0.923733	0.925063	0.935002	0.928652	0.934505	0.914584	0.916575	0.914495	0.912908	0.912110	0.913034	0.908082	0.913438	0.902459	0.899671	0.834218	0.820055	0.822597	0.823281	0.826200	0.699271	0.710816	0.702574	0.703412	0.710255	0.749084	0.752219	0.754393	0.749993	0.753975	0.891343	0.897243	0.892393	0.889857	0.894402	0.835763	0.833298	0.832925	0.833568	0.835063	0.708181	0.723046	0.703292	0.704599	0.712211	0.754003	0.754040	0.752532	0.752023	0.756892	0.667604	0.676428	0.668435	0.665484	0.672318	0.839304	0.824125	0.833404	0.817478	0.817902	0.697395	0.706514	0.699217	0.698229	0.702540	0.670821	0.685763	0.679116	0.680113	0.680884	0.750504	0.744932	0.752457	0.744424	0.753266	0.647797	0.628139	0.651688	0.620699	0.627523	0.640080	0.667450	0.583347	0.663246	0.661716	0.877297	0.714714	0.712277	0.720776	0.703860	0.762196	0.762532	0.759016	0.762498	0.714938	0.715353	0.762976	0.770635	0.803090	0.777027	0.798811	0.811892	0.819533	0.815954	0.758449	0.749664	0.833967	0.825267	0.771740	0.821402	0.781440	0.772388	0.795951	0.834065	0.822916	0.823171	0.893926	0.883669	0.889850	0.887345	0.884924	0.883279	0.882137	0.884632	0.878368	0.885722	0.882331	0.884616	0.894510	0.877018	0.881757	0.878418	0.885175	0.951481	0.911981	0.947733	0.957785	0.908482	0.894216	0.895251	0.939627	0.935884	0.935959	0.896399	0.911341	0.906519	0.895904	0.942322	0.943348	0.955655	0.910379	0.905335	0.904312	0.921434	0.921657	0.922087	0.913963	0.919426	0.918975	0.899291	0.935177	0.913051	0.949514	0.906434	0.902618	0.899174	0.898809	0.916598	0.915884	0.914227	0.893665	0.922970	0.916777	0.918137	0.914060	0.917544
PRJNA597909__adult_control_r1	0.984776	0.977309	0.971240	0.984703	0.964316	0.979988	0.953672	0.980545	0.940365	0.975168	1.000000	0.995752	0.994226	0.995375	0.993641	0.982250	0.982358	0.980174	0.975091	0.977513	0.960954	0.952112	0.954723	0.963532	0.958074	0.951244	0.954639	0.948689	0.949869	0.956511	0.734964	0.739086	0.737182	0.760188	0.775246	0.706228	0.693390	0.704270	0.709830	0.697558	0.728351	0.934950	0.904235	0.899729	0.938380	0.942884	0.941393	0.907915	0.937321	0.938165	0.939245	0.937920	0.938566	0.933954	0.929754	0.934379	0.924227	0.922917	0.859389	0.842067	0.845483	0.845516	0.848182	0.718141	0.725956	0.721429	0.718881	0.726402	0.773485	0.777209	0.780169	0.774139	0.776747	0.927823	0.932507	0.928896	0.926382	0.929834	0.868072	0.866662	0.864885	0.864700	0.867050	0.726722	0.735236	0.717259	0.723767	0.732562	0.781515	0.782678	0.779222	0.779302	0.782307	0.676042	0.690459	0.672421	0.671514	0.679434	0.868086	0.850523	0.861361	0.845762	0.843289	0.712817	0.718220	0.709516	0.707099	0.714329	0.676007	0.694089	0.687993	0.689791	0.689719	0.777244	0.772531	0.779012	0.770273	0.778559	0.665643	0.641554	0.666895	0.636185	0.647511	0.657234	0.680734	0.591816	0.677320	0.677301	0.883571	0.730339	0.721298	0.729732	0.718258	0.780884	0.779129	0.776586	0.780644	0.724554	0.730571	0.791303	0.798103	0.830331	0.800000	0.822770	0.836735	0.846919	0.839697	0.780281	0.766534	0.858476	0.850216	0.787557	0.847349	0.807077	0.796367	0.819726	0.862393	0.850221	0.851931	0.923351	0.921960	0.917612	0.915035	0.913964	0.909361	0.909019	0.914229	0.907268	0.922833	0.923160	0.926059	0.932607	0.920588	0.921099	0.912132	0.924083	0.966612	0.942462	0.964387	0.965054	0.929205	0.922260	0.920389	0.965122	0.964366	0.962208	0.932819	0.946945	0.943194	0.932066	0.926426	0.928027	0.955519	0.933355	0.933900	0.928987	0.954153	0.954195	0.955570	0.950293	0.955173	0.953442	0.932811	0.927023	0.901843	0.940425	0.932110	0.929864	0.928484	0.924900	0.952478	0.954541	0.950909	0.930980	0.957679	0.954600	0.953796	0.950053	0.954316
PRJNA597909__adult_control_r2	0.987561	0.980273	0.974612	0.989723	0.967729	0.985678	0.954522	0.985502	0.935871	0.978814	0.995752	1.000000	0.995628	0.996847	0.994681	0.979130	0.979215	0.976853	0.973660	0.976477	0.954569	0.944597	0.947283	0.957084	0.950349	0.944097	0.946168	0.940451	0.943252	0.949578	0.742655	0.746936	0.744658	0.764497	0.779978	0.709072	0.694255	0.706246	0.712660	0.699439	0.731350	0.927905	0.916768	0.911269	0.937316	0.943417	0.939671	0.919220	0.931182	0.933561	0.933700	0.932222	0.931844	0.928450	0.924833	0.928961	0.918978	0.917138	0.854008	0.835729	0.840020	0.840598	0.842745	0.716826	0.725247	0.719736	0.718415	0.727353	0.767791	0.771462	0.774504	0.768100	0.771425	0.918006	0.923367	0.919393	0.916279	0.920981	0.861602	0.859816	0.857005	0.857966	0.858797	0.725236	0.733894	0.716753	0.721407	0.731379	0.775149	0.775902	0.773401	0.772889	0.776611	0.678433	0.693638	0.674558	0.673881	0.681487	0.862593	0.843478	0.855526	0.839335	0.837530	0.712115	0.718866	0.710240	0.707279	0.713898	0.678237	0.695920	0.690702	0.692758	0.692678	0.772457	0.766627	0.773305	0.764187	0.774340	0.665835	0.639211	0.666828	0.633866	0.646335	0.660070	0.681608	0.596531	0.677559	0.677626	0.881855	0.726565	0.717037	0.725198	0.712770	0.774632	0.773235	0.770012	0.774146	0.719544	0.723700	0.787082	0.794914	0.826444	0.795933	0.817549	0.831596	0.843244	0.835362	0.775377	0.761418	0.855386	0.845367	0.783673	0.843711	0.802383	0.791459	0.815054	0.857453	0.845280	0.846528	0.917945	0.914004	0.911642	0.909024	0.907390	0.904478	0.903574	0.908058	0.901549	0.914555	0.913696	0.915875	0.924958	0.909910	0.911328	0.903949	0.915194	0.965424	0.934894	0.962468	0.965167	0.924177	0.916243	0.914281	0.960072	0.958726	0.956638	0.923737	0.938589	0.934196	0.923212	0.936417	0.937762	0.959590	0.928698	0.929038	0.923534	0.947191	0.946658	0.948382	0.941995	0.946861	0.945803	0.927778	0.935875	0.912158	0.947900	0.927180	0.924606	0.922259	0.920157	0.943965	0.946004	0.942041	0.922621	0.950204	0.946843	0.948039	0.941699	0.945879
PRJNA597909__adult_control_r3	0.988024	0.981317	0.976978	0.990545	0.966640	0.986059	0.956221	0.985412	0.939555	0.981035	0.994226	0.995628	1.000000	0.996244	0.995198	0.981543	0.979986	0.977393	0.974284	0.976443	0.952671	0.943881	0.946502	0.954754	0.949109	0.942990	0.946910	0.940395	0.942591	0.948987	0.728235	0.733941	0.730728	0.754442	0.770098	0.697875	0.684802	0.696491	0.702972	0.690205	0.719870	0.932008	0.910738	0.905891	0.935947	0.941957	0.938174	0.915828	0.933917	0.935214	0.935450	0.933683	0.933072	0.929646	0.925606	0.929551	0.920613	0.918807	0.851802	0.834075	0.838051	0.838330	0.840612	0.706413	0.715233	0.709559	0.707977	0.715737	0.763593	0.768585	0.771103	0.765907	0.767680	0.920051	0.924862	0.920624	0.918838	0.923139	0.859626	0.857147	0.855101	0.855175	0.856873	0.714849	0.725132	0.705342	0.710868	0.720914	0.771128	0.771542	0.768879	0.768431	0.772768	0.666951	0.679338	0.663638	0.662604	0.670094	0.859617	0.842504	0.853006	0.837416	0.835272	0.701391	0.707392	0.698200	0.696295	0.702606	0.668163	0.685091	0.679109	0.681614	0.681767	0.767912	0.762914	0.769202	0.761214	0.767989	0.655453	0.630928	0.657124	0.625493	0.638079	0.645814	0.670160	0.582781	0.666338	0.666131	0.880983	0.725680	0.716625	0.724640	0.711017	0.779209	0.777753	0.775030	0.779572	0.720627	0.729416	0.784094	0.789508	0.823111	0.792338	0.814249	0.829497	0.837559	0.831226	0.775001	0.761056	0.850307	0.843540	0.782208	0.839070	0.800371	0.789896	0.812344	0.855478	0.842383	0.846017	0.914752	0.911181	0.910977	0.907659	0.906276	0.902068	0.901033	0.905897	0.899178	0.911678	0.911161	0.915647	0.922011	0.908160	0.909239	0.904361	0.912570	0.964673	0.935468	0.961284	0.963630	0.924644	0.915796	0.915193	0.959132	0.958133	0.956408	0.924818	0.938961	0.935194	0.923738	0.930543	0.932129	0.956267	0.928363	0.925813	0.924116	0.947606	0.947417	0.948194	0.942688	0.946593	0.945897	0.923473	0.928209	0.903246	0.942927	0.926613	0.923804	0.921795	0.918969	0.944667	0.945719	0.942349	0.922802	0.949749	0.945831	0.944321	0.942101	0.945340
PRJNA597909__adult_control_r4	0.987740	0.980069	0.976365	0.989927	0.968336	0.986071	0.956208	0.985826	0.939733	0.979887	0.995375	0.996847	0.996244	1.000000	0.995728	0.981717	0.981059	0.978608	0.975440	0.978010	0.957956	0.948792	0.951291	0.959119	0.953816	0.948198	0.950089	0.944426	0.946870	0.953252	0.739564	0.744732	0.742074	0.764152	0.779754	0.706935	0.694178	0.706188	0.711828	0.699291	0.729666	0.931412	0.915254	0.910363	0.938217	0.944305	0.941197	0.918375	0.934181	0.936356	0.936972	0.935511	0.934879	0.931526	0.928272	0.931456	0.922686	0.920673	0.853572	0.837052	0.840913	0.841406	0.843638	0.714821	0.722693	0.716923	0.714994	0.724187	0.766994	0.771085	0.774172	0.768751	0.770703	0.921796	0.926218	0.922944	0.920569	0.924639	0.861240	0.858532	0.857310	0.858201	0.858969	0.723562	0.732430	0.714596	0.719370	0.728383	0.774134	0.774946	0.772177	0.772079	0.775740	0.676327	0.689335	0.673199	0.671838	0.678803	0.862266	0.844571	0.854996	0.840675	0.838957	0.709930	0.716811	0.708285	0.704987	0.712219	0.678242	0.694337	0.689198	0.691437	0.691471	0.770900	0.766063	0.772655	0.764432	0.771809	0.663585	0.638260	0.665839	0.633213	0.645288	0.653091	0.679715	0.588959	0.675533	0.675206	0.886344	0.731019	0.720945	0.729320	0.716807	0.779644	0.777792	0.774435	0.778800	0.724958	0.728473	0.785947	0.793459	0.826318	0.795013	0.816935	0.831314	0.843569	0.834060	0.775502	0.762873	0.853684	0.844705	0.784768	0.840702	0.802738	0.790659	0.814845	0.856753	0.843262	0.845712	0.919196	0.914732	0.914230	0.911836	0.909666	0.906307	0.905591	0.910410	0.903827	0.915652	0.915533	0.918383	0.925513	0.910809	0.912974	0.907226	0.916267	0.966576	0.937898	0.963199	0.965561	0.927279	0.918227	0.917185	0.961000	0.960088	0.959111	0.926825	0.941069	0.937109	0.925920	0.934737	0.935720	0.958444	0.930842	0.927891	0.925530	0.948487	0.948483	0.949388	0.944338	0.948061	0.947458	0.926194	0.932766	0.908215	0.946341	0.928164	0.926358	0.923825	0.921486	0.946019	0.947201	0.944153	0.924857	0.951826	0.947942	0.947179	0.943879	0.947596
PRJNA597909__adult_control_r5	0.985976	0.979344	0.976849	0.989837	0.967963	0.987083	0.955433	0.986254	0.938148	0.982276	0.993641	0.994681	0.995198	0.995728	1.000000	0.981466	0.980433	0.977467	0.973519	0.975817	0.955555	0.946704	0.948072	0.956275	0.950775	0.945557	0.947528	0.942634	0.944577	0.951286	0.737536	0.743381	0.739744	0.761899	0.776308	0.701872	0.690739	0.701566	0.707682	0.695003	0.726009	0.929624	0.917026	0.913120	0.936458	0.942330	0.940195	0.921086	0.932774	0.934306	0.934231	0.932774	0.933148	0.927680	0.923166	0.927879	0.916998	0.915416	0.853187	0.835170	0.838225	0.839311	0.841448	0.711594	0.721825	0.714624	0.714255	0.721971	0.765316	0.768689	0.772438	0.765721	0.768856	0.917806	0.923045	0.918910	0.916243	0.919435	0.858437	0.856704	0.855471	0.856186	0.857943	0.720240	0.731353	0.712730	0.716219	0.726470	0.772742	0.773001	0.769979	0.769865	0.773921	0.675159	0.689202	0.671969	0.670553	0.678111	0.860079	0.843427	0.854738	0.837831	0.836399	0.708605	0.714503	0.706285	0.704615	0.711735	0.678133	0.692877	0.687307	0.688658	0.688895	0.768742	0.763187	0.770050	0.761872	0.770549	0.660553	0.633503	0.663439	0.629480	0.641963	0.654413	0.677447	0.593595	0.672666	0.671696	0.890227	0.731242	0.721226	0.729366	0.717344	0.776178	0.774834	0.771639	0.775502	0.727957	0.725867	0.783796	0.790976	0.824285	0.793898	0.815891	0.830514	0.841861	0.833229	0.773718	0.763140	0.851873	0.842493	0.784817	0.841291	0.800184	0.789237	0.812928	0.854763	0.842265	0.842481	0.914168	0.909610	0.910123	0.906901	0.904515	0.901510	0.901618	0.905591	0.899233	0.910288	0.909775	0.913322	0.920666	0.905788	0.908095	0.902048	0.911990	0.963669	0.934104	0.959899	0.963522	0.922981	0.914060	0.912220	0.957822	0.956812	0.955476	0.922287	0.936254	0.932308	0.921054	0.936248	0.936962	0.957240	0.926743	0.924616	0.920785	0.945287	0.945434	0.946169	0.939649	0.943532	0.942598	0.925311	0.934048	0.911534	0.946061	0.923593	0.922184	0.919240	0.916984	0.942391	0.943578	0.940059	0.920388	0.947810	0.944015	0.944827	0.939409	0.942920
PRJNA597909__adult_pzq_r1	0.969361	0.960823	0.974314	0.972285	0.977230	0.966482	0.974189	0.972904	0.964760	0.967606	0.982250	0.979130	0.981543	0.981717	0.981466	1.000000	0.996093	0.994931	0.992909	0.992554	0.958224	0.953081	0.954521	0.959790	0.956597	0.958778	0.963439	0.960714	0.962089	0.963366	0.733609	0.740230	0.736582	0.766316	0.782610	0.706692	0.695668	0.708132	0.715375	0.704730	0.731022	0.942026	0.895487	0.893295	0.936570	0.940968	0.940014	0.903284	0.944394	0.942322	0.941018	0.940054	0.942017	0.937023	0.933619	0.935787	0.930414	0.929037	0.873210	0.859802	0.863321	0.864161	0.866481	0.719447	0.725608	0.720112	0.715763	0.726094	0.783609	0.789163	0.793173	0.789364	0.788467	0.930065	0.932485	0.931262	0.928821	0.931685	0.881058	0.876850	0.879272	0.880134	0.880213	0.727349	0.738847	0.716430	0.723650	0.732666	0.794771	0.796183	0.792588	0.792613	0.795280	0.687507	0.695415	0.688823	0.684260	0.690289	0.882317	0.869741	0.875031	0.864612	0.862328	0.712722	0.724795	0.712775	0.709181	0.717489	0.688371	0.706485	0.698974	0.700884	0.701965	0.787403	0.784628	0.791664	0.783779	0.788301	0.674642	0.653267	0.680057	0.648805	0.661139	0.654648	0.693638	0.586110	0.689130	0.686493	0.903670	0.753444	0.744802	0.752195	0.739164	0.806994	0.804399	0.801190	0.805541	0.754184	0.760700	0.804091	0.810346	0.848132	0.817479	0.838419	0.850545	0.862238	0.852812	0.799589	0.788488	0.867567	0.864754	0.810972	0.852287	0.826415	0.812860	0.836035	0.870010	0.860616	0.859583	0.921901	0.918464	0.920569	0.916878	0.915160	0.911170	0.912971	0.915279	0.910897	0.919361	0.920195	0.924137	0.928565	0.916385	0.919075	0.919403	0.920827	0.955372	0.940159	0.951758	0.952744	0.931229	0.923982	0.923920	0.955076	0.954342	0.954244	0.931188	0.941230	0.939121	0.931045	0.913788	0.914117	0.942370	0.934683	0.929268	0.930885	0.950377	0.947625	0.948761	0.945637	0.946880	0.946492	0.921218	0.910510	0.883230	0.925404	0.932350	0.931002	0.929588	0.926593	0.946858	0.946827	0.944523	0.932727	0.949802	0.945809	0.943069	0.946397	0.946599
PRJNA597909__adult_pzq_r2	0.967996	0.959699	0.973041	0.970235	0.978682	0.965122	0.975169	0.972101	0.966174	0.965386	0.982358	0.979215	0.979986	0.981059	0.980433	0.996093	1.000000	0.995943	0.993787	0.994434	0.958245	0.952596	0.954136	0.959500	0.956925	0.958466	0.962414	0.961018	0.962637	0.963219	0.738205	0.743808	0.740975	0.769451	0.785676	0.709879	0.697891	0.709948	0.717522	0.706898	0.734251	0.940628	0.896738	0.894385	0.936965	0.940752	0.940453	0.903156	0.944266	0.941843	0.940330	0.939347	0.941884	0.936724	0.933127	0.935485	0.929578	0.928169	0.874787	0.861317	0.864107	0.864763	0.867431	0.725069	0.731334	0.726095	0.721616	0.731723	0.785758	0.790603	0.794971	0.790663	0.790761	0.929198	0.931392	0.930641	0.927888	0.930897	0.882385	0.878066	0.880147	0.881833	0.881558	0.732783	0.744419	0.722773	0.729046	0.738103	0.797047	0.798137	0.794553	0.794497	0.797203	0.693372	0.701969	0.694278	0.690062	0.695976	0.883836	0.870449	0.875947	0.865863	0.863891	0.719244	0.732020	0.718983	0.716051	0.724359	0.693773	0.712243	0.704983	0.706793	0.707910	0.789520	0.786716	0.793540	0.785310	0.790892	0.681036	0.659412	0.687131	0.655147	0.667350	0.660887	0.699892	0.591966	0.695462	0.692496	0.904033	0.752596	0.744240	0.752053	0.739093	0.803974	0.801468	0.798111	0.802459	0.753246	0.759010	0.805543	0.812603	0.849399	0.819342	0.839759	0.850796	0.864786	0.854402	0.799949	0.788509	0.869206	0.865981	0.811681	0.853686	0.827686	0.813829	0.837057	0.870472	0.861646	0.858827	0.921715	0.918834	0.920113	0.916773	0.915366	0.911694	0.912353	0.915103	0.910849	0.919330	0.919527	0.923127	0.928693	0.915857	0.918296	0.918571	0.920625	0.954516	0.939042	0.951172	0.951609	0.930028	0.923600	0.923364	0.953992	0.953710	0.952807	0.929985	0.940476	0.938316	0.930020	0.915516	0.916223	0.942629	0.934793	0.930339	0.931341	0.950315	0.947203	0.948524	0.945054	0.946624	0.946407	0.922066	0.913118	0.885879	0.926882	0.933169	0.931385	0.929715	0.926490	0.946778	0.946790	0.944163	0.932104	0.949707	0.946312	0.943959	0.945719	0.946536
PRJNA597909__adult_pzq_r3	0.965984	0.958277	0.973247	0.968100	0.980222	0.962858	0.976065	0.970597	0.967040	0.962431	0.980174	0.976853	0.977393	0.978608	0.977467	0.994931	0.995943	1.000000	0.994635	0.995132	0.958365	0.952897	0.954002	0.959276	0.956326	0.958847	0.962530	0.961754	0.963990	0.964385	0.744004	0.748496	0.746707	0.775074	0.791077	0.713286	0.701694	0.714341	0.721721	0.711139	0.738128	0.937838	0.897553	0.894962	0.935555	0.940297	0.939612	0.903058	0.942213	0.940623	0.937944	0.937072	0.939145	0.936379	0.933779	0.934988	0.929596	0.928200	0.874830	0.862254	0.864689	0.866823	0.868515	0.725989	0.732943	0.726354	0.721976	0.733883	0.785815	0.790677	0.794886	0.791605	0.790577	0.927287	0.928653	0.929170	0.926365	0.929440	0.881499	0.876735	0.879461	0.881423	0.880396	0.734462	0.745329	0.724813	0.730533	0.739457	0.797157	0.798356	0.794581	0.794339	0.797078	0.696756	0.704250	0.698257	0.693532	0.699187	0.884233	0.870770	0.875248	0.867140	0.865313	0.720266	0.734873	0.722292	0.717520	0.726462	0.696833	0.715092	0.708375	0.710269	0.711459	0.789230	0.787171	0.794438	0.786366	0.790594	0.683158	0.662307	0.690419	0.657944	0.670155	0.659693	0.704381	0.588377	0.699916	0.696384	0.903666	0.754242	0.744581	0.752458	0.740167	0.805003	0.801609	0.797743	0.802515	0.753862	0.759855	0.807237	0.814437	0.851453	0.820113	0.841359	0.850192	0.866590	0.854870	0.801460	0.788825	0.869240	0.865112	0.811182	0.851346	0.829992	0.814247	0.838858	0.869391	0.861218	0.857625	0.921518	0.917608	0.920096	0.917305	0.915004	0.912196	0.913714	0.915940	0.912122	0.918420	0.918251	0.920755	0.926916	0.913785	0.916789	0.918576	0.919476	0.952544	0.937707	0.949894	0.949743	0.929865	0.923414	0.923481	0.951172	0.951208	0.951071	0.927271	0.937566	0.935942	0.928003	0.915968	0.916374	0.941703	0.933938	0.929160	0.930760	0.947121	0.944168	0.945586	0.941853	0.942981	0.942969	0.917014	0.912114	0.884469	0.927104	0.932375	0.930716	0.929336	0.925846	0.944114	0.943935	0.941672	0.930297	0.946577	0.943237	0.939721	0.943032	0.943359
PRJNA597909__adult_pzq_r4	0.963821	0.955965	0.976579	0.967079	0.985171	0.962512	0.980414	0.970521	0.967108	0.962999	0.975091	0.973660	0.974284	0.975440	0.973519	0.992909	0.993787	0.994635	1.000000	0.995832	0.951195	0.945613	0.946687	0.951653	0.948984	0.951945	0.955635	0.954262	0.957364	0.957333	0.745816	0.751266	0.748544	0.776250	0.792789	0.718039	0.705371	0.718673	0.726678	0.715427	0.741512	0.933291	0.900741	0.898388	0.931226	0.936848	0.934351	0.906589	0.937652	0.936016	0.932562	0.931545	0.933620	0.930949	0.928599	0.929828	0.924819	0.923111	0.872439	0.860070	0.863411	0.865328	0.867161	0.726171	0.732699	0.726420	0.722075	0.734801	0.785047	0.790140	0.793777	0.791381	0.789857	0.918921	0.921064	0.921345	0.918434	0.922329	0.878527	0.872474	0.875616	0.878745	0.876538	0.734470	0.746024	0.724947	0.729934	0.739157	0.794972	0.796746	0.793753	0.793845	0.796327	0.702191	0.709018	0.704755	0.699282	0.704840	0.882003	0.868716	0.872335	0.865192	0.863832	0.720840	0.737278	0.724139	0.718561	0.727134	0.702057	0.720967	0.713515	0.715700	0.717250	0.788732	0.785957	0.793746	0.785558	0.789755	0.687525	0.666111	0.694131	0.662088	0.674135	0.664011	0.708728	0.593909	0.704155	0.700192	0.900255	0.753931	0.744677	0.752386	0.739536	0.803974	0.800960	0.796223	0.801122	0.754027	0.760176	0.805057	0.813374	0.848827	0.819453	0.838667	0.848213	0.863984	0.852784	0.800113	0.789560	0.866070	0.863621	0.812167	0.848277	0.827809	0.813362	0.836872	0.866620	0.858769	0.854483	0.915584	0.910440	0.913840	0.911217	0.908322	0.906193	0.907944	0.909174	0.906174	0.911365	0.910403	0.913046	0.919926	0.905262	0.908978	0.911540	0.911091	0.948669	0.930399	0.944798	0.946690	0.924125	0.916565	0.917315	0.945154	0.944469	0.944631	0.919303	0.929936	0.927912	0.920905	0.916502	0.916968	0.940147	0.927443	0.922012	0.923917	0.939728	0.936457	0.937778	0.933862	0.935128	0.935649	0.911020	0.912321	0.885393	0.926356	0.925962	0.923841	0.921798	0.919460	0.936061	0.935920	0.933427	0.922478	0.938897	0.935219	0.932455	0.935352	0.935352
PRJNA597909__adult_pzq_r5	0.965181	0.957147	0.976688	0.968477	0.985251	0.964539	0.980818	0.971673	0.966327	0.963465	0.977513	0.976477	0.976443	0.978010	0.975817	0.992554	0.994434	0.995132	0.995832	1.000000	0.950918	0.944709	0.945917	0.950541	0.947832	0.950937	0.954275	0.952749	0.956683	0.956406	0.747029	0.752120	0.749506	0.774524	0.790702	0.710586	0.697631	0.710479	0.718728	0.707286	0.735789	0.930273	0.906437	0.904041	0.932720	0.938302	0.935316	0.910979	0.936075	0.934863	0.931986	0.930841	0.932876	0.930751	0.928457	0.930108	0.924182	0.922383	0.875327	0.861043	0.864378	0.866769	0.868998	0.727128	0.732904	0.727655	0.723563	0.735135	0.786674	0.791776	0.795974	0.791698	0.791582	0.918253	0.920768	0.920857	0.916884	0.921390	0.880684	0.875335	0.877131	0.880534	0.878599	0.734642	0.746246	0.725528	0.730010	0.739503	0.796542	0.798322	0.794895	0.794957	0.797741	0.703127	0.712702	0.704269	0.699573	0.705177	0.884193	0.869928	0.875280	0.865828	0.864920	0.721951	0.738369	0.724717	0.720181	0.727850	0.701081	0.720007	0.713249	0.715146	0.716995	0.790734	0.787339	0.794905	0.786263	0.792535	0.687523	0.664568	0.695166	0.660641	0.673338	0.669290	0.708675	0.599779	0.703577	0.699226	0.904717	0.753209	0.744141	0.751862	0.738808	0.802078	0.799801	0.795321	0.799894	0.754610	0.758998	0.807945	0.816465	0.851600	0.822548	0.841076	0.850457	0.867245	0.856044	0.803707	0.790521	0.871452	0.866623	0.814224	0.854319	0.830473	0.816524	0.838937	0.869898	0.861965	0.857663	0.915298	0.909558	0.912732	0.909968	0.907184	0.905239	0.907633	0.908632	0.905883	0.909690	0.908464	0.911449	0.919595	0.903325	0.907143	0.910690	0.911046	0.949389	0.929374	0.946221	0.947867	0.923458	0.917128	0.916214	0.945125	0.944647	0.944428	0.917695	0.929212	0.927097	0.919007	0.922120	0.921876	0.943680	0.928235	0.924312	0.924381	0.939641	0.936394	0.938198	0.933846	0.935334	0.935937	0.914632	0.918271	0.892631	0.930797	0.927123	0.924966	0.922694	0.919833	0.935551	0.936121	0.933132	0.921725	0.939300	0.936437	0.935099	0.935370	0.935472
PRJNA597909__juvenile_control_r1	0.938558	0.930261	0.929768	0.939811	0.929072	0.933405	0.917242	0.936048	0.925706	0.927838	0.960954	0.954569	0.952671	0.957956	0.955555	0.958224	0.958245	0.958365	0.951195	0.950918	1.000000	0.995922	0.995495	0.992643	0.993125	0.989944	0.986680	0.985757	0.986199	0.991351	0.741272	0.744831	0.743278	0.780287	0.794398	0.725303	0.717464	0.726957	0.733165	0.721518	0.749215	0.944432	0.862212	0.857792	0.938301	0.936749	0.944467	0.864497	0.946424	0.946275	0.945303	0.945222	0.944925	0.950160	0.952269	0.949659	0.945873	0.947638	0.873538	0.866543	0.868474	0.870382	0.870573	0.746191	0.755155	0.744634	0.738614	0.753810	0.788739	0.795068	0.799948	0.797128	0.791389	0.955701	0.955357	0.958532	0.956814	0.957751	0.885767	0.878950	0.884359	0.884247	0.885645	0.759567	0.763080	0.746732	0.755769	0.761562	0.800106	0.800245	0.796625	0.797690	0.798200	0.686167	0.699214	0.686069	0.682351	0.688137	0.885192	0.873453	0.876738	0.871741	0.868791	0.735979	0.737776	0.734783	0.727085	0.742034	0.694504	0.709711	0.703338	0.707263	0.707004	0.792869	0.791689	0.797762	0.792316	0.791461	0.676523	0.660746	0.676760	0.655312	0.659898	0.651817	0.698128	0.574330	0.695718	0.695880	0.890491	0.779970	0.764444	0.772331	0.762925	0.810881	0.807545	0.804838	0.808515	0.765005	0.754481	0.802773	0.814397	0.847549	0.810886	0.835410	0.851713	0.872678	0.850552	0.787206	0.782279	0.867945	0.858273	0.807535	0.844793	0.821981	0.799762	0.832768	0.869783	0.854081	0.856236	0.952474	0.954098	0.952057	0.948572	0.945365	0.941104	0.940303	0.947595	0.940189	0.954329	0.955207	0.956925	0.958652	0.951230	0.954837	0.942426	0.953543	0.950314	0.963198	0.948171	0.942566	0.945576	0.946379	0.943603	0.960338	0.959170	0.960781	0.957583	0.954375	0.957460	0.958405	0.876079	0.877536	0.921660	0.943920	0.935869	0.939831	0.948477	0.949698	0.950463	0.951690	0.951350	0.952853	0.919465	0.880710	0.852872	0.896700	0.942950	0.946141	0.940871	0.945289	0.954264	0.957997	0.957241	0.953978	0.952247	0.950772	0.944803	0.954720	0.950086
PRJNA597909__juvenile_control_r2	0.927880	0.919942	0.920654	0.929405	0.920469	0.922057	0.910226	0.925364	0.923731	0.917239	0.952112	0.944597	0.943881	0.948792	0.946704	0.953081	0.952596	0.952897	0.945613	0.944709	0.995922	1.000000	0.996317	0.992107	0.993870	0.991885	0.988314	0.988952	0.988262	0.991651	0.739473	0.743255	0.741838	0.781563	0.795619	0.725102	0.718109	0.727286	0.734171	0.723247	0.748466	0.944119	0.849912	0.845439	0.933801	0.930702	0.940363	0.853396	0.944826	0.943432	0.943347	0.943512	0.943637	0.949425	0.952213	0.948565	0.946554	0.948896	0.874722	0.869983	0.870959	0.873160	0.872874	0.744966	0.755028	0.742911	0.736497	0.753044	0.788952	0.796755	0.801335	0.799971	0.791693	0.956504	0.955293	0.959882	0.958862	0.959004	0.886064	0.878094	0.885304	0.885006	0.886165	0.758168	0.761504	0.745798	0.754295	0.760375	0.800138	0.800478	0.796650	0.798089	0.798010	0.684702	0.695660	0.686201	0.681137	0.686189	0.886358	0.876037	0.877394	0.874590	0.871939	0.734368	0.736804	0.733862	0.725737	0.740970	0.694860	0.709229	0.702673	0.707104	0.706817	0.793145	0.792620	0.799145	0.794252	0.790689	0.675536	0.661018	0.677435	0.656423	0.661421	0.645511	0.698430	0.566072	0.695867	0.695294	0.888568	0.786042	0.770405	0.777922	0.767472	0.817133	0.812905	0.810751	0.814610	0.771073	0.760425	0.803212	0.814715	0.849238	0.811835	0.836330	0.852545	0.874370	0.850369	0.788011	0.784774	0.866899	0.858162	0.810182	0.841538	0.823846	0.799548	0.833562	0.868708	0.852509	0.855226	0.952682	0.954328	0.954560	0.950892	0.947495	0.942604	0.941135	0.949048	0.941744	0.954950	0.954969	0.957733	0.957568	0.952219	0.955675	0.943982	0.953441	0.942293	0.962760	0.941001	0.934023	0.944835	0.947014	0.945225	0.953738	0.953652	0.955132	0.957936	0.951311	0.955537	0.959038	0.863558	0.864981	0.911729	0.944161	0.932405	0.940277	0.944670	0.945300	0.945668	0.948490	0.946308	0.948393	0.912321	0.868087	0.838717	0.885549	0.943009	0.946721	0.941543	0.946508	0.951463	0.954428	0.954318	0.954617	0.947083	0.946399	0.938248	0.951529	0.945649
PRJNA597909__juvenile_control_r3	0.930430	0.921774	0.921224	0.931164	0.920654	0.923551	0.910829	0.926888	0.924128	0.918814	0.954723	0.947283	0.946502	0.951291	0.948072	0.954521	0.954136	0.954002	0.946687	0.945917	0.995495	0.996317	1.000000	0.993279	0.995102	0.991946	0.989511	0.988451	0.986877	0.991376	0.732469	0.735901	0.734854	0.775570	0.790008	0.721945	0.714232	0.722931	0.729776	0.719060	0.743982	0.946003	0.847150	0.842394	0.936370	0.932695	0.942759	0.850859	0.946489	0.944929	0.944738	0.944737	0.944872	0.953028	0.955538	0.952343	0.950686	0.952660	0.876499	0.870997	0.872541	0.873741	0.874002	0.744268	0.753789	0.742939	0.736945	0.751610	0.789916	0.798288	0.801992	0.800356	0.792688	0.960934	0.960683	0.963583	0.962558	0.963291	0.888837	0.881268	0.887694	0.886769	0.888685	0.757664	0.760170	0.744168	0.753566	0.759371	0.801553	0.801402	0.797486	0.799063	0.798880	0.680421	0.690906	0.680753	0.676377	0.682086	0.888351	0.876678	0.879246	0.875116	0.872442	0.732874	0.734046	0.730340	0.723078	0.737382	0.688810	0.704148	0.697721	0.702209	0.701237	0.794318	0.793537	0.799472	0.794300	0.791387	0.673652	0.659263	0.673563	0.654259	0.659808	0.644046	0.694212	0.565359	0.692336	0.692495	0.880900	0.777239	0.764188	0.771476	0.759514	0.817009	0.812611	0.810333	0.814704	0.763175	0.759965	0.806013	0.815425	0.850468	0.813256	0.838039	0.855326	0.872603	0.852601	0.790881	0.785311	0.868473	0.861332	0.809544	0.845945	0.825295	0.803460	0.836053	0.873772	0.857502	0.861749	0.956486	0.958791	0.957428	0.954252	0.951218	0.945273	0.943547	0.952215	0.944141	0.958747	0.959114	0.962206	0.962666	0.956641	0.959627	0.947729	0.957421	0.945629	0.966411	0.945167	0.937048	0.948655	0.952117	0.949578	0.958327	0.957698	0.959017	0.962584	0.955689	0.959856	0.962830	0.863669	0.865429	0.914055	0.948115	0.937443	0.944520	0.948739	0.949513	0.949884	0.953009	0.950678	0.952873	0.916574	0.869068	0.839352	0.886629	0.946786	0.950688	0.946003	0.950386	0.955719	0.959011	0.958611	0.958381	0.951016	0.950125	0.942091	0.955344	0.949881
PRJNA597909__juvenile_control_r4	0.940066	0.930749	0.928333	0.939800	0.926679	0.931337	0.916025	0.934964	0.926155	0.926135	0.963532	0.957084	0.954754	0.959119	0.956275	0.959790	0.959500	0.959276	0.951653	0.950541	0.992643	0.992107	0.993279	1.000000	0.995454	0.990022	0.988449	0.986851	0.986147	0.989870	0.743010	0.746233	0.745550	0.783904	0.798540	0.730995	0.722536	0.732773	0.739157	0.728299	0.753536	0.947154	0.855445	0.848263	0.939074	0.936273	0.945155	0.858684	0.946313	0.946733	0.945098	0.944873	0.945566	0.953267	0.954945	0.952592	0.949946	0.951848	0.878421	0.870767	0.873304	0.874108	0.874487	0.744785	0.755154	0.743232	0.737948	0.753554	0.789828	0.797369	0.801208	0.799944	0.792410	0.957808	0.957639	0.960486	0.959623	0.960891	0.890912	0.883641	0.889177	0.887928	0.889950	0.758123	0.759751	0.745126	0.754030	0.760120	0.800498	0.801610	0.797282	0.798689	0.797990	0.685719	0.695866	0.686659	0.681927	0.687849	0.890189	0.878058	0.880848	0.876195	0.873523	0.733879	0.736534	0.732934	0.725311	0.738782	0.694580	0.709666	0.703393	0.707963	0.706834	0.793305	0.792597	0.799373	0.793316	0.791377	0.679302	0.664973	0.679749	0.658798	0.665374	0.647862	0.700294	0.569639	0.698099	0.698349	0.882038	0.774672	0.761610	0.769457	0.757317	0.818353	0.814071	0.811365	0.816277	0.760428	0.759291	0.804273	0.814724	0.851329	0.814536	0.840308	0.857552	0.874077	0.854530	0.789274	0.784453	0.870572	0.863676	0.807968	0.848043	0.825852	0.804552	0.838259	0.875575	0.860857	0.863789	0.958239	0.960959	0.956219	0.954035	0.951323	0.946943	0.944564	0.953060	0.944319	0.962171	0.962200	0.962821	0.963738	0.959508	0.961411	0.945493	0.958960	0.950852	0.966434	0.949796	0.943312	0.948518	0.950331	0.947549	0.962579	0.961276	0.962444	0.962177	0.957538	0.960019	0.961702	0.871340	0.873021	0.919118	0.946854	0.939586	0.943814	0.951090	0.951970	0.953207	0.954162	0.954139	0.954446	0.917944	0.875497	0.844692	0.893514	0.946746	0.949054	0.945868	0.949458	0.958132	0.961719	0.960682	0.956766	0.954557	0.952490	0.945531	0.956780	0.953772
PRJNA597909__juvenile_control_r5	0.934429	0.924971	0.924288	0.934070	0.923872	0.926908	0.913951	0.929864	0.926151	0.921526	0.958074	0.950349	0.949109	0.953816	0.950775	0.956597	0.956925	0.956326	0.948984	0.947832	0.993125	0.993870	0.995102	0.995454	1.000000	0.991792	0.989563	0.989059	0.988306	0.991268	0.746222	0.749641	0.748877	0.788103	0.801683	0.733459	0.725824	0.734790	0.741858	0.731354	0.756140	0.946518	0.852096	0.846049	0.937273	0.933395	0.943600	0.856003	0.945639	0.945902	0.945222	0.945076	0.945805	0.952727	0.955105	0.951989	0.949914	0.952318	0.879442	0.873970	0.875178	0.876444	0.876792	0.746787	0.756280	0.744832	0.738473	0.755264	0.791535	0.798822	0.803051	0.801588	0.793899	0.959137	0.958682	0.962043	0.961183	0.961476	0.891427	0.883667	0.890247	0.889336	0.891236	0.760371	0.762727	0.747773	0.756490	0.761658	0.801763	0.802907	0.798486	0.800210	0.799447	0.689439	0.699781	0.691474	0.686247	0.691570	0.891437	0.880280	0.882441	0.878558	0.876262	0.736056	0.739311	0.736063	0.728335	0.742089	0.699004	0.713518	0.707138	0.711403	0.710412	0.794014	0.793920	0.800815	0.794641	0.792438	0.682369	0.667627	0.683465	0.662367	0.668485	0.649944	0.704461	0.571763	0.701796	0.701715	0.885158	0.781041	0.767772	0.775538	0.763507	0.819961	0.815479	0.813137	0.817688	0.767060	0.761223	0.805182	0.816371	0.853440	0.816453	0.841710	0.858689	0.876943	0.855737	0.790069	0.786764	0.871494	0.864174	0.811499	0.847967	0.827212	0.805006	0.839215	0.874985	0.859864	0.862261	0.958169	0.960637	0.957508	0.955272	0.951549	0.947339	0.945069	0.953484	0.945513	0.961326	0.961485	0.962674	0.962969	0.958316	0.961170	0.946486	0.959383	0.945881	0.965581	0.945350	0.939053	0.946954	0.950037	0.947775	0.958566	0.957589	0.958660	0.960890	0.955127	0.959066	0.961570	0.867403	0.869335	0.915572	0.946610	0.937562	0.943669	0.948350	0.949079	0.949855	0.952334	0.951230	0.951836	0.916605	0.873197	0.843177	0.890288	0.946680	0.949102	0.945383	0.949768	0.956355	0.959355	0.958711	0.956725	0.951559	0.950808	0.942800	0.954726	0.950861
PRJNA597909__juvenile_pzq_r1	0.927674	0.919150	0.921583	0.927820	0.924988	0.920917	0.918945	0.925121	0.933824	0.915781	0.951244	0.944097	0.942990	0.948198	0.945557	0.958778	0.958466	0.958847	0.951945	0.950937	0.989944	0.991885	0.991946	0.990022	0.991792	1.000000	0.994626	0.995621	0.994652	0.995038	0.741576	0.745185	0.744240	0.784997	0.799744	0.729652	0.721007	0.731766	0.738683	0.728623	0.752021	0.944365	0.848647	0.843114	0.936126	0.932744	0.942645	0.852925	0.945369	0.943379	0.943211	0.943453	0.943936	0.952364	0.955247	0.951025	0.951240	0.953078	0.884539	0.879183	0.880886	0.883454	0.883081	0.739613	0.749331	0.737143	0.730960	0.748405	0.789987	0.798092	0.802608	0.802263	0.793124	0.957017	0.955195	0.959799	0.958565	0.959283	0.895253	0.887317	0.893998	0.894400	0.895280	0.752683	0.756516	0.740948	0.748462	0.754373	0.800722	0.802032	0.797378	0.799145	0.798712	0.687077	0.695715	0.689030	0.683816	0.688503	0.896899	0.886033	0.887644	0.885016	0.882562	0.729104	0.735822	0.730753	0.721817	0.736413	0.694983	0.709882	0.703169	0.707836	0.707501	0.793412	0.793141	0.800344	0.794275	0.791495	0.678828	0.663161	0.681039	0.658708	0.665786	0.643458	0.701724	0.564231	0.698647	0.697470	0.888982	0.784346	0.770440	0.778172	0.763917	0.828098	0.823251	0.820022	0.824617	0.772359	0.768394	0.808437	0.818506	0.859129	0.818594	0.844659	0.862559	0.883472	0.859357	0.794590	0.788796	0.874933	0.868434	0.815796	0.850782	0.832551	0.807850	0.842640	0.878161	0.864222	0.865910	0.953995	0.953795	0.956930	0.953448	0.950011	0.944641	0.944425	0.951349	0.944898	0.954995	0.953819	0.955760	0.957810	0.950968	0.954605	0.946885	0.952860	0.939342	0.961627	0.938977	0.932188	0.947488	0.951235	0.948896	0.950949	0.950472	0.952149	0.955530	0.948937	0.953366	0.956764	0.863401	0.864843	0.910732	0.948163	0.937647	0.945446	0.943867	0.943413	0.944317	0.947500	0.944540	0.946270	0.910246	0.867687	0.836793	0.884892	0.947601	0.950654	0.946674	0.950138	0.950376	0.952764	0.952080	0.954426	0.945720	0.944796	0.935874	0.950409	0.944746
PRJNA597909__juvenile_pzq_r2	0.929783	0.920782	0.924271	0.930249	0.926180	0.922011	0.923040	0.927489	0.938965	0.918633	0.954639	0.946168	0.946910	0.950089	0.947528	0.963439	0.962414	0.962530	0.955635	0.954275	0.986680	0.988314	0.989511	0.988449	0.989563	0.994626	1.000000	0.994629	0.992354	0.993266	0.726917	0.731474	0.729793	0.771772	0.787196	0.724181	0.714434	0.725389	0.732658	0.722391	0.744877	0.950725	0.841629	0.836407	0.933332	0.929419	0.939177	0.848344	0.950657	0.946804	0.946624	0.946511	0.947598	0.951568	0.952690	0.950701	0.950387	0.952252	0.882368	0.875832	0.878050	0.879304	0.880010	0.733669	0.739499	0.732033	0.723253	0.737155	0.788122	0.796817	0.800628	0.800555	0.791678	0.961509	0.959509	0.963215	0.962474	0.962479	0.898093	0.890133	0.896519	0.895909	0.897859	0.746000	0.751021	0.728987	0.741924	0.748556	0.802978	0.803439	0.799186	0.800686	0.800502	0.674751	0.682320	0.677174	0.671681	0.676951	0.895025	0.885444	0.886786	0.883283	0.878871	0.720125	0.725233	0.718716	0.711062	0.724545	0.680821	0.697816	0.690537	0.694929	0.694593	0.792958	0.792579	0.799110	0.793077	0.790085	0.670351	0.656570	0.671413	0.651083	0.658857	0.634836	0.690263	0.556837	0.687785	0.686980	0.881596	0.773397	0.761322	0.768953	0.754654	0.828496	0.823439	0.820641	0.825377	0.764161	0.770305	0.810760	0.816680	0.858038	0.818271	0.844580	0.863649	0.876093	0.859240	0.797709	0.790267	0.873003	0.870836	0.814200	0.852567	0.832230	0.810624	0.842983	0.880175	0.867286	0.870109	0.952100	0.955595	0.954797	0.950548	0.948505	0.941809	0.942217	0.948567	0.942371	0.955674	0.957559	0.960311	0.960551	0.955523	0.957733	0.951379	0.955968	0.940544	0.962432	0.939644	0.933179	0.946781	0.950448	0.948350	0.955132	0.954166	0.954894	0.960108	0.955277	0.958961	0.961728	0.858527	0.860515	0.909814	0.947023	0.938144	0.944954	0.951172	0.950407	0.950865	0.954377	0.951645	0.953035	0.915114	0.862575	0.830769	0.881398	0.947218	0.949172	0.946766	0.949231	0.956787	0.959276	0.958312	0.960122	0.951910	0.950454	0.941069	0.957247	0.951195
PRJNA597909__juvenile_pzq_r3	0.923246	0.915116	0.920272	0.924281	0.926222	0.916446	0.921720	0.921847	0.938729	0.913042	0.948689	0.940451	0.940395	0.944426	0.942634	0.960714	0.961018	0.961754	0.954262	0.952749	0.985757	0.988952	0.988451	0.986851	0.989059	0.995621	0.994629	1.000000	0.996160	0.994643	0.739078	0.742706	0.741834	0.782653	0.797511	0.730799	0.722088	0.732563	0.740216	0.730098	0.753060	0.945982	0.843988	0.838914	0.932454	0.928491	0.938561	0.848989	0.946621	0.944051	0.943244	0.943690	0.945225	0.947855	0.950582	0.946074	0.946665	0.948729	0.885067	0.879314	0.880488	0.882805	0.882725	0.738524	0.746129	0.736232	0.728263	0.744948	0.790974	0.798784	0.803380	0.802980	0.794371	0.956349	0.953742	0.958468	0.956979	0.957381	0.897758	0.889930	0.896820	0.897099	0.897750	0.750976	0.756166	0.736776	0.747137	0.753629	0.804564	0.805903	0.801405	0.802573	0.802321	0.687559	0.695600	0.690514	0.684830	0.689575	0.897480	0.887696	0.888422	0.886231	0.882785	0.727371	0.734927	0.728445	0.720208	0.734181	0.694859	0.710283	0.703587	0.708128	0.707835	0.795270	0.795265	0.802408	0.796547	0.793500	0.680116	0.664562	0.682884	0.660401	0.668460	0.644281	0.703236	0.565297	0.699970	0.698372	0.890437	0.785020	0.771685	0.779115	0.765364	0.829424	0.824712	0.821489	0.826327	0.774644	0.772440	0.811235	0.820441	0.861100	0.821930	0.847378	0.863822	0.883062	0.861132	0.798240	0.792680	0.875780	0.870680	0.818777	0.851804	0.834915	0.810938	0.845182	0.878623	0.865712	0.865951	0.949247	0.951017	0.952366	0.948118	0.945273	0.940043	0.940138	0.945921	0.940514	0.951499	0.952083	0.954027	0.955400	0.949604	0.952653	0.946381	0.951030	0.933805	0.956801	0.932870	0.926413	0.942177	0.946514	0.944382	0.946997	0.946667	0.947786	0.952885	0.947154	0.951982	0.955056	0.858313	0.859409	0.904992	0.943865	0.934053	0.941457	0.943766	0.942504	0.943017	0.946851	0.943431	0.944812	0.909097	0.861747	0.830844	0.878849	0.943957	0.946040	0.943438	0.945820	0.949952	0.951681	0.951175	0.953845	0.944596	0.943850	0.934875	0.949621	0.943915
PRJNA597909__juvenile_pzq_r4	0.926424	0.917956	0.923849	0.927463	0.931021	0.920450	0.925840	0.925471	0.939698	0.915663	0.949869	0.943252	0.942591	0.946870	0.944577	0.962089	0.962637	0.963990	0.957364	0.956683	0.986199	0.988262	0.986877	0.986147	0.988306	0.994652	0.992354	0.996160	1.000000	0.994884	0.747263	0.750795	0.749890	0.788890	0.803775	0.734714	0.725021	0.736506	0.744374	0.733830	0.758124	0.943797	0.852666	0.847146	0.934781	0.932116	0.940564	0.855697	0.946106	0.944765	0.943685	0.944107	0.944606	0.947979	0.951515	0.946273	0.946544	0.948738	0.887046	0.881070	0.883683	0.885856	0.885999	0.741990	0.749841	0.739722	0.732448	0.750451	0.794099	0.801507	0.806445	0.805596	0.797882	0.952699	0.950085	0.955639	0.953370	0.954397	0.898593	0.890483	0.896572	0.898266	0.897643	0.754477	0.758989	0.741729	0.750769	0.757494	0.805786	0.807872	0.803257	0.805091	0.804742	0.694933	0.704678	0.697438	0.692076	0.696518	0.900220	0.889423	0.890392	0.887866	0.885838	0.731758	0.741078	0.734670	0.725245	0.739351	0.701307	0.716999	0.710145	0.714479	0.714695	0.798563	0.798140	0.805448	0.799194	0.797230	0.686557	0.669427	0.689109	0.665136	0.673106	0.653253	0.709764	0.575079	0.706442	0.704120	0.897934	0.790162	0.775627	0.783542	0.770025	0.828565	0.824288	0.820419	0.825145	0.779777	0.772324	0.811658	0.823952	0.862883	0.824986	0.848890	0.864632	0.887445	0.862813	0.799684	0.794008	0.878766	0.872134	0.822138	0.853544	0.836829	0.812256	0.846785	0.879817	0.866208	0.865652	0.947751	0.948079	0.950015	0.946274	0.942421	0.938473	0.939122	0.944493	0.939559	0.948497	0.947837	0.948996	0.952099	0.944765	0.948352	0.942447	0.947670	0.933825	0.954519	0.932834	0.926756	0.940378	0.944766	0.941620	0.944942	0.944759	0.946193	0.948381	0.943256	0.947946	0.950340	0.863432	0.864458	0.907461	0.942671	0.933408	0.940053	0.940773	0.939340	0.940526	0.943119	0.940604	0.941720	0.909475	0.868287	0.838768	0.882930	0.942470	0.944493	0.941478	0.943745	0.946485	0.949078	0.947613	0.949617	0.941551	0.941677	0.933898	0.946234	0.940873
PRJNA597909__juvenile_pzq_r5	0.933699	0.925137	0.928705	0.934566	0.932268	0.927745	0.925234	0.932348	0.939146	0.923325	0.956511	0.949578	0.948987	0.953252	0.951286	0.963366	0.963219	0.964385	0.957333	0.956406	0.991351	0.991651	0.991376	0.989870	0.991268	0.995038	0.993266	0.994643	0.994884	1.000000	0.742595	0.746668	0.745283	0.784895	0.799240	0.732453	0.723977	0.734030	0.741222	0.730391	0.755709	0.945808	0.857049	0.852254	0.936782	0.935148	0.943343	0.861061	0.947908	0.946318	0.945216	0.945570	0.946060	0.950712	0.953059	0.949297	0.947817	0.949579	0.882035	0.875641	0.877865	0.879486	0.879765	0.741742	0.749691	0.739734	0.732339	0.748908	0.791038	0.798401	0.802952	0.802033	0.794350	0.955035	0.952962	0.957966	0.955466	0.956432	0.894566	0.887089	0.893500	0.893630	0.894521	0.754569	0.759261	0.740832	0.750655	0.757515	0.803670	0.804889	0.800595	0.802115	0.801947	0.687967	0.697773	0.690220	0.684743	0.690025	0.894669	0.883475	0.885286	0.882210	0.879404	0.730979	0.737668	0.731736	0.723481	0.738033	0.695847	0.710498	0.704247	0.708192	0.708109	0.795368	0.794578	0.801630	0.795734	0.793935	0.679570	0.663333	0.682262	0.658699	0.665516	0.647520	0.702624	0.570010	0.699445	0.697872	0.895886	0.785648	0.771157	0.779089	0.765235	0.824242	0.819728	0.816107	0.820363	0.774067	0.766346	0.808873	0.819812	0.857597	0.819558	0.844084	0.860215	0.882098	0.858347	0.795232	0.790505	0.874132	0.866511	0.816936	0.850475	0.831597	0.808229	0.841846	0.876778	0.862023	0.863202	0.950599	0.951718	0.952316	0.948925	0.944834	0.940950	0.941703	0.947199	0.941041	0.952176	0.952841	0.953032	0.955533	0.948429	0.952289	0.945242	0.951236	0.941259	0.958361	0.941057	0.934679	0.944606	0.946544	0.944403	0.952350	0.951705	0.952749	0.952311	0.949008	0.952903	0.954803	0.869747	0.870947	0.915292	0.944923	0.935398	0.941460	0.944732	0.944404	0.945237	0.947832	0.945836	0.947142	0.913668	0.874121	0.844907	0.889978	0.944203	0.946571	0.943159	0.945481	0.951042	0.953303	0.952465	0.952041	0.947168	0.946243	0.938602	0.951461	0.945957
PRJEB14695__ovary_mixed_sex_r1	0.745569	0.737912	0.760205	0.746376	0.770770	0.754670	0.751851	0.752683	0.730072	0.738493	0.734964	0.742655	0.728235	0.739564	0.737536	0.733609	0.738205	0.744004	0.745816	0.747029	0.741272	0.739473	0.732469	0.743010	0.746222	0.741576	0.726917	0.739078	0.747263	0.742595	1.000000	0.994367	0.997724	0.940942	0.934631	0.838769	0.838346	0.839990	0.853747	0.842055	0.860779	0.720288	0.832331	0.823550	0.754367	0.756933	0.757109	0.832027	0.718744	0.732737	0.734763	0.736612	0.733952	0.749290	0.755472	0.744004	0.741838	0.743490	0.750327	0.764874	0.762912	0.770235	0.765456	0.716327	0.721279	0.697024	0.692542	0.743483	0.691510	0.691597	0.701052	0.700928	0.685313	0.709317	0.703424	0.722627	0.711180	0.714069	0.738359	0.727386	0.745803	0.748028	0.740292	0.732528	0.726938	0.733857	0.719269	0.720476	0.686188	0.697398	0.696864	0.696712	0.690513	0.764939	0.768907	0.791352	0.768127	0.765732	0.759541	0.756323	0.750567	0.768668	0.774667	0.713359	0.761755	0.766566	0.738669	0.750516	0.795296	0.782605	0.790631	0.787135	0.785227	0.683776	0.683625	0.699553	0.689079	0.702654	0.701058	0.667173	0.731301	0.671353	0.688651	0.665989	0.779985	0.602814	0.756200	0.741769	0.778885	0.726964	0.708783	0.716263	0.703919	0.714874	0.713897	0.707118	0.708903	0.702325	0.666412	0.694685	0.731812	0.758019	0.740954	0.754325	0.754171	0.799667	0.762277	0.680250	0.705362	0.765846	0.738569	0.729639	0.709085	0.734964	0.701032	0.751358	0.716603	0.721337	0.690923	0.769723	0.751024	0.748406	0.763594	0.739796	0.772768	0.778381	0.762853	0.777120	0.756819	0.735354	0.712108	0.733282	0.717586	0.735267	0.732203	0.746801	0.731103	0.723248	0.738241	0.751145	0.717752	0.715759	0.718289	0.719161	0.713368	0.715266	0.700908	0.697349	0.702889	0.712954	0.801374	0.802427	0.764823	0.727288	0.712078	0.724810	0.692310	0.692119	0.695645	0.697789	0.700018	0.696554	0.696163	0.791363	0.781875	0.794332	0.725990	0.724612	0.719963	0.731516	0.700015	0.699333	0.698491	0.708223	0.704789	0.706357	0.711316	0.702541	0.704289
PRJEB14695__ovary_mixed_sex_r2	0.752651	0.744194	0.768784	0.753716	0.777421	0.762081	0.758668	0.759641	0.736222	0.747222	0.739086	0.746936	0.733941	0.744732	0.743381	0.740230	0.743808	0.748496	0.751266	0.752120	0.744831	0.743255	0.735901	0.746233	0.749641	0.745185	0.731474	0.742706	0.750795	0.746668	0.994367	1.000000	0.995648	0.941925	0.936467	0.833560	0.836447	0.836895	0.850980	0.840512	0.857516	0.728371	0.839118	0.831132	0.757930	0.761978	0.760974	0.842936	0.725087	0.739529	0.741119	0.742974	0.739994	0.753041	0.759494	0.747667	0.745571	0.747809	0.750316	0.768085	0.765696	0.772649	0.768313	0.716631	0.722398	0.697916	0.691547	0.743487	0.691854	0.693451	0.703162	0.703637	0.686180	0.711087	0.705452	0.725004	0.714414	0.717003	0.738687	0.725975	0.746327	0.747901	0.740738	0.732877	0.727615	0.734602	0.719519	0.720299	0.686320	0.697840	0.696898	0.696846	0.690702	0.762428	0.764863	0.791482	0.767086	0.763307	0.759835	0.759022	0.751403	0.770824	0.777331	0.713282	0.760825	0.766748	0.739157	0.751505	0.795390	0.782983	0.789269	0.785652	0.784702	0.683400	0.684767	0.700630	0.691005	0.700919	0.696776	0.664135	0.729315	0.668355	0.685692	0.657369	0.777254	0.591970	0.752637	0.738246	0.793280	0.739682	0.721331	0.727926	0.715445	0.726077	0.725967	0.719338	0.720250	0.717306	0.678984	0.690963	0.731675	0.758444	0.742014	0.754026	0.756566	0.800725	0.761896	0.681525	0.711955	0.766653	0.740926	0.739108	0.707495	0.735720	0.700871	0.751454	0.716197	0.719773	0.691195	0.770691	0.751673	0.751033	0.765753	0.741768	0.775422	0.781166	0.764538	0.779195	0.758338	0.737532	0.714731	0.733152	0.719171	0.737503	0.734445	0.747579	0.736190	0.727445	0.741466	0.758035	0.721642	0.716665	0.721540	0.724013	0.717442	0.720057	0.704751	0.701062	0.706179	0.716264	0.803382	0.804707	0.768252	0.729521	0.711734	0.727402	0.695740	0.695907	0.698923	0.701162	0.702930	0.699717	0.694564	0.790098	0.779914	0.797493	0.728419	0.725767	0.721412	0.734001	0.703053	0.701489	0.701362	0.710534	0.707825	0.707713	0.711495	0.705503	0.707203
PRJEB14695__ovary_mixed_sex_r3	0.748834	0.740834	0.763707	0.749113	0.773428	0.757113	0.754439	0.755307	0.733658	0.741360	0.737182	0.744658	0.730728	0.742074	0.739744	0.736582	0.740975	0.746707	0.748544	0.749506	0.743278	0.741838	0.734854	0.745550	0.748877	0.744240	0.729793	0.741834	0.749890	0.745283	0.997724	0.995648	1.000000	0.940651	0.934520	0.835543	0.836175	0.837291	0.851099	0.840583	0.858453	0.723372	0.833781	0.824663	0.755749	0.758748	0.758389	0.833898	0.721372	0.735832	0.737573	0.739369	0.736718	0.752327	0.758659	0.746691	0.745139	0.746995	0.752003	0.768095	0.766025	0.772931	0.768556	0.717641	0.722961	0.698548	0.692877	0.744479	0.692573	0.693391	0.702934	0.703348	0.686704	0.711713	0.705567	0.725203	0.714283	0.717052	0.740571	0.728469	0.748067	0.749803	0.742513	0.733885	0.728087	0.735682	0.720832	0.721395	0.687281	0.698836	0.697754	0.697919	0.691294	0.764817	0.767418	0.792867	0.768862	0.765654	0.761349	0.759453	0.752445	0.771951	0.778023	0.714279	0.762594	0.767775	0.740010	0.751876	0.796179	0.783608	0.790808	0.787721	0.786119	0.684206	0.685191	0.701189	0.690681	0.702536	0.699971	0.667635	0.732125	0.671429	0.689019	0.661109	0.780021	0.595237	0.755814	0.741268	0.783518	0.731948	0.713289	0.720986	0.708095	0.721699	0.720888	0.713698	0.715648	0.708504	0.674053	0.695900	0.733572	0.761265	0.743401	0.757100	0.756308	0.801784	0.763794	0.683636	0.709433	0.767879	0.741792	0.734281	0.708884	0.738814	0.703178	0.754150	0.718228	0.722571	0.692728	0.771773	0.753202	0.750615	0.766340	0.742191	0.775468	0.780722	0.765266	0.779333	0.759459	0.737862	0.714774	0.734662	0.720272	0.738031	0.734583	0.749083	0.733768	0.726165	0.740678	0.753890	0.719939	0.716957	0.720691	0.721463	0.715966	0.718188	0.703837	0.700218	0.705749	0.715569	0.802081	0.803245	0.766192	0.729002	0.712401	0.726916	0.694663	0.694834	0.698155	0.700346	0.702500	0.698893	0.694891	0.790461	0.779684	0.795832	0.727646	0.725979	0.721560	0.733302	0.702729	0.701627	0.701107	0.710434	0.707248	0.708149	0.711791	0.704920	0.707044
PRJEB14695__ovary_single_sex_r1	0.764935	0.756561	0.781728	0.765574	0.788105	0.770982	0.773260	0.769878	0.765631	0.758411	0.760188	0.764497	0.754442	0.764152	0.761899	0.766316	0.769451	0.775074	0.776250	0.774524	0.780287	0.781563	0.775570	0.783904	0.788103	0.784997	0.771772	0.782653	0.788890	0.784895	0.940942	0.941925	0.940651	1.000000	0.990726	0.873079	0.877475	0.879027	0.896530	0.888347	0.895135	0.766691	0.826057	0.816514	0.789495	0.792393	0.794228	0.831121	0.760956	0.773867	0.774095	0.775367	0.773383	0.792027	0.797742	0.786150	0.785980	0.788026	0.766280	0.791870	0.788960	0.794557	0.789082	0.719542	0.731192	0.698864	0.694972	0.748123	0.706254	0.712732	0.721474	0.725394	0.701078	0.749391	0.741880	0.764018	0.756342	0.758022	0.757692	0.741837	0.766038	0.766288	0.760611	0.737241	0.730859	0.738383	0.724144	0.726017	0.700798	0.709272	0.709020	0.709364	0.702008	0.746066	0.742468	0.778686	0.750708	0.745703	0.777748	0.781249	0.768713	0.792250	0.798026	0.713108	0.757585	0.762457	0.731595	0.750437	0.788135	0.774948	0.780150	0.778609	0.776528	0.699206	0.702107	0.716169	0.710902	0.709824	0.697446	0.668091	0.724388	0.673850	0.689220	0.635741	0.769780	0.557322	0.749521	0.736141	0.809179	0.766351	0.747320	0.753092	0.736745	0.758428	0.753885	0.748147	0.751624	0.736650	0.702861	0.700526	0.738697	0.772006	0.747615	0.761730	0.772401	0.813233	0.767883	0.685854	0.723713	0.766882	0.747374	0.748597	0.705981	0.747565	0.707313	0.760087	0.728889	0.730688	0.705760	0.804829	0.787668	0.795458	0.808824	0.786337	0.816232	0.818491	0.805283	0.815722	0.796707	0.776208	0.754948	0.766917	0.758110	0.777054	0.772973	0.782163	0.763519	0.766830	0.768024	0.779037	0.764534	0.757377	0.766761	0.753474	0.749742	0.754557	0.745392	0.738956	0.745071	0.755864	0.798099	0.800187	0.778415	0.769044	0.743763	0.768997	0.730428	0.731544	0.732802	0.736642	0.736745	0.735517	0.711547	0.784779	0.764672	0.800145	0.766735	0.764218	0.761463	0.772226	0.738724	0.736302	0.737133	0.750189	0.742026	0.740072	0.735892	0.742202	0.742749
PRJEB14695__ovary_single_sex_r2	0.780165	0.772595	0.796649	0.780636	0.803603	0.785567	0.789400	0.785037	0.781622	0.772966	0.775246	0.779978	0.770098	0.779754	0.776308	0.782610	0.785676	0.791077	0.792789	0.790702	0.794398	0.795619	0.790008	0.798540	0.801683	0.799744	0.787196	0.797511	0.803775	0.799240	0.934631	0.936467	0.934520	0.990726	1.000000	0.868410	0.870766	0.874512	0.891286	0.883909	0.890239	0.784081	0.835210	0.826403	0.807319	0.810374	0.811949	0.841795	0.778525	0.790421	0.790203	0.791614	0.789114	0.809670	0.815252	0.803789	0.804315	0.806543	0.779803	0.804207	0.801562	0.807156	0.801536	0.728543	0.740151	0.708340	0.704686	0.756264	0.718403	0.725527	0.733240	0.738284	0.713716	0.765847	0.758630	0.780176	0.772911	0.775071	0.772509	0.756648	0.779797	0.780053	0.774166	0.745113	0.739827	0.746370	0.732844	0.734483	0.712319	0.720595	0.720331	0.720443	0.713864	0.747833	0.742080	0.778168	0.751712	0.747043	0.791563	0.792706	0.780587	0.804717	0.809962	0.721979	0.765732	0.768854	0.739225	0.757164	0.787925	0.776814	0.781087	0.780168	0.778132	0.711692	0.714748	0.728427	0.722844	0.720371	0.700595	0.673695	0.727473	0.677735	0.693824	0.637397	0.771276	0.558022	0.752024	0.739300	0.816155	0.769202	0.751651	0.757667	0.742051	0.768655	0.764070	0.758781	0.761842	0.740234	0.712564	0.714356	0.751349	0.783916	0.760057	0.774124	0.785151	0.822384	0.780838	0.701101	0.734582	0.779295	0.763717	0.758592	0.720925	0.760657	0.722765	0.773499	0.745160	0.747307	0.724286	0.820205	0.802202	0.811463	0.824031	0.802837	0.830269	0.832936	0.820934	0.830691	0.810516	0.790580	0.770440	0.782406	0.772749	0.791244	0.788826	0.795652	0.779608	0.783220	0.784260	0.794452	0.782532	0.775511	0.785207	0.769793	0.765806	0.770876	0.761807	0.755698	0.760845	0.771744	0.808312	0.810692	0.792509	0.787206	0.761987	0.787887	0.746862	0.748230	0.749138	0.753514	0.752987	0.751758	0.725652	0.794463	0.772675	0.812189	0.784956	0.782447	0.780064	0.790072	0.755346	0.752933	0.753766	0.766664	0.758481	0.756034	0.750425	0.758664	0.759147
PRJEB14695__testis_mixed_sex_r1	0.705392	0.700783	0.713782	0.705737	0.722913	0.710290	0.713587	0.711555	0.705042	0.701733	0.706228	0.709072	0.697875	0.706935	0.701872	0.706692	0.709879	0.713286	0.718039	0.710586	0.725303	0.725102	0.721945	0.730995	0.733459	0.729652	0.724181	0.730799	0.734714	0.732453	0.838769	0.833560	0.835543	0.873079	0.868410	1.000000	0.983193	0.982712	0.987938	0.983654	0.980664	0.730578	0.737900	0.728503	0.723172	0.723391	0.729988	0.740389	0.724781	0.732149	0.730234	0.730545	0.729434	0.717218	0.723251	0.714847	0.715388	0.714914	0.674399	0.682057	0.681652	0.685902	0.683558	0.640505	0.634464	0.626620	0.611017	0.650371	0.640033	0.634855	0.639343	0.643165	0.636168	0.707643	0.700293	0.713074	0.708915	0.706225	0.687356	0.676799	0.690960	0.690883	0.687445	0.660118	0.659611	0.636534	0.648758	0.653433	0.648373	0.654083	0.659740	0.659825	0.650990	0.641021	0.655359	0.662400	0.643818	0.644637	0.688352	0.687598	0.680093	0.693716	0.690858	0.624367	0.661242	0.661243	0.634799	0.650705	0.669442	0.663531	0.669760	0.667269	0.665067	0.640691	0.636900	0.648736	0.642296	0.652578	0.631005	0.627685	0.628837	0.616886	0.607135	0.590099	0.670345	0.524057	0.662862	0.661321	0.705947	0.659997	0.648552	0.654868	0.645974	0.641136	0.638392	0.632250	0.635183	0.610825	0.583265	0.624500	0.653311	0.666586	0.650442	0.663901	0.678795	0.707299	0.677332	0.590528	0.620076	0.676073	0.656233	0.637798	0.636261	0.642249	0.617975	0.661978	0.650275	0.651724	0.630061	0.734211	0.728213	0.727106	0.732988	0.718121	0.734450	0.732001	0.729612	0.730421	0.732449	0.726612	0.711097	0.717762	0.714985	0.724814	0.713637	0.728858	0.700338	0.709108	0.704088	0.710249	0.699946	0.698469	0.699872	0.701262	0.699750	0.700864	0.699399	0.698245	0.702054	0.708527	0.718670	0.720735	0.708787	0.702004	0.694340	0.699156	0.694757	0.696002	0.695866	0.696940	0.697559	0.695487	0.685576	0.717406	0.702794	0.721036	0.703204	0.700737	0.699330	0.706435	0.704423	0.703262	0.701539	0.710749	0.702888	0.704453	0.703128	0.702355	0.703693
PRJEB14695__testis_mixed_sex_r2	0.694167	0.689289	0.704245	0.694298	0.710321	0.698150	0.699726	0.699121	0.694637	0.690734	0.693390	0.694255	0.684802	0.694178	0.690739	0.695668	0.697891	0.701694	0.705371	0.697631	0.717464	0.718109	0.714232	0.722536	0.725824	0.721007	0.714434	0.722088	0.725021	0.723977	0.838346	0.836447	0.836175	0.877475	0.870766	0.983193	1.000000	0.980618	0.983876	0.984053	0.975428	0.721339	0.730012	0.721135	0.710668	0.711488	0.718518	0.735155	0.715225	0.723942	0.720448	0.721304	0.719191	0.710173	0.715770	0.706572	0.707246	0.707063	0.663951	0.681068	0.677904	0.682836	0.679469	0.633563	0.628047	0.615132	0.597298	0.641771	0.630895	0.627969	0.634476	0.640340	0.626218	0.696478	0.686924	0.703955	0.700626	0.696677	0.675853	0.662732	0.682739	0.681262	0.678730	0.654022	0.650039	0.631375	0.642162	0.643552	0.640198	0.645766	0.649959	0.651298	0.639977	0.636127	0.644471	0.663231	0.640263	0.638934	0.678583	0.682954	0.669482	0.692211	0.689908	0.615186	0.653456	0.656653	0.627875	0.646668	0.671818	0.660634	0.667358	0.664657	0.662354	0.629493	0.629718	0.641067	0.636482	0.639393	0.620495	0.621518	0.625443	0.611310	0.601043	0.564141	0.667395	0.490374	0.658649	0.655551	0.710231	0.672127	0.659630	0.665074	0.656098	0.649062	0.645264	0.639039	0.642117	0.624236	0.592337	0.614616	0.645420	0.661656	0.643375	0.656956	0.670478	0.703998	0.667104	0.585015	0.620060	0.664692	0.644992	0.638450	0.615519	0.638549	0.608235	0.655863	0.633946	0.636365	0.613546	0.726326	0.719620	0.719898	0.726750	0.710504	0.729315	0.727361	0.723320	0.724156	0.725007	0.719693	0.702862	0.704924	0.707143	0.718047	0.706576	0.719849	0.693049	0.701684	0.694378	0.702487	0.692335	0.686474	0.692396	0.691153	0.690155	0.693995	0.692208	0.689013	0.692368	0.700502	0.708613	0.710241	0.696517	0.690807	0.676229	0.688656	0.682498	0.685269	0.684376	0.685549	0.685558	0.683261	0.661760	0.699070	0.681008	0.710646	0.690240	0.688357	0.687595	0.695272	0.692493	0.690455	0.690038	0.699932	0.691550	0.690184	0.684278	0.691141	0.693242
PRJEB14695__testis_mixed_sex_r3	0.705515	0.700399	0.716667	0.705675	0.722801	0.708882	0.711863	0.711541	0.706646	0.700803	0.704270	0.706246	0.696491	0.706188	0.701566	0.708132	0.709948	0.714341	0.718673	0.710479	0.726957	0.727286	0.722931	0.732773	0.734790	0.731766	0.725389	0.732563	0.736506	0.734030	0.839990	0.836895	0.837291	0.879027	0.874512	0.982712	0.980618	1.000000	0.987337	0.983964	0.974390	0.730844	0.737588	0.727087	0.719542	0.721442	0.727111	0.741305	0.724497	0.732733	0.729336	0.729649	0.727604	0.720072	0.726139	0.715803	0.717862	0.717833	0.671894	0.688355	0.686850	0.691433	0.688291	0.638437	0.632687	0.620330	0.601496	0.647130	0.636539	0.635257	0.641035	0.647901	0.632036	0.705651	0.695814	0.712909	0.710328	0.706613	0.683871	0.670276	0.689947	0.689652	0.685755	0.658163	0.654413	0.635514	0.646008	0.649093	0.645669	0.652211	0.655736	0.656676	0.646249	0.637463	0.646561	0.664532	0.641641	0.639983	0.687404	0.689975	0.675851	0.700645	0.698494	0.619379	0.658255	0.660525	0.631133	0.649657	0.672681	0.663257	0.668999	0.667033	0.664823	0.635619	0.636093	0.647813	0.643501	0.645240	0.622855	0.625684	0.628068	0.613830	0.603959	0.566946	0.670612	0.490856	0.661987	0.658242	0.717557	0.676348	0.661216	0.666729	0.659473	0.656851	0.652849	0.645734	0.649774	0.627849	0.599084	0.622482	0.653574	0.671215	0.650985	0.665450	0.677702	0.711415	0.675447	0.594717	0.626416	0.674616	0.655591	0.644418	0.623820	0.648476	0.617647	0.664721	0.643539	0.645281	0.623728	0.735566	0.727782	0.729418	0.736612	0.720042	0.738166	0.737237	0.732207	0.734213	0.734648	0.727951	0.712174	0.713940	0.715244	0.726587	0.717032	0.727768	0.703599	0.712420	0.704875	0.712486	0.703459	0.696086	0.703185	0.701532	0.700840	0.704584	0.702487	0.699596	0.702605	0.710002	0.716918	0.718803	0.706434	0.701404	0.685849	0.699656	0.693221	0.695782	0.695365	0.696087	0.695917	0.693839	0.670640	0.707605	0.688426	0.720070	0.700804	0.699490	0.698211	0.705729	0.703164	0.700662	0.701128	0.710447	0.701914	0.700198	0.694176	0.702208	0.703727
PRJEB14695__testis_single_sex_r1	0.710976	0.705717	0.723728	0.711975	0.731502	0.715797	0.721504	0.717504	0.715915	0.707342	0.709830	0.712660	0.702972	0.711828	0.707682	0.715375	0.717522	0.721721	0.726678	0.718728	0.733165	0.734171	0.729776	0.739157	0.741858	0.738683	0.732658	0.740216	0.744374	0.741222	0.853747	0.850980	0.851099	0.896530	0.891286	0.987938	0.983876	0.987337	1.000000	0.991337	0.983304	0.740249	0.747120	0.736812	0.727905	0.730084	0.735049	0.751647	0.733112	0.741684	0.738669	0.739063	0.737042	0.727146	0.733406	0.723153	0.725379	0.725463	0.681801	0.697662	0.696273	0.700729	0.697158	0.651257	0.644210	0.633057	0.613573	0.658924	0.645759	0.644742	0.650455	0.657384	0.641585	0.714170	0.703878	0.721353	0.718050	0.714779	0.695258	0.681325	0.700459	0.700272	0.696158	0.671151	0.668154	0.647238	0.659099	0.662049	0.656499	0.662350	0.667202	0.667754	0.657620	0.652847	0.660906	0.680740	0.657453	0.655767	0.697194	0.700734	0.686779	0.710645	0.707600	0.631869	0.672831	0.674570	0.644537	0.662595	0.687823	0.679110	0.684885	0.683382	0.680875	0.645372	0.645587	0.657632	0.653022	0.655126	0.637546	0.636439	0.643192	0.626690	0.619043	0.580414	0.686288	0.505788	0.676408	0.672740	0.726955	0.687653	0.673809	0.679210	0.669018	0.668788	0.664736	0.658452	0.661425	0.641734	0.612328	0.633335	0.664321	0.681762	0.662723	0.676101	0.688754	0.721735	0.685701	0.604995	0.639387	0.683752	0.664399	0.658181	0.633324	0.658678	0.627993	0.675268	0.652655	0.654266	0.632449	0.743701	0.736615	0.736228	0.743813	0.726848	0.745785	0.744846	0.739457	0.742292	0.742700	0.735787	0.719588	0.722507	0.723030	0.734758	0.725817	0.736725	0.708748	0.717565	0.710022	0.717813	0.708649	0.703186	0.709437	0.706573	0.705498	0.709048	0.708272	0.705296	0.709016	0.717598	0.724662	0.726491	0.712852	0.707994	0.692335	0.706258	0.699193	0.700943	0.700544	0.702452	0.701478	0.700058	0.677887	0.715252	0.696139	0.726546	0.707993	0.705972	0.704326	0.712924	0.708352	0.706133	0.706478	0.717347	0.707478	0.706261	0.700550	0.708018	0.709263
PRJEB14695__testis_single_sex_r2	0.698916	0.693472	0.713509	0.698845	0.719788	0.702138	0.709955	0.705919	0.705579	0.694484	0.697558	0.699439	0.690205	0.699291	0.695003	0.704730	0.706898	0.711139	0.715427	0.707286	0.721518	0.723247	0.719060	0.728299	0.731354	0.728623	0.722391	0.730098	0.733830	0.730391	0.842055	0.840512	0.840583	0.888347	0.883909	0.983654	0.984053	0.983964	0.991337	1.000000	0.980498	0.729151	0.732242	0.721322	0.714828	0.716231	0.722093	0.738039	0.723043	0.731818	0.728116	0.728421	0.726391	0.718305	0.724463	0.714092	0.716985	0.717242	0.669143	0.690035	0.687641	0.691643	0.688278	0.639326	0.632631	0.620122	0.599547	0.646484	0.636592	0.636373	0.642958	0.651237	0.632519	0.704466	0.692918	0.711585	0.709538	0.705163	0.682977	0.668367	0.689784	0.688730	0.684434	0.659938	0.654945	0.636277	0.647818	0.649091	0.647500	0.653119	0.657155	0.658176	0.646640	0.639531	0.644947	0.669372	0.644238	0.641854	0.685337	0.691218	0.674182	0.702273	0.699726	0.618842	0.660898	0.662559	0.632158	0.650828	0.675673	0.666493	0.671618	0.670151	0.667696	0.634834	0.637288	0.649221	0.644923	0.643396	0.626868	0.633479	0.634058	0.621427	0.611589	0.561361	0.676488	0.481544	0.667074	0.663886	0.717748	0.681923	0.668051	0.673327	0.664008	0.663319	0.658127	0.651548	0.655426	0.634923	0.608424	0.622841	0.653963	0.671420	0.652210	0.665484	0.677053	0.711562	0.672944	0.596784	0.630396	0.669606	0.653420	0.649352	0.616338	0.650690	0.617559	0.665201	0.638768	0.642192	0.618810	0.732734	0.726671	0.727113	0.735207	0.718099	0.736319	0.735541	0.730434	0.732762	0.733494	0.727022	0.710747	0.710848	0.714471	0.725534	0.716326	0.726331	0.698385	0.708681	0.699703	0.707271	0.699310	0.692236	0.700587	0.696225	0.695853	0.700263	0.700273	0.696519	0.700186	0.708202	0.710075	0.712319	0.699339	0.697550	0.679678	0.696615	0.689207	0.691666	0.690539	0.692304	0.691193	0.689487	0.660104	0.697314	0.675170	0.712913	0.696752	0.694760	0.694440	0.701990	0.699100	0.695873	0.696705	0.707789	0.697275	0.695012	0.686091	0.698372	0.699461
PRJEB14695__testis_single_sex_r3	0.725451	0.719625	0.737582	0.727514	0.747558	0.732332	0.735535	0.734436	0.724551	0.722318	0.728351	0.731350	0.719870	0.729666	0.726009	0.731022	0.734251	0.738128	0.741512	0.735789	0.749215	0.748466	0.743982	0.753536	0.756140	0.752021	0.744877	0.753060	0.758124	0.755709	0.860779	0.857516	0.858453	0.895135	0.890239	0.980664	0.975428	0.974390	0.983304	0.980498	1.000000	0.748104	0.778314	0.769316	0.758693	0.758034	0.758923	0.767747	0.755801	0.766624	0.766429	0.767501	0.763367	0.739908	0.745696	0.736247	0.735732	0.737014	0.700625	0.709382	0.708125	0.713101	0.710306	0.668229	0.662002	0.653069	0.636348	0.678459	0.662387	0.658252	0.664447	0.666628	0.658450	0.729634	0.721776	0.736501	0.730789	0.728606	0.713247	0.701464	0.716375	0.717053	0.712596	0.687626	0.686685	0.665155	0.676401	0.681033	0.671638	0.678204	0.682788	0.682477	0.674524	0.669044	0.686029	0.691099	0.671731	0.672123	0.714906	0.717627	0.709072	0.720947	0.718465	0.652220	0.690569	0.690986	0.664445	0.680402	0.698364	0.692898	0.698012	0.696464	0.694790	0.662459	0.660295	0.672399	0.665926	0.675493	0.652344	0.646822	0.656659	0.636489	0.629741	0.614493	0.698498	0.544463	0.689122	0.686795	0.746141	0.692637	0.676963	0.683769	0.677510	0.670967	0.668851	0.662880	0.664719	0.647468	0.611381	0.651814	0.683980	0.696136	0.678576	0.691498	0.705639	0.739287	0.704675	0.621853	0.651155	0.707289	0.684460	0.670634	0.662096	0.670593	0.644066	0.689883	0.676678	0.676863	0.652399	0.755523	0.748005	0.745853	0.752400	0.734991	0.754885	0.754501	0.749475	0.752966	0.752001	0.746246	0.729450	0.737542	0.733674	0.744584	0.734943	0.749802	0.722367	0.728373	0.724646	0.731604	0.718494	0.716574	0.718157	0.722064	0.720327	0.722098	0.718243	0.717600	0.721410	0.728213	0.743579	0.744176	0.730400	0.720853	0.711105	0.717614	0.714388	0.714948	0.715726	0.716986	0.716283	0.714260	0.704879	0.739810	0.725137	0.743264	0.720996	0.720100	0.717781	0.725844	0.722822	0.721707	0.719902	0.730244	0.722725	0.724280	0.723548	0.722411	0.723321
PRJEB14695__whole_female_mixed_sex_r1	0.923159	0.916871	0.913680	0.919643	0.910861	0.910701	0.911287	0.917493	0.922669	0.913841	0.934950	0.927905	0.932008	0.931412	0.929624	0.942026	0.940628	0.937838	0.933291	0.930273	0.944432	0.944119	0.946003	0.947154	0.946518	0.944365	0.950725	0.945982	0.943797	0.945808	0.720288	0.728371	0.723372	0.766691	0.784081	0.730578	0.721339	0.730844	0.740249	0.729151	0.748104	1.000000	0.857908	0.853435	0.944067	0.943727	0.946067	0.871789	0.986244	0.984047	0.977684	0.977029	0.980390	0.934887	0.933680	0.933462	0.933620	0.933856	0.868653	0.863797	0.864563	0.865049	0.866706	0.730813	0.728386	0.730238	0.714681	0.725162	0.788058	0.793590	0.797562	0.798452	0.790488	0.952899	0.952270	0.952016	0.956192	0.953518	0.892274	0.882901	0.888418	0.885563	0.888775	0.740610	0.748352	0.717893	0.737438	0.743551	0.807844	0.804109	0.803159	0.802460	0.805805	0.670085	0.669414	0.673907	0.669188	0.674774	0.880376	0.873671	0.872638	0.871929	0.863449	0.711757	0.714470	0.707028	0.705975	0.714777	0.673663	0.691404	0.681137	0.685398	0.686674	0.789247	0.792345	0.796926	0.791747	0.787421	0.662008	0.644633	0.659729	0.639984	0.649319	0.622491	0.676066	0.549174	0.674449	0.676421	0.881204	0.766223	0.760559	0.766772	0.752060	0.825322	0.825721	0.825643	0.827023	0.759870	0.775819	0.799261	0.809468	0.847300	0.820082	0.840246	0.856110	0.856275	0.855471	0.798659	0.794331	0.863383	0.865998	0.817385	0.845101	0.827407	0.814370	0.840308	0.868659	0.857229	0.864785	0.928151	0.934111	0.927607	0.923393	0.922335	0.914627	0.913557	0.919131	0.914542	0.934724	0.939780	0.950422	0.943044	0.941326	0.940055	0.935318	0.937249	0.937864	0.950594	0.933933	0.928409	0.928468	0.925514	0.929125	0.950470	0.952933	0.952014	0.954460	0.955825	0.956143	0.953629	0.854419	0.856697	0.900985	0.931641	0.918004	0.931411	0.959478	0.959011	0.958360	0.958694	0.954364	0.956014	0.916354	0.853904	0.822193	0.876710	0.930313	0.930409	0.931420	0.929538	0.961457	0.960361	0.961566	0.953785	0.954742	0.952774	0.941036	0.957794	0.956741
PRJEB14695__whole_female_mixed_sex_r2	0.922919	0.918765	0.929373	0.931235	0.927746	0.937825	0.907277	0.932617	0.870303	0.926641	0.904235	0.916768	0.910738	0.915254	0.917026	0.895487	0.896738	0.897553	0.900741	0.906437	0.862212	0.849912	0.847150	0.855445	0.852096	0.848647	0.841629	0.843988	0.852666	0.857049	0.832331	0.839118	0.833781	0.826057	0.835210	0.737900	0.730012	0.737588	0.747120	0.732242	0.778314	0.857908	1.000000	0.994945	0.915719	0.929232	0.910114	0.983138	0.873949	0.886635	0.884039	0.883073	0.877108	0.869947	0.866797	0.868276	0.855352	0.853528	0.818200	0.809663	0.810596	0.814686	0.815649	0.716004	0.727909	0.712710	0.716433	0.736774	0.742414	0.741017	0.748031	0.740899	0.742418	0.825922	0.831009	0.833072	0.824987	0.832433	0.813039	0.804815	0.807496	0.811303	0.807899	0.726356	0.739544	0.728482	0.718436	0.727098	0.741154	0.743977	0.743110	0.741283	0.747062	0.723503	0.740026	0.728516	0.722693	0.726451	0.822976	0.811837	0.820634	0.806449	0.810100	0.715466	0.738932	0.736333	0.728507	0.732451	0.730345	0.736586	0.735046	0.736081	0.738221	0.739563	0.734346	0.744860	0.734820	0.751098	0.680737	0.647319	0.695058	0.646155	0.657987	0.681934	0.717742	0.625554	0.706516	0.701349	0.884561	0.735528	0.719804	0.727567	0.718238	0.749436	0.753944	0.750306	0.749401	0.726155	0.701409	0.750445	0.777856	0.802065	0.780053	0.794683	0.802593	0.829933	0.812382	0.747524	0.747314	0.832921	0.809491	0.774196	0.805958	0.777852	0.762397	0.791748	0.808602	0.800225	0.789284	0.850984	0.829687	0.842204	0.844567	0.832914	0.845432	0.847575	0.841731	0.844683	0.832095	0.820966	0.815653	0.833855	0.807795	0.819290	0.822584	0.828607	0.899939	0.847150	0.897589	0.914319	0.852099	0.837005	0.839612	0.874147	0.868625	0.869034	0.821956	0.837361	0.833106	0.826627	0.961083	0.959182	0.934782	0.857550	0.851776	0.850124	0.844807	0.844814	0.848180	0.838399	0.843574	0.843287	0.845138	0.947607	0.937523	0.952303	0.852661	0.850121	0.843874	0.847760	0.839412	0.840451	0.837598	0.824652	0.851441	0.848365	0.856291	0.841440	0.844171
PRJEB14695__whole_female_mixed_sex_r3	0.917263	0.913340	0.926165	0.926831	0.926120	0.934115	0.906777	0.928580	0.868780	0.923733	0.899729	0.911269	0.905891	0.910363	0.913120	0.893295	0.894385	0.894962	0.898388	0.904041	0.857792	0.845439	0.842394	0.848263	0.846049	0.843114	0.836407	0.838914	0.847146	0.852254	0.823550	0.831132	0.824663	0.816514	0.826403	0.728503	0.721135	0.727087	0.736812	0.721322	0.769316	0.853435	0.994945	1.000000	0.912593	0.926248	0.907159	0.981215	0.871755	0.882779	0.880145	0.879445	0.874154	0.863467	0.859502	0.861526	0.847541	0.846142	0.814306	0.804438	0.804614	0.809187	0.809880	0.710956	0.723763	0.708629	0.714065	0.732347	0.740949	0.738122	0.745673	0.737300	0.741273	0.820044	0.826340	0.827408	0.818644	0.826315	0.807431	0.800137	0.801933	0.806082	0.802930	0.720699	0.735886	0.724022	0.713282	0.722393	0.739187	0.741666	0.740887	0.738644	0.745602	0.718732	0.736878	0.722318	0.717544	0.722019	0.817683	0.806119	0.816036	0.799875	0.803618	0.712625	0.734721	0.731735	0.725120	0.729332	0.724992	0.731767	0.729981	0.730429	0.732928	0.737884	0.731822	0.742136	0.732121	0.749983	0.677964	0.643971	0.692318	0.643254	0.653992	0.684112	0.711819	0.630724	0.701356	0.695759	0.884881	0.731846	0.717053	0.724906	0.716588	0.741027	0.746613	0.742558	0.741293	0.725388	0.696217	0.748263	0.774999	0.796270	0.776413	0.790037	0.798348	0.824414	0.808415	0.745283	0.746092	0.828457	0.805139	0.772758	0.804498	0.772874	0.759132	0.785986	0.804541	0.796120	0.784351	0.842645	0.821047	0.835448	0.835969	0.825182	0.836698	0.839393	0.833593	0.836771	0.822914	0.812212	0.808244	0.826873	0.799210	0.810857	0.815887	0.820708	0.894082	0.840806	0.891490	0.908658	0.846570	0.831826	0.833702	0.867971	0.862840	0.862947	0.814949	0.831165	0.827002	0.820308	0.958085	0.955948	0.930791	0.852600	0.847790	0.844530	0.840431	0.839852	0.843425	0.833423	0.838102	0.838391	0.844073	0.945439	0.937276	0.947744	0.847709	0.845384	0.838479	0.842135	0.833825	0.834708	0.831630	0.819308	0.846473	0.843925	0.853299	0.836100	0.838509
PRJEB14695__whole_female_single_sex_r1	0.929774	0.922862	0.921036	0.929591	0.921719	0.927131	0.914948	0.930145	0.911818	0.925063	0.938380	0.937316	0.935947	0.938217	0.936458	0.936570	0.936965	0.935555	0.931226	0.932720	0.938301	0.933801	0.936370	0.939074	0.937273	0.936126	0.933332	0.932454	0.934781	0.936782	0.754367	0.757930	0.755749	0.789495	0.807319	0.723172	0.710668	0.719542	0.727905	0.714828	0.758693	0.944067	0.915719	0.912593	1.000000	0.994406	0.992368	0.907899	0.955674	0.958816	0.965558	0.964925	0.960494	0.951373	0.948781	0.950734	0.945276	0.944978	0.885689	0.870667	0.872629	0.873912	0.875068	0.730538	0.748746	0.733069	0.741653	0.750282	0.798584	0.799479	0.801861	0.796151	0.800628	0.929497	0.936427	0.932153	0.927397	0.933324	0.887298	0.883604	0.880734	0.880727	0.882568	0.740217	0.753301	0.739455	0.736983	0.746919	0.796116	0.795293	0.794182	0.792911	0.799378	0.686433	0.700853	0.682416	0.681902	0.691349	0.890328	0.874989	0.888067	0.863404	0.864795	0.727734	0.731569	0.723918	0.724679	0.730495	0.684349	0.703834	0.695713	0.698292	0.699255	0.796362	0.791269	0.798289	0.789349	0.798994	0.680240	0.657903	0.675623	0.651834	0.658854	0.672787	0.691826	0.613017	0.691249	0.692172	0.880662	0.753577	0.745783	0.753356	0.741681	0.802988	0.802952	0.802795	0.804375	0.742572	0.742162	0.809191	0.819337	0.847712	0.821120	0.843782	0.864840	0.866722	0.865731	0.796222	0.785745	0.880600	0.873472	0.809111	0.871522	0.823024	0.814593	0.841893	0.888619	0.874736	0.876857	0.934064	0.920341	0.936093	0.931809	0.929961	0.924532	0.923813	0.928301	0.924634	0.921393	0.913480	0.915850	0.931412	0.909884	0.912662	0.914828	0.917153	0.939180	0.937515	0.940819	0.940382	0.944043	0.945725	0.940196	0.940962	0.938437	0.936464	0.921483	0.925767	0.925323	0.923087	0.898717	0.899205	0.933172	0.953014	0.952446	0.949852	0.928254	0.926255	0.928605	0.927669	0.927481	0.929149	0.916139	0.907017	0.882514	0.913654	0.950208	0.950761	0.949563	0.946344	0.926032	0.929197	0.926173	0.922598	0.929280	0.930776	0.931226	0.929503	0.927617
PRJEB14695__whole_female_single_sex_r2	0.939043	0.932732	0.931681	0.939430	0.931336	0.937491	0.922953	0.939791	0.917246	0.935002	0.942884	0.943417	0.941957	0.944305	0.942330	0.940968	0.940752	0.940297	0.936848	0.938302	0.936749	0.930702	0.932695	0.936273	0.933395	0.932744	0.929419	0.928491	0.932116	0.935148	0.756933	0.761978	0.758748	0.792393	0.810374	0.723391	0.711488	0.721442	0.730084	0.716231	0.758034	0.943727	0.929232	0.926248	0.994406	1.000000	0.990989	0.922179	0.955512	0.960051	0.963348	0.962394	0.957832	0.949824	0.947630	0.949358	0.943396	0.942268	0.881463	0.869047	0.870924	0.872524	0.873461	0.727843	0.745364	0.729110	0.736305	0.747124	0.795097	0.797149	0.799647	0.795418	0.796501	0.922784	0.929033	0.926446	0.922242	0.928498	0.882781	0.877795	0.876023	0.877013	0.877769	0.737540	0.749938	0.736726	0.734620	0.743504	0.793220	0.792434	0.791526	0.790138	0.796731	0.684654	0.696937	0.683111	0.681295	0.688918	0.886473	0.871107	0.882395	0.862496	0.863770	0.723700	0.729478	0.723003	0.721673	0.728278	0.684599	0.702900	0.695009	0.697611	0.698797	0.792528	0.788529	0.795920	0.787475	0.795008	0.676847	0.655072	0.674498	0.648748	0.655512	0.664066	0.690609	0.601890	0.689357	0.689413	0.887628	0.758355	0.749227	0.756491	0.743914	0.804850	0.805369	0.804800	0.806023	0.747283	0.745765	0.803668	0.816721	0.846341	0.818411	0.840738	0.859670	0.866633	0.861576	0.793633	0.785077	0.876800	0.868499	0.809947	0.863479	0.821790	0.811121	0.838859	0.881156	0.866552	0.869434	0.929505	0.914837	0.932025	0.928233	0.925970	0.921891	0.921681	0.924880	0.921132	0.916715	0.908795	0.910532	0.924480	0.903501	0.908145	0.911360	0.911131	0.945427	0.935313	0.945706	0.946738	0.943403	0.939618	0.937769	0.942075	0.939527	0.938676	0.917647	0.923756	0.922124	0.918847	0.910408	0.910868	0.941391	0.949893	0.945805	0.946089	0.926193	0.925430	0.927485	0.924725	0.925559	0.927088	0.910886	0.915013	0.890298	0.924311	0.946181	0.946413	0.944545	0.941761	0.923700	0.926009	0.923597	0.917597	0.928491	0.927906	0.926978	0.927448	0.925875
PRJEB14695__whole_female_single_sex_r3	0.932221	0.925807	0.924346	0.933021	0.924816	0.931323	0.917091	0.933562	0.915949	0.928652	0.941393	0.939671	0.938174	0.941197	0.940195	0.940014	0.940453	0.939612	0.934351	0.935316	0.944467	0.940363	0.942759	0.945155	0.943600	0.942645	0.939177	0.938561	0.940564	0.943343	0.757109	0.760974	0.758389	0.794228	0.811949	0.729988	0.718518	0.727111	0.735049	0.722093	0.758923	0.946067	0.910114	0.907159	0.992368	0.990989	1.000000	0.908231	0.953283	0.954462	0.959766	0.958907	0.956300	0.952180	0.950297	0.951551	0.946499	0.945815	0.886491	0.871555	0.873315	0.875242	0.875949	0.731019	0.749048	0.732031	0.740635	0.750290	0.797475	0.798553	0.800688	0.795502	0.799008	0.930083	0.936321	0.932847	0.928477	0.932251	0.885081	0.883401	0.881392	0.881949	0.883311	0.740570	0.753410	0.740377	0.737383	0.746975	0.795458	0.794925	0.793204	0.792100	0.798277	0.685160	0.697219	0.681710	0.680585	0.689521	0.890548	0.873764	0.886182	0.864451	0.865905	0.728523	0.732337	0.724872	0.724608	0.731946	0.684949	0.702153	0.694873	0.695785	0.696257	0.794525	0.789460	0.796941	0.788518	0.797260	0.679710	0.657088	0.675786	0.652088	0.658339	0.665918	0.691860	0.606386	0.691249	0.691082	0.879874	0.754968	0.747463	0.755178	0.742456	0.800615	0.800221	0.799000	0.801381	0.744452	0.740032	0.805299	0.814478	0.845907	0.820003	0.843289	0.864176	0.867971	0.864804	0.791428	0.783669	0.876066	0.869586	0.808294	0.868344	0.821940	0.811661	0.840129	0.885697	0.870562	0.873539	0.937456	0.923274	0.940652	0.936460	0.934642	0.928991	0.928469	0.933713	0.928571	0.924992	0.917457	0.918966	0.933511	0.912433	0.916753	0.918550	0.920178	0.941223	0.941808	0.943592	0.943121	0.948402	0.948912	0.944039	0.943012	0.940885	0.939343	0.925063	0.927950	0.927440	0.925550	0.900726	0.901348	0.935446	0.957364	0.954692	0.953128	0.929460	0.928181	0.929858	0.929211	0.929344	0.930449	0.917396	0.909897	0.884982	0.916431	0.954081	0.955197	0.953339	0.949948	0.928736	0.931416	0.928828	0.925911	0.931839	0.932653	0.932857	0.931822	0.929478
PRJEB14695__whole_male_mixed_sex_r1	0.930345	0.926195	0.936808	0.936637	0.932975	0.942340	0.916509	0.938309	0.882109	0.934505	0.907915	0.919220	0.915828	0.918375	0.921086	0.903284	0.903156	0.903058	0.906589	0.910979	0.864497	0.853396	0.850859	0.858684	0.856003	0.852925	0.848344	0.848989	0.855697	0.861061	0.832027	0.842936	0.833898	0.831121	0.841795	0.740389	0.735155	0.741305	0.751647	0.738039	0.767747	0.871789	0.983138	0.981215	0.907899	0.922179	0.908231	1.000000	0.874069	0.882461	0.878190	0.876662	0.873964	0.876102	0.872515	0.874656	0.862286	0.860179	0.817637	0.813966	0.813471	0.817980	0.817829	0.711792	0.723998	0.707481	0.710077	0.731973	0.742762	0.742719	0.749961	0.745521	0.742770	0.829748	0.834024	0.837112	0.831474	0.837831	0.811483	0.802590	0.809123	0.810375	0.808386	0.722229	0.735051	0.723902	0.713576	0.721221	0.741501	0.743596	0.742756	0.740715	0.745390	0.713851	0.723510	0.723345	0.714737	0.717528	0.822243	0.811129	0.816782	0.809716	0.813723	0.709732	0.733166	0.731074	0.722531	0.728279	0.723760	0.730137	0.727549	0.728075	0.730375	0.738493	0.734718	0.745088	0.736333	0.748400	0.673879	0.643052	0.688930	0.641965	0.654098	0.658854	0.710409	0.599972	0.698831	0.693459	0.884803	0.739957	0.728086	0.734773	0.721006	0.759145	0.762367	0.758608	0.758319	0.732135	0.714014	0.748710	0.774253	0.802774	0.780908	0.794883	0.804291	0.828171	0.812089	0.746838	0.750992	0.826876	0.810343	0.779326	0.799206	0.779560	0.763045	0.792354	0.803381	0.798372	0.789517	0.857364	0.836511	0.851503	0.852992	0.841796	0.853380	0.856143	0.849775	0.852759	0.840213	0.830075	0.824446	0.839525	0.815442	0.828107	0.832687	0.834747	0.906476	0.856143	0.903699	0.923566	0.861691	0.844002	0.849554	0.881799	0.875429	0.876700	0.831146	0.845179	0.840797	0.835329	0.959823	0.958986	0.938776	0.865845	0.857317	0.859159	0.852235	0.852772	0.854924	0.845839	0.850783	0.850528	0.842018	0.942708	0.927547	0.954734	0.862497	0.857518	0.852641	0.857038	0.847360	0.847105	0.845294	0.833966	0.858743	0.853197	0.857318	0.849459	0.851519
PRJEB14695__whole_male_mixed_sex_r2	0.921479	0.915053	0.916696	0.921608	0.916053	0.913739	0.913683	0.919885	0.922181	0.914584	0.937321	0.931182	0.933917	0.934181	0.932774	0.944394	0.944266	0.942213	0.937652	0.936075	0.946424	0.944826	0.946489	0.946313	0.945639	0.945369	0.950657	0.946621	0.946106	0.947908	0.718744	0.725087	0.721372	0.760956	0.778525	0.724781	0.715225	0.724497	0.733112	0.723043	0.755801	0.986244	0.873949	0.871755	0.955674	0.955512	0.953283	0.874069	1.000000	0.993643	0.986509	0.986398	0.988138	0.932284	0.930620	0.930820	0.929334	0.930041	0.868673	0.859952	0.860316	0.861572	0.863503	0.726235	0.724312	0.726682	0.712881	0.721662	0.788643	0.792189	0.797053	0.795366	0.790231	0.950450	0.950566	0.949145	0.950612	0.950271	0.892676	0.884189	0.885833	0.885202	0.887240	0.734783	0.744943	0.713187	0.731873	0.740223	0.808346	0.804533	0.803184	0.802208	0.807411	0.669219	0.675276	0.670306	0.666978	0.673257	0.880058	0.872569	0.875016	0.867407	0.858429	0.708844	0.713383	0.703389	0.703595	0.711008	0.671088	0.688503	0.679690	0.684822	0.685997	0.790868	0.791830	0.796496	0.789727	0.789890	0.659118	0.641349	0.658498	0.636115	0.644808	0.635708	0.675962	0.564981	0.674264	0.675526	0.885950	0.761746	0.753287	0.759939	0.747523	0.814674	0.814548	0.813514	0.815116	0.756554	0.766010	0.805481	0.815352	0.846122	0.818559	0.838560	0.853447	0.857890	0.855213	0.802493	0.793123	0.866913	0.866304	0.814961	0.851933	0.825944	0.814785	0.838157	0.871335	0.859204	0.863687	0.922429	0.927194	0.922272	0.916385	0.915686	0.907858	0.908563	0.912985	0.909448	0.925626	0.931196	0.941493	0.938622	0.932765	0.931479	0.929960	0.931456	0.935343	0.944490	0.931368	0.924662	0.924500	0.923472	0.924329	0.946259	0.949224	0.948152	0.946654	0.949530	0.949786	0.947078	0.858913	0.860000	0.901572	0.928133	0.917505	0.926785	0.956064	0.954515	0.955550	0.953581	0.949051	0.951281	0.919739	0.860903	0.831704	0.877598	0.926306	0.927651	0.927138	0.924844	0.956397	0.956475	0.955870	0.948437	0.949861	0.949794	0.940857	0.952707	0.950772
PRJEB14695__whole_male_mixed_sex_r3	0.924715	0.918431	0.918916	0.924544	0.917353	0.916905	0.912821	0.923002	0.917640	0.916575	0.938165	0.933561	0.935214	0.936356	0.934306	0.942322	0.941843	0.940623	0.936016	0.934863	0.946275	0.943432	0.944929	0.946733	0.945902	0.943379	0.946804	0.944051	0.944765	0.946318	0.732737	0.739529	0.735832	0.773867	0.790421	0.732149	0.723942	0.732733	0.741684	0.731818	0.766624	0.984047	0.886635	0.882779	0.958816	0.960051	0.954462	0.882461	0.993643	1.000000	0.989780	0.989718	0.988701	0.931909	0.931802	0.930612	0.928966	0.929892	0.868530	0.861983	0.863280	0.864253	0.865921	0.734593	0.731718	0.734165	0.718576	0.730985	0.787006	0.791054	0.795723	0.794761	0.788601	0.949068	0.948370	0.948473	0.950039	0.949408	0.893594	0.884104	0.886380	0.886133	0.887029	0.744450	0.752732	0.722455	0.741203	0.748585	0.806254	0.803476	0.802787	0.801743	0.806453	0.681003	0.687511	0.682763	0.679317	0.684696	0.881074	0.874741	0.875765	0.870463	0.862190	0.716736	0.722491	0.715053	0.712758	0.720679	0.684798	0.700860	0.692274	0.697320	0.698555	0.789185	0.790970	0.796207	0.789511	0.788911	0.668339	0.649840	0.668629	0.644326	0.653381	0.642183	0.687009	0.569948	0.684436	0.685718	0.894460	0.770824	0.760307	0.767209	0.754744	0.818851	0.820046	0.818433	0.819680	0.762969	0.767532	0.802076	0.816284	0.848205	0.820031	0.839708	0.854713	0.863245	0.855469	0.799898	0.793074	0.869443	0.865755	0.816938	0.849760	0.826492	0.812810	0.839883	0.871149	0.857917	0.861877	0.922964	0.927554	0.920815	0.916422	0.913653	0.909138	0.909411	0.912803	0.909842	0.926996	0.931837	0.941166	0.937452	0.932646	0.931717	0.927691	0.931686	0.937301	0.943255	0.933091	0.927520	0.921762	0.918871	0.920804	0.947147	0.950240	0.949359	0.944477	0.949493	0.949716	0.945526	0.865871	0.866820	0.905393	0.924639	0.914441	0.923248	0.954636	0.954129	0.954776	0.952217	0.948705	0.950247	0.918169	0.866629	0.837989	0.883692	0.922354	0.923407	0.922884	0.921695	0.955968	0.955743	0.955396	0.945683	0.950175	0.949195	0.940609	0.951270	0.950883
PRJEB14695__whole_male_single_sex_r1	0.922217	0.915850	0.914427	0.921430	0.912604	0.915134	0.909412	0.920991	0.915805	0.914495	0.939245	0.933700	0.935450	0.936972	0.934231	0.941018	0.940330	0.937944	0.932562	0.931986	0.945303	0.943347	0.944738	0.945098	0.945222	0.943211	0.946624	0.943244	0.943685	0.945216	0.734763	0.741119	0.737573	0.774095	0.790203	0.730234	0.720448	0.729336	0.738669	0.728116	0.766429	0.977684	0.884039	0.880145	0.965558	0.963348	0.959766	0.878190	0.986509	0.989780	1.000000	0.998140	0.993040	0.933637	0.933236	0.932439	0.930816	0.932164	0.870066	0.861897	0.863551	0.864305	0.866081	0.735971	0.733899	0.736964	0.721951	0.733017	0.790359	0.793440	0.797643	0.795023	0.792282	0.952778	0.952472	0.952016	0.952015	0.951218	0.893723	0.886866	0.887480	0.887316	0.888938	0.745637	0.755124	0.724473	0.742974	0.750253	0.807550	0.804486	0.804733	0.803765	0.808748	0.681690	0.690860	0.681680	0.679328	0.686004	0.882147	0.874892	0.878373	0.869592	0.861603	0.718391	0.723105	0.715685	0.713949	0.720838	0.683846	0.701201	0.692004	0.695807	0.697161	0.792511	0.792537	0.797832	0.790787	0.792600	0.671996	0.650696	0.670799	0.645636	0.655695	0.652067	0.688985	0.583303	0.686299	0.687968	0.891951	0.768199	0.757548	0.764658	0.754269	0.817492	0.818694	0.817718	0.818924	0.758309	0.763126	0.803648	0.816974	0.847981	0.820076	0.840398	0.858623	0.863230	0.858209	0.799059	0.792273	0.873311	0.868403	0.815675	0.855341	0.825098	0.813057	0.840374	0.875046	0.861495	0.865260	0.925195	0.929276	0.922924	0.918302	0.915962	0.910828	0.911361	0.914216	0.912569	0.928165	0.932622	0.941985	0.940084	0.933956	0.932761	0.931323	0.934487	0.934780	0.943308	0.931935	0.926163	0.923114	0.922754	0.922424	0.946911	0.950438	0.948047	0.944992	0.952536	0.952368	0.947822	0.864800	0.866066	0.905469	0.930052	0.920319	0.928815	0.955641	0.954533	0.954164	0.957742	0.953848	0.955018	0.928809	0.868315	0.841832	0.882446	0.926819	0.928636	0.928559	0.925595	0.955493	0.955515	0.955065	0.948748	0.954894	0.955841	0.948971	0.956195	0.955900
PRJEB14695__whole_male_single_sex_r2	0.920453	0.914362	0.913324	0.919359	0.911961	0.912887	0.908480	0.919259	0.915035	0.912908	0.937920	0.932222	0.933683	0.935511	0.932774	0.940054	0.939347	0.937072	0.931545	0.930841	0.945222	0.943512	0.944737	0.944873	0.945076	0.943453	0.946511	0.943690	0.944107	0.945570	0.736612	0.742974	0.739369	0.775367	0.791614	0.730545	0.721304	0.729649	0.739063	0.728421	0.767501	0.977029	0.883073	0.879445	0.964925	0.962394	0.958907	0.876662	0.986398	0.989718	0.998140	1.000000	0.994017	0.933209	0.933037	0.931749	0.930391	0.931880	0.871001	0.862950	0.865017	0.865653	0.867526	0.738607	0.736645	0.739206	0.724797	0.735838	0.791622	0.794716	0.799090	0.796071	0.793770	0.952781	0.952593	0.952383	0.951834	0.950951	0.893879	0.887370	0.888598	0.888073	0.889542	0.748296	0.757555	0.727275	0.745712	0.752610	0.808773	0.805890	0.806358	0.805194	0.810189	0.685030	0.694332	0.685233	0.682652	0.689205	0.883424	0.876251	0.879666	0.870506	0.863061	0.721327	0.726219	0.718584	0.716928	0.724456	0.687187	0.704198	0.695064	0.698489	0.699946	0.793721	0.793954	0.799129	0.792091	0.794255	0.674358	0.652577	0.673472	0.648077	0.658006	0.654766	0.691624	0.585992	0.688773	0.690330	0.893423	0.770332	0.759804	0.766554	0.757045	0.818030	0.819459	0.818577	0.819578	0.761610	0.764277	0.804047	0.817914	0.849149	0.821697	0.841515	0.859287	0.865179	0.859546	0.800595	0.794165	0.874708	0.869369	0.817735	0.856435	0.825992	0.813985	0.841358	0.875790	0.862337	0.865434	0.925287	0.929507	0.922876	0.918172	0.915616	0.911131	0.911483	0.914339	0.912560	0.928320	0.932947	0.941454	0.940040	0.933989	0.932868	0.930709	0.934608	0.933194	0.942818	0.930554	0.924410	0.922318	0.921799	0.921472	0.945600	0.948916	0.946789	0.944433	0.951301	0.951642	0.947070	0.863135	0.864474	0.903758	0.929233	0.919200	0.928103	0.954326	0.953106	0.952834	0.956606	0.952818	0.953861	0.928608	0.867393	0.841392	0.880595	0.925511	0.927872	0.927826	0.924704	0.954694	0.954633	0.954238	0.947922	0.953515	0.954521	0.948316	0.955180	0.954968
PRJEB14695__whole_male_single_sex_r3	0.918235	0.911488	0.913513	0.917452	0.913529	0.911255	0.910197	0.917763	0.917183	0.912110	0.938566	0.931844	0.933072	0.934879	0.933148	0.942017	0.941884	0.939145	0.933620	0.932876	0.944925	0.943637	0.944872	0.945566	0.945805	0.943936	0.947598	0.945225	0.944606	0.946060	0.733952	0.739994	0.736718	0.773383	0.789114	0.729434	0.719191	0.727604	0.737042	0.726391	0.763367	0.980390	0.877108	0.874154	0.960494	0.957832	0.956300	0.873964	0.988138	0.988701	0.993040	0.994017	1.000000	0.930452	0.929332	0.929155	0.927540	0.928790	0.875232	0.864824	0.865830	0.866681	0.868863	0.738410	0.736720	0.739999	0.726726	0.735318	0.795571	0.797976	0.802486	0.797842	0.797705	0.952653	0.953219	0.951953	0.951243	0.949808	0.897102	0.891507	0.892372	0.891525	0.893455	0.747274	0.758399	0.726385	0.744670	0.752882	0.813446	0.810179	0.809846	0.808504	0.814098	0.686831	0.696204	0.687357	0.684294	0.691247	0.886333	0.878854	0.883546	0.871840	0.864107	0.722341	0.725843	0.717155	0.717212	0.724404	0.686845	0.704623	0.694886	0.698119	0.700025	0.797072	0.796586	0.801827	0.794751	0.798433	0.674921	0.650966	0.673462	0.648322	0.658614	0.659042	0.691049	0.592749	0.688219	0.689353	0.891025	0.766542	0.758423	0.765115	0.754808	0.816196	0.817474	0.816376	0.817928	0.762288	0.765768	0.806704	0.818779	0.851339	0.824807	0.844514	0.861641	0.866814	0.863394	0.804752	0.797351	0.876643	0.872906	0.820730	0.862609	0.828429	0.818807	0.843289	0.879573	0.867560	0.869527	0.926224	0.931526	0.922920	0.918035	0.915538	0.911269	0.911697	0.914647	0.913418	0.929404	0.934324	0.943397	0.942777	0.935585	0.934521	0.931980	0.936841	0.932164	0.942426	0.929056	0.922802	0.920900	0.922469	0.920497	0.945770	0.948712	0.946087	0.945230	0.952048	0.952508	0.948462	0.861467	0.862543	0.901769	0.928907	0.920341	0.927154	0.956548	0.954503	0.953709	0.958092	0.954060	0.955360	0.931919	0.867302	0.841785	0.878825	0.926404	0.928226	0.928332	0.925535	0.956501	0.956433	0.955597	0.950285	0.954858	0.956645	0.950997	0.956482	0.956069
PRJEB32839__f_26d_juveniles_r1	0.925040	0.918626	0.916942	0.920294	0.913744	0.914993	0.910343	0.920460	0.920286	0.913034	0.933954	0.928450	0.929646	0.931526	0.927680	0.937023	0.936724	0.936379	0.930949	0.930751	0.950160	0.949425	0.953028	0.953267	0.952727	0.952364	0.951568	0.947855	0.947979	0.950712	0.749290	0.753041	0.752327	0.792027	0.809670	0.717218	0.710173	0.720072	0.727146	0.718305	0.739908	0.934887	0.869947	0.863467	0.951373	0.949824	0.952180	0.876102	0.932284	0.931909	0.933637	0.933209	0.930452	1.000000	0.995890	0.996815	0.994872	0.995432	0.904605	0.909399	0.908002	0.907620	0.908355	0.749085	0.770266	0.744137	0.749537	0.767281	0.812496	0.822679	0.826903	0.828315	0.814397	0.966299	0.968498	0.973638	0.972659	0.976647	0.905098	0.898376	0.905212	0.902228	0.906761	0.761150	0.767025	0.760251	0.757786	0.760706	0.810450	0.813075	0.805907	0.808210	0.807228	0.698712	0.698660	0.703909	0.697155	0.701595	0.914869	0.902974	0.904261	0.903088	0.903946	0.740085	0.749733	0.744563	0.738207	0.748008	0.706597	0.722183	0.715361	0.720111	0.718971	0.807747	0.811531	0.818929	0.812325	0.806621	0.689981	0.679782	0.692188	0.674841	0.679917	0.646097	0.714057	0.559235	0.712333	0.710806	0.873071	0.766663	0.768315	0.774940	0.752947	0.851824	0.846860	0.847556	0.851134	0.763832	0.791106	0.826240	0.833876	0.878640	0.839318	0.866427	0.882819	0.889957	0.879512	0.820740	0.812506	0.891844	0.892665	0.829995	0.864425	0.853938	0.834212	0.866674	0.896216	0.885037	0.891170	0.975142	0.964740	0.980355	0.980569	0.978735	0.973469	0.971542	0.977333	0.972067	0.967314	0.957419	0.957786	0.964203	0.954517	0.958684	0.961577	0.957650	0.964485	0.978010	0.970000	0.963127	0.980499	0.977911	0.981909	0.966687	0.964042	0.966859	0.964623	0.956967	0.959160	0.963321	0.899760	0.903065	0.948052	0.981268	0.962205	0.980585	0.948350	0.950821	0.951743	0.951686	0.950579	0.952950	0.909658	0.898734	0.863106	0.924402	0.976556	0.978773	0.976832	0.979386	0.953535	0.953622	0.954851	0.958056	0.950761	0.947718	0.936044	0.957699	0.950871
PRJEB32839__f_26d_juveniles_r2	0.920857	0.914291	0.913348	0.916248	0.911118	0.911179	0.907286	0.916299	0.918064	0.908082	0.929754	0.924833	0.925606	0.928272	0.923166	0.933619	0.933127	0.933779	0.928599	0.928457	0.952269	0.952213	0.955538	0.954945	0.955105	0.955247	0.952690	0.950582	0.951515	0.953059	0.755472	0.759494	0.758659	0.797742	0.815252	0.723251	0.715770	0.726139	0.733406	0.724463	0.745696	0.933680	0.866797	0.859502	0.948781	0.947630	0.950297	0.872515	0.930620	0.931802	0.933236	0.933037	0.929332	0.995890	1.000000	0.995057	0.995703	0.996568	0.904166	0.910068	0.908992	0.909241	0.909664	0.754354	0.775315	0.748998	0.752489	0.772786	0.815099	0.825742	0.828655	0.831100	0.816780	0.966609	0.967836	0.973638	0.972444	0.976614	0.905495	0.899099	0.905305	0.903408	0.906412	0.767264	0.771526	0.766012	0.764223	0.765941	0.812608	0.815723	0.809153	0.811237	0.810324	0.704313	0.704069	0.709482	0.702912	0.706745	0.915838	0.902849	0.903572	0.905121	0.905710	0.745531	0.756354	0.751869	0.743793	0.754358	0.712765	0.728240	0.721050	0.725955	0.725133	0.810606	0.815019	0.822889	0.816175	0.809152	0.696179	0.686789	0.698322	0.681284	0.685638	0.650502	0.721264	0.562785	0.719223	0.717612	0.875061	0.775032	0.775319	0.782628	0.760713	0.853290	0.848218	0.848117	0.852120	0.769814	0.792266	0.826398	0.836735	0.879849	0.840599	0.867427	0.882672	0.893844	0.879534	0.820354	0.813343	0.892682	0.892826	0.833008	0.862205	0.854832	0.834076	0.867755	0.895382	0.883294	0.889107	0.975048	0.964107	0.980484	0.981109	0.978629	0.973848	0.971488	0.978065	0.972349	0.967195	0.957523	0.957400	0.963564	0.954043	0.959102	0.960520	0.957412	0.959256	0.976929	0.964915	0.957980	0.978182	0.977136	0.980972	0.962592	0.959959	0.963602	0.963151	0.954379	0.957800	0.962230	0.894175	0.896725	0.941608	0.978970	0.959501	0.978545	0.944309	0.947278	0.948113	0.948871	0.947157	0.949714	0.905860	0.892814	0.857925	0.918503	0.974815	0.977083	0.975084	0.978222	0.950619	0.951274	0.952511	0.957060	0.947060	0.944435	0.932799	0.954769	0.947735
PRJEB32839__f_26d_juveniles_r3	0.925163	0.918906	0.915444	0.920299	0.912607	0.915388	0.909614	0.920058	0.918499	0.913438	0.934379	0.928961	0.929551	0.931456	0.927879	0.935787	0.935485	0.934988	0.929828	0.930108	0.949659	0.948565	0.952343	0.952592	0.951989	0.951025	0.950701	0.946074	0.946273	0.949297	0.744004	0.747667	0.746691	0.786150	0.803789	0.714847	0.706572	0.715803	0.723153	0.714092	0.736247	0.933462	0.868276	0.861526	0.950734	0.949358	0.951551	0.874656	0.930820	0.930612	0.932439	0.931749	0.929155	0.996815	0.995057	1.000000	0.994142	0.994733	0.903701	0.906819	0.905097	0.905147	0.906249	0.748971	0.770028	0.745548	0.751588	0.767185	0.813547	0.823153	0.826797	0.827511	0.815012	0.966759	0.969682	0.973704	0.972238	0.976625	0.905050	0.899430	0.904472	0.901408	0.906622	0.760695	0.766821	0.759969	0.758322	0.760917	0.811036	0.812996	0.806568	0.808913	0.808033	0.696546	0.697879	0.700045	0.694476	0.699512	0.913755	0.900368	0.903349	0.900076	0.900885	0.740291	0.748313	0.743589	0.737677	0.746474	0.702729	0.719678	0.712421	0.717092	0.716014	0.809045	0.812105	0.819513	0.812305	0.807864	0.689818	0.679157	0.689556	0.673418	0.678530	0.650457	0.711593	0.564670	0.710458	0.709596	0.868366	0.761875	0.764133	0.771145	0.748967	0.847120	0.841833	0.842999	0.846488	0.758788	0.786191	0.826276	0.833746	0.876520	0.837541	0.865175	0.882053	0.887196	0.878857	0.818846	0.810315	0.891379	0.891985	0.827672	0.866444	0.851067	0.833766	0.865035	0.897344	0.885656	0.892139	0.975194	0.965398	0.980162	0.980026	0.978796	0.972848	0.970540	0.977038	0.971452	0.967264	0.957997	0.958584	0.965651	0.955513	0.959281	0.960813	0.958095	0.964066	0.977121	0.970228	0.963445	0.979632	0.978557	0.981170	0.967922	0.964512	0.966735	0.964305	0.957340	0.959455	0.963340	0.898713	0.901753	0.948524	0.980631	0.964154	0.979762	0.948514	0.951416	0.952238	0.952006	0.951161	0.953488	0.912150	0.899155	0.864547	0.923741	0.976406	0.978391	0.976366	0.979583	0.953833	0.954623	0.955043	0.958177	0.951132	0.948545	0.937808	0.957974	0.951202
PRJEB32839__f_26d_juveniles_r4	0.915890	0.908934	0.907438	0.910197	0.904830	0.904148	0.904095	0.910209	0.916865	0.902459	0.924227	0.918978	0.920613	0.922686	0.916998	0.930414	0.929578	0.929596	0.924819	0.924182	0.945873	0.946554	0.950686	0.949946	0.949914	0.951240	0.950387	0.946665	0.946544	0.947817	0.741838	0.745571	0.745139	0.785980	0.804315	0.715388	0.707246	0.717862	0.725379	0.716985	0.735732	0.933620	0.855352	0.847541	0.945276	0.943396	0.946499	0.862286	0.929334	0.928966	0.930816	0.930391	0.927540	0.994872	0.995703	0.994142	1.000000	0.996637	0.903148	0.909066	0.908226	0.907456	0.908486	0.747476	0.768177	0.742274	0.746547	0.764640	0.813853	0.824733	0.827799	0.831033	0.815550	0.966590	0.968212	0.973145	0.972580	0.976446	0.905470	0.898852	0.905178	0.902433	0.905923	0.759394	0.764761	0.757737	0.756473	0.757776	0.811845	0.814068	0.807915	0.809895	0.808993	0.696163	0.694302	0.701354	0.694906	0.698908	0.914316	0.901673	0.902190	0.903449	0.903698	0.737422	0.748177	0.742243	0.734898	0.744495	0.703132	0.719925	0.712466	0.717420	0.716380	0.809366	0.813839	0.821314	0.814895	0.806915	0.691137	0.683562	0.691913	0.677370	0.682249	0.643406	0.713366	0.554646	0.712376	0.711144	0.864792	0.767623	0.769808	0.776353	0.753621	0.854626	0.848951	0.849617	0.853612	0.763508	0.794063	0.826515	0.834208	0.878604	0.838980	0.866470	0.882394	0.888670	0.878405	0.821658	0.813422	0.890391	0.893509	0.831239	0.861617	0.854671	0.834970	0.867551	0.895753	0.884621	0.891573	0.972400	0.962118	0.979049	0.979144	0.978172	0.970853	0.968648	0.975177	0.969746	0.964894	0.955923	0.957038	0.962395	0.953617	0.957623	0.960256	0.954972	0.955165	0.975306	0.961196	0.953384	0.978203	0.977144	0.981238	0.959669	0.957762	0.961168	0.963812	0.953593	0.957141	0.961760	0.885065	0.888003	0.935870	0.979256	0.959093	0.979395	0.944215	0.946600	0.947278	0.948782	0.946597	0.949090	0.902254	0.883061	0.846392	0.910658	0.974592	0.977116	0.975982	0.978265	0.950249	0.950280	0.951911	0.957097	0.945657	0.942592	0.929514	0.954521	0.947124
PRJEB32839__f_26d_juveniles_r5	0.913302	0.906419	0.905145	0.908046	0.902860	0.901947	0.901298	0.907888	0.915211	0.899671	0.922917	0.917138	0.918807	0.920673	0.915416	0.929037	0.928169	0.928200	0.923111	0.922383	0.947638	0.948896	0.952660	0.951848	0.952318	0.953078	0.952252	0.948729	0.948738	0.949579	0.743490	0.747809	0.746995	0.788026	0.806543	0.714914	0.707063	0.717833	0.725463	0.717242	0.737014	0.933856	0.853528	0.846142	0.944978	0.942268	0.945815	0.860179	0.930041	0.929892	0.932164	0.931880	0.928790	0.995432	0.996568	0.994733	0.996637	1.000000	0.904861	0.911378	0.909895	0.909729	0.910278	0.750652	0.771299	0.745289	0.749055	0.767780	0.814801	0.826173	0.829436	0.832724	0.816335	0.968977	0.970343	0.976204	0.975354	0.978993	0.907327	0.899998	0.906571	0.904187	0.907770	0.762907	0.767147	0.761061	0.759899	0.761050	0.812633	0.815190	0.808592	0.810925	0.809730	0.697958	0.696308	0.703461	0.696673	0.700683	0.916036	0.904617	0.904635	0.905737	0.906062	0.740139	0.750253	0.745406	0.737697	0.747567	0.705648	0.722214	0.714481	0.719742	0.718746	0.810018	0.814977	0.822453	0.815759	0.807415	0.690776	0.683378	0.692449	0.677281	0.682493	0.643848	0.715134	0.554826	0.713462	0.712316	0.866493	0.771390	0.772589	0.779780	0.757083	0.858337	0.852807	0.853009	0.857302	0.767141	0.796951	0.827699	0.835769	0.880911	0.840905	0.868152	0.884819	0.891120	0.879956	0.823473	0.815351	0.892044	0.895516	0.833329	0.862625	0.856690	0.836692	0.869264	0.897200	0.886006	0.892985	0.975171	0.965743	0.981357	0.981744	0.979971	0.973816	0.971727	0.977998	0.973371	0.968353	0.958872	0.959939	0.964661	0.956737	0.960707	0.963150	0.958522	0.953561	0.976333	0.959261	0.951414	0.977227	0.977689	0.981226	0.959552	0.957140	0.960368	0.965008	0.953974	0.957620	0.963710	0.881265	0.884451	0.932637	0.977942	0.957543	0.978493	0.943302	0.946116	0.946649	0.949029	0.945959	0.948641	0.901602	0.879561	0.842978	0.907318	0.973919	0.976746	0.974898	0.978656	0.950435	0.950619	0.951938	0.958934	0.945175	0.942412	0.929271	0.954501	0.946573
PRJEB32839__f_2d_somules_r1	0.843481	0.834699	0.847534	0.839907	0.859630	0.837242	0.858057	0.842833	0.862652	0.834218	0.859389	0.854008	0.851802	0.853572	0.853187	0.873210	0.874787	0.874830	0.872439	0.875327	0.873538	0.874722	0.876499	0.878421	0.879442	0.884539	0.882368	0.885067	0.887046	0.882035	0.750327	0.750316	0.752003	0.766280	0.779803	0.674399	0.663951	0.671894	0.681801	0.669143	0.700625	0.868653	0.818200	0.814306	0.885689	0.881463	0.886491	0.817637	0.868673	0.868530	0.870066	0.871001	0.875232	0.904605	0.904166	0.903701	0.903148	0.904861	1.000000	0.973088	0.972450	0.978814	0.978836	0.782331	0.796072	0.781107	0.791104	0.802150	0.871518	0.881314	0.881639	0.879231	0.871817	0.892382	0.898197	0.899374	0.891872	0.894966	0.973078	0.972469	0.974627	0.977349	0.975863	0.787350	0.793641	0.786787	0.783421	0.793230	0.869003	0.875024	0.867488	0.868312	0.872728	0.748236	0.747744	0.745955	0.741818	0.748791	0.989340	0.974482	0.982952	0.968242	0.972232	0.781110	0.789665	0.774864	0.777974	0.781268	0.737508	0.757249	0.746907	0.749980	0.752576	0.866609	0.865567	0.875668	0.863697	0.872667	0.731559	0.694983	0.736518	0.701422	0.723054	0.706670	0.749488	0.645715	0.745500	0.733216	0.839319	0.801058	0.806444	0.814357	0.781587	0.892037	0.892210	0.893487	0.894754	0.823725	0.842319	0.895404	0.902458	0.948331	0.923277	0.944929	0.960321	0.954529	0.963123	0.897178	0.885292	0.961683	0.965267	0.907717	0.953792	0.924396	0.918813	0.942978	0.964317	0.958816	0.953174	0.902370	0.896053	0.895831	0.896101	0.892374	0.894609	0.904688	0.898571	0.908096	0.892695	0.882536	0.880535	0.898118	0.880980	0.885137	0.895627	0.891754	0.866036	0.887355	0.873817	0.865394	0.884684	0.899548	0.890118	0.876355	0.874923	0.872467	0.878081	0.869740	0.873364	0.880274	0.831207	0.832011	0.864543	0.899081	0.894173	0.898243	0.869115	0.867098	0.869767	0.871566	0.869994	0.870093	0.860401	0.840737	0.817497	0.843245	0.898091	0.901286	0.901061	0.900271	0.874780	0.877116	0.873605	0.881630	0.868553	0.872151	0.872846	0.875523	0.870089
PRJEB32839__f_2d_somules_r2	0.831121	0.821871	0.838388	0.825015	0.847785	0.821999	0.844757	0.829067	0.858186	0.820055	0.842067	0.835729	0.834075	0.837052	0.835170	0.859802	0.861317	0.862254	0.860070	0.861043	0.866543	0.869983	0.870997	0.870767	0.873970	0.879183	0.875832	0.879314	0.881070	0.875641	0.764874	0.768085	0.768095	0.791870	0.804207	0.682057	0.681068	0.688355	0.697662	0.690035	0.709382	0.863797	0.809663	0.804438	0.870667	0.869047	0.871555	0.813966	0.859952	0.861983	0.861897	0.862950	0.864824	0.909399	0.910068	0.906819	0.909066	0.911378	0.973088	1.000000	0.989470	0.989549	0.989902	0.765530	0.779060	0.755971	0.758506	0.784165	0.871061	0.884478	0.890839	0.892309	0.869683	0.887609	0.887095	0.897047	0.893792	0.895312	0.961852	0.951897	0.966238	0.964219	0.965061	0.772599	0.772191	0.773067	0.768141	0.773406	0.868328	0.876147	0.865276	0.869016	0.866396	0.744381	0.732353	0.757097	0.743518	0.745016	0.980419	0.977539	0.969733	0.982026	0.988643	0.756119	0.774356	0.762580	0.755899	0.766250	0.744105	0.761382	0.749363	0.753980	0.756136	0.862038	0.869811	0.880400	0.871270	0.865272	0.722862	0.696950	0.736860	0.704599	0.724250	0.661160	0.755946	0.577685	0.748935	0.734848	0.847627	0.835197	0.840047	0.846102	0.812214	0.925984	0.923558	0.924791	0.926996	0.854952	0.878808	0.887062	0.900248	0.956896	0.922598	0.944079	0.957954	0.962067	0.953490	0.894603	0.894686	0.945935	0.953994	0.918497	0.915387	0.934166	0.911577	0.944251	0.939708	0.936299	0.929865	0.903969	0.897447	0.901234	0.905935	0.899226	0.904377	0.915243	0.905932	0.916634	0.899580	0.886330	0.881980	0.890317	0.882593	0.889747	0.901375	0.890562	0.865141	0.889880	0.871038	0.864995	0.888020	0.893780	0.895649	0.871952	0.870600	0.872686	0.880058	0.868904	0.873024	0.882457	0.823450	0.825543	0.857127	0.896252	0.876950	0.898608	0.859710	0.860860	0.863013	0.866171	0.862801	0.864360	0.828837	0.820639	0.789853	0.840072	0.893891	0.896183	0.896171	0.898303	0.868818	0.867626	0.868102	0.879693	0.861968	0.861109	0.851406	0.871289	0.864422
PRJEB32839__f_2d_somules_r3	0.834227	0.824858	0.841129	0.828255	0.850537	0.824683	0.847253	0.832218	0.860139	0.822597	0.845483	0.840020	0.838051	0.840913	0.838225	0.863321	0.864107	0.864689	0.863411	0.864378	0.868474	0.870959	0.872541	0.873304	0.875178	0.880886	0.878050	0.880488	0.883683	0.877865	0.762912	0.765696	0.766025	0.788960	0.801562	0.681652	0.677904	0.686850	0.696273	0.687641	0.708125	0.864563	0.810596	0.804614	0.872629	0.870924	0.873315	0.813471	0.860316	0.863280	0.863551	0.865017	0.865830	0.908002	0.908992	0.905097	0.908226	0.909895	0.972450	0.989470	1.000000	0.989264	0.989623	0.761778	0.775105	0.754146	0.756638	0.782404	0.868489	0.884564	0.887696	0.890776	0.869186	0.886326	0.886261	0.896026	0.892318	0.894644	0.963568	0.955632	0.968475	0.964684	0.965675	0.769953	0.770105	0.767794	0.763533	0.770856	0.867133	0.876111	0.866853	0.869721	0.867753	0.743812	0.732778	0.754670	0.742194	0.744337	0.981076	0.976121	0.969828	0.981737	0.988607	0.752627	0.771317	0.758330	0.751395	0.762033	0.739937	0.758816	0.746149	0.750178	0.752867	0.863110	0.869821	0.879717	0.870701	0.866456	0.723091	0.697547	0.735533	0.704487	0.723091	0.664104	0.753434	0.583302	0.746472	0.732168	0.847555	0.833023	0.838436	0.844189	0.809458	0.924969	0.923099	0.924235	0.926564	0.852626	0.876902	0.885014	0.899433	0.956139	0.923711	0.944014	0.959174	0.963133	0.954264	0.893149	0.893864	0.948149	0.956142	0.918600	0.918627	0.933843	0.912019	0.944852	0.943621	0.937708	0.933452	0.901269	0.895221	0.899326	0.902398	0.896670	0.901399	0.911424	0.902838	0.913216	0.897022	0.885021	0.879392	0.888895	0.880803	0.887654	0.898178	0.888860	0.863191	0.888718	0.869677	0.863009	0.885987	0.892850	0.893506	0.871001	0.869542	0.871286	0.879479	0.867929	0.871799	0.880267	0.822090	0.824107	0.856026	0.895132	0.878575	0.897904	0.858971	0.859870	0.862880	0.865384	0.863468	0.864026	0.832404	0.821450	0.791116	0.837683	0.892743	0.894877	0.895738	0.896786	0.867986	0.868173	0.868282	0.878095	0.861918	0.860992	0.853182	0.870430	0.864541
PRJEB32839__f_2d_somules_r4	0.834469	0.825465	0.842664	0.829276	0.853514	0.826253	0.849814	0.833452	0.860826	0.823281	0.845516	0.840598	0.838330	0.841406	0.839311	0.864161	0.864763	0.866823	0.865328	0.866769	0.870382	0.873160	0.873741	0.874108	0.876444	0.883454	0.879304	0.882805	0.885856	0.879486	0.770235	0.772649	0.772931	0.794557	0.807156	0.685902	0.682836	0.691433	0.700729	0.691643	0.713101	0.865049	0.814686	0.809187	0.873912	0.872524	0.875242	0.817980	0.861572	0.864253	0.864305	0.865653	0.866681	0.907620	0.909241	0.905147	0.907456	0.909729	0.978814	0.989549	0.989264	1.000000	0.990425	0.770663	0.783239	0.762153	0.765396	0.789886	0.870716	0.886091	0.889354	0.892057	0.870554	0.886030	0.886122	0.895578	0.891596	0.893478	0.965152	0.955636	0.969355	0.969326	0.967987	0.778446	0.777320	0.777273	0.772205	0.777962	0.869307	0.875866	0.868001	0.870478	0.869917	0.749707	0.740234	0.759079	0.747491	0.749648	0.983020	0.978009	0.972339	0.983251	0.989217	0.761770	0.780334	0.768491	0.761276	0.771448	0.745912	0.764309	0.752321	0.756589	0.758966	0.864014	0.869939	0.880698	0.871322	0.867940	0.727285	0.698736	0.740147	0.707047	0.726262	0.671459	0.759485	0.591308	0.752274	0.738357	0.849845	0.835667	0.838317	0.844797	0.811534	0.924347	0.922954	0.922289	0.925699	0.856466	0.877648	0.891501	0.904596	0.960291	0.926888	0.947782	0.960979	0.966466	0.958598	0.898326	0.896564	0.951363	0.957561	0.921672	0.922136	0.936980	0.915005	0.948339	0.943895	0.940719	0.933177	0.902700	0.895288	0.900537	0.902937	0.895957	0.901194	0.912298	0.903078	0.914128	0.896811	0.884909	0.879370	0.888994	0.879585	0.887108	0.899544	0.889085	0.863329	0.888106	0.869208	0.863480	0.886318	0.892629	0.892908	0.870144	0.868874	0.870718	0.877557	0.866456	0.870626	0.879928	0.824724	0.826582	0.857452	0.895024	0.877470	0.897159	0.859151	0.859310	0.862141	0.864711	0.861442	0.862784	0.832694	0.825426	0.795888	0.840329	0.892567	0.895182	0.894505	0.896507	0.867221	0.867240	0.867270	0.878961	0.860737	0.860591	0.853789	0.869881	0.862739
PRJEB32839__f_2d_somules_r5	0.836864	0.827692	0.845635	0.831254	0.855629	0.828511	0.852384	0.835774	0.863021	0.826200	0.848182	0.842745	0.840612	0.843638	0.841448	0.866481	0.867431	0.868515	0.867161	0.868998	0.870573	0.872874	0.874002	0.874487	0.876792	0.883081	0.880010	0.882725	0.885999	0.879765	0.765456	0.768313	0.768556	0.789082	0.801536	0.683558	0.679469	0.688291	0.697158	0.688278	0.710306	0.866706	0.815649	0.809880	0.875068	0.873461	0.875949	0.817829	0.863503	0.865921	0.866081	0.867526	0.868863	0.908355	0.909664	0.906249	0.908486	0.910278	0.978836	0.989902	0.989623	0.990425	1.000000	0.769478	0.782214	0.762134	0.765320	0.788149	0.879078	0.893209	0.896002	0.897056	0.879051	0.887360	0.888778	0.897200	0.892760	0.894760	0.966363	0.958007	0.970996	0.970216	0.969557	0.775235	0.775963	0.774709	0.770921	0.778454	0.876515	0.884878	0.875579	0.879199	0.877481	0.748258	0.739841	0.758550	0.746532	0.748989	0.983439	0.978342	0.973196	0.981087	0.989155	0.760974	0.778858	0.764818	0.760211	0.769381	0.742858	0.762130	0.749152	0.752550	0.755877	0.871865	0.877321	0.887844	0.878154	0.876641	0.726902	0.700172	0.738435	0.706494	0.724827	0.674748	0.757014	0.596488	0.750637	0.736961	0.853293	0.837216	0.841784	0.848576	0.816672	0.920651	0.919400	0.920355	0.921807	0.858059	0.877540	0.892465	0.906752	0.959910	0.930613	0.949076	0.961044	0.965090	0.960112	0.901288	0.899638	0.952984	0.960157	0.924414	0.925812	0.938112	0.919118	0.949337	0.946635	0.942137	0.935594	0.902465	0.896089	0.900024	0.902947	0.896260	0.901487	0.912404	0.903235	0.914204	0.896878	0.885006	0.880453	0.890614	0.880841	0.887878	0.899354	0.889928	0.865025	0.889226	0.871294	0.864694	0.886641	0.893927	0.893044	0.872520	0.871231	0.872337	0.879426	0.868487	0.872171	0.880336	0.826486	0.828137	0.859177	0.896512	0.880828	0.898244	0.861723	0.861810	0.864752	0.867024	0.864811	0.865380	0.837755	0.827983	0.799507	0.842223	0.894152	0.896767	0.896690	0.897777	0.870641	0.870394	0.870270	0.879597	0.863602	0.863663	0.857486	0.872048	0.865916
PRJEB32839__f_32d_sporocysts_r1	0.709291	0.703645	0.716033	0.706809	0.727476	0.704745	0.718439	0.711914	0.712283	0.699271	0.718141	0.716826	0.706413	0.714821	0.711594	0.719447	0.725069	0.725989	0.726171	0.727128	0.746191	0.744966	0.744268	0.744785	0.746787	0.739613	0.733669	0.738524	0.741990	0.741742	0.716327	0.716631	0.717641	0.719542	0.728543	0.640505	0.633563	0.638437	0.651257	0.639326	0.668229	0.730813	0.716004	0.710956	0.730538	0.727843	0.731019	0.711792	0.726235	0.734593	0.735971	0.738607	0.738410	0.749085	0.754354	0.748971	0.747476	0.750652	0.782331	0.765530	0.761778	0.770663	0.769478	1.000000	0.970468	0.981775	0.964308	0.971338	0.767621	0.769931	0.770667	0.774955	0.769447	0.759759	0.756094	0.766307	0.757454	0.754807	0.776829	0.767652	0.777596	0.782489	0.775940	0.982659	0.970089	0.969849	0.985926	0.984684	0.781511	0.780874	0.789266	0.780740	0.785264	0.805824	0.800593	0.797461	0.802117	0.804570	0.772490	0.765908	0.759583	0.771228	0.769606	0.978066	0.958703	0.964354	0.967266	0.970851	0.815471	0.826135	0.824853	0.823377	0.820529	0.771101	0.772349	0.778353	0.773437	0.774849	0.767843	0.734328	0.775474	0.741282	0.756224	0.744008	0.803603	0.667519	0.802927	0.793953	0.729581	0.726330	0.726445	0.734549	0.728078	0.699806	0.703349	0.703486	0.703447	0.713232	0.682528	0.756200	0.781659	0.764739	0.771222	0.771467	0.753177	0.771695	0.771663	0.748359	0.757774	0.772545	0.762754	0.763958	0.742564	0.757704	0.751783	0.769182	0.750043	0.745996	0.731093	0.774393	0.776220	0.748675	0.755633	0.744419	0.761192	0.759448	0.758844	0.763360	0.771423	0.768595	0.759312	0.767571	0.765439	0.771250	0.759436	0.780102	0.731100	0.747489	0.739591	0.735733	0.728360	0.737603	0.731649	0.743698	0.740438	0.738822	0.746984	0.742931	0.748595	0.757189	0.719773	0.719494	0.733978	0.735793	0.730849	0.734475	0.736397	0.736607	0.739285	0.741687	0.741829	0.741374	0.729055	0.718598	0.702721	0.723603	0.732251	0.735711	0.735525	0.740460	0.738775	0.743614	0.742401	0.746660	0.740028	0.742674	0.745638	0.742964	0.742012
PRJEB32839__f_32d_sporocysts_r2	0.719126	0.714407	0.725388	0.717507	0.734963	0.715659	0.725060	0.721389	0.718256	0.710816	0.725956	0.725247	0.715233	0.722693	0.721825	0.725608	0.731334	0.732943	0.732699	0.732904	0.755155	0.755028	0.753789	0.755154	0.756280	0.749331	0.739499	0.746129	0.749841	0.749691	0.721279	0.722398	0.722961	0.731192	0.740151	0.634464	0.628047	0.632687	0.644210	0.632631	0.662002	0.728386	0.727909	0.723763	0.748746	0.745364	0.749048	0.723998	0.724312	0.731718	0.733899	0.736645	0.736720	0.770266	0.775315	0.770028	0.768177	0.771299	0.796072	0.779060	0.775105	0.783239	0.782214	0.970468	1.000000	0.969404	0.978786	0.984485	0.778821	0.782634	0.782424	0.786439	0.781184	0.757955	0.759852	0.768523	0.759445	0.760998	0.767318	0.758610	0.768238	0.772162	0.766828	0.970849	0.963993	0.984082	0.973660	0.972369	0.770034	0.773252	0.778108	0.769008	0.773779	0.798871	0.795768	0.795634	0.795652	0.800249	0.779036	0.768438	0.766978	0.769217	0.777346	0.977642	0.955745	0.963941	0.968028	0.973422	0.814008	0.823312	0.820098	0.819562	0.818926	0.775909	0.776404	0.783335	0.779466	0.778637	0.757663	0.724564	0.763869	0.731927	0.746032	0.742071	0.800338	0.665496	0.798211	0.789778	0.736169	0.731936	0.736159	0.743592	0.733417	0.707929	0.709742	0.711832	0.710557	0.719399	0.685471	0.757953	0.785630	0.769073	0.773119	0.774904	0.760542	0.777909	0.775670	0.748856	0.761984	0.775315	0.767348	0.768098	0.745936	0.760977	0.754700	0.772451	0.756904	0.751967	0.736841	0.786120	0.780286	0.771216	0.777269	0.766591	0.782160	0.779480	0.780005	0.783217	0.777916	0.766901	0.756722	0.771487	0.763699	0.770992	0.755926	0.777011	0.743404	0.759604	0.751664	0.749388	0.749321	0.759312	0.753316	0.749398	0.745395	0.746682	0.749906	0.741114	0.747307	0.756725	0.732977	0.732836	0.747096	0.755670	0.749326	0.753668	0.733216	0.734070	0.735789	0.738512	0.738687	0.738825	0.724570	0.731647	0.715127	0.737856	0.751958	0.755429	0.754978	0.760375	0.737069	0.741483	0.740234	0.744542	0.737464	0.739437	0.741978	0.740012	0.739211
PRJEB32839__f_32d_sporocysts_r3	0.710944	0.705833	0.715246	0.708940	0.726918	0.707724	0.718135	0.712911	0.707610	0.702574	0.721429	0.719736	0.709559	0.716923	0.714624	0.720112	0.726095	0.726354	0.726420	0.727655	0.744634	0.742911	0.742939	0.743232	0.744832	0.737143	0.732033	0.736232	0.739722	0.739734	0.697024	0.697916	0.698548	0.698864	0.708340	0.626620	0.615132	0.620330	0.633057	0.620122	0.653069	0.730238	0.712710	0.708629	0.733069	0.729110	0.732031	0.707481	0.726682	0.734165	0.736964	0.739206	0.739999	0.744137	0.748998	0.745548	0.742274	0.745289	0.781107	0.755971	0.754146	0.762153	0.762134	0.981775	0.969404	1.000000	0.972645	0.969554	0.770602	0.774500	0.770228	0.772267	0.775198	0.759562	0.759223	0.764918	0.755007	0.753048	0.775217	0.769123	0.775679	0.778466	0.774179	0.980531	0.976836	0.965478	0.982597	0.985239	0.784254	0.783453	0.793839	0.784188	0.789294	0.793218	0.796408	0.783197	0.789129	0.795564	0.769628	0.759986	0.758823	0.760798	0.759245	0.979730	0.953028	0.957539	0.966417	0.966351	0.799790	0.813643	0.809047	0.808455	0.806401	0.777193	0.775537	0.780629	0.775024	0.780560	0.753632	0.716178	0.755371	0.722771	0.738664	0.756230	0.789935	0.686747	0.789575	0.783920	0.721785	0.713860	0.716144	0.724190	0.719022	0.683177	0.686807	0.688020	0.687052	0.702587	0.668831	0.758586	0.782178	0.758332	0.770274	0.768292	0.749847	0.761601	0.770432	0.749536	0.754670	0.771244	0.762972	0.759658	0.752019	0.751739	0.755526	0.765566	0.754107	0.750334	0.735420	0.768438	0.770975	0.742601	0.747006	0.737759	0.751834	0.750394	0.750777	0.755249	0.763989	0.761832	0.754284	0.766623	0.761831	0.765499	0.753046	0.776193	0.726743	0.742693	0.736028	0.732463	0.722582	0.736317	0.725957	0.742238	0.738905	0.734681	0.742376	0.740163	0.745641	0.753625	0.714849	0.714226	0.730822	0.732585	0.733294	0.729770	0.736696	0.736405	0.738293	0.740311	0.740774	0.740403	0.737116	0.718302	0.706699	0.718267	0.729842	0.732814	0.732990	0.736925	0.738823	0.744084	0.742321	0.744183	0.739051	0.742917	0.749578	0.741147	0.740209
PRJEB32839__f_32d_sporocysts_r4	0.709383	0.704407	0.713231	0.708021	0.725011	0.707830	0.716992	0.712516	0.702544	0.703412	0.718881	0.718415	0.707977	0.714994	0.714255	0.715763	0.721616	0.721976	0.722075	0.723563	0.738614	0.736497	0.736945	0.737948	0.738473	0.730960	0.723253	0.728263	0.732448	0.732339	0.692542	0.691547	0.692877	0.694972	0.704686	0.611017	0.597298	0.601496	0.613573	0.599547	0.636348	0.714681	0.716433	0.714065	0.741653	0.736305	0.740635	0.710077	0.712881	0.718576	0.721951	0.724797	0.726726	0.749537	0.752489	0.751588	0.746547	0.749055	0.791104	0.758506	0.756638	0.765396	0.765320	0.964308	0.978786	0.972645	1.000000	0.978467	0.782453	0.782240	0.779478	0.777974	0.786741	0.743443	0.750435	0.751822	0.740080	0.743382	0.760212	0.755276	0.759649	0.761545	0.758728	0.961004	0.961553	0.973393	0.964504	0.966486	0.773169	0.772588	0.783180	0.771183	0.777880	0.788238	0.793729	0.774543	0.781482	0.790047	0.768730	0.751805	0.760660	0.746069	0.754543	0.979834	0.953327	0.954564	0.966156	0.966638	0.791935	0.806921	0.803040	0.801512	0.800012	0.781480	0.776031	0.781802	0.776712	0.786275	0.754041	0.713874	0.751044	0.721299	0.736390	0.766202	0.783324	0.704030	0.784493	0.777652	0.712009	0.703419	0.709271	0.716862	0.710158	0.672164	0.675977	0.679034	0.676132	0.691323	0.655856	0.760112	0.781595	0.753932	0.767300	0.764918	0.749983	0.757244	0.768991	0.744882	0.751214	0.766820	0.759058	0.753539	0.756019	0.746606	0.754660	0.761307	0.757028	0.751364	0.736467	0.764592	0.758819	0.748741	0.750199	0.743258	0.755664	0.753421	0.755100	0.758889	0.753117	0.744234	0.736822	0.757566	0.744157	0.748869	0.733880	0.758373	0.725487	0.739309	0.736043	0.732462	0.729370	0.745631	0.731916	0.735959	0.730827	0.727975	0.730885	0.724668	0.730060	0.737109	0.721363	0.720705	0.735249	0.740827	0.744707	0.736606	0.722749	0.721536	0.724283	0.725319	0.727099	0.726245	0.731822	0.728762	0.718999	0.723716	0.737775	0.741395	0.741477	0.744269	0.724196	0.730008	0.727098	0.728119	0.724446	0.730231	0.739463	0.725873	0.725143
PRJEB32839__f_32d_sporocysts_r5	0.720278	0.714740	0.727077	0.718350	0.738934	0.718079	0.727500	0.723370	0.716595	0.710255	0.726402	0.727353	0.715737	0.724187	0.721971	0.726094	0.731723	0.733883	0.734801	0.735135	0.753810	0.753044	0.751610	0.753554	0.755264	0.748405	0.737155	0.744948	0.750451	0.748908	0.743483	0.743487	0.744479	0.748123	0.756264	0.650371	0.641771	0.647130	0.658924	0.646484	0.678459	0.725162	0.736774	0.732347	0.750282	0.747124	0.750290	0.731973	0.721662	0.730985	0.733017	0.735838	0.735318	0.767281	0.772786	0.767185	0.764640	0.767780	0.802150	0.784165	0.782404	0.789886	0.788149	0.971338	0.984485	0.969554	0.978467	1.000000	0.788447	0.792340	0.791274	0.793996	0.790731	0.752578	0.754663	0.763927	0.753754	0.756576	0.771672	0.763899	0.772768	0.778320	0.771068	0.970859	0.961048	0.981484	0.970841	0.974943	0.779369	0.782912	0.789361	0.780388	0.785430	0.815406	0.814855	0.810773	0.812465	0.816193	0.786020	0.773003	0.772770	0.775087	0.784299	0.981153	0.965219	0.969052	0.970194	0.977338	0.828083	0.839295	0.835881	0.835149	0.833238	0.787589	0.786285	0.793517	0.789240	0.792475	0.774106	0.734803	0.778933	0.742843	0.760041	0.759244	0.817108	0.683399	0.814140	0.805312	0.740773	0.741210	0.743938	0.751323	0.741304	0.708102	0.709984	0.711836	0.710013	0.725922	0.687992	0.764290	0.794775	0.775880	0.784058	0.781810	0.767261	0.787232	0.783027	0.751538	0.767595	0.779997	0.769931	0.776439	0.750959	0.767621	0.760779	0.779110	0.759787	0.753639	0.737434	0.784596	0.777010	0.767995	0.773614	0.761594	0.780263	0.779635	0.777242	0.783474	0.774655	0.762298	0.750814	0.768564	0.758126	0.766630	0.752797	0.774048	0.739252	0.754037	0.747733	0.746902	0.743610	0.754428	0.746909	0.745073	0.740421	0.740939	0.743144	0.734362	0.740204	0.750805	0.739411	0.739272	0.749144	0.752996	0.747456	0.750149	0.728653	0.728656	0.730982	0.732668	0.733986	0.733341	0.728701	0.741412	0.728230	0.742552	0.748779	0.753048	0.751769	0.757621	0.732785	0.737790	0.735276	0.740421	0.733025	0.736671	0.742157	0.735283	0.734277
PRJEB32839__f_cercariae_r1	0.757587	0.749061	0.764492	0.753830	0.775959	0.751676	0.768184	0.757164	0.771167	0.749084	0.773485	0.767791	0.763593	0.766994	0.765316	0.783609	0.785758	0.785815	0.785047	0.786674	0.788739	0.788952	0.789916	0.789828	0.791535	0.789987	0.788122	0.790974	0.794099	0.791038	0.691510	0.691854	0.692573	0.706254	0.718403	0.640033	0.630895	0.636539	0.645759	0.636592	0.662387	0.788058	0.742414	0.740949	0.798584	0.795097	0.797475	0.742762	0.788643	0.787006	0.790359	0.791622	0.795571	0.812496	0.815099	0.813547	0.813853	0.814801	0.871518	0.871061	0.868489	0.870716	0.879078	0.767621	0.778821	0.770602	0.782453	0.788447	1.000000	0.983408	0.990452	0.980079	0.987527	0.802816	0.809114	0.810528	0.803624	0.806814	0.859030	0.854739	0.860343	0.860132	0.858218	0.757726	0.760682	0.763775	0.761768	0.780777	0.978839	0.978960	0.976827	0.979348	0.977253	0.713839	0.727327	0.706569	0.708600	0.717957	0.868453	0.863888	0.861619	0.857850	0.871462	0.769195	0.775348	0.743154	0.756656	0.762731	0.682888	0.713906	0.692405	0.695907	0.701248	0.987703	0.988657	0.990163	0.986600	0.986135	0.728101	0.704882	0.718519	0.708140	0.718269	0.719876	0.733795	0.649489	0.738735	0.736758	0.785948	0.882296	0.903190	0.909847	0.905467	0.796585	0.796297	0.798204	0.797169	0.858747	0.827056	0.927821	0.942514	0.875719	0.901135	0.884331	0.861625	0.856937	0.875615	0.894670	0.906684	0.849309	0.863711	0.905622	0.837905	0.890376	0.894939	0.882212	0.845209	0.842641	0.826124	0.806002	0.802691	0.805178	0.800513	0.800088	0.800298	0.807243	0.803622	0.810020	0.799311	0.794204	0.793652	0.805323	0.794861	0.796970	0.793645	0.799512	0.779383	0.800174	0.785733	0.779428	0.793736	0.806800	0.797783	0.790582	0.790251	0.787687	0.792750	0.785091	0.789406	0.793459	0.747313	0.747764	0.773772	0.805436	0.806516	0.803219	0.784373	0.783323	0.786177	0.787508	0.787754	0.786966	0.780414	0.754916	0.735745	0.755711	0.803645	0.805215	0.807880	0.803432	0.788483	0.790563	0.787638	0.792313	0.784082	0.788236	0.790719	0.788904	0.786364
PRJEB32839__f_cercariae_r2	0.761557	0.752518	0.769742	0.758409	0.778987	0.755175	0.770753	0.760470	0.777325	0.752219	0.777209	0.771462	0.768585	0.771085	0.768689	0.789163	0.790603	0.790677	0.790140	0.791776	0.795068	0.796755	0.798288	0.797369	0.798822	0.798092	0.796817	0.798784	0.801507	0.798401	0.691597	0.693451	0.693391	0.712732	0.725527	0.634855	0.627969	0.635257	0.644742	0.636373	0.658252	0.793590	0.741017	0.738122	0.799479	0.797149	0.798553	0.742719	0.792189	0.791054	0.793440	0.794716	0.797976	0.822679	0.825742	0.823153	0.824733	0.826173	0.881314	0.884478	0.884564	0.886091	0.893209	0.769931	0.782634	0.774500	0.782240	0.792340	0.983408	1.000000	0.987479	0.986834	0.979391	0.809677	0.814711	0.818521	0.812840	0.815946	0.866341	0.861402	0.870712	0.870159	0.868313	0.762716	0.761712	0.764564	0.764196	0.784985	0.971476	0.973985	0.970605	0.973135	0.970381	0.705178	0.715390	0.700979	0.700320	0.708384	0.878897	0.875304	0.870245	0.873395	0.886175	0.770014	0.774999	0.742990	0.755275	0.763090	0.679185	0.709729	0.687199	0.691583	0.696347	0.984026	0.986232	0.987278	0.985465	0.977328	0.719144	0.698263	0.713346	0.701641	0.714470	0.700696	0.729355	0.623941	0.733133	0.730637	0.792538	0.892207	0.909122	0.915097	0.903445	0.819183	0.817797	0.820443	0.819372	0.872673	0.847150	0.937415	0.952073	0.888604	0.909685	0.893748	0.873462	0.866816	0.882740	0.906995	0.920088	0.855158	0.872853	0.918009	0.838447	0.903946	0.904184	0.893873	0.852988	0.849519	0.835496	0.812073	0.810260	0.814175	0.810034	0.808994	0.809838	0.817665	0.812907	0.819902	0.807514	0.801285	0.799883	0.808665	0.801776	0.804690	0.803694	0.806171	0.783688	0.807186	0.790106	0.782827	0.801693	0.812419	0.806794	0.794252	0.794195	0.792359	0.800136	0.790396	0.794807	0.800586	0.745139	0.746178	0.774827	0.811213	0.805868	0.810230	0.786864	0.786573	0.789082	0.791216	0.790556	0.789741	0.773710	0.748587	0.726916	0.756650	0.808219	0.810300	0.812755	0.809351	0.792881	0.794557	0.793187	0.797659	0.786219	0.788785	0.787643	0.793266	0.789162
PRJEB32839__f_cercariae_r3	0.764868	0.755353	0.772805	0.760785	0.782863	0.757469	0.774860	0.763182	0.781555	0.754393	0.780169	0.774504	0.771103	0.774172	0.772438	0.793173	0.794971	0.794886	0.793777	0.795974	0.799948	0.801335	0.801992	0.801208	0.803051	0.802608	0.800628	0.803380	0.806445	0.802952	0.701052	0.703162	0.702934	0.721474	0.733240	0.639343	0.634476	0.641035	0.650455	0.642958	0.664447	0.797562	0.748031	0.745673	0.801861	0.799647	0.800688	0.749961	0.797053	0.795723	0.797643	0.799090	0.802486	0.826903	0.828655	0.826797	0.827799	0.829436	0.881639	0.890839	0.887696	0.889354	0.896002	0.770667	0.782424	0.770228	0.779478	0.791274	0.990452	0.987479	1.000000	0.988746	0.978528	0.813529	0.817585	0.823246	0.817153	0.820629	0.870896	0.862312	0.872893	0.872398	0.870653	0.762351	0.761067	0.767784	0.764787	0.782421	0.975282	0.975471	0.969702	0.974185	0.970573	0.716428	0.725733	0.713969	0.712269	0.718924	0.880976	0.879204	0.872351	0.878442	0.891419	0.767974	0.776156	0.746151	0.755769	0.764477	0.692419	0.720930	0.699688	0.704279	0.709374	0.981594	0.986469	0.987570	0.985549	0.977074	0.725449	0.703359	0.722093	0.707863	0.720882	0.704574	0.739815	0.621691	0.742511	0.738715	0.803500	0.901743	0.917159	0.922546	0.912518	0.825635	0.824451	0.826448	0.825393	0.880150	0.854506	0.935549	0.952242	0.892168	0.910920	0.895136	0.874236	0.873490	0.883993	0.907015	0.920770	0.859733	0.874664	0.920271	0.838604	0.906371	0.902988	0.894701	0.851940	0.848883	0.834312	0.818330	0.816147	0.819236	0.816279	0.814357	0.816342	0.823878	0.818411	0.825702	0.814312	0.807710	0.806933	0.813902	0.807642	0.810910	0.808938	0.812283	0.790277	0.813410	0.795899	0.789287	0.806614	0.815911	0.811786	0.799802	0.799732	0.799451	0.806825	0.796487	0.800841	0.806332	0.752234	0.753628	0.780922	0.815663	0.809253	0.815152	0.792462	0.792323	0.795265	0.797113	0.796263	0.795920	0.777516	0.754733	0.731231	0.763289	0.813366	0.814965	0.817606	0.814480	0.797963	0.798970	0.797833	0.803255	0.792643	0.794911	0.792898	0.799286	0.795608
PRJEB32839__f_cercariae_r4	0.761881	0.752932	0.771001	0.757035	0.780104	0.752304	0.772834	0.759455	0.784329	0.749993	0.774139	0.768100	0.765907	0.768751	0.765721	0.789364	0.790663	0.791605	0.791381	0.791698	0.797128	0.799971	0.800356	0.799944	0.801588	0.802263	0.800555	0.802980	0.805596	0.802033	0.700928	0.703637	0.703348	0.725394	0.738284	0.643165	0.640340	0.647901	0.657384	0.651237	0.666628	0.798452	0.740899	0.737300	0.796151	0.795418	0.795502	0.745521	0.795366	0.794761	0.795023	0.796071	0.797842	0.828315	0.831100	0.827511	0.831033	0.832724	0.879231	0.892309	0.890776	0.892057	0.897056	0.774955	0.786439	0.772267	0.777974	0.793996	0.980079	0.986834	0.988746	1.000000	0.973821	0.811184	0.812365	0.821233	0.817997	0.820698	0.867062	0.855575	0.871207	0.870441	0.867115	0.768967	0.763789	0.770574	0.769102	0.784508	0.970410	0.970775	0.967320	0.969885	0.966333	0.710848	0.711921	0.713416	0.708656	0.713936	0.878182	0.879362	0.866616	0.882694	0.895133	0.768848	0.779923	0.751239	0.757862	0.767724	0.692264	0.719259	0.698586	0.703947	0.708094	0.975188	0.982645	0.984838	0.983862	0.968117	0.721189	0.706755	0.721173	0.709538	0.721138	0.678801	0.738863	0.590069	0.741248	0.737373	0.798789	0.908297	0.922338	0.928576	0.914526	0.839588	0.837610	0.838876	0.838906	0.885859	0.868974	0.933910	0.950384	0.894280	0.908534	0.894535	0.871257	0.872754	0.879445	0.908053	0.923493	0.852872	0.870183	0.922310	0.823526	0.909779	0.899981	0.895918	0.843731	0.841173	0.827460	0.817959	0.815615	0.821007	0.819361	0.816385	0.818247	0.825834	0.820144	0.827141	0.815843	0.808300	0.807336	0.809868	0.807597	0.811575	0.811153	0.809571	0.788810	0.814251	0.793488	0.787002	0.808142	0.814002	0.814229	0.796532	0.797300	0.798630	0.807386	0.794933	0.799481	0.806481	0.745535	0.747307	0.775746	0.814149	0.801770	0.815315	0.788552	0.789450	0.791972	0.793811	0.792261	0.792073	0.761112	0.742311	0.713774	0.757971	0.811434	0.812846	0.815748	0.813207	0.795140	0.795743	0.795620	0.801915	0.788887	0.788596	0.781181	0.796475	0.792709
PRJEB32839__f_cercariae_r5	0.761932	0.754063	0.769184	0.757716	0.781374	0.755831	0.775372	0.762051	0.777032	0.753975	0.776747	0.771425	0.767680	0.770703	0.768856	0.788467	0.790761	0.790577	0.789857	0.791582	0.791389	0.791693	0.792688	0.792410	0.793899	0.793124	0.791678	0.794371	0.797882	0.794350	0.685313	0.686180	0.686704	0.701078	0.713716	0.636168	0.626218	0.632036	0.641585	0.632519	0.658450	0.790488	0.742418	0.741273	0.800628	0.796501	0.799008	0.742770	0.790231	0.788601	0.792282	0.793770	0.797705	0.814397	0.816780	0.815012	0.815550	0.816335	0.871817	0.869683	0.869186	0.870554	0.879051	0.769447	0.781184	0.775198	0.786741	0.790731	0.987527	0.979391	0.978528	0.973821	1.000000	0.805155	0.811826	0.812646	0.806074	0.809122	0.857046	0.853059	0.858916	0.858046	0.856930	0.760103	0.764301	0.765817	0.763054	0.784615	0.973766	0.973457	0.975124	0.973746	0.973136	0.716239	0.729724	0.708420	0.711329	0.720916	0.869831	0.864832	0.863172	0.857446	0.871263	0.773837	0.779556	0.746068	0.759869	0.766390	0.684024	0.717543	0.694855	0.698250	0.703662	0.983630	0.984304	0.985559	0.982895	0.982546	0.733426	0.710432	0.722136	0.713790	0.723150	0.724697	0.734855	0.654999	0.741257	0.740251	0.788409	0.877443	0.898403	0.905365	0.901757	0.795663	0.796536	0.799068	0.797237	0.857516	0.826244	0.921796	0.936391	0.873427	0.898729	0.881396	0.861056	0.854990	0.873620	0.892642	0.904397	0.848480	0.862643	0.904249	0.837988	0.888080	0.892587	0.879345	0.845646	0.843214	0.826795	0.805824	0.802578	0.805106	0.800846	0.800390	0.800018	0.806577	0.803716	0.809715	0.800107	0.794557	0.794851	0.805989	0.795759	0.797942	0.794848	0.800488	0.780635	0.801260	0.786888	0.780337	0.794560	0.807965	0.798239	0.792464	0.791858	0.789156	0.794736	0.786924	0.790931	0.794835	0.747986	0.748308	0.775164	0.806875	0.807668	0.804583	0.786843	0.785914	0.789029	0.789546	0.790817	0.789299	0.783894	0.756289	0.738935	0.757076	0.804858	0.806847	0.808724	0.804513	0.791841	0.793057	0.790857	0.794258	0.786902	0.790751	0.793805	0.791515	0.788901
PRJEB32839__m_26d_juveniles_r1	0.903995	0.896995	0.891906	0.900985	0.890386	0.892755	0.889406	0.898689	0.903948	0.891343	0.927823	0.918006	0.920051	0.921796	0.917806	0.930065	0.929198	0.927287	0.918921	0.918253	0.955701	0.956504	0.960934	0.957808	0.959137	0.957017	0.961509	0.956349	0.952699	0.955035	0.709317	0.711087	0.711713	0.749391	0.765847	0.707643	0.696478	0.705651	0.714170	0.704466	0.729634	0.952899	0.825922	0.820044	0.929497	0.922784	0.930083	0.829748	0.950450	0.949068	0.952778	0.952781	0.952653	0.966299	0.966609	0.966759	0.966590	0.968977	0.892382	0.887609	0.886326	0.886030	0.887360	0.759759	0.757955	0.759562	0.743443	0.752578	0.802816	0.809677	0.813529	0.811184	0.805155	1.000000	0.994786	0.995975	0.993798	0.991151	0.916861	0.914163	0.915589	0.913350	0.918049	0.770273	0.776792	0.746558	0.769862	0.772568	0.822026	0.820926	0.816289	0.818076	0.818524	0.687279	0.693468	0.683806	0.682975	0.690421	0.907480	0.898344	0.901351	0.896412	0.886101	0.740322	0.739560	0.733738	0.731090	0.739458	0.689259	0.706754	0.698809	0.703700	0.702674	0.805694	0.808056	0.813036	0.805643	0.804504	0.684790	0.670102	0.679125	0.665293	0.672233	0.656957	0.697580	0.578338	0.698018	0.699393	0.858813	0.753022	0.753912	0.761328	0.742625	0.832772	0.829348	0.828908	0.832909	0.752015	0.773205	0.826134	0.828751	0.866911	0.831441	0.858802	0.877501	0.875811	0.874137	0.817043	0.804856	0.888396	0.889213	0.819387	0.872359	0.841915	0.830878	0.858206	0.898776	0.887708	0.893173	0.963735	0.973199	0.959437	0.956025	0.957075	0.947788	0.947485	0.954917	0.950600	0.969029	0.974600	0.980883	0.980328	0.978904	0.976357	0.971967	0.978453	0.947097	0.974272	0.950368	0.937161	0.952283	0.961282	0.956502	0.968319	0.968723	0.966795	0.980923	0.977027	0.980665	0.983338	0.854837	0.856978	0.912334	0.955369	0.944523	0.954484	0.968686	0.970479	0.969457	0.974558	0.971306	0.973205	0.936109	0.860485	0.829560	0.879273	0.952334	0.956972	0.955882	0.957602	0.974368	0.976155	0.976931	0.980135	0.968749	0.969149	0.959661	0.976412	0.970151
PRJEB32839__m_26d_juveniles_r2	0.908683	0.901459	0.895275	0.905931	0.893603	0.898507	0.892613	0.903470	0.903441	0.897243	0.932507	0.923367	0.924862	0.926218	0.923045	0.932485	0.931392	0.928653	0.921064	0.920768	0.955357	0.955293	0.960683	0.957639	0.958682	0.955195	0.959509	0.953742	0.950085	0.952962	0.703424	0.705452	0.705567	0.741880	0.758630	0.700293	0.686924	0.695814	0.703878	0.692918	0.721776	0.952270	0.831009	0.826340	0.936427	0.929033	0.936321	0.834024	0.950566	0.948370	0.952472	0.952593	0.953219	0.968498	0.967836	0.969682	0.968212	0.970343	0.898197	0.887095	0.886261	0.886122	0.888778	0.756094	0.759852	0.759223	0.750435	0.754663	0.809114	0.814711	0.817585	0.812365	0.811826	0.994786	1.000000	0.994615	0.991535	0.990945	0.916394	0.915642	0.913711	0.911584	0.916995	0.765313	0.775108	0.747680	0.765009	0.770268	0.823055	0.822698	0.817482	0.818753	0.820722	0.685669	0.696236	0.679036	0.680400	0.689320	0.910521	0.897653	0.905998	0.892143	0.883825	0.742666	0.738627	0.731649	0.732979	0.738856	0.683930	0.703504	0.694827	0.699023	0.698483	0.812004	0.812038	0.816938	0.808686	0.811681	0.684275	0.666095	0.675289	0.661628	0.668745	0.671182	0.692945	0.597394	0.694309	0.696501	0.855759	0.744969	0.748156	0.755612	0.737507	0.824569	0.821990	0.822675	0.825965	0.745544	0.765708	0.828100	0.830822	0.866422	0.834606	0.860818	0.879757	0.874609	0.878414	0.819044	0.805563	0.892477	0.893721	0.819653	0.884870	0.840893	0.836601	0.859533	0.906776	0.894937	0.901028	0.965124	0.971387	0.960297	0.956051	0.958192	0.947544	0.946352	0.954726	0.950089	0.966771	0.970156	0.977769	0.981595	0.975307	0.972179	0.966362	0.975132	0.950639	0.975792	0.954264	0.941057	0.954927	0.965795	0.958706	0.970889	0.970934	0.968137	0.980220	0.975601	0.978624	0.980701	0.860190	0.862225	0.918013	0.959693	0.952828	0.957885	0.969487	0.970466	0.969992	0.973599	0.970839	0.973061	0.943279	0.869164	0.840939	0.883971	0.956933	0.961416	0.960573	0.961680	0.973913	0.976128	0.975728	0.977609	0.967923	0.969639	0.963428	0.975078	0.968949
PRJEB32839__m_26d_juveniles_r3	0.906258	0.898933	0.895096	0.902547	0.893705	0.894748	0.891857	0.900629	0.907054	0.892393	0.928896	0.919393	0.920624	0.922944	0.918910	0.931262	0.930641	0.929170	0.921345	0.920857	0.958532	0.959882	0.963583	0.960486	0.962043	0.959799	0.963215	0.958468	0.955639	0.957966	0.722627	0.725004	0.725203	0.764018	0.780176	0.713074	0.703955	0.712909	0.721353	0.711585	0.736501	0.952016	0.833072	0.827408	0.932153	0.926446	0.932847	0.837112	0.949145	0.948473	0.952016	0.952383	0.951953	0.973638	0.973638	0.973704	0.973145	0.976204	0.899374	0.897047	0.896026	0.895578	0.897200	0.766307	0.768523	0.764918	0.751822	0.763927	0.810528	0.818521	0.823246	0.821233	0.812646	0.995975	0.994615	1.000000	0.995941	0.994719	0.920031	0.915504	0.919067	0.916598	0.921062	0.777310	0.782863	0.757485	0.775974	0.779423	0.826830	0.826921	0.821318	0.823199	0.823260	0.696758	0.702290	0.696198	0.693176	0.699450	0.914492	0.904629	0.906193	0.904826	0.896117	0.748328	0.749356	0.744293	0.740030	0.749771	0.701236	0.718065	0.710247	0.714961	0.714207	0.812982	0.816038	0.821285	0.814567	0.811665	0.691622	0.676222	0.688205	0.672145	0.679421	0.660900	0.708697	0.577191	0.708036	0.708371	0.866070	0.765244	0.765236	0.772578	0.753647	0.843139	0.839732	0.839360	0.843020	0.762547	0.783237	0.829741	0.835961	0.875280	0.839832	0.865782	0.883704	0.886200	0.881015	0.822254	0.813383	0.894225	0.894913	0.829154	0.874685	0.849811	0.836746	0.865362	0.902088	0.890503	0.896226	0.970336	0.978110	0.966554	0.964250	0.963847	0.956427	0.956431	0.962706	0.959423	0.974795	0.977153	0.982018	0.982295	0.980404	0.979436	0.975278	0.980809	0.950332	0.978020	0.953996	0.940815	0.956720	0.964605	0.961860	0.969071	0.969578	0.968771	0.982387	0.976317	0.980013	0.984480	0.860317	0.862919	0.917350	0.959748	0.946042	0.959222	0.966750	0.968778	0.967866	0.972326	0.969322	0.971841	0.932928	0.865011	0.833693	0.885029	0.956586	0.961226	0.959858	0.962604	0.972959	0.974350	0.975197	0.980090	0.967416	0.967566	0.957352	0.975589	0.969072
PRJEB32839__m_26d_juveniles_r4	0.905228	0.898515	0.892460	0.900819	0.889326	0.891774	0.888327	0.898090	0.906804	0.889857	0.926382	0.916279	0.918838	0.920569	0.916243	0.928821	0.927888	0.926365	0.918434	0.916884	0.956814	0.958862	0.962558	0.959623	0.961183	0.958565	0.962474	0.956979	0.953370	0.955466	0.711180	0.714414	0.714283	0.756342	0.772911	0.708915	0.700626	0.710328	0.718050	0.709538	0.730789	0.956192	0.824987	0.818644	0.927397	0.922242	0.928477	0.831474	0.950612	0.950039	0.952015	0.951834	0.951243	0.972659	0.972444	0.972238	0.972580	0.975354	0.891872	0.893792	0.892318	0.891596	0.892760	0.757454	0.759445	0.755007	0.740080	0.753754	0.803624	0.812840	0.817153	0.817997	0.806074	0.993798	0.991535	0.995941	1.000000	0.995386	0.913693	0.907239	0.912674	0.909292	0.914353	0.768797	0.772841	0.747948	0.767342	0.769537	0.820889	0.820003	0.814549	0.816649	0.816091	0.684831	0.685756	0.685853	0.682370	0.687453	0.907460	0.899462	0.898121	0.901414	0.892997	0.737286	0.738099	0.733892	0.729059	0.739160	0.691001	0.708152	0.699801	0.705561	0.704329	0.805359	0.810587	0.815634	0.809737	0.802553	0.682591	0.671263	0.679715	0.666302	0.673344	0.639687	0.698823	0.552950	0.698952	0.700149	0.859690	0.762631	0.762874	0.770216	0.750903	0.845536	0.841757	0.842067	0.845454	0.758717	0.786405	0.821669	0.827840	0.870301	0.831890	0.858693	0.876136	0.879043	0.872513	0.816242	0.806753	0.884957	0.887498	0.823309	0.861466	0.845901	0.828807	0.859003	0.892879	0.880274	0.888811	0.966748	0.975530	0.965869	0.963279	0.963513	0.954380	0.952599	0.960743	0.955408	0.973720	0.977172	0.984373	0.979128	0.981146	0.979555	0.974174	0.977988	0.951757	0.980588	0.953936	0.940755	0.958039	0.962070	0.963190	0.969735	0.971342	0.971434	0.986129	0.979353	0.982810	0.986249	0.854060	0.857275	0.913558	0.958877	0.941543	0.959431	0.969088	0.972296	0.970909	0.975017	0.971162	0.973674	0.925986	0.855586	0.821106	0.881297	0.955943	0.960304	0.959100	0.961967	0.976574	0.977039	0.978793	0.982640	0.969891	0.968465	0.954110	0.977945	0.971298
PRJEB32839__m_26d_juveniles_r5	0.909438	0.902384	0.896468	0.905392	0.894237	0.896192	0.892178	0.902021	0.908748	0.894402	0.929834	0.920981	0.923139	0.924639	0.919435	0.931685	0.930897	0.929440	0.922329	0.921390	0.957751	0.959004	0.963291	0.960891	0.961476	0.959283	0.962479	0.957381	0.954397	0.956432	0.714069	0.717003	0.717052	0.758022	0.775071	0.706225	0.696677	0.706613	0.714779	0.705163	0.728606	0.953518	0.832433	0.826315	0.933324	0.928498	0.932251	0.837831	0.950271	0.949408	0.951218	0.950951	0.949808	0.976647	0.976614	0.976625	0.976446	0.978993	0.894966	0.895312	0.894644	0.893478	0.894760	0.754807	0.760998	0.753048	0.743382	0.756576	0.806814	0.815946	0.820629	0.820698	0.809122	0.991151	0.990945	0.994719	0.995386	1.000000	0.915332	0.907547	0.911548	0.908074	0.913367	0.765772	0.770957	0.749608	0.764297	0.767675	0.820313	0.819969	0.814429	0.815845	0.815732	0.686537	0.688365	0.686814	0.683745	0.689324	0.909938	0.899197	0.900004	0.901301	0.893901	0.738213	0.740090	0.734879	0.730392	0.739874	0.691899	0.709358	0.701036	0.710457	0.709226	0.809032	0.813054	0.818122	0.812205	0.806144	0.684011	0.671602	0.680507	0.666544	0.673625	0.645072	0.700308	0.560470	0.700513	0.701421	0.860661	0.762408	0.762934	0.770190	0.750146	0.845598	0.841261	0.842722	0.845783	0.756157	0.784173	0.825283	0.832136	0.871402	0.832899	0.859697	0.877750	0.880843	0.874121	0.816078	0.807121	0.888105	0.890005	0.822810	0.865142	0.845769	0.830276	0.859994	0.895992	0.883463	0.892649	0.969180	0.975011	0.968065	0.965402	0.965482	0.956431	0.955384	0.962710	0.958062	0.973399	0.973598	0.981195	0.979627	0.977779	0.976692	0.971771	0.974958	0.954894	0.980767	0.957180	0.944125	0.961050	0.966521	0.966948	0.971181	0.971786	0.971719	0.983496	0.977414	0.980424	0.984068	0.860385	0.862725	0.918958	0.961846	0.946733	0.962072	0.967488	0.969740	0.969276	0.973385	0.968973	0.972469	0.927433	0.862038	0.828292	0.886285	0.960180	0.963426	0.962311	0.965338	0.973385	0.974501	0.975942	0.979123	0.967653	0.966851	0.953519	0.975486	0.969094
PRJEB32839__m_2d_somules_r1	0.848384	0.838198	0.847755	0.844316	0.859026	0.839071	0.857805	0.844635	0.866620	0.835763	0.868072	0.861602	0.859626	0.861240	0.858437	0.881058	0.882385	0.881499	0.878527	0.880684	0.885767	0.886064	0.888837	0.890912	0.891427	0.895253	0.898093	0.897758	0.898593	0.894566	0.738359	0.738687	0.740571	0.757692	0.772509	0.687356	0.675853	0.683871	0.695258	0.682977	0.713247	0.892274	0.813039	0.807431	0.887298	0.882781	0.885081	0.811483	0.892676	0.893594	0.893723	0.893879	0.897102	0.905098	0.905495	0.905050	0.905470	0.907327	0.973078	0.961852	0.963568	0.965152	0.966363	0.776829	0.767318	0.775217	0.760212	0.771672	0.859030	0.866341	0.870896	0.867062	0.857046	0.916861	0.916394	0.920031	0.913693	0.915332	1.000000	0.988747	0.990373	0.987883	0.991407	0.781437	0.786923	0.760245	0.779082	0.787677	0.880501	0.880799	0.875403	0.877121	0.878596	0.730141	0.729942	0.726803	0.724108	0.730888	0.983347	0.973566	0.976308	0.972489	0.965423	0.757236	0.765213	0.751293	0.751141	0.756198	0.718970	0.740940	0.729079	0.736021	0.737838	0.860436	0.861516	0.869236	0.856894	0.864273	0.717187	0.684450	0.719819	0.688699	0.709587	0.689847	0.734316	0.625566	0.730341	0.721044	0.839182	0.797183	0.801685	0.809549	0.779528	0.897453	0.896855	0.898584	0.900037	0.814541	0.842820	0.890307	0.896880	0.943934	0.915854	0.939492	0.957840	0.949294	0.957917	0.889417	0.876819	0.959942	0.967444	0.898991	0.950586	0.918768	0.913188	0.939138	0.965099	0.959477	0.958361	0.910718	0.914147	0.896047	0.896878	0.892962	0.892861	0.903115	0.897648	0.906681	0.908698	0.906434	0.906645	0.916289	0.906413	0.907508	0.918361	0.914295	0.874312	0.897415	0.880277	0.869661	0.884391	0.899992	0.891529	0.891543	0.891020	0.886538	0.897526	0.895072	0.897914	0.904015	0.821466	0.822251	0.862150	0.896235	0.893851	0.896524	0.891000	0.889307	0.892647	0.895516	0.892037	0.893671	0.875614	0.831183	0.804673	0.837061	0.897324	0.898819	0.900059	0.899593	0.896509	0.898854	0.896416	0.905079	0.890879	0.893974	0.891231	0.898441	0.892980
PRJEB32839__m_2d_somules_r2	0.844936	0.835385	0.841494	0.841101	0.853227	0.836521	0.853355	0.841639	0.858934	0.833298	0.866662	0.859816	0.857147	0.858532	0.856704	0.876850	0.878066	0.876735	0.872474	0.875335	0.878950	0.878094	0.881268	0.883641	0.883667	0.887317	0.890133	0.889930	0.890483	0.887089	0.727386	0.725975	0.728469	0.741837	0.756648	0.676799	0.662732	0.670276	0.681325	0.668367	0.701464	0.882901	0.804815	0.800137	0.883604	0.877795	0.883401	0.802590	0.884189	0.884104	0.886866	0.887370	0.891507	0.898376	0.899099	0.899430	0.898852	0.899998	0.972469	0.951897	0.955632	0.955636	0.958007	0.767652	0.758610	0.769123	0.755276	0.763899	0.854739	0.861402	0.862312	0.855575	0.853059	0.914163	0.915642	0.915504	0.907239	0.907547	0.988747	1.000000	0.986918	0.987119	0.988885	0.771234	0.778771	0.748051	0.769836	0.781777	0.872107	0.876240	0.870414	0.871315	0.876076	0.723286	0.727897	0.714881	0.715380	0.724415	0.981368	0.966106	0.976034	0.964427	0.954580	0.751671	0.756948	0.741360	0.743831	0.746486	0.707215	0.730487	0.719080	0.722808	0.724107	0.857659	0.855123	0.862934	0.849114	0.862971	0.713479	0.677944	0.712188	0.681911	0.702870	0.701459	0.724930	0.647005	0.721482	0.712840	0.828405	0.775587	0.781844	0.791083	0.758791	0.879806	0.878863	0.879824	0.882061	0.796840	0.823208	0.887957	0.890246	0.938737	0.912513	0.937998	0.956790	0.944964	0.958924	0.885362	0.868409	0.960139	0.966812	0.890066	0.960483	0.912078	0.913314	0.936403	0.969421	0.963823	0.962059	0.904053	0.908021	0.888887	0.888255	0.886753	0.885351	0.896449	0.891543	0.900423	0.900986	0.899654	0.899176	0.913618	0.900817	0.900528	0.911852	0.909993	0.868574	0.891200	0.876489	0.865348	0.879430	0.898576	0.885121	0.888798	0.888153	0.881582	0.891654	0.890008	0.893237	0.897649	0.819999	0.820474	0.860204	0.894775	0.898026	0.893715	0.889317	0.887222	0.890047	0.892413	0.891158	0.890922	0.884736	0.834454	0.811794	0.833528	0.894948	0.897464	0.898763	0.896195	0.894111	0.897495	0.893681	0.900609	0.888687	0.893592	0.895729	0.895651	0.890455
PRJEB32839__m_2d_somules_r3	0.845409	0.835437	0.846208	0.840179	0.856470	0.835238	0.854875	0.841637	0.865556	0.832925	0.864885	0.857005	0.855101	0.857310	0.855471	0.879272	0.880147	0.879461	0.875616	0.877131	0.884359	0.885304	0.887694	0.889177	0.890247	0.893998	0.896519	0.896820	0.896572	0.893500	0.745803	0.746327	0.748067	0.766038	0.779797	0.690960	0.682739	0.689947	0.700459	0.689784	0.716375	0.888418	0.807496	0.801933	0.880734	0.876023	0.881392	0.809123	0.885833	0.886380	0.887480	0.888598	0.892372	0.905212	0.905305	0.904472	0.905178	0.906571	0.974627	0.966238	0.968475	0.969355	0.970996	0.777596	0.768238	0.775679	0.759649	0.772768	0.860343	0.870712	0.872893	0.871207	0.858916	0.915589	0.913711	0.919067	0.912674	0.911548	0.990373	0.986918	1.000000	0.990365	0.992493	0.783458	0.788623	0.759781	0.780314	0.787592	0.880875	0.884571	0.882889	0.881130	0.880995	0.732896	0.731334	0.733140	0.728085	0.733824	0.985052	0.978656	0.977543	0.979226	0.971582	0.757249	0.767132	0.753103	0.751286	0.758909	0.724883	0.745237	0.733115	0.737242	0.739003	0.861759	0.863650	0.872328	0.860927	0.866125	0.719601	0.687834	0.724580	0.693095	0.714162	0.684244	0.739464	0.616638	0.734556	0.724042	0.842691	0.805556	0.809293	0.817109	0.785927	0.904440	0.903775	0.903870	0.906405	0.825266	0.852206	0.892402	0.897890	0.950311	0.921095	0.945292	0.961857	0.956491	0.961705	0.893783	0.884907	0.959373	0.967235	0.906539	0.945680	0.925354	0.916058	0.944666	0.961667	0.957945	0.953651	0.910003	0.913928	0.897318	0.898644	0.894752	0.896045	0.906693	0.900323	0.909644	0.909715	0.908147	0.904790	0.913837	0.906684	0.909363	0.921267	0.915304	0.871751	0.897375	0.879206	0.868838	0.884322	0.898005	0.890935	0.890035	0.888581	0.885143	0.898177	0.893312	0.896801	0.903094	0.821374	0.822799	0.860828	0.896250	0.889969	0.897058	0.888204	0.887745	0.890506	0.893248	0.891791	0.891143	0.871498	0.829163	0.802608	0.836849	0.895676	0.898440	0.899656	0.898655	0.895441	0.896671	0.895465	0.904673	0.889663	0.891727	0.888519	0.897837	0.892441
PRJEB32839__m_2d_somules_r4	0.844960	0.835059	0.848209	0.840876	0.860258	0.836787	0.858899	0.843281	0.867044	0.833568	0.864700	0.857966	0.855175	0.858201	0.856186	0.880134	0.881833	0.881423	0.878745	0.880534	0.884247	0.885006	0.886769	0.887928	0.889336	0.894400	0.895909	0.897099	0.898266	0.893630	0.748028	0.747901	0.749803	0.766288	0.780053	0.690883	0.681262	0.689652	0.700272	0.688730	0.717053	0.885563	0.811303	0.806082	0.880727	0.877013	0.881949	0.810375	0.885202	0.886133	0.887316	0.888073	0.891525	0.902228	0.903408	0.901408	0.902433	0.904187	0.977349	0.964219	0.964684	0.969326	0.970216	0.782489	0.772162	0.778466	0.761545	0.778320	0.860132	0.870159	0.872398	0.870441	0.858046	0.913350	0.911584	0.916598	0.909292	0.908074	0.987883	0.987119	0.990365	1.000000	0.990783	0.788059	0.790614	0.763034	0.784374	0.793374	0.879246	0.883504	0.877333	0.879754	0.885418	0.739031	0.738565	0.738581	0.733684	0.739724	0.986014	0.977765	0.978161	0.977173	0.970023	0.763191	0.773693	0.759560	0.757127	0.763837	0.730209	0.750149	0.738570	0.742129	0.744033	0.861615	0.863291	0.871860	0.860168	0.866672	0.723803	0.690535	0.728872	0.696098	0.716935	0.692183	0.744902	0.626806	0.739092	0.728322	0.847238	0.806203	0.808365	0.816904	0.786580	0.895553	0.895052	0.893353	0.896340	0.826509	0.846396	0.892711	0.898635	0.947661	0.920257	0.942692	0.958402	0.955493	0.959666	0.894031	0.883813	0.958030	0.965410	0.906170	0.946386	0.923373	0.914790	0.941954	0.960956	0.957350	0.950803	0.907102	0.910580	0.894040	0.895936	0.891438	0.893895	0.904925	0.897796	0.907558	0.906085	0.903864	0.901383	0.911392	0.901615	0.904631	0.918426	0.911788	0.870138	0.894119	0.876599	0.866608	0.882786	0.896514	0.887812	0.886333	0.886517	0.882964	0.893572	0.889303	0.892756	0.899216	0.823721	0.824885	0.861318	0.894950	0.888745	0.894936	0.885868	0.884736	0.887188	0.889627	0.887692	0.887856	0.871919	0.832488	0.807009	0.837743	0.893856	0.897186	0.896989	0.896369	0.892248	0.894624	0.892235	0.901987	0.886394	0.889313	0.887706	0.894618	0.888419
PRJEB32839__m_2d_somules_r5	0.846725	0.836871	0.846099	0.841803	0.856796	0.837478	0.856678	0.842703	0.867052	0.835063	0.867050	0.858797	0.856873	0.858969	0.857943	0.880213	0.881558	0.880396	0.876538	0.878599	0.885645	0.886165	0.888685	0.889950	0.891236	0.895280	0.897859	0.897750	0.897643	0.894521	0.740292	0.740738	0.742513	0.760611	0.774166	0.687445	0.678730	0.685755	0.696158	0.684434	0.712596	0.888775	0.807899	0.802930	0.882568	0.877769	0.883311	0.808386	0.887240	0.887029	0.888938	0.889542	0.893455	0.906761	0.906412	0.906622	0.905923	0.907770	0.975863	0.965061	0.965675	0.967987	0.969557	0.775940	0.766828	0.774179	0.758728	0.771068	0.858218	0.868313	0.870653	0.867115	0.856930	0.918049	0.916995	0.921062	0.914353	0.913367	0.991407	0.988885	0.992493	0.990783	1.000000	0.782352	0.786022	0.758903	0.778937	0.787439	0.876397	0.881206	0.873698	0.879961	0.876999	0.731992	0.731407	0.730452	0.726233	0.732990	0.985794	0.977650	0.979645	0.977421	0.969720	0.758252	0.765940	0.752291	0.752093	0.758304	0.723421	0.743550	0.731955	0.735897	0.737473	0.858774	0.859935	0.868342	0.856041	0.863360	0.718575	0.685491	0.722557	0.690582	0.711682	0.688003	0.737148	0.622656	0.732241	0.722319	0.841558	0.798695	0.803587	0.811073	0.780046	0.900371	0.899190	0.899983	0.902152	0.820488	0.847000	0.891616	0.895936	0.947911	0.918240	0.943479	0.962226	0.954294	0.961456	0.891177	0.881396	0.960168	0.967664	0.902288	0.949909	0.922129	0.914615	0.942042	0.964416	0.960647	0.956360	0.909996	0.913931	0.897373	0.898142	0.894632	0.895326	0.905339	0.899536	0.908503	0.909055	0.907342	0.906073	0.914918	0.906477	0.908761	0.920563	0.915483	0.872720	0.897745	0.879770	0.869514	0.885035	0.899403	0.891134	0.890773	0.889857	0.885741	0.897877	0.894085	0.897313	0.903674	0.821626	0.823094	0.861659	0.897197	0.892061	0.897569	0.889707	0.888932	0.891224	0.894136	0.892130	0.892688	0.875554	0.831677	0.806505	0.838332	0.896708	0.899508	0.900232	0.899317	0.896914	0.898270	0.896966	0.905303	0.890353	0.893156	0.890896	0.898667	0.892642
PRJEB32839__m_32d_sporocysts_r1	0.718907	0.713419	0.724697	0.716090	0.735028	0.714064	0.725669	0.720476	0.719596	0.708181	0.726722	0.725236	0.714849	0.723562	0.720240	0.727349	0.732783	0.734462	0.734470	0.734642	0.759567	0.758168	0.757664	0.758123	0.760371	0.752683	0.746000	0.750976	0.754477	0.754569	0.732528	0.732877	0.733885	0.737241	0.745113	0.660118	0.654022	0.658163	0.671151	0.659938	0.687626	0.740610	0.726356	0.720699	0.740217	0.737540	0.740570	0.722229	0.734783	0.744450	0.745637	0.748296	0.747274	0.761150	0.767264	0.760695	0.759394	0.762907	0.787350	0.772599	0.769953	0.778446	0.775235	0.982659	0.970849	0.980531	0.961004	0.970859	0.757726	0.762716	0.762351	0.768967	0.760103	0.770273	0.765313	0.777310	0.768797	0.765772	0.781437	0.771234	0.783458	0.788059	0.782352	1.000000	0.978655	0.971506	0.989767	0.981979	0.772106	0.773231	0.780998	0.774781	0.777041	0.806577	0.802103	0.804874	0.804594	0.808075	0.777685	0.772231	0.763780	0.779311	0.777169	0.972941	0.955317	0.968126	0.965457	0.971558	0.825332	0.833097	0.831380	0.830708	0.828144	0.760254	0.763040	0.770008	0.764711	0.765237	0.758640	0.726293	0.767464	0.733200	0.747346	0.737334	0.807511	0.659063	0.803114	0.794966	0.740887	0.729872	0.727892	0.735258	0.728025	0.710552	0.713111	0.712510	0.712186	0.716221	0.687401	0.748634	0.776649	0.768377	0.770441	0.773264	0.757172	0.780638	0.774546	0.743671	0.754839	0.777041	0.765760	0.763404	0.742447	0.758018	0.749197	0.771820	0.752898	0.749656	0.733742	0.786546	0.788267	0.762108	0.768691	0.756327	0.774791	0.772163	0.771731	0.775892	0.784159	0.780718	0.769441	0.777791	0.776772	0.783225	0.770447	0.790978	0.739781	0.757499	0.748069	0.744812	0.737891	0.746812	0.741158	0.751967	0.749051	0.748026	0.756306	0.750945	0.757276	0.767206	0.727038	0.727322	0.741455	0.743308	0.736347	0.742169	0.742337	0.743307	0.745088	0.748054	0.748387	0.748011	0.732244	0.723901	0.708252	0.731399	0.739667	0.743307	0.742625	0.749176	0.747320	0.752001	0.751224	0.755794	0.747293	0.748772	0.750588	0.750711	0.749228
PRJEB32839__m_32d_sporocysts_r2	0.727474	0.722901	0.737961	0.727237	0.749632	0.726890	0.741879	0.733189	0.733272	0.723046	0.735236	0.733894	0.725132	0.732430	0.731353	0.738847	0.744419	0.745329	0.746024	0.746246	0.763080	0.761504	0.760170	0.759751	0.762727	0.756516	0.751021	0.756166	0.758989	0.759261	0.726938	0.727615	0.728087	0.730859	0.739827	0.659611	0.650039	0.654413	0.668154	0.654945	0.686685	0.748352	0.739544	0.735886	0.753301	0.749938	0.753410	0.735051	0.744943	0.752732	0.755124	0.757555	0.758399	0.767025	0.771526	0.766821	0.764761	0.767147	0.793641	0.772191	0.770105	0.777320	0.775963	0.970089	0.963993	0.976836	0.961553	0.961048	0.760682	0.761712	0.761067	0.763789	0.764301	0.776792	0.775108	0.782863	0.772841	0.770957	0.786923	0.778771	0.788623	0.790614	0.786022	0.978655	1.000000	0.964068	0.977984	0.972960	0.774137	0.774567	0.784115	0.774570	0.779080	0.815719	0.813358	0.811242	0.812419	0.818312	0.782668	0.774552	0.771231	0.777503	0.774256	0.970734	0.959601	0.967431	0.970028	0.969494	0.831522	0.838787	0.838067	0.836540	0.834282	0.763126	0.761911	0.770611	0.763661	0.770474	0.764759	0.729244	0.771592	0.736689	0.750399	0.759664	0.811815	0.691363	0.808190	0.798513	0.741437	0.714720	0.715869	0.723379	0.714946	0.701551	0.705069	0.704289	0.704058	0.706660	0.679122	0.753904	0.778873	0.768852	0.773020	0.777337	0.762444	0.779392	0.782131	0.749825	0.757583	0.786431	0.774867	0.764258	0.761641	0.758251	0.757881	0.774624	0.766158	0.762941	0.747835	0.789769	0.788292	0.767147	0.770251	0.760426	0.776052	0.774733	0.773764	0.779010	0.782606	0.778489	0.769952	0.783771	0.775160	0.781747	0.774140	0.792269	0.746625	0.761942	0.754709	0.752151	0.745699	0.757362	0.748959	0.758374	0.754384	0.752154	0.759972	0.756239	0.761987	0.770843	0.742068	0.740980	0.753011	0.754706	0.750744	0.752121	0.750560	0.750189	0.751704	0.754924	0.754470	0.754888	0.749613	0.741698	0.729724	0.742650	0.751222	0.754398	0.753737	0.759064	0.753579	0.757419	0.756942	0.761085	0.753864	0.757516	0.762523	0.756926	0.755007
PRJEB32839__m_32d_sporocysts_r3	0.713098	0.707584	0.719377	0.709538	0.730801	0.709798	0.720336	0.714582	0.710382	0.703292	0.717259	0.716753	0.705342	0.714596	0.712730	0.716430	0.722773	0.724813	0.724947	0.725528	0.746732	0.745798	0.744168	0.745126	0.747773	0.740948	0.728987	0.736776	0.741729	0.740832	0.733857	0.734602	0.735682	0.738383	0.746370	0.636534	0.631375	0.635514	0.647238	0.636277	0.665155	0.717893	0.728482	0.724022	0.739455	0.736726	0.740377	0.723902	0.713187	0.722455	0.724473	0.727275	0.726385	0.760251	0.766012	0.759969	0.757737	0.761061	0.786787	0.773067	0.767794	0.777273	0.774709	0.969849	0.984082	0.965478	0.973393	0.981484	0.763775	0.764564	0.767784	0.770574	0.765817	0.746558	0.747680	0.757485	0.747948	0.749608	0.760245	0.748051	0.759781	0.763034	0.758903	0.971506	0.964068	1.000000	0.973307	0.965404	0.755608	0.756699	0.762531	0.754546	0.756969	0.818152	0.813174	0.815513	0.815681	0.819112	0.771290	0.760155	0.757815	0.763922	0.772114	0.978018	0.961085	0.974274	0.973794	0.977579	0.835267	0.843566	0.841616	0.841260	0.839372	0.757351	0.758934	0.767153	0.762056	0.762724	0.767041	0.731398	0.776471	0.740459	0.754805	0.748495	0.816730	0.671070	0.812336	0.802499	0.732843	0.725592	0.726538	0.734055	0.725081	0.701555	0.704193	0.704132	0.703476	0.713406	0.679522	0.744258	0.774830	0.762970	0.764967	0.767657	0.750895	0.775624	0.768218	0.738512	0.751031	0.770195	0.758548	0.760697	0.736549	0.753165	0.743607	0.765435	0.745814	0.742205	0.725061	0.779213	0.770827	0.759883	0.768256	0.755659	0.773879	0.771866	0.770904	0.775674	0.769121	0.756943	0.745944	0.760959	0.752580	0.760642	0.746211	0.767551	0.733237	0.748162	0.742047	0.741019	0.737008	0.745988	0.740785	0.738765	0.734484	0.735629	0.737284	0.728900	0.734842	0.744887	0.731088	0.730765	0.740151	0.744324	0.737778	0.742364	0.721237	0.722160	0.723982	0.726453	0.726462	0.726931	0.714519	0.727929	0.712572	0.733667	0.740944	0.743985	0.742854	0.749037	0.725246	0.728747	0.727898	0.732589	0.726341	0.728356	0.731138	0.728237	0.728062
PRJEB32839__m_32d_sporocysts_r4	0.715193	0.709924	0.719225	0.711828	0.730471	0.709601	0.721038	0.715968	0.714832	0.704599	0.723767	0.721407	0.710868	0.719370	0.716219	0.723650	0.729046	0.730533	0.729934	0.730010	0.755769	0.754295	0.753566	0.754030	0.756490	0.748462	0.741924	0.747137	0.750769	0.750655	0.719269	0.719519	0.720832	0.724144	0.732844	0.648758	0.642162	0.646008	0.659099	0.647818	0.676401	0.737438	0.718436	0.713282	0.736983	0.734620	0.737383	0.713576	0.731873	0.741203	0.742974	0.745712	0.744670	0.757786	0.764223	0.758322	0.756473	0.759899	0.783421	0.768141	0.763533	0.772205	0.770921	0.985926	0.973660	0.982597	0.964504	0.970841	0.761768	0.764196	0.764787	0.769102	0.763054	0.769862	0.765009	0.775974	0.767342	0.764297	0.779082	0.769836	0.780314	0.784374	0.778937	0.989767	0.977984	0.973307	1.000000	0.984614	0.775411	0.775645	0.783104	0.776140	0.778972	0.800887	0.798143	0.797739	0.798719	0.803067	0.773884	0.767237	0.760310	0.773354	0.771077	0.974896	0.954227	0.965544	0.966128	0.971640	0.815567	0.826498	0.823180	0.822867	0.820694	0.763728	0.765804	0.772469	0.766969	0.768307	0.756785	0.725147	0.762964	0.730780	0.744070	0.740865	0.801634	0.664826	0.799011	0.791457	0.734783	0.724564	0.724787	0.733195	0.726860	0.702643	0.705754	0.705284	0.704824	0.712814	0.682360	0.751581	0.778263	0.764570	0.768810	0.772261	0.753776	0.774398	0.772157	0.745329	0.754460	0.775824	0.765176	0.762130	0.743211	0.755291	0.749740	0.769643	0.752813	0.749030	0.733651	0.783094	0.786019	0.758488	0.764525	0.753737	0.770661	0.767950	0.768526	0.771583	0.781124	0.778483	0.768763	0.777116	0.776153	0.781801	0.767683	0.789522	0.738699	0.756023	0.746772	0.742450	0.736332	0.746304	0.739577	0.751761	0.748536	0.747122	0.755490	0.751129	0.757219	0.766818	0.722260	0.722344	0.738704	0.742475	0.737234	0.741082	0.742867	0.743927	0.745363	0.748820	0.749155	0.748771	0.734397	0.720472	0.705191	0.726329	0.739126	0.742609	0.742710	0.747887	0.746990	0.751428	0.750755	0.755146	0.747692	0.749752	0.752073	0.750794	0.749915
PRJEB32839__m_32d_sporocysts_r5	0.721754	0.716457	0.726832	0.720235	0.738126	0.718492	0.728387	0.724806	0.720832	0.712211	0.732562	0.731379	0.720914	0.728383	0.726470	0.732666	0.738103	0.739457	0.739157	0.739503	0.761562	0.760375	0.759371	0.760120	0.761658	0.754373	0.748556	0.753629	0.757494	0.757515	0.720476	0.720299	0.721395	0.726017	0.734483	0.653433	0.643552	0.649093	0.662049	0.649091	0.681033	0.743551	0.727098	0.722393	0.746919	0.743504	0.746975	0.721221	0.740223	0.748585	0.750253	0.752610	0.752882	0.760706	0.765941	0.760917	0.757776	0.761050	0.793230	0.773406	0.770856	0.777962	0.778454	0.984684	0.972369	0.985239	0.966486	0.974943	0.780777	0.784985	0.782421	0.784508	0.784615	0.772568	0.770268	0.779423	0.769537	0.767675	0.787677	0.781777	0.787592	0.793374	0.787439	0.981979	0.972960	0.965404	0.984614	1.000000	0.794091	0.795686	0.802237	0.794473	0.799522	0.795251	0.797045	0.789062	0.792147	0.797465	0.783762	0.775469	0.771791	0.778561	0.777501	0.977413	0.954536	0.957940	0.962036	0.967995	0.805860	0.817989	0.814999	0.814328	0.811669	0.787836	0.786640	0.791785	0.787419	0.791052	0.757424	0.720574	0.759419	0.727633	0.742982	0.749339	0.796328	0.676062	0.795016	0.788718	0.739662	0.735076	0.735567	0.743887	0.736071	0.702126	0.704663	0.705705	0.704737	0.719487	0.682981	0.767213	0.792744	0.772371	0.780959	0.779634	0.764386	0.780134	0.781379	0.753716	0.764565	0.779437	0.771006	0.771816	0.755498	0.764024	0.761776	0.776725	0.762513	0.757212	0.741708	0.784492	0.787264	0.760844	0.765732	0.755379	0.771319	0.769716	0.769240	0.773597	0.781543	0.778566	0.770389	0.780605	0.776710	0.782069	0.768922	0.790741	0.742070	0.758574	0.749952	0.745879	0.739176	0.750819	0.742035	0.755122	0.752351	0.749042	0.757377	0.753380	0.759153	0.767985	0.728863	0.728750	0.744513	0.747372	0.745097	0.744284	0.747477	0.747547	0.749817	0.751669	0.752480	0.752320	0.745474	0.732219	0.718943	0.733433	0.744155	0.747789	0.747084	0.751899	0.751763	0.756038	0.754614	0.758429	0.751301	0.754831	0.759608	0.753753	0.752900
PRJEB32839__m_cercariae_r1	0.762576	0.754221	0.770632	0.759432	0.782824	0.755842	0.775515	0.762919	0.783091	0.754003	0.781515	0.775149	0.771128	0.774134	0.772742	0.794771	0.797047	0.797157	0.794972	0.796542	0.800106	0.800138	0.801553	0.800498	0.801763	0.800722	0.802978	0.804564	0.805786	0.803670	0.686188	0.686320	0.687281	0.700798	0.712319	0.648373	0.640198	0.645669	0.656499	0.647500	0.671638	0.807844	0.741154	0.739187	0.796116	0.793220	0.795458	0.741501	0.808346	0.806254	0.807550	0.808773	0.813446	0.810450	0.812608	0.811036	0.811845	0.812633	0.869003	0.868328	0.867133	0.869307	0.876515	0.781511	0.770034	0.784254	0.773169	0.779369	0.978839	0.971476	0.975282	0.970410	0.973766	0.822026	0.823055	0.826830	0.820889	0.820313	0.880501	0.872107	0.880875	0.879246	0.876397	0.772106	0.774137	0.755608	0.775411	0.794091	1.000000	0.988801	0.988821	0.989468	0.989371	0.707881	0.720263	0.701325	0.703327	0.711955	0.872857	0.872127	0.864640	0.871323	0.874902	0.767451	0.771916	0.740703	0.752805	0.760191	0.678966	0.709118	0.688050	0.692157	0.696234	0.981342	0.983894	0.984807	0.980713	0.980305	0.718665	0.697289	0.711686	0.699679	0.711219	0.707708	0.728335	0.635003	0.732295	0.730532	0.793808	0.882391	0.898392	0.905627	0.900639	0.802976	0.804224	0.804978	0.803438	0.861886	0.835549	0.928866	0.941912	0.881737	0.906656	0.890320	0.864880	0.860820	0.880516	0.901086	0.910829	0.855393	0.870387	0.910464	0.842819	0.896008	0.899860	0.888139	0.848430	0.847006	0.831105	0.810359	0.816569	0.802890	0.799142	0.797337	0.797498	0.805161	0.801267	0.807944	0.811160	0.813386	0.813366	0.818085	0.814833	0.814744	0.814504	0.819327	0.785417	0.807592	0.790773	0.781925	0.791537	0.803615	0.795655	0.802166	0.802797	0.798524	0.809091	0.804766	0.808729	0.812191	0.744874	0.745298	0.773947	0.802214	0.801836	0.800858	0.802683	0.802060	0.804994	0.806666	0.806156	0.804992	0.794453	0.750667	0.731091	0.753661	0.800291	0.802193	0.805095	0.800441	0.807125	0.809046	0.806988	0.812037	0.802535	0.806317	0.806944	0.808332	0.804963
PRJEB32839__m_cercariae_r2	0.763732	0.754528	0.771672	0.760610	0.784361	0.757011	0.777526	0.763412	0.784202	0.754040	0.782678	0.775902	0.771542	0.774946	0.773001	0.796183	0.798137	0.798356	0.796746	0.798322	0.800245	0.800478	0.801402	0.801610	0.802907	0.802032	0.803439	0.805903	0.807872	0.804889	0.697398	0.697840	0.698836	0.709272	0.720595	0.654083	0.645766	0.652211	0.662350	0.653119	0.678204	0.804109	0.743977	0.741666	0.795293	0.792434	0.794925	0.743596	0.804533	0.803476	0.804486	0.805890	0.810179	0.813075	0.815723	0.812996	0.814068	0.815190	0.875024	0.876147	0.876111	0.875866	0.884878	0.780874	0.773252	0.783453	0.772588	0.782912	0.978960	0.973985	0.975471	0.970775	0.973457	0.820926	0.822698	0.826921	0.820003	0.819969	0.880799	0.876240	0.884571	0.883504	0.881206	0.773231	0.774567	0.756699	0.775645	0.795686	0.988801	1.000000	0.988243	0.991424	0.988407	0.717669	0.730511	0.713683	0.713976	0.722228	0.880939	0.880832	0.872270	0.880010	0.883457	0.770455	0.779052	0.747659	0.757929	0.765149	0.691153	0.720747	0.699727	0.703844	0.708371	0.982519	0.985324	0.988430	0.982330	0.984869	0.726285	0.703506	0.720723	0.707097	0.718841	0.714000	0.738918	0.642326	0.740813	0.737432	0.798687	0.885599	0.904234	0.911769	0.903618	0.811721	0.812685	0.812544	0.812053	0.869520	0.842432	0.932501	0.947525	0.890503	0.916165	0.899888	0.874569	0.871245	0.889069	0.906306	0.918676	0.863462	0.877612	0.919510	0.849050	0.904684	0.907789	0.897787	0.854909	0.853611	0.836621	0.812384	0.817778	0.805042	0.801307	0.799382	0.800895	0.809194	0.804097	0.811708	0.813017	0.813202	0.811833	0.818090	0.813980	0.814807	0.813310	0.818387	0.785490	0.807728	0.790532	0.783106	0.792693	0.804477	0.796739	0.801354	0.800931	0.797597	0.807575	0.801480	0.806041	0.810169	0.748449	0.748773	0.776067	0.803157	0.802956	0.801524	0.799613	0.798913	0.802298	0.803050	0.803230	0.801814	0.792903	0.754480	0.736436	0.757147	0.801654	0.803524	0.806443	0.802054	0.806382	0.807678	0.805952	0.809342	0.799256	0.803060	0.804886	0.805213	0.802355
PRJEB32839__m_cercariae_r3	0.760836	0.752466	0.769756	0.757971	0.782548	0.754627	0.776047	0.761580	0.779663	0.752532	0.779222	0.773401	0.768879	0.772177	0.769979	0.792588	0.794553	0.794581	0.793753	0.794895	0.796625	0.796650	0.797486	0.797282	0.798486	0.797378	0.799186	0.801405	0.803257	0.800595	0.696864	0.696898	0.697754	0.709020	0.720331	0.659740	0.649959	0.655736	0.667202	0.657155	0.682788	0.803159	0.743110	0.740887	0.794182	0.791526	0.793204	0.742756	0.803184	0.802787	0.804733	0.806358	0.809846	0.805907	0.809153	0.806568	0.807915	0.808592	0.867488	0.865276	0.866853	0.868001	0.875579	0.789266	0.778108	0.793839	0.783180	0.789361	0.976827	0.970605	0.969702	0.967320	0.975124	0.816289	0.817482	0.821318	0.814549	0.814429	0.875403	0.870414	0.882889	0.877333	0.873698	0.780998	0.784115	0.762531	0.783104	0.802237	0.988821	0.988243	1.000000	0.990743	0.989818	0.720808	0.734545	0.714395	0.716698	0.724849	0.871691	0.871025	0.863320	0.869849	0.873101	0.777669	0.786203	0.753317	0.763778	0.771120	0.692662	0.723289	0.702474	0.706211	0.710403	0.981408	0.983041	0.985055	0.980285	0.982715	0.731650	0.707449	0.722984	0.711059	0.722509	0.721891	0.741217	0.649998	0.744838	0.742524	0.793170	0.881565	0.898655	0.906029	0.899892	0.799923	0.801329	0.801812	0.801100	0.859660	0.829590	0.925166	0.941144	0.879957	0.906133	0.888697	0.864455	0.862441	0.879743	0.895919	0.909855	0.854052	0.867096	0.910137	0.840582	0.893207	0.897463	0.887211	0.846431	0.844387	0.827784	0.806164	0.811297	0.799102	0.794639	0.793063	0.794056	0.801707	0.797256	0.804652	0.806177	0.807692	0.806830	0.812977	0.809511	0.810509	0.809041	0.814267	0.779335	0.802163	0.785731	0.777604	0.786807	0.799217	0.790901	0.796596	0.796639	0.792562	0.802678	0.798077	0.802706	0.806288	0.744714	0.744696	0.771774	0.798102	0.798812	0.796226	0.797245	0.796142	0.799974	0.800636	0.801262	0.799278	0.792489	0.751849	0.733850	0.752122	0.796302	0.798558	0.801035	0.796704	0.802005	0.803953	0.801945	0.806411	0.797252	0.801304	0.803900	0.802537	0.800184
PRJEB32839__m_cercariae_r4	0.761055	0.752143	0.769394	0.757400	0.781970	0.754656	0.775154	0.760930	0.781079	0.752023	0.779302	0.772889	0.768431	0.772079	0.769865	0.792613	0.794497	0.794339	0.793845	0.794957	0.797690	0.798089	0.799063	0.798689	0.800210	0.799145	0.800686	0.802573	0.805091	0.802115	0.696712	0.696846	0.697919	0.709364	0.720443	0.659825	0.651298	0.656676	0.667754	0.658176	0.682477	0.802460	0.741283	0.738644	0.792911	0.790138	0.792100	0.740715	0.802208	0.801743	0.803765	0.805194	0.808504	0.808210	0.811237	0.808913	0.809895	0.810925	0.868312	0.869016	0.869721	0.870478	0.879199	0.780740	0.769008	0.784188	0.771183	0.780388	0.979348	0.973135	0.974185	0.969885	0.973746	0.818076	0.818753	0.823199	0.816649	0.815845	0.877121	0.871315	0.881130	0.879754	0.879961	0.774781	0.774570	0.754546	0.776140	0.794473	0.989468	0.991424	0.990743	1.000000	0.989956	0.719865	0.732258	0.714810	0.715853	0.723991	0.873819	0.874163	0.865096	0.873491	0.877700	0.768535	0.778154	0.746195	0.755930	0.763057	0.691994	0.721970	0.700672	0.704412	0.708701	0.981932	0.984333	0.986645	0.981562	0.983083	0.730138	0.707731	0.722847	0.711122	0.722014	0.717295	0.741189	0.645312	0.744511	0.741652	0.793896	0.883827	0.901221	0.908482	0.904272	0.804244	0.804933	0.805278	0.804799	0.863250	0.835729	0.925054	0.940940	0.881446	0.907264	0.889962	0.866203	0.863417	0.880272	0.897580	0.910771	0.854997	0.868590	0.911392	0.839968	0.895519	0.898597	0.888565	0.847633	0.845387	0.828859	0.807279	0.813483	0.800342	0.796205	0.793841	0.795509	0.802567	0.798303	0.805389	0.808008	0.809937	0.808509	0.813551	0.810935	0.811736	0.810129	0.815535	0.780064	0.802562	0.785602	0.777806	0.786784	0.798721	0.790594	0.796676	0.796668	0.792737	0.802990	0.798332	0.802761	0.807125	0.742984	0.743543	0.770563	0.797698	0.796860	0.796035	0.796269	0.795627	0.798488	0.799909	0.800130	0.798739	0.790570	0.750152	0.732266	0.751740	0.795393	0.797427	0.799999	0.795874	0.802128	0.803819	0.802118	0.806285	0.796237	0.800164	0.802091	0.802263	0.798943
PRJEB32839__m_cercariae_r5	0.764018	0.755941	0.772727	0.761686	0.785062	0.759349	0.778541	0.765424	0.782397	0.756892	0.782307	0.776611	0.772768	0.775740	0.773921	0.795280	0.797203	0.797078	0.796327	0.797741	0.798200	0.798010	0.798880	0.797990	0.799447	0.798712	0.800502	0.802321	0.804742	0.801947	0.690513	0.690702	0.691294	0.702008	0.713864	0.650990	0.639977	0.646249	0.657620	0.646640	0.674524	0.805805	0.747062	0.745602	0.799378	0.796731	0.798277	0.745390	0.807411	0.806453	0.808748	0.810189	0.814098	0.807228	0.810324	0.808033	0.808993	0.809730	0.872728	0.866396	0.867753	0.869917	0.877481	0.785264	0.773779	0.789294	0.777880	0.785430	0.977253	0.970381	0.970573	0.966333	0.973136	0.818524	0.820722	0.823260	0.816091	0.815732	0.878596	0.876076	0.880995	0.885418	0.876999	0.777041	0.779080	0.756969	0.778972	0.799522	0.989371	0.988407	0.989818	0.989956	1.000000	0.715959	0.730299	0.707866	0.711304	0.720692	0.874990	0.872301	0.866644	0.870413	0.873760	0.773470	0.779288	0.747475	0.759414	0.765096	0.685316	0.716458	0.695050	0.698705	0.703387	0.982178	0.982576	0.984276	0.979006	0.982909	0.725407	0.698822	0.716390	0.702884	0.714696	0.722117	0.733621	0.655611	0.737026	0.734873	0.795672	0.878405	0.894705	0.902609	0.896770	0.797561	0.799032	0.799598	0.798316	0.859706	0.828300	0.927482	0.942024	0.881194	0.908932	0.891568	0.866642	0.862586	0.883446	0.900375	0.910212	0.858426	0.871828	0.911611	0.848727	0.895186	0.901990	0.889388	0.852034	0.849239	0.833161	0.806604	0.811895	0.799112	0.794464	0.792701	0.793908	0.801538	0.796834	0.804610	0.805912	0.807455	0.807303	0.815062	0.808826	0.809214	0.809496	0.814460	0.781719	0.802418	0.787642	0.779101	0.787768	0.800662	0.790610	0.797567	0.798887	0.794158	0.802720	0.799255	0.803469	0.807023	0.747056	0.747251	0.774168	0.799893	0.801126	0.797309	0.799347	0.797986	0.800896	0.801773	0.802004	0.801233	0.797826	0.755998	0.739335	0.754088	0.797505	0.799834	0.801676	0.797475	0.802987	0.806094	0.802817	0.807431	0.798494	0.803062	0.807215	0.803594	0.800827
PRJEB32839__x_1d_sporocysts_r1	0.672501	0.666182	0.697430	0.671068	0.715674	0.674972	0.710755	0.681640	0.696253	0.667604	0.676042	0.678433	0.666951	0.676327	0.675159	0.687507	0.693372	0.696756	0.702191	0.703127	0.686167	0.684702	0.680421	0.685719	0.689439	0.687077	0.674751	0.687559	0.694933	0.687967	0.764939	0.762428	0.764817	0.746066	0.747833	0.641021	0.636127	0.637463	0.652847	0.639531	0.669044	0.670085	0.723503	0.718732	0.686433	0.684654	0.685160	0.713851	0.669219	0.681003	0.681690	0.685030	0.686831	0.698712	0.704313	0.696546	0.696163	0.697958	0.748236	0.744381	0.743812	0.749707	0.748258	0.805824	0.798871	0.793218	0.788238	0.815406	0.713839	0.705178	0.716428	0.710848	0.716239	0.687279	0.685669	0.696758	0.684831	0.686537	0.730141	0.723286	0.732896	0.739031	0.731992	0.806577	0.815719	0.818152	0.800887	0.795251	0.707881	0.717669	0.720808	0.719865	0.715959	1.000000	0.974732	0.974224	0.995246	0.994699	0.748083	0.744212	0.738176	0.746877	0.752938	0.822950	0.865818	0.858898	0.847723	0.837119	0.950886	0.973369	0.959990	0.957767	0.964959	0.703813	0.706534	0.719235	0.711570	0.722714	0.913020	0.859067	0.927858	0.883131	0.908017	0.880057	0.960366	0.811254	0.956002	0.941735	0.719905	0.690362	0.690936	0.698037	0.692269	0.679896	0.684698	0.682088	0.681934	0.695147	0.673768	0.694218	0.729280	0.741059	0.747063	0.744718	0.727754	0.766511	0.742814	0.706704	0.719843	0.746636	0.729764	0.737184	0.707502	0.735478	0.719134	0.741924	0.709742	0.717044	0.688262	0.712977	0.706159	0.688713	0.699126	0.683851	0.707362	0.711215	0.701943	0.714248	0.704478	0.692343	0.680067	0.696815	0.687101	0.696315	0.689521	0.708016	0.678838	0.682953	0.684174	0.688093	0.668444	0.674920	0.670154	0.679168	0.677054	0.676522	0.671933	0.670500	0.675731	0.680888	0.717548	0.716200	0.698176	0.683198	0.676273	0.680729	0.669955	0.667953	0.672180	0.673618	0.674483	0.672782	0.681875	0.713779	0.708256	0.708569	0.677795	0.680618	0.677920	0.682896	0.671213	0.672395	0.671485	0.674126	0.675781	0.679476	0.687349	0.673806	0.675750
PRJEB32839__x_1d_sporocysts_r2	0.681622	0.675509	0.702299	0.681999	0.723549	0.687406	0.715026	0.691467	0.691816	0.676428	0.690459	0.693638	0.679338	0.689335	0.689202	0.695415	0.701969	0.704250	0.709018	0.712702	0.699214	0.695660	0.690906	0.695866	0.699781	0.695715	0.682320	0.695600	0.704678	0.697773	0.768907	0.764863	0.767418	0.742468	0.742080	0.655359	0.644471	0.646561	0.660906	0.644947	0.686029	0.669414	0.740026	0.736878	0.700853	0.696937	0.697219	0.723510	0.675276	0.687511	0.690860	0.694332	0.696204	0.698660	0.704069	0.697879	0.694302	0.696308	0.747744	0.732353	0.732778	0.740234	0.739841	0.800593	0.795768	0.796408	0.793729	0.814855	0.727327	0.715390	0.725733	0.711921	0.729724	0.693468	0.696236	0.702290	0.685756	0.688365	0.729942	0.727897	0.731334	0.738565	0.731407	0.802103	0.813358	0.813174	0.798143	0.797045	0.720263	0.730511	0.734545	0.732258	0.730299	0.974732	1.000000	0.942127	0.969053	0.974759	0.747618	0.739822	0.742094	0.736134	0.742285	0.820726	0.855966	0.849793	0.841294	0.831288	0.922080	0.952762	0.934314	0.931415	0.939384	0.722334	0.718269	0.729972	0.720483	0.743068	0.910287	0.857822	0.911972	0.875901	0.892971	0.933605	0.950600	0.864888	0.949587	0.944983	0.735627	0.693095	0.690470	0.698024	0.700950	0.656638	0.664957	0.659753	0.659764	0.690005	0.650143	0.703156	0.740601	0.738391	0.747888	0.743285	0.727185	0.768255	0.746912	0.705934	0.716706	0.758344	0.732689	0.734718	0.727074	0.728716	0.720790	0.739092	0.718354	0.723165	0.690707	0.717527	0.709356	0.691692	0.698309	0.684624	0.706820	0.710768	0.702362	0.714717	0.705685	0.696067	0.682685	0.706283	0.690234	0.698351	0.688690	0.714469	0.682964	0.685060	0.689487	0.693975	0.669929	0.681567	0.668937	0.686432	0.683432	0.679811	0.672885	0.673167	0.679210	0.683037	0.729988	0.727738	0.709076	0.687488	0.692174	0.682315	0.676795	0.673931	0.679610	0.679042	0.681904	0.679182	0.708891	0.737043	0.740135	0.718894	0.684257	0.687106	0.682892	0.688296	0.676942	0.681779	0.677912	0.680098	0.682437	0.690507	0.707306	0.679675	0.681356
PRJEB32839__x_1d_sporocysts_r3	0.673019	0.666373	0.704886	0.670287	0.720766	0.673780	0.713868	0.682224	0.702172	0.668435	0.672421	0.674558	0.663638	0.673199	0.671969	0.688823	0.694278	0.698257	0.704755	0.704269	0.686069	0.686201	0.680753	0.686659	0.691474	0.689030	0.677174	0.690514	0.697438	0.690220	0.791352	0.791482	0.792867	0.778686	0.778168	0.662400	0.663231	0.664532	0.680740	0.669372	0.691099	0.673907	0.728516	0.722318	0.682416	0.683111	0.681710	0.723345	0.670306	0.682763	0.681680	0.685233	0.687357	0.703909	0.709482	0.700045	0.701354	0.703461	0.745955	0.757097	0.754670	0.759079	0.758550	0.797461	0.795634	0.783197	0.774543	0.810773	0.706569	0.700979	0.713969	0.713416	0.708420	0.683806	0.679036	0.696198	0.685853	0.686814	0.726803	0.714881	0.733140	0.738581	0.730452	0.804874	0.811242	0.815513	0.797739	0.789062	0.701325	0.713683	0.714395	0.714810	0.707866	0.974224	0.942127	1.000000	0.981453	0.978675	0.748258	0.751662	0.736259	0.758778	0.765375	0.811400	0.863397	0.858629	0.841525	0.834421	0.957491	0.967863	0.958563	0.954157	0.963929	0.694159	0.700893	0.715576	0.708947	0.713145	0.869301	0.822052	0.896805	0.844412	0.871636	0.818836	0.946036	0.745188	0.927602	0.909238	0.732704	0.708098	0.706533	0.712378	0.703636	0.704011	0.707514	0.704083	0.703922	0.720018	0.700342	0.689083	0.726638	0.751749	0.752077	0.750103	0.730945	0.775035	0.744764	0.711627	0.732106	0.744484	0.729293	0.750562	0.690715	0.745468	0.718542	0.747706	0.699514	0.708785	0.678239	0.719271	0.710924	0.694824	0.708879	0.690837	0.719032	0.724132	0.710316	0.725779	0.712972	0.698418	0.682250	0.694788	0.689262	0.701476	0.697658	0.710008	0.679627	0.685408	0.684612	0.690803	0.671560	0.671743	0.674376	0.677979	0.675143	0.677481	0.673504	0.669603	0.675508	0.683180	0.718341	0.717754	0.697339	0.682700	0.665815	0.682025	0.665698	0.665035	0.668788	0.670526	0.670755	0.669302	0.663580	0.706636	0.696350	0.710708	0.676984	0.679295	0.676705	0.683706	0.669655	0.668867	0.669454	0.674572	0.672785	0.673772	0.676049	0.672452	0.674289
PRJEB32839__x_1d_sporocysts_r4	0.670657	0.664943	0.696493	0.668198	0.713858	0.672086	0.708651	0.679224	0.695384	0.665484	0.671514	0.673881	0.662604	0.671838	0.670553	0.684260	0.690062	0.693532	0.699282	0.699573	0.682351	0.681137	0.676377	0.681927	0.686247	0.683816	0.671681	0.684830	0.692076	0.684743	0.768127	0.767086	0.768862	0.750708	0.751712	0.643818	0.640263	0.641641	0.657453	0.644238	0.671731	0.669188	0.722693	0.717544	0.681902	0.681295	0.680585	0.714737	0.666978	0.679317	0.679328	0.682652	0.684294	0.697155	0.702912	0.694476	0.694906	0.696673	0.741818	0.743518	0.742194	0.747491	0.746532	0.802117	0.795652	0.789129	0.781482	0.812465	0.708600	0.700320	0.712269	0.708656	0.711329	0.682975	0.680400	0.693176	0.682370	0.683745	0.724108	0.715380	0.728085	0.733684	0.726233	0.804594	0.812419	0.815681	0.798719	0.792147	0.703327	0.713976	0.716698	0.715853	0.711304	0.995246	0.969053	0.981453	1.000000	0.995665	0.742513	0.741173	0.731713	0.746007	0.751805	0.817715	0.863518	0.857618	0.844413	0.834490	0.952772	0.975326	0.959555	0.958173	0.966572	0.697504	0.701977	0.715225	0.708069	0.716901	0.901229	0.849302	0.917889	0.872490	0.897610	0.864794	0.959102	0.791004	0.952224	0.937894	0.721502	0.693148	0.694414	0.701169	0.693954	0.683730	0.688549	0.685725	0.685649	0.700182	0.679787	0.687404	0.723960	0.740286	0.744002	0.741642	0.722146	0.764555	0.737607	0.704093	0.718956	0.741736	0.724472	0.738113	0.696270	0.734493	0.714030	0.738749	0.700129	0.707801	0.678570	0.711251	0.704153	0.687324	0.698609	0.682475	0.707630	0.711284	0.700804	0.713874	0.703771	0.690578	0.678152	0.692735	0.685005	0.695259	0.688636	0.705292	0.676797	0.681215	0.681811	0.686702	0.666363	0.669637	0.667865	0.676482	0.674081	0.674216	0.669620	0.667649	0.673035	0.678859	0.716196	0.715019	0.696305	0.680125	0.669380	0.678166	0.666603	0.665172	0.669280	0.670442	0.671515	0.669459	0.673959	0.709947	0.702970	0.707702	0.674413	0.677102	0.674089	0.680247	0.668651	0.668796	0.668764	0.671962	0.672798	0.675507	0.681627	0.671085	0.673349
PRJEB32839__x_1d_sporocysts_r5	0.676561	0.671008	0.700969	0.674885	0.718602	0.678790	0.713680	0.685502	0.698598	0.672318	0.679434	0.681487	0.670094	0.678803	0.678111	0.690289	0.695976	0.699187	0.704840	0.705177	0.688137	0.686189	0.682086	0.687849	0.691570	0.688503	0.676951	0.689575	0.696518	0.690025	0.765732	0.763307	0.765654	0.745703	0.747043	0.644637	0.638934	0.639983	0.655767	0.641854	0.672123	0.674774	0.726451	0.722019	0.691349	0.688918	0.689521	0.717528	0.673257	0.684696	0.686004	0.689205	0.691247	0.701595	0.706745	0.699512	0.698908	0.700683	0.748791	0.745016	0.744337	0.749648	0.748989	0.804570	0.800249	0.795564	0.790047	0.816193	0.717957	0.708384	0.718924	0.713936	0.720916	0.690421	0.689320	0.699450	0.687453	0.689324	0.730888	0.724415	0.733824	0.739724	0.732990	0.808075	0.818312	0.819112	0.803067	0.797465	0.711955	0.722228	0.724849	0.723991	0.720692	0.994699	0.974759	0.978675	0.995665	1.000000	0.748118	0.744720	0.738889	0.746874	0.752477	0.823473	0.866130	0.858790	0.849235	0.837381	0.946560	0.971954	0.955440	0.953643	0.961497	0.707847	0.710087	0.722924	0.714882	0.727259	0.904967	0.853859	0.918647	0.875470	0.899175	0.881921	0.960674	0.815791	0.953812	0.942706	0.721389	0.690798	0.692597	0.699649	0.694175	0.680498	0.685310	0.682473	0.682279	0.697594	0.676618	0.699677	0.732290	0.743856	0.749701	0.747885	0.728967	0.766050	0.745386	0.712230	0.723800	0.748643	0.732122	0.740153	0.709737	0.738083	0.722270	0.744605	0.711117	0.719457	0.689533	0.716645	0.709426	0.691228	0.700942	0.686182	0.709517	0.713650	0.703713	0.716983	0.708146	0.695581	0.683282	0.701034	0.690474	0.699034	0.692729	0.710474	0.681918	0.685946	0.687793	0.691989	0.671353	0.678395	0.672483	0.683341	0.680841	0.679644	0.674814	0.673891	0.679166	0.684174	0.720772	0.719358	0.702163	0.686089	0.680483	0.683585	0.673853	0.671831	0.676136	0.676858	0.678100	0.676176	0.686181	0.717424	0.712133	0.711694	0.680733	0.683421	0.680793	0.685729	0.675090	0.676653	0.675288	0.677654	0.679141	0.683085	0.691537	0.677280	0.679492
PRJEB32839__x_2d_somules_r1	0.851545	0.842021	0.853928	0.846805	0.866964	0.843409	0.865405	0.849159	0.871696	0.839304	0.868086	0.862593	0.859617	0.862266	0.860079	0.882317	0.883836	0.884233	0.882003	0.884193	0.885192	0.886358	0.888351	0.890189	0.891437	0.896899	0.895025	0.897480	0.900220	0.894669	0.759541	0.759835	0.761349	0.777748	0.791563	0.688352	0.678583	0.687404	0.697194	0.685337	0.714906	0.880376	0.822976	0.817683	0.890328	0.886473	0.890548	0.822243	0.880058	0.881074	0.882147	0.883424	0.886333	0.914869	0.915838	0.913755	0.914316	0.916036	0.989340	0.980419	0.981076	0.983020	0.983439	0.772490	0.779036	0.769628	0.768730	0.786020	0.868453	0.878897	0.880976	0.878182	0.869831	0.907480	0.910521	0.914492	0.907460	0.909938	0.983347	0.981368	0.985052	0.986014	0.985794	0.777685	0.782668	0.771290	0.773884	0.783762	0.872857	0.880939	0.871691	0.873819	0.874990	0.748083	0.747618	0.748258	0.742513	0.748118	1.000000	0.986554	0.990317	0.984139	0.983882	0.765553	0.777771	0.763732	0.761456	0.767970	0.738707	0.759326	0.748389	0.752017	0.754167	0.867789	0.868714	0.878654	0.866803	0.873606	0.734110	0.698781	0.739336	0.705040	0.726755	0.699387	0.752806	0.633267	0.747225	0.735609	0.848865	0.810280	0.815847	0.823554	0.790067	0.907926	0.907116	0.907030	0.909027	0.832522	0.854867	0.896861	0.905866	0.958826	0.929691	0.951673	0.970459	0.967644	0.969756	0.899732	0.890026	0.968871	0.973122	0.915048	0.955374	0.933269	0.922162	0.950631	0.970780	0.965305	0.960739	0.914769	0.910991	0.905318	0.907933	0.903046	0.905435	0.916106	0.909260	0.919186	0.908867	0.899855	0.895745	0.911348	0.896592	0.901533	0.912561	0.906810	0.876778	0.899609	0.883829	0.875490	0.893254	0.906824	0.899537	0.888891	0.887303	0.885371	0.892484	0.884630	0.888145	0.895192	0.836298	0.837367	0.871760	0.906837	0.899584	0.906831	0.881443	0.880274	0.883281	0.884940	0.883298	0.883834	0.869403	0.845369	0.820898	0.851115	0.906031	0.909132	0.908805	0.908750	0.888853	0.890146	0.888286	0.896930	0.882031	0.885130	0.884066	0.889953	0.884059
PRJEB32839__x_2d_somules_r2	0.835173	0.825786	0.842052	0.830369	0.852700	0.826146	0.852052	0.832782	0.862230	0.824125	0.850523	0.843478	0.842504	0.844571	0.843427	0.869741	0.870449	0.870770	0.868716	0.869928	0.873453	0.876037	0.876678	0.878058	0.880280	0.886033	0.885444	0.887696	0.889423	0.883475	0.756323	0.759022	0.759453	0.781249	0.792706	0.687598	0.682954	0.689975	0.700734	0.691218	0.717627	0.873671	0.811837	0.806119	0.874989	0.871107	0.873764	0.811129	0.872569	0.874741	0.874892	0.876251	0.878854	0.902974	0.902849	0.900368	0.901673	0.904617	0.974482	0.977539	0.976121	0.978009	0.978342	0.765908	0.768438	0.759986	0.751805	0.773003	0.863888	0.875304	0.879204	0.879362	0.864832	0.898344	0.897653	0.904629	0.899462	0.899197	0.973566	0.966106	0.978656	0.977765	0.977650	0.772231	0.774552	0.760155	0.767237	0.775469	0.872127	0.880832	0.871025	0.874163	0.872301	0.744212	0.739822	0.751662	0.741173	0.744720	0.986554	1.000000	0.991119	0.982843	0.983019	0.753751	0.769510	0.756288	0.751127	0.760434	0.739310	0.757794	0.745240	0.749692	0.752545	0.861991	0.866898	0.877226	0.866358	0.867584	0.726518	0.695269	0.735873	0.703053	0.724215	0.676278	0.750663	0.602611	0.743061	0.731083	0.860225	0.834447	0.840567	0.847109	0.814881	0.931091	0.930432	0.928738	0.932067	0.861211	0.884322	0.892376	0.901260	0.957414	0.927381	0.947552	0.966228	0.962488	0.960851	0.899981	0.895924	0.955152	0.962552	0.920057	0.932832	0.935506	0.916593	0.947427	0.952899	0.950599	0.942151	0.902012	0.900937	0.892041	0.896596	0.890304	0.894968	0.905104	0.896598	0.907547	0.900250	0.892204	0.887030	0.897002	0.888051	0.893774	0.905225	0.897039	0.862405	0.888015	0.868343	0.861242	0.877999	0.888589	0.885309	0.875355	0.873179	0.872984	0.883129	0.873272	0.878006	0.885788	0.818382	0.819957	0.853161	0.889123	0.877333	0.890765	0.867732	0.867312	0.870501	0.872247	0.870369	0.870405	0.845613	0.821759	0.794341	0.833753	0.888089	0.890666	0.891192	0.891761	0.876496	0.876203	0.875668	0.885837	0.869024	0.870003	0.864568	0.877708	0.871752
PRJEB32839__x_2d_somules_r3	0.843248	0.833156	0.845112	0.839952	0.857287	0.837307	0.856498	0.841391	0.860040	0.833404	0.861361	0.855526	0.853006	0.854996	0.854738	0.875031	0.875947	0.875248	0.872335	0.875280	0.876738	0.877394	0.879246	0.880848	0.882441	0.887644	0.886786	0.888422	0.890392	0.885286	0.750567	0.751403	0.752445	0.768713	0.780587	0.680093	0.669482	0.675851	0.686779	0.674182	0.709072	0.872638	0.820634	0.816036	0.888067	0.882395	0.886182	0.816782	0.875016	0.875765	0.878373	0.879666	0.883546	0.904261	0.903572	0.903349	0.902190	0.904635	0.982952	0.969733	0.969828	0.972339	0.973196	0.759583	0.766978	0.758823	0.760660	0.772770	0.861619	0.870245	0.872351	0.866616	0.863172	0.901351	0.905998	0.906193	0.898121	0.900004	0.976308	0.976034	0.977543	0.978161	0.979645	0.763780	0.771231	0.757815	0.760310	0.771791	0.864640	0.872270	0.863320	0.865096	0.866644	0.738176	0.742094	0.736259	0.731713	0.738889	0.990317	0.991119	1.000000	0.971150	0.971639	0.754945	0.764967	0.750077	0.750601	0.755823	0.726664	0.746894	0.736405	0.739968	0.742396	0.860722	0.859709	0.869651	0.856363	0.868693	0.723214	0.683526	0.726643	0.691034	0.714127	0.700363	0.738899	0.641076	0.732790	0.722083	0.852057	0.807365	0.814694	0.822278	0.788484	0.906839	0.906453	0.906642	0.908485	0.834359	0.852689	0.894289	0.899980	0.950824	0.923442	0.945369	0.968691	0.956907	0.965359	0.895324	0.884445	0.963671	0.968682	0.907554	0.957707	0.925344	0.917526	0.943718	0.969063	0.964975	0.958518	0.904280	0.900859	0.893446	0.895095	0.890918	0.893293	0.903755	0.897076	0.907651	0.897328	0.888687	0.885131	0.903484	0.886629	0.890746	0.900773	0.898210	0.866332	0.888576	0.873823	0.866004	0.881186	0.898258	0.887586	0.880850	0.877895	0.874994	0.881974	0.874876	0.878867	0.884941	0.828477	0.829206	0.862948	0.896526	0.894364	0.895819	0.873054	0.871219	0.874781	0.876351	0.874966	0.875005	0.867648	0.840480	0.818842	0.842135	0.896157	0.898954	0.899053	0.898482	0.879544	0.881423	0.878336	0.886461	0.873356	0.877884	0.879205	0.880465	0.874818
PRJEB32839__x_2d_somules_r4	0.832698	0.823124	0.838334	0.826590	0.849297	0.821970	0.846804	0.828700	0.861876	0.817478	0.845762	0.839335	0.837416	0.840675	0.837831	0.864612	0.865863	0.867140	0.865192	0.865828	0.871741	0.874590	0.875116	0.876195	0.878558	0.885016	0.883283	0.886231	0.887866	0.882210	0.768668	0.770824	0.771951	0.792250	0.804717	0.693716	0.692211	0.700645	0.710645	0.702273	0.720947	0.871929	0.806449	0.799875	0.863404	0.862496	0.864451	0.809716	0.867407	0.870463	0.869592	0.870506	0.871840	0.903088	0.905121	0.900076	0.903449	0.905737	0.968242	0.982026	0.981737	0.983251	0.981087	0.771228	0.769217	0.760798	0.746069	0.775087	0.857850	0.873395	0.878442	0.882694	0.857446	0.896412	0.892143	0.904826	0.901414	0.901301	0.972489	0.964427	0.979226	0.977173	0.977421	0.779311	0.777503	0.763922	0.773354	0.778561	0.871323	0.880010	0.869849	0.873491	0.870413	0.746877	0.736134	0.758778	0.746007	0.746874	0.984139	0.982843	0.971150	1.000000	0.992188	0.752913	0.772682	0.762245	0.752075	0.763365	0.748884	0.764738	0.753305	0.758331	0.760162	0.856736	0.865311	0.875639	0.865647	0.860271	0.725539	0.697698	0.740564	0.704767	0.727321	0.660459	0.760700	0.576142	0.751162	0.737283	0.849697	0.835330	0.836882	0.843881	0.807631	0.936309	0.934817	0.932273	0.935662	0.856552	0.886951	0.890723	0.903327	0.968346	0.930260	0.953777	0.965385	0.974373	0.962727	0.899841	0.897153	0.954959	0.960431	0.923649	0.920111	0.943822	0.917949	0.954388	0.943545	0.942160	0.935243	0.903088	0.902874	0.894562	0.899643	0.892280	0.897978	0.908933	0.899262	0.911014	0.903843	0.895945	0.890446	0.894803	0.890606	0.897385	0.910970	0.898765	0.863249	0.889797	0.868496	0.860838	0.879258	0.884867	0.887018	0.873806	0.873421	0.874654	0.885921	0.875555	0.879673	0.888891	0.818432	0.820369	0.851756	0.888007	0.868489	0.891103	0.866858	0.867946	0.870607	0.873136	0.870315	0.871077	0.834997	0.815599	0.784915	0.834727	0.886579	0.889112	0.889069	0.890947	0.877131	0.876106	0.876837	0.888077	0.869793	0.868678	0.858858	0.879177	0.873024
PRJEB32839__x_2d_somules_r5	0.832014	0.822643	0.840159	0.825714	0.851269	0.821895	0.847303	0.829596	0.860610	0.817902	0.843289	0.837530	0.835272	0.838957	0.836399	0.862328	0.863891	0.865313	0.863832	0.864920	0.868791	0.871939	0.872442	0.873523	0.876262	0.882562	0.878871	0.882785	0.885838	0.879404	0.774667	0.777331	0.778023	0.798026	0.809962	0.690858	0.689908	0.698494	0.707600	0.699726	0.718465	0.863449	0.810100	0.803618	0.864795	0.863770	0.865905	0.813723	0.858429	0.862190	0.861603	0.863061	0.864107	0.903946	0.905710	0.900885	0.903698	0.906062	0.972232	0.988643	0.988607	0.989217	0.989155	0.769606	0.777346	0.759245	0.754543	0.784299	0.871462	0.886175	0.891419	0.895133	0.871263	0.886101	0.883825	0.896117	0.892997	0.893901	0.965423	0.954580	0.971582	0.970023	0.969720	0.777169	0.774256	0.772114	0.771077	0.777501	0.874902	0.883457	0.873101	0.877700	0.873760	0.752938	0.742285	0.765375	0.751805	0.752477	0.983882	0.983019	0.971639	0.992188	1.000000	0.757478	0.778102	0.766529	0.757298	0.768773	0.751555	0.769043	0.756334	0.760725	0.763606	0.866486	0.874695	0.885238	0.875897	0.870532	0.730766	0.703455	0.746187	0.710910	0.732321	0.664805	0.765033	0.579714	0.756459	0.741633	0.853170	0.845521	0.848530	0.855017	0.820972	0.934913	0.933188	0.932000	0.934443	0.865962	0.890521	0.893133	0.908189	0.968256	0.933313	0.953640	0.963695	0.973697	0.961565	0.902622	0.901467	0.952874	0.958355	0.928661	0.917169	0.945814	0.919240	0.954265	0.941010	0.938746	0.930096	0.901057	0.896577	0.895594	0.901205	0.892492	0.899469	0.909718	0.900291	0.911352	0.898515	0.887306	0.881447	0.887826	0.881430	0.889334	0.901124	0.890136	0.860753	0.886459	0.866393	0.859654	0.879606	0.884711	0.886853	0.868024	0.867677	0.869530	0.878343	0.866343	0.870431	0.879733	0.820944	0.823371	0.852269	0.888497	0.868775	0.891444	0.857839	0.858896	0.861575	0.864233	0.861400	0.861945	0.827889	0.819016	0.788652	0.837158	0.886523	0.889200	0.888942	0.891079	0.868286	0.867006	0.867809	0.878861	0.861443	0.860107	0.851107	0.870212	0.864126
PRJEB32839__x_32d_sporocysts_r1	0.703947	0.698228	0.712151	0.702917	0.724581	0.703279	0.715494	0.708712	0.701593	0.697395	0.712817	0.712115	0.701391	0.709930	0.708605	0.712722	0.719244	0.720266	0.720840	0.721951	0.735979	0.734368	0.732874	0.733879	0.736056	0.729104	0.720125	0.727371	0.731758	0.730979	0.713359	0.713282	0.714279	0.713108	0.721979	0.624367	0.615186	0.619379	0.631869	0.618842	0.652220	0.711757	0.715466	0.712625	0.727734	0.723700	0.728523	0.709732	0.708844	0.716736	0.718391	0.721327	0.722341	0.740085	0.745531	0.740291	0.737422	0.740139	0.781110	0.756119	0.752627	0.761770	0.760974	0.978066	0.977642	0.979730	0.979834	0.981153	0.769195	0.770014	0.767974	0.768848	0.773837	0.740322	0.742666	0.748328	0.737286	0.738213	0.757236	0.751671	0.757249	0.763191	0.758252	0.972941	0.970734	0.978018	0.974896	0.977413	0.767451	0.770455	0.777669	0.768535	0.773470	0.822950	0.820726	0.811400	0.817715	0.823473	0.765553	0.753751	0.754945	0.752913	0.757478	1.000000	0.977115	0.978619	0.986637	0.987690	0.834566	0.843549	0.843160	0.841372	0.838720	0.771590	0.769186	0.775550	0.770774	0.777241	0.774642	0.732250	0.780164	0.742300	0.760463	0.771782	0.817725	0.704788	0.815159	0.806458	0.723557	0.715553	0.720320	0.728300	0.720677	0.680276	0.683386	0.684111	0.682533	0.706496	0.664196	0.753787	0.778637	0.755263	0.767060	0.764818	0.747802	0.763501	0.765568	0.740303	0.751232	0.764054	0.754173	0.757452	0.743536	0.749238	0.748738	0.760765	0.746714	0.743000	0.724225	0.760037	0.755699	0.737629	0.742571	0.732150	0.748476	0.747499	0.746807	0.752167	0.751127	0.742870	0.733392	0.751255	0.740145	0.746763	0.733326	0.756509	0.720137	0.733426	0.728538	0.727002	0.718146	0.730913	0.720467	0.728970	0.725378	0.723610	0.725371	0.720394	0.726126	0.733905	0.720536	0.719501	0.728529	0.728865	0.727879	0.725058	0.717608	0.716685	0.718913	0.720664	0.721459	0.721169	0.721757	0.722900	0.713149	0.721479	0.724694	0.728661	0.727448	0.731423	0.720200	0.724526	0.722554	0.724081	0.720154	0.724463	0.732383	0.721331	0.720782
PRJEB32839__x_32d_sporocysts_r2	0.712798	0.707127	0.729995	0.711644	0.745200	0.712846	0.737299	0.720623	0.723092	0.706514	0.718220	0.718866	0.707392	0.716811	0.714503	0.724795	0.732020	0.734873	0.737278	0.738369	0.737776	0.736804	0.734046	0.736534	0.739311	0.735822	0.725233	0.734927	0.741078	0.737668	0.761755	0.760825	0.762594	0.757585	0.765732	0.661242	0.653456	0.658255	0.672831	0.660898	0.690569	0.714470	0.738932	0.734721	0.731569	0.729478	0.732337	0.733166	0.713383	0.722491	0.723105	0.726219	0.725843	0.749733	0.756354	0.748313	0.748177	0.750253	0.789665	0.774356	0.771317	0.780334	0.778858	0.958703	0.955745	0.953028	0.953327	0.965219	0.775348	0.774999	0.776156	0.779923	0.779556	0.739560	0.738627	0.749356	0.738099	0.740090	0.765213	0.756948	0.767132	0.773693	0.765940	0.955317	0.959601	0.961085	0.954227	0.954536	0.771916	0.779052	0.786203	0.778154	0.779288	0.865818	0.855966	0.863397	0.863518	0.866130	0.777771	0.769510	0.764967	0.772682	0.778102	0.977115	1.000000	0.984393	0.985200	0.983800	0.883948	0.887966	0.891180	0.888945	0.885725	0.774887	0.774802	0.784799	0.778260	0.784758	0.808159	0.766366	0.824471	0.779497	0.799412	0.789072	0.868407	0.716784	0.860762	0.846400	0.746121	0.734698	0.738580	0.746496	0.736623	0.703792	0.705615	0.704214	0.704052	0.725288	0.689046	0.760919	0.789832	0.772150	0.780517	0.778054	0.757855	0.785225	0.776297	0.750446	0.764138	0.776120	0.762470	0.773118	0.742451	0.767251	0.757020	0.775198	0.747863	0.746487	0.724252	0.765034	0.757586	0.743891	0.750744	0.737684	0.757863	0.758869	0.754107	0.762982	0.755424	0.744409	0.732487	0.750021	0.739528	0.748835	0.740137	0.757613	0.725880	0.736852	0.733708	0.733996	0.724203	0.732892	0.727200	0.730212	0.726872	0.727066	0.725935	0.721346	0.726965	0.735129	0.741577	0.740661	0.739127	0.735045	0.728180	0.732607	0.718599	0.717159	0.720667	0.721824	0.721889	0.721282	0.718845	0.738108	0.726262	0.738560	0.730179	0.733750	0.731836	0.736579	0.721236	0.724241	0.722856	0.725265	0.721850	0.725314	0.731182	0.722808	0.722794
PRJEB32839__x_32d_sporocysts_r3	0.706773	0.701216	0.720498	0.705723	0.733939	0.706946	0.724194	0.712501	0.709361	0.699217	0.709516	0.710240	0.698200	0.708285	0.706285	0.712775	0.718983	0.722292	0.724139	0.724717	0.734783	0.733862	0.730340	0.732934	0.736063	0.730753	0.718716	0.728445	0.734670	0.731736	0.766566	0.766748	0.767775	0.762457	0.768854	0.661243	0.656653	0.660525	0.674570	0.662559	0.690986	0.707028	0.736333	0.731735	0.723918	0.723003	0.724872	0.731074	0.703389	0.715053	0.715685	0.718584	0.717155	0.744563	0.751869	0.743589	0.742243	0.745406	0.774864	0.762580	0.758330	0.768491	0.764818	0.964354	0.963941	0.957539	0.954564	0.969052	0.743154	0.742990	0.746151	0.751239	0.746068	0.733738	0.731649	0.744293	0.733892	0.734879	0.751293	0.741360	0.753103	0.759560	0.752291	0.968126	0.967431	0.974274	0.965544	0.957940	0.740703	0.747659	0.753317	0.746195	0.747475	0.858898	0.849793	0.858629	0.857618	0.858790	0.763732	0.756288	0.750077	0.762245	0.766529	0.978619	0.984393	1.000000	0.987868	0.987498	0.885517	0.885333	0.890411	0.888551	0.884509	0.740745	0.742602	0.753292	0.746652	0.750544	0.790826	0.750798	0.808471	0.762509	0.780247	0.770634	0.856305	0.694758	0.847103	0.833318	0.740173	0.721813	0.720656	0.729068	0.721019	0.698132	0.700668	0.698748	0.699286	0.711958	0.675407	0.731990	0.765750	0.758119	0.759394	0.762883	0.743602	0.775887	0.761860	0.728478	0.742730	0.768169	0.749912	0.754409	0.727236	0.748022	0.734098	0.760197	0.733862	0.732745	0.711279	0.766004	0.757457	0.742182	0.751232	0.736199	0.758910	0.758696	0.754053	0.762244	0.756092	0.743313	0.730659	0.746423	0.737554	0.747686	0.736187	0.756018	0.721301	0.732810	0.729118	0.731130	0.718946	0.726108	0.722043	0.724819	0.720848	0.722299	0.721138	0.714888	0.721300	0.731363	0.736479	0.735412	0.734162	0.726911	0.718269	0.725120	0.709325	0.709185	0.712033	0.713798	0.713549	0.713624	0.705727	0.730280	0.718369	0.734651	0.722968	0.725839	0.723394	0.731035	0.713434	0.716485	0.715760	0.719614	0.714315	0.716675	0.720948	0.715071	0.715569
PRJEB32839__x_32d_sporocysts_r4	0.703877	0.698743	0.715588	0.703017	0.728720	0.703954	0.719328	0.709146	0.703730	0.698229	0.707099	0.707279	0.696295	0.704987	0.704615	0.709181	0.716051	0.717520	0.718561	0.720181	0.727085	0.725737	0.723078	0.725311	0.728335	0.721817	0.711062	0.720208	0.725245	0.723481	0.738669	0.739157	0.740010	0.731595	0.739225	0.634799	0.627875	0.631133	0.644537	0.632158	0.664445	0.705975	0.728507	0.725120	0.724679	0.721673	0.724608	0.722531	0.703595	0.712758	0.713949	0.716928	0.717212	0.738207	0.743793	0.737677	0.734898	0.737697	0.777974	0.755899	0.751395	0.761276	0.760211	0.967266	0.968028	0.966417	0.966156	0.970194	0.756656	0.755275	0.755769	0.757862	0.759869	0.731090	0.732979	0.740030	0.729059	0.730392	0.751141	0.743831	0.751286	0.757127	0.752093	0.965457	0.970028	0.973794	0.966128	0.962036	0.752805	0.757929	0.763778	0.755930	0.759414	0.847723	0.841294	0.841525	0.844413	0.849235	0.761456	0.751127	0.750601	0.752075	0.757298	0.986637	0.985200	0.987868	1.000000	0.988829	0.865872	0.868768	0.871557	0.869181	0.866591	0.754056	0.754191	0.763241	0.755691	0.763416	0.785579	0.745233	0.799750	0.755049	0.772527	0.781925	0.842338	0.715106	0.836527	0.824785	0.731341	0.711986	0.715870	0.723765	0.717099	0.682902	0.685969	0.686043	0.684401	0.705365	0.665905	0.741947	0.771762	0.752293	0.762632	0.763249	0.740735	0.765026	0.763618	0.737536	0.746125	0.769732	0.753349	0.754125	0.739818	0.745988	0.742270	0.759178	0.739976	0.738876	0.718031	0.757784	0.749112	0.732653	0.739248	0.726787	0.746122	0.745578	0.742857	0.750339	0.745346	0.734018	0.724138	0.742778	0.731109	0.738394	0.726798	0.748864	0.717334	0.727334	0.725727	0.726049	0.713389	0.723503	0.716087	0.722314	0.718916	0.717650	0.716636	0.712189	0.717682	0.725781	0.729713	0.728309	0.730204	0.723744	0.720511	0.721266	0.709444	0.708375	0.710775	0.712435	0.712235	0.712330	0.712009	0.727189	0.717668	0.727372	0.719327	0.722504	0.721012	0.726113	0.711255	0.714972	0.712922	0.714118	0.712150	0.715657	0.722862	0.712457	0.712836
PRJEB32839__x_32d_sporocysts_r5	0.709196	0.703804	0.721238	0.707648	0.734485	0.708256	0.723947	0.714581	0.712165	0.702540	0.714329	0.713898	0.702606	0.712219	0.711735	0.717489	0.724359	0.726462	0.727134	0.727850	0.742034	0.740970	0.737382	0.738782	0.742089	0.736413	0.724545	0.734181	0.739351	0.738033	0.750516	0.751505	0.751876	0.750437	0.757164	0.650705	0.646668	0.649657	0.662595	0.650828	0.680402	0.714777	0.732451	0.729332	0.730495	0.728278	0.731946	0.728279	0.711008	0.720679	0.720838	0.724456	0.724404	0.748008	0.754358	0.746474	0.744495	0.747567	0.781268	0.766250	0.762033	0.771448	0.769381	0.970851	0.973422	0.966351	0.966638	0.977338	0.762731	0.763090	0.764477	0.767724	0.766390	0.739458	0.738856	0.749771	0.739160	0.739874	0.756198	0.746486	0.758909	0.763837	0.758304	0.971558	0.969494	0.977579	0.971640	0.967995	0.760191	0.765149	0.771120	0.763057	0.765096	0.837119	0.831288	0.834421	0.834490	0.837381	0.767970	0.760434	0.755823	0.763365	0.768773	0.987690	0.983800	0.987498	0.988829	1.000000	0.860144	0.861803	0.863031	0.860964	0.858901	0.761483	0.762535	0.770970	0.765970	0.769672	0.781335	0.740830	0.795344	0.752123	0.768581	0.763096	0.836176	0.689586	0.830147	0.818065	0.747844	0.736696	0.738874	0.746731	0.738859	0.698032	0.701314	0.700588	0.699169	0.726622	0.678939	0.744994	0.776986	0.761299	0.767962	0.767249	0.749117	0.778014	0.767153	0.736212	0.753940	0.769053	0.754017	0.764712	0.733737	0.752812	0.741566	0.763326	0.739189	0.736907	0.715200	0.766973	0.759802	0.746179	0.752772	0.739505	0.760047	0.759202	0.756421	0.763076	0.758019	0.747227	0.734781	0.750908	0.741917	0.751381	0.738180	0.759647	0.725480	0.738000	0.732733	0.733531	0.724160	0.731933	0.726256	0.730532	0.726545	0.727296	0.726784	0.720243	0.726769	0.736149	0.734123	0.733230	0.735969	0.732262	0.725139	0.729454	0.715547	0.715292	0.717848	0.719747	0.720132	0.719803	0.714688	0.731132	0.720263	0.733413	0.727950	0.731612	0.729485	0.735532	0.719547	0.722704	0.721793	0.724941	0.720263	0.722902	0.728756	0.721156	0.721054
PRJEB32839__x_5d_sporocysts_r1	0.676142	0.669138	0.699954	0.675872	0.713825	0.679662	0.707335	0.682456	0.693651	0.670821	0.676007	0.678237	0.668163	0.678242	0.678133	0.688371	0.693773	0.696833	0.702057	0.701081	0.694504	0.694860	0.688810	0.694580	0.699004	0.694983	0.680821	0.694859	0.701307	0.695847	0.795296	0.795390	0.796179	0.788135	0.787925	0.669442	0.671818	0.672681	0.687823	0.675673	0.698364	0.673663	0.730345	0.724992	0.684349	0.684599	0.684949	0.723760	0.671088	0.684798	0.683846	0.687187	0.686845	0.706597	0.712765	0.702729	0.703132	0.705648	0.737508	0.744105	0.739937	0.745912	0.742858	0.815471	0.814008	0.799790	0.791935	0.828083	0.682888	0.679185	0.692419	0.692264	0.684024	0.689259	0.683930	0.701236	0.691001	0.691899	0.718970	0.707215	0.724883	0.730209	0.723421	0.825332	0.831522	0.835267	0.815567	0.805860	0.678966	0.691153	0.692662	0.691994	0.685316	0.950886	0.922080	0.957491	0.952772	0.946560	0.738707	0.739310	0.726664	0.748884	0.751555	0.834566	0.883948	0.885517	0.865872	0.860144	1.000000	0.980176	0.990024	0.986998	0.986538	0.672944	0.680055	0.693925	0.688112	0.689564	0.849356	0.791376	0.880470	0.816198	0.851377	0.802620	0.934825	0.728255	0.915634	0.894484	0.732242	0.700317	0.694515	0.701907	0.691097	0.695899	0.697579	0.693661	0.695033	0.696920	0.672133	0.666900	0.707546	0.731338	0.723151	0.727575	0.716135	0.764287	0.725549	0.677826	0.701099	0.733974	0.712053	0.721389	0.679166	0.719064	0.689250	0.725682	0.689826	0.694094	0.667107	0.723010	0.714283	0.699831	0.713028	0.695177	0.723159	0.725964	0.714841	0.727614	0.716167	0.701361	0.686414	0.696867	0.693225	0.706153	0.698006	0.714196	0.684031	0.690500	0.688641	0.693679	0.675808	0.674684	0.678575	0.681161	0.678995	0.682318	0.677083	0.672896	0.678690	0.687164	0.721634	0.720926	0.699603	0.684004	0.664900	0.683357	0.666867	0.666869	0.669872	0.672442	0.671972	0.670900	0.663565	0.709130	0.699931	0.714446	0.677752	0.680436	0.675946	0.685093	0.671204	0.670587	0.672106	0.675306	0.674238	0.675564	0.676783	0.672733	0.675386
PRJEB32839__x_5d_sporocysts_r2	0.692345	0.685742	0.715132	0.690438	0.731796	0.693026	0.726785	0.699634	0.712785	0.685763	0.694089	0.695920	0.685091	0.694337	0.692877	0.706485	0.712243	0.715092	0.720967	0.720007	0.709711	0.709229	0.704148	0.709666	0.713518	0.709882	0.697816	0.710283	0.716999	0.710498	0.782605	0.782983	0.783608	0.774948	0.776814	0.663531	0.660634	0.663257	0.679110	0.666493	0.692898	0.691404	0.736586	0.731767	0.703834	0.702900	0.702153	0.730137	0.688503	0.700860	0.701201	0.704198	0.704623	0.722183	0.728240	0.719678	0.719925	0.722214	0.757249	0.761382	0.758816	0.764309	0.762130	0.826135	0.823312	0.813643	0.806921	0.839295	0.713906	0.709729	0.720930	0.719259	0.717543	0.706754	0.703504	0.718065	0.708152	0.709358	0.740940	0.730487	0.745237	0.750149	0.743550	0.833097	0.838787	0.843566	0.826498	0.817989	0.709118	0.720747	0.723289	0.721970	0.716458	0.973369	0.952762	0.967863	0.975326	0.971954	0.759326	0.757794	0.746894	0.764738	0.769043	0.843549	0.887966	0.885333	0.868768	0.861803	0.980176	1.000000	0.987523	0.985944	0.990729	0.705208	0.710524	0.723521	0.716975	0.722311	0.889587	0.837539	0.911173	0.858427	0.889147	0.848875	0.957813	0.769610	0.945629	0.930637	0.739929	0.709603	0.705898	0.713895	0.705500	0.707116	0.709941	0.706709	0.707300	0.710685	0.692643	0.698041	0.735334	0.754155	0.750721	0.751844	0.738381	0.780365	0.749786	0.709467	0.728629	0.756010	0.738505	0.748219	0.706838	0.744105	0.720478	0.750118	0.716065	0.721568	0.695065	0.736062	0.729148	0.714035	0.725071	0.709280	0.733730	0.736643	0.727068	0.738942	0.730329	0.717621	0.703622	0.716007	0.710081	0.721142	0.713196	0.728920	0.699310	0.706299	0.704290	0.709469	0.691803	0.693505	0.694037	0.699749	0.696765	0.698390	0.694142	0.690567	0.696542	0.703990	0.729996	0.729326	0.715286	0.702722	0.688965	0.701547	0.687906	0.687140	0.691173	0.692143	0.692455	0.691384	0.687834	0.722583	0.713073	0.725152	0.697848	0.700562	0.696826	0.704842	0.691662	0.692659	0.692821	0.695897	0.693991	0.696443	0.700250	0.693745	0.695426
PRJEB32839__x_5d_sporocysts_r3	0.685937	0.678954	0.707832	0.685353	0.725091	0.688001	0.720042	0.693500	0.704484	0.679116	0.687993	0.690702	0.679109	0.689198	0.687307	0.698974	0.704983	0.708375	0.713515	0.713249	0.703338	0.702673	0.697721	0.703393	0.707138	0.703169	0.690537	0.703587	0.710145	0.704247	0.790631	0.789269	0.790808	0.780150	0.781087	0.669760	0.667358	0.668999	0.684885	0.671618	0.698012	0.681137	0.735046	0.729981	0.695713	0.695009	0.694873	0.727549	0.679690	0.692274	0.692004	0.695064	0.694886	0.715361	0.721050	0.712421	0.712466	0.714481	0.746907	0.749363	0.746149	0.752321	0.749152	0.824853	0.820098	0.809047	0.803040	0.835881	0.692405	0.687199	0.699688	0.698586	0.694855	0.698809	0.694827	0.710247	0.699801	0.701036	0.729079	0.719080	0.733115	0.738570	0.731955	0.831380	0.838067	0.841616	0.823180	0.814999	0.688050	0.699727	0.702474	0.700672	0.695050	0.959990	0.934314	0.958563	0.959555	0.955440	0.748389	0.745240	0.736405	0.753305	0.756334	0.843160	0.891180	0.890411	0.871557	0.863031	0.990024	0.987523	1.000000	0.993868	0.990477	0.684323	0.689281	0.702927	0.695530	0.701992	0.868374	0.812894	0.895854	0.836144	0.869056	0.827156	0.945228	0.751935	0.929117	0.910118	0.729671	0.692550	0.686228	0.694121	0.685251	0.694969	0.695884	0.692467	0.693875	0.688622	0.670905	0.681167	0.718287	0.739964	0.731744	0.736206	0.725324	0.768896	0.736080	0.689596	0.706366	0.745062	0.723164	0.725205	0.695632	0.726445	0.700524	0.734201	0.703762	0.709230	0.683019	0.731002	0.722553	0.707919	0.719755	0.703379	0.728835	0.731298	0.721372	0.733393	0.723641	0.710314	0.695461	0.708933	0.702132	0.713996	0.705970	0.722062	0.693456	0.699107	0.698939	0.703751	0.685687	0.687040	0.688681	0.692418	0.689854	0.691906	0.686575	0.683453	0.689011	0.696459	0.729779	0.728876	0.711187	0.696011	0.681966	0.694649	0.680377	0.679109	0.683399	0.684374	0.684348	0.683647	0.680034	0.720989	0.711529	0.723672	0.691219	0.693882	0.689746	0.698240	0.683726	0.684648	0.684580	0.686808	0.686498	0.688865	0.692468	0.685130	0.687621
PRJEB32839__x_5d_sporocysts_r4	0.688060	0.680722	0.708431	0.687642	0.725901	0.689412	0.719990	0.693962	0.706026	0.680113	0.689791	0.692758	0.681614	0.691437	0.688658	0.700884	0.706793	0.710269	0.715700	0.715146	0.707263	0.707104	0.702209	0.707963	0.711403	0.707836	0.694929	0.708128	0.714479	0.708192	0.787135	0.785652	0.787721	0.778609	0.780168	0.667269	0.664657	0.667033	0.683382	0.670151	0.696464	0.685398	0.736081	0.730429	0.698292	0.697611	0.695785	0.728075	0.684822	0.697320	0.695807	0.698489	0.698119	0.720111	0.725955	0.717092	0.717420	0.719742	0.749980	0.753980	0.750178	0.756589	0.752550	0.823377	0.819562	0.808455	0.801512	0.835149	0.695907	0.691583	0.704279	0.703947	0.698250	0.703700	0.699023	0.714961	0.705561	0.710457	0.736021	0.722808	0.737242	0.742129	0.735897	0.830708	0.836540	0.841260	0.822867	0.814328	0.692157	0.703844	0.706211	0.704412	0.698705	0.957767	0.931415	0.954157	0.958173	0.953643	0.752017	0.749692	0.739968	0.758331	0.760725	0.841372	0.888945	0.888551	0.869181	0.860964	0.986998	0.985944	0.993868	1.000000	0.993993	0.687715	0.693590	0.707222	0.700230	0.704587	0.867345	0.812759	0.894196	0.836910	0.869067	0.824390	0.945984	0.747009	0.930770	0.912557	0.729833	0.696253	0.691206	0.699561	0.687935	0.703458	0.703633	0.700774	0.702286	0.690563	0.678079	0.687668	0.724605	0.744396	0.734371	0.739589	0.728503	0.771417	0.738510	0.693320	0.709853	0.749015	0.727506	0.727656	0.697176	0.731047	0.704164	0.738360	0.707154	0.711854	0.688321	0.735863	0.728161	0.713038	0.724814	0.708533	0.733107	0.735286	0.725971	0.737808	0.728574	0.714638	0.702468	0.714261	0.708360	0.719715	0.711177	0.726592	0.698932	0.704741	0.703094	0.706621	0.690860	0.692411	0.694958	0.696957	0.694618	0.697166	0.692314	0.689167	0.694634	0.703191	0.730694	0.729340	0.713566	0.699246	0.684520	0.698418	0.684925	0.683618	0.688058	0.689865	0.688019	0.688590	0.680281	0.719742	0.708955	0.724956	0.696039	0.697758	0.693178	0.702969	0.688327	0.688575	0.689382	0.692538	0.690452	0.692754	0.693998	0.689504	0.691609
PRJEB32839__x_5d_sporocysts_r5	0.688446	0.681153	0.710657	0.687516	0.728135	0.689356	0.722427	0.694773	0.708171	0.680884	0.689719	0.692678	0.681767	0.691471	0.688895	0.701965	0.707910	0.711459	0.717250	0.716995	0.707004	0.706817	0.701237	0.706834	0.710412	0.707501	0.694593	0.707835	0.714695	0.708109	0.785227	0.784702	0.786119	0.776528	0.778132	0.665067	0.662354	0.664823	0.680875	0.667696	0.694790	0.686674	0.738221	0.732928	0.699255	0.698797	0.696257	0.730375	0.685997	0.698555	0.697161	0.699946	0.700025	0.718971	0.725133	0.716014	0.716380	0.718746	0.752576	0.756136	0.752867	0.758966	0.755877	0.820529	0.818926	0.806401	0.800012	0.833238	0.701248	0.696347	0.709374	0.708094	0.703662	0.702674	0.698483	0.714207	0.704329	0.709226	0.737838	0.724107	0.739003	0.744033	0.737473	0.828144	0.834282	0.839372	0.820694	0.811669	0.696234	0.708371	0.710403	0.708701	0.703387	0.964959	0.939384	0.963929	0.966572	0.961497	0.754167	0.752545	0.742396	0.760162	0.763606	0.838720	0.885725	0.884509	0.866591	0.858901	0.986538	0.990729	0.990477	0.993993	1.000000	0.691766	0.698109	0.711618	0.704672	0.709566	0.870105	0.813939	0.895794	0.838004	0.870624	0.828903	0.945531	0.752200	0.930369	0.911825	0.736856	0.703158	0.698588	0.707053	0.695769	0.705967	0.707356	0.704663	0.705116	0.702068	0.684487	0.689799	0.729097	0.747826	0.741301	0.744373	0.731606	0.775629	0.742914	0.699991	0.717180	0.753056	0.732385	0.736668	0.701264	0.736331	0.710488	0.742443	0.709505	0.715557	0.690009	0.733576	0.725760	0.711503	0.722962	0.706509	0.731341	0.733723	0.724412	0.736187	0.726194	0.712665	0.700323	0.712358	0.706114	0.717345	0.709049	0.724954	0.697321	0.702774	0.701120	0.705537	0.688885	0.690787	0.692639	0.695364	0.693264	0.695652	0.689981	0.687045	0.692825	0.700957	0.730119	0.728755	0.712687	0.698028	0.684379	0.697115	0.684170	0.682835	0.686942	0.688720	0.687045	0.687560	0.680958	0.719815	0.709785	0.723854	0.694854	0.696532	0.692249	0.701613	0.687344	0.687558	0.688194	0.691667	0.689790	0.692004	0.694200	0.688747	0.690686
PRJEB32839__x_cercariae_r1	0.758803	0.750103	0.765388	0.756743	0.777384	0.754140	0.769738	0.759158	0.772444	0.750504	0.777244	0.772457	0.767912	0.770900	0.768742	0.787403	0.789520	0.789230	0.788732	0.790734	0.792869	0.793145	0.794318	0.793305	0.794014	0.793412	0.792958	0.795270	0.798563	0.795368	0.683776	0.683400	0.684206	0.699206	0.711692	0.640691	0.629493	0.635619	0.645372	0.634834	0.662459	0.789247	0.739563	0.737884	0.796362	0.792528	0.794525	0.738493	0.790868	0.789185	0.792511	0.793721	0.797072	0.807747	0.810606	0.809045	0.809366	0.810018	0.866609	0.862038	0.863110	0.864014	0.871865	0.771101	0.775909	0.777193	0.781480	0.787589	0.987703	0.984026	0.981594	0.975188	0.983630	0.805694	0.812004	0.812982	0.805359	0.809032	0.860436	0.857659	0.861759	0.861615	0.858774	0.760254	0.763126	0.757351	0.763728	0.787836	0.981342	0.982519	0.981408	0.981932	0.982178	0.703813	0.722334	0.694159	0.697504	0.707847	0.867789	0.861991	0.860722	0.856736	0.866486	0.771590	0.774887	0.740745	0.754056	0.761483	0.672944	0.705208	0.684323	0.687715	0.691766	1.000000	0.993398	0.992479	0.991592	0.992390	0.723058	0.696882	0.711329	0.700004	0.712270	0.720969	0.724303	0.654970	0.729518	0.729530	0.785141	0.885137	0.903352	0.910267	0.905702	0.790793	0.790838	0.793389	0.792189	0.856690	0.821429	0.935156	0.949291	0.873414	0.900628	0.881360	0.861365	0.854011	0.873692	0.894838	0.907165	0.847413	0.862018	0.905508	0.839372	0.888764	0.894071	0.879913	0.846548	0.842336	0.826768	0.802214	0.801861	0.799351	0.793760	0.793180	0.792474	0.799982	0.796371	0.803264	0.797670	0.794198	0.793479	0.805973	0.794988	0.796744	0.794065	0.800119	0.777355	0.798224	0.783086	0.776569	0.787984	0.802801	0.792381	0.790879	0.790063	0.786785	0.793170	0.786064	0.790300	0.794610	0.743617	0.743534	0.771338	0.800989	0.802962	0.797868	0.786524	0.785108	0.788284	0.788807	0.789067	0.788729	0.786401	0.753326	0.737222	0.751810	0.798614	0.800711	0.802664	0.798219	0.790600	0.793877	0.789936	0.793747	0.785000	0.790053	0.794704	0.790215	0.787227
PRJEB32839__x_cercariae_r2	0.755886	0.746912	0.761878	0.752218	0.773571	0.748049	0.766404	0.754061	0.772795	0.744932	0.772531	0.766627	0.762914	0.766063	0.763187	0.784628	0.786716	0.787171	0.785957	0.787339	0.791689	0.792620	0.793537	0.792597	0.793920	0.793141	0.792579	0.795265	0.798140	0.794578	0.683625	0.684767	0.685191	0.702107	0.714748	0.636900	0.629718	0.636093	0.645587	0.637288	0.660295	0.792345	0.734346	0.731822	0.791269	0.788529	0.789460	0.734718	0.791830	0.790970	0.792537	0.793954	0.796586	0.811531	0.815019	0.812105	0.813839	0.814977	0.865567	0.869811	0.869821	0.869939	0.877321	0.772349	0.776404	0.775537	0.776031	0.786285	0.988657	0.986232	0.986469	0.982645	0.984304	0.808056	0.812038	0.816038	0.810587	0.813054	0.861516	0.855123	0.863650	0.863291	0.859935	0.763040	0.761911	0.758934	0.765804	0.786640	0.983894	0.985324	0.983041	0.984333	0.982576	0.706534	0.718269	0.700893	0.701977	0.710087	0.868714	0.866898	0.859709	0.865311	0.874695	0.769186	0.774802	0.742602	0.754191	0.762535	0.680055	0.710524	0.689281	0.693590	0.698109	0.993398	1.000000	0.996388	0.995669	0.987911	0.723611	0.703255	0.715871	0.706048	0.717359	0.705252	0.729972	0.626478	0.734774	0.733894	0.789478	0.897152	0.914443	0.921320	0.917695	0.805185	0.804809	0.807135	0.805939	0.868494	0.838463	0.931819	0.948450	0.877840	0.902577	0.883739	0.860460	0.857344	0.872089	0.899202	0.912943	0.846394	0.862953	0.911036	0.829112	0.894849	0.894671	0.883330	0.841342	0.838402	0.823292	0.804237	0.805569	0.802268	0.798771	0.797541	0.797176	0.803965	0.800284	0.806883	0.802623	0.798951	0.798338	0.805506	0.800107	0.801830	0.798287	0.802605	0.779238	0.802562	0.784429	0.776947	0.791341	0.801888	0.796569	0.791732	0.792228	0.790367	0.798167	0.789672	0.794168	0.798471	0.738311	0.738839	0.768223	0.800975	0.798161	0.800147	0.787256	0.786745	0.789897	0.790615	0.790051	0.789815	0.774219	0.742096	0.721182	0.749027	0.798967	0.800458	0.803655	0.799370	0.793023	0.794351	0.792538	0.795836	0.786538	0.789347	0.788561	0.792301	0.789577
PRJEB32839__x_cercariae_r3	0.762984	0.754112	0.770860	0.759399	0.782771	0.756027	0.775244	0.761890	0.781290	0.752457	0.779012	0.773305	0.769202	0.772655	0.770050	0.791664	0.793540	0.794438	0.793746	0.794905	0.797762	0.799145	0.799472	0.799373	0.800815	0.800344	0.799110	0.802408	0.805448	0.801630	0.699553	0.700630	0.701189	0.716169	0.728427	0.648736	0.641067	0.647813	0.657632	0.649221	0.672399	0.796926	0.744860	0.742136	0.798289	0.795920	0.796941	0.745088	0.796496	0.796207	0.797832	0.799129	0.801827	0.818929	0.822889	0.819513	0.821314	0.822453	0.875668	0.880400	0.879717	0.880698	0.887844	0.778353	0.783335	0.780629	0.781802	0.793517	0.990163	0.987278	0.987570	0.984838	0.985559	0.813036	0.816938	0.821285	0.815634	0.818122	0.869236	0.862934	0.872328	0.871860	0.868342	0.770008	0.770611	0.767153	0.772469	0.791785	0.984807	0.988430	0.985055	0.986645	0.984276	0.719235	0.729972	0.715576	0.715225	0.722924	0.878654	0.877226	0.869651	0.875639	0.885238	0.775550	0.784799	0.753292	0.763241	0.770970	0.693925	0.723521	0.702927	0.707222	0.711618	0.992479	0.996388	1.000000	0.994988	0.990657	0.731394	0.710684	0.725707	0.713873	0.725129	0.712302	0.742708	0.634563	0.746140	0.743524	0.797126	0.899496	0.917399	0.924548	0.918112	0.815572	0.815030	0.816050	0.815461	0.875385	0.845965	0.936842	0.954179	0.889170	0.912192	0.895347	0.871020	0.869773	0.883698	0.906365	0.920448	0.857447	0.872676	0.919789	0.838852	0.904057	0.903323	0.894479	0.850263	0.847478	0.831517	0.812769	0.812535	0.810382	0.807547	0.805253	0.806264	0.813645	0.809055	0.816443	0.810253	0.805420	0.803708	0.811945	0.805961	0.808260	0.805322	0.809331	0.785830	0.808574	0.790957	0.784161	0.797896	0.808901	0.803504	0.797629	0.797484	0.795846	0.803261	0.794675	0.799216	0.804117	0.748711	0.749292	0.776703	0.808277	0.804864	0.807381	0.791836	0.791468	0.794457	0.795467	0.794912	0.794459	0.779754	0.752063	0.731715	0.759036	0.806224	0.807830	0.810679	0.806820	0.797958	0.799149	0.797273	0.801332	0.791331	0.794425	0.793839	0.797386	0.794342
PRJEB32839__x_cercariae_r4	0.754688	0.746116	0.762384	0.750969	0.773019	0.747411	0.765619	0.753222	0.773881	0.744424	0.770273	0.764187	0.761214	0.764432	0.761872	0.783779	0.785310	0.786366	0.785558	0.786263	0.792316	0.794252	0.794300	0.793316	0.794641	0.794275	0.793077	0.796547	0.799194	0.795734	0.689079	0.691005	0.690681	0.710902	0.722844	0.642296	0.636482	0.643501	0.653022	0.644923	0.665926	0.791747	0.734820	0.732121	0.789349	0.787475	0.788518	0.736333	0.789727	0.789511	0.790787	0.792091	0.794751	0.812325	0.816175	0.812305	0.814895	0.815759	0.863697	0.871270	0.870701	0.871322	0.878154	0.773437	0.779466	0.775024	0.776712	0.789240	0.986600	0.985465	0.985549	0.983862	0.982895	0.805643	0.808686	0.814567	0.809737	0.812205	0.856894	0.849114	0.860927	0.860168	0.856041	0.764711	0.763661	0.762056	0.766969	0.787419	0.980713	0.982330	0.980285	0.981562	0.979006	0.711570	0.720483	0.708947	0.708069	0.714882	0.866803	0.866358	0.856363	0.865647	0.875897	0.770774	0.778260	0.746652	0.755691	0.765970	0.688112	0.716975	0.695530	0.700230	0.704672	0.991592	0.995669	0.994988	1.000000	0.984871	0.727195	0.707324	0.720574	0.711683	0.722212	0.700385	0.735917	0.620950	0.740591	0.738884	0.792567	0.904329	0.922085	0.928739	0.924456	0.809513	0.808779	0.810798	0.810126	0.874373	0.841303	0.925732	0.944350	0.875810	0.899121	0.880269	0.858275	0.857838	0.868046	0.893138	0.912498	0.841342	0.857336	0.910966	0.820180	0.891928	0.888268	0.880084	0.835521	0.831627	0.816524	0.803765	0.804372	0.803998	0.801211	0.798851	0.799658	0.806181	0.802139	0.808664	0.802792	0.798221	0.797193	0.802504	0.798536	0.801607	0.798269	0.801079	0.778802	0.802683	0.783374	0.776439	0.792225	0.801079	0.797551	0.789726	0.789847	0.789496	0.797750	0.787869	0.792712	0.797631	0.738202	0.739086	0.767304	0.800767	0.794343	0.799954	0.784111	0.784167	0.786757	0.787990	0.787539	0.787227	0.768199	0.739881	0.718456	0.749300	0.798180	0.799886	0.802908	0.798944	0.790493	0.790913	0.790438	0.794105	0.783844	0.786086	0.783661	0.790309	0.786994
PRJEB32839__x_cercariae_r5	0.760463	0.751976	0.767954	0.758208	0.782410	0.756871	0.774531	0.762722	0.772898	0.753266	0.778559	0.774340	0.767989	0.771809	0.770549	0.788301	0.790892	0.790594	0.789755	0.792535	0.791461	0.790689	0.791387	0.791377	0.792438	0.791495	0.790085	0.793500	0.797230	0.793935	0.702654	0.700919	0.702536	0.709824	0.720371	0.652578	0.639393	0.645240	0.655126	0.643396	0.675493	0.787421	0.751098	0.749983	0.798994	0.795008	0.797260	0.748400	0.789890	0.788911	0.792600	0.794255	0.798433	0.806621	0.809152	0.807864	0.806915	0.807415	0.872667	0.865272	0.866456	0.867940	0.876641	0.774849	0.778637	0.780560	0.786275	0.792475	0.986135	0.977328	0.977074	0.968117	0.982546	0.804504	0.811681	0.811665	0.802553	0.806144	0.864273	0.862971	0.866125	0.866672	0.863360	0.765237	0.770474	0.762724	0.768307	0.791052	0.980305	0.984869	0.982715	0.983083	0.982909	0.722714	0.743068	0.713145	0.716901	0.727259	0.873606	0.867584	0.868693	0.860271	0.870532	0.777241	0.784758	0.750544	0.763416	0.769672	0.689564	0.722311	0.701992	0.704587	0.709566	0.992390	0.987911	0.990657	0.984871	1.000000	0.734896	0.704335	0.723510	0.708482	0.720160	0.741642	0.739664	0.679515	0.743378	0.741438	0.790970	0.877348	0.898251	0.905996	0.900070	0.787348	0.788703	0.790635	0.788257	0.856772	0.817463	0.933985	0.949838	0.879876	0.910025	0.889791	0.868250	0.862700	0.884208	0.897744	0.910681	0.858696	0.868769	0.910348	0.851785	0.892788	0.900292	0.886543	0.852621	0.849462	0.831585	0.803907	0.802868	0.798250	0.793431	0.791688	0.793496	0.801442	0.797036	0.804821	0.797875	0.793763	0.791656	0.807620	0.794257	0.796791	0.793249	0.801976	0.777853	0.796492	0.784405	0.778248	0.786221	0.801669	0.789387	0.791569	0.790305	0.785979	0.790619	0.784578	0.788939	0.792544	0.755717	0.755095	0.778266	0.801564	0.806421	0.797346	0.787215	0.785064	0.789163	0.789057	0.790308	0.788846	0.798189	0.769250	0.757381	0.761169	0.799546	0.802134	0.803313	0.799375	0.791298	0.794404	0.790153	0.793966	0.786725	0.793619	0.802925	0.790976	0.788172
PRJEB32839__x_eggs_r1	0.656543	0.649861	0.669404	0.652605	0.691962	0.654396	0.696684	0.662961	0.689957	0.647797	0.665643	0.665835	0.655453	0.663585	0.660553	0.674642	0.681036	0.683158	0.687525	0.687523	0.676523	0.675536	0.673652	0.679302	0.682369	0.678828	0.670351	0.680116	0.686557	0.679570	0.701058	0.696776	0.699971	0.697446	0.700595	0.631005	0.620495	0.622855	0.637546	0.626868	0.652344	0.662008	0.680737	0.677964	0.680240	0.676847	0.679710	0.673879	0.659118	0.668339	0.671996	0.674358	0.674921	0.689981	0.696179	0.689818	0.691137	0.690776	0.731559	0.722862	0.723091	0.727285	0.726902	0.767843	0.757663	0.753632	0.754041	0.774106	0.728101	0.719144	0.725449	0.721189	0.733426	0.684790	0.684275	0.691622	0.682591	0.684011	0.717187	0.713479	0.719601	0.723803	0.718575	0.758640	0.764759	0.767041	0.756785	0.757424	0.718665	0.726285	0.731650	0.730138	0.725407	0.913020	0.910287	0.869301	0.901229	0.904967	0.734110	0.726518	0.723214	0.725539	0.730766	0.774642	0.808159	0.790826	0.785579	0.781335	0.849356	0.889587	0.868374	0.867345	0.870105	0.723058	0.723611	0.731394	0.727195	0.734896	1.000000	0.960350	0.980129	0.977583	0.988466	0.893569	0.928154	0.814737	0.949867	0.951325	0.679109	0.679409	0.685319	0.692595	0.691120	0.654710	0.660258	0.658180	0.656826	0.661032	0.646001	0.696122	0.722870	0.712272	0.720337	0.715178	0.710799	0.734882	0.716903	0.677291	0.698358	0.716647	0.707410	0.711965	0.687875	0.707387	0.694090	0.713280	0.697530	0.700760	0.677737	0.695074	0.694044	0.682850	0.687043	0.677524	0.689727	0.691352	0.688357	0.693679	0.692724	0.685561	0.676119	0.689847	0.681973	0.688675	0.677309	0.694713	0.666592	0.676887	0.672249	0.673475	0.666775	0.675418	0.668631	0.672244	0.670789	0.668715	0.668898	0.666861	0.672492	0.674851	0.685332	0.684790	0.681730	0.682032	0.681618	0.679237	0.667085	0.665215	0.669521	0.669452	0.672219	0.670267	0.679578	0.690332	0.682741	0.682267	0.678477	0.681015	0.680765	0.681870	0.668560	0.670705	0.669254	0.671299	0.671446	0.676579	0.684899	0.670914	0.672453
PRJEB32839__x_eggs_r2	0.636143	0.630347	0.652796	0.630527	0.671330	0.629248	0.675871	0.643844	0.675979	0.628139	0.641554	0.639211	0.630928	0.638260	0.633503	0.653267	0.659412	0.662307	0.666111	0.664568	0.660746	0.661018	0.659263	0.664973	0.667627	0.663161	0.656570	0.664562	0.669427	0.663333	0.667173	0.664135	0.667635	0.668091	0.673695	0.627685	0.621518	0.625684	0.636439	0.633479	0.646822	0.644633	0.647319	0.643971	0.657903	0.655072	0.657088	0.643052	0.641349	0.649840	0.650696	0.652577	0.650966	0.679782	0.686789	0.679157	0.683562	0.683378	0.694983	0.696950	0.697547	0.698736	0.700172	0.734328	0.724564	0.716178	0.713874	0.734803	0.704882	0.698263	0.703359	0.706755	0.710432	0.670102	0.666095	0.676222	0.671263	0.671602	0.684450	0.677944	0.687834	0.690535	0.685491	0.726293	0.729244	0.731398	0.725147	0.720574	0.697289	0.703506	0.707449	0.707731	0.698822	0.859067	0.857822	0.822052	0.849302	0.853859	0.698781	0.695269	0.683526	0.697698	0.703455	0.732250	0.766366	0.750798	0.745233	0.740830	0.791376	0.837539	0.812894	0.812759	0.813939	0.696882	0.703255	0.710684	0.707324	0.704335	0.960350	1.000000	0.945853	0.986965	0.955598	0.839730	0.887644	0.742073	0.915730	0.925967	0.653093	0.659212	0.661622	0.669194	0.676897	0.635575	0.639605	0.635241	0.635384	0.634457	0.632972	0.671436	0.693805	0.680865	0.685347	0.684588	0.673649	0.697763	0.679291	0.657167	0.675280	0.680618	0.677843	0.681828	0.641450	0.680911	0.663838	0.683439	0.661760	0.665968	0.645343	0.680030	0.680031	0.673247	0.676882	0.669199	0.677006	0.675875	0.676678	0.676921	0.681182	0.675210	0.665383	0.672049	0.672087	0.676283	0.662779	0.678070	0.652207	0.667361	0.657409	0.659149	0.659449	0.662412	0.661875	0.658227	0.655960	0.656008	0.660689	0.654972	0.661150	0.664079	0.653966	0.655095	0.658950	0.666439	0.663132	0.666802	0.648732	0.649451	0.652467	0.652763	0.655303	0.653623	0.638489	0.648242	0.630459	0.655214	0.663015	0.664174	0.666153	0.667513	0.652240	0.654691	0.654401	0.656132	0.653663	0.653828	0.653756	0.655086	0.655567
PRJEB32839__x_eggs_r3	0.660271	0.653100	0.679950	0.657161	0.702139	0.658527	0.704519	0.668565	0.700707	0.651688	0.666895	0.666828	0.657124	0.665839	0.663439	0.680057	0.687131	0.690419	0.694131	0.695166	0.676760	0.677435	0.673563	0.679749	0.683465	0.681039	0.671413	0.682884	0.689109	0.682262	0.731301	0.729315	0.732125	0.724388	0.727473	0.628837	0.625443	0.628068	0.643192	0.634058	0.656659	0.659729	0.695058	0.692318	0.675623	0.674498	0.675786	0.688930	0.658498	0.668629	0.670799	0.673472	0.673462	0.692188	0.698322	0.689556	0.691913	0.692449	0.736518	0.736860	0.735533	0.740147	0.738435	0.775474	0.763869	0.755371	0.751044	0.778933	0.718519	0.713346	0.722093	0.721173	0.722136	0.679125	0.675289	0.688205	0.679715	0.680507	0.719819	0.712188	0.724580	0.728872	0.722557	0.767464	0.771592	0.776471	0.762964	0.759419	0.711686	0.720723	0.722984	0.722847	0.716390	0.927858	0.911972	0.896805	0.917889	0.918647	0.739336	0.735873	0.726643	0.740564	0.746187	0.780164	0.824471	0.808471	0.799750	0.795344	0.880470	0.911173	0.895854	0.894196	0.895794	0.711329	0.715871	0.725707	0.720574	0.723510	0.980129	0.945853	1.000000	0.965816	0.984360	0.862774	0.946337	0.783700	0.954178	0.946408	0.700378	0.695625	0.694794	0.703153	0.700415	0.677316	0.682204	0.678694	0.678230	0.683417	0.670622	0.698401	0.728262	0.726439	0.727594	0.725812	0.714618	0.749791	0.722328	0.688926	0.708684	0.724770	0.714749	0.724320	0.683251	0.722122	0.699666	0.723720	0.695729	0.700099	0.675150	0.697762	0.693973	0.682275	0.690487	0.677068	0.695005	0.698078	0.691663	0.700057	0.694936	0.685076	0.673109	0.684277	0.678411	0.687337	0.680634	0.694277	0.666898	0.675045	0.672323	0.675459	0.664840	0.668537	0.667947	0.668284	0.667018	0.666994	0.664861	0.663126	0.668608	0.672779	0.695548	0.695206	0.683686	0.678516	0.670075	0.678106	0.661907	0.660321	0.664561	0.666356	0.666747	0.665345	0.661877	0.689657	0.677898	0.690755	0.674501	0.676954	0.676200	0.678493	0.664809	0.665170	0.664453	0.667166	0.668226	0.670709	0.673559	0.667779	0.669055
PRJEB32839__x_eggs_r4	0.627940	0.621476	0.645750	0.623066	0.665705	0.622929	0.670632	0.635222	0.671161	0.620699	0.636185	0.633866	0.625493	0.633213	0.629480	0.648805	0.655147	0.657944	0.662088	0.660641	0.655312	0.656423	0.654259	0.658798	0.662367	0.658708	0.651083	0.660401	0.665136	0.658699	0.671353	0.668355	0.671429	0.673850	0.677735	0.616886	0.611310	0.613830	0.626690	0.621427	0.636489	0.639984	0.646155	0.643254	0.651834	0.648748	0.652088	0.641965	0.636115	0.644326	0.645636	0.648077	0.648322	0.674841	0.681284	0.673418	0.677370	0.677281	0.701422	0.704599	0.704487	0.707047	0.706494	0.741282	0.731927	0.722771	0.721299	0.742843	0.708140	0.701641	0.707863	0.709538	0.713790	0.665293	0.661628	0.672145	0.666302	0.666544	0.688699	0.681911	0.693095	0.696098	0.690582	0.733200	0.736689	0.740459	0.730780	0.727633	0.699679	0.707097	0.711059	0.711122	0.702884	0.883131	0.875901	0.844412	0.872490	0.875470	0.705040	0.703053	0.691034	0.704767	0.710910	0.742300	0.779497	0.762509	0.755049	0.752123	0.816198	0.858427	0.836144	0.836910	0.838004	0.700004	0.706048	0.713873	0.711683	0.708482	0.977583	0.986965	0.965816	1.000000	0.976406	0.852238	0.906730	0.761090	0.931956	0.936866	0.656779	0.668231	0.673906	0.680667	0.682680	0.641822	0.645933	0.642696	0.643171	0.649138	0.641086	0.671276	0.696190	0.686129	0.691760	0.687807	0.679485	0.706534	0.683258	0.658254	0.681431	0.681805	0.678052	0.690382	0.645177	0.685702	0.667394	0.687137	0.663470	0.668096	0.645884	0.675880	0.676594	0.668653	0.673482	0.664233	0.674992	0.674544	0.673003	0.675757	0.677079	0.670458	0.661079	0.667842	0.667165	0.673098	0.660657	0.675041	0.646989	0.661966	0.651605	0.652318	0.653299	0.657724	0.656525	0.652224	0.651089	0.650969	0.655289	0.649658	0.656155	0.659637	0.653012	0.653823	0.654338	0.662287	0.657381	0.661790	0.644338	0.644444	0.647733	0.648526	0.650430	0.649323	0.637762	0.649032	0.633942	0.653229	0.658564	0.659873	0.661006	0.662467	0.647626	0.648848	0.649402	0.651943	0.649306	0.650493	0.651350	0.650371	0.651056
PRJEB32839__x_eggs_r5	0.638223	0.630583	0.653950	0.633547	0.675161	0.633625	0.681163	0.643444	0.680779	0.627523	0.647511	0.646335	0.638079	0.645288	0.641963	0.661139	0.667350	0.670155	0.674135	0.673338	0.659898	0.661421	0.659808	0.665374	0.668485	0.665786	0.658857	0.668460	0.673106	0.665516	0.688651	0.685692	0.689019	0.689220	0.693824	0.607135	0.601043	0.603959	0.619043	0.611589	0.629741	0.649319	0.657987	0.653992	0.658854	0.655512	0.658339	0.654098	0.644808	0.653381	0.655695	0.658006	0.658614	0.679917	0.685638	0.678530	0.682249	0.682493	0.723054	0.724250	0.723091	0.726262	0.724827	0.756224	0.746032	0.738664	0.736390	0.760041	0.718269	0.714470	0.720882	0.721138	0.723150	0.672233	0.668745	0.679421	0.673344	0.673625	0.709587	0.702870	0.714162	0.716935	0.711682	0.747346	0.750399	0.754805	0.744070	0.742982	0.711219	0.718841	0.722509	0.722014	0.714696	0.908017	0.892971	0.871636	0.897610	0.899175	0.726755	0.724215	0.714127	0.727321	0.732321	0.760463	0.799412	0.780247	0.772527	0.768581	0.851377	0.889147	0.869056	0.869067	0.870624	0.712270	0.717359	0.725129	0.722212	0.720160	0.988466	0.955598	0.984360	0.976406	1.000000	0.860263	0.931627	0.776120	0.947548	0.946151	0.665761	0.681391	0.684756	0.692020	0.688301	0.667399	0.670194	0.669200	0.668788	0.665723	0.663374	0.693219	0.717810	0.713390	0.717483	0.713571	0.705569	0.728483	0.707205	0.679287	0.701109	0.702572	0.701422	0.711566	0.667764	0.711714	0.693503	0.712512	0.685500	0.691363	0.668513	0.683437	0.684226	0.672315	0.678883	0.668786	0.681781	0.683520	0.679583	0.685783	0.685008	0.677180	0.667264	0.675149	0.672851	0.679711	0.670856	0.683105	0.651579	0.665123	0.656891	0.657325	0.654951	0.661207	0.659669	0.656967	0.655705	0.655201	0.659356	0.655039	0.660481	0.664783	0.662444	0.663156	0.659865	0.667364	0.659978	0.667437	0.651522	0.650464	0.654137	0.656344	0.656942	0.655430	0.646234	0.658201	0.644237	0.662146	0.663328	0.665865	0.666724	0.667799	0.654738	0.655663	0.655401	0.658910	0.656142	0.658534	0.658912	0.657392	0.658292
PRJEB32839__x_miracidia_r1	0.640143	0.633904	0.650028	0.642581	0.674308	0.649394	0.671105	0.650539	0.637461	0.640080	0.657234	0.660070	0.645814	0.653091	0.654413	0.654648	0.660887	0.659693	0.664011	0.669290	0.651817	0.645511	0.644046	0.647862	0.649944	0.643458	0.634836	0.644281	0.653253	0.647520	0.665989	0.657369	0.661109	0.635741	0.637397	0.590099	0.564141	0.566946	0.580414	0.561361	0.614493	0.622491	0.681934	0.684112	0.672787	0.664066	0.665918	0.658854	0.635708	0.642183	0.652067	0.654766	0.659042	0.646097	0.650502	0.650457	0.643406	0.643848	0.706670	0.661160	0.664104	0.671459	0.674748	0.744008	0.742071	0.756230	0.766202	0.759244	0.719876	0.700696	0.704574	0.678801	0.724697	0.656957	0.671182	0.660900	0.639687	0.645072	0.689847	0.701459	0.684244	0.692183	0.688003	0.737334	0.759664	0.748495	0.740865	0.749339	0.707708	0.714000	0.721891	0.717295	0.722117	0.880057	0.933605	0.818836	0.864794	0.881921	0.699387	0.676278	0.700363	0.660459	0.664805	0.771782	0.789072	0.770634	0.781925	0.763096	0.802620	0.848875	0.827156	0.824390	0.828903	0.720969	0.705252	0.712302	0.700385	0.741642	0.893569	0.839730	0.862774	0.852238	0.860263	1.000000	0.884541	0.952554	0.902350	0.908233	0.663141	0.613394	0.620550	0.630531	0.640262	0.557528	0.568127	0.566704	0.563701	0.602342	0.552438	0.683611	0.710656	0.670653	0.698516	0.689798	0.680023	0.693237	0.703686	0.661536	0.666799	0.717362	0.692665	0.672920	0.725217	0.662334	0.687332	0.682978	0.699486	0.699049	0.670529	0.662025	0.656310	0.639265	0.635134	0.630583	0.640357	0.643868	0.641388	0.650347	0.644992	0.640657	0.635470	0.669297	0.643017	0.643920	0.631166	0.664642	0.638122	0.637641	0.646367	0.646176	0.625736	0.650817	0.622494	0.649015	0.646135	0.635448	0.627805	0.633514	0.638324	0.637811	0.678666	0.675041	0.667052	0.649674	0.676596	0.639814	0.646481	0.640317	0.646384	0.644246	0.648802	0.646441	0.711589	0.707026	0.723618	0.665092	0.647182	0.650530	0.647463	0.647508	0.640022	0.648223	0.640418	0.639199	0.646273	0.661314	0.692974	0.642174	0.644014
PRJEB32839__x_miracidia_r2	0.675585	0.668849	0.699119	0.673112	0.718470	0.675699	0.713450	0.683661	0.702967	0.667450	0.680734	0.681608	0.670160	0.679715	0.677447	0.693638	0.699892	0.704381	0.708728	0.708675	0.698128	0.698430	0.694212	0.700294	0.704461	0.701724	0.690263	0.703236	0.709764	0.702624	0.779985	0.777254	0.780021	0.769780	0.771276	0.670345	0.667395	0.670612	0.686288	0.676488	0.698498	0.676066	0.717742	0.711819	0.691826	0.690609	0.691860	0.710409	0.675962	0.687009	0.688985	0.691624	0.691049	0.714057	0.721264	0.711593	0.713366	0.715134	0.749488	0.755946	0.753434	0.759485	0.757014	0.803603	0.800338	0.789935	0.783324	0.817108	0.733795	0.729355	0.739815	0.738863	0.734855	0.697580	0.692945	0.708697	0.698823	0.700308	0.734316	0.724930	0.739464	0.744902	0.737148	0.807511	0.811815	0.816730	0.801634	0.796328	0.728335	0.738918	0.741217	0.741189	0.733621	0.960366	0.950600	0.946036	0.959102	0.960674	0.752806	0.750663	0.738899	0.760700	0.765033	0.817725	0.868407	0.856305	0.842338	0.836176	0.934825	0.957813	0.945228	0.945984	0.945531	0.724303	0.729972	0.742708	0.735917	0.739664	0.928154	0.887644	0.946337	0.906730	0.931627	0.884541	1.000000	0.795426	0.990833	0.979599	0.726199	0.719353	0.717963	0.725619	0.720247	0.699252	0.700919	0.696132	0.697520	0.706109	0.688265	0.714765	0.747456	0.751948	0.748365	0.749435	0.732752	0.775470	0.744400	0.706601	0.726623	0.744818	0.730350	0.742735	0.694288	0.744628	0.718258	0.747315	0.706256	0.710497	0.683294	0.726616	0.720686	0.708062	0.717792	0.702453	0.725052	0.729274	0.718739	0.731523	0.721498	0.709667	0.695028	0.707526	0.702589	0.712284	0.706661	0.719836	0.685656	0.696758	0.691257	0.694796	0.684642	0.688044	0.688028	0.687309	0.685066	0.686311	0.685579	0.680938	0.687077	0.695181	0.714112	0.713924	0.699656	0.694972	0.683177	0.694478	0.676117	0.675668	0.679747	0.682238	0.681969	0.680399	0.676064	0.706973	0.696374	0.709382	0.690851	0.693141	0.691267	0.696748	0.680527	0.681097	0.681069	0.687617	0.683157	0.686223	0.688627	0.684151	0.684684
PRJEB32839__x_miracidia_r3	0.573869	0.568444	0.582934	0.581188	0.607152	0.592721	0.606156	0.587323	0.564249	0.583347	0.591816	0.596531	0.582781	0.588959	0.593595	0.586110	0.591966	0.588377	0.593909	0.599779	0.574330	0.566072	0.565359	0.569639	0.571763	0.564231	0.556837	0.565297	0.575079	0.570010	0.602814	0.591970	0.595237	0.557322	0.558022	0.524057	0.490374	0.490856	0.505788	0.481544	0.544463	0.549174	0.625554	0.630724	0.613017	0.601890	0.606386	0.599972	0.564981	0.569948	0.583303	0.585992	0.592749	0.559235	0.562785	0.564670	0.554646	0.554826	0.645715	0.577685	0.583302	0.591308	0.596488	0.667519	0.665496	0.686747	0.704030	0.683399	0.649489	0.623941	0.621691	0.590069	0.654999	0.578338	0.597394	0.577191	0.552950	0.560470	0.625566	0.647005	0.616638	0.626806	0.622656	0.659063	0.691363	0.671070	0.664826	0.676062	0.635003	0.642326	0.649998	0.645312	0.655611	0.811254	0.864888	0.745188	0.791004	0.815791	0.633267	0.602611	0.641076	0.576142	0.579714	0.704788	0.716784	0.694758	0.715106	0.689586	0.728255	0.769610	0.751935	0.747009	0.752200	0.654970	0.626478	0.634563	0.620950	0.679515	0.814737	0.742073	0.783700	0.761090	0.776120	0.952554	0.795426	1.000000	0.805873	0.806718	0.584676	0.517694	0.531454	0.542806	0.549395	0.462073	0.473100	0.473290	0.468210	0.521565	0.455240	0.618375	0.639655	0.591220	0.635296	0.622981	0.620522	0.615352	0.644929	0.592748	0.594693	0.655992	0.629663	0.600827	0.692831	0.584738	0.627828	0.613783	0.650954	0.648539	0.619825	0.578899	0.571291	0.549745	0.543045	0.539869	0.549069	0.555925	0.552220	0.563099	0.556928	0.551707	0.547719	0.592897	0.554755	0.554714	0.543589	0.580786	0.557328	0.550217	0.566942	0.568077	0.539680	0.575628	0.533557	0.571328	0.566920	0.551485	0.539421	0.550970	0.554099	0.551559	0.615439	0.609731	0.595584	0.568759	0.611244	0.555009	0.569121	0.560266	0.566155	0.565164	0.570462	0.567921	0.667512	0.657137	0.689492	0.594119	0.566966	0.570046	0.566116	0.563334	0.559553	0.569914	0.558548	0.554280	0.567327	0.587296	0.631329	0.560442	0.562794
PRJEB32839__x_miracidia_r4	0.671794	0.665548	0.692222	0.668150	0.712228	0.670347	0.708838	0.678936	0.700565	0.663246	0.677320	0.677559	0.666338	0.675533	0.672666	0.689130	0.695462	0.699916	0.704155	0.703577	0.695718	0.695867	0.692336	0.698099	0.701796	0.698647	0.687785	0.699970	0.706442	0.699445	0.756200	0.752637	0.755814	0.749521	0.752024	0.662862	0.658649	0.661987	0.676408	0.667074	0.689122	0.674449	0.706516	0.701356	0.691249	0.689357	0.691249	0.698831	0.674264	0.684436	0.686299	0.688773	0.688219	0.712333	0.719223	0.710458	0.712376	0.713462	0.745500	0.748935	0.746472	0.752274	0.750637	0.802927	0.798211	0.789575	0.784493	0.814140	0.738735	0.733133	0.742511	0.741248	0.741257	0.698018	0.694309	0.708036	0.698952	0.700513	0.730341	0.721482	0.734556	0.739092	0.732241	0.803114	0.808190	0.812336	0.799011	0.795016	0.732295	0.740813	0.744838	0.744511	0.737026	0.956002	0.949587	0.927602	0.952224	0.953812	0.747225	0.743061	0.732790	0.751162	0.756459	0.815159	0.860762	0.847103	0.836527	0.830147	0.915634	0.945629	0.929117	0.930770	0.930369	0.729518	0.734774	0.746140	0.740591	0.743378	0.949867	0.915730	0.954178	0.931956	0.947548	0.902350	0.990833	0.805873	1.000000	0.991363	0.713217	0.711221	0.712243	0.720076	0.717241	0.686531	0.688845	0.685482	0.686073	0.692779	0.676185	0.711427	0.743169	0.740837	0.740240	0.740235	0.724194	0.763503	0.736454	0.700170	0.719524	0.737524	0.723356	0.733256	0.691160	0.734426	0.712332	0.738262	0.703078	0.706010	0.680970	0.723244	0.717923	0.707441	0.715231	0.701754	0.720823	0.723290	0.715996	0.725802	0.717975	0.707579	0.695070	0.706962	0.702474	0.711073	0.703122	0.717479	0.685367	0.697186	0.690847	0.692732	0.686683	0.690940	0.689831	0.687678	0.685683	0.686377	0.686788	0.681929	0.687937	0.695299	0.707010	0.706858	0.697896	0.696852	0.686806	0.695901	0.677517	0.677082	0.680948	0.682777	0.683234	0.681372	0.677504	0.702474	0.691162	0.703610	0.692461	0.695054	0.693456	0.698199	0.680897	0.681933	0.681824	0.687807	0.683552	0.686748	0.689356	0.684646	0.684859
PRJEB32839__x_miracidia_r5	0.671262	0.665675	0.687476	0.667330	0.706224	0.668726	0.703279	0.677241	0.693987	0.661716	0.677301	0.677626	0.666131	0.675206	0.671696	0.686493	0.692496	0.696384	0.700192	0.699226	0.695880	0.695294	0.692495	0.698349	0.701715	0.697470	0.686980	0.698372	0.704120	0.697872	0.741769	0.738246	0.741268	0.736141	0.739300	0.661321	0.655551	0.658242	0.672740	0.663886	0.686795	0.676421	0.701349	0.695759	0.692172	0.689413	0.691082	0.693459	0.675526	0.685718	0.687968	0.690330	0.689353	0.710806	0.717612	0.709596	0.711144	0.712316	0.733216	0.734848	0.732168	0.738357	0.736961	0.793953	0.789778	0.783920	0.777652	0.805312	0.736758	0.730637	0.738715	0.737373	0.740251	0.699393	0.696501	0.708371	0.700149	0.701421	0.721044	0.712840	0.724042	0.728322	0.722319	0.794966	0.798513	0.802499	0.791457	0.788718	0.730532	0.737432	0.742524	0.741652	0.734873	0.941735	0.944983	0.909238	0.937894	0.942706	0.735609	0.731083	0.722083	0.737283	0.741633	0.806458	0.846400	0.833318	0.824785	0.818065	0.894484	0.930637	0.910118	0.912557	0.911825	0.729530	0.733894	0.743524	0.738884	0.741438	0.951325	0.925967	0.946408	0.936866	0.946151	0.908233	0.979599	0.806718	0.991363	1.000000	0.704978	0.705973	0.705869	0.714076	0.715105	0.672692	0.675649	0.672394	0.672649	0.680836	0.663504	0.707102	0.736817	0.727978	0.727281	0.727235	0.711889	0.748939	0.723985	0.690829	0.708772	0.725692	0.713223	0.720873	0.682195	0.721720	0.701562	0.725554	0.693905	0.697666	0.672891	0.721656	0.717401	0.706069	0.712331	0.700600	0.717420	0.718147	0.713318	0.720904	0.717239	0.708610	0.696650	0.708306	0.704206	0.710836	0.700625	0.717188	0.685689	0.697363	0.690778	0.693160	0.685782	0.690333	0.688176	0.689426	0.687008	0.687110	0.688039	0.683073	0.689598	0.696037	0.701859	0.702087	0.695998	0.695445	0.688215	0.694102	0.679331	0.678874	0.682772	0.683978	0.684865	0.683083	0.678522	0.698737	0.686825	0.699954	0.691528	0.693813	0.692557	0.697004	0.682514	0.684618	0.683860	0.689288	0.685113	0.688305	0.691205	0.685707	0.686279
E-MTAB-451__adult_mixed_r1	0.877632	0.867878	0.893500	0.880798	0.899105	0.879213	0.886639	0.884093	0.879357	0.877297	0.883571	0.881855	0.880983	0.886344	0.890227	0.903670	0.904033	0.903666	0.900255	0.904717	0.890491	0.888568	0.880900	0.882038	0.885158	0.888982	0.881596	0.890437	0.897934	0.895886	0.778885	0.793280	0.783518	0.809179	0.816155	0.705947	0.710231	0.717557	0.726955	0.717748	0.746141	0.881204	0.884561	0.884881	0.880662	0.887628	0.879874	0.884803	0.885950	0.894460	0.891951	0.893423	0.891025	0.873071	0.875061	0.868366	0.864792	0.866493	0.839319	0.847627	0.847555	0.849845	0.853293	0.729581	0.736169	0.721785	0.712009	0.740773	0.785948	0.792538	0.803500	0.798789	0.788409	0.858813	0.855759	0.866070	0.859690	0.860661	0.839182	0.828405	0.842691	0.847238	0.841558	0.740887	0.741437	0.732843	0.734783	0.739662	0.793808	0.798687	0.793170	0.793896	0.795672	0.719905	0.735627	0.732704	0.721502	0.721389	0.848865	0.860225	0.852057	0.849697	0.853170	0.723557	0.746121	0.740173	0.731341	0.747844	0.732242	0.739929	0.729671	0.729833	0.736856	0.785141	0.789478	0.797126	0.792567	0.790970	0.679109	0.653093	0.700378	0.656779	0.665761	0.663141	0.726199	0.584676	0.713217	0.704978	1.000000	0.856864	0.839004	0.843306	0.838572	0.824699	0.830059	0.824912	0.823934	0.861644	0.795983	0.782558	0.818770	0.839436	0.822404	0.827540	0.832760	0.870547	0.835930	0.792305	0.812272	0.854807	0.838047	0.844197	0.807998	0.820747	0.793015	0.826552	0.817715	0.811313	0.794795	0.856409	0.849087	0.855819	0.855031	0.843876	0.854743	0.859614	0.852397	0.857523	0.854485	0.852127	0.848231	0.849447	0.841071	0.851061	0.848867	0.854184	0.873695	0.866708	0.869006	0.874253	0.853662	0.842736	0.846849	0.869296	0.870708	0.874565	0.852779	0.856942	0.858093	0.854902	0.862265	0.860717	0.867815	0.855549	0.842290	0.853471	0.860755	0.860336	0.863477	0.860452	0.859939	0.858630	0.842050	0.852706	0.835631	0.864925	0.851502	0.851970	0.849249	0.849438	0.861162	0.860076	0.860225	0.853030	0.864833	0.862423	0.861316	0.862155	0.863506
E-MTAB-451__cercaria_whole_r1	0.724064	0.713145	0.737970	0.722731	0.744802	0.718677	0.733001	0.721769	0.745801	0.714714	0.730339	0.726565	0.725680	0.731019	0.731242	0.753444	0.752596	0.754242	0.753931	0.753209	0.779970	0.786042	0.777239	0.774672	0.781041	0.784346	0.773397	0.785020	0.790162	0.785648	0.726964	0.739682	0.731948	0.766351	0.769202	0.659997	0.672127	0.676348	0.687653	0.681923	0.692637	0.766223	0.735528	0.731846	0.753577	0.758355	0.754968	0.739957	0.761746	0.770824	0.768199	0.770332	0.766542	0.766663	0.775032	0.761875	0.767623	0.771390	0.801058	0.835197	0.833023	0.835667	0.837216	0.726330	0.731936	0.713860	0.703419	0.741210	0.882296	0.892207	0.901743	0.908297	0.877443	0.753022	0.744969	0.765244	0.762631	0.762408	0.797183	0.775587	0.805556	0.806203	0.798695	0.729872	0.714720	0.725592	0.724564	0.735076	0.882391	0.885599	0.881565	0.883827	0.878405	0.690362	0.693095	0.708098	0.693148	0.690798	0.810280	0.834447	0.807365	0.835330	0.845521	0.715553	0.734698	0.721813	0.711986	0.736696	0.700317	0.709603	0.692550	0.696253	0.703158	0.885137	0.897152	0.899496	0.904329	0.877348	0.679409	0.659212	0.695625	0.668231	0.681391	0.613394	0.719353	0.517694	0.711221	0.705973	0.856864	1.000000	0.964196	0.967326	0.968508	0.835866	0.837601	0.833145	0.833613	0.943364	0.857202	0.843307	0.883278	0.837172	0.841444	0.825850	0.811317	0.845300	0.807809	0.822254	0.868143	0.792194	0.794478	0.885892	0.731080	0.844378	0.805234	0.825741	0.756506	0.753071	0.731248	0.761498	0.757892	0.767070	0.766891	0.755711	0.768536	0.774924	0.764651	0.774001	0.766101	0.759513	0.752660	0.744973	0.750365	0.761868	0.754946	0.755383	0.733337	0.759280	0.730624	0.732335	0.744815	0.740520	0.750030	0.736274	0.737539	0.745237	0.750070	0.735434	0.742840	0.750875	0.700676	0.701146	0.716503	0.742824	0.720989	0.745291	0.724041	0.726034	0.728940	0.732285	0.728394	0.728440	0.687795	0.687961	0.663830	0.710679	0.740575	0.741386	0.741734	0.744509	0.735646	0.733090	0.736355	0.742732	0.729264	0.726476	0.714655	0.734985	0.732878
E-MTAB-451__cercaria_whole_r2	0.719620	0.712955	0.729742	0.715081	0.736771	0.712140	0.731218	0.713718	0.747091	0.712277	0.721298	0.717037	0.716625	0.720945	0.721226	0.744802	0.744240	0.744581	0.744677	0.744141	0.764444	0.770405	0.764188	0.761610	0.767772	0.770440	0.761322	0.771685	0.775627	0.771157	0.708783	0.721331	0.713289	0.747320	0.751651	0.648552	0.659630	0.661216	0.673809	0.668051	0.676963	0.760559	0.719804	0.717053	0.745783	0.749227	0.747463	0.728086	0.753287	0.760307	0.757548	0.759804	0.758423	0.768315	0.775319	0.764133	0.769808	0.772589	0.806444	0.840047	0.838436	0.838317	0.841784	0.726445	0.736159	0.716144	0.709271	0.743938	0.903190	0.909122	0.917159	0.922338	0.898403	0.753912	0.748156	0.765236	0.762874	0.762934	0.801685	0.781844	0.809293	0.808365	0.803587	0.727892	0.715869	0.726538	0.724787	0.735567	0.898392	0.904234	0.898655	0.901221	0.894705	0.690936	0.690470	0.706533	0.694414	0.692597	0.815847	0.840567	0.814694	0.836882	0.848530	0.720320	0.738580	0.720656	0.715870	0.738874	0.694515	0.705898	0.686228	0.691206	0.698588	0.903352	0.914443	0.917399	0.922085	0.898251	0.685319	0.661622	0.694794	0.673906	0.684756	0.620550	0.717963	0.531454	0.712243	0.705869	0.839004	0.964196	1.000000	0.990333	0.959213	0.841504	0.841866	0.839540	0.839314	0.941924	0.867131	0.852795	0.889085	0.841933	0.853926	0.835116	0.820018	0.846920	0.816800	0.831319	0.880377	0.793186	0.802219	0.897474	0.740759	0.852738	0.819948	0.835030	0.764373	0.760997	0.740476	0.760861	0.758442	0.766031	0.766875	0.757572	0.768100	0.774695	0.765153	0.774071	0.764750	0.757017	0.751344	0.746368	0.751522	0.762237	0.755059	0.755971	0.732764	0.759472	0.731422	0.732086	0.746531	0.744943	0.751989	0.736782	0.737931	0.744493	0.750586	0.735454	0.742732	0.751049	0.699524	0.700834	0.717830	0.746563	0.726564	0.747894	0.725881	0.727741	0.730041	0.732498	0.730792	0.730341	0.692456	0.688972	0.665216	0.710037	0.744097	0.744280	0.745355	0.747507	0.735889	0.732783	0.736656	0.742571	0.730162	0.727008	0.716677	0.735231	0.733485
E-MTAB-451__cercaria_whole_r3	0.728139	0.721299	0.738097	0.723951	0.745277	0.721294	0.739227	0.723124	0.754660	0.720776	0.729732	0.725198	0.724640	0.729320	0.729366	0.752195	0.752053	0.752458	0.752386	0.751862	0.772331	0.777922	0.771476	0.769457	0.775538	0.778172	0.768953	0.779115	0.783542	0.779089	0.716263	0.727926	0.720986	0.753092	0.757667	0.654868	0.665074	0.666729	0.679210	0.673327	0.683769	0.766772	0.727567	0.724906	0.753356	0.756491	0.755178	0.734773	0.759939	0.767209	0.764658	0.766554	0.765115	0.774940	0.782628	0.771145	0.776353	0.779780	0.814357	0.846102	0.844189	0.844797	0.848576	0.734549	0.743592	0.724190	0.716862	0.751323	0.909847	0.915097	0.922546	0.928576	0.905365	0.761328	0.755612	0.772578	0.770216	0.770190	0.809549	0.791083	0.817109	0.816904	0.811073	0.735258	0.723379	0.734055	0.733195	0.743887	0.905627	0.911769	0.906029	0.908482	0.902609	0.698037	0.698024	0.712378	0.701169	0.699649	0.823554	0.847109	0.822278	0.843881	0.855017	0.728300	0.746496	0.729068	0.723765	0.746731	0.701907	0.713895	0.694121	0.699561	0.707053	0.910267	0.921320	0.924548	0.928739	0.905996	0.692595	0.669194	0.703153	0.680667	0.692020	0.630531	0.725619	0.542806	0.720076	0.714076	0.843306	0.967326	0.990333	1.000000	0.963531	0.842666	0.844370	0.841285	0.841228	0.943699	0.868146	0.860535	0.897479	0.848316	0.859899	0.841878	0.826502	0.851847	0.824314	0.838157	0.885056	0.801960	0.810178	0.902540	0.750381	0.858831	0.827392	0.842150	0.772894	0.769314	0.748471	0.768137	0.766051	0.772556	0.773353	0.764091	0.774448	0.780991	0.772359	0.780902	0.771770	0.763924	0.758327	0.753981	0.758979	0.769399	0.761781	0.764148	0.740095	0.766551	0.739065	0.739368	0.752833	0.752030	0.758340	0.744313	0.745502	0.751807	0.757107	0.742555	0.749881	0.758544	0.707360	0.708204	0.725164	0.753357	0.734285	0.754936	0.733228	0.735081	0.737656	0.740316	0.738070	0.737876	0.701274	0.697508	0.674430	0.717384	0.751780	0.751625	0.752362	0.754487	0.743778	0.740744	0.744068	0.750221	0.737860	0.735429	0.725726	0.742882	0.740936
E-MTAB-451__cercarial_tail_r1	0.710941	0.700771	0.726015	0.708503	0.732697	0.705822	0.719793	0.709874	0.729611	0.703860	0.718258	0.712770	0.711017	0.716807	0.717344	0.739164	0.739093	0.740167	0.739536	0.738808	0.762925	0.767472	0.759514	0.757317	0.763507	0.763917	0.754654	0.765364	0.770025	0.765235	0.703919	0.715445	0.708095	0.736745	0.742051	0.645974	0.656098	0.659473	0.669018	0.664008	0.677510	0.752060	0.718238	0.716588	0.741681	0.743914	0.742456	0.721006	0.747523	0.754744	0.754269	0.757045	0.754808	0.752947	0.760713	0.748967	0.753621	0.757083	0.781587	0.812214	0.809458	0.811534	0.816672	0.728078	0.733417	0.719022	0.710158	0.741304	0.905467	0.903445	0.912518	0.914526	0.901757	0.742625	0.737507	0.753647	0.750903	0.750146	0.779528	0.758791	0.785927	0.786580	0.780046	0.728025	0.714946	0.725081	0.726860	0.736071	0.900639	0.903618	0.899892	0.904272	0.896770	0.692269	0.700950	0.703636	0.693954	0.694175	0.790067	0.814881	0.788484	0.807631	0.820972	0.720677	0.736623	0.721019	0.717099	0.738859	0.691097	0.705500	0.685251	0.687935	0.695769	0.905702	0.917695	0.918112	0.924456	0.900070	0.691120	0.676897	0.700415	0.682680	0.688301	0.640262	0.720247	0.549395	0.717241	0.715105	0.838572	0.968508	0.959213	0.963531	1.000000	0.800980	0.805537	0.800299	0.799808	0.923787	0.828361	0.829523	0.871380	0.810930	0.827719	0.808398	0.789950	0.817308	0.791860	0.810028	0.854251	0.778070	0.780987	0.868076	0.723413	0.821937	0.794440	0.807684	0.744458	0.741595	0.718242	0.747183	0.744105	0.751010	0.750174	0.739992	0.749936	0.754313	0.747510	0.754597	0.751173	0.746164	0.740209	0.734106	0.738929	0.748477	0.736928	0.742576	0.722736	0.747297	0.720315	0.722857	0.730909	0.728483	0.735454	0.727612	0.727989	0.734577	0.738497	0.726013	0.733117	0.739088	0.690204	0.690878	0.707511	0.731150	0.714719	0.733156	0.716784	0.718342	0.721558	0.724368	0.721928	0.721406	0.690046	0.681979	0.661999	0.699676	0.729153	0.729557	0.731008	0.732070	0.726267	0.724402	0.727559	0.731694	0.721596	0.720283	0.712819	0.726047	0.725424
E-MTAB-451__schistosomulum_24h_r1	0.779485	0.769643	0.783941	0.772242	0.786223	0.762904	0.787599	0.769231	0.813502	0.762196	0.780884	0.774632	0.779209	0.779644	0.776178	0.806994	0.803974	0.805003	0.803974	0.802078	0.810881	0.817133	0.817009	0.818353	0.819961	0.828098	0.828496	0.829424	0.828565	0.824242	0.714874	0.726077	0.721699	0.758428	0.768655	0.641136	0.649062	0.656851	0.668788	0.663319	0.670967	0.825322	0.749436	0.741027	0.802988	0.804850	0.800615	0.759145	0.814674	0.818851	0.817492	0.818030	0.816196	0.851824	0.853290	0.847120	0.854626	0.858337	0.892037	0.925984	0.924969	0.924347	0.920651	0.699806	0.707929	0.683177	0.672164	0.708102	0.796585	0.819183	0.825635	0.839588	0.795663	0.832772	0.824569	0.843139	0.845536	0.845598	0.897453	0.879806	0.904440	0.895553	0.900371	0.710552	0.701551	0.701555	0.702643	0.702126	0.802976	0.811721	0.799923	0.804244	0.797561	0.679896	0.656638	0.704011	0.683730	0.680498	0.907926	0.931091	0.906839	0.936309	0.934913	0.680276	0.703792	0.698132	0.682902	0.698032	0.695899	0.707116	0.694969	0.703458	0.705967	0.790793	0.805185	0.815572	0.809513	0.787348	0.654710	0.635575	0.677316	0.641822	0.667399	0.557528	0.699252	0.462073	0.686531	0.672692	0.824699	0.835866	0.841504	0.842666	0.800980	1.000000	0.987366	0.983296	0.988032	0.864495	0.934502	0.837172	0.849353	0.927945	0.880074	0.905394	0.921440	0.923659	0.903933	0.858680	0.866742	0.889518	0.901825	0.896225	0.831764	0.906649	0.865398	0.910127	0.869119	0.868612	0.865367	0.842908	0.840706	0.842374	0.850070	0.840944	0.847661	0.857842	0.846157	0.858296	0.846970	0.837274	0.831965	0.826104	0.829907	0.839025	0.852508	0.831854	0.805199	0.833696	0.807164	0.802393	0.825265	0.821945	0.835985	0.811012	0.810869	0.817456	0.830810	0.814322	0.819501	0.829692	0.748648	0.751826	0.783212	0.827344	0.794201	0.835125	0.802124	0.805324	0.807460	0.811419	0.805563	0.806537	0.744201	0.731633	0.694122	0.768669	0.825955	0.826151	0.828350	0.832396	0.815125	0.809748	0.815078	0.825709	0.804708	0.797982	0.776977	0.816350	0.810564
E-MTAB-451__schistosomulum_24h_r2	0.779367	0.769536	0.783615	0.771624	0.785923	0.762636	0.787350	0.769052	0.810794	0.762532	0.779129	0.773235	0.777753	0.777792	0.774834	0.804399	0.801468	0.801609	0.800960	0.799801	0.807545	0.812905	0.812611	0.814071	0.815479	0.823251	0.823439	0.824712	0.824288	0.819728	0.713897	0.725967	0.720888	0.753885	0.764070	0.638392	0.645264	0.652849	0.664736	0.658127	0.668851	0.825721	0.753944	0.746613	0.802952	0.805369	0.800221	0.762367	0.814548	0.820046	0.818694	0.819459	0.817474	0.846860	0.848218	0.841833	0.848951	0.852807	0.892210	0.923558	0.923099	0.922954	0.919400	0.703349	0.709742	0.686807	0.675977	0.709984	0.796297	0.817797	0.824451	0.837610	0.796536	0.829348	0.821990	0.839732	0.841757	0.841261	0.896855	0.878863	0.903775	0.895052	0.899190	0.713111	0.705069	0.704193	0.705754	0.704663	0.804224	0.812685	0.801329	0.804933	0.799032	0.684698	0.664957	0.707514	0.688549	0.685310	0.907116	0.930432	0.906453	0.934817	0.933188	0.683386	0.705615	0.700668	0.685969	0.701314	0.697579	0.709941	0.695884	0.703633	0.707356	0.790838	0.804809	0.815030	0.808779	0.788703	0.660258	0.639605	0.682204	0.645933	0.670194	0.568127	0.700919	0.473100	0.688845	0.675649	0.830059	0.837601	0.841866	0.844370	0.805537	0.987366	1.000000	0.986570	0.990235	0.867746	0.932646	0.832955	0.848374	0.925809	0.880203	0.904214	0.919832	0.923864	0.904151	0.857698	0.867339	0.891586	0.901353	0.898464	0.834353	0.904513	0.865567	0.909224	0.868816	0.866286	0.863852	0.838877	0.837553	0.837181	0.844560	0.834856	0.842980	0.852590	0.841024	0.853350	0.843998	0.834400	0.829205	0.823356	0.827110	0.836194	0.848903	0.830037	0.803783	0.830485	0.804647	0.801102	0.819951	0.816820	0.830147	0.809896	0.809256	0.815198	0.828302	0.812145	0.817133	0.826605	0.750296	0.753186	0.783715	0.823494	0.791323	0.831213	0.800803	0.804219	0.806727	0.810615	0.805023	0.804950	0.747806	0.734631	0.699286	0.769184	0.822690	0.822399	0.824579	0.828451	0.813591	0.808286	0.813768	0.823324	0.803940	0.797904	0.778503	0.815002	0.809663
E-MTAB-451__schistosomulum_24h_r3	0.775685	0.767339	0.777977	0.766785	0.779657	0.757983	0.782714	0.764150	0.808025	0.759016	0.776586	0.770012	0.775030	0.774435	0.771639	0.801190	0.798111	0.797743	0.796223	0.795321	0.804838	0.810751	0.810333	0.811365	0.813137	0.820022	0.820641	0.821489	0.820419	0.816107	0.707118	0.719338	0.713698	0.748147	0.758781	0.632250	0.639039	0.645734	0.658452	0.651548	0.662880	0.825643	0.750306	0.742558	0.802795	0.804800	0.799000	0.758608	0.813514	0.818433	0.817718	0.818577	0.816376	0.847556	0.848117	0.842999	0.849617	0.853009	0.893487	0.924791	0.924235	0.922289	0.920355	0.703486	0.711832	0.688020	0.679034	0.711836	0.798204	0.820443	0.826448	0.838876	0.799068	0.828908	0.822675	0.839360	0.842067	0.842722	0.898584	0.879824	0.903870	0.893353	0.899983	0.712510	0.704289	0.704132	0.705284	0.705705	0.804978	0.812544	0.801812	0.805278	0.799598	0.682088	0.659753	0.704083	0.685725	0.682473	0.907030	0.928738	0.906642	0.932273	0.932000	0.684111	0.704214	0.698748	0.686043	0.700588	0.693661	0.706709	0.692467	0.700774	0.704663	0.793389	0.807135	0.816050	0.810798	0.790635	0.658180	0.635241	0.678694	0.642696	0.669200	0.566704	0.696132	0.473290	0.685482	0.672394	0.824912	0.833145	0.839540	0.841285	0.800299	0.983296	0.986570	1.000000	0.989087	0.863194	0.926608	0.830513	0.846663	0.920966	0.878637	0.901022	0.919764	0.917148	0.901831	0.855005	0.866596	0.888426	0.898986	0.895164	0.833200	0.899532	0.864215	0.906068	0.867912	0.864954	0.864394	0.838003	0.836176	0.836507	0.843625	0.835707	0.842176	0.851010	0.840992	0.852826	0.842356	0.833088	0.828867	0.822065	0.827003	0.835173	0.846798	0.828195	0.802905	0.830328	0.804556	0.799183	0.820217	0.817141	0.831166	0.809147	0.808519	0.814365	0.828098	0.811929	0.816612	0.826036	0.746131	0.749012	0.781918	0.823722	0.791249	0.831623	0.800001	0.803476	0.805566	0.810051	0.804405	0.804775	0.746835	0.730832	0.695331	0.766049	0.822622	0.822679	0.825361	0.828985	0.812938	0.807147	0.812466	0.822237	0.803421	0.796932	0.776261	0.813847	0.808636
E-MTAB-451__schistosomulum_24h_r4	0.779634	0.770154	0.782226	0.771149	0.783957	0.762205	0.786406	0.768538	0.811475	0.762498	0.780644	0.774146	0.779572	0.778800	0.775502	0.805541	0.802459	0.802515	0.801122	0.799894	0.808515	0.814610	0.814704	0.816277	0.817688	0.824617	0.825377	0.826327	0.825145	0.820363	0.708903	0.720250	0.715648	0.751624	0.761842	0.635183	0.642117	0.649774	0.661425	0.655426	0.664719	0.827023	0.749401	0.741293	0.804375	0.806023	0.801381	0.758319	0.815116	0.819680	0.818924	0.819578	0.817928	0.851134	0.852120	0.846488	0.853612	0.857302	0.894754	0.926996	0.926564	0.925699	0.921807	0.703447	0.710557	0.687052	0.676132	0.710013	0.797169	0.819372	0.825393	0.838906	0.797237	0.832909	0.825965	0.843020	0.845454	0.845783	0.900037	0.882061	0.906405	0.896340	0.902152	0.712186	0.704058	0.703476	0.704824	0.704737	0.803438	0.812053	0.801100	0.804799	0.798316	0.681934	0.659764	0.703922	0.685649	0.682279	0.909027	0.932067	0.908485	0.935662	0.934443	0.682533	0.704052	0.699286	0.684401	0.699169	0.695033	0.707300	0.693875	0.702286	0.705116	0.792189	0.805939	0.815461	0.810126	0.788257	0.656826	0.635384	0.678230	0.643171	0.668788	0.563701	0.697520	0.468210	0.686073	0.672649	0.823934	0.833613	0.839314	0.841228	0.799808	0.988032	0.990235	0.989087	1.000000	0.862282	0.930809	0.832388	0.846062	0.924449	0.877236	0.902591	0.920121	0.920624	0.902345	0.855949	0.864910	0.890133	0.901555	0.894147	0.833537	0.902388	0.864338	0.907436	0.870245	0.868326	0.866715	0.842726	0.841757	0.841251	0.848676	0.840079	0.846327	0.855212	0.844847	0.856723	0.847689	0.837925	0.833615	0.827081	0.831640	0.840092	0.852373	0.833547	0.807038	0.834719	0.808730	0.803502	0.825460	0.822156	0.836131	0.812913	0.812451	0.818991	0.832608	0.816291	0.821176	0.831181	0.748982	0.751950	0.784848	0.828340	0.795213	0.836098	0.804154	0.807404	0.809952	0.814468	0.808706	0.809250	0.748307	0.733441	0.696226	0.769068	0.827173	0.826811	0.829300	0.832976	0.816419	0.811335	0.816814	0.827028	0.807168	0.801141	0.780184	0.818238	0.813207
E-MTAB-451__schistosomulum_3h_r1	0.718692	0.708005	0.741792	0.717372	0.748312	0.715594	0.737579	0.719127	0.748245	0.714938	0.724554	0.719544	0.720627	0.724958	0.727957	0.754184	0.753246	0.753862	0.754027	0.754610	0.765005	0.771073	0.763175	0.760428	0.767060	0.772359	0.764161	0.774644	0.779777	0.774067	0.702325	0.717306	0.708504	0.736650	0.740234	0.610825	0.624236	0.627849	0.641734	0.634923	0.647468	0.759870	0.726155	0.725388	0.742572	0.747283	0.744452	0.732135	0.756554	0.762969	0.758309	0.761610	0.762288	0.763832	0.769814	0.758788	0.763508	0.767141	0.823725	0.854952	0.852626	0.856466	0.858059	0.713232	0.719399	0.702587	0.691323	0.725922	0.858747	0.872673	0.880150	0.885859	0.857516	0.752015	0.745544	0.762547	0.758717	0.756157	0.814541	0.796840	0.825266	0.826509	0.820488	0.716221	0.706660	0.713406	0.712814	0.719487	0.861886	0.869520	0.859660	0.863250	0.859706	0.695147	0.690005	0.720018	0.700182	0.697594	0.832522	0.861211	0.834359	0.856552	0.865962	0.706496	0.725288	0.711958	0.705365	0.726622	0.696920	0.710685	0.688622	0.690563	0.702068	0.856690	0.868494	0.875385	0.874373	0.856772	0.661032	0.634457	0.683417	0.649138	0.665723	0.602342	0.706109	0.521565	0.692779	0.680836	0.861644	0.943364	0.941924	0.943699	0.923787	0.864495	0.867746	0.863194	0.862282	1.000000	0.910909	0.856356	0.887558	0.873505	0.884888	0.864357	0.843489	0.867065	0.844011	0.881590	0.916844	0.819705	0.827984	0.938404	0.767842	0.887552	0.854384	0.864885	0.784942	0.787467	0.760202	0.757640	0.754636	0.757155	0.760481	0.748661	0.762677	0.773893	0.759954	0.774073	0.761450	0.754246	0.746137	0.742849	0.743744	0.757005	0.758324	0.753606	0.729501	0.752915	0.728622	0.729640	0.737301	0.734475	0.741102	0.733558	0.734249	0.741130	0.744609	0.730312	0.737211	0.744807	0.700890	0.701847	0.715695	0.739136	0.716717	0.741103	0.722398	0.724822	0.727813	0.729298	0.727086	0.725555	0.695328	0.692487	0.671771	0.710246	0.736439	0.737594	0.737426	0.739171	0.734825	0.731124	0.734839	0.740458	0.727202	0.725041	0.716840	0.733793	0.730295
E-MTAB-451__schistosomulum_3h_r2	0.729660	0.720636	0.743676	0.722518	0.747669	0.713434	0.748790	0.721519	0.770128	0.715353	0.730571	0.723700	0.729416	0.728473	0.725867	0.760700	0.759010	0.759855	0.760176	0.758998	0.754481	0.760425	0.759965	0.759291	0.761223	0.768394	0.770305	0.772440	0.772324	0.766346	0.666412	0.678984	0.674053	0.702861	0.712564	0.583265	0.592337	0.599084	0.612328	0.608424	0.611381	0.775819	0.701409	0.696217	0.742162	0.745765	0.740032	0.714014	0.766010	0.767532	0.763126	0.764277	0.765768	0.791106	0.792266	0.786191	0.794063	0.796951	0.842319	0.878808	0.876902	0.877648	0.877540	0.682528	0.685471	0.668831	0.655856	0.687992	0.827056	0.847150	0.854506	0.868974	0.826244	0.773205	0.765708	0.783237	0.786405	0.784173	0.842820	0.823208	0.852206	0.846396	0.847000	0.687401	0.679122	0.679522	0.682360	0.682981	0.835549	0.842432	0.829590	0.835729	0.828300	0.673768	0.650143	0.700342	0.679787	0.676618	0.854867	0.884322	0.852689	0.886951	0.890521	0.664196	0.689046	0.675407	0.665905	0.678939	0.672133	0.692643	0.670905	0.678079	0.684487	0.821429	0.838463	0.845965	0.841303	0.817463	0.646001	0.632972	0.670622	0.641086	0.663374	0.552438	0.688265	0.455240	0.676185	0.663504	0.795983	0.857202	0.867131	0.868146	0.828361	0.934502	0.932646	0.926608	0.930809	0.910909	1.000000	0.862232	0.871836	0.903129	0.894979	0.889829	0.871166	0.876109	0.865007	0.903375	0.910533	0.839056	0.860134	0.932266	0.781258	0.921477	0.882622	0.895292	0.815043	0.819966	0.806096	0.779055	0.780069	0.778006	0.785040	0.778772	0.786390	0.795241	0.783560	0.795286	0.786309	0.778465	0.774483	0.765339	0.772371	0.781087	0.792307	0.773674	0.749940	0.775823	0.749923	0.746179	0.763701	0.758375	0.773005	0.754487	0.755266	0.761784	0.775288	0.757924	0.763260	0.771713	0.699772	0.703851	0.727966	0.767754	0.735634	0.776170	0.749350	0.753028	0.754240	0.757127	0.753744	0.753152	0.693736	0.680231	0.643239	0.716315	0.766445	0.764740	0.768339	0.769572	0.762065	0.755703	0.760928	0.768269	0.751619	0.744281	0.724107	0.761801	0.756892
PRJEB3190__schistosomulum_0h_r1	0.772079	0.761077	0.780557	0.773260	0.793064	0.768211	0.786624	0.774511	0.788276	0.762976	0.791303	0.787082	0.784094	0.785947	0.783796	0.804091	0.805543	0.807237	0.805057	0.807945	0.802773	0.803212	0.806013	0.804273	0.805182	0.808437	0.810760	0.811235	0.811658	0.808873	0.694685	0.690963	0.695900	0.700526	0.714356	0.624500	0.614616	0.622482	0.633335	0.622841	0.651814	0.799261	0.750445	0.748263	0.809191	0.803668	0.805299	0.748710	0.805481	0.802076	0.803648	0.804047	0.806704	0.826240	0.826398	0.826276	0.826515	0.827699	0.895404	0.887062	0.885014	0.891501	0.892465	0.756200	0.757953	0.758586	0.760112	0.764290	0.927821	0.937415	0.935549	0.933910	0.921796	0.826134	0.828100	0.829741	0.821669	0.825283	0.890307	0.887957	0.892402	0.892711	0.891616	0.748634	0.753904	0.744258	0.751581	0.767213	0.928866	0.932501	0.925166	0.925054	0.927482	0.694218	0.703156	0.689083	0.687404	0.699677	0.896861	0.892376	0.894289	0.890723	0.893133	0.753787	0.760919	0.731990	0.741947	0.744994	0.666900	0.698041	0.681167	0.687668	0.689799	0.935156	0.931819	0.936842	0.925732	0.933985	0.696122	0.671436	0.698401	0.671276	0.693219	0.683611	0.714765	0.618375	0.711427	0.707102	0.782558	0.843307	0.852795	0.860535	0.829523	0.837172	0.832955	0.830513	0.832388	0.856356	0.862232	1.000000	0.980140	0.929523	0.931730	0.929958	0.907431	0.890145	0.919059	0.960768	0.939729	0.896711	0.909423	0.930991	0.885356	0.941517	0.937308	0.930106	0.894384	0.896576	0.880306	0.823662	0.821820	0.814180	0.812595	0.811989	0.810763	0.823130	0.815970	0.826583	0.816283	0.811629	0.810430	0.827345	0.810552	0.812719	0.822750	0.819995	0.793607	0.813121	0.801746	0.791643	0.805235	0.823394	0.812424	0.806603	0.806427	0.802345	0.809790	0.803533	0.806540	0.812315	0.762187	0.762610	0.788913	0.818649	0.819050	0.817974	0.804260	0.802310	0.805978	0.806826	0.803534	0.804451	0.793855	0.765741	0.742764	0.770957	0.818843	0.820894	0.822174	0.819045	0.808607	0.810829	0.806801	0.812248	0.801145	0.805222	0.805860	0.808370	0.803371
PRJEB3190__schistosomulum_0h_r2	0.782367	0.770630	0.791431	0.782457	0.805408	0.778098	0.795205	0.783023	0.795258	0.770635	0.798103	0.794914	0.789508	0.793459	0.790976	0.810346	0.812603	0.814437	0.813374	0.816465	0.814397	0.814715	0.815425	0.814724	0.816371	0.818506	0.816680	0.820441	0.823952	0.819812	0.731812	0.731675	0.733572	0.738697	0.751349	0.653311	0.645420	0.653574	0.664321	0.653963	0.683980	0.809468	0.777856	0.774999	0.819337	0.816721	0.814478	0.774253	0.815352	0.816284	0.816974	0.817914	0.818779	0.833876	0.836735	0.833746	0.834208	0.835769	0.902458	0.900248	0.899433	0.904596	0.906752	0.781659	0.785630	0.782178	0.781595	0.794775	0.942514	0.952073	0.952242	0.950384	0.936391	0.828751	0.830822	0.835961	0.827840	0.832136	0.896880	0.890246	0.897890	0.898635	0.895936	0.776649	0.778873	0.774830	0.778263	0.792744	0.941912	0.947525	0.941144	0.940940	0.942024	0.729280	0.740601	0.726638	0.723960	0.732290	0.905866	0.901260	0.899980	0.903327	0.908189	0.778637	0.789832	0.765750	0.771762	0.776986	0.707546	0.735334	0.718287	0.724605	0.729097	0.949291	0.948450	0.954179	0.944350	0.949838	0.722870	0.693805	0.728262	0.696190	0.717810	0.710656	0.747456	0.639655	0.743169	0.736817	0.818770	0.883278	0.889085	0.897479	0.871380	0.849353	0.848374	0.846663	0.846062	0.887558	0.871836	0.980140	1.000000	0.932070	0.944934	0.937233	0.913623	0.908032	0.926816	0.951757	0.953633	0.911676	0.915570	0.949478	0.889034	0.944614	0.939334	0.937923	0.896129	0.896243	0.878472	0.831935	0.828820	0.822734	0.822505	0.818194	0.821523	0.833197	0.824943	0.836354	0.825016	0.818661	0.815865	0.830628	0.816594	0.821015	0.825695	0.826540	0.801240	0.820119	0.807643	0.800449	0.809936	0.824777	0.816706	0.811225	0.811335	0.809173	0.814219	0.807046	0.811014	0.817420	0.776553	0.776402	0.798372	0.822216	0.819824	0.822018	0.806147	0.805009	0.809386	0.809925	0.807161	0.807837	0.797884	0.778396	0.758515	0.784355	0.822510	0.824502	0.825338	0.823360	0.812133	0.813609	0.811029	0.815692	0.805056	0.809428	0.809966	0.811849	0.808258
PRJEB3190__schistosomulum_12h_r1	0.817511	0.807882	0.825879	0.813739	0.838722	0.808928	0.833857	0.816923	0.842751	0.803090	0.830331	0.826444	0.823111	0.826318	0.824285	0.848132	0.849399	0.851453	0.848827	0.851600	0.847549	0.849238	0.850468	0.851329	0.853440	0.859129	0.858038	0.861100	0.862883	0.857597	0.758019	0.758444	0.761265	0.772006	0.783916	0.666586	0.661656	0.671215	0.681762	0.671420	0.696136	0.847300	0.802065	0.796270	0.847712	0.846341	0.845907	0.802774	0.846122	0.848205	0.847981	0.849149	0.851339	0.878640	0.879849	0.876520	0.878604	0.880911	0.948331	0.956896	0.956139	0.960291	0.959910	0.764739	0.769073	0.758332	0.753932	0.775880	0.875719	0.888604	0.892168	0.894280	0.873427	0.866911	0.866422	0.875280	0.870301	0.871402	0.943934	0.938737	0.950311	0.947661	0.947911	0.768377	0.768852	0.762970	0.764570	0.772371	0.881737	0.890503	0.879957	0.881446	0.881194	0.741059	0.738391	0.751749	0.740286	0.743856	0.958826	0.957414	0.950824	0.968346	0.968256	0.755263	0.772150	0.758119	0.752293	0.761299	0.731338	0.754155	0.739964	0.744396	0.747826	0.873414	0.877840	0.889170	0.875810	0.879876	0.712272	0.680865	0.726439	0.686129	0.713390	0.670653	0.751948	0.591220	0.740837	0.727978	0.839436	0.837172	0.841933	0.848316	0.810930	0.927945	0.925809	0.920966	0.924449	0.873505	0.903129	0.929523	0.932070	1.000000	0.963745	0.981986	0.967974	0.971259	0.976155	0.942658	0.926177	0.952147	0.961218	0.949503	0.921350	0.979737	0.958308	0.982254	0.935603	0.938895	0.924556	0.879605	0.876133	0.869545	0.875391	0.867357	0.874519	0.887460	0.875643	0.890009	0.876098	0.866828	0.859969	0.872459	0.860264	0.867813	0.881003	0.871713	0.840962	0.862572	0.848547	0.840428	0.852423	0.861406	0.859457	0.851128	0.850382	0.850069	0.857268	0.847724	0.851466	0.858707	0.811631	0.812874	0.835716	0.865159	0.851423	0.866996	0.844136	0.844739	0.848175	0.849476	0.847153	0.846188	0.823068	0.810693	0.784438	0.824125	0.864711	0.867062	0.866751	0.868384	0.853969	0.853366	0.852771	0.861133	0.846275	0.847005	0.842662	0.854478	0.849572
PRJEB3190__schistosomulum_12h_r2	0.789238	0.777993	0.799968	0.784423	0.812898	0.781604	0.809014	0.788442	0.809770	0.777027	0.800000	0.795933	0.792338	0.795013	0.793898	0.817479	0.819342	0.820113	0.819453	0.822548	0.810886	0.811835	0.813256	0.814536	0.816453	0.818594	0.818271	0.821930	0.824986	0.819558	0.740954	0.742014	0.743401	0.747615	0.760057	0.650442	0.643375	0.650985	0.662723	0.652210	0.678576	0.820082	0.780053	0.776413	0.821120	0.818411	0.820003	0.780908	0.818559	0.820031	0.820076	0.821697	0.824807	0.839318	0.840599	0.837541	0.838980	0.840905	0.923277	0.922598	0.923711	0.926888	0.930613	0.771222	0.773119	0.770274	0.767300	0.784058	0.901135	0.909685	0.910920	0.908534	0.898729	0.831441	0.834606	0.839832	0.831890	0.832899	0.915854	0.912513	0.921095	0.920257	0.918240	0.770441	0.773020	0.764967	0.768810	0.780959	0.906656	0.916165	0.906133	0.907264	0.908932	0.747063	0.747888	0.752077	0.744002	0.749701	0.929691	0.927381	0.923442	0.930260	0.933313	0.767060	0.780517	0.759394	0.762632	0.767962	0.723151	0.750721	0.731744	0.734371	0.741301	0.900628	0.902577	0.912192	0.899121	0.910025	0.720337	0.685347	0.727594	0.691760	0.717483	0.698516	0.748365	0.635296	0.740240	0.727281	0.822404	0.841444	0.853926	0.859899	0.827719	0.880074	0.880203	0.878637	0.877236	0.884888	0.894979	0.931730	0.944934	0.963745	1.000000	0.983554	0.954079	0.935114	0.967673	0.956132	0.962382	0.930841	0.944984	0.969237	0.913953	0.980812	0.984222	0.982700	0.919732	0.923820	0.906220	0.838477	0.837629	0.825395	0.830366	0.824173	0.830623	0.842998	0.832537	0.845832	0.835643	0.827310	0.820828	0.835121	0.822839	0.829016	0.835436	0.834912	0.802874	0.822307	0.810697	0.803648	0.810346	0.822168	0.815932	0.814505	0.813294	0.811220	0.817910	0.809623	0.813192	0.818667	0.781783	0.782868	0.802495	0.826295	0.819151	0.826175	0.808567	0.808556	0.811724	0.812315	0.812118	0.810061	0.809608	0.788680	0.771410	0.789570	0.824507	0.826944	0.828392	0.827036	0.817256	0.817393	0.815932	0.819685	0.809999	0.813886	0.817750	0.816724	0.814051
PRJEB3190__schistosomulum_12h_r3	0.811776	0.801167	0.818749	0.807345	0.831098	0.803417	0.826774	0.810267	0.831111	0.798811	0.822770	0.817549	0.814249	0.816935	0.815891	0.838419	0.839759	0.841359	0.838667	0.841076	0.835410	0.836330	0.838039	0.840308	0.841710	0.844659	0.844580	0.847378	0.848890	0.844084	0.754325	0.754026	0.757100	0.761730	0.774124	0.663901	0.656956	0.665450	0.676101	0.665484	0.691498	0.840246	0.794683	0.790037	0.843782	0.840738	0.843289	0.794883	0.838560	0.839708	0.840398	0.841515	0.844514	0.866427	0.867427	0.865175	0.866470	0.868152	0.944929	0.944079	0.944014	0.947782	0.949076	0.771467	0.774904	0.768292	0.764918	0.781810	0.884331	0.893748	0.895136	0.894535	0.881396	0.858802	0.860818	0.865782	0.858693	0.859697	0.939492	0.937998	0.945292	0.942692	0.943479	0.773264	0.777337	0.767657	0.772261	0.779634	0.890320	0.899888	0.888697	0.889962	0.891568	0.744718	0.743285	0.750103	0.741642	0.747885	0.951673	0.947552	0.945369	0.953777	0.953640	0.764818	0.778054	0.762883	0.763249	0.767249	0.727575	0.751844	0.736206	0.739589	0.744373	0.881360	0.883739	0.895347	0.880269	0.889791	0.715178	0.684588	0.725812	0.687807	0.713571	0.689798	0.749435	0.622981	0.740235	0.727235	0.827540	0.825850	0.835116	0.841878	0.808398	0.905394	0.904214	0.901022	0.902591	0.864357	0.889829	0.929958	0.937233	0.981986	0.983554	1.000000	0.972314	0.956803	0.985842	0.947234	0.943721	0.956298	0.967905	0.953211	0.937725	0.980462	0.979227	0.995577	0.946403	0.951828	0.935601	0.868454	0.865919	0.854323	0.859628	0.852906	0.858801	0.871934	0.861257	0.875283	0.864030	0.854536	0.848190	0.864108	0.850316	0.855737	0.866049	0.862075	0.828724	0.849148	0.837650	0.829564	0.838537	0.851904	0.845186	0.841167	0.839360	0.837549	0.844919	0.836489	0.840257	0.846680	0.801845	0.803085	0.826268	0.853333	0.845975	0.854566	0.833792	0.833858	0.836977	0.838590	0.837239	0.835682	0.824660	0.805961	0.784172	0.812291	0.852211	0.854925	0.855644	0.855619	0.842455	0.842842	0.841369	0.847625	0.835345	0.838110	0.838268	0.842820	0.839710
PRJEB3190__schistosomulum_24h_r1	0.822716	0.810542	0.826218	0.819127	0.835501	0.815925	0.833586	0.820172	0.838444	0.811892	0.836735	0.831596	0.829497	0.831314	0.830514	0.850545	0.850796	0.850192	0.848213	0.850457	0.851713	0.852545	0.855326	0.857552	0.858689	0.862559	0.863649	0.863822	0.864632	0.860215	0.754171	0.756566	0.756308	0.772401	0.785151	0.678795	0.670478	0.677702	0.688754	0.677053	0.705639	0.856110	0.802593	0.798348	0.864840	0.859670	0.864176	0.804291	0.853447	0.854713	0.858623	0.859287	0.861641	0.882819	0.882672	0.882053	0.882394	0.884819	0.960321	0.957954	0.959174	0.960979	0.961044	0.753177	0.760542	0.749847	0.749983	0.767261	0.861625	0.873462	0.874236	0.871257	0.861056	0.877501	0.879757	0.883704	0.876136	0.877750	0.957840	0.956790	0.961857	0.958402	0.962226	0.757172	0.762444	0.750895	0.753776	0.764386	0.864880	0.874569	0.864455	0.866203	0.866642	0.727754	0.727185	0.730945	0.722146	0.728967	0.970459	0.966228	0.968691	0.965385	0.963695	0.747802	0.757855	0.743602	0.740735	0.749117	0.716135	0.738381	0.725324	0.728503	0.731606	0.861365	0.860460	0.871020	0.858275	0.868250	0.710799	0.673649	0.714618	0.679485	0.705569	0.680023	0.732752	0.620522	0.724194	0.711889	0.832760	0.811317	0.820018	0.826502	0.789950	0.921440	0.919832	0.919764	0.920121	0.843489	0.871166	0.907431	0.913623	0.967974	0.954079	0.972314	1.000000	0.960891	0.985297	0.912435	0.918566	0.964687	0.973382	0.933396	0.951304	0.951469	0.944872	0.972295	0.966171	0.964634	0.956934	0.885320	0.883680	0.875066	0.878561	0.872972	0.876957	0.890316	0.880086	0.893033	0.882180	0.872322	0.866051	0.882322	0.867179	0.873820	0.884201	0.879402	0.843466	0.867102	0.851666	0.845660	0.859424	0.874212	0.866713	0.858513	0.855674	0.853103	0.862331	0.853852	0.857270	0.864860	0.808391	0.809780	0.840389	0.874286	0.867154	0.874232	0.848805	0.848684	0.852412	0.854944	0.853255	0.852913	0.847219	0.818677	0.798309	0.822342	0.873625	0.876024	0.876267	0.877212	0.858046	0.858947	0.857660	0.865893	0.851579	0.855020	0.856950	0.859286	0.855094
PRJEB3190__schistosomulum_24h_r2	0.833768	0.823917	0.841159	0.829843	0.855151	0.827598	0.847411	0.833468	0.854475	0.819533	0.846919	0.843244	0.837559	0.843569	0.841861	0.862238	0.864786	0.866590	0.863984	0.867245	0.872678	0.874370	0.872603	0.874077	0.876943	0.883472	0.876093	0.883062	0.887445	0.882098	0.799667	0.800725	0.801784	0.813233	0.822384	0.707299	0.703998	0.711415	0.721735	0.711562	0.739287	0.856275	0.829933	0.824414	0.866722	0.866633	0.867971	0.828171	0.857890	0.863245	0.863230	0.865179	0.866814	0.889957	0.893844	0.887196	0.888670	0.891120	0.954529	0.962067	0.963133	0.966466	0.965090	0.771695	0.777909	0.761601	0.757244	0.787232	0.856937	0.866816	0.873490	0.872754	0.854990	0.875811	0.874609	0.886200	0.879043	0.880843	0.949294	0.944964	0.956491	0.955493	0.954294	0.780638	0.779392	0.775624	0.774398	0.780134	0.860820	0.871245	0.862441	0.863417	0.862586	0.766511	0.768255	0.775035	0.764555	0.766050	0.967644	0.962488	0.956907	0.974373	0.973697	0.763501	0.785225	0.775887	0.765026	0.778014	0.764287	0.780365	0.768896	0.771417	0.775629	0.854011	0.857344	0.869773	0.857838	0.862700	0.734882	0.697763	0.749791	0.706534	0.728483	0.693237	0.775470	0.615352	0.763503	0.748939	0.870547	0.845300	0.846920	0.851847	0.817308	0.923659	0.923864	0.917148	0.920624	0.867065	0.876109	0.890145	0.908032	0.971259	0.935114	0.956803	0.960891	1.000000	0.966511	0.896313	0.895648	0.958701	0.953209	0.930168	0.921958	0.943447	0.917413	0.955347	0.935323	0.933437	0.919814	0.894431	0.888536	0.885214	0.890881	0.879838	0.890459	0.903696	0.891184	0.904846	0.890081	0.880094	0.869509	0.883324	0.870686	0.880827	0.890420	0.885359	0.854133	0.875656	0.860233	0.854747	0.865742	0.874367	0.871008	0.861618	0.861176	0.861550	0.865972	0.856232	0.861049	0.868956	0.832721	0.833161	0.853267	0.877585	0.864445	0.877985	0.851199	0.851120	0.855504	0.857200	0.855467	0.854771	0.838336	0.834730	0.812328	0.842959	0.876828	0.880158	0.877991	0.880851	0.860677	0.861248	0.860313	0.870663	0.856055	0.858146	0.856036	0.863213	0.858329
PRJEB3190__schistosomulum_24h_r3	0.827224	0.816390	0.832426	0.823284	0.845451	0.820538	0.840700	0.826305	0.842343	0.815954	0.839697	0.835362	0.831226	0.834060	0.833229	0.852812	0.854402	0.854870	0.852784	0.856044	0.850552	0.850369	0.852601	0.854530	0.855737	0.859357	0.859240	0.861132	0.862813	0.858347	0.762277	0.761896	0.763794	0.767883	0.780838	0.677332	0.667104	0.675447	0.685701	0.672944	0.704675	0.855471	0.812382	0.808415	0.865731	0.861576	0.864804	0.812089	0.855213	0.855469	0.858209	0.859546	0.863394	0.879512	0.879534	0.878857	0.878405	0.879956	0.963123	0.953490	0.954264	0.958598	0.960112	0.771663	0.775670	0.770432	0.768991	0.783027	0.875615	0.882740	0.883993	0.879445	0.873620	0.874137	0.878414	0.881015	0.872513	0.874121	0.957917	0.958924	0.961705	0.959666	0.961456	0.774546	0.782131	0.768218	0.772157	0.781379	0.880516	0.889069	0.879743	0.880272	0.883446	0.742814	0.746912	0.744764	0.737607	0.745386	0.969756	0.960851	0.965359	0.962727	0.961565	0.765568	0.776297	0.761860	0.763618	0.767153	0.725549	0.749786	0.736080	0.738510	0.742914	0.873692	0.872089	0.883698	0.868046	0.884208	0.716903	0.679291	0.722328	0.683258	0.707205	0.703686	0.744400	0.644929	0.736454	0.723985	0.835930	0.807809	0.816800	0.824314	0.791860	0.903933	0.904151	0.901831	0.902345	0.844011	0.865007	0.919059	0.926816	0.976155	0.967673	0.985842	0.985297	0.966511	1.000000	0.930170	0.925085	0.976648	0.981908	0.939839	0.964755	0.959787	0.961166	0.984744	0.966806	0.968548	0.957806	0.885105	0.880989	0.870020	0.873215	0.867621	0.872459	0.885511	0.875554	0.889490	0.877419	0.868795	0.861995	0.882592	0.863452	0.869143	0.881335	0.878023	0.844962	0.864267	0.853929	0.846334	0.855695	0.871603	0.861853	0.858274	0.856193	0.852575	0.859014	0.852511	0.855769	0.862375	0.819885	0.820473	0.846491	0.872271	0.868447	0.872342	0.851655	0.850416	0.854044	0.855569	0.854077	0.853468	0.855367	0.831193	0.813590	0.829813	0.872122	0.875138	0.875087	0.875250	0.858711	0.860139	0.857745	0.865095	0.852729	0.857644	0.862923	0.859904	0.855907
PRJEB3190__schistosomulum_3h_r1	0.768654	0.759012	0.783283	0.766228	0.793669	0.760320	0.789296	0.769921	0.791669	0.758449	0.780281	0.775377	0.775001	0.775502	0.773718	0.799589	0.799949	0.801460	0.800113	0.803707	0.787206	0.788011	0.790881	0.789274	0.790069	0.794590	0.797709	0.798240	0.799684	0.795232	0.680250	0.681525	0.683636	0.685854	0.701101	0.590528	0.585015	0.594717	0.604995	0.596784	0.621853	0.798659	0.747524	0.745283	0.796222	0.793633	0.791428	0.746838	0.802493	0.799898	0.799059	0.800595	0.804752	0.820740	0.820354	0.818846	0.821658	0.823473	0.897178	0.894603	0.893149	0.898326	0.901288	0.748359	0.748856	0.749536	0.744882	0.751538	0.894670	0.906995	0.907015	0.908053	0.892642	0.817043	0.819044	0.822254	0.816242	0.816078	0.889417	0.885362	0.893783	0.894031	0.891177	0.743671	0.749825	0.738512	0.745329	0.753716	0.901086	0.906306	0.895919	0.897580	0.900375	0.706704	0.705934	0.711627	0.704093	0.712230	0.899732	0.899981	0.895324	0.899841	0.902622	0.740303	0.750446	0.728478	0.737536	0.736212	0.677826	0.709467	0.689596	0.693320	0.699991	0.894838	0.899202	0.906365	0.893138	0.897744	0.677291	0.657167	0.688926	0.658254	0.679287	0.661536	0.706601	0.592748	0.700170	0.690829	0.792305	0.822254	0.831319	0.838157	0.810028	0.858680	0.857698	0.855005	0.855949	0.881590	0.903375	0.960768	0.951757	0.942658	0.956132	0.947234	0.912435	0.896313	0.930170	1.000000	0.960976	0.909488	0.923194	0.959103	0.889651	0.963402	0.963009	0.949664	0.895617	0.902779	0.885784	0.815501	0.814128	0.803066	0.805608	0.803101	0.805325	0.817666	0.808768	0.821335	0.810443	0.804601	0.802706	0.815059	0.801728	0.805322	0.818710	0.811613	0.785970	0.804406	0.793703	0.784336	0.794638	0.805673	0.800602	0.797029	0.797052	0.795084	0.803055	0.794519	0.797670	0.802550	0.753224	0.755082	0.780150	0.808182	0.799064	0.809793	0.795134	0.795001	0.797752	0.797988	0.795565	0.794763	0.778803	0.752549	0.728811	0.763796	0.806289	0.808473	0.810776	0.808092	0.802107	0.802068	0.800202	0.803765	0.793553	0.794726	0.792397	0.801499	0.797037
PRJEB3190__schistosomulum_3h_r2	0.757808	0.745980	0.773580	0.755206	0.781787	0.750889	0.777456	0.757122	0.782206	0.749664	0.766534	0.761418	0.761056	0.762873	0.763140	0.788488	0.788509	0.788825	0.789560	0.790521	0.782279	0.784774	0.785311	0.784453	0.786764	0.788796	0.790267	0.792680	0.794008	0.790505	0.705362	0.711955	0.709433	0.723713	0.734582	0.620076	0.620060	0.626416	0.639387	0.630396	0.651155	0.794331	0.747314	0.746092	0.785745	0.785077	0.783669	0.750992	0.793123	0.793074	0.792273	0.794165	0.797351	0.812506	0.813343	0.810315	0.813422	0.815351	0.885292	0.894686	0.893864	0.896564	0.899638	0.757774	0.761984	0.754670	0.751214	0.767595	0.906684	0.920088	0.920770	0.923493	0.904397	0.804856	0.805563	0.813383	0.806753	0.807121	0.876819	0.868409	0.884907	0.883813	0.881396	0.754839	0.757583	0.751031	0.754460	0.764565	0.910829	0.918676	0.909855	0.910771	0.910212	0.719843	0.716706	0.732106	0.718956	0.723800	0.890026	0.895924	0.884445	0.897153	0.901467	0.751232	0.764138	0.742730	0.746125	0.753940	0.701099	0.728629	0.706366	0.709853	0.717180	0.907165	0.912943	0.920448	0.912498	0.910681	0.698358	0.675280	0.708684	0.681431	0.701109	0.666799	0.726623	0.594693	0.719524	0.708772	0.812272	0.868143	0.880377	0.885056	0.854251	0.866742	0.867339	0.866596	0.864910	0.916844	0.910533	0.939729	0.953633	0.926177	0.962382	0.943721	0.918566	0.895648	0.925085	0.960976	1.000000	0.892862	0.909261	0.976149	0.867576	0.950273	0.952633	0.946941	0.880878	0.885104	0.866548	0.805984	0.806255	0.798398	0.801863	0.796293	0.802855	0.814534	0.803526	0.816624	0.805759	0.798881	0.793519	0.800898	0.793805	0.801062	0.808136	0.803415	0.775535	0.796783	0.780696	0.775576	0.785827	0.792580	0.791856	0.785381	0.784273	0.784808	0.794176	0.781993	0.786559	0.793526	0.745528	0.747049	0.768666	0.795219	0.780369	0.796607	0.778302	0.779545	0.782447	0.783348	0.781429	0.780324	0.766357	0.744497	0.724020	0.754912	0.792633	0.794590	0.796585	0.795908	0.787853	0.786207	0.787048	0.790922	0.778665	0.779565	0.778039	0.787117	0.783609
PRJEB3190__schistosomulum_3h_r3	0.846308	0.835120	0.847432	0.843386	0.860758	0.839757	0.853056	0.845172	0.851148	0.833967	0.858476	0.855386	0.850307	0.853684	0.851873	0.867567	0.869206	0.869240	0.866070	0.871452	0.867945	0.866899	0.868473	0.870572	0.871494	0.874933	0.873003	0.875780	0.878766	0.874132	0.765846	0.766653	0.767879	0.766882	0.779295	0.676073	0.664692	0.674616	0.683752	0.669606	0.707289	0.863383	0.832921	0.828457	0.880600	0.876800	0.876066	0.826876	0.866913	0.869443	0.873311	0.874708	0.876643	0.891844	0.892682	0.891379	0.890391	0.892044	0.961683	0.945935	0.948149	0.951363	0.952984	0.772545	0.775315	0.771244	0.766820	0.779997	0.849309	0.855158	0.859733	0.852872	0.848480	0.888396	0.892477	0.894225	0.884957	0.888105	0.959942	0.960139	0.959373	0.958030	0.960168	0.777041	0.786431	0.770195	0.775824	0.779437	0.855393	0.863462	0.854052	0.854997	0.858426	0.746636	0.758344	0.744484	0.741736	0.748643	0.968871	0.955152	0.963671	0.954959	0.952874	0.764054	0.776120	0.768169	0.769732	0.769053	0.733974	0.756010	0.745062	0.749015	0.753056	0.847413	0.846394	0.857447	0.841342	0.858696	0.716647	0.680618	0.724770	0.681805	0.702572	0.717362	0.744818	0.655992	0.737524	0.725692	0.854807	0.792194	0.793186	0.801960	0.778070	0.889518	0.891586	0.888426	0.890133	0.819705	0.839056	0.896711	0.911676	0.952147	0.930841	0.956298	0.964687	0.958701	0.976648	0.909488	0.892862	1.000000	0.978824	0.912345	0.974313	0.928470	0.925511	0.954817	0.974472	0.969470	0.965619	0.898631	0.891172	0.881472	0.883947	0.878005	0.882603	0.892435	0.885339	0.896980	0.887014	0.878128	0.875125	0.895412	0.874356	0.879100	0.889830	0.889610	0.862625	0.878419	0.870437	0.863018	0.870892	0.885004	0.875739	0.873303	0.872227	0.868279	0.871643	0.867155	0.870215	0.876303	0.839548	0.839114	0.866742	0.886697	0.883317	0.886504	0.868254	0.865803	0.870219	0.872234	0.869092	0.869734	0.870923	0.849987	0.832980	0.848748	0.887119	0.889932	0.888425	0.890630	0.873244	0.874965	0.872617	0.878539	0.868818	0.874021	0.879820	0.874965	0.870801
PRJEB3190__schistosomulum_48h_r1	0.837746	0.826315	0.840901	0.833648	0.853497	0.828745	0.850164	0.835085	0.852266	0.825267	0.850216	0.845367	0.843540	0.844705	0.842493	0.864754	0.865981	0.865112	0.863621	0.866623	0.858273	0.858162	0.861332	0.863676	0.864174	0.868434	0.870836	0.870680	0.872134	0.866511	0.738569	0.740926	0.741792	0.747374	0.763717	0.656233	0.644992	0.655591	0.664399	0.653420	0.684460	0.865998	0.809491	0.805139	0.873472	0.868499	0.869586	0.810343	0.866304	0.865755	0.868403	0.869369	0.872906	0.892665	0.892826	0.891985	0.893509	0.895516	0.965267	0.953994	0.956142	0.957561	0.960157	0.762754	0.767348	0.762972	0.759058	0.769931	0.863711	0.872853	0.874664	0.870183	0.862643	0.889213	0.893721	0.894913	0.887498	0.890005	0.967444	0.966812	0.967235	0.965410	0.967664	0.765760	0.774867	0.758548	0.765176	0.771006	0.870387	0.877612	0.867096	0.868590	0.871828	0.729764	0.732689	0.729293	0.724472	0.732122	0.973122	0.962552	0.968682	0.960431	0.958355	0.754173	0.762470	0.749912	0.753349	0.754017	0.712053	0.738505	0.723164	0.727506	0.732385	0.862018	0.862953	0.872676	0.857336	0.868769	0.707410	0.677843	0.714749	0.678052	0.701422	0.692665	0.730350	0.629663	0.723356	0.713223	0.838047	0.794478	0.802219	0.810178	0.780987	0.901825	0.901353	0.898986	0.901555	0.827984	0.860134	0.909423	0.915570	0.961218	0.944984	0.967905	0.973382	0.953209	0.981908	0.923194	0.909261	0.978824	1.000000	0.924598	0.968307	0.943396	0.946414	0.967689	0.975038	0.979306	0.969529	0.893121	0.889519	0.878785	0.880677	0.876716	0.878457	0.890460	0.882341	0.894750	0.885358	0.877055	0.873974	0.892760	0.874391	0.877806	0.891292	0.886359	0.855880	0.876070	0.863443	0.856193	0.867850	0.883438	0.874507	0.870061	0.868108	0.864684	0.871744	0.865817	0.869107	0.875114	0.817509	0.818304	0.851965	0.883043	0.880055	0.884322	0.865217	0.863554	0.866702	0.869316	0.866196	0.866801	0.856600	0.825627	0.802588	0.830410	0.883609	0.885102	0.886348	0.886143	0.870951	0.872370	0.870214	0.877338	0.864601	0.868172	0.869225	0.872546	0.868045
PRJEB3190__schistosomulum_48h_r2	0.780047	0.769288	0.796066	0.776935	0.806570	0.773385	0.801630	0.780190	0.806821	0.771740	0.787557	0.783673	0.782208	0.784768	0.784817	0.810972	0.811681	0.811182	0.812167	0.814224	0.807535	0.810182	0.809544	0.807968	0.811499	0.815796	0.814200	0.818777	0.822138	0.816936	0.729639	0.739108	0.734281	0.748597	0.758592	0.637798	0.638450	0.644418	0.658181	0.649352	0.670634	0.817385	0.774196	0.772758	0.809111	0.809947	0.808294	0.779326	0.814961	0.816938	0.815675	0.817735	0.820730	0.829995	0.833008	0.827672	0.831239	0.833329	0.907717	0.918497	0.918600	0.921672	0.924414	0.763958	0.768098	0.759658	0.753539	0.776439	0.905622	0.918009	0.920271	0.922310	0.904249	0.819387	0.819653	0.829154	0.823309	0.822810	0.898991	0.890066	0.906539	0.906170	0.902288	0.763404	0.764258	0.760697	0.762130	0.771816	0.910464	0.919510	0.910137	0.911392	0.911611	0.737184	0.734718	0.750562	0.738113	0.740153	0.915048	0.920057	0.907554	0.923649	0.928661	0.757452	0.773118	0.754409	0.754125	0.764712	0.721389	0.748219	0.725205	0.727656	0.736668	0.905508	0.911036	0.919789	0.910966	0.910348	0.711965	0.681828	0.724320	0.690382	0.711566	0.672920	0.742735	0.600827	0.733256	0.720873	0.844197	0.885892	0.897474	0.902540	0.868076	0.896225	0.898464	0.895164	0.894147	0.938404	0.932266	0.930991	0.949478	0.949503	0.969237	0.953211	0.933396	0.930168	0.939839	0.959103	0.976149	0.912345	0.924598	1.000000	0.880334	0.965766	0.952401	0.954853	0.891921	0.892298	0.873905	0.824964	0.822965	0.817912	0.821185	0.813140	0.821802	0.834809	0.822325	0.836571	0.823670	0.816105	0.809969	0.817740	0.809650	0.818597	0.825944	0.820056	0.793294	0.814419	0.797109	0.794510	0.801899	0.807409	0.807152	0.802180	0.801184	0.801902	0.809062	0.797025	0.802028	0.809334	0.765551	0.767068	0.788264	0.813778	0.798130	0.814597	0.794631	0.795352	0.798762	0.799449	0.798024	0.796871	0.781733	0.766057	0.745453	0.775249	0.811469	0.813434	0.814263	0.814329	0.804535	0.803036	0.803807	0.808919	0.796454	0.796891	0.795788	0.804260	0.800322
PRJEB3190__schistosomulum_48h_r3	0.827895	0.816856	0.826178	0.827885	0.840136	0.826519	0.836418	0.829036	0.827604	0.821402	0.847349	0.843711	0.839070	0.840702	0.841291	0.852287	0.853686	0.851346	0.848277	0.854319	0.844793	0.841538	0.845945	0.848043	0.847967	0.850782	0.852567	0.851804	0.853544	0.850475	0.709085	0.707495	0.708884	0.705981	0.720925	0.636261	0.615519	0.623820	0.633324	0.616338	0.662096	0.845101	0.805958	0.804498	0.871522	0.863479	0.868344	0.799206	0.851933	0.849760	0.855341	0.856435	0.862609	0.864425	0.862205	0.866444	0.861617	0.862625	0.953792	0.915387	0.918627	0.922136	0.925812	0.742564	0.745936	0.752019	0.756019	0.750959	0.837905	0.838447	0.838604	0.823526	0.837988	0.872359	0.884870	0.874685	0.861466	0.865142	0.950586	0.960483	0.945680	0.946386	0.949909	0.742447	0.761641	0.736549	0.743211	0.755498	0.842819	0.849050	0.840582	0.839968	0.848727	0.707502	0.727074	0.690715	0.696270	0.709737	0.955374	0.932832	0.957707	0.920111	0.917169	0.743536	0.742451	0.727236	0.739818	0.733737	0.679166	0.706838	0.695632	0.697176	0.701264	0.839372	0.829112	0.838852	0.820180	0.851785	0.687875	0.641450	0.683251	0.645177	0.667764	0.725217	0.694288	0.692831	0.691160	0.682195	0.807998	0.731080	0.740759	0.750381	0.723413	0.831764	0.834353	0.833200	0.833537	0.767842	0.781258	0.885356	0.889034	0.921350	0.913953	0.937725	0.951304	0.921958	0.964755	0.889651	0.867576	0.974313	0.968307	0.880334	1.000000	0.898290	0.923817	0.934519	0.982503	0.979626	0.976062	0.873727	0.868279	0.854404	0.852112	0.851211	0.849504	0.861524	0.856437	0.867507	0.858536	0.852392	0.852160	0.883036	0.852530	0.852840	0.864970	0.869183	0.841211	0.854768	0.851066	0.842520	0.848562	0.873921	0.851713	0.858438	0.855731	0.846583	0.849498	0.849132	0.851170	0.854510	0.817221	0.816252	0.848712	0.870002	0.883117	0.866212	0.855802	0.850892	0.854986	0.856099	0.854754	0.855291	0.879586	0.840715	0.830568	0.824920	0.870872	0.874115	0.873074	0.870945	0.856569	0.861526	0.855112	0.859356	0.852654	0.862316	0.876972	0.857588	0.853231
PRJEB3190__schistosomulum_6h_r1	0.796204	0.786335	0.807352	0.792009	0.818699	0.786451	0.814723	0.795140	0.822236	0.781440	0.807077	0.802383	0.800371	0.802738	0.800184	0.826415	0.827686	0.829992	0.827809	0.830473	0.821981	0.823846	0.825295	0.825852	0.827212	0.832551	0.832230	0.834915	0.836829	0.831597	0.734964	0.735720	0.738814	0.747565	0.760657	0.642249	0.638549	0.648476	0.658678	0.650690	0.670593	0.827407	0.777852	0.772874	0.823024	0.821790	0.821940	0.779560	0.825944	0.826492	0.825098	0.825992	0.828429	0.853938	0.854832	0.851067	0.854671	0.856690	0.924396	0.934166	0.933843	0.936980	0.938112	0.757704	0.760977	0.751739	0.746606	0.767621	0.890376	0.903946	0.906371	0.909779	0.888080	0.841915	0.840893	0.849811	0.845901	0.845769	0.918768	0.912078	0.925354	0.923373	0.922129	0.758018	0.758251	0.753165	0.755291	0.764024	0.896008	0.904684	0.893207	0.895519	0.895186	0.735478	0.728716	0.745468	0.734493	0.738083	0.933269	0.935506	0.925344	0.943822	0.945814	0.749238	0.767251	0.748022	0.745988	0.752812	0.719064	0.744105	0.726445	0.731047	0.736331	0.888764	0.894849	0.904057	0.891928	0.892788	0.707387	0.680911	0.722122	0.685702	0.711714	0.662334	0.744628	0.584738	0.734426	0.721720	0.820747	0.844378	0.852738	0.858831	0.821937	0.906649	0.904513	0.899532	0.902388	0.887552	0.921477	0.941517	0.944614	0.979737	0.980812	0.980462	0.951469	0.943447	0.959787	0.963402	0.950273	0.928470	0.943396	0.965766	0.898290	1.000000	0.976786	0.981581	0.915680	0.919264	0.903387	0.850725	0.848888	0.841112	0.847161	0.840758	0.846290	0.858821	0.847872	0.861050	0.849465	0.839917	0.834808	0.844510	0.835053	0.841848	0.853095	0.845027	0.815516	0.837540	0.823128	0.814661	0.826368	0.834347	0.833292	0.825066	0.825273	0.825456	0.833599	0.823122	0.826551	0.832951	0.784826	0.786815	0.808725	0.839460	0.824928	0.841418	0.819398	0.820660	0.823503	0.824388	0.822609	0.821224	0.796734	0.781761	0.754968	0.796745	0.837241	0.839539	0.840492	0.840237	0.829280	0.828286	0.828229	0.834057	0.821358	0.821365	0.816119	0.829317	0.825200
PRJEB3190__schistosomulum_6h_r2	0.783469	0.773059	0.793510	0.779892	0.804596	0.776185	0.802290	0.783541	0.802200	0.772388	0.796367	0.791459	0.789896	0.790659	0.789237	0.812860	0.813829	0.814247	0.813362	0.816524	0.799762	0.799548	0.803460	0.804552	0.805006	0.807850	0.810624	0.810938	0.812256	0.808229	0.701032	0.700871	0.703178	0.707313	0.722765	0.617975	0.608235	0.617647	0.627993	0.617559	0.644066	0.814370	0.762397	0.759132	0.814593	0.811121	0.811661	0.763045	0.814785	0.812810	0.813057	0.813985	0.818807	0.834212	0.834076	0.833766	0.834970	0.836692	0.918813	0.911577	0.912019	0.915005	0.919118	0.751783	0.754700	0.755526	0.754660	0.760779	0.894939	0.904184	0.902988	0.899981	0.892587	0.830878	0.836601	0.836746	0.828807	0.830276	0.913188	0.913314	0.916058	0.914790	0.914615	0.749197	0.757881	0.743607	0.749740	0.761776	0.899860	0.907789	0.897463	0.898597	0.901990	0.719134	0.720790	0.718542	0.714030	0.722270	0.922162	0.916593	0.917526	0.917949	0.919240	0.748738	0.757020	0.734098	0.742270	0.741566	0.689250	0.720478	0.700524	0.704164	0.710488	0.894071	0.894671	0.903323	0.888268	0.900292	0.694090	0.663838	0.699666	0.667394	0.693503	0.687332	0.718258	0.627828	0.712332	0.701562	0.793015	0.805234	0.819948	0.827392	0.794440	0.865398	0.865567	0.864215	0.864338	0.854384	0.882622	0.937308	0.939334	0.958308	0.984222	0.979227	0.944872	0.917413	0.961166	0.963009	0.952633	0.925511	0.946414	0.952401	0.923817	0.976786	1.000000	0.980478	0.927024	0.933505	0.919355	0.832904	0.832015	0.818752	0.822177	0.819117	0.821036	0.834120	0.825016	0.837737	0.827689	0.819868	0.817653	0.834400	0.818538	0.821694	0.832992	0.829714	0.799581	0.818151	0.808856	0.799326	0.807441	0.822655	0.813349	0.813293	0.811974	0.808381	0.816030	0.808897	0.811448	0.816274	0.770167	0.771587	0.795569	0.823882	0.820185	0.824093	0.809040	0.808753	0.811244	0.812444	0.811321	0.809702	0.804529	0.775335	0.755088	0.779160	0.822333	0.824437	0.826916	0.823794	0.815792	0.816899	0.814595	0.817791	0.807909	0.811665	0.813485	0.815737	0.812129
PRJEB3190__schistosomulum_6h_r3	0.810068	0.799107	0.816743	0.805324	0.828277	0.800916	0.824495	0.807619	0.829446	0.795951	0.819726	0.815054	0.812344	0.814845	0.812928	0.836035	0.837057	0.838858	0.836872	0.838937	0.832768	0.833562	0.836053	0.838259	0.839215	0.842640	0.842983	0.845182	0.846785	0.841846	0.751358	0.751454	0.754150	0.760087	0.773499	0.661978	0.655863	0.664721	0.675268	0.665201	0.689883	0.840308	0.791748	0.785986	0.841893	0.838859	0.840129	0.792354	0.838157	0.839883	0.840374	0.841358	0.843289	0.866674	0.867755	0.865035	0.867551	0.869264	0.942978	0.944251	0.944852	0.948339	0.949337	0.769182	0.772451	0.765566	0.761307	0.779110	0.882212	0.893873	0.894701	0.895918	0.879345	0.858206	0.859533	0.865362	0.859003	0.859994	0.939138	0.936403	0.944666	0.941954	0.942042	0.771820	0.774624	0.765435	0.769643	0.776725	0.888139	0.897787	0.887211	0.888565	0.889388	0.741924	0.739092	0.747706	0.738749	0.744605	0.950631	0.947427	0.943718	0.954388	0.954265	0.760765	0.775198	0.760197	0.759178	0.763326	0.725682	0.750118	0.734201	0.738360	0.742443	0.879913	0.883330	0.894479	0.880084	0.886543	0.713280	0.683439	0.723720	0.687137	0.712512	0.682978	0.747315	0.613783	0.738262	0.725554	0.826552	0.825741	0.835030	0.842150	0.807684	0.910127	0.909224	0.906068	0.907436	0.864885	0.895292	0.930106	0.937923	0.982254	0.982700	0.995577	0.972295	0.955347	0.984744	0.949664	0.946941	0.954817	0.967689	0.954853	0.934519	0.981581	0.980478	1.000000	0.945195	0.950043	0.935775	0.867863	0.865528	0.853900	0.859834	0.852916	0.858588	0.872032	0.860970	0.875025	0.864063	0.854435	0.848086	0.862699	0.849987	0.855786	0.866512	0.861212	0.827832	0.849208	0.836385	0.828459	0.838565	0.850687	0.845529	0.840220	0.838746	0.837290	0.845087	0.836475	0.840010	0.846669	0.798606	0.799935	0.823478	0.852259	0.843160	0.854255	0.832487	0.833065	0.836124	0.837856	0.836185	0.834803	0.820505	0.800783	0.777695	0.809532	0.851247	0.853507	0.854933	0.854297	0.841654	0.841885	0.841131	0.846698	0.833850	0.835921	0.834562	0.842018	0.838810
PRJEB3190__schistosomulum_72h_r1	0.844357	0.832645	0.842206	0.842468	0.852270	0.838917	0.848798	0.842755	0.849077	0.834065	0.862393	0.857453	0.855478	0.856753	0.854763	0.870010	0.870472	0.869391	0.866620	0.869898	0.869783	0.868708	0.873772	0.875575	0.874985	0.878161	0.880175	0.878623	0.879817	0.876778	0.716603	0.716197	0.718228	0.728889	0.745160	0.650275	0.633946	0.643539	0.652655	0.638768	0.676678	0.868659	0.808602	0.804541	0.888619	0.881156	0.885697	0.803381	0.871335	0.871149	0.875046	0.875790	0.879573	0.896216	0.895382	0.897344	0.895753	0.897200	0.964317	0.939708	0.943621	0.943895	0.946635	0.750043	0.756904	0.754107	0.757028	0.759787	0.845209	0.852988	0.851940	0.843731	0.845646	0.898776	0.906776	0.902088	0.892879	0.895992	0.965099	0.969421	0.961667	0.960956	0.964416	0.752898	0.766158	0.745814	0.752813	0.762513	0.848430	0.854909	0.846431	0.847633	0.852034	0.709742	0.718354	0.699514	0.700129	0.711117	0.970780	0.952899	0.969063	0.943545	0.941010	0.746714	0.747863	0.733862	0.739976	0.739189	0.689826	0.716065	0.703762	0.707154	0.709505	0.846548	0.841342	0.850263	0.835521	0.852621	0.697530	0.661760	0.695729	0.663470	0.685500	0.699486	0.706256	0.650954	0.703078	0.693905	0.817715	0.756506	0.764373	0.772894	0.744458	0.869119	0.868816	0.867912	0.870245	0.784942	0.815043	0.894384	0.896129	0.935603	0.919732	0.946403	0.966171	0.935323	0.966806	0.895617	0.880878	0.974472	0.975038	0.891921	0.982503	0.915680	0.927024	0.945195	1.000000	0.984650	0.990485	0.900875	0.897033	0.886902	0.886840	0.885056	0.883327	0.893148	0.889385	0.898224	0.890853	0.882887	0.881989	0.905595	0.882515	0.884106	0.895479	0.894316	0.864845	0.884445	0.874089	0.863808	0.879695	0.900336	0.885743	0.880973	0.878587	0.872810	0.880214	0.875866	0.878444	0.883398	0.822245	0.822727	0.862069	0.896487	0.898607	0.894934	0.875521	0.872868	0.875715	0.878738	0.876129	0.877526	0.878304	0.838454	0.818966	0.836058	0.896088	0.899558	0.899055	0.898181	0.879863	0.883216	0.879356	0.885043	0.874160	0.880043	0.885148	0.881540	0.876196
PRJEB3190__schistosomulum_72h_r2	0.832906	0.821335	0.834454	0.830659	0.847218	0.826495	0.844421	0.832635	0.842909	0.822916	0.850221	0.845280	0.842383	0.843262	0.842265	0.860616	0.861646	0.861218	0.858769	0.861965	0.854081	0.852509	0.857502	0.860857	0.859864	0.864222	0.867286	0.865712	0.866208	0.862023	0.721337	0.719773	0.722571	0.730688	0.747307	0.651724	0.636365	0.645281	0.654266	0.642192	0.676863	0.857229	0.800225	0.796120	0.874736	0.866552	0.870562	0.798372	0.859204	0.857917	0.861495	0.862337	0.867560	0.885037	0.883294	0.885656	0.884621	0.886006	0.958816	0.936299	0.937708	0.940719	0.942137	0.745996	0.751967	0.750334	0.751364	0.753639	0.842641	0.849519	0.848883	0.841173	0.843214	0.887708	0.894937	0.890503	0.880274	0.883463	0.959477	0.963823	0.957945	0.957350	0.960647	0.749656	0.762941	0.742205	0.749030	0.757212	0.847006	0.853611	0.844387	0.845387	0.849239	0.717044	0.723165	0.708785	0.707801	0.719457	0.965305	0.950599	0.964975	0.942160	0.938746	0.743000	0.746487	0.732745	0.738876	0.736907	0.694094	0.721568	0.709230	0.711854	0.715557	0.842336	0.838402	0.847478	0.831627	0.849462	0.700760	0.665968	0.700099	0.668096	0.691363	0.699049	0.710497	0.648539	0.706010	0.697666	0.811313	0.753071	0.760997	0.769314	0.741595	0.868612	0.866286	0.864954	0.868326	0.787467	0.819966	0.896576	0.896243	0.938895	0.923820	0.951828	0.964634	0.933437	0.968548	0.902779	0.885104	0.969470	0.979306	0.892298	0.979626	0.919264	0.933505	0.950043	0.984650	1.000000	0.981637	0.888987	0.886256	0.872564	0.873513	0.871020	0.870149	0.882272	0.876301	0.887173	0.879245	0.871223	0.868720	0.894560	0.870240	0.871155	0.885451	0.882748	0.851236	0.870000	0.861564	0.852041	0.864060	0.886545	0.870123	0.868319	0.865570	0.859358	0.866087	0.861911	0.864949	0.869694	0.814281	0.814918	0.850214	0.881124	0.887451	0.880731	0.863371	0.860310	0.863624	0.865803	0.863564	0.864027	0.862239	0.827940	0.806806	0.827059	0.882014	0.884434	0.885049	0.883558	0.867247	0.870738	0.866351	0.872868	0.861370	0.866812	0.871468	0.868927	0.863939
PRJEB3190__schistosomulum_72h_r3	0.835603	0.823471	0.830127	0.832245	0.838934	0.826833	0.837243	0.831295	0.839915	0.823171	0.851931	0.846528	0.846017	0.845712	0.842481	0.859583	0.858827	0.857625	0.854483	0.857663	0.856236	0.855226	0.861749	0.863789	0.862261	0.865910	0.870109	0.865951	0.865652	0.863202	0.690923	0.691195	0.692728	0.705760	0.724286	0.630061	0.613546	0.623728	0.632449	0.618810	0.652399	0.864785	0.789284	0.784351	0.876857	0.869434	0.873539	0.789517	0.863687	0.861877	0.865260	0.865434	0.869527	0.891170	0.889107	0.892139	0.891573	0.892985	0.953174	0.929865	0.933452	0.933177	0.935594	0.731093	0.736841	0.735420	0.736467	0.737434	0.826124	0.835496	0.834312	0.827460	0.826795	0.893173	0.901028	0.896226	0.888811	0.892649	0.958361	0.962059	0.953651	0.950803	0.956360	0.733742	0.747835	0.725061	0.733651	0.741708	0.831105	0.836621	0.827784	0.828859	0.833161	0.688262	0.690707	0.678239	0.678570	0.689533	0.960739	0.942151	0.958518	0.935243	0.930096	0.724225	0.724252	0.711279	0.718031	0.715200	0.667107	0.695065	0.683019	0.688321	0.690009	0.826768	0.823292	0.831517	0.816524	0.831585	0.677737	0.645343	0.675150	0.645884	0.668513	0.670529	0.683294	0.619825	0.680970	0.672891	0.794795	0.731248	0.740476	0.748471	0.718242	0.865367	0.863852	0.864394	0.866715	0.760202	0.806096	0.880306	0.878472	0.924556	0.906220	0.935601	0.956934	0.919814	0.957806	0.885784	0.866548	0.965619	0.969529	0.873905	0.976062	0.903387	0.919355	0.935775	0.990485	0.981637	1.000000	0.894795	0.892107	0.880845	0.881493	0.881049	0.876769	0.886400	0.883411	0.891808	0.885842	0.877892	0.879042	0.900318	0.878528	0.878709	0.892697	0.888010	0.859236	0.879908	0.868529	0.857483	0.876508	0.896393	0.883507	0.876053	0.873367	0.868069	0.877651	0.873163	0.875046	0.880413	0.808307	0.809089	0.853472	0.892020	0.892322	0.891984	0.871921	0.869485	0.872140	0.875789	0.872076	0.874169	0.867135	0.821626	0.797883	0.824837	0.892503	0.894987	0.895458	0.895271	0.876073	0.879118	0.875707	0.881596	0.869853	0.874641	0.876813	0.878511	0.872546
E-ERAD-478__d21_female_paired_r1	0.908334	0.900260	0.897953	0.903757	0.897791	0.898194	0.889905	0.902188	0.900914	0.893926	0.923351	0.917945	0.914752	0.919196	0.914168	0.921901	0.921715	0.921518	0.915584	0.915298	0.952474	0.952682	0.956486	0.958239	0.958169	0.953995	0.952100	0.949247	0.947751	0.950599	0.769723	0.770691	0.771773	0.804829	0.820205	0.734211	0.726326	0.735566	0.743701	0.732734	0.755523	0.928151	0.850984	0.842645	0.934064	0.929505	0.937456	0.857364	0.922429	0.922964	0.925195	0.925287	0.926224	0.975142	0.975048	0.975194	0.972400	0.975171	0.902370	0.903969	0.901269	0.902700	0.902465	0.774393	0.786120	0.768438	0.764592	0.784596	0.806002	0.812073	0.818330	0.817959	0.805824	0.963735	0.965124	0.970336	0.966748	0.969180	0.910718	0.904053	0.910003	0.907102	0.909996	0.786546	0.789769	0.779213	0.783094	0.784492	0.810359	0.812384	0.806164	0.807279	0.806604	0.712977	0.717527	0.719271	0.711251	0.716645	0.914769	0.902012	0.904280	0.903088	0.901057	0.760037	0.765034	0.766004	0.757784	0.766973	0.723010	0.736062	0.731002	0.735863	0.733576	0.802214	0.804237	0.812769	0.803765	0.803907	0.695074	0.680030	0.697762	0.675880	0.683437	0.662025	0.726616	0.578899	0.723244	0.721656	0.856409	0.761498	0.760861	0.768137	0.747183	0.842908	0.838877	0.838003	0.842726	0.757640	0.779055	0.823662	0.831935	0.879605	0.838477	0.868454	0.885320	0.894431	0.885105	0.815501	0.805984	0.898631	0.893121	0.824964	0.873727	0.850725	0.832904	0.867863	0.900875	0.888987	0.894795	1.000000	0.988435	0.983892	0.988453	0.984863	0.985536	0.984469	0.988267	0.985947	0.989090	0.978589	0.973742	0.985803	0.973706	0.979481	0.976752	0.981316	0.954142	0.975710	0.960610	0.952508	0.968730	0.976077	0.972328	0.964899	0.960635	0.961236	0.969284	0.959182	0.962269	0.973316	0.885259	0.888204	0.934432	0.969382	0.955347	0.967800	0.945785	0.947574	0.948180	0.953483	0.951333	0.953327	0.914638	0.887602	0.854092	0.908592	0.967795	0.971255	0.967579	0.976647	0.951624	0.954157	0.954280	0.966738	0.951399	0.949529	0.940863	0.958346	0.951713
E-ERAD-478__d21_female_paired_r2	0.901776	0.893097	0.887456	0.895616	0.886922	0.887805	0.880678	0.892914	0.896311	0.883669	0.921960	0.914004	0.911181	0.914732	0.909610	0.918464	0.918834	0.917608	0.910440	0.909558	0.954098	0.954328	0.958791	0.960959	0.960637	0.953795	0.955595	0.951017	0.948079	0.951718	0.751024	0.751673	0.753202	0.787668	0.802202	0.728213	0.719620	0.727782	0.736615	0.726671	0.748005	0.934111	0.829687	0.821047	0.920341	0.914837	0.923274	0.836511	0.927194	0.927554	0.929276	0.929507	0.931526	0.964740	0.964107	0.965398	0.962118	0.965743	0.896053	0.897447	0.895221	0.895288	0.896089	0.776220	0.780286	0.770975	0.758819	0.777010	0.802691	0.810260	0.816147	0.815615	0.802578	0.973199	0.971387	0.978110	0.975530	0.975011	0.914147	0.908021	0.913928	0.910580	0.913931	0.788267	0.788292	0.770827	0.786019	0.787264	0.816569	0.817778	0.811297	0.813483	0.811895	0.706159	0.709356	0.710924	0.704153	0.709426	0.910991	0.900937	0.900859	0.902874	0.896577	0.755699	0.757586	0.757457	0.749112	0.759802	0.714283	0.729148	0.722553	0.728161	0.725760	0.801861	0.805569	0.812535	0.804372	0.802868	0.694044	0.680031	0.693973	0.676594	0.684226	0.656310	0.720686	0.571291	0.717923	0.717401	0.849087	0.757892	0.758442	0.766051	0.744105	0.840706	0.837553	0.836176	0.841757	0.754636	0.780069	0.821820	0.828820	0.876133	0.837629	0.865919	0.883680	0.888536	0.880989	0.814128	0.806255	0.891172	0.889519	0.822965	0.868279	0.848888	0.832015	0.865528	0.897033	0.886256	0.892107	0.988435	1.000000	0.974995	0.979381	0.976044	0.976181	0.975627	0.980300	0.976978	0.994371	0.989881	0.985504	0.991285	0.988169	0.991179	0.979764	0.992028	0.948871	0.974406	0.955292	0.943150	0.955622	0.964531	0.960475	0.967807	0.964244	0.962731	0.977199	0.968252	0.972601	0.982133	0.864194	0.868025	0.920699	0.956413	0.944446	0.955034	0.953017	0.955952	0.955905	0.961657	0.960782	0.961591	0.919708	0.868570	0.834572	0.889457	0.955358	0.958660	0.956517	0.964380	0.961291	0.964351	0.964936	0.973105	0.959634	0.958103	0.947933	0.966562	0.960815
E-ERAD-478__d21_female_paired_r3	0.903218	0.896441	0.894270	0.899106	0.893426	0.893033	0.888418	0.898405	0.905564	0.889850	0.917612	0.911642	0.910977	0.914230	0.910123	0.920569	0.920113	0.920096	0.913840	0.912732	0.952057	0.954560	0.957428	0.956219	0.957508	0.956930	0.954797	0.952366	0.950015	0.952316	0.748406	0.751033	0.750615	0.795458	0.811463	0.727106	0.719898	0.729418	0.736228	0.727113	0.745853	0.927607	0.842204	0.835448	0.936093	0.932025	0.940652	0.851503	0.922272	0.920815	0.922924	0.922876	0.922920	0.980355	0.980484	0.980162	0.979049	0.981357	0.895831	0.901234	0.899326	0.900537	0.900024	0.748675	0.771216	0.742601	0.748741	0.767995	0.805178	0.814175	0.819236	0.821007	0.805106	0.959437	0.960297	0.966554	0.965869	0.968065	0.896047	0.888887	0.897318	0.894040	0.897373	0.762108	0.767147	0.759883	0.758488	0.760844	0.802890	0.805042	0.799102	0.800342	0.799112	0.688713	0.691692	0.694824	0.687324	0.691228	0.905318	0.892041	0.893446	0.894562	0.895594	0.737629	0.743891	0.742182	0.732653	0.746179	0.699831	0.714035	0.707919	0.713038	0.711503	0.799351	0.802268	0.810382	0.803998	0.798250	0.682850	0.673247	0.682275	0.668653	0.672315	0.639265	0.708062	0.549745	0.707441	0.706069	0.855819	0.767070	0.766031	0.772556	0.751010	0.842374	0.837181	0.836507	0.841251	0.757155	0.778006	0.814180	0.822734	0.869545	0.825395	0.854323	0.875066	0.885214	0.870020	0.803066	0.798398	0.881472	0.878785	0.817912	0.854404	0.841112	0.818752	0.853900	0.886902	0.872564	0.880845	0.983892	0.974995	1.000000	0.990259	0.990153	0.985852	0.981647	0.989041	0.982121	0.976778	0.967703	0.966902	0.972872	0.964060	0.969689	0.967689	0.967260	0.952569	0.977905	0.956931	0.949788	0.979988	0.982076	0.983646	0.959677	0.956607	0.959834	0.968176	0.954742	0.959539	0.969293	0.878865	0.882495	0.931282	0.978751	0.958280	0.977304	0.942914	0.945279	0.944795	0.949181	0.945867	0.949033	0.903421	0.879298	0.843165	0.904468	0.975726	0.978937	0.975393	0.983264	0.949231	0.949661	0.951672	0.964473	0.946140	0.943621	0.931811	0.954537	0.945984
E-ERAD-478__d21_female_paired_r4	0.903157	0.895619	0.893192	0.896932	0.891943	0.891394	0.886284	0.896445	0.902881	0.887345	0.915035	0.909024	0.907659	0.911836	0.906901	0.916878	0.916773	0.917305	0.911217	0.909968	0.948572	0.950892	0.954252	0.954035	0.955272	0.953448	0.950548	0.948118	0.946274	0.948925	0.763594	0.765753	0.766340	0.808824	0.824031	0.732988	0.726750	0.736612	0.743813	0.735207	0.752400	0.923393	0.844567	0.835969	0.931809	0.928233	0.936460	0.852992	0.916385	0.916422	0.918302	0.918172	0.918035	0.980569	0.981109	0.980026	0.979144	0.981744	0.896101	0.905935	0.902398	0.902937	0.902947	0.755633	0.777269	0.747006	0.750199	0.773614	0.800513	0.810034	0.816279	0.819361	0.800846	0.956025	0.956051	0.964250	0.963279	0.965402	0.896878	0.888255	0.898644	0.895936	0.898142	0.768691	0.770251	0.768256	0.764525	0.765732	0.799142	0.801307	0.794639	0.796205	0.794464	0.699126	0.698309	0.708879	0.698609	0.700942	0.907933	0.896596	0.895095	0.899643	0.901205	0.742571	0.750744	0.751232	0.739248	0.752772	0.713028	0.725071	0.719755	0.724814	0.722962	0.793760	0.798771	0.807547	0.801211	0.793431	0.687043	0.676882	0.690487	0.673482	0.678883	0.635134	0.717792	0.543045	0.715231	0.712331	0.855031	0.766891	0.766875	0.773353	0.750174	0.850070	0.844560	0.843625	0.848676	0.760481	0.785040	0.812595	0.822505	0.875391	0.830366	0.859628	0.878561	0.890881	0.873215	0.805608	0.801863	0.883947	0.880677	0.821185	0.852112	0.847161	0.822177	0.859834	0.886840	0.873513	0.881493	0.988453	0.979381	0.990259	1.000000	0.991772	0.991451	0.987362	0.993601	0.987740	0.983808	0.970725	0.966555	0.973275	0.964549	0.972562	0.970395	0.970231	0.950349	0.975341	0.956631	0.949266	0.975802	0.977808	0.980452	0.957062	0.953826	0.957441	0.965149	0.951908	0.956193	0.966320	0.881090	0.885334	0.930814	0.975243	0.953110	0.974793	0.937339	0.940708	0.940683	0.945826	0.942842	0.945212	0.897405	0.880935	0.843201	0.908315	0.973596	0.976880	0.973029	0.981883	0.946245	0.946517	0.949361	0.961315	0.944036	0.941091	0.927774	0.952741	0.944680
E-ERAD-478__d21_female_unpaired_r1	0.900304	0.893137	0.888787	0.894041	0.886697	0.887323	0.882999	0.892037	0.900475	0.884924	0.913964	0.907390	0.906276	0.909666	0.904515	0.915160	0.915366	0.915004	0.908322	0.907184	0.945365	0.947495	0.951218	0.951323	0.951549	0.950011	0.948505	0.945273	0.942421	0.944834	0.739796	0.741768	0.742191	0.786337	0.802837	0.718121	0.710504	0.720042	0.726848	0.718099	0.734991	0.922335	0.832914	0.825182	0.929961	0.925970	0.934642	0.841796	0.915686	0.913653	0.915962	0.915616	0.915538	0.978735	0.978629	0.978796	0.978172	0.979971	0.892374	0.899226	0.896670	0.895957	0.896260	0.744419	0.766591	0.737759	0.743258	0.761594	0.800088	0.808994	0.814357	0.816385	0.800390	0.957075	0.958192	0.963847	0.963513	0.965482	0.892962	0.886753	0.894752	0.891438	0.894632	0.756327	0.760426	0.755659	0.753737	0.755379	0.797337	0.799382	0.793063	0.793841	0.792701	0.683851	0.684624	0.690837	0.682475	0.686182	0.903046	0.890304	0.890918	0.892280	0.892492	0.732150	0.737684	0.736199	0.726787	0.739505	0.695177	0.709280	0.703379	0.708533	0.706509	0.793180	0.797541	0.805253	0.798851	0.791688	0.677524	0.669199	0.677068	0.664233	0.668786	0.630583	0.702453	0.539869	0.701754	0.700600	0.843876	0.755711	0.757572	0.764091	0.739992	0.840944	0.834856	0.835707	0.840079	0.748661	0.778772	0.811989	0.818194	0.867357	0.824173	0.852906	0.872972	0.879838	0.867621	0.803101	0.796293	0.878005	0.876716	0.813140	0.851211	0.840758	0.819117	0.852916	0.885056	0.871020	0.881049	0.984863	0.976044	0.990153	0.991772	1.000000	0.990630	0.983765	0.993167	0.984035	0.978989	0.969460	0.966812	0.972707	0.966724	0.971467	0.968168	0.968784	0.950617	0.976901	0.956237	0.947710	0.981452	0.984288	0.985488	0.958380	0.955125	0.958653	0.968474	0.954495	0.958304	0.968296	0.875253	0.879985	0.929558	0.979830	0.960389	0.979352	0.941410	0.944379	0.944071	0.948009	0.947071	0.949435	0.900084	0.873687	0.835615	0.901718	0.978853	0.981645	0.978227	0.986754	0.947492	0.948670	0.950764	0.963047	0.946209	0.943008	0.929576	0.954117	0.946767
E-ERAD-478__d21_female_unpaired_r2	0.898145	0.890399	0.890203	0.892331	0.889289	0.886915	0.882352	0.891683	0.896744	0.883279	0.909361	0.904478	0.902068	0.906307	0.901510	0.911170	0.911694	0.912196	0.906193	0.905239	0.941104	0.942604	0.945273	0.946943	0.947339	0.944641	0.941809	0.940043	0.938473	0.940950	0.772768	0.775422	0.775468	0.816232	0.830269	0.734450	0.729315	0.738166	0.745785	0.736319	0.754885	0.914627	0.845432	0.836698	0.924532	0.921891	0.928991	0.853380	0.907858	0.909138	0.910828	0.911131	0.911269	0.973469	0.973848	0.972848	0.970853	0.973816	0.894609	0.904377	0.901399	0.901194	0.901487	0.761192	0.782160	0.751834	0.755664	0.780263	0.800298	0.809838	0.816342	0.818247	0.800018	0.947788	0.947544	0.956427	0.954380	0.956431	0.892861	0.885351	0.896045	0.893895	0.895326	0.774791	0.776052	0.773879	0.770661	0.771319	0.797498	0.800895	0.794056	0.795509	0.793908	0.707362	0.706820	0.719032	0.707630	0.709517	0.905435	0.894968	0.893293	0.897978	0.899469	0.748476	0.757863	0.758910	0.746122	0.760047	0.723159	0.733730	0.728835	0.733107	0.731341	0.792474	0.797176	0.806264	0.799658	0.793496	0.689727	0.677006	0.695005	0.674992	0.681781	0.640357	0.725052	0.549069	0.720823	0.717420	0.854743	0.768536	0.768100	0.774448	0.749936	0.847661	0.842980	0.842176	0.846327	0.762677	0.786390	0.810763	0.821523	0.874519	0.830623	0.858801	0.876957	0.890459	0.872459	0.805325	0.802855	0.882603	0.878457	0.821802	0.849504	0.846290	0.821036	0.858588	0.883327	0.870149	0.876769	0.985536	0.976181	0.985852	0.991451	0.990630	1.000000	0.990379	0.994348	0.989460	0.979424	0.967026	0.959966	0.968291	0.959620	0.968458	0.966885	0.967369	0.944033	0.966396	0.950259	0.943868	0.971965	0.972747	0.973338	0.951077	0.946570	0.949733	0.957580	0.944137	0.948432	0.959730	0.881274	0.886695	0.928088	0.968705	0.946524	0.967771	0.930137	0.933394	0.933009	0.937936	0.937139	0.938502	0.891028	0.878711	0.842397	0.906214	0.966782	0.970423	0.965254	0.976313	0.937798	0.938132	0.940475	0.954016	0.937739	0.933563	0.921605	0.945009	0.937758
E-ERAD-478__d21_female_unpaired_r3	0.896015	0.888348	0.891324	0.891414	0.891525	0.886596	0.884268	0.891520	0.898346	0.882137	0.909019	0.903574	0.901033	0.905591	0.901618	0.912971	0.912353	0.913714	0.907944	0.907633	0.940303	0.941135	0.943547	0.944564	0.945069	0.944425	0.942217	0.940138	0.939122	0.941703	0.778381	0.781166	0.780722	0.818491	0.832936	0.732001	0.727361	0.737237	0.744846	0.735541	0.754501	0.913557	0.847575	0.839393	0.923813	0.921681	0.928469	0.856143	0.908563	0.909411	0.911361	0.911483	0.911697	0.971542	0.971488	0.970540	0.968648	0.971727	0.904688	0.915243	0.911424	0.912298	0.912404	0.759448	0.779480	0.750394	0.753421	0.779635	0.807243	0.817665	0.823878	0.825834	0.806577	0.947485	0.946352	0.956431	0.952599	0.955384	0.903115	0.896449	0.906693	0.904925	0.905339	0.772163	0.774733	0.771866	0.767950	0.769716	0.805161	0.809194	0.801707	0.802567	0.801538	0.711215	0.710768	0.724132	0.711284	0.713650	0.916106	0.905104	0.903755	0.908933	0.909718	0.747499	0.758869	0.758696	0.745578	0.759202	0.725964	0.736643	0.731298	0.735286	0.733723	0.799982	0.803965	0.813645	0.806181	0.801442	0.691352	0.675875	0.698078	0.674544	0.683520	0.643868	0.729274	0.555925	0.723290	0.718147	0.859614	0.774924	0.774695	0.780991	0.754313	0.857842	0.852590	0.851010	0.855212	0.773893	0.795241	0.823130	0.833197	0.887460	0.842998	0.871934	0.890316	0.903696	0.885511	0.817666	0.814534	0.892435	0.890460	0.834809	0.861524	0.858821	0.834120	0.872032	0.893148	0.882272	0.886400	0.984469	0.975627	0.981647	0.987362	0.983765	0.990379	1.000000	0.991339	0.995612	0.977847	0.964442	0.956055	0.968328	0.956413	0.966540	0.972962	0.966923	0.940879	0.962290	0.947007	0.941596	0.966793	0.969974	0.968026	0.949071	0.944841	0.947221	0.953213	0.942342	0.946080	0.957354	0.880652	0.884594	0.926163	0.964665	0.943979	0.962980	0.927704	0.930780	0.930555	0.936023	0.934783	0.935592	0.892267	0.878387	0.843303	0.903438	0.961760	0.966340	0.960703	0.970203	0.935246	0.935898	0.937742	0.952975	0.935266	0.931638	0.920814	0.943569	0.935448
E-ERAD-478__d21_female_unpaired_r4	0.900719	0.893213	0.890970	0.894798	0.889834	0.889022	0.883908	0.893943	0.899305	0.884632	0.914229	0.908058	0.905897	0.910410	0.905591	0.915279	0.915103	0.915940	0.909174	0.908632	0.947595	0.949048	0.952215	0.953060	0.953484	0.951349	0.948567	0.945921	0.944493	0.947199	0.762853	0.764538	0.765266	0.805283	0.820934	0.729612	0.723320	0.732207	0.739457	0.730434	0.749475	0.919131	0.841731	0.833593	0.928301	0.924880	0.933713	0.849775	0.912985	0.912803	0.914216	0.914339	0.914647	0.977333	0.978065	0.977038	0.975177	0.977998	0.898571	0.905932	0.902838	0.903078	0.903235	0.758844	0.780005	0.750777	0.755100	0.777242	0.803622	0.812907	0.818411	0.820144	0.803716	0.954917	0.954726	0.962706	0.960743	0.962710	0.897648	0.891543	0.900323	0.897796	0.899536	0.771731	0.773764	0.770904	0.768526	0.769240	0.801267	0.804097	0.797256	0.798303	0.796834	0.701943	0.702362	0.710316	0.700804	0.703713	0.909260	0.896598	0.897076	0.899262	0.900291	0.746807	0.754107	0.754053	0.742857	0.756421	0.714841	0.727068	0.721372	0.725971	0.724412	0.796371	0.800284	0.809055	0.802139	0.797036	0.688357	0.676678	0.691663	0.673003	0.679583	0.641388	0.718739	0.552220	0.715996	0.713318	0.852397	0.764651	0.765153	0.772359	0.747510	0.846157	0.841024	0.840992	0.844847	0.759954	0.783560	0.815970	0.824943	0.875643	0.832537	0.861257	0.880086	0.891184	0.875554	0.808768	0.803526	0.885339	0.882341	0.822325	0.856437	0.847872	0.825016	0.860970	0.889385	0.876301	0.883411	0.988267	0.980300	0.989041	0.993601	0.993167	0.994348	0.991339	1.000000	0.991311	0.982938	0.971009	0.965044	0.973986	0.965859	0.973266	0.970353	0.972752	0.948197	0.973037	0.954998	0.947216	0.976351	0.979707	0.979318	0.956639	0.952260	0.955248	0.963084	0.950207	0.954756	0.965254	0.880367	0.884623	0.931044	0.974241	0.954740	0.972860	0.935774	0.939354	0.939448	0.944396	0.942815	0.944102	0.899095	0.880116	0.843573	0.905146	0.972436	0.976525	0.971982	0.981157	0.944066	0.945533	0.947261	0.960222	0.943334	0.940879	0.928403	0.951257	0.943234
E-ERAD-478__d21_female_unpaired_r5	0.893694	0.886379	0.887633	0.888724	0.888682	0.883732	0.882154	0.888411	0.896631	0.878368	0.907268	0.901549	0.899178	0.903827	0.899233	0.910897	0.910849	0.912122	0.906174	0.905883	0.940189	0.941744	0.944141	0.944319	0.945513	0.944898	0.942371	0.940514	0.939559	0.941041	0.777120	0.779195	0.779333	0.815722	0.830691	0.730421	0.724156	0.734213	0.742292	0.732762	0.752966	0.914542	0.844683	0.836771	0.924634	0.921132	0.928571	0.852759	0.909448	0.909842	0.912569	0.912560	0.913418	0.972067	0.972349	0.971452	0.969746	0.973371	0.908096	0.916634	0.913216	0.914128	0.914204	0.763360	0.783217	0.755249	0.758889	0.783474	0.810020	0.819902	0.825702	0.827141	0.809715	0.950600	0.950089	0.959423	0.955408	0.958062	0.906681	0.900423	0.909644	0.907558	0.908503	0.775892	0.779010	0.775674	0.771583	0.773597	0.807944	0.811708	0.804652	0.805389	0.804610	0.714248	0.714717	0.725779	0.713874	0.716983	0.919186	0.907547	0.907651	0.911014	0.911352	0.752167	0.762982	0.762244	0.750339	0.763076	0.727614	0.738942	0.733393	0.737808	0.736187	0.803264	0.806883	0.816443	0.808664	0.804821	0.693679	0.676921	0.700057	0.675757	0.685783	0.650347	0.731523	0.563099	0.725802	0.720904	0.857523	0.774001	0.774071	0.780902	0.754597	0.858296	0.853350	0.852826	0.856723	0.774073	0.795286	0.826583	0.836354	0.890009	0.845832	0.875283	0.893033	0.904846	0.889490	0.821335	0.816624	0.896980	0.894750	0.836571	0.867507	0.861050	0.837737	0.875025	0.898224	0.887173	0.891808	0.985947	0.976978	0.982121	0.987740	0.984035	0.989460	0.995612	0.991311	1.000000	0.978311	0.964975	0.957366	0.971102	0.958324	0.966973	0.975754	0.968328	0.938844	0.962899	0.946342	0.938733	0.965452	0.971864	0.969297	0.947990	0.943941	0.945747	0.954093	0.942599	0.946780	0.958538	0.877609	0.881396	0.924505	0.965547	0.945820	0.964395	0.927986	0.931056	0.931003	0.936889	0.934527	0.935909	0.895044	0.877558	0.843456	0.900986	0.963552	0.968779	0.962952	0.972495	0.936668	0.937480	0.939034	0.955530	0.935211	0.933238	0.922161	0.944738	0.935760
E-ERAD-478__d21_male_paired_r1	0.905046	0.896614	0.889802	0.897078	0.888095	0.889483	0.882125	0.894628	0.899303	0.885722	0.922833	0.914555	0.911678	0.915652	0.910288	0.919361	0.919330	0.918420	0.911365	0.909690	0.954329	0.954950	0.958747	0.962171	0.961326	0.954995	0.955674	0.951499	0.948497	0.952176	0.756819	0.758338	0.759459	0.796707	0.810516	0.732449	0.725007	0.734648	0.742700	0.733494	0.752001	0.934724	0.832095	0.822914	0.921393	0.916715	0.924992	0.840213	0.925626	0.926996	0.928165	0.928320	0.929404	0.967314	0.967195	0.967264	0.964894	0.968353	0.892695	0.899580	0.897022	0.896811	0.896878	0.771423	0.777916	0.763989	0.753117	0.774655	0.799311	0.807514	0.814312	0.815843	0.800107	0.969029	0.966771	0.974795	0.973720	0.973399	0.908698	0.900986	0.909715	0.906085	0.909055	0.784159	0.782606	0.769121	0.781124	0.781543	0.811160	0.813017	0.806177	0.808008	0.805912	0.704478	0.705685	0.712972	0.703771	0.708146	0.908867	0.900250	0.897328	0.903843	0.898515	0.751127	0.755424	0.756092	0.745346	0.758019	0.716167	0.730329	0.723641	0.728574	0.726194	0.797670	0.802623	0.810253	0.802792	0.797875	0.692724	0.681182	0.694936	0.677079	0.685008	0.644992	0.721498	0.556928	0.717975	0.717239	0.854485	0.766101	0.764750	0.771770	0.751173	0.846970	0.843998	0.842356	0.847689	0.761450	0.786309	0.816283	0.825016	0.876098	0.835643	0.864030	0.882180	0.890081	0.877419	0.810443	0.805759	0.887014	0.885358	0.823670	0.858536	0.849465	0.827689	0.864063	0.890853	0.879245	0.885842	0.989090	0.994371	0.976778	0.983808	0.978989	0.979424	0.977847	0.982938	0.978311	1.000000	0.989594	0.984175	0.987416	0.985697	0.990446	0.977921	0.988573	0.951117	0.976774	0.957120	0.947477	0.959267	0.964068	0.964245	0.968195	0.964577	0.964549	0.976704	0.967491	0.971524	0.980178	0.866884	0.870980	0.922669	0.958738	0.943634	0.958248	0.950475	0.954065	0.954622	0.959903	0.959642	0.959923	0.913185	0.868864	0.832539	0.893702	0.958017	0.960607	0.958856	0.966430	0.959843	0.962354	0.963903	0.971198	0.958241	0.955797	0.943747	0.965548	0.960450
E-ERAD-478__d21_male_paired_r2	0.901370	0.892575	0.886211	0.894083	0.883957	0.885259	0.878736	0.891803	0.896860	0.882331	0.923160	0.913696	0.911161	0.915533	0.909775	0.920195	0.919527	0.918251	0.910403	0.908464	0.955207	0.954969	0.959114	0.962200	0.961485	0.953819	0.957559	0.952083	0.947837	0.952841	0.735354	0.737532	0.737862	0.776208	0.790580	0.726612	0.719693	0.727951	0.735787	0.727022	0.746246	0.939780	0.820966	0.812212	0.913480	0.908795	0.917457	0.830075	0.931196	0.931837	0.932622	0.932947	0.934324	0.957419	0.957523	0.957997	0.955923	0.958872	0.882536	0.886330	0.885021	0.884909	0.885006	0.768595	0.766901	0.761832	0.744234	0.762298	0.794204	0.801285	0.807710	0.808300	0.794557	0.974600	0.970156	0.977153	0.977172	0.973598	0.906434	0.899654	0.908147	0.903864	0.907342	0.780718	0.778489	0.756943	0.778483	0.778566	0.813386	0.813202	0.807692	0.809937	0.807455	0.692343	0.696067	0.698418	0.690578	0.695581	0.899855	0.892204	0.888687	0.895945	0.887306	0.742870	0.744409	0.743313	0.734018	0.747227	0.701361	0.717621	0.710314	0.714638	0.712665	0.794198	0.798951	0.805420	0.798221	0.793763	0.685561	0.675210	0.685076	0.670458	0.677180	0.640657	0.709667	0.551707	0.707579	0.708610	0.852127	0.759513	0.757017	0.763924	0.746164	0.837274	0.834400	0.833088	0.837925	0.754246	0.778465	0.811629	0.818661	0.866828	0.827310	0.854536	0.872322	0.880094	0.868795	0.804601	0.798881	0.878128	0.877055	0.816105	0.852392	0.839917	0.819868	0.854435	0.882887	0.871223	0.877892	0.978589	0.989881	0.967703	0.970725	0.969460	0.967026	0.964442	0.971009	0.964975	0.989594	1.000000	0.988616	0.986187	0.990213	0.992199	0.977909	0.989642	0.947948	0.974008	0.952040	0.941335	0.952039	0.956512	0.955758	0.969166	0.966666	0.966033	0.981283	0.974066	0.977340	0.984493	0.855815	0.859610	0.913453	0.950156	0.937462	0.949872	0.958273	0.962503	0.961969	0.967073	0.967132	0.966725	0.918482	0.856771	0.821019	0.882365	0.950025	0.952708	0.951759	0.958424	0.967192	0.970383	0.971307	0.977715	0.965771	0.961876	0.950162	0.972223	0.966993
E-ERAD-478__d21_male_paired_r3	0.902664	0.894188	0.886051	0.896587	0.883274	0.886515	0.880069	0.892614	0.898392	0.884616	0.926059	0.915875	0.915647	0.918383	0.913322	0.924137	0.923127	0.920755	0.913046	0.911449	0.956925	0.957733	0.962206	0.962821	0.962674	0.955760	0.960311	0.954027	0.948996	0.953032	0.712108	0.714731	0.714774	0.754948	0.770440	0.711097	0.702862	0.712174	0.719588	0.710747	0.729450	0.950422	0.815653	0.808244	0.915850	0.910532	0.918966	0.824446	0.941493	0.941166	0.941985	0.941454	0.943397	0.957786	0.957400	0.958584	0.957038	0.959939	0.880535	0.881980	0.879392	0.879370	0.880453	0.759312	0.756722	0.754284	0.736822	0.750814	0.793652	0.799883	0.806933	0.807336	0.794851	0.980883	0.977769	0.982018	0.984373	0.981195	0.906645	0.899176	0.904790	0.901383	0.906073	0.769441	0.769952	0.745944	0.768763	0.770389	0.813366	0.811833	0.806830	0.808509	0.807303	0.680067	0.682685	0.682250	0.678152	0.683282	0.895745	0.887030	0.885131	0.890446	0.881447	0.733392	0.732487	0.730659	0.724138	0.734781	0.686414	0.703622	0.695461	0.702468	0.700323	0.793479	0.798338	0.803708	0.797193	0.791656	0.676119	0.665383	0.673109	0.661079	0.667264	0.635470	0.695028	0.547719	0.695070	0.696650	0.848231	0.752660	0.751344	0.758327	0.740209	0.831965	0.829205	0.828867	0.833615	0.746137	0.774483	0.810430	0.815865	0.859969	0.820828	0.848190	0.866051	0.869509	0.861995	0.802706	0.793519	0.875125	0.873974	0.809969	0.852160	0.834808	0.817653	0.848086	0.881989	0.868720	0.879042	0.973742	0.985504	0.966902	0.966555	0.966812	0.959966	0.956055	0.965044	0.957366	0.984175	0.988616	1.000000	0.986322	0.991719	0.990397	0.976055	0.986805	0.953491	0.980363	0.954542	0.941734	0.955577	0.958850	0.959494	0.972951	0.973167	0.972944	0.989123	0.982976	0.985700	0.990860	0.852233	0.856010	0.912842	0.953711	0.939332	0.953327	0.970260	0.973338	0.972450	0.977525	0.975308	0.976934	0.926449	0.852670	0.816473	0.879213	0.953124	0.956408	0.955147	0.960432	0.976398	0.977596	0.979792	0.984333	0.973547	0.970764	0.957289	0.979923	0.975487
E-ERAD-478__d21_male_paired_r4	0.909628	0.901312	0.894900	0.904908	0.895895	0.897476	0.890473	0.903270	0.901517	0.894510	0.932607	0.924958	0.922011	0.925513	0.920666	0.928565	0.928693	0.926916	0.919926	0.919595	0.958652	0.957568	0.962666	0.963738	0.962969	0.957810	0.960551	0.955400	0.952099	0.955533	0.733282	0.733152	0.734662	0.766917	0.782406	0.717762	0.704924	0.713940	0.722507	0.710848	0.737542	0.943044	0.833855	0.826873	0.931412	0.924480	0.933511	0.839525	0.938622	0.937452	0.940084	0.940040	0.942777	0.964203	0.963564	0.965651	0.962395	0.964661	0.898118	0.890317	0.888895	0.888994	0.890614	0.767571	0.771487	0.766623	0.757566	0.768564	0.805323	0.808665	0.813902	0.809868	0.805989	0.980328	0.981595	0.982295	0.979128	0.979627	0.916289	0.913618	0.913837	0.911392	0.914918	0.777791	0.783771	0.760959	0.777116	0.780605	0.818085	0.818090	0.812977	0.813551	0.815062	0.696815	0.706283	0.694788	0.692735	0.701034	0.911348	0.897002	0.903484	0.894803	0.887826	0.751255	0.750021	0.746423	0.742778	0.750908	0.696867	0.716007	0.708933	0.714261	0.712358	0.805973	0.805506	0.811945	0.802504	0.807620	0.689847	0.672049	0.684277	0.667842	0.675149	0.669297	0.707526	0.592897	0.706962	0.708306	0.849447	0.744973	0.746368	0.753981	0.734106	0.826104	0.823356	0.822065	0.827081	0.742849	0.765339	0.827345	0.830628	0.872459	0.835121	0.864108	0.882322	0.883324	0.882592	0.815059	0.800898	0.895412	0.892760	0.817740	0.883036	0.844510	0.834400	0.862699	0.905595	0.894560	0.900318	0.985803	0.991285	0.972872	0.973275	0.972707	0.968291	0.968328	0.973986	0.971102	0.987416	0.986187	0.986322	1.000000	0.986763	0.987655	0.980523	0.990347	0.954905	0.978070	0.960476	0.948377	0.958951	0.972092	0.962770	0.975265	0.972726	0.969716	0.981755	0.976149	0.979872	0.986069	0.870542	0.873149	0.926595	0.962795	0.957676	0.960148	0.966363	0.967518	0.967738	0.972873	0.971462	0.973038	0.940735	0.879494	0.847840	0.893882	0.962870	0.966626	0.964344	0.969501	0.971278	0.975023	0.974176	0.982461	0.970093	0.970700	0.964786	0.976830	0.970757
E-ERAD-478__d21_male_unpaired_r1	0.896754	0.888399	0.878119	0.889148	0.874915	0.878744	0.872109	0.885114	0.891086	0.877018	0.920588	0.909910	0.908160	0.910809	0.905788	0.916385	0.915857	0.913785	0.905262	0.903325	0.951230	0.952219	0.956641	0.959508	0.958316	0.950968	0.955523	0.949604	0.944765	0.948429	0.717586	0.719171	0.720272	0.758110	0.772749	0.714985	0.707143	0.715244	0.723030	0.714471	0.733674	0.941326	0.807795	0.799210	0.909884	0.903501	0.912433	0.815442	0.932765	0.932646	0.933956	0.933989	0.935585	0.954517	0.954043	0.955513	0.953617	0.956737	0.880980	0.882593	0.880803	0.879585	0.880841	0.765439	0.763699	0.761831	0.744157	0.758126	0.794861	0.801776	0.807642	0.807597	0.795759	0.978904	0.975307	0.980404	0.981146	0.977779	0.906413	0.900817	0.906684	0.901615	0.906477	0.776772	0.775160	0.752580	0.776153	0.776710	0.814833	0.813980	0.809511	0.810935	0.808826	0.687101	0.690234	0.689262	0.685005	0.690474	0.896592	0.888051	0.886629	0.890606	0.881430	0.740145	0.739528	0.737554	0.731109	0.741917	0.693225	0.710081	0.702132	0.708360	0.706114	0.794988	0.800107	0.805961	0.798536	0.794257	0.681973	0.672087	0.678411	0.667165	0.672851	0.643017	0.702589	0.554755	0.702474	0.704206	0.841071	0.750365	0.751522	0.758979	0.738929	0.829907	0.827110	0.827003	0.831640	0.743744	0.772371	0.810552	0.816594	0.860264	0.822839	0.850316	0.867179	0.870686	0.863452	0.801728	0.793805	0.874356	0.874391	0.809650	0.852530	0.835053	0.818538	0.849987	0.882515	0.870240	0.878528	0.973706	0.988169	0.964060	0.964549	0.966724	0.959620	0.956413	0.965859	0.958324	0.985697	0.990213	0.991719	0.986763	1.000000	0.994118	0.974980	0.991860	0.947327	0.976332	0.950953	0.937555	0.949495	0.957235	0.955513	0.970524	0.969307	0.967356	0.985855	0.979845	0.983568	0.989972	0.845487	0.849643	0.907912	0.949362	0.938068	0.949308	0.966056	0.969315	0.968636	0.973450	0.973325	0.973129	0.924258	0.847118	0.810989	0.872124	0.948761	0.951393	0.951669	0.956892	0.971013	0.973630	0.974736	0.980795	0.969260	0.967689	0.954801	0.975991	0.972109
E-ERAD-478__d21_male_unpaired_r2	0.900033	0.891386	0.884081	0.892969	0.882020	0.884053	0.877746	0.889674	0.896306	0.881757	0.921099	0.911328	0.909239	0.912974	0.908095	0.919075	0.918296	0.916789	0.908978	0.907143	0.954837	0.955675	0.959627	0.961411	0.961170	0.954605	0.957733	0.952653	0.948352	0.952289	0.735267	0.737503	0.738031	0.777054	0.791244	0.724814	0.718047	0.726587	0.734758	0.725534	0.744584	0.940055	0.819290	0.810857	0.912662	0.908145	0.916753	0.828107	0.931479	0.931717	0.932761	0.932868	0.934521	0.958684	0.959102	0.959281	0.957623	0.960707	0.885137	0.889747	0.887654	0.887108	0.887878	0.771250	0.770992	0.765499	0.748869	0.766630	0.796970	0.804690	0.810910	0.811575	0.797942	0.976357	0.972179	0.979436	0.979555	0.976692	0.907508	0.900528	0.909363	0.904631	0.908761	0.783225	0.781747	0.760642	0.781801	0.782069	0.814744	0.814807	0.810509	0.811736	0.809214	0.696315	0.698351	0.701476	0.695259	0.699034	0.901533	0.893774	0.890746	0.897385	0.889334	0.746763	0.748835	0.747686	0.738394	0.751381	0.706153	0.721142	0.713996	0.719715	0.717345	0.796744	0.801830	0.808260	0.801607	0.796791	0.688675	0.676283	0.687337	0.673098	0.679711	0.643920	0.712284	0.554714	0.711073	0.710836	0.851061	0.761868	0.762237	0.769399	0.748477	0.839025	0.836194	0.835173	0.840092	0.757005	0.781087	0.812719	0.821015	0.867813	0.829016	0.855737	0.873820	0.880827	0.869143	0.805322	0.801062	0.879100	0.877806	0.818597	0.852840	0.841848	0.821694	0.855786	0.884106	0.871155	0.878709	0.979481	0.991179	0.969689	0.972562	0.971467	0.968458	0.966540	0.973266	0.966973	0.990446	0.992199	0.990397	0.987655	0.994118	1.000000	0.980581	0.993874	0.948707	0.976991	0.952790	0.941671	0.953580	0.958795	0.958684	0.969925	0.967591	0.967376	0.983931	0.976785	0.980465	0.988198	0.855706	0.859556	0.913874	0.952754	0.937732	0.951739	0.960845	0.965287	0.964725	0.969837	0.970091	0.969502	0.921163	0.856948	0.821070	0.881819	0.951740	0.954430	0.953220	0.960612	0.967691	0.969600	0.972148	0.979319	0.967583	0.964846	0.951890	0.973722	0.969286
E-ERAD-478__d21_male_unpaired_r3	0.893193	0.886445	0.885865	0.888666	0.887138	0.880822	0.884228	0.887805	0.904359	0.878418	0.912132	0.903949	0.904361	0.907226	0.902048	0.919403	0.918571	0.918576	0.911540	0.910690	0.942426	0.943982	0.947729	0.945493	0.946486	0.946885	0.951379	0.946381	0.942447	0.945242	0.732203	0.734445	0.734583	0.772973	0.788826	0.713637	0.706576	0.717032	0.725817	0.716326	0.734943	0.935318	0.822584	0.815887	0.914828	0.911360	0.918550	0.832687	0.929960	0.927691	0.931323	0.930709	0.931980	0.961577	0.960520	0.960813	0.960256	0.963150	0.895627	0.901375	0.898178	0.899544	0.899354	0.759436	0.755926	0.753046	0.733880	0.752797	0.793645	0.803694	0.808938	0.811153	0.794848	0.971967	0.966362	0.975278	0.974174	0.971771	0.918361	0.911852	0.921267	0.918426	0.920563	0.770447	0.774140	0.746211	0.767683	0.768922	0.814504	0.813310	0.809041	0.810129	0.809496	0.689521	0.688690	0.697658	0.688636	0.692729	0.912561	0.905225	0.900773	0.910970	0.901124	0.733326	0.740137	0.736187	0.726798	0.738180	0.698006	0.713196	0.705970	0.711177	0.709049	0.794065	0.798287	0.805322	0.798269	0.793249	0.677309	0.662779	0.680634	0.660657	0.670856	0.631166	0.706661	0.543589	0.703122	0.700625	0.848867	0.754946	0.755059	0.761781	0.736928	0.852508	0.848903	0.846798	0.852373	0.758324	0.792307	0.822750	0.825695	0.881003	0.835436	0.866049	0.884201	0.890420	0.881335	0.818710	0.808136	0.889830	0.891292	0.825944	0.864970	0.853095	0.832992	0.866512	0.895479	0.885451	0.892697	0.976752	0.979764	0.967689	0.970395	0.968168	0.966885	0.972962	0.970353	0.975754	0.977921	0.977909	0.976055	0.980523	0.974980	0.980581	1.000000	0.981221	0.941364	0.967243	0.946663	0.935275	0.955567	0.961350	0.960040	0.958161	0.957277	0.956954	0.971601	0.967275	0.969973	0.978623	0.859364	0.863143	0.914006	0.957096	0.935955	0.957352	0.953975	0.957158	0.955822	0.962814	0.959469	0.960835	0.913423	0.859668	0.822802	0.885257	0.955217	0.960594	0.956050	0.962086	0.959696	0.959487	0.962544	0.980572	0.959993	0.956744	0.942682	0.970830	0.960571
E-ERAD-478__d21_male_unpaired_r4	0.901854	0.893402	0.888532	0.896212	0.887083	0.888981	0.881588	0.894098	0.895535	0.885175	0.924083	0.915194	0.912570	0.916267	0.911990	0.920827	0.920625	0.919476	0.911091	0.911046	0.953543	0.953441	0.957421	0.958960	0.959383	0.952860	0.955968	0.951030	0.947670	0.951236	0.746801	0.747579	0.749083	0.782163	0.795652	0.728858	0.719849	0.727768	0.736725	0.726331	0.749802	0.937249	0.828607	0.820708	0.917153	0.911131	0.920178	0.834747	0.931456	0.931686	0.934487	0.934608	0.936841	0.957650	0.957412	0.958095	0.954972	0.958522	0.891754	0.890562	0.888860	0.889085	0.889928	0.780102	0.777011	0.776193	0.758373	0.774048	0.799512	0.806171	0.812283	0.809571	0.800488	0.978453	0.975132	0.980809	0.977988	0.974958	0.914295	0.909993	0.915304	0.911788	0.915483	0.790978	0.792269	0.767551	0.789522	0.790741	0.819327	0.818387	0.814267	0.815535	0.814460	0.708016	0.714469	0.710008	0.705292	0.710474	0.906810	0.897039	0.898210	0.898765	0.890136	0.756509	0.757613	0.756018	0.748864	0.759647	0.714196	0.728920	0.722062	0.726592	0.724954	0.800119	0.802605	0.809331	0.801079	0.801976	0.694713	0.678070	0.694277	0.675041	0.683105	0.664642	0.719836	0.580786	0.717479	0.717188	0.854184	0.755383	0.755971	0.764148	0.742576	0.831854	0.830037	0.828195	0.833547	0.753606	0.773674	0.819995	0.826540	0.871713	0.834912	0.862075	0.879402	0.885359	0.878023	0.811613	0.803415	0.889610	0.886359	0.820056	0.869183	0.845027	0.829714	0.861212	0.894316	0.882748	0.888010	0.981316	0.992028	0.967260	0.970231	0.968784	0.967369	0.966923	0.972752	0.968328	0.988573	0.989642	0.986805	0.990347	0.991860	0.993874	0.981221	1.000000	0.947420	0.973713	0.953443	0.941684	0.950128	0.960182	0.954869	0.969303	0.966850	0.964421	0.979857	0.975060	0.979119	0.986574	0.864507	0.868294	0.918637	0.952388	0.941898	0.951435	0.961475	0.964829	0.964139	0.970435	0.970070	0.969820	0.932318	0.869304	0.836927	0.887959	0.951205	0.954261	0.952731	0.959338	0.966500	0.969731	0.970550	0.979025	0.967964	0.967633	0.958687	0.973691	0.968611
E-ERAD-478__d28_female_paired_r1	0.961614	0.955060	0.948336	0.959873	0.939141	0.954816	0.927256	0.957063	0.921287	0.951481	0.966612	0.965424	0.964673	0.966576	0.963669	0.955372	0.954516	0.952544	0.948669	0.949389	0.950314	0.942293	0.945629	0.950852	0.945881	0.939342	0.940544	0.933805	0.933825	0.941259	0.731103	0.736190	0.733768	0.763519	0.779608	0.700338	0.693049	0.703599	0.708748	0.698385	0.722367	0.937864	0.899939	0.894082	0.939180	0.945427	0.941223	0.906476	0.935343	0.937301	0.934780	0.933194	0.932164	0.964485	0.959256	0.964066	0.955165	0.953561	0.866036	0.865141	0.863191	0.863329	0.865025	0.731100	0.743404	0.726743	0.725487	0.739252	0.779383	0.783688	0.790277	0.788810	0.780635	0.947097	0.950639	0.950332	0.951757	0.954894	0.874312	0.868574	0.871751	0.870138	0.872720	0.739781	0.746625	0.733237	0.738699	0.742070	0.785417	0.785490	0.779335	0.780064	0.781719	0.678838	0.682964	0.679627	0.676797	0.681918	0.876778	0.862405	0.866332	0.863249	0.860753	0.720137	0.725880	0.721301	0.717334	0.725480	0.684031	0.699310	0.693456	0.698932	0.697321	0.777355	0.779238	0.785830	0.778802	0.777853	0.666592	0.652207	0.666898	0.646989	0.651579	0.638122	0.685656	0.557328	0.685367	0.685689	0.873695	0.733337	0.732764	0.740095	0.722736	0.805199	0.803783	0.802905	0.807038	0.729501	0.749940	0.793607	0.801240	0.840962	0.802874	0.828724	0.843466	0.854133	0.844962	0.785970	0.775535	0.862625	0.855880	0.793294	0.841211	0.815516	0.799581	0.827832	0.864845	0.851236	0.859236	0.954142	0.948871	0.952569	0.950349	0.950617	0.944033	0.940879	0.948197	0.938844	0.951117	0.947948	0.953491	0.954905	0.947327	0.948707	0.941364	0.947420	1.000000	0.975685	0.992004	0.991162	0.966043	0.953075	0.959698	0.988751	0.987246	0.990000	0.965147	0.972296	0.968116	0.962788	0.940326	0.942788	0.977060	0.963090	0.948811	0.959695	0.969371	0.972603	0.973084	0.966873	0.970192	0.971372	0.930248	0.932209	0.899704	0.958113	0.958119	0.957798	0.955013	0.956801	0.965898	0.965845	0.966124	0.955571	0.971855	0.965420	0.957214	0.968697	0.968689
E-ERAD-478__d28_female_paired_r2	0.926854	0.920155	0.912850	0.921884	0.906785	0.913753	0.902310	0.919338	0.915591	0.911981	0.942462	0.934894	0.935468	0.937898	0.934104	0.940159	0.939042	0.937707	0.930399	0.929374	0.963198	0.962760	0.966411	0.966434	0.965581	0.961627	0.962432	0.956801	0.954519	0.958361	0.723248	0.727445	0.726165	0.766830	0.783220	0.709108	0.701684	0.712420	0.717565	0.708681	0.728373	0.950594	0.847150	0.840806	0.937515	0.935313	0.941808	0.856143	0.944490	0.943255	0.943308	0.942818	0.942426	0.978010	0.976929	0.977121	0.975306	0.976333	0.887355	0.889880	0.888718	0.888106	0.889226	0.747489	0.759604	0.742693	0.739309	0.754037	0.800174	0.807186	0.813410	0.814251	0.801260	0.974272	0.975792	0.978020	0.980588	0.980767	0.897415	0.891200	0.897375	0.894119	0.897745	0.757499	0.761942	0.748162	0.756023	0.758574	0.807592	0.807728	0.802163	0.802562	0.802418	0.682953	0.685060	0.685408	0.681215	0.685946	0.899609	0.888015	0.888576	0.889797	0.886459	0.733426	0.736852	0.732810	0.727334	0.738000	0.690500	0.706299	0.699107	0.704741	0.702774	0.798224	0.802562	0.808574	0.802683	0.796492	0.676887	0.667361	0.675045	0.661966	0.665123	0.637641	0.696758	0.550217	0.697186	0.697363	0.866708	0.759280	0.759472	0.766551	0.747297	0.833696	0.830485	0.830328	0.834719	0.752915	0.775823	0.813121	0.820119	0.862572	0.822307	0.849148	0.867102	0.875656	0.864267	0.804406	0.796783	0.878419	0.876070	0.814419	0.854768	0.837540	0.818151	0.849208	0.884445	0.870000	0.879908	0.975710	0.974406	0.977905	0.975341	0.976901	0.966396	0.962290	0.973037	0.962899	0.976774	0.974008	0.980363	0.978070	0.976332	0.976991	0.967243	0.973713	0.975685	1.000000	0.977337	0.967678	0.979734	0.976385	0.981324	0.984235	0.984408	0.987164	0.990669	0.982220	0.984584	0.985639	0.887626	0.890593	0.942836	0.978637	0.960737	0.977642	0.972918	0.976351	0.977114	0.976181	0.975353	0.977257	0.930672	0.886574	0.850480	0.912948	0.975004	0.977355	0.975610	0.977725	0.976664	0.977475	0.978718	0.979039	0.974440	0.971602	0.958470	0.978928	0.974741
E-ERAD-478__d28_female_paired_r3	0.959577	0.954872	0.944048	0.955698	0.935149	0.951129	0.925720	0.953674	0.921289	0.947733	0.964387	0.962468	0.961284	0.963199	0.959899	0.951758	0.951172	0.949894	0.944798	0.946221	0.948171	0.941001	0.945167	0.949796	0.945350	0.938977	0.939644	0.932870	0.932834	0.941057	0.738241	0.741466	0.740678	0.768024	0.784260	0.704088	0.694378	0.704875	0.710022	0.699703	0.724646	0.933933	0.897589	0.891490	0.940819	0.945706	0.943592	0.903699	0.931368	0.933091	0.931935	0.930554	0.929056	0.970000	0.964915	0.970228	0.961196	0.959261	0.873817	0.871038	0.869677	0.869208	0.871294	0.739591	0.751664	0.736028	0.736043	0.747733	0.785733	0.790106	0.795899	0.793488	0.786888	0.950368	0.954264	0.953996	0.953936	0.957180	0.880277	0.876489	0.879206	0.876599	0.879770	0.748069	0.754709	0.742047	0.746772	0.749952	0.790773	0.790532	0.785731	0.785602	0.787642	0.684174	0.689487	0.684612	0.681811	0.687793	0.883829	0.868343	0.873823	0.868496	0.866393	0.728538	0.733708	0.729118	0.725727	0.732733	0.688641	0.704290	0.698939	0.703094	0.701120	0.783086	0.784429	0.790957	0.783374	0.784405	0.672249	0.657409	0.672323	0.651605	0.656891	0.646367	0.691257	0.566942	0.690847	0.690778	0.869006	0.730624	0.731422	0.739065	0.720315	0.807164	0.804647	0.804556	0.808730	0.728622	0.749923	0.801746	0.807643	0.848547	0.810697	0.837650	0.851666	0.860233	0.853929	0.793703	0.780696	0.870437	0.863443	0.797109	0.851066	0.823128	0.808856	0.836385	0.874089	0.861564	0.868529	0.960610	0.955292	0.956931	0.956631	0.956237	0.950259	0.947007	0.954998	0.946342	0.957120	0.952040	0.954542	0.960476	0.950953	0.952790	0.946663	0.953443	0.992004	0.977337	1.000000	0.991537	0.968537	0.958620	0.963495	0.988579	0.987765	0.986691	0.965246	0.971544	0.969375	0.963177	0.939254	0.942014	0.980034	0.968437	0.955908	0.964585	0.967144	0.970958	0.972541	0.965614	0.969685	0.970071	0.933391	0.936447	0.903291	0.958419	0.962796	0.963133	0.960750	0.961375	0.966157	0.966826	0.966827	0.956512	0.971133	0.966620	0.958569	0.969141	0.968479
E-ERAD-478__d28_female_paired_r4	0.966288	0.960529	0.953583	0.963918	0.943806	0.961195	0.932637	0.962527	0.921826	0.957785	0.965054	0.965167	0.963630	0.965561	0.963522	0.952744	0.951609	0.949743	0.946690	0.947867	0.942566	0.934023	0.937048	0.943312	0.939053	0.932188	0.933179	0.926413	0.926756	0.934679	0.751145	0.758035	0.753890	0.779037	0.794452	0.710249	0.702487	0.712486	0.717813	0.707271	0.731604	0.928409	0.914319	0.908658	0.940382	0.946738	0.943121	0.923566	0.924662	0.927520	0.926163	0.924410	0.922802	0.963127	0.957980	0.963445	0.953384	0.951414	0.865394	0.864995	0.863009	0.863480	0.864694	0.735733	0.749388	0.732463	0.732462	0.746902	0.779428	0.782827	0.789287	0.787002	0.780337	0.937161	0.941057	0.940815	0.940755	0.944125	0.869661	0.865348	0.868838	0.866608	0.869514	0.744812	0.752151	0.741019	0.742450	0.745879	0.781925	0.783106	0.777604	0.777806	0.779101	0.688093	0.693975	0.690803	0.686702	0.691989	0.875490	0.861242	0.866004	0.860838	0.859654	0.727002	0.733996	0.731130	0.726049	0.733531	0.693679	0.709469	0.703751	0.706621	0.705537	0.776569	0.776947	0.784161	0.776439	0.778248	0.673475	0.659149	0.675459	0.652318	0.657325	0.646176	0.694796	0.568077	0.692732	0.693160	0.874253	0.732335	0.732086	0.739368	0.722857	0.802393	0.801102	0.799183	0.803502	0.729640	0.746179	0.791643	0.800449	0.840428	0.803648	0.829564	0.845660	0.854747	0.846334	0.784336	0.775576	0.863018	0.856193	0.794510	0.842520	0.814661	0.799326	0.828459	0.863808	0.852041	0.857483	0.952508	0.943150	0.949788	0.949266	0.947710	0.943868	0.941596	0.947216	0.938733	0.947477	0.941335	0.941734	0.948377	0.937555	0.941671	0.935275	0.941684	0.991162	0.967678	0.991537	1.000000	0.962967	0.949407	0.955512	0.984489	0.979246	0.979796	0.952384	0.959999	0.957342	0.951624	0.953263	0.955830	0.985511	0.961685	0.949868	0.957182	0.957582	0.960953	0.962078	0.955222	0.960105	0.960410	0.924686	0.946837	0.915319	0.970042	0.957366	0.955184	0.952558	0.955167	0.954600	0.955948	0.955577	0.945468	0.962293	0.955739	0.950342	0.958635	0.958605
E-ERAD-478__d28_female_unpaired_r1	0.919270	0.912121	0.908152	0.915126	0.904906	0.908781	0.901227	0.914143	0.913325	0.908482	0.929205	0.924177	0.924644	0.927279	0.922981	0.931229	0.930028	0.929865	0.924125	0.923458	0.945576	0.944835	0.948655	0.948518	0.946954	0.947488	0.946781	0.942177	0.940378	0.944606	0.717752	0.721642	0.719939	0.764534	0.782532	0.699946	0.692335	0.703459	0.708649	0.699310	0.718494	0.928468	0.852099	0.846570	0.944043	0.943403	0.948402	0.861691	0.924500	0.921762	0.923114	0.922318	0.920900	0.980499	0.978182	0.979632	0.978203	0.977227	0.884684	0.888020	0.885987	0.886318	0.886641	0.728360	0.749321	0.722582	0.729370	0.743610	0.793736	0.801693	0.806614	0.808142	0.794560	0.952283	0.954927	0.956720	0.958039	0.961050	0.884391	0.879430	0.884322	0.882786	0.885035	0.737891	0.745699	0.737008	0.736332	0.739176	0.791537	0.792693	0.786807	0.786784	0.787768	0.668444	0.669929	0.671560	0.666363	0.671353	0.893254	0.877999	0.881186	0.879258	0.879606	0.718146	0.724203	0.718946	0.713389	0.724160	0.675808	0.691803	0.685687	0.690860	0.688885	0.787984	0.791341	0.797896	0.792225	0.786221	0.666775	0.659449	0.664840	0.653299	0.654951	0.625736	0.684642	0.539680	0.686683	0.685782	0.853662	0.744815	0.746531	0.752833	0.730909	0.825265	0.819951	0.820217	0.825460	0.737301	0.763701	0.805235	0.809936	0.852423	0.810346	0.838537	0.859424	0.865742	0.855695	0.794638	0.785827	0.870892	0.867850	0.801899	0.848562	0.826368	0.807441	0.838565	0.879695	0.864060	0.876508	0.968730	0.955622	0.979988	0.975802	0.981452	0.971965	0.966793	0.976351	0.965452	0.959267	0.952039	0.955577	0.958951	0.949495	0.953580	0.955567	0.950128	0.966043	0.979734	0.968537	0.962967	1.000000	0.987234	0.992352	0.966424	0.965341	0.969255	0.965512	0.959221	0.960165	0.963458	0.895890	0.899143	0.948397	0.990326	0.969532	0.987754	0.950476	0.952258	0.953519	0.953829	0.951988	0.955236	0.908923	0.892565	0.855042	0.919650	0.985193	0.988152	0.983256	0.986641	0.951182	0.951509	0.953692	0.958317	0.952281	0.948185	0.936227	0.958139	0.951161
E-ERAD-478__d28_female_unpaired_r2	0.905322	0.897152	0.893733	0.901943	0.894505	0.896107	0.891528	0.900238	0.903282	0.894216	0.922260	0.916243	0.915796	0.918227	0.914060	0.923982	0.923600	0.923414	0.916565	0.917128	0.946379	0.947014	0.952117	0.950331	0.950037	0.951235	0.950448	0.946514	0.944766	0.946544	0.715759	0.716665	0.716957	0.757377	0.775511	0.698469	0.686474	0.696086	0.703186	0.692236	0.716574	0.925514	0.837005	0.831826	0.945725	0.939618	0.948912	0.844002	0.923472	0.918871	0.922754	0.921799	0.922469	0.977911	0.977136	0.978557	0.977144	0.977689	0.899548	0.893780	0.892850	0.892629	0.893927	0.737603	0.759312	0.736317	0.745631	0.754428	0.806800	0.812419	0.815911	0.814002	0.807965	0.961282	0.965795	0.964605	0.962070	0.966521	0.899992	0.898576	0.898005	0.896514	0.899403	0.746812	0.757362	0.745988	0.746304	0.750819	0.803615	0.804477	0.799217	0.798721	0.800662	0.674920	0.681567	0.671743	0.669637	0.678395	0.906824	0.888589	0.898258	0.884867	0.884711	0.730913	0.732892	0.726108	0.723503	0.731933	0.674684	0.693505	0.687040	0.692411	0.690787	0.802801	0.801888	0.808901	0.801079	0.801669	0.675418	0.662412	0.668537	0.657724	0.661207	0.650817	0.688044	0.575628	0.690940	0.690333	0.842736	0.740520	0.744943	0.752030	0.728483	0.821945	0.816820	0.817141	0.822156	0.734475	0.758375	0.823394	0.824777	0.861406	0.822168	0.851904	0.874212	0.874367	0.871603	0.805673	0.792580	0.885004	0.883438	0.807409	0.873921	0.834347	0.822655	0.850687	0.900336	0.886545	0.896393	0.976077	0.964531	0.982076	0.977808	0.984288	0.972747	0.969974	0.979707	0.971864	0.964068	0.956512	0.958850	0.972092	0.957235	0.958795	0.961350	0.960182	0.953075	0.976385	0.958620	0.949407	0.987234	1.000000	0.990021	0.961474	0.959024	0.959923	0.965847	0.956011	0.958972	0.966169	0.880273	0.882001	0.935505	0.988280	0.980091	0.985981	0.947791	0.947795	0.949374	0.952282	0.949051	0.952592	0.917843	0.884023	0.850019	0.902377	0.986926	0.989981	0.986869	0.989993	0.948872	0.952064	0.951828	0.962502	0.947536	0.948477	0.940236	0.955659	0.947304
E-ERAD-478__d28_female_unpaired_r3	0.908432	0.900995	0.897236	0.903501	0.895250	0.896602	0.893094	0.901740	0.909267	0.895251	0.920389	0.914281	0.915193	0.917185	0.912220	0.923920	0.923364	0.923481	0.917315	0.916214	0.943603	0.945225	0.949578	0.947549	0.947775	0.948896	0.948350	0.944382	0.941620	0.944403	0.718289	0.721540	0.720691	0.766761	0.785207	0.699872	0.692396	0.703185	0.709437	0.700587	0.718157	0.929125	0.839612	0.833702	0.940196	0.937769	0.944039	0.849554	0.924329	0.920804	0.922424	0.921472	0.920497	0.981909	0.980972	0.981170	0.981238	0.981226	0.890118	0.895649	0.893506	0.892908	0.893044	0.731649	0.753316	0.725957	0.731916	0.746909	0.797783	0.806794	0.811786	0.814229	0.798239	0.956502	0.958706	0.961860	0.963190	0.966948	0.891529	0.885121	0.890935	0.887812	0.891134	0.741158	0.748959	0.740785	0.739577	0.742035	0.795655	0.796739	0.790901	0.790594	0.790610	0.670154	0.668937	0.674376	0.667865	0.672483	0.899537	0.885309	0.887586	0.887018	0.886853	0.720467	0.727200	0.722043	0.716087	0.726256	0.678575	0.694037	0.688681	0.694958	0.692639	0.792381	0.796569	0.803504	0.797551	0.789387	0.668631	0.661875	0.667947	0.656525	0.659669	0.622494	0.688028	0.533557	0.689831	0.688176	0.846849	0.750030	0.751989	0.758340	0.735454	0.835985	0.830147	0.831166	0.836131	0.741102	0.773005	0.812424	0.816706	0.859457	0.815932	0.845186	0.866713	0.871008	0.861853	0.800602	0.791856	0.875739	0.874507	0.807152	0.851713	0.833292	0.813349	0.845529	0.885743	0.870123	0.883507	0.972328	0.960475	0.983646	0.980452	0.985488	0.973338	0.968026	0.979318	0.969297	0.964245	0.955758	0.959494	0.962770	0.955513	0.958684	0.960040	0.954869	0.959698	0.981324	0.963495	0.955512	0.992352	0.990021	1.000000	0.962755	0.961517	0.965024	0.968633	0.959290	0.961706	0.967493	0.883307	0.885816	0.939031	0.990748	0.970737	0.990632	0.948926	0.950432	0.951711	0.953564	0.949261	0.953635	0.903902	0.879200	0.840001	0.908048	0.988447	0.989616	0.988266	0.991030	0.950867	0.951208	0.953713	0.960977	0.949242	0.946825	0.931774	0.957163	0.949487
E-ERAD-478__d28_male_paired_r1	0.951518	0.944366	0.935545	0.947970	0.928241	0.940968	0.920271	0.945399	0.920291	0.939627	0.965122	0.960072	0.959132	0.961000	0.957822	0.955076	0.953992	0.951172	0.945154	0.945125	0.960338	0.953738	0.958327	0.962579	0.958566	0.950949	0.955132	0.946997	0.944942	0.952350	0.719161	0.724013	0.721463	0.753474	0.769793	0.701262	0.691153	0.701532	0.706573	0.696225	0.722064	0.950470	0.874147	0.867971	0.940962	0.942075	0.943012	0.881799	0.946259	0.947147	0.946911	0.945600	0.945770	0.966687	0.962592	0.967922	0.959669	0.959552	0.876355	0.871952	0.871001	0.870144	0.872520	0.743698	0.749398	0.742238	0.735959	0.745073	0.790582	0.794252	0.799802	0.796532	0.792464	0.968319	0.970889	0.969071	0.969735	0.971181	0.891543	0.888798	0.890035	0.886333	0.890773	0.751967	0.758374	0.738765	0.751761	0.755122	0.802166	0.801354	0.796596	0.796676	0.797567	0.679168	0.686432	0.677979	0.676482	0.683341	0.888891	0.875355	0.880850	0.873806	0.868024	0.728970	0.730212	0.724819	0.722314	0.730532	0.681161	0.699749	0.692418	0.696957	0.695364	0.790879	0.791732	0.797629	0.789726	0.791569	0.672244	0.658227	0.668284	0.652224	0.656967	0.649015	0.687309	0.571328	0.687678	0.689426	0.869296	0.736274	0.736782	0.744313	0.727612	0.811012	0.809896	0.809147	0.812913	0.733558	0.754487	0.806603	0.811225	0.851128	0.814505	0.841167	0.858513	0.861618	0.858274	0.797029	0.785381	0.873303	0.870061	0.802180	0.858438	0.825066	0.813293	0.840220	0.880973	0.868319	0.876053	0.964899	0.967807	0.959677	0.957062	0.958380	0.951077	0.949071	0.956639	0.947990	0.968195	0.969166	0.972951	0.975265	0.970524	0.969925	0.958161	0.969303	0.988751	0.984235	0.988579	0.984489	0.966424	0.961474	0.962755	1.000000	0.994572	0.992789	0.980888	0.986667	0.984799	0.979871	0.912913	0.915359	0.962104	0.965838	0.958115	0.962296	0.981498	0.984749	0.985281	0.982365	0.985285	0.984840	0.947539	0.913217	0.881109	0.934450	0.962877	0.962874	0.961707	0.962777	0.981320	0.983734	0.983003	0.972581	0.984752	0.980827	0.973310	0.983393	0.982864
E-ERAD-478__d28_male_paired_r2	0.948332	0.942111	0.932615	0.945333	0.925466	0.937554	0.917960	0.942752	0.920014	0.935884	0.964366	0.958726	0.958133	0.960088	0.956812	0.954342	0.953710	0.951208	0.944469	0.944647	0.959170	0.953652	0.957698	0.961276	0.957589	0.950472	0.954166	0.946667	0.944759	0.951705	0.713368	0.717442	0.715966	0.749742	0.765806	0.699750	0.690155	0.700840	0.705498	0.695853	0.720327	0.952933	0.868625	0.862840	0.938437	0.939527	0.940885	0.875429	0.949224	0.950240	0.950438	0.948916	0.948712	0.964042	0.959959	0.964512	0.957762	0.957140	0.874923	0.870600	0.869542	0.868874	0.871231	0.740438	0.745395	0.738905	0.730827	0.740421	0.790251	0.794195	0.799732	0.797300	0.791858	0.968723	0.970934	0.969578	0.971342	0.971786	0.891020	0.888153	0.888581	0.886517	0.889857	0.749051	0.754384	0.734484	0.748536	0.752351	0.802797	0.800931	0.796639	0.796668	0.798887	0.677054	0.683432	0.675143	0.674081	0.680841	0.887303	0.873179	0.877895	0.873421	0.867677	0.725378	0.726872	0.720848	0.718916	0.726545	0.678995	0.696765	0.689854	0.694618	0.693264	0.790063	0.792228	0.797484	0.789847	0.790305	0.670789	0.655960	0.667018	0.651089	0.655705	0.646135	0.685066	0.566920	0.685683	0.687008	0.870708	0.737539	0.737931	0.745502	0.727989	0.810869	0.809256	0.808519	0.812451	0.734249	0.755266	0.806427	0.811335	0.850382	0.813294	0.839360	0.855674	0.861176	0.856193	0.797052	0.784273	0.872227	0.868108	0.801184	0.855731	0.825273	0.811974	0.838746	0.878587	0.865570	0.873367	0.960635	0.964244	0.956607	0.953826	0.955125	0.946570	0.944841	0.952260	0.943941	0.964577	0.966666	0.973167	0.972726	0.969307	0.967591	0.957277	0.966850	0.987246	0.984408	0.987765	0.979246	0.965341	0.959024	0.961517	0.994572	1.000000	0.994780	0.982497	0.989680	0.987549	0.980742	0.908723	0.911167	0.957740	0.965459	0.955750	0.961982	0.986328	0.989295	0.989637	0.985879	0.987897	0.988303	0.949436	0.907722	0.875411	0.929886	0.961280	0.961866	0.960350	0.960238	0.985036	0.985803	0.986096	0.975262	0.988231	0.984000	0.975735	0.986354	0.986367
E-ERAD-478__d28_male_paired_r3	0.948631	0.941526	0.933929	0.945183	0.925865	0.937554	0.917914	0.942439	0.921539	0.935959	0.962208	0.956638	0.956408	0.959111	0.955476	0.954244	0.952807	0.951071	0.944631	0.944428	0.960781	0.955132	0.959017	0.962444	0.958660	0.952149	0.954894	0.947786	0.946193	0.952749	0.715266	0.720057	0.718188	0.754557	0.770876	0.700864	0.693995	0.704584	0.709048	0.700263	0.722098	0.952014	0.869034	0.862947	0.936464	0.938676	0.939343	0.876700	0.948152	0.949359	0.948047	0.946789	0.946087	0.966859	0.963602	0.966735	0.961168	0.960368	0.872467	0.872686	0.871286	0.870718	0.872337	0.738822	0.746682	0.734681	0.727975	0.740939	0.787687	0.792359	0.799451	0.798630	0.789156	0.966795	0.968137	0.968771	0.971434	0.971719	0.886538	0.881582	0.885143	0.882964	0.885741	0.748026	0.752154	0.735629	0.747122	0.749042	0.798524	0.797597	0.792562	0.792737	0.794158	0.676522	0.679811	0.677481	0.674216	0.679644	0.885371	0.872984	0.874994	0.874654	0.869530	0.723610	0.727066	0.722299	0.717650	0.727296	0.682318	0.698390	0.691906	0.697166	0.695652	0.786785	0.790367	0.795846	0.789496	0.785979	0.668715	0.656008	0.666994	0.650969	0.655201	0.635448	0.686311	0.551485	0.686377	0.687110	0.874565	0.745237	0.744493	0.751807	0.734577	0.817456	0.815198	0.814365	0.818991	0.741130	0.761784	0.802345	0.809173	0.850069	0.811220	0.837549	0.853103	0.861550	0.852575	0.795084	0.784808	0.868279	0.864684	0.801902	0.846583	0.825456	0.808381	0.837290	0.872810	0.859358	0.868069	0.961236	0.962731	0.959834	0.957441	0.958653	0.949733	0.947221	0.955248	0.945747	0.964549	0.966033	0.972944	0.969716	0.967356	0.967376	0.956954	0.964421	0.990000	0.987164	0.986691	0.979796	0.969255	0.959923	0.965024	0.992789	0.994780	1.000000	0.983810	0.988130	0.985948	0.980433	0.909623	0.911948	0.957079	0.966054	0.952242	0.963648	0.983011	0.986862	0.986929	0.982865	0.984796	0.985491	0.940129	0.904592	0.870146	0.930887	0.961583	0.962556	0.961054	0.961509	0.982304	0.982435	0.983694	0.974058	0.985081	0.979655	0.969042	0.983892	0.983858
E-ERAD-478__d28_male_paired_r4	0.912443	0.905027	0.897175	0.907338	0.890776	0.897020	0.888148	0.904228	0.905059	0.896399	0.932819	0.923737	0.924818	0.926825	0.922287	0.931188	0.929985	0.927271	0.919303	0.917695	0.957583	0.957936	0.962584	0.962177	0.960890	0.955530	0.960108	0.952885	0.948381	0.952311	0.700908	0.704751	0.703837	0.745392	0.761807	0.699399	0.692208	0.702487	0.708272	0.700273	0.718243	0.954460	0.821956	0.814949	0.921483	0.917647	0.925063	0.831146	0.946654	0.944477	0.944992	0.944433	0.945230	0.964623	0.963151	0.964305	0.963812	0.965008	0.878081	0.880058	0.879479	0.877557	0.879426	0.746984	0.749906	0.742376	0.730885	0.743144	0.792750	0.800136	0.806825	0.807386	0.794736	0.980923	0.980220	0.982387	0.986129	0.983496	0.897526	0.891654	0.898177	0.893572	0.897877	0.756306	0.759972	0.737284	0.755490	0.757377	0.809091	0.807575	0.802678	0.802990	0.802720	0.671933	0.672885	0.673504	0.669620	0.674814	0.892484	0.883129	0.881974	0.885921	0.878343	0.725371	0.725935	0.721138	0.716636	0.726784	0.677083	0.694142	0.686575	0.692314	0.689981	0.793170	0.798167	0.803261	0.797750	0.790619	0.668898	0.660689	0.664861	0.655289	0.659356	0.627805	0.685579	0.539421	0.686788	0.688039	0.852779	0.750070	0.750586	0.757107	0.738497	0.830810	0.828302	0.828098	0.832608	0.744609	0.775288	0.809790	0.814219	0.857268	0.817910	0.844919	0.862331	0.865972	0.859014	0.803055	0.794176	0.871643	0.871744	0.809062	0.849498	0.833599	0.816030	0.845087	0.880214	0.866087	0.877651	0.969284	0.977199	0.968176	0.965149	0.968474	0.957580	0.953213	0.963084	0.954093	0.976704	0.981283	0.989123	0.981755	0.985855	0.983931	0.971601	0.979857	0.965147	0.990669	0.965246	0.952384	0.965512	0.965847	0.968633	0.980888	0.982497	0.983810	1.000000	0.988338	0.990180	0.992274	0.862283	0.865846	0.922447	0.964147	0.945889	0.964009	0.977888	0.981414	0.981101	0.981920	0.981004	0.982083	0.930977	0.860678	0.823911	0.888906	0.960568	0.963896	0.963527	0.966196	0.981712	0.982453	0.984454	0.984963	0.977909	0.974517	0.960517	0.983584	0.979417
E-ERAD-478__d28_male_unpaired_r1	0.925310	0.918211	0.909897	0.921033	0.904430	0.911972	0.900067	0.918677	0.911236	0.911341	0.946945	0.938589	0.938961	0.941069	0.936254	0.941230	0.940476	0.937566	0.929936	0.929212	0.954375	0.951311	0.955689	0.957538	0.955127	0.948937	0.955277	0.947154	0.943256	0.949008	0.697349	0.701062	0.700218	0.738956	0.755698	0.698245	0.689013	0.699596	0.705296	0.696519	0.717600	0.955825	0.837361	0.831165	0.925767	0.923756	0.927950	0.845179	0.949530	0.949493	0.952536	0.951301	0.952048	0.956967	0.954379	0.957340	0.953593	0.953974	0.869740	0.868904	0.867929	0.866456	0.868487	0.742931	0.741114	0.740163	0.724668	0.734362	0.785091	0.790396	0.796487	0.794933	0.786924	0.977027	0.975601	0.976317	0.979353	0.977414	0.895072	0.890008	0.893312	0.889303	0.894085	0.750945	0.756239	0.728900	0.751129	0.753380	0.804766	0.801480	0.798077	0.798332	0.799255	0.670500	0.673167	0.669603	0.667649	0.673891	0.884630	0.873272	0.874876	0.875555	0.866343	0.720394	0.721346	0.714888	0.712189	0.720243	0.672896	0.690567	0.683453	0.689167	0.687045	0.786064	0.789672	0.794675	0.787869	0.784578	0.666861	0.654972	0.663126	0.649658	0.655039	0.633514	0.680938	0.550970	0.681929	0.683073	0.856942	0.735434	0.735454	0.742555	0.726013	0.814322	0.812145	0.811929	0.816291	0.730312	0.757924	0.803533	0.807046	0.847724	0.809623	0.836489	0.853852	0.856232	0.852511	0.794519	0.781993	0.867155	0.865817	0.797025	0.849132	0.823122	0.808897	0.836475	0.875866	0.861911	0.873163	0.959182	0.968252	0.954742	0.951908	0.954495	0.944137	0.942342	0.950207	0.942599	0.967491	0.974066	0.982976	0.976149	0.979845	0.976785	0.967275	0.975060	0.972296	0.982220	0.971544	0.959999	0.959221	0.956011	0.959290	0.986667	0.989680	0.988130	0.988338	1.000000	0.995890	0.990495	0.878325	0.880962	0.933703	0.958825	0.945723	0.957660	0.989386	0.992300	0.990303	0.993272	0.992179	0.994101	0.948059	0.877130	0.842248	0.902094	0.955468	0.957364	0.956969	0.957002	0.987388	0.988010	0.989599	0.984679	0.991670	0.988631	0.976303	0.992880	0.991814
E-ERAD-478__d28_male_unpaired_r2	0.921204	0.915093	0.906439	0.916527	0.901384	0.906833	0.898222	0.914254	0.912057	0.906519	0.943194	0.934196	0.935194	0.937109	0.932308	0.939121	0.938316	0.935942	0.927912	0.927097	0.957460	0.955537	0.959856	0.960019	0.959066	0.953366	0.958961	0.951982	0.947946	0.952903	0.702889	0.706179	0.705749	0.745071	0.760845	0.702054	0.692368	0.702605	0.709016	0.700186	0.721410	0.956143	0.833106	0.827002	0.925323	0.922124	0.927440	0.840797	0.949786	0.949716	0.952368	0.951642	0.952508	0.959160	0.957800	0.959455	0.957141	0.957620	0.873364	0.873024	0.871799	0.870626	0.872171	0.748595	0.747307	0.745641	0.730060	0.740204	0.789406	0.794807	0.800841	0.799481	0.790931	0.980665	0.978624	0.980013	0.982810	0.980424	0.897914	0.893237	0.896801	0.892756	0.897313	0.757276	0.761987	0.734842	0.757219	0.759153	0.808729	0.806041	0.802706	0.802761	0.803469	0.675731	0.679210	0.675508	0.673035	0.679166	0.888145	0.878006	0.878867	0.879673	0.870431	0.726126	0.726965	0.721300	0.717682	0.726769	0.678690	0.696542	0.689011	0.694634	0.692825	0.790300	0.794168	0.799216	0.792712	0.788939	0.672492	0.661150	0.668608	0.656155	0.660481	0.638324	0.687077	0.554099	0.687937	0.689598	0.858093	0.742840	0.742732	0.749881	0.733117	0.819501	0.817133	0.816612	0.821176	0.737211	0.763260	0.806540	0.811014	0.851466	0.813192	0.840257	0.857270	0.861049	0.855769	0.797670	0.786559	0.870215	0.869107	0.802028	0.851170	0.826551	0.811448	0.840010	0.878444	0.864949	0.875046	0.962269	0.972601	0.959539	0.956193	0.958304	0.948432	0.946080	0.954756	0.946780	0.971524	0.977340	0.985700	0.979872	0.983568	0.980465	0.969973	0.979119	0.968116	0.984584	0.969375	0.957342	0.960165	0.958972	0.961706	0.984799	0.987549	0.985948	0.990180	0.995890	1.000000	0.993226	0.873109	0.876208	0.931001	0.960723	0.947489	0.959566	0.987992	0.990180	0.988506	0.991991	0.990420	0.992488	0.946073	0.873538	0.838750	0.897444	0.957615	0.959321	0.959429	0.959489	0.986825	0.987496	0.989287	0.987187	0.988822	0.986855	0.974521	0.992352	0.989656
E-ERAD-478__d28_male_unpaired_r3	0.910184	0.902684	0.897588	0.906198	0.893983	0.897211	0.889396	0.903674	0.906073	0.895904	0.932066	0.923212	0.923738	0.925920	0.921054	0.931045	0.930020	0.928003	0.920905	0.919007	0.958405	0.959038	0.962830	0.961702	0.961570	0.956764	0.961728	0.955056	0.950340	0.954803	0.712954	0.716264	0.715569	0.755864	0.771744	0.708527	0.700502	0.710002	0.717598	0.708202	0.728213	0.953629	0.826627	0.820308	0.923087	0.918847	0.925550	0.835329	0.947078	0.945526	0.947822	0.947070	0.948462	0.963321	0.962230	0.963340	0.961760	0.963710	0.880274	0.882457	0.880267	0.879928	0.880336	0.757189	0.756725	0.753625	0.737109	0.750805	0.793459	0.800586	0.806332	0.806481	0.794835	0.983338	0.980701	0.984480	0.986249	0.984068	0.904015	0.897649	0.903094	0.899216	0.903674	0.767206	0.770843	0.744887	0.766818	0.767985	0.812191	0.810169	0.806288	0.807125	0.807023	0.680888	0.683037	0.683180	0.678859	0.684174	0.895192	0.885788	0.884941	0.888891	0.879733	0.733905	0.735129	0.731363	0.725781	0.736149	0.687164	0.703990	0.696459	0.703191	0.700957	0.794610	0.798471	0.804117	0.797631	0.792544	0.674851	0.664079	0.672779	0.659637	0.664783	0.637811	0.695181	0.551559	0.695299	0.696037	0.854902	0.750875	0.751049	0.758544	0.739088	0.829692	0.826605	0.826036	0.831181	0.744807	0.771713	0.812315	0.817420	0.858707	0.818667	0.846680	0.864860	0.868956	0.862375	0.802550	0.793526	0.876303	0.875114	0.809334	0.854510	0.832951	0.816274	0.846669	0.883398	0.869694	0.880413	0.973316	0.982133	0.969293	0.966320	0.968296	0.959730	0.957354	0.965254	0.958538	0.980178	0.984493	0.990860	0.986069	0.989972	0.988198	0.978623	0.986574	0.962788	0.985639	0.963177	0.951624	0.963458	0.966169	0.967493	0.979871	0.980742	0.980433	0.992274	0.990495	0.993226	1.000000	0.864929	0.868119	0.924279	0.962542	0.945127	0.961542	0.980448	0.981682	0.979884	0.985707	0.981680	0.985745	0.935847	0.863921	0.828459	0.889516	0.959754	0.962802	0.961224	0.965871	0.979576	0.980542	0.982459	0.989646	0.979850	0.977529	0.964984	0.987102	0.980644
E-ERAD-478__d35_female_paired_r1	0.941481	0.937849	0.941907	0.946264	0.938542	0.952168	0.920364	0.949032	0.887228	0.942322	0.926426	0.936417	0.930543	0.934737	0.936248	0.913788	0.915516	0.915968	0.916502	0.922120	0.876079	0.863558	0.863669	0.871340	0.867403	0.863401	0.858527	0.858313	0.863432	0.869747	0.801374	0.803382	0.802081	0.798099	0.808312	0.718670	0.708613	0.716918	0.724662	0.710075	0.743579	0.854419	0.961083	0.958085	0.898717	0.910408	0.900726	0.959823	0.858913	0.865871	0.864800	0.863135	0.861467	0.899760	0.894175	0.898713	0.885065	0.881265	0.831207	0.823450	0.822090	0.824724	0.826486	0.719773	0.732977	0.714849	0.721363	0.739411	0.747313	0.745139	0.752234	0.745535	0.747986	0.854837	0.860190	0.860317	0.854060	0.860385	0.821466	0.819999	0.821374	0.823721	0.821626	0.727038	0.742068	0.731088	0.722260	0.728863	0.744874	0.748449	0.744714	0.742984	0.747056	0.717548	0.729988	0.718341	0.716196	0.720772	0.836298	0.818382	0.828477	0.818432	0.820944	0.720536	0.741577	0.736479	0.729713	0.734123	0.721634	0.729996	0.729779	0.730694	0.730119	0.743617	0.738311	0.748711	0.738202	0.755717	0.685332	0.653966	0.695548	0.653012	0.662444	0.678666	0.714112	0.615439	0.707010	0.701859	0.862265	0.700676	0.699524	0.707360	0.690204	0.748648	0.750296	0.746131	0.748982	0.700890	0.699772	0.762187	0.776553	0.811631	0.781783	0.801845	0.808391	0.832721	0.819885	0.753224	0.745528	0.839548	0.817509	0.765551	0.817221	0.784826	0.770167	0.798606	0.822245	0.814281	0.808307	0.885259	0.864194	0.878865	0.881090	0.875253	0.881274	0.880652	0.880367	0.877609	0.866884	0.855815	0.852233	0.870542	0.845487	0.855706	0.859364	0.864507	0.940326	0.887626	0.939254	0.953263	0.895890	0.880273	0.883307	0.912913	0.908723	0.909623	0.862283	0.878325	0.873109	0.864929	1.000000	0.997040	0.977698	0.902833	0.894863	0.895212	0.886846	0.887816	0.890422	0.879961	0.885996	0.885714	0.882753	0.981689	0.965953	0.989859	0.897697	0.895387	0.888425	0.892246	0.879048	0.879261	0.877264	0.865623	0.893305	0.889660	0.896917	0.882989	0.885768
E-ERAD-478__d35_female_paired_r2	0.944125	0.940889	0.942737	0.947511	0.937917	0.953461	0.920915	0.950163	0.888791	0.943348	0.928027	0.937762	0.932129	0.935720	0.936962	0.914117	0.916223	0.916374	0.916968	0.921876	0.877536	0.864981	0.865429	0.873021	0.869335	0.864843	0.860515	0.859409	0.864458	0.870947	0.802427	0.804707	0.803245	0.800187	0.810692	0.720735	0.710241	0.718803	0.726491	0.712319	0.744176	0.856697	0.959182	0.955948	0.899205	0.910868	0.901348	0.958986	0.860000	0.866820	0.866066	0.864474	0.862543	0.903065	0.896725	0.901753	0.888003	0.884451	0.832011	0.825543	0.824107	0.826582	0.828137	0.719494	0.732836	0.714226	0.720705	0.739272	0.747764	0.746178	0.753628	0.747307	0.748308	0.856978	0.862225	0.862919	0.857275	0.862725	0.822251	0.820474	0.822799	0.824885	0.823094	0.727322	0.740980	0.730765	0.722344	0.728750	0.745298	0.748773	0.744696	0.743543	0.747251	0.716200	0.727738	0.717754	0.715019	0.719358	0.837367	0.819957	0.829206	0.820369	0.823371	0.719501	0.740661	0.735412	0.728309	0.733230	0.720926	0.729326	0.728876	0.729340	0.728755	0.743534	0.738839	0.749292	0.739086	0.755095	0.684790	0.655095	0.695206	0.653823	0.663156	0.675041	0.713924	0.609731	0.706858	0.702087	0.860717	0.701146	0.700834	0.708204	0.690878	0.751826	0.753186	0.749012	0.751950	0.701847	0.703851	0.762610	0.776402	0.812874	0.782868	0.803085	0.809780	0.833161	0.820473	0.755082	0.747049	0.839114	0.818304	0.767068	0.816252	0.786815	0.771587	0.799935	0.822727	0.814918	0.809089	0.888204	0.868025	0.882495	0.885334	0.879985	0.886695	0.884594	0.884623	0.881396	0.870980	0.859610	0.856010	0.873149	0.849643	0.859556	0.863143	0.868294	0.942788	0.890593	0.942014	0.955830	0.899143	0.882001	0.885816	0.915359	0.911167	0.911948	0.865846	0.880962	0.876208	0.868119	0.997040	1.000000	0.979180	0.905379	0.895550	0.898794	0.889198	0.890833	0.892806	0.882300	0.889369	0.888888	0.882188	0.980990	0.963674	0.991902	0.899619	0.897537	0.890106	0.894231	0.881797	0.881657	0.879995	0.868523	0.896064	0.891876	0.897570	0.886115	0.888514
E-ERAD-478__d35_female_paired_r3	0.961706	0.958469	0.951672	0.961187	0.945813	0.961483	0.934029	0.961737	0.914399	0.955655	0.955519	0.959590	0.956267	0.958444	0.957240	0.942370	0.942629	0.941703	0.940147	0.943680	0.921660	0.911729	0.914055	0.919118	0.915572	0.910732	0.909814	0.904992	0.907461	0.915292	0.764823	0.768252	0.766192	0.778415	0.792509	0.708787	0.696517	0.706434	0.712852	0.699339	0.730400	0.900985	0.934782	0.930791	0.933172	0.941391	0.935446	0.938776	0.901572	0.905393	0.905469	0.903758	0.901769	0.948052	0.941608	0.948524	0.935870	0.932637	0.864543	0.857127	0.856026	0.857452	0.859177	0.733978	0.747096	0.730822	0.735249	0.749144	0.773772	0.774827	0.780922	0.775746	0.775164	0.912334	0.918013	0.917350	0.913558	0.918958	0.862150	0.860204	0.860828	0.861318	0.861659	0.741455	0.753011	0.740151	0.738704	0.744513	0.773947	0.776067	0.771774	0.770563	0.774168	0.698176	0.709076	0.697339	0.696305	0.702163	0.871760	0.853161	0.862948	0.851756	0.852269	0.728529	0.739127	0.734162	0.730204	0.735969	0.699603	0.715286	0.711187	0.713566	0.712687	0.771338	0.768223	0.776703	0.767304	0.778266	0.681730	0.658950	0.683686	0.654338	0.659865	0.667052	0.699656	0.595584	0.697896	0.695998	0.867815	0.716503	0.717830	0.725164	0.707511	0.783212	0.783715	0.781918	0.784848	0.715695	0.727966	0.788913	0.798372	0.835716	0.802495	0.826268	0.840389	0.853267	0.846491	0.780150	0.768666	0.866742	0.851965	0.788264	0.848712	0.808725	0.795569	0.823478	0.862069	0.850214	0.853472	0.934432	0.920699	0.931282	0.930814	0.929558	0.928088	0.926163	0.931044	0.924505	0.922669	0.913453	0.912842	0.926595	0.907912	0.913874	0.914006	0.918637	0.977060	0.942836	0.980034	0.985511	0.948397	0.935505	0.939031	0.962104	0.957740	0.957079	0.922447	0.933703	0.931001	0.924279	0.977698	0.979180	1.000000	0.952752	0.942978	0.946305	0.936648	0.938269	0.940960	0.931582	0.937352	0.938179	0.920839	0.972350	0.948143	0.985899	0.947429	0.946255	0.940606	0.944329	0.931319	0.932682	0.931193	0.922005	0.941822	0.938438	0.939100	0.936473	0.936001
E-ERAD-478__d35_female_unpaired_r1	0.921605	0.915465	0.910634	0.916822	0.909701	0.911811	0.907623	0.917574	0.917930	0.910379	0.933355	0.928698	0.928363	0.930842	0.926743	0.934683	0.934793	0.933938	0.927443	0.928235	0.943920	0.944161	0.948115	0.946854	0.946610	0.948163	0.947023	0.943865	0.942671	0.944923	0.727288	0.729521	0.729002	0.769044	0.787206	0.702004	0.690807	0.701404	0.707994	0.697550	0.720853	0.931641	0.857550	0.852600	0.953014	0.949893	0.957364	0.865845	0.928133	0.924639	0.930052	0.929233	0.928907	0.981268	0.978970	0.980631	0.979256	0.977942	0.899081	0.896252	0.895132	0.895024	0.896512	0.735793	0.755670	0.732585	0.740827	0.752996	0.805436	0.811213	0.815663	0.814149	0.806875	0.955369	0.959693	0.959748	0.958877	0.961846	0.896235	0.894775	0.896250	0.894950	0.897197	0.743308	0.754706	0.744324	0.742475	0.747372	0.802214	0.803157	0.798102	0.797698	0.799893	0.683198	0.687488	0.682700	0.680125	0.686089	0.906837	0.889123	0.896526	0.888007	0.888497	0.728865	0.735045	0.726911	0.723744	0.732262	0.684004	0.702722	0.696011	0.699246	0.698028	0.800989	0.800975	0.808277	0.800767	0.801564	0.682032	0.666439	0.678516	0.662287	0.667364	0.649674	0.694972	0.568759	0.696852	0.695445	0.855549	0.742824	0.746563	0.753357	0.731150	0.827344	0.823494	0.823722	0.828340	0.739136	0.767754	0.818649	0.822216	0.865159	0.826295	0.853333	0.874286	0.877585	0.872271	0.808182	0.795219	0.886697	0.883043	0.813778	0.870002	0.839460	0.823882	0.852259	0.896487	0.881124	0.892020	0.969382	0.956413	0.978751	0.975243	0.979830	0.968705	0.964665	0.974241	0.965547	0.958738	0.950156	0.953711	0.962795	0.949362	0.952754	0.957096	0.952388	0.963090	0.978637	0.968437	0.961685	0.990326	0.988280	0.990748	0.965838	0.965459	0.966054	0.964147	0.958825	0.960723	0.962542	0.902833	0.905379	0.952752	1.000000	0.980524	0.995827	0.955813	0.956073	0.957201	0.957996	0.956588	0.958879	0.925747	0.905148	0.870458	0.923878	0.993321	0.995123	0.992706	0.992629	0.955909	0.956385	0.957008	0.961945	0.956498	0.956368	0.947874	0.962160	0.955898
E-ERAD-478__d35_female_unpaired_r2	0.916298	0.909231	0.901271	0.912307	0.904358	0.907344	0.902391	0.911892	0.903303	0.905335	0.933900	0.929038	0.925813	0.927891	0.924616	0.929268	0.930339	0.929160	0.922012	0.924312	0.935869	0.932405	0.937443	0.939586	0.937562	0.937647	0.938144	0.934053	0.933408	0.935398	0.712078	0.711734	0.712401	0.743763	0.761987	0.694340	0.676229	0.685849	0.692335	0.679678	0.711105	0.918004	0.851776	0.847790	0.952446	0.945805	0.954692	0.857317	0.917505	0.914441	0.920319	0.919200	0.920341	0.962205	0.959501	0.964154	0.959093	0.957543	0.894173	0.876950	0.878575	0.877470	0.880828	0.730849	0.749326	0.733294	0.744707	0.747456	0.806516	0.805868	0.809253	0.801770	0.807668	0.944523	0.952828	0.946042	0.941543	0.946733	0.893851	0.898026	0.889969	0.888745	0.892061	0.736347	0.750744	0.737778	0.737234	0.745097	0.801836	0.802956	0.798812	0.796860	0.801126	0.676273	0.692174	0.665815	0.669380	0.680483	0.899584	0.877333	0.894364	0.868489	0.868775	0.727879	0.728180	0.718269	0.720511	0.725139	0.664900	0.688965	0.681966	0.684520	0.684379	0.802962	0.798161	0.804864	0.794343	0.806421	0.681618	0.663132	0.670075	0.657381	0.659978	0.676596	0.683177	0.611244	0.686806	0.688215	0.842290	0.720989	0.726564	0.734285	0.714719	0.794201	0.791323	0.791249	0.795213	0.716717	0.735634	0.819050	0.819824	0.851423	0.819151	0.845975	0.867154	0.864445	0.868447	0.799064	0.780369	0.883317	0.880055	0.798130	0.883117	0.824928	0.820185	0.843160	0.898607	0.887451	0.892322	0.955347	0.944446	0.958280	0.953110	0.960389	0.946524	0.943979	0.954740	0.945820	0.943634	0.937462	0.939332	0.957676	0.938068	0.937732	0.935955	0.941898	0.948811	0.960737	0.955908	0.949868	0.969532	0.980091	0.970737	0.958115	0.955750	0.952242	0.945889	0.945723	0.947489	0.945127	0.894863	0.895550	0.942978	0.980524	1.000000	0.978209	0.946494	0.944940	0.948073	0.946867	0.949278	0.949517	0.932352	0.904592	0.875566	0.912394	0.984084	0.980883	0.984339	0.977714	0.944962	0.949353	0.946209	0.946136	0.947254	0.950338	0.949587	0.949400	0.945811
E-ERAD-478__d35_female_unpaired_r3	0.917487	0.911150	0.906218	0.911797	0.904777	0.905746	0.903838	0.911615	0.916238	0.904312	0.928987	0.923534	0.924116	0.925530	0.920785	0.930885	0.931341	0.930760	0.923917	0.924381	0.939831	0.940277	0.944520	0.943814	0.943669	0.945446	0.944954	0.941457	0.940053	0.941460	0.724810	0.727402	0.726916	0.768997	0.787887	0.699156	0.688656	0.699656	0.706258	0.696615	0.717614	0.931411	0.850124	0.844530	0.949852	0.946089	0.953128	0.859159	0.926785	0.923248	0.928815	0.928103	0.927154	0.980585	0.978545	0.979762	0.979395	0.978493	0.898243	0.898608	0.897904	0.897159	0.898244	0.734475	0.753668	0.729770	0.736606	0.750149	0.803219	0.810230	0.815152	0.815315	0.804583	0.954484	0.957885	0.959222	0.959431	0.962072	0.896524	0.893715	0.897058	0.894936	0.897569	0.742169	0.752121	0.742364	0.741082	0.744284	0.800858	0.801524	0.796226	0.796035	0.797309	0.680729	0.682315	0.682025	0.678166	0.683585	0.906831	0.890765	0.895819	0.891103	0.891444	0.725058	0.732607	0.725120	0.721266	0.729454	0.683357	0.701547	0.694649	0.698418	0.697115	0.797868	0.800147	0.807381	0.799954	0.797346	0.679237	0.666802	0.678106	0.661790	0.667437	0.639814	0.694478	0.555009	0.695901	0.694102	0.853471	0.745291	0.747894	0.754936	0.733156	0.835125	0.831213	0.831623	0.836098	0.741103	0.776170	0.817974	0.822018	0.866996	0.826175	0.854566	0.874232	0.877985	0.872342	0.809793	0.796607	0.886504	0.884322	0.814597	0.866212	0.841418	0.824093	0.854255	0.894934	0.880731	0.891984	0.967800	0.955034	0.977304	0.974793	0.979352	0.967771	0.962980	0.972860	0.964395	0.958248	0.949872	0.953327	0.960148	0.949308	0.951739	0.957352	0.951435	0.959695	0.977642	0.964585	0.957182	0.987754	0.985981	0.990632	0.962296	0.961982	0.963648	0.964009	0.957660	0.959566	0.961542	0.895212	0.898794	0.946305	0.995827	0.978209	1.000000	0.953330	0.954247	0.955287	0.956879	0.955215	0.957457	0.917093	0.894493	0.856982	0.918277	0.992688	0.992967	0.992808	0.991098	0.954194	0.954164	0.955217	0.960439	0.954104	0.953226	0.941736	0.960468	0.954336
E-ERAD-478__d35_male_paired_r1	0.933331	0.927249	0.919454	0.930511	0.916233	0.920840	0.913410	0.928832	0.919318	0.921434	0.954153	0.947191	0.947606	0.948487	0.945287	0.950377	0.950315	0.947121	0.939728	0.939641	0.948477	0.944670	0.948739	0.951090	0.948350	0.943867	0.951172	0.943766	0.940773	0.944732	0.692310	0.695740	0.694663	0.730428	0.746862	0.694757	0.682498	0.693221	0.699193	0.689207	0.714388	0.959478	0.844807	0.840431	0.928254	0.926193	0.929460	0.852235	0.956064	0.954636	0.955641	0.954326	0.956548	0.948350	0.944309	0.948514	0.944215	0.943302	0.869115	0.859710	0.858971	0.859151	0.861723	0.736397	0.733216	0.736696	0.722749	0.728653	0.784373	0.786864	0.792462	0.788552	0.786843	0.968686	0.969487	0.966750	0.969088	0.967488	0.891000	0.889317	0.888204	0.885868	0.889707	0.742337	0.750560	0.721237	0.742867	0.747477	0.802683	0.799613	0.797245	0.796269	0.799347	0.669955	0.676795	0.665698	0.666603	0.673853	0.881443	0.867732	0.873054	0.866858	0.857839	0.717608	0.718599	0.709325	0.709444	0.715547	0.666867	0.687906	0.680377	0.684925	0.684170	0.786524	0.787256	0.791836	0.784111	0.787215	0.667085	0.648732	0.661907	0.644338	0.651522	0.646481	0.676117	0.569121	0.677517	0.679331	0.860755	0.724041	0.725881	0.733228	0.716784	0.802124	0.800803	0.800001	0.804154	0.722398	0.749350	0.804260	0.806147	0.844136	0.808567	0.833792	0.848805	0.851199	0.851655	0.795134	0.778302	0.868254	0.865217	0.794631	0.855802	0.819398	0.809040	0.832487	0.875521	0.863371	0.871921	0.945785	0.953017	0.942914	0.937339	0.941410	0.930137	0.927704	0.935774	0.927986	0.950475	0.958273	0.970260	0.966363	0.966056	0.960845	0.953975	0.961475	0.969371	0.972918	0.967144	0.957582	0.950476	0.947791	0.948926	0.981498	0.986328	0.983011	0.977888	0.989386	0.987992	0.980448	0.886846	0.889198	0.936648	0.955813	0.946494	0.953330	1.000000	0.996150	0.994001	0.993436	0.990703	0.993489	0.957602	0.887919	0.855804	0.906782	0.953297	0.953904	0.953864	0.951675	0.989250	0.988319	0.988401	0.981046	0.990727	0.989395	0.982385	0.991228	0.990731
E-ERAD-478__d35_male_paired_r2	0.935050	0.929600	0.919306	0.931025	0.913509	0.921828	0.910206	0.929356	0.917050	0.921657	0.954195	0.946658	0.947417	0.948483	0.945434	0.947625	0.947203	0.944168	0.936457	0.936394	0.949698	0.945300	0.949513	0.951970	0.949079	0.943413	0.950407	0.942504	0.939340	0.944404	0.692119	0.695907	0.694834	0.731544	0.748230	0.696002	0.685269	0.695782	0.700943	0.691666	0.714948	0.959011	0.844814	0.839852	0.926255	0.925430	0.928181	0.852772	0.954515	0.954129	0.954533	0.953106	0.954503	0.950821	0.947278	0.951416	0.946600	0.946116	0.867098	0.860860	0.859870	0.859310	0.861810	0.736607	0.734070	0.736405	0.721536	0.728656	0.783323	0.786573	0.792323	0.789450	0.785914	0.970479	0.970466	0.968778	0.972296	0.969740	0.889307	0.887222	0.887745	0.884736	0.888932	0.743307	0.750189	0.722160	0.743927	0.747547	0.802060	0.798913	0.796142	0.795627	0.797986	0.667953	0.673931	0.665035	0.665172	0.671831	0.880274	0.867312	0.871219	0.867946	0.858896	0.716685	0.717159	0.709185	0.708375	0.715292	0.666869	0.687140	0.679109	0.683618	0.682835	0.785108	0.786745	0.791468	0.784167	0.785064	0.665215	0.649451	0.660321	0.644444	0.650464	0.640317	0.675668	0.560266	0.677082	0.678874	0.860336	0.726034	0.727741	0.735081	0.718342	0.805324	0.804219	0.803476	0.807404	0.724822	0.753028	0.802310	0.805009	0.844739	0.808556	0.833858	0.848684	0.851120	0.850416	0.795001	0.779545	0.865803	0.863554	0.795352	0.850892	0.820660	0.808753	0.833065	0.872868	0.860310	0.869485	0.947574	0.955952	0.945279	0.940708	0.944379	0.933394	0.930780	0.939354	0.931056	0.954065	0.962503	0.973338	0.967518	0.969315	0.965287	0.957158	0.964829	0.972603	0.976351	0.970958	0.960953	0.952258	0.947795	0.950432	0.984749	0.989295	0.986862	0.981414	0.992300	0.990180	0.981682	0.887816	0.890833	0.938269	0.956073	0.944940	0.954247	0.996150	1.000000	0.995995	0.993797	0.993070	0.994241	0.955438	0.887561	0.854974	0.909212	0.952901	0.954049	0.953698	0.951816	0.992034	0.991194	0.991607	0.981832	0.993610	0.990850	0.981215	0.992712	0.993106
E-ERAD-478__d35_male_paired_r3	0.935908	0.930060	0.919699	0.931865	0.914603	0.922541	0.911325	0.930045	0.916940	0.922087	0.955570	0.948382	0.948194	0.949388	0.946169	0.948761	0.948524	0.945586	0.937778	0.938198	0.950463	0.945668	0.949884	0.953207	0.949855	0.944317	0.950865	0.943017	0.940526	0.945237	0.695645	0.698923	0.698155	0.732802	0.749138	0.695866	0.684376	0.695365	0.700544	0.690539	0.715726	0.958360	0.848180	0.843425	0.928605	0.927485	0.929858	0.854924	0.955550	0.954776	0.954164	0.952834	0.953709	0.951743	0.948113	0.952238	0.947278	0.946649	0.869767	0.863013	0.862880	0.862141	0.864752	0.739285	0.735789	0.738293	0.724283	0.730982	0.786177	0.789082	0.795265	0.791972	0.789029	0.969457	0.969992	0.967866	0.970909	0.969276	0.892647	0.890047	0.890506	0.887188	0.891224	0.745088	0.751704	0.723982	0.745363	0.749817	0.804994	0.802298	0.799974	0.798488	0.800896	0.672180	0.679610	0.668788	0.669280	0.676136	0.883281	0.870501	0.874781	0.870607	0.861575	0.718913	0.720667	0.712033	0.710775	0.717848	0.669872	0.691173	0.683399	0.688058	0.686942	0.788284	0.789897	0.794457	0.786757	0.789163	0.669521	0.652467	0.664561	0.647733	0.654137	0.646384	0.679747	0.566155	0.680948	0.682772	0.863477	0.728940	0.730041	0.737656	0.721558	0.807460	0.806727	0.805566	0.809952	0.727813	0.754240	0.805978	0.809386	0.848175	0.811724	0.836977	0.852412	0.855504	0.854044	0.797752	0.782447	0.870219	0.866702	0.798762	0.854986	0.823503	0.811244	0.836124	0.875715	0.863624	0.872140	0.948180	0.955905	0.944795	0.940683	0.944071	0.933009	0.930555	0.939448	0.931003	0.954622	0.961969	0.972450	0.967738	0.968636	0.964725	0.955822	0.964139	0.973084	0.977114	0.972541	0.962078	0.953519	0.949374	0.951711	0.985281	0.989637	0.986929	0.981101	0.990303	0.988506	0.979884	0.890422	0.892806	0.940960	0.957201	0.948073	0.955287	0.994001	0.995995	1.000000	0.991995	0.992401	0.992530	0.956352	0.891595	0.859023	0.911480	0.954758	0.955989	0.955743	0.953614	0.991222	0.991278	0.991431	0.980115	0.991993	0.990569	0.981666	0.991111	0.992432
E-ERAD-478__d35_male_unpaired_r1	0.927248	0.920161	0.912665	0.923490	0.909318	0.914110	0.905280	0.921909	0.915280	0.913963	0.950293	0.941995	0.942688	0.944338	0.939649	0.945637	0.945054	0.941853	0.933862	0.933846	0.951690	0.948490	0.953009	0.954162	0.952334	0.947500	0.954377	0.946851	0.943119	0.947832	0.697789	0.701162	0.700346	0.736642	0.753514	0.696940	0.685549	0.696087	0.702452	0.692304	0.716986	0.958694	0.838399	0.833423	0.927669	0.924725	0.929211	0.845839	0.953581	0.952217	0.957742	0.956606	0.958092	0.951686	0.948871	0.952006	0.948782	0.949029	0.871566	0.866171	0.865384	0.864711	0.867024	0.741687	0.738512	0.740311	0.725319	0.732668	0.787508	0.791216	0.797113	0.793811	0.789546	0.974558	0.973599	0.972326	0.975017	0.973385	0.895516	0.892413	0.893248	0.889627	0.894136	0.748054	0.754924	0.726453	0.748820	0.751669	0.806666	0.803050	0.800636	0.799909	0.801773	0.673618	0.679042	0.670526	0.670442	0.676858	0.884940	0.872247	0.876351	0.873136	0.864233	0.720664	0.721824	0.713798	0.712435	0.719747	0.672442	0.692143	0.684374	0.689865	0.688720	0.788807	0.790615	0.795467	0.787990	0.789057	0.669452	0.652763	0.666356	0.648526	0.656344	0.644246	0.682238	0.565164	0.682777	0.683978	0.860452	0.732285	0.732498	0.740316	0.724368	0.811419	0.810615	0.810051	0.814468	0.729298	0.757127	0.806826	0.809925	0.849476	0.812315	0.838590	0.854944	0.857200	0.855569	0.797988	0.783348	0.872234	0.869316	0.799449	0.856099	0.824388	0.812444	0.837856	0.878738	0.865803	0.875789	0.953483	0.961657	0.949181	0.945826	0.948009	0.937936	0.936023	0.944396	0.936889	0.959903	0.967073	0.977525	0.972873	0.973450	0.969837	0.962814	0.970435	0.966873	0.976181	0.965614	0.955222	0.953829	0.952282	0.953564	0.982365	0.985879	0.982865	0.981920	0.993272	0.991991	0.985707	0.879961	0.882300	0.931582	0.957996	0.946867	0.956879	0.993436	0.993797	0.991995	1.000000	0.994030	0.995704	0.957790	0.881072	0.848322	0.901677	0.956390	0.957623	0.957646	0.956120	0.989566	0.989339	0.990449	0.985284	0.993875	0.993147	0.983535	0.995637	0.994486
E-ERAD-478__d35_male_unpaired_r2	0.933361	0.927329	0.916590	0.928035	0.911596	0.919093	0.908167	0.926138	0.915312	0.919426	0.955173	0.946861	0.946593	0.948061	0.943532	0.946880	0.946624	0.942981	0.935128	0.935334	0.951350	0.946308	0.950678	0.954139	0.951230	0.944540	0.951645	0.943431	0.940604	0.945836	0.700018	0.702930	0.702500	0.736745	0.752987	0.697559	0.685558	0.695917	0.701478	0.691193	0.716283	0.954364	0.843574	0.838102	0.927481	0.925559	0.929344	0.850783	0.949051	0.948705	0.953848	0.952818	0.954060	0.950579	0.947157	0.951161	0.946597	0.945959	0.869994	0.862801	0.863468	0.861442	0.864811	0.741829	0.738687	0.740774	0.727099	0.733986	0.787754	0.790556	0.796263	0.792261	0.790817	0.971306	0.970839	0.969322	0.971162	0.968973	0.892037	0.891158	0.891791	0.887692	0.892130	0.748387	0.754470	0.726462	0.749155	0.752480	0.806156	0.803230	0.801262	0.800130	0.802004	0.674483	0.681904	0.670755	0.671515	0.678100	0.883298	0.870369	0.874966	0.870315	0.861400	0.721459	0.721889	0.713549	0.712235	0.720132	0.671972	0.692455	0.684348	0.688019	0.687045	0.789067	0.790051	0.794912	0.787539	0.790308	0.672219	0.655303	0.666747	0.650430	0.656942	0.648802	0.681969	0.570462	0.683234	0.684865	0.859939	0.728394	0.730792	0.738070	0.721928	0.805563	0.805023	0.804405	0.808706	0.727086	0.753744	0.803534	0.807161	0.847153	0.812118	0.837239	0.853255	0.855467	0.854077	0.795565	0.781429	0.869092	0.866196	0.798024	0.854754	0.822609	0.811321	0.836185	0.876129	0.863564	0.872076	0.951333	0.960782	0.945867	0.942842	0.947071	0.937139	0.934783	0.942815	0.934527	0.959642	0.967132	0.975308	0.971462	0.973325	0.970091	0.959469	0.970070	0.970192	0.975353	0.969685	0.960105	0.951988	0.949051	0.949261	0.985285	0.987897	0.984796	0.981004	0.992179	0.990420	0.981680	0.885996	0.889369	0.937352	0.956588	0.949278	0.955215	0.990703	0.993070	0.992401	0.994030	1.000000	0.995321	0.959337	0.888477	0.856539	0.907992	0.954550	0.954908	0.955258	0.952765	0.988399	0.989188	0.989187	0.980561	0.994949	0.992657	0.984475	0.993315	0.995071
E-ERAD-478__d35_male_unpaired_r3	0.931887	0.925486	0.916313	0.927665	0.912157	0.919193	0.908703	0.925608	0.916263	0.918975	0.953442	0.945803	0.945897	0.947458	0.942598	0.946492	0.946407	0.942969	0.935649	0.935937	0.952853	0.948393	0.952873	0.954446	0.951836	0.946270	0.953035	0.944812	0.941720	0.947142	0.696554	0.699717	0.698893	0.735517	0.751758	0.695487	0.683261	0.693839	0.700058	0.689487	0.714260	0.956014	0.843287	0.838391	0.929149	0.927088	0.930449	0.850528	0.951281	0.950247	0.955018	0.953861	0.955360	0.952950	0.949714	0.953488	0.949090	0.948641	0.870093	0.864360	0.864026	0.862784	0.865380	0.741374	0.738825	0.740403	0.726245	0.733341	0.786966	0.789741	0.795920	0.792073	0.789299	0.973205	0.973061	0.971841	0.973674	0.972469	0.893671	0.890922	0.891143	0.887856	0.892688	0.748011	0.754888	0.726931	0.748771	0.752320	0.804992	0.801814	0.799278	0.798739	0.801233	0.672782	0.679182	0.669302	0.669459	0.676176	0.883834	0.870405	0.875005	0.871077	0.861945	0.721169	0.721282	0.713624	0.712330	0.719803	0.670900	0.691384	0.683647	0.688590	0.687560	0.788729	0.789815	0.794459	0.787227	0.788846	0.670267	0.653623	0.665345	0.649323	0.655430	0.646441	0.680399	0.567921	0.681372	0.683083	0.858630	0.728440	0.730341	0.737876	0.721406	0.806537	0.804950	0.804775	0.809250	0.725555	0.753152	0.804451	0.807837	0.846188	0.810061	0.835682	0.852913	0.854771	0.853468	0.794763	0.780324	0.869734	0.866801	0.796871	0.855291	0.821224	0.809702	0.834803	0.877526	0.864027	0.874169	0.953327	0.961591	0.949033	0.945212	0.949435	0.938502	0.935592	0.944102	0.935909	0.959923	0.966725	0.976934	0.973038	0.973129	0.969502	0.960835	0.969820	0.971372	0.977257	0.970071	0.960410	0.955236	0.952592	0.953635	0.984840	0.988303	0.985491	0.982083	0.994101	0.992488	0.985745	0.885714	0.888888	0.938179	0.958879	0.949517	0.957457	0.993489	0.994241	0.992530	0.995704	0.995321	1.000000	0.958649	0.887599	0.855032	0.907928	0.957155	0.957675	0.957030	0.955779	0.988395	0.988856	0.989219	0.983412	0.994156	0.992340	0.984166	0.994585	0.994121
E-ERAD-478__d35_male_unpaired_r4	0.905684	0.899926	0.892052	0.905262	0.894521	0.903028	0.889142	0.906737	0.880741	0.899291	0.932811	0.927778	0.923473	0.926194	0.925311	0.921218	0.922066	0.917014	0.911020	0.914632	0.919465	0.912321	0.916574	0.917944	0.916605	0.910246	0.915114	0.909097	0.909475	0.913668	0.696163	0.694564	0.694891	0.711547	0.725652	0.685576	0.661760	0.670640	0.677887	0.660104	0.704879	0.916354	0.845138	0.844073	0.916139	0.910886	0.917396	0.842018	0.919739	0.918169	0.928809	0.928608	0.931919	0.909658	0.905860	0.912150	0.902254	0.901602	0.860401	0.828837	0.832404	0.832694	0.837755	0.729055	0.724570	0.737116	0.731822	0.728701	0.780414	0.773710	0.777516	0.761112	0.783894	0.936109	0.943279	0.932928	0.925986	0.927433	0.875614	0.884736	0.871498	0.871919	0.875554	0.732244	0.749613	0.714519	0.734397	0.745474	0.794453	0.792903	0.792489	0.790570	0.797826	0.681875	0.708891	0.663580	0.673959	0.686181	0.869403	0.845613	0.867648	0.834997	0.827889	0.721757	0.718845	0.705727	0.712009	0.714688	0.663565	0.687834	0.680034	0.680281	0.680958	0.786401	0.774219	0.779754	0.768199	0.798189	0.679578	0.638489	0.661877	0.637762	0.646234	0.711589	0.676064	0.667512	0.677504	0.678522	0.842050	0.687795	0.692456	0.701274	0.690046	0.744201	0.747806	0.746835	0.748307	0.695328	0.693736	0.793855	0.797884	0.823068	0.809608	0.824660	0.847219	0.838336	0.855367	0.778803	0.766357	0.870923	0.856600	0.781733	0.879586	0.796734	0.804529	0.820505	0.878304	0.862239	0.867135	0.914638	0.919708	0.903421	0.897405	0.900084	0.891028	0.892267	0.899095	0.895044	0.913185	0.918482	0.926449	0.940735	0.924258	0.921163	0.913423	0.932318	0.930248	0.930672	0.933391	0.924686	0.908923	0.917843	0.903902	0.947539	0.949436	0.940129	0.930977	0.948059	0.946073	0.935847	0.882753	0.882188	0.920839	0.925747	0.932352	0.917093	0.957602	0.955438	0.956352	0.957790	0.959337	0.958649	1.000000	0.915317	0.910774	0.893099	0.923243	0.927076	0.923304	0.920201	0.951264	0.956161	0.951817	0.942730	0.959452	0.970809	0.987871	0.956371	0.957411
E-ERAD-478__d38_female_paired_r1	0.935336	0.932303	0.929974	0.938623	0.929567	0.946191	0.912939	0.942401	0.879446	0.935177	0.927023	0.935875	0.928209	0.932766	0.934048	0.910510	0.913118	0.912114	0.912321	0.918271	0.880710	0.868087	0.869068	0.875497	0.873197	0.867687	0.862575	0.861747	0.868287	0.874121	0.791363	0.790098	0.790461	0.784779	0.794463	0.717406	0.699070	0.707605	0.715252	0.697314	0.739810	0.853904	0.947607	0.945439	0.907017	0.915013	0.909897	0.942708	0.860903	0.866629	0.868315	0.867393	0.867302	0.898734	0.892814	0.899155	0.883061	0.879561	0.840737	0.820639	0.821450	0.825426	0.827983	0.718598	0.731647	0.718302	0.728762	0.741412	0.754916	0.748587	0.754733	0.742311	0.756289	0.860485	0.869164	0.865011	0.855586	0.862038	0.831183	0.834454	0.829163	0.832488	0.831677	0.723901	0.741698	0.727929	0.720472	0.732219	0.750667	0.754480	0.751849	0.750152	0.755998	0.713779	0.737043	0.706636	0.709947	0.717424	0.845369	0.821759	0.840480	0.815599	0.819016	0.722900	0.738108	0.730280	0.727189	0.731132	0.709130	0.722583	0.720989	0.719742	0.719815	0.753326	0.742096	0.752063	0.739881	0.769250	0.690332	0.648242	0.689657	0.649032	0.658201	0.707026	0.706973	0.657137	0.702474	0.698737	0.852706	0.687961	0.688972	0.697508	0.681979	0.731633	0.734631	0.730832	0.733441	0.692487	0.680231	0.765741	0.778396	0.810693	0.788680	0.805961	0.818677	0.834730	0.831193	0.752549	0.744497	0.849987	0.825627	0.766057	0.840715	0.781761	0.775335	0.800783	0.838454	0.827940	0.821626	0.887602	0.868570	0.879298	0.880935	0.873687	0.878711	0.878387	0.880116	0.877558	0.868864	0.856771	0.852670	0.879494	0.847118	0.856948	0.859668	0.869304	0.932209	0.886574	0.936447	0.946837	0.892565	0.884023	0.879200	0.913217	0.907722	0.904592	0.860678	0.877130	0.873538	0.863921	0.981689	0.980990	0.972350	0.905148	0.904592	0.894493	0.887919	0.887561	0.891595	0.881072	0.888477	0.887599	0.915317	1.000000	0.988460	0.981197	0.900616	0.900658	0.891550	0.894525	0.883456	0.886245	0.881882	0.869871	0.895604	0.899207	0.915761	0.885668	0.887839
E-ERAD-478__d38_female_paired_r2	0.909451	0.906609	0.905736	0.915283	0.907101	0.925796	0.889436	0.919295	0.848308	0.913051	0.901843	0.912158	0.903246	0.908215	0.911534	0.883230	0.885879	0.884469	0.885393	0.892631	0.852872	0.838717	0.839352	0.844692	0.843177	0.836793	0.830769	0.830844	0.838768	0.844907	0.781875	0.779914	0.779684	0.764672	0.772675	0.702794	0.681008	0.688426	0.696139	0.675170	0.725137	0.822193	0.937523	0.937276	0.882514	0.890298	0.884982	0.927547	0.831704	0.837989	0.841832	0.841392	0.841785	0.863106	0.857925	0.864547	0.846392	0.842978	0.817497	0.789853	0.791116	0.795888	0.799507	0.702721	0.715127	0.706699	0.718999	0.728230	0.735745	0.726916	0.731231	0.713774	0.738935	0.829560	0.840939	0.833693	0.821106	0.828292	0.804673	0.811794	0.802608	0.807009	0.806505	0.708252	0.729724	0.712572	0.705191	0.718943	0.731091	0.736436	0.733850	0.732266	0.739335	0.708256	0.740135	0.696350	0.702970	0.712133	0.820898	0.794341	0.818842	0.784915	0.788652	0.713149	0.726262	0.718369	0.717668	0.720263	0.699931	0.713073	0.711529	0.708955	0.709785	0.737222	0.721182	0.731715	0.718456	0.757381	0.682741	0.630459	0.677898	0.633942	0.644237	0.723618	0.696374	0.689492	0.691162	0.686825	0.835631	0.663830	0.665216	0.674430	0.661999	0.694122	0.699286	0.695331	0.696226	0.671771	0.643239	0.742764	0.758515	0.784438	0.771410	0.784172	0.798309	0.812328	0.813590	0.728811	0.724020	0.832980	0.802588	0.745453	0.830568	0.754968	0.755088	0.777695	0.818966	0.806806	0.797883	0.854092	0.834572	0.843165	0.843201	0.835615	0.842397	0.843303	0.843573	0.843456	0.832539	0.821019	0.816473	0.847840	0.810989	0.821070	0.822802	0.836927	0.899704	0.850480	0.903291	0.915319	0.855042	0.850019	0.840001	0.881109	0.875411	0.870146	0.823911	0.842248	0.838750	0.828459	0.965953	0.963674	0.948143	0.870458	0.875566	0.856982	0.855804	0.854974	0.859023	0.848322	0.856539	0.855032	0.910774	0.988460	1.000000	0.960210	0.865775	0.866852	0.855902	0.859418	0.851141	0.854756	0.849324	0.835770	0.863782	0.871171	0.897340	0.852468	0.854690
E-ERAD-478__d38_female_paired_r3	0.953336	0.949893	0.947352	0.955070	0.941323	0.959068	0.925151	0.955710	0.899230	0.949514	0.940425	0.947900	0.942927	0.946341	0.946061	0.925404	0.926882	0.927104	0.926356	0.930797	0.896700	0.885549	0.886629	0.893514	0.890288	0.884892	0.881398	0.878849	0.882930	0.889978	0.794332	0.797493	0.795832	0.800145	0.812189	0.721036	0.710646	0.720070	0.726546	0.712913	0.743264	0.876710	0.952303	0.947744	0.913654	0.924311	0.916431	0.954734	0.877598	0.883692	0.882446	0.880595	0.878825	0.924402	0.918503	0.923741	0.910658	0.907318	0.843245	0.840072	0.837683	0.840329	0.842223	0.723603	0.737856	0.718267	0.723716	0.742552	0.755711	0.756650	0.763289	0.757971	0.757076	0.879273	0.883971	0.885029	0.881297	0.886285	0.837061	0.833528	0.836849	0.837743	0.838332	0.731399	0.742650	0.733667	0.726329	0.733433	0.753661	0.757147	0.752122	0.751740	0.754088	0.708569	0.718894	0.710708	0.707702	0.711694	0.851115	0.833753	0.842135	0.834727	0.837158	0.721479	0.738560	0.734651	0.727372	0.733413	0.714446	0.725152	0.723672	0.724956	0.723854	0.751810	0.749027	0.759036	0.749300	0.761169	0.682267	0.655214	0.690755	0.653229	0.662146	0.665092	0.709382	0.594119	0.703610	0.699954	0.864925	0.710679	0.710037	0.717384	0.699676	0.768669	0.769184	0.766049	0.769068	0.710246	0.716315	0.770957	0.784355	0.824125	0.789570	0.812291	0.822342	0.842959	0.829813	0.763796	0.754912	0.848748	0.830410	0.775249	0.824920	0.796745	0.779160	0.809532	0.836058	0.827059	0.824837	0.908592	0.889457	0.904468	0.908315	0.901718	0.906214	0.903438	0.905146	0.900986	0.893702	0.882365	0.879213	0.893882	0.872124	0.881819	0.885257	0.887959	0.958113	0.912948	0.958419	0.970042	0.919650	0.902377	0.908048	0.934450	0.929886	0.930887	0.888906	0.902094	0.897444	0.889516	0.989859	0.991902	0.985899	0.923878	0.912394	0.918277	0.906782	0.909212	0.911480	0.901677	0.907992	0.907928	0.893099	0.981197	0.960210	1.000000	0.919873	0.917834	0.910873	0.915167	0.904634	0.904114	0.903310	0.890620	0.914879	0.910214	0.911728	0.906476	0.907986
E-ERAD-478__d38_female_unpaired_r1	0.919046	0.912067	0.906588	0.914344	0.908025	0.908977	0.905611	0.913584	0.915644	0.906434	0.932110	0.927180	0.926613	0.928164	0.923593	0.932350	0.933169	0.932375	0.925962	0.927123	0.942950	0.943009	0.946786	0.946746	0.946680	0.947601	0.947218	0.943957	0.942470	0.944203	0.725990	0.728419	0.727646	0.766735	0.784956	0.703204	0.690240	0.700804	0.707993	0.696752	0.720996	0.930313	0.852661	0.847709	0.950208	0.946181	0.954081	0.862497	0.926306	0.922354	0.926819	0.925511	0.926404	0.976556	0.974815	0.976406	0.974592	0.973919	0.898091	0.893891	0.892743	0.892567	0.894152	0.732251	0.751958	0.729842	0.737775	0.748779	0.803645	0.808219	0.813366	0.811434	0.804858	0.952334	0.956933	0.956586	0.955943	0.960180	0.897324	0.894948	0.895676	0.893856	0.896708	0.739667	0.751222	0.740944	0.739126	0.744155	0.800291	0.801654	0.796302	0.795393	0.797505	0.677795	0.684257	0.676984	0.674413	0.680733	0.906031	0.888089	0.896157	0.886579	0.886523	0.724694	0.730179	0.722968	0.719327	0.727950	0.677752	0.697848	0.691219	0.696039	0.694854	0.798614	0.798967	0.806224	0.798180	0.799546	0.678477	0.663015	0.674501	0.658564	0.663328	0.647182	0.690851	0.566966	0.692461	0.691528	0.851502	0.740575	0.744097	0.751780	0.729153	0.825955	0.822690	0.822622	0.827173	0.736439	0.766445	0.818843	0.822510	0.864711	0.824507	0.852211	0.873625	0.876828	0.872122	0.806289	0.792633	0.887119	0.883609	0.811469	0.870872	0.837241	0.822333	0.851247	0.896088	0.882014	0.892503	0.967795	0.955358	0.975726	0.973596	0.978853	0.966782	0.961760	0.972436	0.963552	0.958017	0.950025	0.953124	0.962870	0.948761	0.951740	0.955217	0.951205	0.958119	0.975004	0.962796	0.957366	0.985193	0.986926	0.988447	0.962877	0.961280	0.961583	0.960568	0.955468	0.957615	0.959754	0.897697	0.899619	0.947429	0.993321	0.984084	0.992688	0.953297	0.952901	0.954758	0.956390	0.954550	0.957155	0.923243	0.900616	0.865775	0.919873	1.000000	0.994847	0.994596	0.994004	0.954489	0.955375	0.955727	0.961563	0.954895	0.955634	0.946816	0.960581	0.954013
E-ERAD-478__d38_female_unpaired_r2	0.915287	0.908667	0.903128	0.910454	0.904660	0.905094	0.902003	0.910883	0.913243	0.902618	0.929864	0.924606	0.923804	0.926358	0.922184	0.931002	0.931385	0.930716	0.923841	0.924966	0.946141	0.946721	0.950688	0.949054	0.949102	0.950654	0.949172	0.946040	0.944493	0.946571	0.724612	0.725767	0.725979	0.764218	0.782447	0.700737	0.688357	0.699490	0.705972	0.694760	0.720100	0.930409	0.850121	0.845384	0.950761	0.946413	0.955197	0.857518	0.927651	0.923407	0.928636	0.927872	0.928226	0.978773	0.977083	0.978391	0.977116	0.976746	0.901286	0.896183	0.894877	0.895182	0.896767	0.735711	0.755429	0.732814	0.741395	0.753048	0.805215	0.810300	0.814965	0.812846	0.806847	0.956972	0.961416	0.961226	0.960304	0.963426	0.898819	0.897464	0.898440	0.897186	0.899508	0.743307	0.754398	0.743985	0.742609	0.747789	0.802193	0.803524	0.798558	0.797427	0.799834	0.680618	0.687106	0.679295	0.677102	0.683421	0.909132	0.890666	0.898954	0.889112	0.889200	0.728661	0.733750	0.725839	0.722504	0.731612	0.680436	0.700562	0.693882	0.697758	0.696532	0.800711	0.800458	0.807830	0.799886	0.802134	0.681015	0.664174	0.676954	0.659873	0.665865	0.650530	0.693141	0.570046	0.695054	0.693813	0.851970	0.741386	0.744280	0.751625	0.729557	0.826151	0.822399	0.822679	0.826811	0.737594	0.764740	0.820894	0.824502	0.867062	0.826944	0.854925	0.876024	0.880158	0.875138	0.808473	0.794590	0.889932	0.885102	0.813434	0.874115	0.839539	0.824437	0.853507	0.899558	0.884434	0.894987	0.971255	0.958660	0.978937	0.976880	0.981645	0.970423	0.966340	0.976525	0.968779	0.960607	0.952708	0.956408	0.966626	0.951393	0.954430	0.960594	0.954261	0.957798	0.977355	0.963133	0.955184	0.988152	0.989981	0.989616	0.962874	0.961866	0.962556	0.963896	0.957364	0.959321	0.962802	0.895387	0.897537	0.946255	0.995123	0.980883	0.992967	0.953904	0.954049	0.955989	0.957623	0.954908	0.957675	0.927076	0.900658	0.866852	0.917834	0.994847	1.000000	0.994306	0.995119	0.956381	0.957389	0.957898	0.965746	0.955930	0.957029	0.949022	0.963073	0.955428
E-ERAD-478__d38_female_unpaired_r3	0.913360	0.906362	0.899937	0.907224	0.900797	0.900523	0.899957	0.907516	0.912018	0.899174	0.928484	0.922259	0.921795	0.923825	0.919240	0.929588	0.929715	0.929336	0.921798	0.922694	0.940871	0.941543	0.946003	0.945868	0.945383	0.946674	0.946766	0.943438	0.941478	0.943159	0.719963	0.721412	0.721560	0.761463	0.780064	0.699330	0.687595	0.698211	0.704326	0.694440	0.717781	0.931420	0.843874	0.838479	0.949563	0.944545	0.953339	0.852641	0.927138	0.922884	0.928559	0.927826	0.928332	0.976832	0.975084	0.976366	0.975982	0.974898	0.901061	0.896171	0.895738	0.894505	0.896690	0.735525	0.754978	0.732990	0.741477	0.751769	0.807880	0.812755	0.817606	0.815748	0.808724	0.955882	0.960573	0.959858	0.959100	0.962311	0.900059	0.898763	0.899656	0.896989	0.900232	0.742625	0.753737	0.742854	0.742710	0.747084	0.805095	0.806443	0.801035	0.799999	0.801676	0.677920	0.682892	0.676705	0.674089	0.680793	0.908805	0.891192	0.899053	0.889069	0.888942	0.727448	0.731836	0.723394	0.721012	0.729485	0.675946	0.696826	0.689746	0.693178	0.692249	0.802664	0.803655	0.810679	0.802908	0.803313	0.680765	0.666153	0.676200	0.661006	0.666724	0.647463	0.691267	0.566116	0.693456	0.692557	0.849249	0.741734	0.745355	0.752362	0.731008	0.828350	0.824579	0.825361	0.829300	0.737426	0.768339	0.822174	0.825338	0.866751	0.828392	0.855644	0.876267	0.877991	0.875087	0.810776	0.796585	0.888425	0.886348	0.814263	0.873074	0.840492	0.826916	0.854933	0.899055	0.885049	0.895458	0.967579	0.956517	0.975393	0.973029	0.978227	0.965254	0.960703	0.971982	0.962952	0.958856	0.951759	0.955147	0.964344	0.951669	0.953220	0.956050	0.952731	0.955013	0.975610	0.960750	0.952558	0.983256	0.986869	0.988266	0.961707	0.960350	0.961054	0.963527	0.956969	0.959429	0.961224	0.888425	0.890106	0.940606	0.992706	0.984339	0.992808	0.953864	0.953698	0.955743	0.957646	0.955258	0.957030	0.923304	0.891550	0.855902	0.910873	0.994596	0.994306	1.000000	0.992761	0.956078	0.956816	0.957323	0.962291	0.954991	0.956265	0.946651	0.961976	0.955613
E-ERAD-478__d38_female_unpaired_r4	0.911594	0.904364	0.899819	0.907056	0.901098	0.900927	0.898066	0.907127	0.909708	0.898809	0.924900	0.920157	0.918969	0.921486	0.916984	0.926593	0.926490	0.925846	0.919460	0.919833	0.945289	0.946508	0.950386	0.949458	0.949768	0.950138	0.949231	0.945820	0.943745	0.945481	0.731516	0.734001	0.733302	0.772226	0.790072	0.706435	0.695272	0.705729	0.712924	0.701990	0.725844	0.929538	0.847760	0.842135	0.946344	0.941761	0.949948	0.857038	0.924844	0.921695	0.925595	0.924704	0.925535	0.979386	0.978222	0.979583	0.978265	0.978656	0.900271	0.898303	0.896786	0.896507	0.897777	0.740460	0.760375	0.736925	0.744269	0.757621	0.803432	0.809351	0.814480	0.813207	0.804513	0.957602	0.961680	0.962604	0.961967	0.965338	0.899593	0.896195	0.898655	0.896369	0.899317	0.749176	0.759064	0.749037	0.747887	0.751899	0.800441	0.802054	0.796704	0.795874	0.797475	0.682896	0.688296	0.683706	0.680247	0.685729	0.908750	0.891761	0.898482	0.890947	0.891079	0.731423	0.736579	0.731035	0.726113	0.735532	0.685093	0.704842	0.698240	0.702969	0.701613	0.798219	0.799370	0.806820	0.798944	0.799375	0.681870	0.667513	0.678493	0.662467	0.667799	0.647508	0.696748	0.563334	0.698199	0.697004	0.849438	0.744509	0.747507	0.754487	0.732070	0.832396	0.828451	0.828985	0.832976	0.739171	0.769572	0.819045	0.823360	0.868384	0.827036	0.855619	0.877212	0.880851	0.875250	0.808092	0.795908	0.890630	0.886143	0.814329	0.870945	0.840237	0.823794	0.854297	0.898181	0.883558	0.895271	0.976647	0.964380	0.983264	0.981883	0.986754	0.976313	0.970203	0.981157	0.972495	0.966430	0.958424	0.960432	0.969501	0.956892	0.960612	0.962086	0.959338	0.956801	0.977725	0.961375	0.955167	0.986641	0.989993	0.991030	0.962777	0.960238	0.961509	0.966196	0.957002	0.959489	0.965871	0.892246	0.894231	0.944329	0.992629	0.977714	0.991098	0.951675	0.951816	0.953614	0.956120	0.952765	0.955779	0.920201	0.894525	0.859418	0.915167	0.994004	0.995119	0.992761	1.000000	0.954156	0.955601	0.956391	0.966040	0.953633	0.953538	0.944683	0.960810	0.953255
E-ERAD-478__d38_male_paired_r1	0.931689	0.926532	0.915152	0.926719	0.910643	0.916846	0.908039	0.924891	0.917993	0.916598	0.952478	0.943965	0.944667	0.946019	0.942391	0.946858	0.946778	0.944114	0.936061	0.935551	0.954264	0.951463	0.955719	0.958132	0.956355	0.950376	0.956787	0.949952	0.946485	0.951042	0.700015	0.703053	0.702729	0.738724	0.755346	0.704423	0.692493	0.703164	0.708352	0.699100	0.722822	0.961457	0.839412	0.833825	0.926032	0.923700	0.928736	0.847360	0.956397	0.955968	0.955493	0.954694	0.956501	0.953535	0.950619	0.953833	0.950249	0.950435	0.874780	0.868818	0.867986	0.867221	0.870641	0.738775	0.737069	0.738823	0.724196	0.732785	0.788483	0.792881	0.797963	0.795140	0.791841	0.974368	0.973913	0.972959	0.976574	0.973385	0.896509	0.894111	0.895441	0.892248	0.896914	0.747320	0.753579	0.725246	0.746990	0.751763	0.807125	0.806382	0.802005	0.802128	0.802987	0.671213	0.676942	0.669655	0.668651	0.675090	0.888853	0.876496	0.879544	0.877131	0.868286	0.720200	0.721236	0.713434	0.711255	0.719547	0.671204	0.691662	0.683726	0.688327	0.687344	0.790600	0.793023	0.797958	0.790493	0.791298	0.668560	0.652240	0.664809	0.647626	0.654738	0.640022	0.680527	0.559553	0.680897	0.682514	0.861162	0.735646	0.735889	0.743778	0.726267	0.815125	0.813591	0.812938	0.816419	0.734825	0.762065	0.808607	0.812133	0.853969	0.817256	0.842455	0.858046	0.860677	0.858711	0.802107	0.787853	0.873244	0.870951	0.804535	0.856569	0.829280	0.815792	0.841654	0.879863	0.867247	0.876073	0.951624	0.961291	0.949231	0.946245	0.947492	0.937798	0.935246	0.944066	0.936668	0.959843	0.967192	0.976398	0.971278	0.971013	0.967691	0.959696	0.966500	0.965898	0.976664	0.966157	0.954600	0.951182	0.948872	0.950867	0.981320	0.985036	0.982304	0.981712	0.987388	0.986825	0.979576	0.879048	0.881797	0.931319	0.955909	0.944962	0.954194	0.989250	0.992034	0.991222	0.989566	0.988399	0.988395	0.951264	0.883456	0.851141	0.904634	0.954489	0.956381	0.956078	0.954156	1.000000	0.994585	0.995668	0.982250	0.989772	0.988113	0.977164	0.990197	0.990043
E-ERAD-478__d38_male_paired_r2	0.931561	0.926115	0.914343	0.927197	0.910015	0.917673	0.907248	0.924670	0.915239	0.915884	0.954541	0.946004	0.945719	0.947201	0.943578	0.946827	0.946790	0.943935	0.935920	0.936121	0.957997	0.954428	0.959011	0.961719	0.959355	0.952764	0.959276	0.951681	0.949078	0.953303	0.699333	0.701489	0.701627	0.736302	0.752933	0.703262	0.690455	0.700662	0.706133	0.695873	0.721707	0.960361	0.840451	0.834708	0.929197	0.926009	0.931416	0.847105	0.956475	0.955743	0.955515	0.954633	0.956433	0.953622	0.951274	0.954623	0.950280	0.950619	0.877116	0.867626	0.868173	0.867240	0.870394	0.743614	0.741483	0.744084	0.730008	0.737790	0.790563	0.794557	0.798970	0.795743	0.793057	0.976155	0.976128	0.974350	0.977039	0.974501	0.898854	0.897495	0.896671	0.894624	0.898270	0.752001	0.757419	0.728747	0.751428	0.756038	0.809046	0.807678	0.803953	0.803819	0.806094	0.672395	0.681779	0.668867	0.668796	0.676653	0.890146	0.876203	0.881423	0.876106	0.867006	0.724526	0.724241	0.716485	0.714972	0.722704	0.670587	0.692659	0.684648	0.688575	0.687558	0.793877	0.794351	0.799149	0.790913	0.794404	0.670705	0.654691	0.665170	0.648848	0.655663	0.648223	0.681097	0.569914	0.681933	0.684618	0.860076	0.733090	0.732783	0.740744	0.724402	0.809748	0.808286	0.807147	0.811335	0.731124	0.755703	0.810829	0.813609	0.853366	0.817393	0.842842	0.858947	0.861248	0.860139	0.802068	0.786207	0.874965	0.872370	0.803036	0.861526	0.828286	0.816899	0.841885	0.883216	0.870738	0.879118	0.954157	0.964351	0.949661	0.946517	0.948670	0.938132	0.935898	0.945533	0.937480	0.962354	0.970383	0.977596	0.975023	0.973630	0.969600	0.959487	0.969731	0.965845	0.977475	0.966826	0.955948	0.951509	0.952064	0.951208	0.983734	0.985803	0.982435	0.982453	0.988010	0.987496	0.980542	0.879261	0.881657	0.932682	0.956385	0.949353	0.954164	0.988319	0.991194	0.991278	0.989339	0.989188	0.988856	0.956161	0.886245	0.854756	0.904114	0.955375	0.957389	0.956816	0.955601	0.994585	1.000000	0.995522	0.982512	0.989878	0.989266	0.980726	0.989808	0.989775
E-ERAD-478__d38_male_paired_r3	0.929820	0.924160	0.912687	0.924877	0.907841	0.914992	0.904774	0.922541	0.915104	0.914227	0.950909	0.942041	0.942349	0.944153	0.940059	0.944523	0.944163	0.941672	0.933427	0.933132	0.957241	0.954318	0.958611	0.960682	0.958711	0.952080	0.958312	0.951175	0.947613	0.952465	0.698491	0.701362	0.701107	0.737133	0.753766	0.701539	0.690038	0.701128	0.706478	0.696705	0.719902	0.961566	0.837598	0.831630	0.926173	0.923597	0.928828	0.845294	0.955870	0.955396	0.955065	0.954238	0.955597	0.954851	0.952511	0.955043	0.951911	0.951938	0.873605	0.868102	0.868282	0.867270	0.870270	0.742401	0.740234	0.742321	0.727098	0.735276	0.787638	0.793187	0.797833	0.795620	0.790857	0.976931	0.975728	0.975197	0.978793	0.975942	0.896416	0.893681	0.895465	0.892235	0.896966	0.751224	0.756942	0.727898	0.750755	0.754614	0.806988	0.805952	0.801945	0.802118	0.802817	0.671485	0.677912	0.669454	0.668764	0.675288	0.888286	0.875668	0.878336	0.876837	0.867809	0.722554	0.722856	0.715760	0.712922	0.721793	0.672106	0.692821	0.684580	0.689382	0.688194	0.789936	0.792538	0.797273	0.790438	0.790153	0.669254	0.654401	0.664453	0.649402	0.655401	0.640418	0.681069	0.558548	0.681824	0.683860	0.860225	0.736355	0.736656	0.744068	0.727559	0.815078	0.813768	0.812466	0.816814	0.734839	0.760928	0.806801	0.811029	0.852771	0.815932	0.841369	0.857660	0.860313	0.857745	0.800202	0.787048	0.872617	0.870214	0.803807	0.855112	0.828229	0.814595	0.841131	0.879356	0.866351	0.875707	0.954280	0.964936	0.951672	0.949361	0.950764	0.940475	0.937742	0.947261	0.939034	0.963903	0.971307	0.979792	0.974176	0.974736	0.972148	0.962544	0.970550	0.966124	0.978718	0.966827	0.955577	0.953692	0.951828	0.953713	0.983003	0.986096	0.983694	0.984454	0.989599	0.989287	0.982459	0.877264	0.879995	0.931193	0.957008	0.946209	0.955217	0.988401	0.991607	0.991431	0.990449	0.989187	0.989219	0.951817	0.881882	0.849324	0.903310	0.955727	0.957898	0.957323	0.956391	0.995668	0.995522	1.000000	0.983895	0.989726	0.988697	0.978050	0.991292	0.990578
E-ERAD-478__d38_male_unpaired_r1	0.907992	0.901952	0.896370	0.904056	0.895961	0.895283	0.892738	0.904028	0.909385	0.893665	0.930980	0.922621	0.922802	0.924857	0.920388	0.932727	0.932104	0.930297	0.922478	0.921725	0.953978	0.954617	0.958381	0.956766	0.956725	0.954426	0.960122	0.953845	0.949617	0.952041	0.708223	0.710534	0.710434	0.750189	0.766664	0.710749	0.699932	0.710447	0.717347	0.707789	0.730244	0.953785	0.824652	0.819308	0.922598	0.917597	0.925911	0.833966	0.948437	0.945683	0.948748	0.947922	0.950285	0.958056	0.957060	0.958177	0.957097	0.958934	0.881630	0.879693	0.878095	0.878961	0.879597	0.746660	0.744542	0.744183	0.728119	0.740421	0.792313	0.797659	0.803255	0.801915	0.794258	0.980135	0.977609	0.980090	0.982640	0.979123	0.905079	0.900609	0.904673	0.901987	0.905303	0.755794	0.761085	0.732589	0.755146	0.758429	0.812037	0.809342	0.806411	0.806285	0.807431	0.674126	0.680098	0.674572	0.671962	0.677654	0.896930	0.885837	0.886461	0.888077	0.878861	0.724081	0.725265	0.719614	0.714118	0.724941	0.675306	0.695897	0.686808	0.692538	0.691667	0.793747	0.795836	0.801332	0.794105	0.793966	0.671299	0.656132	0.667166	0.651943	0.658910	0.639199	0.687617	0.554280	0.687807	0.689288	0.853030	0.742732	0.742571	0.750221	0.731694	0.825709	0.823324	0.822237	0.827028	0.740458	0.768269	0.812248	0.815692	0.861133	0.819685	0.847625	0.865893	0.870663	0.865095	0.803765	0.790922	0.878539	0.877338	0.808919	0.859356	0.834057	0.817791	0.846698	0.885043	0.872868	0.881596	0.966738	0.973105	0.964473	0.961315	0.963047	0.954016	0.952975	0.960222	0.955530	0.971198	0.977715	0.984333	0.982461	0.980795	0.979319	0.980572	0.979025	0.955571	0.979039	0.956512	0.945468	0.958317	0.962502	0.960977	0.972581	0.975262	0.974058	0.984963	0.984679	0.987187	0.989646	0.865623	0.868523	0.922005	0.961945	0.946136	0.960439	0.981046	0.981832	0.980115	0.985284	0.980561	0.983412	0.942730	0.869871	0.835770	0.890620	0.961563	0.965746	0.962291	0.966040	0.982250	0.982512	0.983895	1.000000	0.981885	0.980989	0.970386	0.989354	0.981756
E-ERAD-478__d38_male_unpaired_r2	0.936494	0.931053	0.920911	0.932208	0.917035	0.923888	0.912514	0.931263	0.918545	0.922970	0.957679	0.950204	0.949749	0.951826	0.947810	0.949802	0.949707	0.946577	0.938897	0.939300	0.952247	0.947083	0.951016	0.954557	0.951559	0.945720	0.951910	0.944596	0.941551	0.947168	0.704789	0.707825	0.707248	0.742026	0.758481	0.702888	0.691550	0.701914	0.707478	0.697275	0.722725	0.954742	0.851441	0.846473	0.929280	0.928491	0.931839	0.858743	0.949861	0.950175	0.954894	0.953515	0.954858	0.950761	0.947060	0.951132	0.945657	0.945175	0.868553	0.861968	0.861918	0.860737	0.863602	0.740028	0.737464	0.739051	0.724446	0.733025	0.784082	0.786219	0.792643	0.788887	0.786902	0.968749	0.967923	0.967416	0.969891	0.967653	0.890879	0.888687	0.889663	0.886394	0.890353	0.747293	0.753864	0.726341	0.747692	0.751301	0.802535	0.799256	0.797252	0.796237	0.798494	0.675781	0.682437	0.672785	0.672798	0.679141	0.882031	0.869024	0.873356	0.869793	0.861443	0.720154	0.721850	0.714315	0.712150	0.720263	0.674238	0.693991	0.686498	0.690452	0.689790	0.785000	0.786538	0.791331	0.783844	0.786725	0.671446	0.653663	0.668226	0.649306	0.656142	0.646273	0.683157	0.567327	0.683552	0.685113	0.864833	0.729264	0.730162	0.737860	0.721596	0.804708	0.803940	0.803421	0.807168	0.727202	0.751619	0.801145	0.805056	0.846275	0.809999	0.835345	0.851579	0.856055	0.852729	0.793553	0.778665	0.868818	0.864601	0.796454	0.852654	0.821358	0.807909	0.833850	0.874160	0.861370	0.869853	0.951399	0.959634	0.946140	0.944036	0.946209	0.937739	0.935266	0.943334	0.935211	0.958241	0.965771	0.973547	0.970093	0.969260	0.967583	0.959993	0.967964	0.971855	0.974440	0.971133	0.962293	0.952281	0.947536	0.949242	0.984752	0.988231	0.985081	0.977909	0.991670	0.988822	0.979850	0.893305	0.896064	0.941822	0.956498	0.947254	0.954104	0.990727	0.993610	0.991993	0.993875	0.994949	0.994156	0.959452	0.895604	0.863782	0.914879	0.954895	0.955930	0.954991	0.953633	0.989772	0.989878	0.989726	0.981885	1.000000	0.995091	0.985641	0.994432	0.996448
E-ERAD-478__d38_male_unpaired_r3	0.930674	0.924663	0.914553	0.926438	0.912608	0.919162	0.908358	0.925999	0.913365	0.916777	0.954600	0.946843	0.945831	0.947942	0.944015	0.945809	0.946312	0.943237	0.935219	0.936437	0.950772	0.946399	0.950125	0.952490	0.950808	0.944796	0.950454	0.943850	0.941677	0.946243	0.706357	0.707713	0.708149	0.740072	0.756034	0.704453	0.690184	0.700198	0.706261	0.695012	0.724280	0.952774	0.848365	0.843925	0.930776	0.927906	0.932653	0.853197	0.949794	0.949195	0.955841	0.954521	0.956645	0.947718	0.944435	0.948545	0.942592	0.942412	0.872151	0.861109	0.860992	0.860591	0.863663	0.742674	0.739437	0.742917	0.730231	0.736671	0.788236	0.788785	0.794911	0.788596	0.790751	0.969149	0.969639	0.967566	0.968465	0.966851	0.893974	0.893592	0.891727	0.889313	0.893156	0.748772	0.757516	0.728356	0.749752	0.754831	0.806317	0.803060	0.801304	0.800164	0.803062	0.679476	0.690507	0.673772	0.675507	0.683085	0.885130	0.870003	0.877884	0.868678	0.860107	0.724463	0.725314	0.716675	0.715657	0.722902	0.675564	0.696443	0.688865	0.692754	0.692004	0.790053	0.789347	0.794425	0.786086	0.793619	0.676579	0.653828	0.670709	0.650493	0.658534	0.661314	0.686223	0.587296	0.686748	0.688305	0.862423	0.726476	0.727008	0.735429	0.720283	0.797982	0.797904	0.796932	0.801141	0.725041	0.744281	0.805222	0.809428	0.847005	0.813886	0.838110	0.855020	0.858146	0.857644	0.794726	0.779565	0.874021	0.868172	0.796891	0.862316	0.821365	0.811665	0.835921	0.880043	0.866812	0.874641	0.949529	0.958103	0.943621	0.941091	0.943008	0.933563	0.931638	0.940879	0.933238	0.955797	0.961876	0.970764	0.970700	0.967689	0.964846	0.956744	0.967633	0.965420	0.971602	0.966620	0.955739	0.948185	0.948477	0.946825	0.980827	0.984000	0.979655	0.974517	0.988631	0.986855	0.977529	0.889660	0.891876	0.938438	0.956368	0.950338	0.953226	0.989395	0.990850	0.990569	0.993147	0.992657	0.992340	0.970809	0.899207	0.871171	0.910214	0.955634	0.957029	0.956265	0.953538	0.988113	0.989266	0.988697	0.980989	0.995091	1.000000	0.991245	0.993031	0.994366
E-ERAD-478__d38_male_unpaired_r4	0.927964	0.921436	0.913663	0.926026	0.914100	0.921000	0.907824	0.927145	0.904591	0.918137	0.953796	0.948039	0.944321	0.947179	0.944827	0.943069	0.943959	0.939721	0.932455	0.935099	0.944803	0.938248	0.942091	0.945531	0.942800	0.935874	0.941069	0.934875	0.933898	0.938602	0.711316	0.711495	0.711791	0.735892	0.750425	0.703128	0.684278	0.694176	0.700550	0.686091	0.723548	0.941036	0.856291	0.853299	0.931226	0.926978	0.932857	0.857318	0.940857	0.940609	0.948971	0.948316	0.950997	0.936044	0.932799	0.937808	0.929514	0.929271	0.872846	0.851406	0.853182	0.853789	0.857486	0.745638	0.741978	0.749578	0.739463	0.742157	0.790719	0.787643	0.792898	0.781181	0.793805	0.959661	0.963428	0.957352	0.954110	0.953519	0.891231	0.895729	0.888519	0.887706	0.890896	0.750588	0.762523	0.731138	0.752073	0.759608	0.806944	0.804886	0.803900	0.802091	0.807215	0.687349	0.707306	0.676049	0.681627	0.691537	0.884066	0.864568	0.879205	0.858858	0.851107	0.732383	0.731182	0.720948	0.722862	0.728756	0.676783	0.700250	0.692468	0.693998	0.694200	0.794704	0.788561	0.793839	0.783661	0.802925	0.684899	0.653756	0.673559	0.651350	0.658912	0.692974	0.688627	0.631329	0.689356	0.691205	0.861316	0.714655	0.716677	0.725726	0.712819	0.776977	0.778503	0.776261	0.780184	0.716840	0.724107	0.805860	0.809966	0.842662	0.817750	0.838268	0.856950	0.856036	0.862923	0.792397	0.778039	0.879820	0.869225	0.795788	0.876972	0.816119	0.813485	0.834562	0.885148	0.871468	0.876813	0.940863	0.947933	0.931811	0.927774	0.929576	0.921605	0.920814	0.928403	0.922161	0.943747	0.950162	0.957289	0.964786	0.954801	0.951890	0.942682	0.958687	0.957214	0.958470	0.958569	0.950342	0.936227	0.940236	0.931774	0.973310	0.975735	0.969042	0.960517	0.976303	0.974521	0.964984	0.896917	0.897570	0.939100	0.947874	0.949587	0.941736	0.982385	0.981215	0.981666	0.983535	0.984475	0.984166	0.987871	0.915761	0.897340	0.911728	0.946816	0.949022	0.946651	0.944683	0.977164	0.980726	0.978050	0.970386	0.985641	0.991245	1.000000	0.983157	0.984221
E-ERAD-478__d38_male_unpaired_r5	0.928727	0.922283	0.914177	0.923608	0.911256	0.914790	0.907850	0.923204	0.919077	0.914060	0.950053	0.941699	0.942101	0.943879	0.939409	0.946397	0.945719	0.943032	0.935352	0.935370	0.954720	0.951529	0.955344	0.956780	0.954726	0.950409	0.957247	0.949621	0.946234	0.951461	0.702541	0.705503	0.704920	0.742202	0.758664	0.702355	0.691141	0.702208	0.708018	0.698372	0.722411	0.957794	0.841440	0.836100	0.929503	0.927448	0.931822	0.849459	0.952707	0.951270	0.956195	0.955180	0.956482	0.957699	0.954769	0.957974	0.954521	0.954501	0.875523	0.871289	0.870430	0.869881	0.872048	0.742964	0.740012	0.741147	0.725873	0.735283	0.788904	0.793266	0.799286	0.796475	0.791515	0.976412	0.975078	0.975589	0.977945	0.975486	0.898441	0.895651	0.897837	0.894618	0.898667	0.750711	0.756926	0.728237	0.750794	0.753753	0.808332	0.805213	0.802537	0.802263	0.803594	0.673806	0.679675	0.672452	0.671085	0.677280	0.889953	0.877708	0.880465	0.879177	0.870212	0.721331	0.722808	0.715071	0.712457	0.721156	0.672733	0.693745	0.685130	0.689504	0.688747	0.790215	0.792301	0.797386	0.790309	0.790976	0.670914	0.655086	0.667779	0.650371	0.657392	0.642174	0.684151	0.560442	0.684646	0.685707	0.862155	0.734985	0.735231	0.742882	0.726047	0.816350	0.815002	0.813847	0.818238	0.733793	0.761801	0.808370	0.811849	0.854478	0.816724	0.842820	0.859286	0.863213	0.859904	0.801499	0.787117	0.874965	0.872546	0.804260	0.857588	0.829317	0.815737	0.842018	0.881540	0.868927	0.878511	0.958346	0.966562	0.954537	0.952741	0.954117	0.945009	0.943569	0.951257	0.944738	0.965548	0.972223	0.979923	0.976830	0.975991	0.973722	0.970830	0.973691	0.968697	0.978928	0.969141	0.958635	0.958139	0.955659	0.957163	0.983393	0.986354	0.983892	0.983584	0.992880	0.992352	0.987102	0.882989	0.886115	0.936473	0.962160	0.949400	0.960468	0.991228	0.992712	0.991111	0.995637	0.993315	0.994585	0.956371	0.885668	0.852468	0.906476	0.960581	0.963073	0.961976	0.960810	0.990197	0.989808	0.991292	0.989354	0.994432	0.993031	0.983157	1.000000	0.994483
E-ERAD-478__d38_male_unpaired_r6	0.932944	0.926724	0.915789	0.926935	0.911590	0.917755	0.908047	0.925689	0.916640	0.917544	0.954316	0.945879	0.945340	0.947596	0.942920	0.946599	0.946536	0.943359	0.935352	0.935472	0.950086	0.945649	0.949881	0.953772	0.950861	0.944746	0.951195	0.943915	0.940873	0.945957	0.704289	0.707203	0.707044	0.742749	0.759147	0.703693	0.693242	0.703727	0.709263	0.699461	0.723321	0.956741	0.844171	0.838509	0.927617	0.925875	0.929478	0.851519	0.950772	0.950883	0.955900	0.954968	0.956069	0.950871	0.947735	0.951202	0.947124	0.946573	0.870089	0.864422	0.864541	0.862739	0.865916	0.742012	0.739211	0.740209	0.725143	0.734277	0.786364	0.789162	0.795608	0.792709	0.788901	0.970151	0.968949	0.969072	0.971298	0.969094	0.892980	0.890455	0.892441	0.888419	0.892642	0.749228	0.755007	0.728062	0.749915	0.752900	0.804963	0.802355	0.800184	0.798943	0.800827	0.675750	0.681356	0.674289	0.673349	0.679492	0.884059	0.871752	0.874818	0.873024	0.864126	0.720782	0.722794	0.715569	0.712836	0.721054	0.675386	0.695426	0.687621	0.691609	0.690686	0.787227	0.789577	0.794342	0.786994	0.788172	0.672453	0.655567	0.669055	0.651056	0.658292	0.644014	0.684684	0.562794	0.684859	0.686279	0.863506	0.732878	0.733485	0.740936	0.725424	0.810564	0.809663	0.808636	0.813207	0.730295	0.756892	0.803371	0.808258	0.849572	0.814051	0.839710	0.855094	0.858329	0.855907	0.797037	0.783609	0.870801	0.868045	0.800322	0.853231	0.825200	0.812129	0.838810	0.876196	0.863939	0.872546	0.951713	0.960815	0.945984	0.944680	0.946767	0.937758	0.935448	0.943234	0.935760	0.960450	0.966993	0.975487	0.970757	0.972109	0.969286	0.960571	0.968611	0.968689	0.974741	0.968479	0.958605	0.951161	0.947304	0.949487	0.982864	0.986367	0.983858	0.979417	0.991814	0.989656	0.980644	0.885768	0.888514	0.936001	0.955898	0.945811	0.954336	0.990731	0.993106	0.992432	0.994486	0.995071	0.994121	0.957411	0.887839	0.854690	0.907986	0.954013	0.955428	0.955613	0.953255	0.990043	0.989775	0.990578	0.981756	0.996448	0.994366	0.984221	0.994483	1.000000
