gene_id	dispersion
Smp_000020	0.0725102115318605
Smp_000030	0.114036587676656
Smp_000040	0.0251751151286599
Smp_000050	0.144776122406946
Smp_000070	0.0838954665606219
Smp_000075	0.992084516447843
Smp_000080	0.308508872579864
Smp_000100	0.188737958127534
Smp_000110	0.175975591138349
Smp_000130	0.13422215278708
Smp_000150	0.0941677369023385
Smp_000160	0.111660903426046
Smp_000180	0.376364193150439
Smp_000190	0.186579905476422
Smp_000200	0.166472537851054
Smp_000230	0.140586419967952
Smp_000240	0.19366555869657
Smp_000260	0.11906012513912
Smp_000270	1.84434974219633
Smp_000280	20
Smp_000300	0.1761920627631
Smp_000310	0.0585588228930408
Smp_000320	0.111271104147321
Smp_000340	0.402919076206513
Smp_000370	0.0875397205596707
Smp_000430	8.48583626186528
Smp_000470	0.0634537846150129
Smp_000480	0.0378680286814733
Smp_000500	0.906547290302742
Smp_000510	0.0665110903300657
Smp_000580	0.254440283461145
Smp_000590	0.0374457647780644
Smp_000600	0.0622910707734473
Smp_000620	0.129775024176143
Smp_000630	0.0539671770020764
Smp_000640	0.0441655533450673
Smp_000650	0.0583641613679804
Smp_000660	0.0989346068909714
Smp_000670	0.0331844610742101
Smp_000680	0.207227921875812
Smp_000690	0.612056752546654
Smp_000700	0.106699725165622
Smp_000710	0.0154981693469277
Smp_000720	0.0303143847455755
Smp_000740	0.0386437821894196
Smp_000755	0.118451540420861
Smp_000790	0.0757148791211773
Smp_000810	0.107440963834388
Smp_000820	0.176977523778853
Smp_000830	0.099240968886169
Smp_000850	0.039537560063068
Smp_000870	0.115409900455474
Smp_000880	0.132470203098718
Smp_000900	0.217999041707629
Smp_000910	0.184508919527359
Smp_000950	0.264560657069946
Smp_000980	0.047494115006874
Smp_000990	0.0890336875874272
Smp_001000	0.150933645326926
Smp_001020	0.070863542508901
Smp_001030	0.0823631563499031
Smp_001040	0.0263871187743879
Smp_001070	0.0671542898068103
Smp_001080	0.0798291513099956
Smp_001090	0.0347418146177664
Smp_001095	0.0527659745195069
Smp_001100	0.238290863290288
Smp_001120	0.120395284789482
Smp_001160	0.13062716501448
Smp_001170	0.0302033481849935
Smp_001180	0.0777043838989893
Smp_001210	0.0971651278140312
Smp_001360	0.109159150846363
Smp_001390	0.0830081625229651
Smp_001410	0.135309717978018
Smp_001420	0.0302710606722013
Smp_001500	0.0812499477787837
Smp_001530	0.021937438032165
Smp_001560	0.0955936463955118
Smp_001590	0.0835813694559542
Smp_001610	0.118476309414109
Smp_001640	0.059694882292729
Smp_001780	0.34576241118738
Smp_001830	0.132025498662825
Smp_001890	2.18969951844194
Smp_001900	0.151140342649867
Smp_001940	0.0652159341960706
Smp_001950	0.0468052084417208
Smp_001960	0.0505210962308809
Smp_001980	0.235277559127084
Smp_002010	0.136102208769681
Smp_002060	1.75955718150429
Smp_002070	0.784166203253756
Smp_002080	0.0790551046087842
Smp_002100	0.0993072411105224
Smp_002160	0.0463178467393976
Smp_002180	0.0304416716500601
Smp_002230	0.098862827648914
Smp_002280	0.038398386905001
Smp_002380	0.1241867220841
Smp_002410	0.0876725543830028
Smp_002510	0.128298102352402
Smp_002550	0.096800306356484
Smp_002600	0.176336612531349
Smp_002630	20
Smp_002640	0.25874240423626
Smp_002740	0.0504560515599684
Smp_002820	0.304037474626611
Smp_002840	0.041819264753446
Smp_002870	0.0519792576941964
Smp_002880	0.0534539200444324
Smp_002920	0.0535365817537587
Smp_002950	0.0726353004547248
Smp_003000	0.0200296420172481
Smp_003130	0.0269148055736689
Smp_003140	0.0561113667227736
Smp_003190	0.295742513978552
Smp_003230	0.282751209584781
Smp_003250	0.121665071179232
Smp_003270	0.148308524661461
Smp_003280	0.130159093496666
Smp_003300	1.56648709210748
Smp_003330	0.154849128434119
Smp_003340	0.0267280044946502
Smp_003410	0.165625122321195
Smp_003440	0.354359401293437
Smp_003600	0.414437276982103
Smp_003610	0.308641412419118
Smp_003620	0.0808491442230832
Smp_003630	0.0676640740023807
Smp_003660	0.0718861058548111
Smp_003670	0.033358640230164
Smp_003700	0.151086513165579
Smp_003710	0.126475931572114
Smp_003770	0.121300623149095
Smp_003860	0.0579354108594102
Smp_003900	0.266267075975506
Smp_003930	0.118236970500857
Smp_003940	0.0710994958897153
Smp_003970	0.0834617605138059
Smp_003980	0.142703826683156
Smp_003990	0.0600420889122924
Smp_004000	0.0941276987523638
Smp_004060	0.0507558189156851
Smp_004070	0.32198580201968
Smp_004080	0.0416519823035964
Smp_004160	0.395752045659212
Smp_004170	0.181797939648092
Smp_004190	0.0398408205157525
Smp_004200	0.0829581651498748
Smp_004220	0.0815439749293735
Smp_004260	0.0771096205523096
Smp_004310	0.0740464345535412
Smp_004350	0.145382520139963
Smp_004360	0.0615316879410798
Smp_004420	0.172129931217102
Smp_004440	0.102726419324201
Smp_004470	0.113219235561999
Smp_004480	0.161371238984616
Smp_004550	0.0850151641517463
Smp_004590	0.300723250958656
Smp_004600	0.112288927657044
Smp_004630	0.092626843408067
Smp_004640	0.139585285370583
Smp_004680	0.0669646948289349
Smp_004690	0.107820167214777
Smp_004710	0.100622308884009
Smp_004730	0.130220893093149
Smp_004780	0.257780067297174
Smp_004810	0.0347177601244275
Smp_004820	0.130054477755355
Smp_004910	0.0407402993905584
Smp_004940	0.152661029316758
Smp_004990	0.168252675698932
Smp_005000	0.0356074785790517
Smp_005010	0.126055774094228
Smp_005020	0.128127046921727
Smp_005070	0.112377142889532
Smp_005080	0.0608572252914103
Smp_005140	0.676827620424611
Smp_005160	0.101528007707948
Smp_005180	0.0760194233393865
Smp_005190	0.0327356226132758
Smp_005210	0.0575549135214954
Smp_005230	0.0382289501676352
Smp_005260	0.147582915055756
Smp_005280	0.0233763015427524
Smp_005290	0.0300617467551528
Smp_005320	0.0679847345758171
Smp_005330	0.0369868161760247
Smp_005390	0.0382465749239841
Smp_005470	0.576171799423886
Smp_005500	0.101886333234882
Smp_005520	0.125853490572126
Smp_005640	0.0762286692984499
Smp_005670	0.02695799233988
Smp_005720	0.0848205295971907
Smp_005780	0.100825431273261
Smp_005790	0.144630670720251
Smp_005880	0.277104016690074
Smp_005900	0.118186400416903
Smp_005910	0.0659560203657887
Smp_005960	0.15977521313832
Smp_006000	0.0404747255024035
Smp_006060	0.0493768269933768
Smp_006190	0.015045149290257
Smp_006195	0.704012523841063
Smp_006250	0.0774721181553466
Smp_006320	0.22329374745771
Smp_006340	0.161505591851887
Smp_006350	0.188902866709205
Smp_006390	0.0944283828113323
Smp_006440	0.225364422197543
Smp_006550	0.0913538190697635
Smp_006560	0.111645463793255
Smp_006590	0.0247485753914659
Smp_006630	0.0553082178342702
Smp_006680	0.163161875948571
Smp_006690	0.0362980063610937
Smp_006700	0.0796278867312313
Smp_006710	0.0881228570597885
Smp_006720	0.153828559849168
Smp_006730	0.0552742729148932
Smp_006750	0.236274465391048
Smp_006760	0.114301682020066
Smp_006780	0.0553319739083772
Smp_006810	0.0649449180461683
Smp_006830	0.0713312593308885
Smp_006840	0.0311412617112109
Smp_006850	0.0882187224649985
Smp_006860	0.0822444730876454
Smp_006920	0.04567063452632
Smp_006930	0.0710066423508752
Smp_007000	0.124818870905071
Smp_007070	0.0747017783471195
Smp_007170	0.0265398142737097
Smp_007180	0.225619510733654
Smp_007190	0.0276509055409815
Smp_007210	0.0942305063130772
Smp_007260	0.0880494153215788
Smp_007270	0.143233268343066
Smp_007290	0.0783827369814089
Smp_007300	0.167729571544396
Smp_007330	0.13945559727798
Smp_007380	0.0500340402364303
Smp_007450	0.209508046723672
Smp_007500	0.0422813674104867
Smp_007510	0.216611132658668
Smp_007540	0.0873596234151049
Smp_007550	0.889547746332719
Smp_007570	0.145648505742584
Smp_007630	0.0814917862904845
Smp_007650	0.0676763196478312
Smp_007660	0.0208124388492058
Smp_007670	0.52068130183618
Smp_007690	0.235527906717706
Smp_007710	0.0774132792078593
Smp_007730	0.119717127704302
Smp_007760	0.154367418658814
Smp_007890	0.0592563365223419
Smp_007900	0.112646513706324
Smp_007960	0.0294422827707658
Smp_007970	0.0766122317028312
Smp_008070	0.0679338483694667
Smp_008120	0.0889041480994744
Smp_008140	0.046740480818946
Smp_008220	0.0535512145552392
Smp_008230	0.043487514961939
Smp_008260	0.0167493853228711
Smp_008290	0.0822517774912401
Smp_008310	0.0565073627068159
Smp_008320	0.0211395593826865
Smp_008360	0.123318906571664
Smp_008400	3.9499403934886
Smp_008430	0.0380592059029468
Smp_008440	0.19469214379275
Smp_008450	0.137967356534795
Smp_008470	0.0308279072269976
Smp_008490	0.203959742005538
Smp_008500	0.0427002010138129
Smp_008545	0.0811121346869685
Smp_008580	0.0664138526226414
Smp_008610	0.226288123707181
Smp_008620	0.127960362694786
Smp_008660	0.0839172826938554
Smp_008710	0.0568844746844926
Smp_008770	0.0726612453483039
Smp_008830	0.0755130637090212
Smp_008850	0.116348066465287
Smp_008900	0.139131066645231
Smp_009020	0.325994411889058
Smp_009030	0.121415231723725
Smp_009070	0.0613708272645895
Smp_009150	0.0276819776314148
Smp_009230	1.20456139677059
Smp_009250	0.0570551697909493
Smp_009310	0.169727011615215
Smp_009320	0.0470048317649983
Smp_009340	0.0810395509604417
Smp_009390	0.0653088103730516
Smp_009400	0.179951250611024
Smp_009420	0.0413794227899898
Smp_009430	0.0741579689231419
Smp_009520	0.0503536128243696
Smp_009540	0.0783506931931077
Smp_009550	0.0826346275161257
Smp_009560	0.0497322751107343
Smp_009600	0.069003987155662
Smp_009630	0.0996465102928638
Smp_009650	0.0470381083474522
Smp_009690	0.252081397083976
Smp_009760	0.0828256983420006
Smp_009800	0.128873883813625
Smp_009810	0.691705177154552
Smp_009830	0.147144383165513
Smp_009990	0.0957642275910883
Smp_010090	0.0317872446056494
Smp_010100	0.0345040838569263
Smp_010110	0.031297473368757
Smp_010140	0.0359457328100892
Smp_010160	0.152694591664408
Smp_010230	0.0574229353771715
Smp_010250	0.0658159010318906
Smp_010260	0.113780527222475
Smp_010280	0.0966396925778399
Smp_010290	0.159182629217744
Smp_010370	0.0909429009571511
Smp_010380	0.194727679825723
Smp_010400	0.0806212820893617
Smp_010450	1.68943909609949
Smp_010550	0.17582567711022
Smp_010620	0.0480709238615471
Smp_010690	0.115110449433045
Smp_010710	0.0430368866732035
Smp_010720	0.242928384795244
Smp_010800	0.0535901363808306
Smp_010820	0.0756716285695288
Smp_010930	0.0490439973854482
Smp_010940	0.0395831614362629
Smp_011000	0.217091857605415
Smp_011010	0.116557209663547
Smp_011030	0.132423337735124
Smp_011120	0.0673506528737838
Smp_011150	0.0611592132799706
Smp_011220	0.290561549607581
Smp_011230	0.155184683501679
Smp_011270	0.141264982940559
Smp_011560	0.120956486154952
Smp_011570	0.0974616924767786
Smp_011640	0.0331173906352481
Smp_011660	0.0675950118997947
Smp_011680	0.360583105307815
Smp_011700	0.092737710089353
Smp_011710	0.0504178257068581
Smp_011720	0.0461698411901147
Smp_011830	0.424756222812915
Smp_011860	0.048393357830891
Smp_011870	0.845219942938781
Smp_011960	0.0907604970139166
Smp_011980	0.0595380513566942
Smp_011990	0.265578590027661
Smp_012000	0.102687977200549
Smp_012010	0.202801225575057
Smp_012030	0.127761715183904
Smp_012050	0.0909807959308638
Smp_012070	0.0622691242752079
Smp_012110	0.0639722447394643
Smp_012150	0.0211041866657903
Smp_012200	0.0755386294985604
Smp_012280	0.0469942420731684
Smp_012340	0.0519220930387521
Smp_012350	0.0644518869966321
Smp_012380	0.282358552942632
Smp_012400	0.106186292932149
Smp_012410	0.0805833537209278
Smp_012440	0.160087367406776
Smp_012470	0.0868589535891074
Smp_012480	0.237424578579121
Smp_012530	0.108781869460003
Smp_012540	0.171032239692013
Smp_012570	0.153959641738892
Smp_012580	0.07683542423978
Smp_012670	0.092516115601393
Smp_012690	0.0339804820475586
Smp_012720	0.0732590457282668
Smp_012740	0.0432244596553732
Smp_012750	0.157587607782197
Smp_012780	0.10591526277373
Smp_012790	0.149391400021219
Smp_012800	0.212304977810187
Smp_012810	0.204353417798499
Smp_012860	0.0402683091893845
Smp_012900	0.0720115519716794
Smp_012920	0.135405162350478
Smp_012930	0.140980246894014
Smp_012980	0.0614098626466726
Smp_013040	0.120675587472347
Smp_013050	0.0537434471571665
Smp_013060	0.0591484960049862
Smp_013070	0.12031487598793
Smp_013080	0.0638604531930767
Smp_013150	0.0871102052599549
Smp_013200	0.115861509228623
Smp_013210	0.634837458511939
Smp_013300	0.0408553163775117
Smp_013360	0.179386839130744
Smp_013370	0.0501965201263989
Smp_013440	0.0719220420771738
Smp_013460	0.0448024040148762
Smp_013470	0.12171251541588
Smp_013520	0.0700322683591196
Smp_013540	3.1233945179519
Smp_013600	0.282445314857191
Smp_013610	0.152165139635739
Smp_013690	0.0240526681628095
Smp_013790	0.12169569216872
Smp_013810	0.377390649189235
Smp_013815	0.263297054372505
Smp_013840	0.0441175396045423
Smp_013860	0.0955294289282058
Smp_013870	0.0893861150348445
Smp_013930	0.024894568891271
Smp_013950	0.263437864305662
Smp_014010	0.0558144316004788
Smp_014020	0.105782656744943
Smp_014050	0.0437405284531882
Smp_014080	0.120077610263892
Smp_014170	0.14267646774879
Smp_014260	0.262882409044833
Smp_014280	0.100529207071502
Smp_014290	0.0565852788067854
Smp_014400	0.284204083771682
Smp_014410	0.34147180446447
Smp_014430	0.292706778260078
Smp_014570	0.278103931321227
Smp_014620	0.0369930794921889
Smp_014650	0.221795459428152
Smp_014660	0.148925146684405
Smp_014670	0.0320423767114875
Smp_014680	0.212133195656738
Smp_014730	0.089256779871662
Smp_014780	0.0409267803974553
Smp_014800	0.0436279734555277
Smp_014840	0.47248357476138
Smp_014850	0.0275015600079605
Smp_015020	0.150988786415225
Smp_015050	0.100772537254682
Smp_015090	0.10706280376428
Smp_015100	0.12655191918945
Smp_015220	0.134227729498628
Smp_015390	0.07239081295128
Smp_015440	0.0273715871580791
Smp_015480	0.0965407457483183
Smp_015530	0.0794257053257083
Smp_015630	0.0984167889100143
Smp_015670	0.112195752320885
Smp_015690	0.0451465295588819
Smp_015710	0.0286262941697301
Smp_015720	0.229173084113167
Smp_015730	0.179016530868471
Smp_015760	0.146332875292331
Smp_015780	0.0907910281522596
Smp_015800	0.0395690972216633
Smp_015820	0.264337519139941
Smp_015840	0.0853901683587949
Smp_015850	0.0530842043623571
Smp_015860	0.0705463986433458
Smp_015880	0.0313117834153516
Smp_015900	0.0984539910505372
Smp_015980	0.0848797702283254
Smp_016050	0.0564952981498911
Smp_016090	0.101410227859006
Smp_016130	0.12317662807182
Smp_016180	0.182083324227283
Smp_016200	0.0255377085737984
Smp_016250	0.0727084516065678
Smp_016340	0.120069681521571
Smp_016380	0.100424135880566
Smp_016410	0.0290633472437854
Smp_016490	0.223231818094546
Smp_016510	0.058179319621532
Smp_016540	0.205011491623766
Smp_016550	0.033017552343245
Smp_016600	0.19987725503108
Smp_016630	0.0454678731913585
Smp_016640	0.0380150739482944
Smp_016670	0.0840820524976336
Smp_016730	0.157688507288861
Smp_016750	0.230394365941106
Smp_016780	0.518562514906788
Smp_016810	0.093168530277143
Smp_016870	0.136413864784265
Smp_016900	0.0449439653575424
Smp_016910	0.0572416640486329
Smp_016920	0.174058454785668
Smp_016990	0.0644924678519352
Smp_017010	0.0385959620533185
Smp_017020	0.140064804785816
Smp_017070	0.0448020405594888
Smp_017230	0.0985521702811088
Smp_017280	0.198863825556109
Smp_017290	0.172610727988823
Smp_017360	0.0891375473551808
Smp_017420	0.129526307320037
Smp_017430	0.0623876082097863
Smp_017470	0.0762854082705225
Smp_017520	0.0618613173969914
Smp_017610	0.725991595651743
Smp_017640	0.0734235273723246
Smp_017650	0.118663451093469
Smp_017660	0.0549237163424698
Smp_017710	0.0849518204183892
Smp_017730	0.188275842203506
Smp_017750	0.0216835246530758
Smp_017830	0.142930437790742
Smp_017860	0.342941760363126
Smp_017870	0.115417288391991
Smp_017880	0.0902253990067118
Smp_017890	0.0859504685739936
Smp_017990	0.112304599443514
Smp_018010	0.0497815774395359
Smp_018020	0.0680098548273038
Smp_018030	0.0422777852690215
Smp_018160	0.0766243140972284
Smp_018170	0.167457605305985
Smp_018210	0.0968300761329881
Smp_018220	0.0824136813042375
Smp_018240	0.0901179189063792
Smp_018250	0.0511936930040663
Smp_018260	0.0445108805273557
Smp_018280	0.114033582149618
Smp_018290	0.271233406091798
Smp_018310	0.246672310087376
Smp_018360	0.0332580016784781
Smp_018400	0.0397299673408564
Smp_018430	0.0929050120363498
Smp_018440	0.222551701793988
Smp_018460	0.0293297683222976
Smp_018500	0.095514755936432
Smp_018530	0.0770798470233067
Smp_018550	0.0540850383554673
Smp_018570	0.0853790489032141
Smp_018580	0.100614514873835
Smp_018590	0.193098293740372
Smp_018610	0.0581806613313417
Smp_018620	0.0430424529440498
Smp_018640	0.111737880528075
Smp_018680	0.0244352781527178
Smp_018710	0.0616137808517038
Smp_018760	0.0650540520847519
Smp_018790	0.0185947317376739
Smp_018800	0.805109490522432
Smp_018870	0.107112573632536
Smp_018880	0.956593132340768
Smp_018930	0.0965653350859388
Smp_018940	0.589760962058329
Smp_018950	0.0293369989235281
Smp_018980	0.125812565705753
Smp_018990	0.217702362117336
Smp_019010	0.101400472428407
Smp_019030	0.13799669571723
Smp_019040	0.031103617616354
Smp_019050	0.205366005575031
Smp_019060	0.111483411427688
Smp_019100	0.0967986086482888
Smp_019130	0.0907356263076573
Smp_019170	0.0589171696190893
Smp_019190	0.0494805949014786
Smp_019260	0.0578802827576576
Smp_019280	0.0456986717272687
Smp_019310	0.291447760685309
Smp_019340	0.0418932432873267
Smp_019350	0.480996425596616
Smp_019380	0.0331121104735069
Smp_019430	0.0544217506133743
Smp_019440	0.0655122574950462
Smp_019490	0.0504655024283389
Smp_019620	0.0248130775074469
Smp_019630	0.0276730625452456
Smp_019640	0.0490160901964653
Smp_019680	0.0685503228624595
Smp_019690	0.177946837433952
Smp_019730	0.0607297496511552
Smp_019750	0.0969888177718558
Smp_019760	0.220905492489922
Smp_019790	0.0568655308041925
Smp_019820	0.0781151425305979
Smp_019840	0.0378281222602436
Smp_019880	0.0393671651560655
Smp_019890	0.067437459712309
Smp_019900	0.0777901125119336
Smp_019920	0.0276963938681026
Smp_019950	0.0623871781868452
Smp_019980	0.0383421510321767
Smp_019990	0.0714004528707207
Smp_020040	0.0586227802461464
Smp_020050	0.0254722359088933
Smp_020060	0.0681824087011898
Smp_020070	0.129251891953672
Smp_020080	0.187215180076352
Smp_020090	0.0753638540187142
Smp_020120	0.0715077047672319
Smp_020130	0.0953766961950239
Smp_020200	0.0670804153017097
Smp_020220	0.0664346337781452
Smp_020270	0.128275842837597
Smp_020300	0.0866702004855158
Smp_020340	0.0739921719733517
Smp_020370	0.0183182277289616
Smp_020400	0.0221525001911998
Smp_020450	0.0266251335579825
Smp_020480	0.0564840263192151
Smp_020540	0.421858661021398
Smp_020550	0.0952307078898379
Smp_020590	0.0548672243783417
Smp_020760	0.0622817371874916
Smp_020770	0.11654312890837
Smp_020800	0.161732122828674
Smp_020920	0.0916262033810662
Smp_021040	0.0889943840662676
Smp_021060	1.91817000980727
Smp_021070	0.0609618094098358
Smp_021080	0.0313369147422863
Smp_021100	0.0278951149487895
Smp_021130	0.0794668468556371
Smp_021140	0.172459006656979
Smp_021160	0.0413585083178422
Smp_021170	0.0703726179157705
Smp_021220	0.121437753122619
Smp_021290	0.0718038854135836
Smp_021300	0.0755983544165923
Smp_021330	0.0687840563851152
Smp_021340	0.0717319511724918
Smp_021370	0.0639944335626796
Smp_021390	0.163572670287327
Smp_021460	0.558053499431628
Smp_021540	0.360177098435747
Smp_021550	0.0542982085307823
Smp_021590	0.115360408382182
Smp_021600	0.0855028074183747
Smp_021730	0.0462498438975071
Smp_021750	0.0461555461583222
Smp_021760	0.0741688196970798
Smp_021790	0.0957495468909364
Smp_021800	0.107182326631993
Smp_021830	0.0485412289730878
Smp_021910	0.0204563860610174
Smp_021920	0.168610812024775
Smp_021960	0.137656764524958
Smp_022020	0.150319671688856
Smp_022070	0.305582578248197
Smp_022090	0.0501261125600295
Smp_022110	0.0740394385728785
Smp_022130	0.0585195784025896
Smp_022140	0.0514843656427782
Smp_022170	0.106058009223381
Smp_022320	0.0782927320080185
Smp_022330	0.0707283612791361
Smp_022340	0.110952516458329
Smp_022400	0.058873218508185
Smp_022430	0.112209693849079
Smp_022450	0.384184184345694
Smp_022470	0.0879560879581092
Smp_022500	0.109899240650808
Smp_022540	0.041351226881249
Smp_022570	0.0334186151960681
Smp_022640	0.281773680557772
Smp_022660	0.040755515270541
Smp_022700	0.0346245800627156
Smp_022740	0.474871485661784
Smp_022810	0.0385886876541147
Smp_022850	0.0817125684513942
Smp_022870	0.359580226704542
Smp_022890	0.0744112087019264
Smp_022960	0.305675173877654
Smp_022990	0.0227498839851009
Smp_023010	0.15035076083446
Smp_023150	0.0806404707583445
Smp_023170	0.0554479414097972
Smp_023230	0.147386512871594
Smp_023250	0.0984277517056329
Smp_023270	0.127511302902516
Smp_023360	0.109128416420098
Smp_023470	0.150804897664207
Smp_023550	0.0252214424113851
Smp_023620	0.0718232740807699
Smp_023660	0.0887374011753662
Smp_023700	0.102993878323238
Smp_023710	0.195367440367228
Smp_023840	0.206348019411995
Smp_023930	0.0996558049957901
Smp_023940	0.0492908590188688
Smp_024000	0.0781297406725417
Smp_024010	0.0617815766413506
Smp_024030	0.185342746605134
Smp_024110	0.0253520683345426
Smp_024120	0.0657807949475909
Smp_024140	0.14683032744821
Smp_024150	0.0586424639295394
Smp_024180	0.194894505124337
Smp_024240	0.104390422339761
Smp_024360	0.0292716107118369
Smp_024370	0.207997897334073
Smp_024380	0.124182123885716
Smp_024390	0.237070247272302
Smp_024490	0.174298753507529
Smp_024500	0.124483220846174
Smp_024520	0.207180663927258
Smp_024580	0.24212838842092
Smp_024590	0.0895443946566181
Smp_024660	0.0916953153418665
Smp_024800	0.0591369948084198
Smp_024820	0.0431433998487958
Smp_024850	0.136079278146176
Smp_024860	0.216562731433715
Smp_024870	0.130829241507453
Smp_024880	0.120108417757684
Smp_024900	0.133189734120782
Smp_024930	0.115529941984403
Smp_024970	0.0357335003208296
Smp_025010	0.0465221921098172
Smp_025020	0.0433745569366673
Smp_025030	0.135582303293432
Smp_025100	0.0244349357868846
Smp_025130	0.255094643304204
Smp_025150	0.0538990161859514
Smp_025160	0.0941326859732122
Smp_025260	0.112181312542835
Smp_025340	0.0703224135304877
Smp_025360	0.0249614920351144
Smp_025370	0.130643898805354
Smp_025380	0.371224901881522
Smp_025510	0.021721984563617
Smp_025550	0.0397552491631941
Smp_025560	0.307010065514374
Smp_025570	0.0379642734469101
Smp_025620	0.108194738008413
Smp_025670	0.0142662629896175
Smp_025680	0.118494664947209
Smp_025700	0.119304670113779
Smp_025740	0.123373372896928
Smp_025750	0.0860029279860162
Smp_025830	0.329221423509147
Smp_025860	0.24150132659592
Smp_025890	0.167302295303912
Smp_026030	0.0571966878177082
Smp_026090	0.0161932896420115
Smp_026160	0.0545499400991158
Smp_026190	0.056585805199448
Smp_026230	0.103237050519783
Smp_026250	0.0435398369669214
Smp_026260	0.0502503389192931
Smp_026270	0.152256018618053
Smp_026280	0.0768691055423356
Smp_026300	0.0966519436492504
Smp_026320	0.0695088344980141
Smp_026340	0.124183745720141
Smp_026390	0.0467888182509863
Smp_026400	6.44603280616413
Smp_026420	0.0614978464643879
Smp_026510	0.176290041054068
Smp_026540	0.0856638892686238
Smp_026560	0.0922429981008755
Smp_026630	0.0954980648990572
Smp_026700	0.0183715078005308
Smp_026770	0.383378382506617
Smp_026790	0.329631568131597
Smp_026820	0.228844986719458
Smp_026830	0.0389420455027144
Smp_026910	0.0568889399608608
Smp_026920	0.144829814576901
Smp_026930	0.147975298433064
Smp_027000	0.0314367652344921
Smp_027010	0.0193357957929623
Smp_027040	0.0682368717035347
Smp_027080	0.0692366942164431
Smp_027210	0.161903138312297
Smp_027220	0.144213411774181
Smp_027240	0.0851866030055164
Smp_027250	0.0695196300138468
Smp_027300	0.0731457745053278
Smp_027340	0.0644527168840601
Smp_027370	0.0421188455988827
Smp_027390	0.034097188811276
Smp_027400	0.0279684990515637
Smp_027430	0.144769074881472
Smp_027450	0.0956228097171172
Smp_027480	0.0691572912197346
Smp_027500	0.278571995852558
Smp_027550	0.172451279480945
Smp_027610	0.160029362597933
Smp_027850	0.0765805926215281
Smp_027870	0.223940809844625
Smp_027880	0.148797188224038
Smp_027910	0.0491968198473989
Smp_027920	0.156274877426218
Smp_027940	0.545644011352433
Smp_027970	0.0854299098628623
Smp_027990	0.143518357040631
Smp_028030	0.027040060216525
Smp_028050	0.0609659615748566
Smp_028060	0.0552070572634627
Smp_028070	0.0725397515711269
Smp_028080	0.0706084828925316
Smp_028100	0.0976993714728326
Smp_028120	0.0223893252846528
Smp_028130	1.14008638898874
Smp_028140	0.117083819213333
Smp_028170	0.0166903106241329
Smp_028190	0.248058299431438
Smp_028200	0.185509927560626
Smp_028210	0.129609590058967
Smp_028330	0.144388216118315
Smp_028340	0.0768473611311243
Smp_028360	0.0418456111084239
Smp_028410	0.050795046108071
Smp_028430	0.106408368269853
Smp_028440	0.0829343019828147
Smp_028490	0.083819402842823
Smp_028500	0.03257921619002
Smp_028650	0.103925478131569
Smp_028670	0.0551241328325229
Smp_028690	0.0536772467869268
Smp_028730	0.0292871646652548
Smp_028800	0.580056590818031
Smp_028850	0.261322852917898
Smp_028860	0.876556691064566
Smp_028870	0.348621935866468
Smp_028930	0.114508476746358
Smp_028940	0.0655066003801774
Smp_028980	0.0547820061512952
Smp_028990	0.0461766121273018
Smp_029040	0.0283001745368626
Smp_029060	0.0644323855827051
Smp_029070	0.0384653393919979
Smp_029100	0.0844472486826023
Smp_029160	0.0817854152455275
Smp_029210	0.0680106822644007
Smp_029240	0.0834115749422869
Smp_029360	0.0408015100750933
Smp_029370	0.0803747770041464
Smp_029390	0.0548308096645244
Smp_029400	11.0643511557789
Smp_029470	0.0772776380609726
Smp_029500	0.182397454057573
Smp_029670	0.119636499647958
Smp_029700	0.0486788063653309
Smp_029740	0.109275549777745
Smp_029750	0.0469446534787015
Smp_029800	0.074954186032094
Smp_029820	0.187099831068157
Smp_029850	0.0493225082854037
Smp_029890	0.0473695901557352
Smp_029900	0.0975308969279307
Smp_029940	0.0227528452358127
Smp_029970	0.0543147752231565
Smp_029990	0.0902754936404138
Smp_030000	0.251843593974497
Smp_030010	0.0660942492486095
Smp_030020	0.0245668131920774
Smp_030030	0.132157916452297
Smp_030110	0.0410806799076628
Smp_030150	0.0640028174782085
Smp_030180	0.0725887399879055
Smp_030220	0.20719808426722
Smp_030250	0.0354545839862732
Smp_030260	0.0957658834938828
Smp_030280	0.0434030983257783
Smp_030290	0.082576390203534
Smp_030320	0.109570360087465
Smp_030330	0.112803610517426
Smp_030370	0.262382020680322
Smp_030400	0.0726008764729808
Smp_030440	0.164869813125072
Smp_030500	0.207323906453177
Smp_030690	0.191281172795837
Smp_030710	0.10916947974104
Smp_030730	0.0860161898908334
Smp_030760	0.050872639262501
Smp_030780	0.016137387281512
Smp_030830	0.0996366128760726
Smp_030860	0.101129972716541
Smp_030870	0.0834240117281473
Smp_030910	0.309691292669064
Smp_030920	0.0481341675517514
Smp_030930	0.0363686937738199
Smp_031000	0.0419554666211712
Smp_031010	0.0443785355002375
Smp_031020	0.515374432274429
Smp_031040	0.0157835765978262
Smp_031050	0.0273171571221013
Smp_031070	0.0202454159784907
Smp_031100	0.0701627731073243
Smp_031180	1.22548511980046
Smp_031190	0.127316716943508
Smp_031220	0.045761879785263
Smp_031270	0.0916938516258297
Smp_031300	0.229104818626613
Smp_031310	0.156351103955787
Smp_031360	0.0311137691456649
Smp_031390	0.415914423040951
Smp_031560	0.0618260525375324
Smp_031570	0.230270680861157
Smp_031590	0.162073117121556
Smp_031680	0.477689887696447
Smp_031690	0.100982605282533
Smp_031710	0.0417970155363247
Smp_031720	0.0699484058992904
Smp_031730	0.0538604088041592
Smp_031770	0.178374346050126
Smp_031880	0.0555957826674188
Smp_031920	0.144814745449142
Smp_031950	0.054021671399907
Smp_031990	0.041058893017548
Smp_032000	0.182536506733388
Smp_032060	0.0650430989642789
Smp_032120	0.0993556323234141
Smp_032150	0.0487016679559659
Smp_032180	0.0856334258575458
Smp_032230	0.0400193840025006
Smp_032240	0.0760701342795794
Smp_032250	0.0504120488234057
Smp_032260	0.116635021633875
Smp_032280	0.263292625672398
Smp_032310	0.061861654179478
Smp_032320	0.157702590843079
Smp_032370	4.2768394470192
Smp_032420	0.0507597476431935
Smp_032480	0.165030142542941
Smp_032490	0.466317868018162
Smp_032500	0.140515151075531
Smp_032510	0.0691143934864446
Smp_032520	0.0914578112849205
Smp_032580	0.119871512519497
Smp_032640	0.073125037486308
Smp_032720	0.252024196809307
Smp_032760	0.219054337993524
Smp_032770	0.039363347336716
Smp_032780	0.143449048412673
Smp_032790	0.0886492334315299
Smp_032800	0.0465516569244735
Smp_032810	0.121735441326709
Smp_032820	0.0338139838764468
Smp_032920	0.0739103399384233
Smp_032930	0.0305180098828732
Smp_032950	0.128637735172746
Smp_032970	0.208789678116013
Smp_032980	0.595224070567876
Smp_032990	0.996006198100457
Smp_033000	0.942840420654449
Smp_033010	0.236564238173317
Smp_033020	0.0460164244301826
Smp_033040	0.343109955776232
Smp_033050	0.0450035771643094
Smp_033110	0.0579532295888758
Smp_033140	0.0396426605123283
Smp_033210	0.0334119747896124
Smp_033260	0.0367913183124319
Smp_033330	0.116972478149021
Smp_033350	0.058185650996081
Smp_033380	20
Smp_033400	0.129898217079542
Smp_033530	0.038442013424844
Smp_033540	0.0407924784900026
Smp_033590	0.129593704650181
Smp_033600	0.0629441580656806
Smp_033610	0.0568738930822917
Smp_033620	0.0602783624992326
Smp_033660	0.039073262177304
Smp_033670	0.0256786185761527
Smp_033680	0.0500639303341646
Smp_033700	0.129760211145863
Smp_033710	0.144443061834681
Smp_033760	0.0940936202213662
Smp_033770	0.0666954271976926
Smp_033870	0.120043407061865
Smp_033930	0.299361385564756
Smp_033950	0.103821530401838
Smp_033970	0.104264970651695
Smp_033990	0.101276489461565
Smp_034000	0.0356817971618126
Smp_034090	0.125452669941733
Smp_034100	0.127556755608209
Smp_034120	0.07180085020382
Smp_034190	0.0786623610087608
Smp_034270	0.135618960156042
Smp_034300	0.275567064949792
Smp_034400	0.0444766943653393
Smp_034410	0.14655393458578
Smp_034420	0.0824597383312876
Smp_034430	0.0936870900516495
Smp_034450	0.0730805504985869
Smp_034490	0.106964148419406
Smp_034500	0.034121155371508
Smp_034530	0.0589029058762275
Smp_034550	0.0986779600317895
Smp_034610	0.0940072652707799
Smp_034660	0.075771512601717
Smp_034670	0.0324518380289516
Smp_034680	0.26996417176322
Smp_034700	0.032895442481889
Smp_034840	0.0926850155921721
Smp_034850	0.0813543770226501
Smp_034860	0.344807272293975
Smp_034870	0.0607848489804049
Smp_034920	0.289072262790392
Smp_034940	0.0478815051728945
Smp_034980	0.203257673224946
Smp_035000	0.0785769963078481
Smp_035010	0.103439763293475
Smp_035020	0.0408641385683293
Smp_035030	0.100479983619778
Smp_035040	0.266724741041431
Smp_035080	0.0954590475967006
Smp_035090	0.0528936386436387
Smp_035110	0.0360530332661456
Smp_035150	0.0471970867787944
Smp_035180	0.0849991444251128
Smp_035190	0.19668275318931
Smp_035200	0.101492569996681
Smp_035210	0.102057721491556
Smp_035220	0.157346872020671
Smp_035250	0.33236028558947
Smp_035260	0.604259039717349
Smp_035270	0.0656948762874022
Smp_035280	0.0363589400921458
Smp_035290	0.465459154181231
Smp_035300	0.133031228966584
Smp_035310	0.262477088067189
Smp_035360	0.0980532013875664
Smp_035370	0.719739300957483
Smp_035380	0.21493863110279
Smp_035390	0.0891952036047015
Smp_035410	0.0681567374322174
Smp_035430	0.0748962469435356
Smp_035460	0.0489487270345156
Smp_035470	0.0808703372645571
Smp_035480	0.0685199665223198
Smp_035500	0.0758025377894031
Smp_035540	0.192516138955589
Smp_035550	0.43168532629429
Smp_035560	0.139513350811705
Smp_035580	0.0489783811369846
Smp_035620	0.0431407088290227
Smp_035650	0.0829323272156661
Smp_035700	0.0443835955486534
Smp_035730	0.0696873966344256
Smp_035790	0.183594136909104
Smp_035800	0.154480638402914
Smp_036010	0.0918457901382238
Smp_036020	0.102228064383109
Smp_036060	0.0280036218052064
Smp_036130	0.037032179524635
Smp_036180	0.0677642690654432
Smp_036220	0.0740900963370773
Smp_036250	0.0615523905285446
Smp_036270	0.184649810375874
Smp_036370	0.0559580023019327
Smp_036390	0.0492865572710243
Smp_036400	0.0744984705628639
Smp_036500	0.0346102939257521
Smp_036550	0.1341992969951
Smp_036590	0.122838555925015
Smp_036630	0.0313714068091348
Smp_036670	0.29785009753068
Smp_036720	0.0494001032839891
Smp_036780	0.146604292791807
Smp_036920	0.0684105403918472
Smp_036940	0.100085984853804
Smp_036950	0.0536229823252334
Smp_036980	0.0435576514507936
Smp_036990	0.0716403443255227
Smp_037120	0.0657369751796224
Smp_037190	0.0778234191368249
Smp_037230	0.12103116731162
Smp_037290	0.0550945683649654
Smp_037400	0.0260980901356724
Smp_037460	0.1023319750426
Smp_037530	0.157167370488491
Smp_037540	0.0568073056019717
Smp_037590	0.094207197020517
Smp_037640	0.123759419956911
Smp_037690	2.55182362490184
Smp_037700	0.139606115023418
Smp_037780	0.28791479735247
Smp_037900	0.0764830026521718
Smp_037910	0.0936929953597044
Smp_037930	0.0559673378305788
Smp_037960	0.0320989343035901
Smp_038030	0.0288301455525642
Smp_038080	0.131689508455194
Smp_038100	0.0760195428917322
Smp_038140	0.0312446597697063
Smp_038210	0.0493832435243746
Smp_038240	0.0409634122378363
Smp_038300	0.082766926432191
Smp_038330	0.0771705712808043
Smp_038340	0.111456650558559
Smp_038410	0.174748160649267
Smp_038420	0.0325077926755369
Smp_038440	0.130538814011413
Smp_038510	0.191728317644117
Smp_038530	0.255288922884209
Smp_038540	0.151597880008393
Smp_038560	0.138619921177842
Smp_038630	0.0572439368314637
Smp_038680	0.249265583054905
Smp_038700	0.144021674762903
Smp_038710	0.0923809085067645
Smp_038820	0.111776200102538
Smp_038830	0.10610273019529
Smp_038840	0.0338494186683593
Smp_038870	0.0737045263116074
Smp_038930	0.108400629269833
Smp_038940	0.0587324053758076
Smp_038950	0.0344936390958663
Smp_038960	0.409650994296103
Smp_038965	2.08012200757684
Smp_038980	0.0460188933733599
Smp_039000	0.0970665916238519
Smp_039080	0.13112369082428
Smp_039130	0.0393797109957821
Smp_039160	0.0924373535838193
Smp_039180	0.0274549263987378
Smp_039300	0.12376899155216
Smp_039390	0.0840266300651448
Smp_039400	0.0835536304113766
Smp_039470	6.65842999371351
Smp_039490	0.109856939362312
Smp_039590	0.396880312788329
Smp_039600	0.423539802351805
Smp_039640	0.122676253318225
Smp_039650	0.0526549939410544
Smp_039670	0.159899413789754
Smp_039740	0.0456004038080538
Smp_039750	0.074526485328767
Smp_039810	0.0574597692937771
Smp_039820	0.0526136670838562
Smp_039870	0.138515138915247
Smp_039970	0.158963096963052
Smp_039980	0.0519461037217131
Smp_040020	0.0767843250322407
Smp_040080	0.0874755565203056
Smp_040100	0.0599680090857963
Smp_040110	0.193302798072591
Smp_040130	0.206852035782595
Smp_040190	0.0578065790782833
Smp_040270	0.0522667075522564
Smp_040280	0.0226987917326477
Smp_040350	0.157792059244584
Smp_040360	0.0454055849101815
Smp_040390	0.44012041628619
Smp_040460	0.0387645635565098
Smp_040500	0.0731993263538975
Smp_040510	0.0908394604042026
Smp_040550	0.110715972444486
Smp_040560	0.115162331198235
Smp_040570	0.0553280928016137
Smp_040610	0.162178000500239
Smp_040710	0.060695126752335
Smp_040720	0.0378038025014046
Smp_040770	0.198262516297285
Smp_040790	0.152860249722962
Smp_040800	0.0797634100535224
Smp_040960	0.107009197740133
Smp_040970	0.0852020779335004
Smp_040990	0.17570029898345
Smp_041050	0.0353407566186235
Smp_041060	0.0166782902792778
Smp_041100	0.0813912897402117
Smp_041190	0.0521216705544161
Smp_041370	0.0664002085455404
Smp_041390	0.0543426536377582
Smp_041430	0.124926243525823
Smp_041450	0.135467372097604
Smp_041460	0.268055491474316
Smp_041480	0.154416460648352
Smp_041490	0.0513647084838408
Smp_041500	0.06148333711671
Smp_041540	1.88713167412922
Smp_041550	0.118917419404188
Smp_041570	0.255445615828179
Smp_041600	0.0324186465860627
Smp_041630	0.271972010992489
Smp_041650	0.297573413452552
Smp_041700	0.0748623592023125
Smp_041730	0.156920361461066
Smp_041740	0.0880281513992644
Smp_041750	0.115643680481918
Smp_041760	0.269857089221626
Smp_041770	0.0597381478326914
Smp_041830	0.0669218888253584
Smp_041880	0.746565141195816
Smp_041890	0.0215556653913629
Smp_041980	0.144072830700665
Smp_042020	0.112490072511065
Smp_042030	0.0182710054429983
Smp_042050	0.03491559790278
Smp_042060	0.0436741991624071
Smp_042080	0.0442547873497906
Smp_042090	0.18415929439706
Smp_042110	0.0448391191973645
Smp_042120	0.211876276268282
Smp_042140	0.162999370587239
Smp_042150	0.145028209356522
Smp_042160	0.172095800923746
Smp_042210	0.0404512998282938
Smp_042270	0.0409395380582747
Smp_042280	0.0573008842133835
Smp_042300	0.0481004208175525
Smp_042340	0.177235856024514
Smp_042390	0.2853332922383
Smp_042400	0.467551073370892
Smp_042420	0.0530702282277099
Smp_042430	0.083573686600083
Smp_042440	0.12249729997444
Smp_042530	0.107471484921493
Smp_042550	0.0858967763450143
Smp_042560	0.10178878608636
Smp_042590	0.0784049565179317
Smp_042630	0.039799898291901
Smp_042670	0.099446934576479
Smp_042680	0.0621675062134468
Smp_042700	0.366627093814482
Smp_042740	0.105331044884976
Smp_042770	0.124481889238916
Smp_042780	0.0447353482254544
Smp_042790	0.177629021282701
Smp_042810	0.0597809344729422
Smp_042910	0.0583586145061028
Smp_042920	0.123744831193746
Smp_042980	0.0276087699679965
Smp_042990	0.123187189285916
Smp_043030	0.164990456871475
Smp_043070	0.0267201116162013
Smp_043100	0.062355199271829
Smp_043110	0.158281498394867
Smp_043120	0.0950045321028771
Smp_043130	0.0308464693679684
Smp_043150	0.0890282162827357
Smp_043170	0.0290837674836947
Smp_043200	0.0363074271310866
Smp_043210	0.108024647672681
Smp_043220	0.054751769506233
Smp_043250	0.570694961245357
Smp_043260	0.233293358627807
Smp_043270	0.299561390737257
Smp_043290	0.974070500852466
Smp_043320	20
Smp_043340	2.3502908104474
Smp_043350	0.0347684297871108
Smp_043360	0.282414578002735
Smp_043390	0.209996726674397
Smp_043500	0.0569264997527252
Smp_043570	0.156308378366563
Smp_043580	0.102924626307066
Smp_043600	0.0489752766095096
Smp_043610	0.0215435385824624
Smp_043650	0.158980744423354
Smp_043670	0.0438110709332113
Smp_043780	0.239609681581666
Smp_043910	0.307499501128078
Smp_043940	0.0554899718208123
Smp_043970	0.0988034456110958
Smp_043990	0.0467522330153497
Smp_044000	0.157537052488026
Smp_044020	0.114269511701062
Smp_044060	0.0946392873837226
Smp_044160	0.0485690476994649
Smp_044250	0.0688118816629695
Smp_044260	0.152119848655629
Smp_044280	0.0914752594202519
Smp_044400	0.101794778548962
Smp_044440	0.117130147577623
Smp_044470	0.193121321880605
Smp_044520	0.0648975364454969
Smp_044530	0.0250564657615792
Smp_044550	0.43287777864431
Smp_044560	0.0927701257520579
Smp_044580	0.188514730370312
Smp_044680	0.0809500084797731
Smp_044690	0.111834352234204
Smp_044750	0.1359699224297
Smp_044800	0.470169065680954
Smp_044810	0.18391534140955
Smp_044850	0.222883183467104
Smp_044920	0.0722670763553365
Smp_044950	0.191374492258905
Smp_044970	0.0429648203837688
Smp_045010	0.157444513164761
Smp_045060	0.0395132998908578
Smp_045070	0.0638968919484038
Smp_045200	1.01883947570685
Smp_045220	0.138301601605561
Smp_045230	0.023860739912484
Smp_045250	0.0311939785148182
Smp_045260	0.122664507672428
Smp_045300	0.261489212262902
Smp_045360	0.0623857646509348
Smp_045400	0.0985629218399526
Smp_045410	0.157834346597568
Smp_045420	0.0815551349484658
Smp_045430	0.0441298991286208
Smp_045470	1.00407281107753
Smp_045480	0.0540227156898969
Smp_045490	0.500601421353298
Smp_045500	0.146513637226136
Smp_045510	0.11555646827673
Smp_045550	0.122397226439902
Smp_045560	0.0986576825700882
Smp_045590	0.0566720182888901
Smp_045600	0.0751400036664161
Smp_045610	0.0941604771502907
Smp_045620	0.0349027249266306
Smp_045650	0.140942740092259
Smp_045680	0.212096013173659
Smp_045710	0.0631967901354101
Smp_045730	0.0786451755118074
Smp_045750	0.0868751392698912
Smp_045760	0.0256601434467861
Smp_045780	0.0609859947057758
Smp_045790	0.0306829686696125
Smp_045810	0.0517020352904046
Smp_045860	0.0835884841374422
Smp_045920	0.106773587816231
Smp_045930	0.104303777246439
Smp_045950	0.114972741058585
Smp_045960	0.0313640801346645
Smp_045980	0.0964505048030438
Smp_045990	0.0954377591599919
Smp_046020	0.0256619554226002
Smp_046030	0.0364641647914115
Smp_046060	0.0376485117563783
Smp_046090	0.0915473043582733
Smp_046100	0.0812529245522274
Smp_046120	0.0639754198565324
Smp_046130	0.0667740184479356
Smp_046140	0.128661985365563
Smp_046160	0.0501542742135438
Smp_046190	0.0475408168656185
Smp_046250	0.182703258503187
Smp_046290	0.108164276599768
Smp_046360	0.114446649915802
Smp_046410	0.139246527698312
Smp_046430	0.0579267261471697
Smp_046500	0.114349026519922
Smp_046550	0.0699189280814733
Smp_046630	0.143634230985145
Smp_046680	0.0639595916666783
Smp_046690	0.219012135421978
Smp_046740	0.0644236614982693
Smp_046750	0.0366060751065976
Smp_046780	0.867753339977578
Smp_046790	0.151496025489791
Smp_046800	0.372540344487463
Smp_046810	0.094129820368471
Smp_046870	0.060835056503333
Smp_046880	0.0408315199399702
Smp_046890	0.0526905785224064
Smp_046900	0.0463748080827051
Smp_046910	0.063518260889716
Smp_046930	0.272077115561656
Smp_046980	0.0448950312996918
Smp_047060	0.0855960635048645
Smp_047090	0.0770962489564025
Smp_047110	0.14801902278143
Smp_047190	0.0698022866511978
Smp_047200	0.155673814820223
Smp_047240	0.0857413262331882
Smp_047330	0.130631005513312
Smp_047360	0.0244362672857123
Smp_047370	0.046956096424984
Smp_047400	0.118606805432257
Smp_047410	0.0845370041841298
Smp_047440	0.0256962479377017
Smp_047450	0.03987518339043
Smp_047460	0.878020838904066
Smp_047500	0.173972624634908
Smp_047540	0.120478477625834
Smp_047550	0.132948808256851
Smp_047610	0.0708579498899364
Smp_047620	0.16471073503729
Smp_047640	1.53563479694473
Smp_047650	0.095700448475022
Smp_047680	0.505916877884529
Smp_047700	0.10993421002494
Smp_047720	0.115726632777022
Smp_047740	0.0956273298523091
Smp_047860	0.0446322128075166
Smp_047870	0.242168473793316
Smp_047900	0.111445330544013
Smp_048050	20
Smp_048080	0.0528135083441704
Smp_048160	0.228432790151276
Smp_048230	0.0884845926302181
Smp_048240	0.0516820087461772
Smp_048260	0.0358616885927079
Smp_048380	0.188352240162906
Smp_048420	0.178567141505966
Smp_048430	0.0682465490154627
Smp_048520	0.0721709541860339
Smp_048540	0.0431687235253478
Smp_048550	0.0289488830838686
Smp_048560	0.116885074918309
Smp_048620	0.0223882404514287
Smp_048650	0.162155618738346
Smp_048660	0.0768872882009247
Smp_048760	0.0414942746980202
Smp_048830	0.104000350416269
Smp_048880	0.0326608729642108
Smp_048930	0.140382853626943
Smp_048940	0.049204841078111
Smp_048970	0.0652153802143998
Smp_048980	0.10926993634341
Smp_048990	0.0415754351189237
Smp_049000	0.0613730833240922
Smp_049010	0.0619116830829764
Smp_049140	0.0638275780404843
Smp_049150	0.120288919383246
Smp_049160	0.143143251666535
Smp_049170	0.0812923689928248
Smp_049230	0.972160477073774
Smp_049270	0.2168217394437
Smp_049330	0.0208775149601743
Smp_049380	0.0807403382434023
Smp_049390	0.0613579749906232
Smp_049500	0.0766743635022212
Smp_049510	0.196329084136613
Smp_049520	0.0975572586865949
Smp_049550	0.46954033285166
Smp_049580	0.133096354137266
Smp_049600	0.0597582307588485
Smp_049610	0.136569196528362
Smp_049630	0.0661168464998678
Smp_049680	0.036099776258013
Smp_049730	0.0426499180146046
Smp_049740	0.0573859162218531
Smp_049760	0.0365797378582443
Smp_049880	0.0264552391720095
Smp_049890	0.0502837361583963
Smp_049910	0.0969090046641523
Smp_049920	0.0294355469463424
Smp_049930	0.0573174274290916
Smp_049970	0.052383105364346
Smp_049990	0.0949878081018685
Smp_050080	0.0190204188714199
Smp_050110	0.0413201236690309
Smp_050130	0.0606236110242404
Smp_050160	0.0621189795245613
Smp_050220	0.097641005044986
Smp_050250	0.117828743881812
Smp_050270	12.0786709003585
Smp_050280	0.252656845143056
Smp_050350	0.0535094625281056
Smp_050360	0.0747437895881276
Smp_050380	0.38870273225455
Smp_050430	0.0232052822004103
Smp_050470	0.0313806448751611
Smp_050520	0.334739481508702
Smp_050540	0.0789090775992598
Smp_050570	0.0358796311075651
Smp_050590	0.0759237111265083
Smp_050700	0.0481158911604498
Smp_050730	0.0396476358378685
Smp_050740	0.0671927384869467
Smp_050760	0.110660474368061
Smp_050820	0.238669933968649
Smp_050830	0.0255924745989349
Smp_050880	0.134035126816872
Smp_050890	0.0542265568631274
Smp_050920	0.0276884596118745
Smp_050940	0.105872992390796
Smp_051000	0.0683382959582303
Smp_051010	0.0666064321347834
Smp_051070	0.0468218040419022
Smp_051080	0.0959311422221733
Smp_051090	0.188569641540584
Smp_051120	0.166341111879938
Smp_051130	0.22519420984336
Smp_051210	0.0824778276875703
Smp_051220	0.150083321228855
Smp_051230	0.0565498204378521
Smp_051260	0.198975436380136
Smp_051280	0.0827176105810417
Smp_051290	0.426052482826208
Smp_051300	0.0786262039989847
Smp_051320	0.105123725920507
Smp_051360	0.108245762754291
Smp_051390	0.225029902640441
Smp_051400	0.317163288186428
Smp_051410	0.0488075592268055
Smp_051420	0.0449955507658404
Smp_051530	0.0394812206375176
Smp_051550	0.061031156904973
Smp_051640	0.127848057035925
Smp_051660	0.13007811720911
Smp_051670	1.09087498953205
Smp_051810	0.311136964718719
Smp_051920	0.161005578713558
Smp_051930	0.0272680826826509
Smp_052060	0.0548520782486874
Smp_052140	0.0596179469914546
Smp_052150	0.160923751342729
Smp_052160	0.0570846877497439
Smp_052230	0.209686997160028
Smp_052280	0.0447656578542784
Smp_052290	0.0450122383693555
Smp_052330	0.0667237902199339
Smp_052350	0.123109604951259
Smp_052390	0.0799379388386885
Smp_052500	0.30617257758908
Smp_052630	0.149249678745478
Smp_052640	0.044436386527042
Smp_052710	0.0283148189744653
Smp_052740	0.045783372655288
Smp_052750	0.0965212371654946
Smp_052760	0.211611613490319
Smp_052780	0.0694507814477793
Smp_052790	0.0501071418925834
Smp_052800	0.108215145685464
Smp_052870	0.0444254610487827
Smp_052890	0.155456858838002
Smp_052910	0.0576129892870192
Smp_053020	0.0712349624259243
Smp_053030	0.0419080446531943
Smp_053040	0.020953357984476
Smp_053060	0.145355279496699
Smp_053120	0.0828569993062845
Smp_053130	0.20604375091543
Smp_053140	0.0320983155514267
Smp_053160	0.0661983140246408
Smp_053220	0.177452048212372
Smp_053230	0.0173461367924436
Smp_053390	0.150496652537138
Smp_053420	0.114280598358258
Smp_053430	0.0629577267168747
Smp_053470	0.0779077362168717
Smp_053510	0.0679421318701772
Smp_053550	0.0645207434571016
Smp_053560	0.108049311126371
Smp_053610	0.129515038790681
Smp_053640	0.169011161375702
Smp_053700	0.159421306940604
Smp_053780	0.0373315234545663
Smp_053790	0.341673641332895
Smp_053800	0.0450398362291941
Smp_053820	0.0429209042853362
Smp_053830	0.153295358089583
Smp_053900	0.197035175437597
Smp_053940	0.166095417401481
Smp_053990	0.0364516199715596
Smp_054010	0.229470373680228
Smp_054070	0.0863254547769259
Smp_054120	0.075880436232592
Smp_054200	0.0254172609703718
Smp_054220	0.109887458196738
Smp_054230	0.136083265065703
Smp_054240	0.156604851268176
Smp_054300	0.182517678293991
Smp_054310	0.110619147744138
Smp_054320	0.0621916202701528
Smp_054330	0.0748827388293861
Smp_054340	0.0973682137217415
Smp_054350	0.104242540739741
Smp_054360	0.11605700928786
Smp_054410	0.050535996224568
Smp_054450	0.0599958327142147
Smp_054470	0.252973885451008
Smp_054540	0.0694296176841069
Smp_054560	0.0449563403043336
Smp_054600	0.15970824049301
Smp_054610	0.17301103245432
Smp_054620	0.21273589024841
Smp_054730	0.0949555423022213
Smp_054770	0.080131037530589
Smp_054775	0.098897084558796
Smp_054790	0.063594677161214
Smp_054800	0.0671620889010511
Smp_054810	0.10599039263312
Smp_054820	0.0450057400298145
Smp_054840	0.0743254936672296
Smp_055050	0.23921971261738
Smp_055090	0.0824891585521482
Smp_055100	0.242829628299558
Smp_055130	0.0904887964890768
Smp_055190	0.0627694315535568
Smp_055200	0.0210421266590019
Smp_055220	0.28611613189776
Smp_055240	0.0902937961045847
Smp_055260	0.455604642498662
Smp_055310	0.0472325291782922
Smp_055340	0.086453117811579
Smp_055390	0.0261901096855843
Smp_055400	0.0401399360101326
Smp_055420	0.0588435240374582
Smp_055440	0.210201105163411
Smp_055450	0.0633899285554766
Smp_055600	0.0643381768154299
Smp_055630	0.251951803161739
Smp_055670	0.0898337920305215
Smp_055720	0.18637564101969
Smp_055740	0.605404858051671
Smp_055760	0.100110186980906
Smp_055770	0.0448884546631922
Smp_055780	0.135595646526936
Smp_055800	0.0847916506931221
Smp_055870	0.105595883940569
Smp_055880	0.0254058673243959
Smp_055890	0.0652848511688601
Smp_055900	0.0537306974841012
Smp_055920	0.111352785990385
Smp_055960	0.0220369435153291
Smp_055990	0.0447893829672147
Smp_056060	0.194167958021193
Smp_056080	0.400362146300738
Smp_056200	0.0527090650257271
Smp_056240	0.0327679079192396
Smp_056260	0.233061794300647
Smp_056280	1.66052216928328
Smp_056350	0.130023648123575
Smp_056360	0.289247245554281
Smp_056370	0.045351909367822
Smp_056390	0.0275624980395413
Smp_056420	20
Smp_056440	0.160681192637747
Smp_056460	0.470973699277066
Smp_056500	0.0513025844080244
Smp_056620	0.104754686184258
Smp_056640	0.0860394725493621
Smp_056760	0.167255299348559
Smp_056780	0.127919237157449
Smp_056810	0.0326992805432431
Smp_056850	0.0475303310499982
Smp_056860	0.016382881610939
Smp_056900	0.196704995160026
Smp_056930	0.304414918094887
Smp_056970	0.0687273840678385
Smp_056990	0.181782356914262
Smp_057020	0.0867528976123309
Smp_057060	0.079275121356363
Smp_057090	0.258633336635775
Smp_057120	0.174674742910897
Smp_057130	0.0509830891007575
Smp_057210	0.132566736957773
Smp_057230	0.072227502123159
Smp_057320	0.0278067436161119
Smp_057360	0.186297314457453
Smp_057430	0.0313305456756848
Smp_057530	0.0751035177765709
Smp_057590	0.0938708222163049
Smp_057620	0.0729007450220301
Smp_057630	0.0425099547917286
Smp_057650	0.0885877831009598
Smp_057860	0.167101708450319
Smp_058050	0.103119339824703
Smp_058080	0.190403749321304
Smp_058130	0.048786011004286
Smp_058140	0.0514480589172656
Smp_058150	0.0682180134416902
Smp_058170	0.0997674930516561
Smp_058190	0.0977627883975636
Smp_058240	0.0989535733026835
Smp_058270	0.061427544234503
Smp_058320	0.0360087434083802
Smp_058350	0.0638506635915828
Smp_058360	0.0534261919419424
Smp_058380	0.364816900694504
Smp_058400	0.0415643455860485
Smp_058410	0.0244314387796667
Smp_058450	0.0647073701102076
Smp_058460	0.0691494366394397
Smp_058470	0.091735332609515
Smp_058530	0.022864998731441
Smp_058620	0.0733895679950344
Smp_058650	0.0338751777631746
Smp_058690	0.278782383925243
Smp_058700	0.260734910377513
Smp_058730	0.0451301850054391
Smp_058780	0.132249635459832
Smp_058790	0.0618110702902662
Smp_058850	0.324266298156315
Smp_058880	0.057463082883408
Smp_058980	0.0109549597502946
Smp_058990	0.111444009219498
Smp_059090	0.176527246516993
Smp_059100	0.149876466922211
Smp_059130	0.0423707881655018
Smp_059150	0.0507802022535095
Smp_059170	0.0894523722509672
Smp_059200	0.168335534022601
Smp_059210	0.122800103561163
Smp_059240	0.0409951760121508
Smp_059290	0.0552034249845189
Smp_059340	0.0610305645635643
Smp_059350	0.0911361405808781
Smp_059360	0.031622066910669
Smp_059530	0.0689659366087389
Smp_059540	0.08183372963304
Smp_059570	0.0564885599675843
Smp_059600	0.207654611331119
Smp_059670	0.14535747783575
Smp_059710	0.0305038958775786
Smp_059750	0.0467458995403221
Smp_059780	0.0407863673797475
Smp_059790	0.183139810530449
Smp_059810	0.0456827975257166
Smp_059820	0.148171036460207
Smp_059870	0.163221933823284
Smp_059880	0.0548757571631805
Smp_059910	0.120301411541552
Smp_059920	0.02918103944123
Smp_059930	0.185647153413079
Smp_059980	0.326673580227256
Smp_060010	0.0478540455300606
Smp_060030	0.636383692051626
Smp_060070	0.0305601320120134
Smp_060080	0.269227316009745
Smp_060090	0.0935741843301211
Smp_060160	0.19791428220766
Smp_060170	0.0459895660070967
Smp_060180	0.0277707274174975
Smp_060190	0.121279616655603
Smp_060210	7.93256920880173
Smp_060220	3.16617270188072
Smp_060240	0.0678527006919846
Smp_060270	0.0701134570604741
Smp_060290	0.155658801297049
Smp_060420	0.0339279738131177
Smp_060480	0.0299141381515462
Smp_060490	0.118691917528531
Smp_060570	0.179998850114965
Smp_060620	0.99731114412018
Smp_060660	0.325078798674925
Smp_060700	0.0502253614288254
Smp_060750	0.339731550284371
Smp_060760	0.311377279430959
Smp_060820	0.101822600760916
Smp_060860	0.147015890274332
Smp_060900	0.121693299678628
Smp_060910	0.134934711940436
Smp_060940	0.0413627295151502
Smp_060950	0.0531620058280589
Smp_061040	0.0535949266110779
Smp_061050	0.243939625502126
Smp_061100	0.217589333387909
Smp_061200	0.139656324329751
Smp_061210	0.180791636279484
Smp_061230	0.0790897517717669
Smp_061250	0.0448428397618033
Smp_061300	0.0469904737200311
Smp_061310	0.0388118747104984
Smp_061390	10.3870833149978
Smp_061480	0.0795305051901687
Smp_061510	0.0273927992876323
Smp_061540	0.0715334009765829
Smp_061560	0.077081266919115
Smp_061570	0.0737123733125216
Smp_061580	0.161154255955737
Smp_061590	0.104302266333516
Smp_061650	0.108265154592547
Smp_061680	0.179473255971336
Smp_061840	0.063238925006666
Smp_061870	0.136667255554207
Smp_061920	0.0529930866056392
Smp_061940	0.444156146067355
Smp_061950	0.0590349613490425
Smp_061970	0.044623058052109
Smp_062020	0.211157592992208
Smp_062070	0.333442136905763
Smp_062080	0.893143645987921
Smp_062120	0.0281477345493264
Smp_062250	0.0578036702441841
Smp_062260	0.0333663323381371
Smp_062270	0.0706730534512724
Smp_062300	0.0858222951594892
Smp_062420	0.153223496307927
Smp_062490	0.494797411260808
Smp_062510	0.0951962633997461
Smp_062520	0.0742254941394807
Smp_062530	0.126917616403117
Smp_062550	0.0613672535291093
Smp_062560	0.465831737157758
Smp_062620	0.154309539260805
Smp_062630	0.0271060433360818
Smp_062640	0.0565795412864305
Smp_062680	0.0539000680046902
Smp_062790	0.0691711526961649
Smp_062890	0.0554468477202651
Smp_062900	0.212269775728788
Smp_062950	0.0743985358707005
Smp_062970	0.21413802912055
Smp_062980	0.0279356463523422
Smp_063000	0.042002744034116
Smp_063030	0.255210005478418
Smp_063040	0.0348286332294342
Smp_063070	0.197533571812154
Smp_063090	0.0940360995099776
Smp_063110	0.0836110741170061
Smp_063120	0.0639934176589443
Smp_063180	0.141674358758191
Smp_063190	0.17921805527497
Smp_063230	0.0899204161546013
Smp_063250	0.0872004689100484
Smp_063260	0.090400892876693
Smp_063300	0.23526072244213
Smp_063330	0.330326553673918
Smp_063350	0.120169173296309
Smp_063380	0.320234536882639
Smp_063390	0.0869164038138672
Smp_063420	0.082548534592549
Smp_063500	0.0486627449894437
Smp_063520	0.554102873242778
Smp_063530	0.505843875496106
Smp_063540	0.0380614319819722
Smp_063580	0.045098046116754
Smp_063630	0.223866471370208
Smp_063640	0.158070842356721
Smp_063650	0.0507884693292792
Smp_063670	0.0319800024227771
Smp_063680	0.138586175179703
Smp_063830	0.0648557363267777
Smp_064010	0.100455448715235
Smp_064020	0.123142326068228
Smp_064030	0.049392540090689
Smp_064040	0.0538920839520357
Smp_064050	0.0798028235043751
Smp_064150	0.131957080793033
Smp_064240	0.0723340387595827
Smp_064250	0.0678747550882741
Smp_064280	0.0464104122233398
Smp_064320	0.0650248672033452
Smp_064330	0.26363127601299
Smp_064350	0.0385926256225516
Smp_064360	0.0738727927353161
Smp_064380	0.0181162164644315
Smp_064390	0.0487178393300339
Smp_064400	0.0440336155825028
Smp_064430	0.0498542507135797
Smp_064460	0.382422703360428
Smp_064500	0.0744513975096842
Smp_064510	0.0414066929898215
Smp_064520	0.0190922176461251
Smp_064590	0.187974368698715
Smp_064600	0.133504450905926
Smp_064640	0.0369728141099454
Smp_064650	0.0501817476533798
Smp_064750	0.130357770772604
Smp_064800	0.0763343067914869
Smp_064860	0.164232942184047
Smp_064870	0.0476760518089182
Smp_064950	0.065295147144058
Smp_065060	0.113147669609362
Smp_065120	0.0376657625359596
Smp_065130	0.0812919070746894
Smp_065150	0.151175128557674
Smp_065160	0.00949868039248406
Smp_065170	0.0343770015680785
Smp_065180	0.118921225167528
Smp_065190	0.112569321247113
Smp_065210	0.507699070504249
Smp_065240	0.0999806504842773
Smp_065290	0.0739743592259696
Smp_065370	0.247221151555143
Smp_065420	0.0480562915117907
Smp_065470	0.0266023468185936
Smp_065530	1.1221414718698
Smp_065580	0.0981215997166697
Smp_065610	0.026471928873037
Smp_065770	0.048357597686995
Smp_065810	0.0829657275715583
Smp_065840	0.0772739714386485
Smp_065890	0.0800125146665325
Smp_065980	0.0320320988563532
Smp_066050	0.0990455620094769
Smp_066200	0.0764609667779616
Smp_066260	0.115314686898502
Smp_066330	0.0452779965225958
Smp_066340	0.0652860945108757
Smp_066410	0.141509192176645
Smp_066430	0.0255669643772358
Smp_066480	0.051866342704079
Smp_066520	0.827544414309714
Smp_066590	0.228122500770898
Smp_066610	0.0530243554054309
Smp_066620	0.0603391895904911
Smp_066630	0.0901344370326676
Smp_066670	0.0552691474599271
Smp_066730	0.082276485265252
Smp_066740	0.11227807285189
Smp_066760	0.110021139490369
Smp_066820	0.109781916463665
Smp_066830	0.13157176231698
Smp_066890	0.20114688792641
Smp_066900	0.0311934580820264
Smp_066930	1.02199705820793
Smp_066940	0.433590441391305
Smp_066950	0.0817422034277701
Smp_066960	0.0726081626943751
Smp_066970	0.346293595376721
Smp_066990	0.174875691364855
Smp_067000	0.0523073223966218
Smp_067010	0.0995845704580327
Smp_067060	0.281178370327865
Smp_067090	0.168758296003225
Smp_067140	0.045779054210531
Smp_067250	0.0349594383282783
Smp_067260	0.0857774640977787
Smp_067280	0.036303422439217
Smp_067400	0.0150240234551678
Smp_067420	0.345934088531002
Smp_067430	0.452103064311478
Smp_067480	0.0525093709818935
Smp_067490	0.147520084097554
Smp_067510	0.227815507294542
Smp_067520	0.1817094043404
Smp_067540	0.054187479250523
Smp_067580	0.0626594462158055
Smp_067590	0.039661250213133
Smp_067780	0.0330240366443726
Smp_067810	0.119234498981218
Smp_067890	0.0772213215670749
Smp_067900	0.159319629603483
Smp_067930	0.0344146247234456
Smp_068000	0.0423891171900958
Smp_068060	0.147641050177404
Smp_068070	0.0618174838701856
Smp_068100	0.0342223097641422
Smp_068110	0.049306174527418
Smp_068120	0.0700149839055188
Smp_068170	0.0244207923364666
Smp_068220	0.0565109712877932
Smp_068240	0.0795361781535716
Smp_068250	0.0940691483628271
Smp_068270	0.0532788717403415
Smp_068280	0.182589957629503
Smp_068300	0.0451544371130358
Smp_068340	0.127880968969097
Smp_068350	0.291060274734796
Smp_068420	0.153330120459563
Smp_068440	0.0319179532653771
Smp_068480	0.0168983119365236
Smp_068500	0.0723120990667269
Smp_068510	0.163360687518184
Smp_068530	0.851158235777388
Smp_068580	0.0430174462841016
Smp_068680	0.0698057543929185
Smp_068710	0.321931956569126
Smp_068720	0.434069434057061
Smp_068750	0.458624787176748
Smp_068760	0.0996642421652957
Smp_068840	0.0751151111163462
Smp_068920	0.114707358853474
Smp_068950	0.0144272882786671
Smp_068960	0.119935256972742
Smp_068990	0.134789240207269
Smp_069120	1.30269630339817
Smp_069130	0.0862687834498398
Smp_069160	0.396225883973529
Smp_069170	0.0713870063734983
Smp_069220	0.0792998705340413
Smp_069240	0.0617503652624883
Smp_069380	0.16891255903107
Smp_069400	0.0776892409317414
Smp_069600	0.133093341766205
Smp_069720	0.224517853951603
Smp_069760	0.0409760410710211
Smp_069770	0.0676548479224231
Smp_069810	0.024813439389828
Smp_069820	0.0365699161848367
Smp_069840	0.0279749427470203
Smp_069870	0.240367827698666
Smp_069880	0.160349580160785
Smp_069890	0.100611897380729
Smp_069900	0.057777955247527
Smp_069910	0.0551059195804075
Smp_069960	0.0917588779397591
Smp_070020	0.843556752200463
Smp_070030	0.0563691942665195
Smp_070100	0.279427589259865
Smp_070110	0.0497804366819638
Smp_070130	0.139533063350364
Smp_070170	0.0672381514550194
Smp_070190	0.0516376718202671
Smp_070200	0.0690570841806849
Smp_070310	0.113108575100463
Smp_070330	0.162790252450142
Smp_070340	0.0348540558506757
Smp_070370	0.488315515922183
Smp_070380	0.112331298982971
Smp_070540	0.541906692339597
Smp_070600	0.0476664793225288
Smp_070610	0.123361002832496
Smp_070640	0.0830795944091337
Smp_070680	0.0291605635338704
Smp_070710	0.270807565028193
Smp_070760	0.0925160927752892
Smp_070770	0.117032959488362
Smp_070780	0.083235056849479
Smp_070860	0.116121972087639
Smp_070930	0.07081371849376
Smp_071000	0.135092870566773
Smp_071020	0.0851511260913761
Smp_071050	0.120003202049132
Smp_071140	0.0779797865090332
Smp_071150	0.0961454394955968
Smp_071250	0.0780836569975191
Smp_071380	0.0858260425655885
Smp_071390	0.0805597252102804
Smp_071470	0.105950319186857
Smp_071540	0.0640664720447011
Smp_071550	0.0458431956013749
Smp_071560	0.0676709725993891
Smp_071570	0.0924998153459243
Smp_071590	0.377069400800757
Smp_071610	0.0591397241515514
Smp_071630	0.0483531116373789
Smp_071640	0.143884745933898
Smp_071770	0.0251377492117854
Smp_071830	0.0430722254223066
Smp_071880	0.0592042325420058
Smp_071890	0.0707544571412926
Smp_071950	0.0399955791495189
Smp_071960	0.0642726680162542
Smp_072080	0.275732171815245
Smp_072090	0.0329495637222712
Smp_072100	0.684060303356013
Smp_072110	0.237800323774776
Smp_072140	0.0987587251906268
Smp_072180	0.0388321208588225
Smp_072190	0.260504095836246
Smp_072210	0.348025492977242
Smp_072320	0.202829088900295
Smp_072330	0.142201140238157
Smp_072340	0.056756936475575
Smp_072350	0.0892201371362828
Smp_072360	0.0425677593894012
Smp_072370	0.0588028462053193
Smp_072380	0.0706790433022773
Smp_072440	0.0635412832736948
Smp_072450	0.485371640987449
Smp_072460	0.0752480914677006
Smp_072470	0.30690904883186
Smp_072490	0.0359065818030599
Smp_072500	0.206896341341096
Smp_072560	0.0980947605131773
Smp_072640	0.0567783121500744
Smp_072660	0.073360040313916
Smp_072720	0.0461780588670468
Smp_072740	0.107630359910639
Smp_072790	0.0364090651663876
Smp_072800	0.0737829511628113
Smp_072870	0.112888421086951
Smp_072890	0.0960181515879362
Smp_072900	0.121352038261997
Smp_072950	0.0845165118439606
Smp_072970	0.0288696028931908
Smp_072980	0.200793141923112
Smp_072990	0.0870770090225347
Smp_073070	0.0966333453127342
Smp_073080	0.0458047826778754
Smp_073140	0.0942356569232852
Smp_073200	0.0466676575426542
Smp_073210	0.0427019318093428
Smp_073220	0.0377877323741167
Smp_073270	0.0620139224093052
Smp_073280	0.0559391027186224
Smp_073290	0.0298391083560707
Smp_073300	0.233976704820405
Smp_073340	0.0916664564080684
Smp_073390	0.043090717520371
Smp_073400	0.151653045015889
Smp_073410	0.0509692629073735
Smp_073470	0.0907056029800853
Smp_073490	0.12131312354471
Smp_073500	0.0472948414021536
Smp_073510	0.032596837629255
Smp_073540	0.102682388613296
Smp_073560	0.0394932931062266
Smp_073570	0.0728325570215532
Smp_073590	0.108317805684901
Smp_073600	0.038877360676517
Smp_073610	0.0368794356769861
Smp_073620	0.112764890354732
Smp_073680	0.0690093383977232
Smp_073690	0.0614929055412159
Smp_073720	0.115093403257777
Smp_073790	0.0549560284436272
Smp_073800	0.0366271043282743
Smp_073830	0.110797318170518
Smp_073880	0.135695984409115
Smp_073920	1.45166651534253
Smp_073940	0.0974645769827088
Smp_074000	0.0328601807628389
Smp_074010	0.0489441093891076
Smp_074020	0.0288885342547522
Smp_074040	0.0202431141080545
Smp_074050	0.0997215088400681
Smp_074070	0.0368626024566308
Smp_074080	0.193762322727922
Smp_074140	0.175376426672108
Smp_074150	0.0881061018939028
Smp_074190	0.207376117660239
Smp_074200	0.034067803194932
Smp_074210	0.101044785261062
Smp_074230	0.209653370791344
Smp_074260	0.149251347657502
Smp_074280	0.375605997824051
Smp_074330	0.0868985042063138
Smp_074370	0.0406915450988789
Smp_074390	0.308333258862147
Smp_074400	0.0454962670929477
Smp_074410	0.0442815122628346
Smp_074450	0.137175167475559
Smp_074460	0.617348438831499
Smp_074470	0.193873805473515
Smp_074500	0.132816386285676
Smp_074510	0.0202452888179966
Smp_074560	0.230398011596446
Smp_074570	0.26453030920034
Smp_074590	0.0854434749902878
Smp_074610	0.369157107485548
Smp_074700	0.186476553734885
Smp_074710	0.139880611196851
Smp_074770	0.0374191098186162
Smp_074780	0.248529301123603
Smp_074830	0.135812546231802
Smp_074870	0.0906261256523348
Smp_074880	0.0500034106942086
Smp_074900	0.152609762494683
Smp_074930	0.0275781483130479
Smp_074940	0.0624538648702812
Smp_074950	0.0391075665847801
Smp_074990	0.151514546462728
Smp_075000	0.0685906025996191
Smp_075030	0.0591221670919493
Smp_075040	0.0656464470913266
Smp_075060	0.302030109195223
Smp_075110	0.240140025950226
Smp_075120	0.139228106689166
Smp_075130	0.0335910612592578
Smp_075140	0.269695367436691
Smp_075210	0.0578637896006211
Smp_075220	0.151084202157603
Smp_075280	0.184804706181914
Smp_075330	0.375319782731141
Smp_075350	0.455506565464595
Smp_075360	0.222989161313256
Smp_075370	0.50977773974882
Smp_075380	0.705891919010384
Smp_075400	0.344130799093326
Smp_075420	0.247162525930329
Smp_075430	0.684273297254371
Smp_075440	0.0276796833120218
Smp_075470	0.02665060574174
Smp_075500	0.247418097823537
Smp_075560	0.0862091415497248
Smp_075640	0.174397290128159
Smp_075770	0.10744432675347
Smp_075800	0.317401485762088
Smp_075870	0.107230904114293
Smp_076010	0.184093171067692
Smp_076030	0.112744598950092
Smp_076040	0.0549749909050097
Smp_076050	0.0656114690460034
Smp_076150	0.0546381158108256
Smp_076230	0.0889586380635435
Smp_076300	0.101666797463137
Smp_076320	1.01328418608944
Smp_076370	0.0732484902086787
Smp_076390	0.182334058768969
Smp_076400	0.142883271569983
Smp_076450	0.0800018376682465
Smp_076520	0.0340772488355639
Smp_076530	0.0664516734535345
Smp_076540	0.141838649114473
Smp_076560	0.0388279111369227
Smp_076600	0.148640907640111
Smp_076630	0.0858391549260884
Smp_076650	0.16589955422964
Smp_076660	0.10688545403689
Smp_076740	0.255623019253318
Smp_076860	0.0626477306184092
Smp_076880	0.296147471592102
Smp_076910	0.0541998475651994
Smp_076930	0.190967888170903
Smp_076950	0.0282491184603312
Smp_076960	0.0235833027594936
Smp_076990	0.0926035342178231
Smp_077000	0.225660259064454
Smp_077020	0.158942427735014
Smp_077030	0.0536733863043111
Smp_077070	0.0245163660544467
Smp_077090	0.0702852063825923
Smp_077120	0.0470429266324936
Smp_077180	0.236515730009395
Smp_077230	0.0714322585640917
Smp_077280	0.0515141671010674
Smp_077310	0.205036890183926
Smp_077390	0.118484708950798
Smp_077400	0.0592092680523674
Smp_077540	0.0200592215368658
Smp_077560	0.06209079045269
Smp_077580	0.156797207622217
Smp_077590	0.0649059753741888
Smp_077670	0.116477595889883
Smp_077720	0.251406698744661
Smp_077820	0.179445333674911
Smp_077850	0.378827953012427
Smp_077860	0.0977423729675345
Smp_077890	3.43529922789771
Smp_077980	0.0853794278801879
Smp_078040	0.104666565742215
Smp_078090	0.0872868737360104
Smp_078110	0.0379793788562704
Smp_078200	0.29267851186424
Smp_078230	0.106290489471234
Smp_078240	0.0253754198545828
Smp_078270	0.119769856502923
Smp_078280	0.0700136146056593
Smp_078310	0.0779422662726747
Smp_078320	0.10281034185201
Smp_078400	0.106338138946804
Smp_078520	0.111175325727138
Smp_078540	0.271775147321129
Smp_078550	0.142570433483283
Smp_078560	0.0841712660648097
Smp_078570	0.0624064379988352
Smp_078590	0.425522719637272
Smp_078600	0.0415720187478608
Smp_078610	0.146765248984861
Smp_078640	0.0532484403167632
Smp_078690	0.0615287141144509
Smp_078700	0.0910692648731529
Smp_078710	0.0682474478072832
Smp_078730	0.0361051477839553
Smp_078750	0.0310460728504393
Smp_078780	0.0369927279912429
Smp_078800	0.0675890426827655
Smp_078900	0.0708765666554122
Smp_078910	0.686276758515398
Smp_078920	0.0623403081183842
Smp_078930	1.672077567177
Smp_079000	0.0504733880087858
Smp_079010	0.0677921640335501
Smp_079050	0.0660621054551918
Smp_079220	0.104980339803544
Smp_079230	0.139909649334787
Smp_079240	0.225569214686966
Smp_079260	0.140596183699409
Smp_079270	0.0963594187433434
Smp_079310	0.140644561584874
Smp_079370	0.152660639925874
Smp_079380	0.1691582521094
Smp_079400	0.0539280494668052
Smp_079410	0.0383493730851174
Smp_079420	0.239821228564541
Smp_079430	0.0766632398369477
Smp_079490	0.0867897433507078
Smp_079560	1.05179415781794
Smp_079600	0.593554088976746
Smp_079640	0.277712452079329
Smp_079650	0.11390648384279
Smp_079700	0.159652916723623
Smp_079710	0.12873200068766
Smp_079730	0.212349189785952
Smp_079740	0.0666648330126216
Smp_079750	0.0390274201806719
Smp_079760	0.0528137358597899
Smp_079770	0.192830319066285
Smp_079800	0.084415919991871
Smp_079810	0.0858858591116748
Smp_079840	0.0561831069763425
Smp_079860	0.0989556277053334
Smp_079910	0.0464037993515171
Smp_079920	0.0674431907588227
Smp_079950	0.0286549194266657
Smp_079960	0.205326062710523
Smp_079970	0.218090225796575
Smp_080100	0.0492956335615055
Smp_080110	0.0948627939947183
Smp_080130	0.0827166129652172
Smp_080150	0.11051368091378
Smp_080180	0.0240003434561928
Smp_080210	0.152393985139259
Smp_080280	0.137113589405683
Smp_080320	0.060971912725199
Smp_080370	0.117054175405124
Smp_080420	0.0466725999795669
Smp_080520	0.107546489497444
Smp_080530	0.0354161442747437
Smp_080550	0.0503128066839459
Smp_080560	0.147706640288691
Smp_080610	0.114410264175565
Smp_080620	0.494568460210653
Smp_080700	0.0691955886779779
Smp_080730	0.0951047790122312
Smp_080840	0.133936495181886
Smp_080850	0.0397154376367631
Smp_080870	0.23722536779695
Smp_080920	0.0406805983280314
Smp_080980	0.0492580188879737
Smp_081140	0.167306951482055
Smp_081190	0.0953438348717825
Smp_081200	0.191521772063873
Smp_081250	0.273050058954993
Smp_081260	0.0289769056860158
Smp_081380	0.0623817219452626
Smp_081420	0.0791194272478045
Smp_081430	0.0841538107483316
Smp_081450	0.128418497878718
Smp_081460	0.0302476747737756
Smp_081470	0.106416221058138
Smp_081510	0.0479019493476128
Smp_081790	0.159345773375344
Smp_081820	0.0724892257952368
Smp_081900	0.236875815969612
Smp_082030	0.0648128040939627
Smp_082050	0.0729258190771769
Smp_082240	0.153708000799243
Smp_082250	0.131581867120764
Smp_082280	0.0906158165140862
Smp_082290	0.480208535629687
Smp_082300	0.102753360814834
Smp_082360	0.144929521811691
Smp_082370	0.0726177300546177
Smp_082410	1.08351127124807
Smp_082490	0.0728161505587424
Smp_082560	0.04883067264724
Smp_082570	0.10553189322936
Smp_082620	0.170853677306238
Smp_082660	0.0950587636827619
Smp_082670	0.108144083759315
Smp_082710	0.0313421813606004
Smp_082740	0.0814810357101049
Smp_082780	0.248334024069126
Smp_082790	0.0284995600787373
Smp_082800	0.0324013647924868
Smp_082810	0.0548176817925625
Smp_082820	0.071442142402793
Smp_082850	0.0150831556228384
Smp_082860	0.051150021788556
Smp_082940	0.0841628545821619
Smp_083020	0.0326464629559855
Smp_083030	0.377970867522094
Smp_083040	0.0195864043986037
Smp_083080	0.275312656320952
Smp_083120	0.0662625318974179
Smp_083130	0.0406886667522702
Smp_083150	0.0535454248059573
Smp_083180	0.0652447869596486
Smp_083200	0.0717974470655659
Smp_083240	0.138900558722317
Smp_083340	0.195676930454974
Smp_083380	0.104043060155538
Smp_083400	0.0572586761253722
Smp_083410	0.232061459409961
Smp_083450	0.108377440569099
Smp_083480	0.0580892401331048
Smp_083540	0.091199741050646
Smp_083650	0.0239490212959542
Smp_083680	0.11687236776697
Smp_083710	0.0952851896509725
Smp_083720	0.140615859644217
Smp_083730	0.304672434597858
Smp_083740	0.0700882479021747
Smp_083770	0.297126015100596
Smp_083780	0.250982135781379
Smp_083790	0.0534737739168316
Smp_083800	0.60099702827737
Smp_083870	0.129961657158906
Smp_083880	0.319234137067794
Smp_083930	0.035039036121847
Smp_083940	0.994221667503834
Smp_083950	11.5606684352633
Smp_083970	0.0409324197661823
Smp_083980	0.416898503469747
Smp_083990	0.177755120210033
Smp_084010	0.0418820517984689
Smp_084060	0.111901104740389
Smp_084080	0.0937806742537228
Smp_084090	0.0564594805917034
Smp_084140	0.0344670493104021
Smp_084180	20
Smp_084270	0.587399016819549
Smp_084320	0.0614271863583005
Smp_084380	0.0219224489822311
Smp_084400	0.175989349290485
Smp_084460	0.197950225199535
Smp_084520	0.0638157308226211
Smp_084540	0.0656964721834403
Smp_084600	0.0588611639539369
Smp_084610	0.0438319062720509
Smp_084620	0.0574615626990543
Smp_084740	0.137578669790104
Smp_084830	0.0713840342327975
Smp_084860	0.0634892923998178
Smp_084870	0.110937874169748
Smp_084890	0.088829610750277
Smp_084900	0.0719645513705459
Smp_084910	0.109035054108585
Smp_084940	0.0427342193140682
Smp_085010	0.242923831418541
Smp_085080	0.0267063032263843
Smp_085110	0.0517499806410937
Smp_085150	0.0538074010359066
Smp_085180	0.42679807372465
Smp_085240	0.0290958415179134
Smp_085290	0.0732941338643738
Smp_085300	0.190777678330347
Smp_085310	0.0594313578987498
Smp_085380	0.0658106520907387
Smp_085410	1.12587418502363
Smp_085480	0.0419028076148443
Smp_085490	0.0712356717333961
Smp_085500	0.113636252424909
Smp_085520	0.045784224283751
Smp_085530	0.0244066566731369
Smp_085540	0.196591814485955
Smp_085640	0.021594306753155
Smp_085650	0.101168692494287
Smp_085680	0.316014132887246
Smp_085690	0.281352474174845
Smp_085740	0.0771492936535714
Smp_085750	0.055939483284021
Smp_085780	0.0401948811548852
Smp_085790	0.040054338620062
Smp_085830	0.0718950110331732
Smp_085840	0.20249104752284
Smp_085910	0.096057515281428
Smp_086030	0.078281959543191
Smp_086060	0.0487395403014575
Smp_086190	0.109814480309571
Smp_086210	0.155966682399648
Smp_086220	0.283322554127134
Smp_086270	0.0721233174751524
Smp_086330	0.0954297700465468
Smp_086450	0.0923218936303158
Smp_086460	0.0233363476209294
Smp_086470	0.271750968065951
Smp_086480	0.196179270578563
Smp_086530	0.280406546797221
Smp_086590	0.0988515552477959
Smp_086630	3.97725672714243
Smp_086690	0.0334741699891482
Smp_086710	0.038428805105636
Smp_086750	0.166101292018348
Smp_086760	0.0370257706690563
Smp_086830	0.0537091680027906
Smp_086860	0.0996681440864862
Smp_086900	0.0350027633110474
Smp_086910	0.0701901969676287
Smp_086960	0.146050865975987
Smp_087010	0.0442321351364226
Smp_087220	0.0600594029614619
Smp_087250	0.351796512689772
Smp_087270	0.124524706241948
Smp_087320	11.9564090417791
Smp_087330	0.0497799227301553
Smp_087340	0.0442079918187485
Smp_087440	0.0583483680689837
Smp_087520	0.0587793882237099
Smp_087550	0.0669331532870068
Smp_087560	0.11362039823538
Smp_087580	0.0475627488247333
Smp_087620	0.080101335371697
Smp_087690	0.0817409426494136
Smp_087760	0.216093862098506
Smp_087810	0.145333223654456
Smp_087860	0.161446234748434
Smp_087870	0.07471411467379
Smp_087920	0.0279367618366056
Smp_087930	0.0346324623204864
Smp_087940	0.0866932137950558
Smp_088090	0.30599158473572
Smp_088240	0.0514984741020485
Smp_088250	0.0682736456682633
Smp_088270	0.15721594487642
Smp_088310	0.0859951290859753
Smp_088360	0.489251285187687
Smp_088390	0.0431265787082718
Smp_088420	0.237280586199079
Smp_088460	0.0628065018605123
Smp_088550	0.107375333743947
Smp_088600	0.0828465971863824
Smp_088650	0.09168745439647
Smp_088660	0.0603255430771529
Smp_088720	0.914847306007966
Smp_088920	0.053299207486563
Smp_088940	0.0589237700253571
Smp_088950	0.367310225661416
Smp_088990	0.279421101441011
Smp_089000	0.174264764762767
Smp_089050	0.155308725597085
Smp_089060	0.0238984252692115
Smp_089100	0.0405495328533711
Smp_089180	0.052637116908457
Smp_089200	0.179415249495762
Smp_089220	0.156574380289888
Smp_089230	0.0395142293076904
Smp_089240	0.0836689536824144
Smp_089290	0.287865215441748
Smp_089320	0.143492785752863
Smp_089400	0.0455709602084457
Smp_089430	0.232393021662647
Smp_089460	0.0247691969914644
Smp_089570	0.156772408571616
Smp_089590	0.0379155057118859
Smp_089630	0.128512525586047
Smp_089640	0.0569264740427271
Smp_089650	0.0432644837120316
Smp_089670	0.220724633941518
Smp_089700	0.0663427422626083
Smp_089860	0.524638922943407
Smp_089870	0.129739561951893
Smp_089880	0.108515893235757
Smp_089930	0.0633365020653874
Smp_090010	0.137689406547255
Smp_090030	0.0725677430740631
Smp_090070	0.023466830107349
Smp_090080	0.144177282501868
Smp_090090	5.33189259854857
Smp_090100	0.471629122473178
Smp_090110	3.02192377819863
Smp_090120	0.119647038348766
Smp_090140	0.0303596813906459
Smp_090150	0.055395033591384
Smp_090230	0.157278306980394
Smp_090240	0.0316351346415527
Smp_090440	0.0846610495087546
Smp_090450	0.111801230669003
Smp_090690	0.0496324897466982
Smp_090800	0.0349884828207421
Smp_090805	0.05699231719323
Smp_090860	0.0122701974449976
Smp_090890	0.13108331015464
Smp_090920	0.0530401997372291
Smp_090930	0.0407933916774008
Smp_090980	0.254147714160595
Smp_091000	0.10567448208336
Smp_091010	0.0828406277060181
Smp_091170	0.0888244734160756
Smp_091190	0.0242836396292389
Smp_091210	2.04769074020408
Smp_091230	0.152895524161648
Smp_091240	0.118759416150917
Smp_091360	0.0617476272719018
Smp_091380	0.0388315371487958
Smp_091390	0.0799434187998268
Smp_091460	0.461498774200808
Smp_091470	0.131107584035452
Smp_091480	0.0529885751717678
Smp_091640	0.204704168379325
Smp_091650	0.0463504070804337
Smp_091730	0.0438325244994354
Smp_091740	0.0349491551681335
Smp_091750	0.0715722052225726
Smp_091790	0.054938275477008
Smp_091820	0.305422293819748
Smp_091840	0.110157809902466
Smp_091850	0.0417296679130405
Smp_091950	10.9036217974822
Smp_091990	0.18323437958355
Smp_092020	0.138105808631268
Smp_092150	0.20519016292507
Smp_092170	0.0186235378661337
Smp_092180	0.0811314199241268
Smp_092280	0.0705165766433326
Smp_092320	0.194067876738991
Smp_092380	0.0501710106543427
Smp_092490	0.0449343820249449
Smp_092500	0.121731956113075
Smp_092530	0.0266190398175385
Smp_092570	0.0338970313977427
Smp_092580	0.524910316190787
Smp_092750	0.183945021614216
Smp_092770	0.120487643846535
Smp_092780	0.1068118656341
Smp_092810	0.0461598023438919
Smp_092850	0.0175088938526602
Smp_092880	0.421593866089558
Smp_092930	0.0571801388649704
Smp_092950	0.114643570822936
Smp_093070	0.996799037166852
Smp_093100	0.0215460726988884
Smp_093210	0.236125408519596
Smp_093220	0.0265107003386957
Smp_093230	0.0609612185577115
Smp_093280	0.0268469703248562
Smp_093310	0.0685958249862748
Smp_093320	0.32356461014182
Smp_093430	0.16649726635916
Smp_093440	0.138299234477322
Smp_093450	0.16507996728977
Smp_093540	0.126231687205856
Smp_093580	0.0668706376834219
Smp_093620	0.166539436624802
Smp_093630	0.0354769671258234
Smp_093690	0.212091428836811
Smp_093700	0.0344932540431737
Smp_093710	0.401758193066906
Smp_093720	0.0207405164987539
Smp_093740	0.12156922745161
Smp_093750	0.081076115234347
Smp_093780	0.822954844213839
Smp_093790	0.397263288147099
Smp_093800	0.046694725846254
Smp_093820	0.135998183371759
Smp_093830	0.0519203327197848
Smp_093840	0.0364859459635505
Smp_093850	0.0866466345098384
Smp_093920	0.0669709675844276
Smp_093930	0.0964246563312249
Smp_093950	0.0955997822424275
Smp_093980	0.540073630833345
Smp_094020	0.146631778062686
Smp_094050	0.0568275443579259
Smp_094060	0.0315713091162601
Smp_094140	0.0785350416210057
Smp_094190	0.149042329553328
Smp_094250	0.119607733495646
Smp_094320	0.0986611203264171
Smp_094330	0.0661041171535085
Smp_094340	0.0249787905142471
Smp_094360	0.110798875572662
Smp_094380	0.0581248301693619
Smp_094390	0.190178114243647
Smp_094420	0.0395927208072881
Smp_094470	0.0888277088383459
Smp_094480	0.092018870470116
Smp_094560	0.467930969779992
Smp_094630	0.0652863266812994
Smp_094640	0.0344525627396216
Smp_094760	0.0750459140442037
Smp_094770	0.18261982507651
Smp_094810	0.0545428753836972
Smp_094820	0.0507128971079385
Smp_094870	0.070132820334192
Smp_094880	0.0408885424567622
Smp_09489	0.0860638423224456
Smp_094920	0.0751858007593252
Smp_094930	0.378732780498763
Smp_094950	0.0947826221917917
Smp_094980	16.0538432848651
Smp_095010	0.0622250772583085
Smp_095130	0.104612451706424
Smp_095140	0.0700016932978999
Smp_095150	0.0923431155574697
Smp_095190	0.0485848219089456
Smp_095290	0.22238202658807
Smp_095350	1.99681099292704
Smp_095360	0.0966109280033215
Smp_095400	0.99572638532954
Smp_095410	0.0529877100411222
Smp_095470	0.0416087401844485
Smp_095480	1.15905282061489
Smp_095520	0.222922921146985
Smp_095580	0.0551028878051196
Smp_095630	0.113380253017306
Smp_095650	0.102249008136362
Smp_095670	0.0696366112394638
Smp_095680	0.114785333250846
Smp_095810	0.127546955472083
Smp_095910	0.0683158929770537
Smp_095920	0.0269851855751561
Smp_096000	0.335758525588158
Smp_096010	0.0940715747021094
Smp_096020	0.0358621774381703
Smp_096160	0.0791879907253702
Smp_096200	0.0601782899768855
Smp_096210	0.08214769434381
Smp_096240	0.141411329763949
Smp_096270	0.0308569358877234
Smp_096290	0.0398628378130718
Smp_096310	0.0848515023844027
Smp_096320	0.0642555678115058
Smp_096360	0.125785051738864
Smp_096390	0.247570197146965
Smp_096410	0.147802320998193
Smp_096450	0.095166506781149
Smp_096480	0.122489265746828
Smp_096520	0.282533036406699
Smp_096640	0.0610593701829833
Smp_096720	0.0522178496265243
Smp_096750	0.187874153024491
Smp_096760	0.0403072076461655
Smp_096780	0.0579362732291025
Smp_096790	0.513681012116083
Smp_096900	0.295975314037364
Smp_096910	0.0379203403768943
Smp_097020	0.0658926186466008
Smp_097180	0.126167185349887
Smp_097210	0.026802119712644
Smp_097240	0.0661687395383667
Smp_097280	0.0292455076921038
Smp_097320	0.183981172125746
Smp_097370	0.0416023349327326
Smp_097380	0.317875353491694
Smp_097460	0.689198224271111
Smp_097490	0.155336578760641
Smp_097500	0.226557362507779
Smp_097560	0.0757029032549094
Smp_097590	0.0345366416677661
Smp_097620	0.0381602880888859
Smp_097660	0.0448578384614365
Smp_097700	0.0679646933348668
Smp_097710	0.0935684373973582
Smp_097730	0.0539730486984883
Smp_097740	0.0487982230818512
Smp_097750	0.0874188072887502
Smp_097790	0.0906118337941545
Smp_097800	0.133187769939282
Smp_097810	0.0847384847280893
Smp_097820	0.202007560677219
Smp_097830	0.363891332014571
Smp_097930	0.978056086218
Smp_097940	0.119144272916133
Smp_098090	0.020194263182824
Smp_098300	0.0824627051300624
Smp_098320	0.0756268069684075
Smp_098330	0.0853918050692349
Smp_098340	0.112880348191836
Smp_098450	0.0329885552533999
Smp_098550	0.0884221403940999
Smp_098560	0.0519616870679053
Smp_098650	0.0896694004330794
Smp_098740	0.243075805186623
Smp_098760	0.0963264707507354
Smp_098840	0.0557768947530189
Smp_098850	0.034719751519482
Smp_098890	0.251970695433922
Smp_098920	0.0295436706826694
Smp_098950	0.059024080465016
Smp_098960	0.226919023831572
Smp_098980	0.0317665424450718
Smp_099030	0.0339132603834618
Smp_099090	0.118329452095762
Smp_099150	0.052097087703521
Smp_099160	0.0745584786529741
Smp_099170	0.0440451470093993
Smp_099210	0.148051070562362
Smp_099240	0.0632325437389177
Smp_099300	0.0849432767784353
Smp_099310	0.214818773946946
Smp_099320	0.111379510992126
Smp_099420	0.124309071574005
Smp_099440	0.373846754231915
Smp_099570	0.0444036549675286
Smp_099630	0.0763941249844406
Smp_099670	0.292139806740726
Smp_099690	0.0712311116960355
Smp_099770	0.140539887291976
Smp_099850	0.0677266664698664
Smp_099890	0.120242599044767
Smp_099930	0.0663212082525301
Smp_100030	0.0505168887867407
Smp_100040	0.0348159221472043
Smp_100070	0.0189137216619042
Smp_100080	0.0738766942331974
Smp_100090	0.0576466553274502
Smp_100110	0.195781529931612
Smp_100120	0.041456615294837
Smp_100130	0.0137514076799887
Smp_100140	0.104717653592244
Smp_100350	0.245161738138903
Smp_100380	0.181720119124223
Smp_101230	0.685898007822692
Smp_101290	0.0425669914330167
Smp_101310	0.0229272422054913
Smp_101370	0.0325072329555495
Smp_101450	0.194445512935425
Smp_101820	0.111113898706755
Smp_101840	2.20164535202919
Smp_101970	0.564939635919624
Smp_102020	0.433623576489787
Smp_102040	0.160704199237621
Smp_102160	0.0653001813050676
Smp_102240	0.0869241393472085
Smp_102280	0.0421915725292927
Smp_102340	0.0194873480251825
Smp_102400	0.527178283040748
Smp_102410	0.108573955133883
Smp_102430	0.0652022047270522
Smp_102450	0.0583521468835336
Smp_102480	0.0591445318352289
Smp_102490	0.0806627746800586
Smp_102510	0.0397295334174961
Smp_102690	0.0749041745802281
Smp_102780	0.179397821509737
Smp_102810	0.0773716015174028
Smp_102820	0.0735867607730067
Smp_102840	0.0590810148915481
Smp_102920	0.0252819119149587
Smp_102960	0.155499623775824
Smp_103010	0.120820970758266
Smp_103090	0.130522890621777
Smp_103100	0.0882765454451329
Smp_103140	0.514763253773777
Smp_103160	0.0426862225292902
Smp_103200	0.0349920972065516
Smp_103280	0.0348260111838839
Smp_103320	0.0603243524524185
Smp_103330	2.18880797241702
Smp_103340	0.0795832875225727
Smp_103380	0.179457047942557
Smp_103460	0.101802027497206
Smp_103470	0.153871924934864
Smp_103530	0.0515407311353793
Smp_103540	0.068734860567244
Smp_103560	0.336918568167481
Smp_103570	0.0452098010622734
Smp_103610	0.3366785149401
Smp_103710	0.081679170863913
Smp_103740	0.0377930053442914
Smp_103790	0.321191328241992
Smp_103810	0.0553854552940503
Smp_103830	0.0544911526026654
Smp_103920	0.169969888152131
Smp_103930	0.105766792629341
Smp_103950	0.0429752945887539
Smp_103990	0.133218649604473
Smp_104000	0.0872085633570619
Smp_104030	0.105845577411016
Smp_104110	0.0895871385845472
Smp_104120	0.186010569876778
Smp_104210	0.319189548331313
Smp_104270	0.188545840922482
Smp_104310	0.0643678642592481
Smp_104330	0.0543492641161131
Smp_104370	0.0609975572720498
Smp_104450	0.55718389785445
Smp_104470	0.0862283856002196
Smp_104500	0.072420137103557
Smp_104520	0.0381460529505126
Smp_104580	0.0553857080809631
Smp_104600	0.0226155635556552
Smp_104630	0.0274676226434686
Smp_104660	0.150143536016727
Smp_104670	0.0510782572410021
Smp_104680	0.0757417891325995
Smp_104710	0.0922795827753034
Smp_104720	0.0561640058605929
Smp_104730	0.0846277093619438
Smp_104790	0.0872747412201011
Smp_104860	0.0933104225998026
Smp_104870	0.0548882247048506
Smp_104890	0.175305399095241
Smp_104960	0.07252739019268
Smp_104970	0.0586795681135891
Smp_104980	0.194915038397101
Smp_105020	0.141643031232713
Smp_105040	0.139540151560456
Smp_105090	0.238095403864727
Smp_105100	0.0592382650935718
Smp_105180	0.0512199660267179
Smp_105200	0.0591235930554366
Smp_105210	0.0350411320499082
Smp_105220	0.361434810259263
Smp_105320	0.12794178771278
Smp_105330	0.0493612645175337
Smp_105340	0.0734161215112963
Smp_105360	0.0596861333687038
Smp_105370	0.203290131367882
Smp_105410	0.374419318191038
Smp_105420	0.178913801383286
Smp_105450	0.257856207740882
Smp_105480	0.0361794540063719
Smp_105540	0.160410299099472
Smp_105680	0.123199507250376
Smp_105690	0.0808509676585934
Smp_105700	0.09860362843773
Smp_105710	0.0401768934548534
Smp_105730	17.0670346678645
Smp_105780	3.14631027480588
Smp_105860	0.296217714070979
Smp_105910	0.18997626619473
Smp_105930	0.0700713903447079
Smp_105950	0.0982886231540756
Smp_105960	0.044274377764542
Smp_105970	0.0583656645759944
Smp_106010	0.136937708010484
Smp_106050	0.141098189484333
Smp_106060	0.0266324641819993
Smp_106080	0.114663447620154
Smp_106110	0.12961205963876
Smp_106130	0.0736358817368785
Smp_106390	0.67226011702807
Smp_106750	1.46688488777233
Smp_106970	0.232886053346204
Smp_107200	0.0967281584364079
Smp_107590	3.82952085860474
Smp_108390	0.141852265876119
Smp_108610	2.65387124415276
Smp_109240	0.632182740066305
Smp_110280	0.59258625274116
Smp_111340	0.752063026886091
Smp_111980	0.146567303607408
Smp_112450	20
Smp_112480	0.492324941201209
Smp_112930	1.11029840362783
Smp_113620	0.236555148904846
Smp_113630	0.115468846533205
Smp_113740	0.0878469321596933
Smp_114160	0.0441127223794525
Smp_114430	0.197015242248007
Smp_114435	0.436744120919138
Smp_114565	0.149610989299738
Smp_114660	0.247859072201311
Smp_114870	0.495159309640494
Smp_115290	0.0636612384777005
Smp_115340	0.137477116287641
Smp_115450	0.0412644712107502
Smp_116360	0.104493697413729
Smp_117340	0.148416480858721
Smp_117390	0.0634837564665311
Smp_118040	0.179867443920082
Smp_118220	0.0432644660300501
Smp_118750	0.0696946241303473
Smp_118780	0.182814925078192
Smp_118830	0.0514772377986563
Smp_119110	0.139279992276888
Smp_119310	0.0456173541713496
Smp_119920	0.177777584380178
Smp_119980	0.0271183627620479
Smp_120020	0.500497438681486
Smp_120070	0.488878841652771
Smp_120080	0.0455558484585556
Smp_120320	0.281525017208786
Smp_120350	0.0506468539595997
Smp_120360	0.01484706387642
Smp_120380	0.137153736132091
Smp_120640	0.124459953685234
Smp_120700	0.0866303244137097
Smp_120920	0.198231120915424
Smp_120960	0.353949636169912
Smp_121130	0.0514025090118685
Smp_121140	0.0700816453319233
Smp_121160	0.0697287413958396
Smp_121190	0.133702061675026
Smp_121230	1.02778417975064
Smp_121320	0.194235918542911
Smp_121390	0.118068327285547
Smp_121420	0.0464219139514158
Smp_121430	0.0809360084536073
Smp_121460	0.116578292603198
Smp_121580	0.240388430789513
Smp_121600	0.220623328677649
Smp_121610	0.0623233552458568
Smp_121640	0.0593359417559626
Smp_121660	0.10303307413264
Smp_121780	0.0492539970373803
Smp_121790	0.0515722671173003
Smp_121800	0.069039418532358
Smp_121810	0.0767643834711238
Smp_121920	0.0800232771025061
Smp_121930	0.292719494297188
Smp_121940	0.313148359698322
Smp_121950	0.161412861474024
Smp_121990	0.142018855674631
Smp_122020	1.24411341333047
Smp_122030	0.028599247798534
Smp_122050	0.148174818785443
Smp_122170	8.16995606724307
Smp_122280	20
Smp_122340	0.139586006124073
Smp_122370	0.145648880758265
Smp_122490	0.0714674369526176
Smp_122500	0.190948028317716
Smp_122680	0.0397531889018643
Smp_122730	0.0155194667739953
Smp_122780	0.0225007538759033
Smp_122790	0.0328039405943932
Smp_122800	0.312680783895905
Smp_122810	0.0563140593732751
Smp_122820	0.232771804663409
Smp_122840	0.102361246103936
Smp_122890	0.084548776654835
Smp_122900	0.144988707377069
Smp_122910	0.109957850968694
Smp_122920	0.0559194393542739
Smp_122930	0.0297516997573526
Smp_122940	0.0854958762523575
Smp_122950	0.0697478487359202
Smp_122960	0.0146180264639477
Smp_122980	0.152762733040393
Smp_123000	0.240935792831804
Smp_123010	0.711736275657423
Smp_123020	0.0597837777413145
Smp_123030	0.070192572786134
Smp_123040	0.0727482809641259
Smp_123050	0.174750186549749
Smp_123060	0.0561744065259254
Smp_123070	0.17016584676292
Smp_123090	3.04605742954905
Smp_123100	0.182780877776779
Smp_123120	0.1424508946411
Smp_123130	0.120781182525849
Smp_123165	0.0337787206386785
Smp_123180	0.0572382014705742
Smp_123190	0.119516024792395
Smp_123200	20
Smp_123210	0.0461458467206011
Smp_123220	1.04083341202668
Smp_123230	0.181166645621477
Smp_123240	0.265286971331803
Smp_123260	0.134311631486832
Smp_123270	0.282883328494963
Smp_123280	0.0344946495552702
Smp_123290	0.0839340075969897
Smp_123300	0.140046682167281
Smp_123320	0.0462677837194184
Smp_123330	0.0999760563189608
Smp_123340	0.0746677835961944
Smp_123360	0.106927535009383
Smp_123370	0.144555723263446
Smp_123390	0.0459099507799952
Smp_123410	0.0554024493331856
Smp_123440	0.060353531431969
Smp_123450	0.0153844007512649
Smp_123470	1.30650922415166
Smp_123480	0.12858026640972
Smp_123490	0.0371474458761944
Smp_123500	0.0984078985486323
Smp_123510	0.0762206067485718
Smp_123520	0.0530442004610732
Smp_123530	0.0656112173838795
Smp_123540	1.44276759491046
Smp_123550	3.940197666354
Smp_123570	0.0506128218160376
Smp_123590	0.0991863906086754
Smp_123600	0.0693289316194528
Smp_123610	0.0550999478079274
Smp_123620	0.0394429603003298
Smp_123630	0.0878258791509607
Smp_123640	0.0626630434605659
Smp_123670	0.0692510290136155
Smp_123690	0.026067911812436
Smp_123710	0.223842197401869
Smp_123720	0.0795279483732826
Smp_123810	0.171364843347584
Smp_123820	0.110245328565214
Smp_123830	0.223011286927184
Smp_123840	0.252619303603218
Smp_123860	0.3570038380546
Smp_123870	0.0642388005265517
Smp_123910	0.177297609154262
Smp_123920	1.56255124600627
Smp_123940	0.0362399531642429
Smp_124000	0.169052094356704
Smp_124010	0.1996071207992
Smp_124020	0.055984314671425
Smp_124030	0.0463986357613634
Smp_124050	0.116254365251548
Smp_124060	0.0822482530936906
Smp_124070	0.294675903087907
Smp_124080	0.254277490533001
Smp_124100	0.175306402083349
Smp_124110	0.0309781455249673
Smp_124120	0.171596245629407
Smp_124130	0.134799578905662
Smp_124160	0.0360814668236177
Smp_124210	0.141457522112786
Smp_124230	0.045080622900803
Smp_124240	0.0617449064092075
Smp_124280	0.100646443402813
Smp_124290	0.293811125334351
Smp_124300	0.0561024556523507
Smp_124320	0.0500106925598817
Smp_124340	0.217302590908918
Smp_124350	0.182737098863407
Smp_124380	2.50906588652615
Smp_124390	0.0503168126797996
Smp_124430	0.113855168864158
Smp_124440	0.0343402865887069
Smp_124450	0.0601557175753989
Smp_124460	0.0180900617926666
Smp_124470	0.312171135034607
Smp_124490	0.098795703055033
Smp_124510	5.22231055292571
Smp_124520	0.594871816409156
Smp_124590	0.0796361665694643
Smp_124600	0.201355905806627
Smp_124650	0.0669246617136686
Smp_124660	0.0716352018962103
Smp_124700	0.0485772988921353
Smp_124710	0.32569267147179
Smp_124720	0.294972939389492
Smp_124740	0.311633998137686
Smp_124750	0.477624350799886
Smp_124760	0.107453415161706
Smp_124770	0.151386312482945
Smp_124820	0.136152872659367
Smp_124840	0.0519849282145936
Smp_124850	0.0240078753879941
Smp_124860	0.0137027036997758
Smp_124890	0.777529846790883
Smp_124920	0.123795934568569
Smp_124940	0.125080346363577
Smp_124980	0.115825338784682
Smp_125020	0.340034454260962
Smp_125040	0.0513981760679992
Smp_125050	0.170311126040322
Smp_125070	0.0809768012766058
Smp_125080	0.102546308758727
Smp_125130	0.121007798013346
Smp_125150	1.07452924568162
Smp_125160	0.0645743284707449
Smp_125200	0.465663631353306
Smp_125210	0.480594560999754
Smp_125250	0.544931527936334
Smp_125260	0.0830069244208151
Smp_125270	0.203344830265279
Smp_125280	0.342974799415518
Smp_125290	0.102637305743783
Smp_125300	0.0607404535268525
Smp_125320	0.285498226372956
Smp_125340	0.250423169269629
Smp_125350	0.257949703103865
Smp_125360	0.0451888876727324
Smp_125370	0.0666706173876096
Smp_125400	0.933527803523465
Smp_125420	0.0750309866904854
Smp_125440	0.0907874234782719
Smp_125450	0.151485209642186
Smp_125460	0.0627081667989867
Smp_125480	0.122537941868861
Smp_125490	0.188958652779105
Smp_125500	0.14448273780252
Smp_125510	0.101632306061268
Smp_125520	0.0576730469526149
Smp_125550	0.0967349375104277
Smp_125560	0.176085360386216
Smp_125600	0.456666775058803
Smp_125630	0.132445069891852
Smp_125640	0.0603405898150684
Smp_125650	0.133044152815898
Smp_125660	0.127056465796087
Smp_125670	0.0353111399417997
Smp_125730	0.0711140597837512
Smp_125740	0.283895285558205
Smp_125760	0.214436279954961
Smp_125770	0.0959163725727751
Smp_125780	0.192442584699757
Smp_125790	0.0908813481286531
Smp_125800	0.0381583719015393
Smp_125810	0.137128168359541
Smp_125820	0.0442125147507247
Smp_125870	0.143198421658702
Smp_125890	0.137979242897633
Smp_125900	0.0507339725932629
Smp_125930	0.126267584612805
Smp_125940	0.117003699015601
Smp_125960	0.117610459350554
Smp_125980	0.440266695810435
Smp_126000	0.20000955662292
Smp_126020	0.0317714958454264
Smp_126030	0.0304887880823692
Smp_126050	0.0919273182990481
Smp_126070	1.00473469247529
Smp_126080	0.0729836950944315
Smp_126110	0.04009701848458
Smp_126140	0.265041119475568
Smp_126170	0.040571914574
Smp_126200	0.047447598717422
Smp_126210	0.130929427512512
Smp_126220	0.504857077874538
Smp_126230	0.18624969157452
Smp_126240	0.229120857414422
Smp_126260	0.151403225325208
Smp_126290	0.238200780663707
Smp_126300	0.0436917121605592
Smp_126310	0.0436079131130215
Smp_126360	0.217518014648998
Smp_126370	0.129222139493543
Smp_126420	0.420622273475054
Smp_126450	0.0390631657392957
Smp_126460	0.0337025116173584
Smp_126470	0.17067341788715
Smp_126480	0.0682413647686753
Smp_126490	0.0486001996602716
Smp_126520	0.0423937271395731
Smp_126530	0.148352868889405
Smp_126540	0.162747501514372
Smp_126560	0.141653286134931
Smp_126580	0.806958569586059
Smp_126620	0.0659037997687311
Smp_126640	0.136374986127052
Smp_126670	0.212458872153648
Smp_126680	0.582394081768018
Smp_126690	0.0384795675908184
Smp_126720	0.112576083622134
Smp_126730	0.0654821462851746
Smp_126740	0.0597702329117442
Smp_126750	0.210748536082633
Smp_126760	0.223593295921093
Smp_126770	0.0536187692183389
Smp_126800	0.0542583857381045
Smp_126820	0.299117069402621
Smp_126840	0.0560608686776882
Smp_126850	0.339523089585873
Smp_126860	0.0325922076591081
Smp_126910	0.100047630841605
Smp_126920	0.0301886296418277
Smp_126970	0.186794017171469
Smp_126990	0.0896324810669885
Smp_127010	0.120844152371067
Smp_127030	0.0950094294106527
Smp_127050	0.0525810115361108
Smp_127060	0.189564420282793
Smp_127080	0.189189585355428
Smp_127110	0.063241339389101
Smp_127120	0.0375380916355176
Smp_127140	0.149467576230305
Smp_127160	0.0571390655826189
Smp_127180	0.161900668100512
Smp_127190	0.239320484685903
Smp_127200	0.104506180124191
Smp_127220	0.203038559256279
Smp_127240	0.25356421931841
Smp_127270	0.429415100065357
Smp_127280	0.283119938546837
Smp_127310	0.108763552407835
Smp_127360	0.410960734172704
Smp_127370	0.263796235108635
Smp_127380	0.0849273284726072
Smp_127430	0.0713887974833069
Smp_127440	0.0548367977811951
Smp_127450	0.112477483488734
Smp_127460	0.0854328232649537
Smp_127470	0.328760534188942
Smp_127480	0.116413636020735
Smp_127490	0.135868352739983
Smp_127500	0.0560614984653012
Smp_127520	0.0198391811345546
Smp_127580	0.0676783930619528
Smp_127600	0.0336478390195218
Smp_127620	0.0777240756792963
Smp_127640	0.268623591611065
Smp_127650	0.111852376652981
Smp_127660	0.0327235977414951
Smp_127670	0.232826594223301
Smp_127680	0.109536971008746
Smp_127690	0.0814505601624788
Smp_127700	0.0843818534154162
Smp_127710	0.117466031968767
Smp_127740	0.214716288135329
Smp_127750	0.135679568770904
Smp_127770	0.479579970921733
Smp_127810	0.122950742800083
Smp_127820	0.118603455018581
Smp_127830	0.0674914804270356
Smp_127840	0.143799158506513
Smp_127860	0.264950402340615
Smp_127870	0.189542903603269
Smp_127890	0.036004345662453
Smp_127920	0.0627035729238764
Smp_127930	0.10472144294231
Smp_127940	0.046648416978694
Smp_127990	0.531470764847436
Smp_128000	0.034094812769258
Smp_128010	0.448940907140606
Smp_128050	0.0907942890628174
Smp_128060	0.262701715833116
Smp_128070	0.113056020795572
Smp_128110	0.138777843296999
Smp_128120	0.182105456071344
Smp_128130	0.0372971598942003
Smp_128150	0.0840218541819138
Smp_128160	0.299673229507601
Smp_128170	0.0362299347042636
Smp_128190	0.291877324147354
Smp_128200	0.137945973359556
Smp_128210	0.0993559567893746
Smp_128220	0.271873015416311
Smp_128230	0.0794377685847972
Smp_128280	0.0667082253060368
Smp_128330	0.212726551911403
Smp_128340	1.30751140951744
Smp_128350	0.130494339353644
Smp_128360	0.133748384279544
Smp_128370	0.176198211929326
Smp_128390	6.34231545605884
Smp_128420	0.0610419728838017
Smp_128430	0.583823659359236
Smp_128440	0.031265778454283
Smp_128480	0.054270405549457
Smp_128510	20
Smp_128520	0.107598831821375
Smp_128530	0.24498119033287
Smp_128570	0.0785901704715763
Smp_128600	0.0962265713402766
Smp_128610	0.0861394350606393
Smp_128630	0.0475460695179659
Smp_128650	0.038280432854301
Smp_128660	0.0902280393251002
Smp_128680	0.0835042911752851
Smp_128690	0.283262413113816
Smp_128710	0.182622612053045
Smp_128750	0.0951917198062073
Smp_128760	0.193867254152343
Smp_128770	0.0300009365017922
Smp_128790	0.100537129319693
Smp_128810	0.0300856050677582
Smp_128840	0.0637089533515811
Smp_128860	0.187141123418299
Smp_128870	0.187937127771664
Smp_128890	0.133092144121154
Smp_128920	0.14213884915344
Smp_128940	0.349347569447262
Smp_128950	0.255307150080614
Smp_128960	0.0961360637260539
Smp_128990	0.131467627519504
Smp_129000	0.0887534302206051
Smp_129010	0.385267285767304
Smp_129020	0.16760592684695
Smp_129050	0.0594165417593173
Smp_129060	0.0651247145194054
Smp_129070	0.0598140273577734
Smp_129080	0.0735237828749809
Smp_129090	0.180927277107816
Smp_129100	0.0783050030639524
Smp_129110	0.0831593092266704
Smp_129120	0.0597893277373638
Smp_129130	0.0649087034305067
Smp_129210	0.0593116244727454
Smp_129230	0.120975287507829
Smp_129240	0.0264346685824211
Smp_129250	0.183910552525399
Smp_129260	0.0577068281657974
Smp_129310	0.151692382969045
Smp_129320	0.0626450239665999
Smp_129340	0.0435219121611627
Smp_129360	0.103266424465448
Smp_129380	0.174347530143566
Smp_129410	0.146437803136797
Smp_129420	0.102640545306561
Smp_129430	0.0573526062914784
Smp_129450	0.213907142261746
Smp_129500	0.108207174937126
Smp_129510	0.0679056545194664
Smp_129520	0.0242894877046467
Smp_129550	0.114781410011777
Smp_129560	0.0619858553024293
Smp_129580	0.114289880097894
Smp_129590	0.0866241089647745
Smp_129610	0.120676629497606
Smp_129630	0.043411756067973
Smp_129640	0.111060884191614
Smp_129650	0.161800603716648
Smp_129670	0.101996257492768
Smp_129700	1.90096554738874
Smp_129710	0.0759123594620517
Smp_129720	0.052994946419702
Smp_129750	8.76880167286631
Smp_129760	0.126740622323542
Smp_129770	0.0703312110394672
Smp_129810	0.172153590366497
Smp_129820	0.0550617491369408
Smp_129830	0.273116317298668
Smp_129840	0.131170254518491
Smp_129870	0.0514497776755416
Smp_129900	0.149837752236328
Smp_129920	0.451731440374349
Smp_129950	0.300762817897117
Smp_129960	1.00839214466081
Smp_129970	0.146364875666406
Smp_129980	0.116401968497019
Smp_129990	0.0886543932896314
Smp_130000	0.0256981541798857
Smp_130020	0.108875200406357
Smp_130030	0.027814754716832
Smp_130050	0.15483989539902
Smp_130070	0.099319837525246
Smp_130080	0.0459501479261554
Smp_130100	1.23962352015683
Smp_130110	0.0427207256571065
Smp_130160	0.0659995595791684
Smp_130170	0.0664365944868705
Smp_130180	0.0485460234679731
Smp_130200	0.1362493344996
Smp_130220	0.125134007625616
Smp_130230	0.0606648277109711
Smp_130250	0.195380488955607
Smp_130260	0.170366749804755
Smp_130270	0.0344276454483987
Smp_130280	0.099333245331284
Smp_130300	0.11087316632126
Smp_130330	0.0282668932487735
Smp_130340	0.110651636235945
Smp_130370	0.173955061927052
Smp_130410	0.047960184917925
Smp_130430	0.139748073829132
Smp_130440	0.0590778975621334
Smp_130450	1.69472847058457
Smp_130460	0.0541039442113975
Smp_130470	0.242862274508949
Smp_130480	0.0923204175235852
Smp_130490	0.117582688307744
Smp_130500	0.203708794471006
Smp_130520	0.0296079869021071
Smp_130540	0.0383036044813296
Smp_130580	0.0906349808080291
Smp_130590	0.0199859138395816
Smp_130600	0.0973821684238298
Smp_130610	0.0317446564417813
Smp_130620	0.179455781544756
Smp_130630	0.0569753972142993
Smp_130660	0.174412452446761
Smp_130680	0.0345725126407783
Smp_130690	0.158775603264048
Smp_130730	0.432490337980229
Smp_130750	0.0475479524233919
Smp_130760	0.0388660514970781
Smp_130780	0.53796978314408
Smp_130790	0.0844646153284413
Smp_130800	0.135286332334218
Smp_130810	0.141010533675139
Smp_130840	0.0572665182397092
Smp_130850	0.0946754743858688
Smp_130890	0.239612784007309
Smp_130900	0.0676093769645322
Smp_130910	0.0356340939134988
Smp_130940	0.0379481625584644
Smp_130950	0.094152066833333
Smp_130960	0.131928703080682
Smp_130980	0.0548325075777205
Smp_131000	0.0653901072265432
Smp_131020	0.240765552299338
Smp_131030	0.120184905940205
Smp_131050	0.126312911503629
Smp_131060	0.140751942873393
Smp_131070	0.0167522182043292
Smp_131080	0.139730241653913
Smp_131100	0.0489669769708214
Smp_131150	0.0484428851219203
Smp_131160	0.29314541720546
Smp_131220	0.139722076362185
Smp_131230	0.118746488414271
Smp_131250	0.0969350124044354
Smp_131290	0.311983779741615
Smp_131320	0.293819998988544
Smp_131350	0.238321028588511
Smp_131360	0.0276585266419194
Smp_131380	0.144839441606415
Smp_131390	0.116437932764595
Smp_131400	0.134228782756278
Smp_131410	0.518235930638371
Smp_131460	0.17226942892567
Smp_131470	0.154497158194368
Smp_131490	0.357908320148315
Smp_131580	0.37999088612556
Smp_131600	0.060692447614734
Smp_131620	0.318226237283602
Smp_131630	0.176015339653606
Smp_131640	0.370840107939169
Smp_131650	0.0943390944097543
Smp_131660	0.113861749378
Smp_131680	0.0389545560318853
Smp_131690	0.0432288754427573
Smp_131700	0.170211093683992
Smp_131770	0.0382158567868334
Smp_131790	0.114821524027905
Smp_131800	0.023083207243087
Smp_131810	0.198499426291358
Smp_131840	0.624020161177621
Smp_131870	0.0629259732582497
Smp_131890	0.149779834557108
Smp_131940	0.160486175677145
Smp_131950	0.0413161097197631
Smp_131970	0.0695019754981185
Smp_131980	0.902646387643451
Smp_131990	0.254921565290605
Smp_132000	0.157943253634305
Smp_132010	0.0704485450419288
Smp_132020	0.0656350377900817
Smp_132030	0.118902195231484
Smp_132050	0.169077149074463
Smp_132060	0.554555491049226
Smp_132080	0.0440293658733942
Smp_132090	0.079101687857342
Smp_132120	0.0858508820785367
Smp_132170	0.0868348790187553
Smp_132180	0.0392488835576592
Smp_132200	0.06434509814423
Smp_132210	0.284885918196693
Smp_132230	0.186194243737358
Smp_132240	0.0440405015313035
Smp_132250	0.592790903993665
Smp_132260	0.122752136596672
Smp_132270	0.163210390039009
Smp_132280	0.114572968585944
Smp_132300	0.114416994998772
Smp_132320	0.0970238030700351
Smp_132330	0.117415217214866
Smp_132350	0.0666312017793963
Smp_132410	0.120238187271975
Smp_132450	0.0395991289219683
Smp_132470	0.483717890097797
Smp_132480	1.51240039242287
Smp_132540	0.0529079574946165
Smp_132550	0.0970989207899125
Smp_132590	0.0359844346263763
Smp_132610	0.208495499261926
Smp_132620	0.0424411794362063
Smp_132640	0.0415551716620563
Smp_132660	0.33244655988329
Smp_132670	0.0930720391404871
Smp_132690	0.031984577770772
Smp_132700	0.0486191662233047
Smp_132730	0.187706260822923
Smp_132740	0.297938532193896
Smp_132790	8.45579788446479
Smp_132800	0.427988868947741
Smp_132810	0.519629918736806
Smp_132830	0.26110109003009
Smp_132850	0.0196915923275133
Smp_132870	0.020442668932963
Smp_132900	0.296477707411139
Smp_132930	0.0356710878311998
Smp_132940	0.0665578652370182
Smp_133020	0.0736944153025324
Smp_133030	0.273241923270465
Smp_133050	0.0145122345667644
Smp_133080	0.854698841600031
Smp_133090	0.333985809992952
Smp_133110	0.142895499333291
Smp_133120	0.199994822791177
Smp_133150	0.0213038664883837
Smp_133170	0.25343160939257
Smp_133210	0.578912861711158
Smp_133250	0.0705543595013323
Smp_133260	1.16283737957545
Smp_133270	0.0735619890019028
Smp_133280	0.0406277948127575
Smp_133300	0.0916555815268187
Smp_133310	0.0941919846034404
Smp_133330	0.193610354748401
Smp_133340	0.558064505276641
Smp_133350	0.0591852409788535
Smp_133370	0.0995582422320462
Smp_133380	0.0525577928624947
Smp_133420	0.0824414890387031
Smp_133450	0.100996834173297
Smp_133470	0.0289507812612858
Smp_133490	0.119697879260074
Smp_133530	0.0738869771114394
Smp_133580	0.115635356075072
Smp_133590	0.0981744642217223
Smp_133600	0.077181753111481
Smp_133620	0.0439275034555498
Smp_133660	0.0570180605250532
Smp_133690	0.0507449134705041
Smp_133700	0.0693775031456105
Smp_133710	0.0534922187485488
Smp_133720	0.309757373465638
Smp_133740	0.0725652723925868
Smp_133770	0.49515140028152
Smp_133790	0.0765125460493084
Smp_133800	0.103499898980632
Smp_133820	0.0560180915132501
Smp_133830	0.186601573565922
Smp_133850	0.0894454965473461
Smp_133860	0.126057111504107
Smp_133890	2.07627700075955
Smp_133900	0.250652570614771
Smp_133940	0.0852598141803584
Smp_133950	0.141772581319384
Smp_133990	0.214028169748358
Smp_134010	0.0464282466386615
Smp_134020	0.0674503098744135
Smp_134040	0.112974795768114
Smp_134050	0.0548857736328689
Smp_134060	0.104090390280774
Smp_134080	0.0797006809544424
Smp_134090	0.106563311226334
Smp_134100	0.139050664764407
Smp_134140	0.109827461992772
Smp_134160	0.101691306119618
Smp_134230	0.0342711095479479
Smp_134250	0.149627620896085
Smp_134260	0.322533633403445
Smp_134290	0.0736184625716737
Smp_134300	0.0282638833442874
Smp_134350	0.412372687119269
Smp_134360	0.0699113860374377
Smp_134370	0.121692810042241
Smp_134390	0.168684768115179
Smp_134410	0.0652442288858869
Smp_134440	0.122085031161019
Smp_134450	0.146735925604802
Smp_134470	0.0757187747266324
Smp_134480	0.0200559596380876
Smp_134490	3.26327019774853
Smp_134500	0.248844449677487
Smp_134510	0.0523561540664728
Smp_134530	0.0624088938293131
Smp_134540	0.223647346031605
Smp_134550	0.0880456933396791
Smp_134580	0.0778639504861882
Smp_134600	0.219367125458875
Smp_134640	0.0312936656733272
Smp_134660	0.126146797332688
Smp_134670	0.0237502368522544
Smp_134690	0.171142996904952
Smp_134720	0.132550732395507
Smp_134790	0.119566649680922
Smp_134800	0.414945178070408
Smp_134820	0.143591419203446
Smp_134860	0.0640331465663209
Smp_134870	0.362337193662934
Smp_134880	0.0304563834067519
Smp_134910	0.115102522082008
Smp_134930	0.559111841725536
Smp_134940	0.0753896884052282
Smp_134950	0.135371297387381
Smp_134960	0.297490882309679
Smp_134980	0.0413460740957471
Smp_135010	0.13253614222124
Smp_135020	0.26964288958975
Smp_135030	17.5454160594526
Smp_135040	0.273463450722151
Smp_135080	0.107364175479317
Smp_135100	0.119305537763323
Smp_135120	0.0570385867150664
Smp_135130	0.354353394962709
Smp_135140	0.03518443595931
Smp_135145	0.12008319922528
Smp_135160	0.165767915189518
Smp_135170	0.106439223755522
Smp_135200	20
Smp_135210	0.268754036376396
Smp_135230	0.377926906229186
Smp_135240	0.11310489406077
Smp_135250	0.210241575739238
Smp_135270	0.0710509418905041
Smp_135280	0.0826830297310497
Smp_135300	0.10707156765556
Smp_135350	0.131525144947284
Smp_135380	0.157587249688132
Smp_135390	0.542665825243934
Smp_135460	0.0414658990382348
Smp_135470	0.169524233068285
Smp_135480	0.107690897166501
Smp_135490	0.0565544003971186
Smp_135500	0.0640385328891962
Smp_135510	0.0337410820021796
Smp_135540	0.0726643622694863
Smp_135550	0.267944544769532
Smp_135560	0.284129294086338
Smp_135570	0.0349992614152705
Smp_135710	0.364720713257172
Smp_135740	0.107188617272942
Smp_135770	0.246914197467046
Smp_135790	0.0194333085247092
Smp_135820	0.199355851398014
Smp_135830	0.0232886935192909
Smp_135840	0.0466470203473255
Smp_135860	0.0782453889089454
Smp_135870	0.0652540123441455
Smp_135880	0.0256305936260131
Smp_135890	0.105688732564532
Smp_135900	0.0936415301468464
Smp_135910	0.0812109193171507
Smp_135920	0.0449783530878401
Smp_135930	0.058050060527093
Smp_135940	0.0668456382070625
Smp_135960	0.029961426159404
Smp_135970	0.27634040463443
Smp_135980	0.26357443144609
Smp_135990	0.0986601409910713
Smp_136010	0.102560215888499
Smp_136030	0.406163622843026
Smp_136040	0.0427348430289315
Smp_136050	0.168912074011652
Smp_136070	0.0630701323507742
Smp_136090	0.0296518882251858
Smp_136110	0.246279909445321
Smp_136130	0.170921059632127
Smp_136150	0.399826217026281
Smp_136160	0.0225010648878299
Smp_136180	0.0956731122391599
Smp_136190	0.187219672766061
Smp_136200	0.126252126334604
Smp_136210	0.0838602933172103
Smp_136240	0.0191000059968135
Smp_136260	0.0489181567182005
Smp_136280	0.0281760628814211
Smp_136300	0.0632995142935961
Smp_136310	0.276456351177017
Smp_136320	0.120430310233273
Smp_136350	0.107010982546135
Smp_136360	0.0171679870600933
Smp_136400	0.056920196602106
Smp_136460	0.193713918663345
Smp_136470	0.0542888337954148
Smp_136480	0.160287939936783
Smp_136490	0.0610616378832013
Smp_136510	0.0712794877233006
Smp_136520	0.0515225631752905
Smp_136530	0.0374432700440706
Smp_136540	0.224436129144014
Smp_136550	0.0951349159035985
Smp_136570	0.15904022367206
Smp_136580	0.0261166725443749
Smp_136590	0.124509703621679
Smp_136620	0.345141603519047
Smp_136640	0.12251591904948
Smp_136660	0.140743421694625
Smp_136690	0.0968586294018775
Smp_136700	0.192920696597437
Smp_136710	0.105018300483805
Smp_136730	0.29773023970138
Smp_136740	0.0804504224634619
Smp_136760	0.154814950562646
Smp_136770	0.0596439823553755
Smp_136780	0.0298117981706002
Smp_136850	0.352454781392619
Smp_136860	0.606901917239713
Smp_136870	0.268098860907532
Smp_136910	0.104055911373892
Smp_136920	0.273110730802754
Smp_136930	0.197218543915508
Smp_136950	0.0724040875045855
Smp_136970	0.0333660146999805
Smp_136980	0.0929732954955539
Smp_136990	0.0957009090549261
Smp_137000	0.0463783912876807
Smp_137020	0.0226010652973676
Smp_137040	0.041051290782884
Smp_137050	1.43358418532912
Smp_137080	0.117117318485203
Smp_137090	0.0550426937761264
Smp_137120	0.214715239296396
Smp_137160	0.0593125446780303
Smp_137180	0.0781287556063779
Smp_137190	0.0961829168995636
Smp_137210	0.0178871048635255
Smp_137250	4.81539081096788
Smp_137280	0.512660143818739
Smp_137300	0.542159350786803
Smp_137310	0.61741837906041
Smp_137320	0.507440486296823
Smp_137330	0.0776583789442858
Smp_137360	2.52659761711227
Smp_137380	0.0704154584288856
Smp_137390	0.138563719158584
Smp_137410	0.101965589381425
Smp_137530	0.0817095350543586
Smp_137540	0.0615752590560194
Smp_137580	0.0871412588473254
Smp_137590	0.0390413942481341
Smp_137600	0.333103189789925
Smp_137610	0.124837632430022
Smp_137640	0.229885209671846
Smp_137650	0.0170910242234509
Smp_137660	0.0837604122836325
Smp_137690	0.792548950883656
Smp_137700	0.537039836777934
Smp_137710	0.0472792056456866
Smp_137720	0.590893208238793
Smp_137740	0.0475760468885889
Smp_137750	0.298727439596091
Smp_137800	0.178044413430681
Smp_137810	0.486388225884395
Smp_137840	0.136979202846118
Smp_137860	17.1244851678065
Smp_137870	0.0293918389637886
Smp_137890	0.246206211558105
Smp_137910	0.197989914221873
Smp_137920	0.0814512538766858
Smp_137930	0.205379877590339
Smp_137940	0.0741667472572939
Smp_137950	0.0546402444583854
Smp_137970	0.101371892091239
Smp_137980	0.12022575518248
Smp_137990	0.116266898209592
Smp_138010	0.302594749996629
Smp_138030	0.161409460443246
Smp_138050	0.0585397428427099
Smp_138060	0.932772078710438
Smp_138070	2.0719571321612
Smp_138080	2.0795731472411
Smp_138110	0.157907842740499
Smp_138130	0.257133115511019
Smp_138140	0.14657622425258
Smp_138150	0.10287576126114
Smp_138160	0.143527216649581
Smp_138180	0.0322710247257254
Smp_138200	0.0902045156025925
Smp_138210	0.220613463359648
Smp_138220	0.0318763407055888
Smp_138230	0.365006687449307
Smp_138240	0.0352911556610574
Smp_138280	0.0189826362065249
Smp_138290	0.116512045437454
Smp_138300	0.0278789648271909
Smp_138310	0.0566289037728244
Smp_138320	0.099249721461115
Smp_138330	0.396654188065638
Smp_138340	0.186591240051473
Smp_138350	0.167198795089693
Smp_138430	0.0286984979745811
Smp_138470	0.0513653021414031
Smp_138480	0.0413871035653171
Smp_138500	0.0325862276234457
Smp_138510	0.306216306209537
Smp_138520	0.0538799454066256
Smp_138580	2.6153995534125
Smp_138590	0.0487363700449862
Smp_138600	0.0663647793367516
Smp_138610	0.132066503545888
Smp_138640	0.0330127546227369
Smp_138680	0.0258173318414211
Smp_138690	0.575894351575842
Smp_138750	0.511065544369314
Smp_138760	0.0307906866589645
Smp_138770	0.060630753978681
Smp_138810	0.334927446739505
Smp_138840	0.0564247644077733
Smp_138850	0.116930917919692
Smp_138860	0.104592549215369
Smp_138880	0.118996303373369
Smp_138890	0.0190788380954528
Smp_138900	0.311574485492757
Smp_138920	0.167954708112121
Smp_138930	0.0644160442942945
Smp_139010	0.0210514610078932
Smp_139030	0.050892073378337
Smp_139060	0.0585923210930986
Smp_139070	0.129442648773994
Smp_139080	0.0579732879196342
Smp_139090	0.0613537288670404
Smp_139100	0.0729591402024898
Smp_139140	0.344448679722452
Smp_139150	0.173757115107747
Smp_139180	0.0711933354853482
Smp_139200	0.341198516631825
Smp_139240	0.533255842642397
Smp_139250	0.841314581455362
Smp_139330	0.0931630123767555
Smp_139340	0.0739382494169652
Smp_139360	0.690548591581797
Smp_139380	7.16958616682136
Smp_139410	0.131352624592337
Smp_139420	0.240900065049236
Smp_139430	0.168235039872401
Smp_139470	0.041616438921922
Smp_139480	0.102561779030278
Smp_139500	0.153794333188071
Smp_139520	0.425854518967826
Smp_139530	0.114405556883385
Smp_139540	0.220975938410553
Smp_139580	0.0761080607045567
Smp_139590	17.5943485161409
Smp_139600	0.0664011157261707
Smp_139620	0.0837110629994
Smp_139650	0.0993725255786852
Smp_139680	10.5215002993827
Smp_139720	0.0601267346694982
Smp_139760	0.0465295724923117
Smp_139800	0.172597205390225
Smp_139840	0.0319309819107043
Smp_139900	0.0726427952139065
Smp_139930	0.0379568158330796
Smp_139940	0.164905795477239
Smp_139970	0.197363112709818
Smp_139980	0.136112628845389
Smp_140000	0.0838553654599316
Smp_140020	0.069615722990421
Smp_140030	0.0582096443915947
Smp_140040	0.14033972626601
Smp_140080	0.0421138841840404
Smp_140100	0.0747979438365786
Smp_140110	0.306448532763547
Smp_140120	0.230080398211923
Smp_140140	0.132927832683153
Smp_140150	0.177751139103094
Smp_140180	0.145288999035383
Smp_140200	0.136383671211985
Smp_140240	0.104951789342599
Smp_140250	0.0826536712968372
Smp_140260	0.0418556211661722
Smp_140270	0.0999859346567846
Smp_140290	0.126073430437474
Smp_140330	0.191771579237369
Smp_140370	0.127481452222253
Smp_140390	0.139310447848731
Smp_140400	0.0696015646832173
Smp_140420	0.084604344985962
Smp_140430	0.0220533515281287
Smp_140440	0.0341061461641025
Smp_140460	0.27347080779422
Smp_140480	0.0762003567256581
Smp_140490	0.0811567929631135
Smp_140510	0.153325599667713
Smp_140520	0.127907957038373
Smp_140530	0.0800480518557623
Smp_140540	0.363547937647096
Smp_140550	0.0954585394141536
Smp_140560	0.268394509500824
Smp_140570	0.138992139102045
Smp_140580	0.0990614921690301
Smp_140590	0.125847324970663
Smp_140610	0.298944479983714
Smp_140620	0.249925273885678
Smp_140640	0.0510370830206994
Smp_140650	0.16578260307354
Smp_140680	0.0287172628399715
Smp_140690	0.0550218217579159
Smp_140700	0.0330060867502913
Smp_140720	0.441729114457835
Smp_140730	0.134989002740436
Smp_140760	0.266484697410464
Smp_140770	0.170908229351831
Smp_140790	0.343462786155422
Smp_140800	0.153792284688165
Smp_140810	0.0293387168023363
Smp_140820	0.0744448639867351
Smp_140830	0.0888542394835202
Smp_140840	0.0247471869407785
Smp_140860	0.12172812048638
Smp_140880	0.289029572280365
Smp_140900	0.0509751684668751
Smp_140920	0.122270229098597
Smp_140940	0.101320438739789
Smp_140950	0.0310242428417223
Smp_140990	0.0538895696055435
Smp_141000	0.0403096791010436
Smp_141010	0.118577623638013
Smp_141040	0.0405818963974656
Smp_141070	0.192622670782681
Smp_141080	0.223620083826963
Smp_141120	0.0870137393590161
Smp_141140	0.105149727576909
Smp_141150	0.0244941652047812
Smp_141160	0.0886319222197093
Smp_141170	1.3142894063613
Smp_141220	0.0569932044878899
Smp_141230	0.201276476983449
Smp_141240	0.0339935389730558
Smp_141250	0.120687218469513
Smp_141270	0.0855160077165405
Smp_141280	0.382771911804578
Smp_141290	0.0804411188842443
Smp_141310	0.157659837806806
Smp_141320	0.0443848066582661
Smp_141330	0.0407765375588106
Smp_141350	0.246941606287031
Smp_141360	0.0471422104818658
Smp_141380	0.041507985390209
Smp_141390	0.131769071172407
Smp_141410	0.0405785735208449
Smp_141430	0.0780703466443628
Smp_141440	0.0570920344246768
Smp_141450	1.70812110087743
Smp_141460	0.124935837242185
Smp_141480	0.796780370056631
Smp_141490	0.359400932835806
Smp_141500	1.36540940923745
Smp_141520	0.0991447278781784
Smp_141540	0.0844550648185667
Smp_141570	0.118545107782968
Smp_141580	0.177069704636243
Smp_141610	0.810716943781949
Smp_141620	1.7357248587483
Smp_141630	0.250559711721413
Smp_141650	0.0318912967592046
Smp_141660	0.0474843523524166
Smp_141680	1.08137381770113
Smp_141690	0.223914995615591
Smp_141710	0.0773655155102395
Smp_141770	0.0562494903243797
Smp_141810	0.192084012015988
Smp_141820	0.0551870065301413
Smp_141830	0.101796716828983
Smp_141860	0.143227109314692
Smp_141880	0.135379778899771
Smp_141890	0.0414182137326319
Smp_141930	0.417393912071527
Smp_141940	0.18477203013763
Smp_141960	0.0717428131795911
Smp_141970	0.0374600190384276
Smp_141980	0.0801393465649757
Smp_142010	0.0529828069000632
Smp_142050	0.0714308903841412
Smp_142090	0.0801077549632642
Smp_142110	0.146228241348648
Smp_142120	0.29008778084019
Smp_142150	0.475266498973884
Smp_142160	0.186934196401991
Smp_142170	0.0885205833582803
Smp_142180	0.101489821616199
Smp_142210	0.0862286909543011
Smp_142250	0.133766071266774
Smp_142270	0.0523525140942234
Smp_142300	0.0286303544165537
Smp_142320	0.225427600496364
Smp_142400	0.0514005443089795
Smp_142410	0.0193844639959538
Smp_142420	0.537376016879963
Smp_142450	0.095311326685603
Smp_142490	0.23306554009738
Smp_142510	0.0583988237266297
Smp_142520	0.0528893838523647
Smp_142550	0.0801574260448627
Smp_142560	0.13162272521953
Smp_142600	0.122687605576634
Smp_142620	0.128259587384829
Smp_142640	0.0245859306908626
Smp_142650	0.0311325481095428
Smp_142670	0.168440736088843
Smp_142700	0.165032592192078
Smp_142710	0.157150675206647
Smp_142740	0.143627442098396
Smp_142770	0.0678538172096877
Smp_142780	0.0663245085554338
Smp_142790	0.301407874137738
Smp_142820	0.164590606217448
Smp_142850	0.0313310867183907
Smp_142860	0.300343728648164
Smp_142880	0.0620525690051224
Smp_142890	0.0623069268147678
Smp_142900	0.278089851061822
Smp_142930	0.0395486235284327
Smp_142940	0.138059308467535
Smp_142950	0.054289390930777
Smp_142960	0.0332650301190045
Smp_142970	0.284893415215019
Smp_142980	0.206916062956476
Smp_143060	0.134706494316947
Smp_143070	0.0610820084853555
Smp_143090	0.272431358884894
Smp_143130	0.094676310580003
Smp_143190	0.405824381612426
Smp_143220	0.103174238165652
Smp_143240	0.0812025667876405
Smp_143260	0.0803831310221335
Smp_143270	0.183356569290181
Smp_143300	0.579211654448125
Smp_143310	0.148129864055985
Smp_143350	0.0690597029919216
Smp_143390	0.0264814424623355
Smp_143430	0.0717640385554573
Smp_143440	0.133150698095083
Smp_143460	0.113311388265153
Smp_143470	0.109291725466949
Smp_143480	0.0951323866854955
Smp_143490	0.0514607424141136
Smp_143550	0.170181561616469
Smp_143560	0.0564847577263768
Smp_143580	0.164321282127595
Smp_143630	0.0629225922603811
Smp_143670	0.126782668214291
Smp_143690	0.0402250318727743
Smp_143700	0.0645146998436263
Smp_143730	0.0188335855353634
Smp_143740	0.165217880698347
Smp_143750	0.073150453913717
Smp_143760	0.097192986325401
Smp_143770	0.0617945030162064
Smp_143780	0.107626263186131
Smp_143810	0.0893477497071644
Smp_143830	0.112695267258586
Smp_143840	0.151213955585639
Smp_143860	0.242563588340405
Smp_143870	0.657837755445482
Smp_143910	0.193626987737389
Smp_143920	0.110881124275257
Smp_143930	0.059587030003724
Smp_143940	0.320166668176305
Smp_143960	0.0814083767436834
Smp_143980	0.0572481811000023
Smp_144000	0.19430690349672
Smp_144010	0.147887849568969
Smp_144020	0.263434693552572
Smp_144030	0.0711443321519419
Smp_144070	0.243944950795751
Smp_144080	0.0880255066028764
Smp_144110	0.156840524402354
Smp_144120	0.129895663644826
Smp_144130	0.195307240624691
Smp_144140	0.105886570182699
Smp_144160	0.221305647948814
Smp_144170	0.074788352603386
Smp_144180	0.190930349133111
Smp_144190	0.114966375195604
Smp_144200	0.0954637334257073
Smp_144210	0.12753486895863
Smp_144220	1.20662695225673
Smp_144240	0.15615009584576
Smp_144250	0.0599273510703276
Smp_144310	0.066650701404809
Smp_144350	0.14569297089098
Smp_144360	0.090235035555836
Smp_144370	0.34509353208257
Smp_144380	0.187973840324859
Smp_144390	0.0836861370775897
Smp_144430	0.0900692508597529
Smp_144440	0.403887051212289
Smp_144450	0.12723927051625
Smp_144470	0.0722583577917366
Smp_144490	0.0313243958338463
Smp_144495	0.121860473000353
Smp_144500	0.405557732876022
Smp_144510	0.248353382897371
Smp_144520	0.131428143166968
Smp_144540	0.142946517911009
Smp_144550	0.143568526843304
Smp_144560	0.0643792023393499
Smp_144570	0.157765010676015
Smp_144590	0.0523882821924936
Smp_144600	0.0990644900637087
Smp_144660	0.24655957499405
Smp_144700	0.279732900273617
Smp_144720	0.719067008042262
Smp_144740	0.143880974905992
Smp_144750	0.0549071801817425
Smp_144760	0.0220674913767713
Smp_144770	0.0703709973327287
Smp_144820	0.0974470176405094
Smp_144840	0.103691810576217
Smp_144850	0.0501144467585352
Smp_144860	0.652496411066352
Smp_144870	0.0428275509729852
Smp_144920	0.253571464455433
Smp_144930	0.0224640857597235
Smp_144940	0.120837641142266
Smp_144950	0.0674587113371955
Smp_144960	0.110636965170256
Smp_144970	0.0673715420142339
Smp_144990	0.0442761625842291
Smp_145010	0.0873368552859792
Smp_145020	0.832357162396568
Smp_145040	0.0413174659422076
Smp_145070	0.0577885544064264
Smp_145090	0.145039988860878
Smp_145110	0.0721704887649008
Smp_145140	0.238030304397436
Smp_145180	0.0539723857292769
Smp_145190	0.0596999372415618
Smp_145210	0.0396745905085739
Smp_145230	0.187383178251834
Smp_145250	0.0686851918251212
Smp_145290	1.21898293672794
Smp_145300	0.0945743901970441
Smp_145310	0.0944104812541003
Smp_145320	0.558430458323803
Smp_145350	0.054507639808354
Smp_145360	0.0510347326177833
Smp_145370	0.0662388605409287
Smp_145380	0.136673012614771
Smp_145400	0.240637337685785
Smp_145410	0.0576658614824291
Smp_145420	0.0898845831539093
Smp_145440	0.0191863809142715
Smp_145460	0.0678077416352019
Smp_145470	0.244923005489468
Smp_145510	0.182304287548664
Smp_145540	0.239140965515295
Smp_145550	0.174473002391842
Smp_145560	0.23339746141412
Smp_145580	0.3665743290435
Smp_145600	0.0530404944380739
Smp_145610	0.0300186910743189
Smp_145620	0.123263472623963
Smp_145630	0.0963101295167419
Smp_145640	0.42546870083844
Smp_145650	0.0317657704202771
Smp_145670	0.0699525982394992
Smp_145680	0.228240112673618
Smp_145700	0.129238335205798
Smp_145740	0.043393890559391
Smp_145800	0.0382578369938886
Smp_145810	0.381919354202602
Smp_145890	0.160007487604075
Smp_145910	0.0670156468516088
Smp_145930	0.132211207494388
Smp_145980	0.0573653130506274
Smp_145990	0.0527064532089698
Smp_146000	2.34045918704905
Smp_146010	0.186673992557176
Smp_146040	2.39266869446965
Smp_146060	0.0614642421872477
Smp_146080	0.106403199020546
Smp_146100	0.0379206352881243
Smp_146110	0.100285308537813
Smp_146120	0.100042531829047
Smp_146140	0.0719444907699343
Smp_146150	0.0774633001296167
Smp_146160	0.175228585177064
Smp_146190	0.167808475999124
Smp_146200	0.0913019200529564
Smp_146220	0.914732562418272
Smp_146240	0.132884548681366
Smp_146250	0.120003422495948
Smp_146280	0.0975725173674086
Smp_146290	0.0430566862473314
Smp_146300	0.0557219814235646
Smp_146310	0.0610696935319665
Smp_146340	0.0854343878761147
Smp_146360	0.0293982666557244
Smp_146400	0.0506369319644336
Smp_146410	0.0637104828617823
Smp_146420	0.280931454655096
Smp_146430	0.187898380842968
Smp_146440	0.0828528107637045
Smp_146460	1.62750471227249
Smp_146470	0.417458117797052
Smp_146570	0.0310147371802779
Smp_146580	0.223480245258522
Smp_146600	0.327691420207295
Smp_146610	0.413388130116491
Smp_146630	0.132014080950956
Smp_146640	0.179267803719123
Smp_146680	0.0909245673892879
Smp_146690	0.257248331323726
Smp_146710	0.122277436468001
Smp_146720	0.538558762433083
Smp_146730	0.200544306841854
Smp_146740	2.57159422278991
Smp_146750	0.151915527260145
Smp_146760	0.181796782801344
Smp_146800	0.034264090209083
Smp_146810	4.66674391252497
Smp_146830	0.503626462740059
Smp_146840	0.429080549185604
Smp_146870	0.132923559283131
Smp_146900	0.0453723481643756
Smp_146910	0.086927910510459
Smp_146940	0.275931143382293
Smp_147000	0.0474989771220602
Smp_147020	0.198523686593227
Smp_147040	0.220519288569899
Smp_147050	0.0269332296095602
Smp_147060	0.302197733297773
Smp_147070	0.136804583887534
Smp_147090	0.22983515091611
Smp_147110	0.217456986506931
Smp_147120	0.0309820707416666
Smp_147140	0.170913531517961
Smp_147150	0.0228713300002363
Smp_147160	0.230522803891163
Smp_147220	0.0396628992227833
Smp_147230	0.298865778417136
Smp_147240	0.0482890507844293
Smp_147250	0.13309083881353
Smp_147260	0.173353329048743
Smp_147290	0.319493954433182
Smp_147330	0.0941364391643458
Smp_147350	0.0921892198266047
Smp_147360	0.0800707967867641
Smp_147370	0.0587343750731608
Smp_147390	0.082161874067084
Smp_147400	0.0387159321661332
Smp_147410	0.38110575008015
Smp_147420	0.0610856789740183
Smp_147430	0.0967257341460287
Smp_147460	0.173792756436236
Smp_147470	0.0920197886573833
Smp_147520	0.0736595934045586
Smp_147560	0.148455129370009
Smp_147570	0.146433530158256
Smp_147590	0.109079262326373
Smp_147620	0.0553898137370312
Smp_147630	0.0773284971807431
Smp_147640	0.202017289888938
Smp_147650	0.106122076934282
Smp_147670	0.150035119613899
Smp_147680	0.242119306061603
Smp_147690	0.856300750363596
Smp_147750	0.108143016850318
Smp_147790	0.137770570687378
Smp_147820	0.115275368844962
Smp_147840	0.0994481831528375
Smp_147850	0.0348219120307356
Smp_147890	0.340742621983445
Smp_147920	0.142806221967529
Smp_147950	0.0634426640043961
Smp_147960	0.0486005166167287
Smp_147970	0.0926862056722544
Smp_147980	0.0602441215200786
Smp_147990	0.0843071723944431
Smp_148010	0.0302042934855617
Smp_148020	0.165099647401418
Smp_148070	0.0501548381082781
Smp_148080	0.139899129178399
Smp_148110	0.255282636796195
Smp_148120	0.29105493995175
Smp_148130	0.0958733539618648
Smp_148140	0.0506120782371547
Smp_148160	0.153788361397258
Smp_148180	0.267893344317729
Smp_148190	0.604786889844533
Smp_148200	0.12699857239927
Smp_148220	0.118514867858102
Smp_148230	0.041577089952398
Smp_148250	0.119147381438686
Smp_148260	0.0207235627734687
Smp_148280	0.0306018308218502
Smp_148290	0.308641709186774
Smp_148360	0.0456603985793133
Smp_148370	0.0420216459903781
Smp_148400	0.0937934126722
Smp_148410	0.118212367846858
Smp_148450	0.0362345053139351
Smp_148460	0.160712263700925
Smp_148470	0.458701159391789
Smp_148480	0.103027866473901
Smp_148510	0.0643778349227111
Smp_148540	0.0285676102892672
Smp_148590	0.152081513779704
Smp_148630	0.209615356200411
Smp_148650	0.113368822256402
Smp_148660	0.0294600924913633
Smp_148670	0.0689879904692701
Smp_148700	0.0318723676962797
Smp_148720	0.0402090672424796
Smp_148760	0.0349851604420038
Smp_148770	0.169092585672608
Smp_148790	0.157619360317288
Smp_148800	0.118538966062707
Smp_148820	0.211387263242584
Smp_148830	0.203984357981636
Smp_148870	0.106445626849858
Smp_148900	0.0404085861885364
Smp_148910	0.103329053065771
Smp_148930	0.0408973645451352
Smp_148940	0.264519951309652
Smp_148970	0.0465620532402616
Smp_148980	0.0642238702972022
Smp_149000	0.031859479639577
Smp_149010	0.146998223697678
Smp_149030	0.189924673506097
Smp_149040	0.0375373066270312
Smp_149050	0.135414314862967
Smp_149070	0.0543509179471328
Smp_149080	0.0559130535300766
Smp_149110	0.151707984942204
Smp_149130	0.221819647744509
Smp_149160	0.0526581938305337
Smp_149170	0.352806578188894
Smp_149180	0.0871851011296317
Smp_149200	0.121923488077269
Smp_149220	0.13963325756413
Smp_149230	0.296967890967638
Smp_149240	0.304947073149514
Smp_149300	0.143127088637026
Smp_149320	0.0461207741543213
Smp_149330	0.059710788481962
Smp_149370	0.0723811575835238
Smp_149380	0.0822709674704571
Smp_149400	0.169130292658548
Smp_149410	0.0244125087677576
Smp_149420	0.13691364993726
Smp_149430	0.0203017082535304
Smp_149450	0.0283069299221692
Smp_149460	0.184004552919171
Smp_149480	0.156796302656748
Smp_149500	0.0233349959494075
Smp_149520	0.255651438770494
Smp_149530	0.177182291017519
Smp_149540	0.116890862206371
Smp_149560	0.181641847926506
Smp_149580	0.30838546452288
Smp_149640	0.0253764234545236
Smp_149660	0.158227976625796
Smp_149700	0.0453456722313107
Smp_149710	0.46632665890038
Smp_149720	0.265845446412281
Smp_149730	0.0801894253689306
Smp_149740	0.162701736660331
Smp_149750	0.0939212336911763
Smp_149770	0.271187469155795
Smp_149820	0.232577881940394
Smp_149900	0.192551198127973
Smp_149950	0.0894653422416515
Smp_149960	0.0808779233339296
Smp_149980	0.134885037973193
Smp_150000	0.960732162422066
Smp_150020	0.138968998533366
Smp_150030	0.27201864023549
Smp_150040	0.0705449579876894
Smp_150070	0.0368806379003805
Smp_150080	0.117761529072858
Smp_150090	0.66358795655579
Smp_150120	0.203086575090342
Smp_150140	0.14348705444106
Smp_150150	0.148680386610375
Smp_150160	0.0509406774764154
Smp_150180	0.0528831019353238
Smp_150200	0.0374677210389111
Smp_150210	0.205324154762594
Smp_150220	0.181334268554924
Smp_150230	0.10074981023908
Smp_150270	0.0428079140907925
Smp_150280	0.0935268831432951
Smp_150300	0.117045862709734
Smp_150320	0.168391562263144
Smp_150340	0.088391048006947
Smp_150350	0.181911556399562
Smp_150360	0.232382786429309
Smp_150380	0.15927348968526
Smp_150410	0.149465423908875
Smp_150420	0.117653246992733
Smp_150430	0.100360603850669
Smp_150460	0.400155208705429
Smp_150470	0.12971578812823
Smp_150500	0.0192979790648224
Smp_150510	0.0744501805090404
Smp_150520	0.0868648651766214
Smp_150550	0.191655674049026
Smp_150560	0.0705449389923665
Smp_150580	0.193040838021798
Smp_150590	1.35667912531181
Smp_150610	0.0939359989608238
Smp_150640	0.215787552516382
Smp_150650	0.236031025083301
Smp_150660	0.150314038026203
Smp_150680	0.072840602589427
Smp_150690	0.0945741089245629
Smp_150700	0.0694478937496282
Smp_150740	0.174516321026726
Smp_150750	0.117463839197193
Smp_150840	0.194479200384143
Smp_150850	0.110756865662683
Smp_150860	0.0921689086980093
Smp_150870	0.32778419868532
Smp_150890	0.0401302327548565
Smp_150960	0.0229568097423652
Smp_150980	0.0302714460963771
Smp_150990	0.134636553932023
Smp_151010	0.159834623337668
Smp_151020	0.269866412148189
Smp_151030	0.0625729139598413
Smp_151040	0.300867366736877
Smp_151050	0.0538422759625749
Smp_151060	0.112000341958591
Smp_151070	0.0615884788360911
Smp_151100	0.0681562799549311
Smp_151140	0.0659714818558941
Smp_151180	0.0669482869300744
Smp_151190	0.0902911675746452
Smp_151200	11.1520099712233
Smp_151210	2.12096884034564
Smp_151220	0.28166387426043
Smp_151270	1.12312164414234
Smp_151280	0.0205721574350525
Smp_151285	0.156514105418248
Smp_151310	0.112125524805169
Smp_151320	0.151587164685706
Smp_151360	0.167985430149017
Smp_151380	0.102719902247452
Smp_151410	0.126871926745302
Smp_151420	0.119605023569437
Smp_151440	0.15608933007374
Smp_151450	0.138111134087922
Smp_151480	0.0595564995152184
Smp_151490	0.24858378124599
Smp_151520	0.0757771332044688
Smp_151560	0.160345083977312
Smp_151570	0.366591119026618
Smp_151580	0.139412411329117
Smp_151590	0.112970335284898
Smp_151600	0.234562737034603
Smp_151640	0.233960307858075
Smp_151650	0.0639421219807494
Smp_151660	2.66968781394448
Smp_151670	0.0333260129922516
Smp_151720	0.103552987828327
Smp_151730	0.321881635624434
Smp_151740	0.162183712735387
Smp_151750	0.156796558045803
Smp_151780	0.0740431304722829
Smp_151820	0.0696413607814914
Smp_151920	0.0754012042118416
Smp_151930	0.0490062747252679
Smp_152000	0.0412862328436456
Smp_152060	0.0834854597869181
Smp_152090	0.15701777833945
Smp_152110	0.154604377623782
Smp_152130	0.111652687952127
Smp_152180	0.084863343253317
Smp_152190	1.14267279009439
Smp_152210	0.206595300624813
Smp_152220	0.146606543453395
Smp_152230	0.04739929785847
Smp_152260	0.331279980976554
Smp_152270	0.0716873005977383
Smp_152280	0.0814917512336867
Smp_152290	0.100983789784752
Smp_152300	0.0701010098509799
Smp_152310	1.92660855846489
Smp_152330	0.122374777115113
Smp_152350	0.191767028375235
Smp_152370	0.122715420007482
Smp_152380	0.10942540314555
Smp_152390	0.21399167167409
Smp_152400	0.0620982440035149
Smp_152430	0.169260822205493
Smp_152440	0.0859775589427149
Smp_152500	0.34223447689211
Smp_152510	0.032894928135036
Smp_152520	0.0344739925140983
Smp_152530	0.0636234888187871
Smp_152550	0.121849890534824
Smp_152570	0.113233506604191
Smp_152580	2.13755274533774
Smp_152590	0.504161106710439
Smp_152630	0.259159721680714
Smp_152650	0.0825055618566057
Smp_152670	0.118678323104252
Smp_152710	0.144655305633096
Smp_152740	0.0422010018076685
Smp_152750	0.0608113275387424
Smp_152760	0.0695446254771518
Smp_152790	0.0367476921961413
Smp_152800	0.0371950609068641
Smp_152830	0.0771167364338346
Smp_152840	0.0475141182721996
Smp_152850	0.084523257856031
Smp_152860	0.0642512085638078
Smp_152870	0.124763466895439
Smp_152940	0.302067122932114
Smp_152960	0.0581993478684852
Smp_152980	0.34835004510756
Smp_152990	0.584381362974887
Smp_153010	0.0870398884150804
Smp_153070	0.369615298164412
Smp_153090	10.039266199167
Smp_153100	0.168530637803272
Smp_153110	0.288942981445778
Smp_153140	0.187061891063812
Smp_153150	0.0640024442561104
Smp_153160	0.0870531157950583
Smp_153170	0.322730134908909
Smp_153190	0.0349005651111116
Smp_153200	0.165714440400323
Smp_153210	0.15535882631931
Smp_153220	0.409139290645683
Smp_153250	0.132097913607019
Smp_153270	0.0963971431317162
Smp_153290	0.196653894133537
Smp_153300	0.108862676012379
Smp_153340	0.0396935221660183
Smp_153350	0.0461668818883831
Smp_153390	0.0859308042418795
Smp_153410	0.0471805557895408
Smp_153430	0.0740640945900303
Smp_153440	0.0822961350876546
Smp_153460	0.0400535091224407
Smp_153480	0.0214315384698654
Smp_153490	0.0417032941365135
Smp_153500	0.18503530779394
Smp_153520	0.128028185366861
Smp_153530	0.0791747531413223
Smp_153540	0.306696489243715
Smp_153550	0.213303223339568
Smp_153560	0.162325208068708
Smp_153580	0.235028539803465
Smp_153590	0.0196674690088908
Smp_153610	0.0358266248781586
Smp_153640	0.0707314306160095
Smp_153660	0.115023003392865
Smp_153690	0.116905741393827
Smp_153700	0.063667586079672
Smp_153710	0.0919224351491743
Smp_153720	0.0459362942675667
Smp_153750	0.0953811632551716
Smp_153760	0.0627004878165742
Smp_153770	0.0172704938398184
Smp_153780	0.164290874461002
Smp_153790	0.175228296476467
Smp_153810	0.117063477003798
Smp_153820	0.095867565452786
Smp_153840	0.0576706036380061
Smp_153870	0.0460889591643544
Smp_153890	0.0182489349202261
Smp_153920	0.0879772580274141
Smp_153930	1.47141924225404
Smp_153950	0.102574023390679
Smp_153960	0.0260824171429267
Smp_153970	0.0600388543223386
Smp_153990	0.117904443143218
Smp_154000	0.0658367468754411
Smp_154040	0.0919364451012709
Smp_154080	0.204856296530215
Smp_154090	1.57547390854968
Smp_154100	0.20180811384367
Smp_154160	0.135242534004702
Smp_154180	7.26494509914046
Smp_154220	0.165726415846787
Smp_154250	0.368443317346922
Smp_154270	0.107217675629826
Smp_154280	0.0750556801448603
Smp_154290	2.01886819078895
Smp_154320	0.075815859801008
Smp_154330	0.0699974019809921
Smp_154340	0.0163541163272806
Smp_154370	0.7129919528492
Smp_154390	5.12011668054738
Smp_154410	0.557472598211268
Smp_154420	0.0629771844655077
Smp_154470	0.0321855516050875
Smp_154490	0.0536524401097794
Smp_154500	0.106916388563719
Smp_154520	0.0563419579875908
Smp_154530	0.0669341392198543
Smp_154560	0.0447708224245869
Smp_154590	20
Smp_154600	0.207710821261668
Smp_154610	0.147747255885849
Smp_154620	0.0263626176553576
Smp_154640	0.443236518894375
Smp_154650	0.0943147352285065
Smp_154670	0.1936969534667
Smp_154680	1.0526450235943
Smp_154690	0.104450156841113
Smp_154730	0.0560640215290579
Smp_154740	0.135415302906512
Smp_154760	0.393644904694849
Smp_154780	0.0434689906653556
Smp_154830	0.281814849968486
Smp_154840	0.0704718018252766
Smp_154850	0.0810833721747155
Smp_154870	0.108957552277127
Smp_154880	0.0381736217433874
Smp_154900	1.54985561194003
Smp_154910	0.170121092943059
Smp_154930	0.0571335983267622
Smp_154940	0.0711867184910982
Smp_154960	0.0910951981718472
Smp_154970	0.245391258661667
Smp_154980	0.0416394605531623
Smp_155000	0.142157254918269
Smp_155020	0.0820389374612921
Smp_155030	0.0819799253457365
Smp_155040	0.245862422293193
Smp_155050	0.0930935725494103
Smp_155060	0.0608731778309636
Smp_155210	0.130388719013354
Smp_155290	0.141069971575869
Smp_155310	0.835109248481722
Smp_155320	0.304647504483636
Smp_155330	0.0734301540456261
Smp_155340	0.131650567427592
Smp_155360	0.146633144720314
Smp_155370	0.0710478343290382
Smp_155380	0.0971571709739505
Smp_155390	0.04859581753617
Smp_155400	0.0684552622356801
Smp_155420	0.0656024571714413
Smp_155450	0.118795980711078
Smp_155480	0.0871523152460427
Smp_155500	0.163304728238084
Smp_155510	0.116580275023814
Smp_155520	20
Smp_155530	0.0911343004741252
Smp_155560	0.330594469427791
Smp_155590	0.061541959033551
Smp_155620	0.127715164612655
Smp_155630	0.0438445670770222
Smp_155700	0.0487758732795686
Smp_155720	0.133457903638267
Smp_155740	0.0682462412153473
Smp_155750	0.0315381083117447
Smp_155760	0.0711785822078697
Smp_155770	0.139498795969423
Smp_155780	0.0521839046288311
Smp_155790	0.0683376927175941
Smp_155810	0.0851785959034689
Smp_155840	0.197656343325735
Smp_155850	0.205666413194292
Smp_155860	0.543194701076928
Smp_155900	0.315893049569042
Smp_155970	0.103911203656288
Smp_156000	0.0215027919420008
Smp_156050	0.727616458184614
Smp_156060	0.0707075915379358
Smp_156100	0.126633646258308
Smp_156140	0.153773195256265
Smp_156150	0.455521134444725
Smp_156160	0.093119878670605
Smp_156170	0.140053830333746
Smp_156180	9.64888874757153
Smp_156230	0.263805104500791
Smp_156240	0.0781440977785295
Smp_156250	0.440591726177431
Smp_156270	0.0728187337413727
Smp_156280	0.0985580860880669
Smp_156290	0.0674056387298786
Smp_156300	0.114354235395766
Smp_156340	0.200980424614903
Smp_156350	0.142060126524027
Smp_156370	1.05515680126596
Smp_156390	0.0383375131388135
Smp_156400	0.384139279429658
Smp_156410	0.0268982067855868
Smp_156450	0.0844636802452766
Smp_156460	0.0489608497553245
Smp_156470	0.0537206636331432
Smp_156480	0.124577313451108
Smp_156500	0.114449261678003
Smp_156520	0.113329874780941
Smp_156540	0.202848731403185
Smp_156550	0.811151645810876
Smp_156630	0.102792209421735
Smp_156670	0.23129737592203
Smp_156720	0.110466431829006
Smp_156730	7.03333278493688
Smp_156740	0.647344046812589
Smp_156750	0.146227534158107
Smp_156780	0.112072060104859
Smp_156850	0.0863168295560038
Smp_156860	0.0559146346827212
Smp_156870	0.0791102726449628
Smp_156880	0.0520049228167621
Smp_156890	0.0621903066705893
Smp_156900	0.0574916723406964
Smp_156910	0.0839897279087877
Smp_156930	8.58910874736058
Smp_156950	0.0513374024799739
Smp_156960	0.134297115804349
Smp_156990	0.0566354699276622
Smp_157000	0.0896854667709346
Smp_157050	0.270823596959838
Smp_157070	0.619442670603788
Smp_157080	0.10921927859314
Smp_157100	0.158994679124992
Smp_157140	0.0226028421439626
Smp_157150	0.184011960862114
Smp_157160	0.0645061425732128
Smp_157200	0.100034807483918
Smp_157210	0.680792738798931
Smp_157220	0.0735153723984219
Smp_157230	0.0494771569851247
Smp_157240	0.0924659602149357
Smp_157250	0.0410118802759423
Smp_157290	0.102986249395459
Smp_157300	0.0720348905138473
Smp_157310	0.472972438032872
Smp_157320	0.0445713574340978
Smp_157340	0.132635818932516
Smp_157350	0.0583615461890542
Smp_157360	0.105951730997646
Smp_157390	0.152892337321136
Smp_157400	0.0799794610578565
Smp_157410	0.0530994755623535
Smp_157450	6.28939972527938
Smp_157470	0.104278434248834
Smp_157510	0.0412626340974439
Smp_157540	0.066311144101533
Smp_157560	0.198591207627906
Smp_157570	0.127732027001831
Smp_157590	0.0547669244799351
Smp_157620	0.20356518941682
Smp_157640	0.409368720100893
Smp_157660	0.106855002857603
Smp_157670	0.101715227313553
Smp_157680	0.0970867260632604
Smp_157690	0.510689787345709
Smp_157700	0.392902214724623
Smp_157710	0.075257079347841
Smp_157715	0.0444374029868636
Smp_157720	0.0574683008131639
Smp_157730	1.13065620898739
Smp_157740	0.0529244336975466
Smp_157750	0.16501669047438
Smp_157760	0.1508328714477
Smp_157770	0.0225043054036314
Smp_157780	0.0559574842016615
Smp_157790	0.114675673694246
Smp_157800	0.116609384639802
Smp_157830	0.130302506196334
Smp_157840	0.16565806583229
Smp_157860	0.084175816318077
Smp_157870	0.109307421459785
Smp_157910	0.0666124667785567
Smp_157920	0.0703128570260613
Smp_157930	0.103733979074802
Smp_157940	0.0906598304733505
Smp_157950	0.200231736676578
Smp_157980	0.0665845350016681
Smp_158030	0.059391306765401
Smp_158050	0.0734441520477957
Smp_158110	0.095334655138237
Smp_158130	0.0382069292661332
Smp_158140	0.234518108886701
Smp_158150	3.81128770914768
Smp_158160	0.413853224925897
Smp_158170	0.116501345139283
Smp_158180	0.118167972459759
Smp_158190	0.0906712359445631
Smp_158230	0.0444418527978788
Smp_158240	0.107735445785309
Smp_158290	0.374560352994068
Smp_158310	0.237168801866773
Smp_158320	0.130263039078008
Smp_158330	0.187718096537919
Smp_158360	0.372840330873904
Smp_158380	0.0383796980791924
Smp_158400	0.0752369501371104
Smp_158430	0.0431148379267227
Smp_158440	0.0772265147272335
Smp_158450	0.0559488454740558
Smp_158460	0.10336874732066
Smp_158480	0.536757869358443
Smp_158490	0.196722824655936
Smp_158520	0.150709000618485
Smp_158550	0.116104014738531
Smp_158560	0.0574498517341636
Smp_158590	7.05682881503242
Smp_158600	0.0986670586541322
Smp_158610	0.0579536382028241
Smp_158620	0.0928907704283141
Smp_158630	0.0865741515517553
Smp_158640	0.0982393894672241
Smp_158660	0.0831223324897079
Smp_158670	0.117793673073522
Smp_158690	0.0857845126023632
Smp_158700	0.0466873934088643
Smp_158720	0.0484154404657172
Smp_158730	0.239731895974797
Smp_158740	0.0545749530502153
Smp_158750	0.20599971869051
Smp_158770	0.055858833453834
Smp_158810	0.0304015985555079
Smp_158840	0.0165651962774345
Smp_158860	0.124339964927903
Smp_158890	0.0820402207912954
Smp_158910	0.114192385843551
Smp_158950	0.0830327921724028
Smp_158970	0.0436808091003204
Smp_158980	0.220863369140402
Smp_158990	0.124874738666132
Smp_159020	0.0807197291624485
Smp_159050	0.0776794664930623
Smp_159060	0.343300527191903
Smp_159070	0.0900162072009298
Smp_159090	0.184138005563267
Smp_159100	0.123102456033526
Smp_159110	0.0435301070473402
Smp_159120	0.083750705240754
Smp_159130	0.188673481136
Smp_159140	0.137944435447025
Smp_159150	0.0545469911512441
Smp_159160	0.445936421299867
Smp_159180	0.0375191015360227
Smp_159190	0.131567975455449
Smp_159330	0.98080206036933
Smp_159340	0.0634593738630907
Smp_159350	0.247866051279211
Smp_159370	0.0544389080561831
Smp_159380	0.118251773770011
Smp_159450	0.248866755845479
Smp_159490	0.310223908321287
Smp_159510	0.341249790331231
Smp_159520	4.26771694540157
Smp_159550	0.0961504381056841
Smp_159560	0.265330739788265
Smp_159570	0.0864406100579779
Smp_159590	0.0655385399351424
Smp_159600	0.367867845513665
Smp_159620	0.313498983581365
Smp_159630	0.121693989528574
Smp_159690	0.0153696198022453
Smp_159700	0.0955944719268568
Smp_159730	0.136001468679109
Smp_159740	0.112200977423652
Smp_159750	0.0191271214424965
Smp_159780	0.0814502277532973
Smp_159790	0.0682832692239564
Smp_159800	4.00418884020089
Smp_159830	3.0403332242511
Smp_159840	0.321222598129994
Smp_159860	0.245804318546461
Smp_159890	0.028841193818127
Smp_159910	0.0304922749030388
Smp_159930	0.152499398019321
Smp_159940	0.0500451624069244
Smp_159950	0.885498952746878
Smp_159990	0.107240953323879
Smp_160000	0.129435732719432
Smp_160070	0.281125167078946
Smp_160090	0.0280666623171543
Smp_160100	0.051254211819392
Smp_160140	0.138897850336674
Smp_160160	0.36055226323862
Smp_160170	0.248907416613388
Smp_160180	0.143105236743047
Smp_160190	0.0210676361603563
Smp_160210	0.0780429973774116
Smp_160270	0.0619439434936815
Smp_160290	0.0717684572358621
Smp_160320	0.376891241937874
Smp_160360	0.274066616372792
Smp_160370	0.189648690480834
Smp_160410	0.0807456626457729
Smp_160460	0.092386536443953
Smp_160490	0.203324674370067
Smp_160530	0.0594673166850661
Smp_160540	0.20472358019506
Smp_160590	0.12825031497682
Smp_160600	0.0267364626877498
Smp_160610	0.138637571751583
Smp_160670	0.0911630655235497
Smp_160700	0.107664107232313
Smp_160710	0.0644282323879846
Smp_160730	0.124337708850484
Smp_160760	0.0485751899563373
Smp_160780	0.0754561253409944
Smp_160810	0.125416624729397
Smp_160820	0.052212921816692
Smp_160830	0.0720780321861528
Smp_160850	0.131841700526256
Smp_160870	0.0464116417398279
Smp_160880	0.0661723619353584
Smp_160940	0.0607419312682748
Smp_160950	0.0486395554462502
Smp_161040	20
Smp_161060	2.71977417076309
Smp_161080	0.210857498657294
Smp_161110	0.168221419166309
Smp_161120	0.11302957226703
Smp_161130	0.0374943092006403
Smp_161140	0.058904154044667
Smp_161160	0.0432516493527568
Smp_161170	0.116947530022741
Smp_161210	0.389722063004122
Smp_161220	0.787023564199894
Smp_161240	0.537340617476369
Smp_161250	0.108270522292498
Smp_161290	0.0468438772066808
Smp_161330	0.145033331329171
Smp_161350	0.077345686953984
Smp_161360	0.0323151187939236
Smp_161370	0.160141328641376
Smp_161380	0.0732524078048711
Smp_161400	0.105970792714207
Smp_161450	0.0943258495040721
Smp_161500	0.0926723483276671
Smp_161510	0.0769214191002634
Smp_161530	0.130335736888789
Smp_161540	0.0683112729393338
Smp_161550	0.0271817500244105
Smp_161560	0.0751134685410029
Smp_161580	0.0231112739877274
Smp_161650	0.185472232683709
Smp_161680	0.0260727146000443
Smp_161730	0.200609022904875
Smp_161750	0.0366731450219932
Smp_161770	2.23881768620707
Smp_161790	0.0431609304200043
Smp_161800	0.257272414178695
Smp_161820	0.176334326700135
Smp_161850	0.0741940745492852
Smp_161870	0.118869505099541
Smp_161960	0.0440926170186968
Smp_161970	0.0201673162685049
Smp_161980	0.0907995470881606
Smp_162000	0.133267396468603
Smp_162010	0.135624183985825
Smp_162030	0.116936747106866
Smp_162040	0.0383817103056275
Smp_162060	0.0837700490608521
Smp_162080	0.0708632676234429
Smp_162100	0.173453691221261
Smp_162110	0.304349827083252
Smp_162180	0.155301331548618
Smp_162210	0.104363165085957
Smp_162220	0.0601734380312153
Smp_162230	0.0766551352283212
Smp_162240	0.126709160274706
Smp_162250	0.0796750201771519
Smp_162260	0.0581748001290604
Smp_162280	0.0293292734788871
Smp_162290	0.203018838233179
Smp_162300	0.372277543870602
Smp_162310	0.028716503691974
Smp_162340	0.0837486415309684
Smp_162350	0.0761133276372636
Smp_162360	0.305086343439234
Smp_162370	0.266356272165721
Smp_162380	0.102344981789312
Smp_162390	0.266435313818941
Smp_162440	0.115866135854575
Smp_162500	0.205934011789744
Smp_162510	0.140144323923119
Smp_162520	0.104680673053028
Smp_162550	0.0967877127170859
Smp_162600	0.0379919330918684
Smp_162610	0.145731419719251
Smp_162620	0.0837499541945534
Smp_162630	0.0688019119583844
Smp_162640	0.108974475449622
Smp_162650	0.0669514974980058
Smp_162660	0.0686516385355581
Smp_162680	0.108298017378274
Smp_162710	0.113102023809608
Smp_162760	0.145925944763144
Smp_162770	0.13822613411586
Smp_162790	0.102598719495883
Smp_162810	0.104581554529376
Smp_162840	0.304423581020783
Smp_162860	0.122261399979171
Smp_162900	0.0659090793114005
Smp_162910	0.0472551545313545
Smp_162920	0.114575182118036
Smp_162940	0.0607218018394192
Smp_162960	0.0401618156372535
Smp_162970	0.265338096511469
Smp_162980	0.0780053984370171
Smp_163000	0.12938574029639
Smp_163030	0.0408301084550815
Smp_163050	0.0796640972446613
Smp_163080	0.0868089067544945
Smp_163090	0.390140089771139
Smp_163110	0.0612983145604766
Smp_163140	0.102887828345663
Smp_163160	0.135152678656788
Smp_163170	0.370127799956569
Smp_163180	0.03158860954321
Smp_163210	0.055654416002978
Smp_163220	0.0897836930166356
Smp_163230	0.0432268884352691
Smp_163240	0.262446372092472
Smp_163250	0.159452522831043
Smp_163260	0.13970812884326
Smp_163290	0.227618975380296
Smp_163300	0.0539109236221414
Smp_163310	0.095355664696065
Smp_163320	0.0334396832079993
Smp_163330	0.0811965247026886
Smp_163340	0.126026666944713
Smp_163380	0.11616674775164
Smp_163420	0.0811447107325915
Smp_163430	0.0479994049809251
Smp_163450	0.241261354005192
Smp_163460	0.0360395760187355
Smp_163500	0.0889148700135466
Smp_163520	0.185370026030767
Smp_163550	0.090965268673883
Smp_163560	0.0781602427551428
Smp_163570	0.135192525098325
Smp_163580	0.0592106298258519
Smp_163590	0.135498975201111
Smp_163600	0.0697991266061749
Smp_163610	0.052986812060827
Smp_163620	0.0654529391802292
Smp_163640	0.0264444578373658
Smp_163660	0.101495152559662
Smp_163670	0.072923270078946
Smp_163710	0.278290898173213
Smp_163720	0.157340496820791
Smp_163750	0.0921086332724557
Smp_163760	0.107170812221358
Smp_163780	0.0516657452613153
Smp_163790	0.32307916745926
Smp_163810	0.286435433867805
Smp_163820	0.121930888968264
Smp_163830	0.0622887326498716
Smp_163840	0.154213917170772
Smp_163850	0.0254197513882762
Smp_163880	0.0356951486228379
Smp_163930	0.642815364853408
Smp_163950	0.254691727038673
Smp_163970	0.464747181745534
Smp_163980	0.15194961441471
Smp_164010	0.085095171431073
Smp_164020	0.341991825611015
Smp_164040	0.100626983393991
Smp_164050	0.0267017022961806
Smp_164060	0.109018041817839
Smp_164070	0.104586655697666
Smp_164080	0.144040526454666
Smp_164130	0.0420084280171822
Smp_164150	0.154885826482483
Smp_164180	0.551924915499724
Smp_164190	0.276128447920368
Smp_164200	0.0336323358653809
Smp_164210	0.0212506138768808
Smp_164250	0.0281393835710521
Smp_164270	0.185067905336422
Smp_164360	0.0630344743609349
Smp_164380	0.267203187375701
Smp_164410	0.114167771520724
Smp_164480	2.17558579781991
Smp_164500	0.0401812331745308
Smp_164540	0.0431331540932627
Smp_164560	0.0597064652607767
Smp_164590	0.170340649813565
Smp_164650	0.0428315073717193
Smp_164660	0.0723224004173227
Smp_164730	0.315030717612166
Smp_164740	7.64497385694874
Smp_164760	0.078588679095509
Smp_164820	0.0551517785843773
Smp_164860	0.0781450678194004
Smp_164880	0.0528992079006032
Smp_164890	0.0302148332740725
Smp_164930	0.0323736709587486
Smp_164940	0.0542907289710905
Smp_164950	0.21737059295491
Smp_164960	0.0320535389740986
Smp_164990	0.0580857060123333
Smp_165000	0.0835883418206896
Smp_165030	0.0279498489992284
Smp_165040	0.315143965647935
Smp_165050	0.899865788921121
Smp_165060	0.14806566891576
Smp_165070	0.0300944029672658
Smp_165080	0.0678702743615469
Smp_165150	0.316184567722435
Smp_165170	0.0765986405816185
Smp_165180	0.448472432470336
Smp_165190	0.0311638616643934
Smp_165200	0.055243785420054
Smp_165220	0.15398728723642
Smp_165230	0.529053093469903
Smp_165260	0.02844560092744
Smp_165280	0.170320950674319
Smp_165320	0.106942925109558
Smp_165330	0.0780870359696609
Smp_165340	0.469287354074201
Smp_165350	0.0648365824793342
Smp_165360	5.78511606491444
Smp_165400	0.101160154410764
Smp_165420	0.204794676394609
Smp_165430	0.945219170684483
Smp_165440	0.288274907425412
Smp_165450	0.962799397341757
Smp_165460	0.112451712501622
Smp_165470	0.0996226950590508
Smp_165490	0.0506822759846558
Smp_165530	0.0656174236115268
Smp_165540	0.0827505648058775
Smp_165550	0.0489402549427044
Smp_165560	0.080172441832846
Smp_165570	0.124772857394233
Smp_165580	0.0696360470657672
Smp_165590	6.90989140275141
Smp_165600	7.90578819115624
Smp_165610	0.1340561014361
Smp_165630	0.042238171977797
Smp_165660	0.29740009960523
Smp_165680	0.038665958756127
Smp_165690	0.149773413980928
Smp_165700	0.0470769553237415
Smp_165710	0.0691638270953234
Smp_165720	0.147355988423075
Smp_165750	0.14210774166605
Smp_165760	0.253815165304445
Smp_165780	0.110823592055859
Smp_165790	0.109998646464228
Smp_165820	0.0827491915034646
Smp_165830	0.0655135160160194
Smp_165840	0.0567412001071153
Smp_165850	0.0450307217235033
Smp_165870	0.0551451584436186
Smp_165930	0.0306229424320813
Smp_165940	0.273121856308275
Smp_165950	0.0629748109521692
Smp_165960	0.0254260584268203
Smp_165980	0.0909799199667447
Smp_166020	0.374162323867662
Smp_166040	0.135384735500235
Smp_166070	0.112869054503403
Smp_166080	0.0834084196078097
Smp_166090	0.0779036434263893
Smp_166120	0.0384262370970049
Smp_166170	0.182671271287411
Smp_166180	0.0480582383489931
Smp_166200	0.0806012664517271
Smp_166220	0.0394108553834438
Smp_166230	0.148905938573967
Smp_166280	0.468486869109531
Smp_166290	0.0478943175713212
Smp_166300	0.297756442120513
Smp_166310	0.0526529759551318
Smp_166320	0.0805022950695197
Smp_166340	0.525558784934343
Smp_166370	0.0472155357805073
Smp_166390	0.0646579459071232
Smp_166400	0.105170125862108
Smp_166420	0.186210387379997
Smp_166430	0.0826340631985236
Smp_166440	0.139478021443923
Smp_166500	0.0823914370552974
Smp_166530	0.293065141809043
Smp_166550	0.0342676891969242
Smp_166560	0.164540813986785
Smp_166580	0.0612620945402974
Smp_166600	0.0770572635390364
Smp_166610	0.146920204049801
Smp_166660	0.13187665284002
Smp_166680	0.026140045974968
Smp_166690	2.14277831351733
Smp_166780	0.230981244940122
Smp_166790	0.194468861896694
Smp_166800	0.198472175639859
Smp_166820	0.0930242485883695
Smp_166830	0.0897855478297226
Smp_166890	0.0800308816746815
Smp_166930	0.0625402187579199
Smp_166940	0.0410617172493801
Smp_166960	0.120325011668173
Smp_166980	0.0532624743476641
Smp_167000	0.161303168345121
Smp_167010	0.141604429855247
Smp_167020	0.0984193336161125
Smp_167140	0.185334894846478
Smp_167160	0.118324198343505
Smp_167170	0.215403636347899
Smp_167190	0.151744110947592
Smp_167200	0.0906572228419488
Smp_167220	0.0425553810520279
Smp_167230	0.119403361047643
Smp_167240	0.200478427329188
Smp_167280	0.324280837288445
Smp_167290	0.0372216359979049
Smp_167300	0.0665395600946973
Smp_167310	0.0287906734566538
Smp_167330	0.143355539000184
Smp_167360	0.114626398028534
Smp_167370	0.0702520492863014
Smp_167400	0.0766717813095724
Smp_167410	0.0336830763274444
Smp_167430	0.667037242036117
Smp_167450	0.0975644381747665
Smp_167470	0.155986659739923
Smp_167500	0.127766896577198
Smp_167520	0.0814210551451071
Smp_167540	0.0799650114123238
Smp_167550	0.0431517431340687
Smp_167590	0.113215049758317
Smp_167630	0.151868986322556
Smp_167640	0.127342025833554
Smp_167650	0.0846312043672672
Smp_167660	0.287853409021666
Smp_167670	6.24297633886987
Smp_167680	0.113746514966093
Smp_167750	0.167833249053692
Smp_167770	0.19756925472295
Smp_167800	0.0265747699428645
Smp_167810	0.142630766071457
Smp_167840	1.03410408421872
Smp_167850	0.0888110860952331
Smp_167860	0.184058635171132
Smp_167880	0.0321714890542131
Smp_167890	0.0942301521067918
Smp_167920	0.123931697862846
Smp_167950	0.0344325328725672
Smp_168000	0.100710975247784
Smp_168040	0.126842579750487
Smp_168050	0.149588455544331
Smp_168080	0.0911719874387596
Smp_168140	0.130269438565951
Smp_168160	0.0558152494781719
Smp_168170	0.0161432389309793
Smp_168200	0.119678909859024
Smp_168240	0.151588311960007
Smp_168270	0.0461622498249168
Smp_168310	0.0895765631389693
Smp_168330	0.108357609123679
Smp_168340	0.0587639602199394
Smp_168350	0.0838944483877858
Smp_168370	0.0670024516313585
Smp_168400	0.186841306325016
Smp_168430	16.8597609875294
Smp_168450	0.323181465705868
Smp_168460	0.0823999469971
Smp_168500	0.129130486571789
Smp_168520	0.0162219756912816
Smp_168550	0.223755155728001
Smp_168590	0.195465527408368
Smp_168600	0.140499095045273
Smp_168610	0.0691121830013807
Smp_168620	0.114062592180622
Smp_168660	0.044496419843269
Smp_168670	0.0331448416097484
Smp_168730	0.0639802497877235
Smp_168760	0.114952234318267
Smp_168770	0.0667886382770896
Smp_168780	0.614426004856372
Smp_168800	0.0587237346453003
Smp_168890	0.0776592041027431
Smp_168930	0.0396341805957779
Smp_168990	0.293002708963806
Smp_169010	0.209841566380347
Smp_169030	0.0476710485742701
Smp_169040	0.109756655908866
Smp_169050	0.32224098010828
Smp_169070	0.249968265416177
Smp_169090	0.131974466679795
Smp_169140	0.0754365363883434
Smp_169150	0.090901769709317
Smp_169180	0.118938874442801
Smp_169190	0.927162319056813
Smp_169200	0.732637185364086
Smp_169220	0.221079174911044
Smp_169260	0.121766488005993
Smp_169280	0.0261501246121628
Smp_169290	0.0836137748675104
Smp_169300	0.0325884754381171
Smp_169320	0.0799530720354619
Smp_169330	0.045462264756952
Smp_169340	0.131280834107294
Smp_169350	1.64254363899936
Smp_169360	0.322217670076464
Smp_169380	0.152436344289066
Smp_169410	0.111127807061842
Smp_169430	0.1299058795598
Smp_169440	0.0802415868895372
Smp_169460	0.279946238313536
Smp_169470	0.0344564033143897
Smp_169480	0.182857409608874
Smp_169520	0.0374635007569227
Smp_169530	0.0776902368092454
Smp_169550	0.146233337450724
Smp_169580	0.231384683328501
Smp_169610	0.0538383073510101
Smp_169630	0.134620500073599
Smp_169640	0.0198628803470527
Smp_169660	0.170641425082282
Smp_169670	0.0628348366420663
Smp_169690	0.0533446333219863
Smp_169700	0.190321423712159
Smp_169720	0.0248688484195779
Smp_169730	0.124137031661583
Smp_169750	0.0552434170781837
Smp_169760	0.613497871991032
Smp_169780	0.0475513036711306
Smp_169800	0.0404838346189656
Smp_169820	0.0742545461760414
Smp_169860	0.125670852604573
Smp_169870	0.205437876494145
Smp_169880	0.311513560190212
Smp_169890	0.103886551632906
Smp_169930	1.17964667398443
Smp_169940	0.0807922633298781
Smp_169950	0.117559331839424
Smp_169960	0.0339001068526254
Smp_169970	0.0734195404443657
Smp_169980	0.0409602467587974
Smp_169990	0.155019733235785
Smp_170010	0.19578091370441
Smp_170020	0.126449780538327
Smp_170030	0.0580263308121943
Smp_170060	0.0597111706129008
Smp_170150	0.0431968106158315
Smp_170160	0.144649917392415
Smp_170170	0.0968946700327062
Smp_170200	0.0527017406288267
Smp_170210	0.195704431182768
Smp_170230	0.0467835165445823
Smp_170260	0.0813268925205592
Smp_170280	0.459957978099742
Smp_170290	0.0473730337016345
Smp_170300	0.0542592791658326
Smp_170320	0.234612950980729
Smp_170340	0.450252910307339
Smp_170350	0.0285014293210366
Smp_170380	0.061474843222146
Smp_170390	0.0357712041004346
Smp_170400	0.0491492522150335
Smp_170430	0.24926793044323
Smp_170440	0.0643535884146081
Smp_170450	0.0802978958943572
Smp_170490	20
Smp_170540	0.196548049110233
Smp_170550	0.0975333341243946
Smp_170560	0.0780409232059154
Smp_170570	0.0817630512940767
Smp_170580	0.190327908287236
Smp_170600	0.206541296688822
Smp_170610	0.327039364894502
Smp_170620	0.0491756311146399
Smp_170630	0.425396299943845
Smp_170690	0.0725705574191013
Smp_170700	0.163454924466991
Smp_170740	0.412707847518347
Smp_170760	0.213726665220472
Smp_170770	0.826026024754624
Smp_170790	0.0995174393085481
Smp_170800	0.0461507766883277
Smp_170810	0.582194384997447
Smp_170840	5.51351776852769
Smp_170890	0.646376988850915
Smp_170910	0.023984830401419
Smp_170930	0.355567944640711
Smp_170940	0.0957679600971892
Smp_170950	0.098877703169822
Smp_170980	1.04782240090702
Smp_171000	0.284612390826811
Smp_171010	0.216808329029779
Smp_171020	0.0867003748633711
Smp_171030	0.0529291115121939
Smp_171040	0.0764043389323934
Smp_171060	0.246706030136274
Smp_171070	0.0485482664716144
Smp_171080	0.0863800166777784
Smp_171090	0.152565915042326
Smp_171120	0.397156459679716
Smp_171140	0.0900668629633792
Smp_171150	0.0227860130157894
Smp_171170	0.0800680130572035
Smp_171180	0.064450012584724
Smp_171190	0.312088205086625
Smp_171200	0.0578033539560777
Smp_171270	0.282591855561529
Smp_171280	0.127054285467955
Smp_171370	0.126123903931132
Smp_171460	0.128902258339944
Smp_171490	0.146789339383559
Smp_171530	0.084081477119389
Smp_171540	0.072709705695558
Smp_171550	0.0695911117123326
Smp_171580	0.12215144826076
Smp_171600	0.0660454103736035
Smp_171610	0.0952473671523367
Smp_171620	0.0402666407963256
Smp_171630	0.058383464425174
Smp_171640	0.234027993585205
Smp_171660	0.0591865152996584
Smp_171670	0.0446359196638809
Smp_171680	0.186368331904186
Smp_171710	0.0265441701094451
Smp_171720	0.111867829447498
Smp_171730	0.468742500423077
Smp_171740	0.103857003016851
Smp_171750	0.223186722796019
Smp_171770	0.0777444083868427
Smp_171780	0.227002953278399
Smp_171790	0.15998180182657
Smp_171820	0.0939938124330221
Smp_171860	0.0876191513169269
Smp_171870	0.103770088888456
Smp_171880	0.0670409431584886
Smp_171940	0.1441534986185
Smp_172030	0.0156078780981936
Smp_172040	0.0806580265933771
Smp_172050	0.0394323442742077
Smp_172060	0.0317051149388836
Smp_172070	0.0564129067033422
Smp_172090	0.0495235339581093
Smp_172110	0.210588231895992
Smp_172120	0.0698771849011799
Smp_172130	0.186345668834032
Smp_172140	0.501597053450128
Smp_172150	1.0612169314851
Smp_172160	0.0242842818286618
Smp_172180	0.225737199825903
Smp_172190	0.0990646739474643
Smp_172200	0.0417596048044946
Smp_172210	0.110306427051899
Smp_172220	0.0381368376472018
Smp_172240	0.0683066469995197
Smp_172250	0.0928349188261185
Smp_172270	0.0363613641268339
Smp_172280	0.0663212703957211
Smp_172340	0.803788703239931
Smp_172360	0.151395124935412
Smp_172370	0.249444738451944
Smp_172400	0.034495811047884
Smp_172420	0.12708412231765
Smp_172440	0.899990892905171
Smp_172460	0.33329739348295
Smp_172470	0.165772695011036
Smp_172480	0.163031066467417
Smp_172490	0.0523164779905082
Smp_172510	0.0416213474218783
Smp_172520	0.367509753313271
Smp_172530	0.0464790457546108
Smp_172540	0.0314534748410919
Smp_172580	0.199706221841963
Smp_172590	0.195424816584741
Smp_172610	0.206114191485916
Smp_172640	0.178350349268385
Smp_172660	0.0303578879215295
Smp_172700	0.0841000080049663
Smp_172730	0.0164640291635195
Smp_172780	0.0464783281859018
Smp_172790	0.037955427055522
Smp_172810	0.15620578008115
Smp_172850	0.0659182303740131
Smp_172990	0.0776725938121243
Smp_173000	0.182375023071323
Smp_173010	0.5153912719734
Smp_173020	0.0899611870229951
Smp_173060	0.115298185288266
Smp_173100	0.166382592108586
Smp_173110	0.140342055970269
Smp_173120	0.0384419275394938
Smp_173140	0.0284246408826564
Smp_173150	0.0825171389762214
Smp_173160	2.36157640014537
Smp_173180	0.0344608315695318
Smp_173190	0.0776321402961255
Smp_173200	5.58498140753113
Smp_173210	0.0975499097419505
Smp_173230	0.0512570171108714
Smp_173240	0.119241189878711
Smp_173250	0.157591771086442
Smp_173280	0.0467144285164288
Smp_173320	0.168946822637287
Smp_173330	0.0296463753677441
Smp_173340	0.0737953205102367
Smp_173350	1.64561242787594
Smp_173380	0.146900611087056
Smp_173410	0.0470044124624885
Smp_173420	0.147234119210843
Smp_173480	0.179957531401231
Smp_173550	0.120871150141393
Smp_173580	0.0595554098652568
Smp_173610	0.233376597206786
Smp_173620	0.0473634442671338
Smp_173640	0.0872440010712738
Smp_173650	0.0684115074608767
Smp_173700	0.083365741541883
Smp_173730	0.0402921435513564
Smp_173760	0.135919420474175
Smp_173790	0.101243550856832
Smp_173810	0.0224549631018622
Smp_173840	0.0519868393613742
Smp_173880	0.0392663318670785
Smp_173900	0.0719004580714341
Smp_173910	0.259395638476426
Smp_173940	0.196437956497662
Smp_174060	9.56745282337729
Smp_174090	0.191433958854203
Smp_174110	0.112368131087324
Smp_174130	0.0814744038068316
Smp_174170	0.077180773639542
Smp_174190	0.250131717937434
Smp_174220	0.213602063684473
Smp_174230	0.0910462932539283
Smp_174240	0.26488788465467
Smp_174260	0.21911877646301
Smp_174300	0.0946132978704254
Smp_174310	0.0670719923808621
Smp_174320	0.140491882882825
Smp_174350	0.107721757072828
Smp_174370	0.0671452464548423
Smp_174380	0.104685651693554
Smp_174390	0.0295381356706623
Smp_174410	0.086441460377153
Smp_174420	0.0864758483800664
Smp_174450	0.117713141975249
Smp_174490	0.0425211636222223
Smp_174510	0.347788653824537
Smp_174520	0.505049846077825
Smp_174580	0.0525609082739121
Smp_174610	0.189617948460735
Smp_174630	0.255220233147368
Smp_174660	0.165917942590643
Smp_174670	0.055492735572862
Smp_174680	0.0762987300283112
Smp_174690	0.0301733540768616
Smp_174700	0.184844216611886
Smp_174710	0.0501680351650328
Smp_174720	0.0884758206194903
Smp_174780	0.50893423056742
Smp_174800	0.0291570250087041
Smp_174810	0.352467966484676
Smp_174850	0.0762740324536949
Smp_174870	0.201859978408896
Smp_174880	0.106439752219209
Smp_174890	0.0342859457398972
Smp_174920	0.105996154777365
Smp_174950	0.15345247848594
Smp_174960	0.228406881461514
Smp_174990	0.047927968161853
Smp_175020	0.187736516179923
Smp_175090	0.0711820044429788
Smp_175190	1.84692318144487
Smp_175200	0.0495906141293432
Smp_175210	0.100748913931121
Smp_175230	0.090866966121696
Smp_175240	0.476031222752347
Smp_175270	0.148334885412626
Smp_175310	0.214944123870527
Smp_175340	0.15127032484379
Smp_175390	0.443717976470009
Smp_175400	20
Smp_175410	0.371356909877406
Smp_175420	0.139182281446409
Smp_175430	0.0125562671659288
Smp_175500	0.18753905853676
Smp_175510	0.0912813366684804
Smp_175550	0.171171011098386
Smp_175570	0.0615814446433425
Smp_175580	0.146132351821543
Smp_175590	0.139437067980308
Smp_175610	0.0982355261569182
Smp_175630	0.621573593051416
Smp_175640	0.0536843307775802
Smp_175660	0.0617992680870666
Smp_175680	0.0311078051887628
Smp_175710	0.154766871317063
Smp_175740	0.125657160262826
Smp_175780	0.0819865824656389
Smp_175810	0.0702196711965121
Smp_175840	0.0743820128760296
Smp_175860	0.104862259756331
Smp_175880	1.60634154167311
Smp_175900	0.0888096161927242
Smp_175910	0.0480773771722111
Smp_175920	0.101690626289044
Smp_175930	0.120717440619146
Smp_175950	0.117607625119048
Smp_175980	0.0855640798287391
Smp_176000	0.146789605508309
Smp_176010	0.0606544938572491
Smp_176020	0.178402700418465
Smp_176040	0.0539493930518675
Smp_176050	0.103256313783017
Smp_176070	0.0867082856040282
Smp_176080	0.0904590817818819
Smp_176090	0.0346087754771919
Smp_176100	0.394540612153276
Smp_176110	0.189174444845815
Smp_176150	0.126595476622953
Smp_176180	6.71800515151058
Smp_176200	0.190070738167703
Smp_176230	0.109402188587487
Smp_176260	0.12022906080356
Smp_176270	0.0675097814329802
Smp_176290	0.0301934609168569
Smp_176300	0.346353353576846
Smp_176310	0.10820251934552
Smp_176340	0.0365215171275867
Smp_176350	0.113976402258958
Smp_176370	0.0699491724189575
Smp_176380	0.0236104010384404
Smp_176390	0.113574708488258
Smp_176410	0.127350178715081
Smp_176420	0.118810991257924
Smp_176430	0.0263797138029567
Smp_176440	0.0289566425561219
Smp_176460	0.0208890574919796
Smp_176490	0.0728980713063846
Smp_176540	0.109512852598128
Smp_176570	0.273980440943099
Smp_176580	0.14936924887921
Smp_176600	0.050974469822581
Smp_176620	0.0530169521397034
Smp_176630	0.0369257368821438
Smp_176640	0.0782879090114758
Smp_176650	0.0841868816302678
Smp_176710	0.118433896995794
Smp_176720	0.10371907897752
Smp_176750	0.0331075403973366
Smp_176760	0.0371540073823368
Smp_176780	0.130348037126411
Smp_176810	0.112573768370711
Smp_176820	0.227950631507847
Smp_176840	0.0450050310193818
Smp_176850	0.128278674589363
Smp_176910	0.143374325750807
Smp_176930	0.117296820121536
Smp_176940	0.0939421974704818
Smp_176950	0.116752433161981
Smp_176960	0.0777682837586751
Smp_176980	0.735600745765245
Smp_177010	0.606084215649338
Smp_177020	0.14101263926404
Smp_177040	0.10745820280179
Smp_177060	0.0533691338988697
Smp_177080	0.0280783427438655
Smp_177100	0.208504788584602
Smp_177120	0.0362265160309955
Smp_177180	0.0531693959472877
Smp_177290	0.96306521578533
Smp_177780	0.421638359392503
Smp_177790	0.0300276704907432
Smp_178170	3.31365434969609
Smp_178230	0.0999981396952449
Smp_178300	20
Smp_178360	0.121414867286233
Smp_178410	0.0346690172409017
Smp_178420	3.76534111293885
Smp_178490	0.0412629235303936
Smp_178700	0.0478777111701363
Smp_178710	0.0798276938281511
Smp_178740	0.237089960301153
Smp_178750	0.094180494333451
Smp_178760	0.402593288440982
Smp_178780	0.192026708442857
Smp_178810	0.0878711284613419
Smp_178850	0.0532378066962274
Smp_178990	0.136069693097528
Smp_179000	0.191458107602693
Smp_179010	0.0785565629092775
Smp_179070	0.0766623510789555
Smp_179080	0.0464608591792658
Smp_179110	0.301135739409781
Smp_179130	0.0881046975448957
Smp_179180	0.141230821270942
Smp_179200	0.847632825931833
Smp_179250	4.09014830589256
Smp_179270	0.123519589530486
Smp_179290	0.258204086092074
Smp_179300	0.141661849402424
Smp_179320	0.222706815289729
Smp_179350	0.213464628728832
Smp_179360	0.160019002589418
Smp_179380	0.0335239007056563
Smp_179460	0.0973967919511079
Smp_179490	0.121329998938798
Smp_179560	0.0769038667216509
Smp_179590	0.0622082851926371
Smp_179600	6.72055010954097
Smp_179610	0.109188836687962
Smp_179620	0.141070135781353
Smp_179650	0.0898547202277494
Smp_179660	0.148026123163846
Smp_179710	0.0722307259937021
Smp_179720	0.0723005187576084
Smp_179740	0.112459002645842
Smp_179810	0.121726130042498
Smp_179890	0.0345660110139254
Smp_179910	0.0581588235886021
Smp_179930	0.0419124938132061
Smp_179940	0.0582587135534482
Smp_179960	20
Smp_179970	0.764121621605355
Smp_180000	0.129734704384768
Smp_180020	0.0484956943390093
Smp_180030	1.09536431746928
Smp_180040	0.0509266760284372
Smp_180060	0.0530337969427688
Smp_180070	0.0475263239010077
Smp_180140	0.562283946595361
Smp_180150	0.113076166076205
Smp_180160	0.077709135731113
Smp_180170	0.0420630919342729
Smp_180180	0.179022500748513
Smp_180190	0.237305264657014
Smp_180200	0.0505533670836515
Smp_180240	0.054633291227301
Smp_180260	2.39463813475156
Smp_180320	1.50950994669964
Smp_180330	2.44562123056063
Smp_180340	2.66782623706091
Smp_180350	0.133948945144301
Smp_180360	0.0384831534394491
Smp_180370	0.273120203128768
Smp_180380	0.0282315812910796
Smp_180390	0.0677834417472959
Smp_180400	0.128336052062795
Smp_180430	0.150557263745637
Smp_180470	0.0283049285133777
Smp_180480	0.0717122592148883
Smp_180500	0.168106886079731
Smp_180520	0.0819438276705586
Smp_180540	0.0585318262453649
Smp_180570	0.232190187841213
Smp_180580	0.207015186636805
Smp_180590	0.218346776887119
Smp_180620	1.47871658229361
Smp_180660	0.170939541320941
Smp_180680	0.115118714611754
Smp_180690	0.216027279263493
Smp_180740	0.0574294571957612
Smp_180790	0.0664705059128327
Smp_180800	0.0988573006492333
Smp_180810	0.0853935364575211
Smp_180890	0.14023450791589
Smp_180900	0.152706176495977
Smp_180910	0.209003301909398
Smp_181000	0.0660804263807199
Smp_181040	0.10679704735632
Smp_181050	0.0420367473264629
Smp_181060	0.284977266754378
Smp_181070	0.274934790188924
Smp_181080	0.111282988068741
Smp_181090	0.172490830865473
Smp_181120	0.0443845651004791
Smp_181130	0.022025532383247
Smp_181150	0.068619824164281
Smp_181160	0.135684118924501
Smp_181170	0.0507817885859911
Smp_181180	0.0759423172336657
Smp_181230	0.0938060128008611
Smp_181240	0.0603171961490467
Smp_181250	0.248509267082806
Smp_181270	0.162954503792748
Smp_181290	0.052273807348019
Smp_181390	0.138647905106169
Smp_181410	0.159458817006851
Smp_181440	0.108108166541049
Smp_181450	0.132360085136632
Smp_181460	0.0994872600896328
Smp_181470	0.127790787959131
Smp_181480	0.0908888870255999
Smp_181490	0.141654128733237
Smp_181730	1.14286161947889
Smp_181870	0.393239672372867
Smp_182090	2.05309152829326
Smp_182600	0.591193881922375
Smp_182620	0.159592434288935
Smp_182890	0.387314474970472
Smp_183710	0.187802942579978
Smp_183870	9.469580287265
Smp_184350	0.386737799363178
Smp_185180	1.21914296917504
Smp_185420	0.214721792798892
Smp_185460	2.71301302952024
Smp_185560	1.57757173771316
Smp_185680	0.280336579853317
Smp_186560	0.0751344346931869
Smp_186670	0.313343710557232
Smp_186780	0.373879685893912
Smp_186920	0.496742686677594
Smp_186930	0.241220725974948
Smp_187090	0.683200789833878
Smp_187140	0.528855307007363
Smp_187190	0.0603746935394536
Smp_187360	0.226804734225421
Smp_187410	1.38780774443884
Smp_187800	0.0868082663617286
Smp_187940	0.0236361550708774
Smp_188200	0.391440277574779
Smp_188430	0.04734268107781
Smp_188580	0.17661397636699
Smp_189830	0.326112975066353
Smp_189960	0.0221093881025917
Smp_190020	0.117820367558622
Smp_190140	0.218168105718203
Smp_190770	0.0990280329878086
Smp_190940	0.411636349493711
Smp_191160	0.128185192884959
Smp_191210	0.122988524738297
Smp_191310	0.131648113869254
Smp_191360	0.0520250673984622
Smp_191400	0.447845352187181
Smp_191670	0.414375975784429
Smp_191870	0.06640640075525
Smp_191970	0.205553368291819
Smp_192010	1.84638308827056
Smp_192400	0.160998335904323
Smp_192570	0.226233715184342
Smp_192610	0.079492647378537
Smp_192670	0.310915565940488
Smp_192780	0.198398956081771
Smp_193150	0.106342874972207
Smp_193400	3.42889868383618
Smp_193440	0.109440403436656
Smp_193610	0.135057065357512
Smp_193680	1.65958237094016
Smp_193750	0.0700167049036904
Smp_193800	0.474992114981261
Smp_194030	0.0391787977614773
Smp_194040	0.492624471724835
Smp_194050	0.245615843645334
Smp_194090	0.0596600979682712
Smp_194100	11.6776761174428
Smp_194130	3.29417664441334
Smp_194160	0.0390938915307054
Smp_194170	0.106602952025973
Smp_194240	0.0391925154145397
Smp_194270	0.101433131760657
Smp_194280	0.188667400119668
Smp_194370	0.0274736167677322
Smp_194380	0.247457356716279
Smp_194390	0.165217899965217
Smp_194420	0.231807516939974
Smp_194430	0.333579313217597
Smp_194520	0.0917223626222039
Smp_194560	0.0660337387305061
Smp_194570	0.0506598620683122
Smp_194580	0.0399035491923366
Smp_194590	0.0239024902398441
Smp_194610	0.0691186121589601
Smp_194620	0.0656979446387473
Smp_194650	0.0720196520850214
Smp_194680	0.0835658590319408
Smp_194700	0.374162031599071
Smp_194710	0.0866604730955051
Smp_194720	0.400928195777622
Smp_194730	0.0697564358149448
Smp_194740	0.363107461690019
Smp_194750	1.85029587043069
Smp_194770	0.606625720981458
Smp_194780	0.0505314694965374
Smp_194800	0.0772880721033795
Smp_194820	0.208997165083406
Smp_194830	0.210578423487051
Smp_194840	0.235060837962619
Smp_194870	0.458839501652938
Smp_194900	0.0543548336322229
Smp_194910	0.291144095396392
Smp_194920	0.0409873606727709
Smp_194930	0.113391751734419
Smp_194940	0.0547193590993291
Smp_194970	1.23922517688376
Smp_194980	0.911659709384233
Smp_195060	0.244938919720674
Smp_195070	1.25629205323962
Smp_195080	0.111288947172651
Smp_195090	1.9527480357791
Smp_195190	0.730815641744265
Smp_196020	0.163551519316401
Smp_196030	0.0174896690430104
Smp_196040	0.0303444161269647
Smp_196090	0.0949931712448181
Smp_196110	0.0936468022878554
Smp_196140	0.0934104420993148
Smp_196150	0.0440287828051373
Smp_196160	0.0458627043761368
Smp_196220	0.113955375355234
Smp_196230	0.0416707515850666
Smp_196260	0.0286736944079818
Smp_196290	0.0319192095644684
Smp_196300	0.0418288996031399
Smp_196370	0.205153373570042
Smp_196400	0.0659552625505393
Smp_196410	0.0845966820610166
Smp_196480	0.0883554633823386
Smp_196510	0.0486809186868166
Smp_196600	0.132320355792831
Smp_196620	0.0736184257924093
Smp_196690	0.0933258228620032
Smp_196700	0.133730402206999
Smp_196790	0.118873995956809
Smp_196810	0.0814927882721856
Smp_196840	0.358975357712877
Smp_196880	0.0955105559869438
Smp_196900	0.547298052043595
Smp_196910	0.068593407283273
Smp_196920	0.0822192097740152
Smp_196925	1.02621410585573
Smp_196950	0.12351203644748
Smp_197070	0.161480011773779
Smp_197150	0.0880776842362083
Smp_197170	20
Smp_197180	0.0588084572298383
Smp_197230	0.0576324749352613
Smp_197370	0.284085049675003
Smp_197390	0.0289194334466566
Smp_197480	0.0271545537764699
Smp_197540	0.0342941130086981
Smp_197640	0.0841758729215084
Smp_197690	0.142293006240896
Smp_197700	0.423852052841961
Smp_197730	0.0622637859476373
Smp_197860	0.205247747673592
Smp_197880	0.120846854641558
Smp_197890	0.0628371454151539
Smp_197950	0.145548981266327
Smp_198020	0.181536389585496
Smp_198170	6.61155503484602
Smp_198190	0.0333146989912303
Smp_198290	0.0804878921078925
Smp_198330	0.0357051317156522
Smp_198360	0.0982815675292996
Smp_198380	0.037795815686932
Smp_198420	0.0701663588023477
Smp_198520	0.182587153355901
Smp_198530	0.0365191651948888
Smp_198560	0.249074931503454
Smp_198590	1.17358424278669
Smp_198660	0.185893038552515
Smp_198670	0.0324108076330839
Smp_198680	0.0555008166369845
Smp_198730	0.328158081474032
Smp_198750	0.0205063238709681
Smp_198790	0.0600676431434507
Smp_198800	0.0446626573894096
Smp_198850	0.0669544794275649
Smp_198890	0.131513561958546
Smp_198920	0.111487724075738
Smp_198930	0.34030392958974
Smp_198940	0.202465095097174
Smp_198980	0.100800749125437
Smp_199040	0.080278238554233
Smp_199050	0.0806432886364002
Smp_199100	0.0678073802814986
Smp_199340	0.343937750215469
Smp_199800	0.107547105555909
Smp_200020	0.211244228593654
Smp_200060	0.118297197645583
Smp_200090	0.287317525115555
Smp_200100	0.212366764618479
Smp_200110	0.201388942046211
Smp_200130	0.215989839772002
Smp_200180	0.164869831914029
Smp_200190	0.124689785562315
Smp_200230	0.313906184365402
Smp_200240	0.116220566952305
Smp_200300	0.170256696229521
Smp_200310	0.228274783050314
Smp_200380	0.135506755482417
Smp_200410	0.118830576582521
Smp_200440	0.209611013093128
Smp_200450	0.237633329571678
Smp_200460	0.607841166916262
Smp_200520	1.10060524560619
Smp_200530	0.0884793829644668
Smp_200540	0.860741609022664
Smp_200570	0.190218248771992
Smp_200600	0.773673065218892
Smp_200610	0.418638574508388
Smp_200620	1.08800115324442
Smp_200650	8.15229317615631
Smp_200670	0.212039643347539
Smp_200710	5.90993930933065
Smp_200770	8.67742623238724
Smp_200800	0.289093898350405
Smp_200820	14.227021379581
Smp_200840	0.564023430251239
Smp_200850	1.86153214286867
Smp_200900	0.277831343404438
Smp_200960	0.659571555744996
Smp_200970	4.79441859385473
Smp_200980	0.380087307976417
Smp_201000	3.81709456060513
Smp_201030	0.321782323888251
Smp_201060	0.171094658018842
Smp_201070	3.14509354034332
Smp_201130	0.276884724131828
Smp_201210	0.169035773776383
Smp_201220	0.0302760984813571
Smp_201230	0.345704402247748
Smp_201260	1.38480112360311
Smp_201330	0.0948009828998838
Smp_201340	2.30744164271148
Smp_201440	0.0831819158984787
Smp_201450	3.02056202380312
Smp_201470	0.206749250173934
Smp_201530	7.55858764498374
Smp_201600	0.300773884484671
Smp_201670	0.810315039640535
Smp_201680	0.322708472551216
Smp_201690	2.80898323244019
Smp_201700	0.0931174044665197
Smp_201730	0.357031000981662
Smp_201810	0.0982924857054951
Smp_201820	0.161365483892943
Smp_201940	3.84309325428463
Smp_201950	0.13388671882248
Smp_201970	0.285250108574199
Smp_202010	1.3611805411532
Smp_202120	0.366882606628426
Smp_202130	0.347828841917697
Smp_202170	0.263696412477985
Smp_202190	0.651275084630972
Smp_202200	1.70741232109483
Smp_202220	20
Smp_202260	0.314349729208986
Smp_202370	0.636393494866578
Smp_202400	0.11579150665042
Smp_202470	0.112941429507379
Smp_202580	0.973111720400831
Smp_202610	0.50894887464507
Smp_202620	0.140649849613706
Smp_202630	0.0498718857148074
Smp_202660	13.2298859812206
Smp_202680	0.0288607483455338
Smp_202690	0.143703809254386
Smp_202700	1.01298342070693
Smp_202720	0.270619083076434
Smp_202770	0.0518530301971278
Smp_202850	0.308945774035313
Smp_202920	0.138624810329179
Smp_202970	0.67870551592711
Smp_202980	0.244694286620507
Smp_202990	2.49127464024944
Smp_203010	1.14352291780099
Smp_203030	0.58818418931353
Smp_203090	5.81294662677818
Smp_203130	0.128493595959137
Smp_203170	0.304101983216777
Smp_203190	0.392439894455106
Smp_203200	0.225652403331018
Smp_203270	0.154835689651979
Smp_203280	0.0822249843315551
Smp_203310	0.18436024928954
Smp_203390	0.167303375004948
Smp_203400	0.150252330594349
Smp_203410	0.120111111338524
Smp_203460	1.94656781336768
Smp_203480	0.078147701891284
Smp_203500	0.155483422811004
Smp_203580	0.430266323966936
Smp_203600	0.0263988062560831
Smp_203630	0.319533696207751
Smp_203635	0.176424904409545
Smp_203680	0.563337020959738
Smp_203720	0.654225729541051
Smp_203810	0.0766709261679613
Smp_203830	0.227224056845861
Smp_203950	0.138216658294299
Smp_203970	0.042944762144499
Smp_203990	0.908798307307561
Smp_204010	0.0967267873165518
Smp_204020	0.592366399535849
Smp_204040	0.360151428176894
Smp_204060	0.282074119326031
Smp_204070	0.153169065161309
Smp_204120	0.269175635720905
Smp_204150	0.131658458147867
Smp_204160	0.0666117537814643
Smp_204230	0.327322423166958
Smp_204250	1.1841154183283
Smp_204260	0.110158429590453
Smp_204350	0.272424476382991
Smp_204380	0.106398430148354
Smp_204390	0.144843270331943
Smp_204420	3.42578067937818
Smp_204550	0.271810917794219
Smp_204690	5.37893457114238
Smp_204710	0.612167147737571
Smp_204720	0.253346668448909
Smp_204730	0.0815669342528383
Smp_204740	0.05491459759353
Smp_204750	0.056879693617599
Smp_204770	0.163675837449238
Smp_204820	5.60445513375309
Smp_204840	2.07674495529417
Smp_204860	8.36905431172502
Smp_204880	0.133738842037322
Smp_204920	0.134138907590638
Smp_204940	0.929213767955238
Smp_204980	0.567216081188599
Smp_205000	5.22159534202667
Smp_205170	0.621274109436449
Smp_205270	0.535560941020609
Smp_205300	11.9888517929053
Smp_205410	0.540020828920215
Smp_205560	0.928430022662656
Smp_205570	0.183143800753799
Smp_205660	0.203398864368691
Smp_205710	0.274303616337396
Smp_205760	0.168855442653581
Smp_205780	9.52709816285821
Smp_205840	0.122533666955216
Smp_207000	0.173815693420881
Smp_207020	0.0728152093316333
Smp_207030	0.0567563183111941
Smp_207040	0.172703627780005
Smp_207050	0.0458363755100331
Smp_207070	0.0609308694790405
Smp_207080	0.0900728742228931
Smp_208000	0.0925731614503345
Smp_208010	0.0690201589069309
Smp_208020	0.202698338611186
Smp_208050	0.0764782477914923
Smp_208080	0.0854090189167478
Smp_208090	0.159497672237526
Smp_209030	0.0310961340635501
Smp_209040	0.0593942228642746
Smp_209050	0.037347972495398
Smp_210070	0.0563147105582065
Smp_210080	0.0773444700410172
Smp_210090	0.0763423345491105
Smp_210120	0.34727661756555
Smp_210130	0.0407165543546767
Smp_210150	0.126427746259262
Smp_210160	0.0554674125358326
Smp_210170	0.0562740111725376
Smp_210180	0.143600129591122
Smp_210200	0.150135686262583
Smp_210250	0.0828845290455011
Smp_210280	0.0707096463759197
Smp_210300	0.129700360176717
Smp_210310	0.139443715831267
Smp_210320	0.0803919558875424
Smp_210330	0.0503980614871098
Smp_210340	0.034527096613414
Smp_210370	0.115362254708293
Smp_210380	0.0540736865148501
Smp_210390	0.786278770217761
Smp_210400	0.0610700967882153
Smp_210420	0.0381152195664031
Smp_210430	0.0900380121709409
Smp_210440	0.0387907751728535
Smp_210450	0.0301596666249846
Smp_210470	0.0142379725958222
Smp_210480	0.100068036079364
Smp_210500	0.0611776265950107
Smp_210510	0.0921311407010994
Smp_210520	0.03969026268061
Smp_210530	0.05774368482695
Smp_210540	0.0842569260619314
Smp_210550	0.0515392243843119
Smp_210570	0.0613501570590117
Smp_210580	0.0285654064495664
Smp_210630	0.0971659145738679
Smp_210650	0.15620124732393
Smp_210660	0.0284869916567514
Smp_210670	0.0283217662595704
Smp_210680	0.0273903071611454
Smp_210720	0.0625340492287032
Smp_210740	0.0563377412238741
Smp_210750	0.114283569789759
Smp_210770	0.0295264630777829
Smp_210780	0.133394648441815
Smp_210790	0.0319264579132379
Smp_210800	0.293214002980309
Smp_210810	0.0755385540615246
Smp_210820	0.10064214801968
Smp_210830	0.0829731520035015
Smp_210860	0.104215229417358
Smp_210890	0.0593489595645271
Smp_210900	0.0461101135368897
Smp_210920	0.155549100349138
Smp_210930	0.100876190672941
Smp_210940	0.116441240497926
Smp_210950	0.0347948482623414
Smp_210960	0.093818489737353
Smp_210970	0.118851208746911
Smp_210980	0.0868872684311403
Smp_211020	0.505251492415426
Smp_211030	0.0741109716980603
Smp_211040	0.115720518967356
Smp_211050	0.0138886164698122
Smp_211060	0.0419282874775301
Smp_211070	0.0702155034694367
Smp_211080	0.0727127867060566
Smp_211100	0.0265014529338338
Smp_211120	0.072066333447902
Smp_211130	0.0500316074259433
Smp_211140	0.0414891038852667
Smp_211150	0.0607435660299679
Smp_211160	0.0720886768383815
Smp_211170	0.045626998019684
Smp_211190	0.111339432887958
Smp_211200	0.0369946253588306
Smp_211250	0.182081054595652
Smp_211260	0.0286131104156798
Smp_211270	0.246407165266754
Smp_211280	0.0443337570963354
Smp_211300	0.0342642017794183
Smp_211320	0.0255180891425516
Smp_211330	0.122807987447688
Smp_212030	0.166082104518891
Smp_212060	0.0694914601378612
Smp_212080	0.0426271445859597
Smp_212140	0.069803631876784
Smp_212180	0.0664339481394379
Smp_212190	0.108921908582595
Smp_212200	0.072837735990857
Smp_212230	0.0517609766657062
Smp_212240	0.162947590640014
Smp_212250	0.214646756629813
Smp_212260	0.0393663674157155
Smp_212300	0.249608970648486
Smp_212310	0.0971636570586396
Smp_212340	0.0395807355633292
Smp_212350	0.34034218895958
Smp_212360	0.0500820915021779
Smp_212380	0.0725917537041994
Smp_212390	0.209935457503899
Smp_212410	0.0929643013917601
Smp_212490	0.0894069292606681
Smp_212540	0.0705408186784462
Smp_212560	0.18881024937307
Smp_212600	0.172590108312969
Smp_212710	0.640023006873208
Smp_212720	0.131014246374339
Smp_212730	0.206874826974291
Smp_212740	0.0909224746201414
Smp_212750	0.20413303036338
Smp_212760	0.490888015680232
Smp_212780	0.229398961946522
Smp_212830	0.0627439739540255
Smp_212840	0.179541891165037
Smp_212850	0.0933107375342797
Smp_212860	0.152710063306227
Smp_212870	0.0363235961350002
Smp_212880	0.0786994422323835
Smp_212890	0.0601800849721209
Smp_212900	0.0930852063177981
Smp_212910	0.0718605096748604
Smp_212920	0.0878578267683648
Smp_212930	0.0410156858630057
Smp_212940	0.0824681360079792
Smp_212960	0.114314299303492
Smp_212970	0.229845372990852
Smp_212990	0.03409194426833
Smp_213000	0.0742566738177535
Smp_213010	0.0717820157141183
Smp_213020	0.153882447418787
Smp_213030	0.0258191840170299
Smp_213040	0.0650466420791128
Smp_213050	0.0375125735258834
Smp_213060	0.0698583000315775
Smp_213070	0.0537523075984654
Smp_213080	0.0230027663941856
Smp_213100	0.0966647060968015
Smp_213110	0.0524355333681538
Smp_213120	0.0244199163096195
Smp_213130	0.195896602808542
Smp_213145	0.13687103571124
Smp_213150	0.057307561025996
Smp_213160	0.125018373916632
Smp_213170	0.0562466176132028
Smp_213180	0.128753678166958
Smp_213190	0.203876723342238
Smp_213200	0.0335534335877342
Smp_213210	0.0691309538908007
Smp_213220	0.11476573174204
Smp_213230	0.12536285735014
Smp_213240	0.046177447286631
Smp_213250	0.0711598436690662
Smp_213260	0.0428773106041404
Smp_213290	0.0250674288572964
Smp_213300	0.285685109227184
Smp_213320	0.0630411788769646
Smp_213340	0.0858851547440069
Smp_213350	0.0334848582327337
Smp_213360	0.216917361435322
Smp_213370	0.0648615868987991
Smp_213390	0.0318548413531693
Smp_213400	0.0848197961921089
Smp_213410	0.0758189687131383
Smp_213420	0.178056973084495
Smp_213440	0.0685030713960886
Smp_213450	0.0213945426328511
Smp_213480	0.227924598727145
Smp_213490	0.043864840554977
Smp_213500	0.216539544419799
Smp_213510	0.0766046053268958
Smp_213520	0.0593566904544038
Smp_213530	0.0807857232134271
Smp_213550	0.0805618290832336
Smp_213560	0.044029537068044
Smp_213570	0.0221885786787223
Smp_213590	0.0399875721863338
Smp_213600	0.0470097758791828
Smp_213610	0.0813793592551952
Smp_213620	0.138514114844613
Smp_213630	0.0721576421381303
Smp_213640	0.119161188000513
Smp_213650	0.108640180480573
Smp_213670	0.0887953348714998
Smp_213680	0.0471750461698854
Smp_213690	0.0474311263233032
Smp_213700	0.023529237958732
Smp_213710	0.151529927583181
Smp_213720	0.0312408592224776
Smp_213730	0.0457108530481114
Smp_213740	0.108351199270472
Smp_213750	0.0968282424218021
Smp_213760	0.113732470520578
Smp_213780	0.134615242660051
Smp_213790	0.108022254862223
Smp_213800	0.0387181592726645
Smp_213810	0.14480859855263
Smp_213840	2.06040986285169
Smp_213850	0.0357891367909157
Smp_213860	0.0773542629406625
Smp_213870	0.0789792113537031
Smp_213880	0.119692401513872
Smp_213900	0.416431164774246
Smp_213910	0.466489879273238
Smp_213920	0.0765521325563734
Smp_213930	0.0302673237099225
Smp_213960	0.0535940418745724
Smp_213970	0.0212073677219071
Smp_213980	0.112110511551219
Smp_213990	0.0886984671229174
Smp_214000	0.0515166024151188
Smp_214020	0.061194202210249
Smp_214030	0.0636582209589648
Smp_214040	0.0497442347635089
Smp_214050	0.0297222252875807
Smp_214060	0.0459404147818237
Smp_214070	0.0961247991069934
Smp_214080	0.0469157564961417
Smp_214090	0.125863271927793
Smp_214100	0.0247327516204109
Smp_214110	0.0496350255831158
Smp_214120	0.065642379034957
Smp_214130	0.0607381315596924
Smp_214140	0.0219759331210889
Smp_214170	0.0745296018869513
Smp_214180	0.105047099903087
Smp_214190	0.0763161315759711
Smp_214200	0.249335470076754
Smp_214210	0.305825736923371
Smp_214240	0.0766826834098465
Smp_214260	0.143650530236562
Smp_214290	0.154357957142365
Smp_214320	2.94939561717765
Smp_214350	0.0453655303852795
Smp_214370	0.228719127672044
Smp_214380	0.280929591146327
Smp_214390	0.560122774443737
Smp_241400	0.0813730321261799
Smp_241410	0.253207222266132
Smp_241420	0.0632259697335789
Smp_241430	0.157728636529434
Smp_241440	1.27536709193547
Smp_241450	0.0620228291867638
Smp_241460	0.082733920822945
Smp_241470	0.0623197204585997
Smp_241480	0.110388620105503
Smp_241490	0.118335412343765
Smp_241500	0.119081126011569
Smp_241510	0.0689530769331611
Smp_241570	0.121683514330432
Smp_241580	0.0760381594417929
Smp_241610	3.68559187104517
Smp_241620	0.96145723773683
Smp_241750	0.0314913220722892
Smp_241840	0.127177714086652
Smp_241860	0.0499895567041132
Smp_241950	0.240722856579191
Smp_241960	0.041669032853896
Smp_241980	0.162342382379476
Smp_241990	0.289307157301458
Smp_242060	0.0702720261911157
Smp_242110	0.133761559069582
Smp_242120	0.118090747430236
Smp_242130	0.0198132239784242
Smp_242140	0.0844373894480639
Smp_242200	0.154897762337138
Smp_242220	0.0694271243975029
Smp_242230	0.025384416599826
Smp_242240	0.278354448101838
Smp_242350	0.0983945380287633
Smp_242360	0.0252839792657918
Smp_242400	0.0781767264921996
Smp_242430	0.110045425525555
Smp_242440	0.135789914111806
Smp_242450	0.109522022284919
Smp_242500	0.144915734062662
Smp_242530	0.0541721526354027
Smp_242540	0.112855504956533
Smp_242630	0.150098867840283
Smp_242670	0.170087441782632
Smp_242680	0.026910804702234
Smp_242690	0.059143765813637
Smp_242740	0.258319755542801
Smp_242800	0.070339435233879
Smp_242830	0.0327510978654718
Smp_242850	0.395847383989729
Smp_242860	0.0576631254612462
Smp_242890	0.334870336162505
Smp_242910	0.432853449300029
Smp_242930	0.137874494704563
Smp_242960	0.426533496214885
Smp_243000	0.186250673134171
Smp_243040	0.200534159861149
Smp_243060	0.376417132910621
Smp_243140	0.09599494181598
Smp_243150	0.145388216857807
Smp_243170	0.134211350580926
Smp_243180	0.0358471388975906
Smp_243200	0.0678545902076611
Smp_243210	0.143646565693085
Smp_243300	0.0621143382386181
Smp_243630	0.0837190452182521
Smp_243660	0.0883837718600962
Smp_243670	0.0276121141963995
Smp_243680	0.0829637246961881
Smp_243690	0.42319638387789
Smp_243700	0.179864937856066
Smp_243720	0.0940412436869111
Smp_243730	0.651933317090559
Smp_243750	0.375120538501142
Smp_243760	0.34642976345019
Smp_243780	0.778360971954556
Smp_243790	1.02308376756118
Smp_243800	0.283600516632851
Smp_243810	0.307448895241251
Smp_243820	0.931705349788626
Smp_243830	0.168752823262742
Smp_243840	0.272716703886719
Smp_243850	0.168348735632405
Smp_243870	0.0269038666539505
Smp_243900	0.0953863096051124
Smp_243910	0.0660868085889843
Smp_243920	0.148965213080803
Smp_243930	0.291996996767708
Smp_243950	0.106505716944962
Smp_243960	0.0757308128660306
Smp_243970	0.169562960118687
Smp_244000	0.0825204849848568
Smp_244010	0.237668232970793
Smp_244020	0.0693305420891274
Smp_244030	0.159828281675208
Smp_244040	0.167951956335523
Smp_244070	0.098015122017953
Smp_244080	0.185257424546447
Smp_244090	0.209758601319572
Smp_244100	0.144842116703019
Smp_244110	0.774377168691367
Smp_244130	0.0169796427039734
Smp_244150	0.0647898342329511
Smp_244160	0.611310967352607
Smp_244170	0.164080147313614
Smp_244190	0.0960300734476475
Smp_244200	0.137127119521678
Smp_244210	0.0739369376778695
Smp_244220	0.0410536018708745
Smp_244230	0.172220800660198
Smp_244240	0.376529127354777
Smp_244250	0.110469277192991
Smp_244280	0.0461397651745061
Smp_244300	0.252529867469325
Smp_244310	0.0633088691245279
Smp_244320	0.104003057419498
Smp_244340	0.100824653714301
Smp_244350	0.0830035086717398
Smp_244360	0.159368090288946
Smp_244365	0.328229108122065
Smp_244370	0.0883078453256616
Smp_244380	0.171733591746832
Smp_244390	0.367294137100972
Smp_244400	0.128973453092992
Smp_244420	0.0730026847644503
Smp_244430	0.209668705278715
Smp_244440	0.125351143375832
Smp_244460	0.0585167717125997
Smp_244470	0.106786293011179
Smp_244480	0.173795903758435
Smp_244490	0.113908051922229
Smp_244510	0.165503984157217
Smp_244530	0.133127239882559
Smp_244560	0.621311381806971
Smp_244570	0.0667026806069322
Smp_244580	0.0731173913330552
Smp_244610	0.492073267837249
Smp_244620	0.0804090209620621
Smp_244630	0.0362744326661673
Smp_244640	0.150602222190197
Smp_244650	0.225371037895103
Smp_244670	0.246273757904808
Smp_244680	0.02469968985663
Smp_244690	0.0407394454138951
Smp_244700	0.0722154085915759
Smp_244710	0.0711337417507299
Smp_244750	0.390999257376045
Smp_244780	0.0606620226742358
Smp_244790	0.114955692794282
Smp_244800	0.0358065376477144
Smp_244810	2.18112875749431
Smp_244820	0.431196344655628
Smp_244830	0.0267318014556419
Smp_244840	0.0885332800790594
Smp_244860	0.173802669206182
Smp_244880	0.222384540167041
Smp_244890	0.207389860785111
Smp_244900	0.050653681104918
Smp_244920	0.139124680756214
Smp_244940	0.169059515686661
Smp_244950	0.0344861617422912
Smp_244960	0.506766060427562
Smp_244970	0.380665438850974
Smp_244980	0.365800073735539
Smp_245000	0.0432139707279388
Smp_245010	0.124967721531403
Smp_245030	0.0971349257872367
Smp_245040	0.388831754203513
Smp_245050	0.054152003224945
Smp_245060	0.217862771775717
Smp_245090	0.414398639345631
Smp_245100	0.153507146377616
Smp_245110	0.131918146482331
Smp_245120	0.231051659612966
Smp_245140	0.34729498241113
Smp_245150	0.266507839349142
Smp_245160	0.217421470401514
Smp_245170	0.172077578923411
Smp_245200	0.0975477426299076
Smp_245220	0.159265893321148
Smp_245230	0.161661751140979
Smp_245240	0.165318144292235
Smp_245250	0.0674043818740065
Smp_245260	0.196357902723521
Smp_245280	0.0779050381776606
Smp_245290	0.204781315395692
Smp_245300	0.0310097604175485
Smp_245310	0.116759150991897
Smp_245320	0.0561251743309674
Smp_245330	0.12019939999453
Smp_245350	0.0861746673230576
Smp_245360	0.0287234945378158
Smp_245370	0.0498661426101834
Smp_245380	0.133055250838281
Smp_245400	0.0444675072172208
Smp_245420	0.0231282423699286
Smp_245450	0.0658560741335881
Smp_245470	0.126328169921104
Smp_245480	0.146417195337023
Smp_245490	0.0899727747154329
Smp_245510	0.0745135353574472
Smp_245520	0.120346061481737
Smp_245530	0.263193038706179
Smp_245540	0.175823168036491
Smp_245550	0.249391440376287
Smp_245560	0.0583035961289805
Smp_245580	0.11183139334989
Smp_245590	0.0660627108312989
Smp_245600	0.0736008357220319
Smp_245610	0.168188464088797
Smp_245630	0.17174638616346
Smp_245660	0.362412736356225
Smp_245670	0.0915979807949574
Smp_245680	0.147890012907282
Smp_245690	0.56877672475319
Smp_245710	0.0895843756725403
Smp_245720	0.247447891185425
Smp_245730	0.0379119685668301
Smp_245740	0.123421768379136
Smp_245750	0.155494564361946
Smp_245770	0.147707644039355
Smp_245780	0.0537531694545615
Smp_245790	0.131365993755591
Smp_245800	0.137916020931069
Smp_245810	0.464138758701336
Smp_245815	0.225178519676201
Smp_245820	0.239662904065375
Smp_245830	0.240149369635679
Smp_245840	0.0991729923192478
Smp_245850	0.108907477445433
Smp_245860	0.0924700512810839
Smp_245870	0.115383168555143
Smp_245890	0.056800443752273
Smp_245900	0.0625786647592943
Smp_245910	0.0405856601478689
Smp_245920	0.0514661394415972
Smp_245940	0.483125737755319
Smp_245950	0.0361757750855455
Smp_245960	0.131568566922939
Smp_245970	0.178397079329346
Smp_245980	0.309828958147823
Smp_245990	0.133787277465388
Smp_246000	0.108257766347424
Smp_246010	0.103898931866301
Smp_246020	0.0421534051874081
Smp_246030	0.0611754127553634
Smp_246040	0.0333109451551084
Smp_246050	0.0775450550424387
Smp_246060	0.0780196655114843
Smp_246100	0.175235860703361
Smp_246110	0.0575200307266497
Smp_246130	0.441066748706786
Smp_246140	0.0492456304303037
Smp_246150	0.238281931332945
Smp_246160	0.179195647185329
Smp_246230	0.186014312633948
Smp_246240	0.391042904350637
Smp_246260	0.0655220471116421
Smp_246270	0.0645658851668436
Smp_246290	0.0748428060896559
Smp_246300	0.0759009949335083
Smp_246330	0.119982209023488
Smp_246340	0.0765677018287074
Smp_246350	0.0834010794136532
Smp_246360	0.0236945893665042
Smp_246380	0.413475525802825
Smp_246400	0.318433818032819
Smp_246410	0.156111777367287
Smp_246430	0.101859383194293
Smp_246440	0.271532306115286
Smp_246450	0.142150219422822
Smp_246460	0.0670293860404898
Smp_246470	0.0423817581945575
Smp_246500	1.09011315356893
Smp_246510	0.0230108196841728
Smp_246520	0.0543211844593406
Smp_246530	0.0264454747439583
Smp_246540	0.0693040486920335
Smp_246550	0.0952590065999008
Smp_246560	0.185151786920922
Smp_246570	0.159716683423949
Smp_246600	0.115774666714864
Smp_246610	0.0819084070059264
Smp_246620	0.170235429632225
Smp_246630	0.271839460860654
Smp_246650	0.121913200174416
Smp_246660	0.132039227447418
Smp_246670	0.0495716359461242
Smp_246680	0.0237909304924895
Smp_246690	0.147382254943588
Smp_246700	0.126189986722527
Smp_246710	0.0511343994746794
Smp_246770	6.89350662241842
Smp_246790	0.0954436904386814
Smp_246800	0.0589708266595457
Smp_246820	0.163050463103154
Smp_246840	0.11255372605404
Smp_246850	1.24220898191772
Smp_246870	0.117788220314939
Smp_246880	0.064714040696084
Smp_246890	0.0960868750240005
Smp_246900	0.0796229843930103
Smp_246920	0.123681960204946
Smp_246940	0.0678730749961613
Smp_246950	0.121843231352716
Smp_246970	0.0818009088851439
Smp_246990	0.0794879510206401
Smp_247020	0.574564475402264
Smp_247030	0.217267227990379
Smp_247050	0.839827262749682
Smp_247070	2.95354474354887
Smp_247080	0.89198165863254
Smp_247150	0.0632791113205763
Smp_247160	0.0277244947212734
Smp_247170	0.0686450860798618
Smp_247180	0.142036392823633
Smp_247190	0.0772664562576725
Smp_247200	0.174308859090484
Smp_247210	7.15790735311272
Smp_247220	0.09373427872596
Smp_247230	0.0801725344209124
Smp_247240	0.0623477959596346
Smp_247250	0.034801591240312
Smp_247260	0.176645521288978
Smp_247270	0.0162011508997788
Smp_247280	0.304802693479731
Smp_247290	0.102652289106401
Smp_247300	2.11348872638646
Smp_247310	0.299050363358166
Smp_247320	0.237240604026362
Smp_247330	0.30603331073158
Smp_247350	0.136347494678635
Smp_247360	0.185459521225633
Smp_247370	0.0591308374786327
Smp_247380	0.0725373532643252
Smp_247390	0.0550694969676777
Smp_247400	0.0444126815068217
Smp_247410	0.171932796838931
Smp_247420	0.0328636741984414
Smp_247430	0.199871525179608
Smp_247440	0.0621880750082872
Smp_247450	0.0724637757199956
Smp_247460	0.192002098556372
Smp_247470	0.0421117931361095
Smp_247480	0.119651744381153
Smp_247520	0.0378498635528381
Smp_247530	0.154298329340899
Smp_247540	0.04051570772985
Smp_247560	0.0173871130511712
Smp_247570	0.0527699206633755
Smp_247580	0.0617378515929691
Smp_247590	0.165763624677085
Smp_247600	0.228862701929481
Smp_247620	0.0694158356206457
Smp_247630	0.0692515745395208
Smp_247640	0.0355904901366711
Smp_247650	0.0998031828848663
Smp_247670	0.0713178121916854
Smp_247680	0.183230833518948
Smp_247700	0.215224944678884
Smp_247710	0.0773773339488074
Smp_247720	0.0428991104091045
Smp_247740	0.0632688483216052
Smp_247750	0.496101187802311
Smp_247760	0.225014774627643
Smp_247770	0.0992212376064253
Smp_247780	0.0885887932675885
Smp_247790	0.247141285791044
Smp_247800	0.123484132619829
Smp_247810	0.107077984439005
Smp_247820	0.0998207125912715
Smp_247830	0.116733629187119
Smp_247850	0.36572706768846
Smp_247860	0.331280104561818
Smp_247870	0.0839436619212532
Smp_247880	0.0635538825486512
Smp_247890	0.0323485813336659
Smp_247920	0.177003735751087
Smp_247930	0.167020475587767
Smp_247940	0.235172750875917
Smp_247950	0.186104929810909
Smp_247980	0.342969714779404
Smp_248000	0.0807647576056491
Smp_248010	0.0877289236985119
Smp_248020	0.126842532858961
Smp_248030	0.0862362402662743
Smp_248070	0.0681983332262828
Smp_248080	0.17542868964853
Smp_248090	0.276317314218784
Smp_248100	0.483983491975945
Smp_248110	0.0462699740205513
Smp_248120	0.0877444235943488
Smp_248130	0.0769994274424175
Smp_248140	0.0271250919989727
Smp_248150	0.609018407204418
Smp_248160	0.196909397350784
Smp_248170	0.123324532767001
Smp_248180	0.121941416748413
Smp_248190	0.0779389644592077
Smp_248200	0.0706368839692958
Smp_266720	0.0455879045697925
Smp_266740	0.182883480569543
Smp_266750	0.264532750980846
Smp_266760	0.0897648926096363
Smp_266770	0.0782197987608123
Smp_266790	0.0880322539882158
Smp_266800	0.241211612717347
Smp_266810	0.103971933196919
Smp_266820	0.139708715743071
Smp_266830	0.130243107062835
Smp_266840	0.124886600144703
Smp_266850	0.106431403022116
Smp_266870	0.113092134839124
Smp_266890	0.103089675489855
Smp_266900	0.0842249018472808
Smp_266920	0.117061619297152
Smp_266930	0.0618817353334532
Smp_266940	0.226882555692434
Smp_266960	0.117414007362654
Smp_266980	0.0927058876452817
Smp_267000	0.0463578999604325
Smp_267010	0.150722701834802
Smp_267020	0.0314352438228136
Smp_267040	0.0722892088910224
Smp_267060	0.0573248008671158
Smp_267070	0.361327934160749
Smp_267080	0.323753965958561
Smp_267090	0.0342203289175635
Smp_267100	0.025602621005878
Smp_267110	0.0700789917511679
Smp_267120	0.0660034601753672
Smp_267130	0.172580345852058
Smp_267140	0.0577052630375548
Smp_267170	0.0626661036240538
Smp_267180	0.0497293600253931
Smp_267190	0.0677034556028855
Smp_267210	0.170224837224447
Smp_267220	0.118205610663375
Smp_267230	0.0683450099611087
Smp_267240	0.0601761263711558
Smp_267250	0.0424808047766571
Smp_267270	0.0739507962677478
Smp_267280	0.0265890426852347
Smp_267300	0.0429841885067683
Smp_267310	0.138333512801246
Smp_267320	0.191301159751719
Smp_300070	0.220335977603615
Smp_300080	0.189600200062686
Smp_300090	0.239500139655588
Smp_300150	0.167709976669944
Smp_300200	0.0391343481753586
Smp_300210	0.406702938514764
Smp_300220	0.167175807466415
Smp_300310	0.761782863285955
Smp_300370	20
Smp_300380	0.105570596815954
Smp_300390	0.335611043966883
Smp_300410	0.474630377055854
Smp_300490	0.144041613907175
Smp_300500	0.131147798473414
Smp_300560	0.381528393447028
Smp_300570	0.388285989601448
Smp_300580	0.0879359773866472
Smp_300710	0.0609001169786105
Smp_300720	0.287449340465958
Smp_300770	0.361630111111026
Smp_300790	0.278156868611556
Smp_300810	0.0606476433905852
Smp_300840	0.205846659571157
Smp_300910	0.103129738114774
Smp_300940	0.132972673184926
Smp_300990	0.0699975687191253
Smp_301040	0.042736133903463
Smp_301050	0.17259403615725
Smp_301160	0.0834416969606226
Smp_301170	0.0979534413803866
Smp_301250	0.0875873271803407
Smp_301260	0.0524525744909694
Smp_301330	0.0703118958803361
Smp_301340	0.0641452290381835
Smp_301420	0.0902913645169933
Smp_301430	0.572064451735192
Smp_301530	0.242661047328699
Smp_301550	0.280706028292474
Smp_301570	0.265329555565515
Smp_301610	0.149346356466299
Smp_301620	0.0710138365224521
Smp_301660	0.321019079672626
Smp_301670	0.0621028905506105
Smp_301730	0.176193701945103
Smp_301740	0.241024774536576
Smp_301780	0.203565240574574
Smp_301790	1.17611026507642
Smp_301800	0.114807963870215
Smp_301990	0.076846785365386
Smp_302020	0.947387288915932
Smp_302030	0.772558047636039
Smp_302040	0.0314181616661065
Smp_302090	0.224675858358419
Smp_302140	0.106113254707134
Smp_302170	1.51996833564792
Smp_302180	2.06552322682994
Smp_302230	0.0562719855490661
Smp_302270	0.194115473439938
Smp_302280	0.743925228256565
Smp_302290	0.159766739227727
Smp_302310	1.28571094480201
Smp_302320	0.456992787629159
Smp_302330	0.0701878912156503
Smp_302350	9.76305141763056
Smp_302360	0.0795580055229629
Smp_302370	0.298800018999689
Smp_302410	0.104540179888656
Smp_302450	0.120101018363914
Smp_302460	0.06918441576418
Smp_302470	0.0201855889016021
Smp_302480	0.0633535485551626
Smp_302650	0.207506131231456
Smp_302740	0.111992570582346
Smp_302800	0.143185822227458
Smp_302810	1.13976909157418
Smp_302830	0.676947029490755
Smp_302850	0.0457240178908292
Smp_302860	0.14032194119878
Smp_302870	0.427569021711725
Smp_302880	0.110337505341208
Smp_302910	0.513173664575593
Smp_302920	0.0745016289807281
Smp_302930	0.129364060234674
Smp_302950	0.0521043319370845
Smp_302970	0.0772695492820128
Smp_302980	0.588358584299178
Smp_302990	0.593136011031728
Smp_303000	0.200933434953046
Smp_303010	1.07551311577195
Smp_303070	1.60643660591556
Smp_303120	0.0735037084731144
Smp_303270	0.283487825631211
Smp_303280	4.36626848230914
Smp_303290	0.237193717935781
Smp_303300	0.0683918183994704
Smp_303310	0.380141043256613
Smp_303320	0.321921258882926
Smp_303330	0.174595575778935
Smp_303350	20
Smp_303390	0.64474056917886
Smp_303400	1.70500212965248
Smp_303410	2.13420905805179
Smp_303420	0.304858735911653
Smp_303430	0.0509825060919296
Smp_303450	1.33253712773202
Smp_303540	0.118929678441155
Smp_303550	0.315546862641282
Smp_303690	1.46837067752262
Smp_303760	0.408683115676981
Smp_303770	0.026669014429481
Smp_303910	0.214970417436541
Smp_303920	0.516037219376916
Smp_303940	0.183610882422303
Smp_303970	0.53659706597241
Smp_303980	0.5222096873241
Smp_304030	0.129356577298876
Smp_304040	2.59264384483651
Smp_304060	1.02917520393082
Smp_304090	0.102957778702399
Smp_304130	0.110948991899005
Smp_304140	0.148472604864033
Smp_304220	17.6738543356162
Smp_304250	0.105670008971907
Smp_304260	0.0658845510070971
Smp_304320	0.0424542179249083
Smp_304360	0.0506877378947657
Smp_304370	0.0578442769241539
Smp_304380	0.0399922423228459
Smp_304450	0.104006016144684
Smp_304460	0.107620479772467
Smp_304500	0.120753577279137
Smp_304660	0.329877045809983
Smp_304710	0.430959342213695
Smp_304720	0.235186190402608
Smp_304800	0.0387074312025407
Smp_304840	0.0755378938393335
Smp_304860	0.895118841641393
Smp_304870	0.0489215170458327
Smp_304880	0.198093391974132
Smp_304890	0.0422400466375067
Smp_304900	0.0579941007465815
Smp_304910	0.0354729416466115
Smp_304960	0.164517993027169
Smp_304980	0.222523406446413
Smp_305030	0.0606444346508537
Smp_305050	0.134724631038346
Smp_305060	0.454858232542856
Smp_305070	0.0385597861423956
Smp_305100	0.0519044494152807
Smp_305110	0.992985501241605
Smp_305120	0.0449730177695526
Smp_305130	0.185402659989136
Smp_305200	2.95662327719681
Smp_305210	0.0863943836040505
Smp_305220	0.0898290322032881
Smp_305350	0.154418398231932
Smp_305400	0.0740124894175771
Smp_305430	0.0935669353873196
Smp_305460	1.55478150062155
Smp_305490	0.0771845409420703
Smp_305550	0.0993699619244054
Smp_305560	0.0179390074775939
Smp_305590	0.605488108743371
Smp_305620	19.3373359348743
Smp_305690	0.0432755047067516
Smp_305720	0.442690958099212
Smp_305730	0.597860808654202
Smp_305740	0.119506922327219
Smp_305760	0.0766971225137365
Smp_305770	0.113540732705826
Smp_305800	0.116801468885731
Smp_305870	0.216613781933629
Smp_305875	0.163567650233877
Smp_305920	0.231318366563081
Smp_306080	0.111980714073583
Smp_306140	0.0335404033372446
Smp_306180	0.465468390573996
Smp_306200	0.117326715807571
Smp_306210	0.309539510871818
Smp_306230	0.0329551334697646
Smp_306240	0.0671321447125793
Smp_306270	0.0624969579642353
Smp_306290	0.0759335387875757
Smp_306300	0.0692876911145573
Smp_306320	0.398213468043249
Smp_306350	7.70730894957466
Smp_306360	0.119768004760201
Smp_306370	0.0599439754175453
Smp_306440	0.0244195537246038
Smp_306450	0.172144730041285
Smp_306580	0.19266347321675
Smp_306600	0.19600337413624
Smp_306610	0.752208943694823
Smp_306630	0.0374099731660264
Smp_306640	0.0324667273139168
Smp_306680	9.21259440762758
Smp_306690	17.0195401502071
Smp_306710	0.189434113543854
Smp_306720	20
Smp_306730	0.0348446049880869
Smp_306740	0.11135468912384
Smp_306750	0.0529383121641455
Smp_306800	0.0796466286786113
Smp_306810	0.102929723755528
Smp_306840	0.887103661831973
Smp_306850	2.79785643167657
Smp_306910	0.285200348220537
Smp_306920	1.59759180941843
Smp_306930	2.25462218373611
Smp_306960	1.71803900480095
Smp_306970	2.70980516755675
Smp_306980	0.118975500581302
Smp_306990	0.173674274377408
Smp_307000	0.209001585596789
Smp_307010	0.209077919074357
Smp_307020	0.0855622087963789
Smp_307060	0.0354890494466204
Smp_307070	0.163311898145456
Smp_307080	0.0637619331568604
Smp_307090	0.108356561127956
Smp_307170	0.565994971248857
Smp_307210	0.838329032558955
Smp_307220	0.190903014650922
Smp_307240	0.144212808940787
Smp_307260	0.324285313395506
Smp_307270	0.127879391786843
Smp_307330	0.0666029869097328
Smp_307600	0.316680524706461
Smp_307650	0.361155926462991
Smp_307730	0.0681917126691792
Smp_307780	0.09065445244694
Smp_307800	0.0827153844065711
Smp_307810	0.0414027114405235
Smp_307840	0.446231678781552
Smp_307880	0.159234135677698
Smp_307950	0.0697688764186954
Smp_307960	0.0468162928281477
Smp_308030	3.11835770663681
Smp_308040	1.83947675740678
Smp_308060	0.306103099905821
Smp_308100	0.0615472314730755
Smp_308110	0.049692907122285
Smp_308140	1.75534841246285
Smp_308145	0.276390858228311
Smp_308260	0.158651082394598
Smp_308270	0.0733124742774794
Smp_308310	0.161452279143778
Smp_308350	0.0436635485369301
Smp_308360	0.0155303971268398
Smp_308370	0.142827916722093
Smp_308420	0.0756341314467194
Smp_308440	0.0714083424835566
Smp_308470	1.22115817087425
Smp_308480	3.29552406638358
Smp_308490	0.650964342259134
Smp_308550	0.0376706419234566
Smp_308590	0.098586146451801
Smp_308600	0.0609373715661197
Smp_308630	0.0423100594948066
Smp_308680	0.0814589128109881
Smp_308700	10.8624396578328
Smp_308750	1.24757728302179
Smp_308755	20
Smp_308760	0.683582393852433
Smp_308820	0.445649496820912
Smp_308830	0.146765586547577
Smp_308910	0.897892829247461
Smp_308930	0.330234465553916
Smp_308940	0.209405906701771
Smp_308980	0.176490121328577
Smp_309000	0.896783405920766
Smp_309090	6.50978894255797
Smp_309100	0.392265511408263
Smp_309110	0.0549626376838938
Smp_309120	4.21386058195654
Smp_309140	0.834045270703407
Smp_309210	0.139755698551747
Smp_309220	0.0444786788495572
Smp_309240	0.103245778419391
Smp_309350	0.0557133069695218
Smp_309355	0.0516180178664185
Smp_309360	0.0451239355776017
Smp_309430	0.0929879453388762
Smp_309480	0.278658973558278
Smp_309500	3.86511127148518
Smp_309510	1.43865091901333
Smp_309540	0.444103603051932
Smp_309570	2.82533525982977
Smp_309580	5.15499031430958
Smp_309590	0.0521446100305972
Smp_309610	0.149674628982728
Smp_309660	0.052443854671902
Smp_309670	0.0630643436523609
Smp_309680	0.0862669586445402
Smp_309690	0.231916347596172
Smp_309700	2.31866792498482
Smp_309710	0.163424430561501
Smp_309720	0.446078161201473
Smp_309730	13.0155862228339
Smp_309740	10.4421860938416
Smp_309860	0.056685804435119
Smp_309950	0.186669224653895
Smp_309960	0.197018791976389
Smp_309970	0.0672415640604887
Smp_309980	0.225323064550232
Smp_309990	0.360569824967654
Smp_310040	0.480395086811649
Smp_310050	0.20598360916161
Smp_310080	0.238872254733312
Smp_310090	1.91145278557085
Smp_310140	0.0469890394592947
Smp_310150	6.91570610803853
Smp_310170	0.389142868140287
Smp_310180	0.150515308488802
Smp_310210	0.173319678796289
Smp_310230	1.3188013387063
Smp_310240	0.0635851368346508
Smp_310260	0.0765326614812518
Smp_310430	0.110601786848992
Smp_310470	0.111605145517343
Smp_310500	0.157912300400539
Smp_310510	0.308047395042234
Smp_310520	0.0572901232397044
Smp_310550	0.287032940869049
Smp_310580	0.75438213510544
Smp_310600	1.26591725781578
Smp_310620	0.0653773142985677
Smp_310650	0.0909386576215077
Smp_310740	1.90329787885485
Smp_310750	0.240467582553336
Smp_310760	0.487573842121291
Smp_310770	0.0943153300751985
Smp_310820	0.171271033707773
Smp_310830	0.0414893871694692
Smp_310870	0.0796462724274374
Smp_310880	0.304500883461428
Smp_310920	0.0502927033320665
Smp_310930	0.0686805063763692
Smp_310950	0.268527215045346
Smp_310980	0.0348376824699543
Smp_311010	0.0451668437763033
Smp_311050	0.0296918757690754
Smp_311150	0.0305619794784286
Smp_311170	0.185664648335721
Smp_311200	0.161992880515503
Smp_311310	0.156722735304451
Smp_311350	0.0916581682473515
Smp_311360	0.118333778257797
Smp_311440	0.117301075739362
Smp_311480	1.18280008611453
Smp_311490	0.292776208171557
Smp_311520	0.100509873943352
Smp_311580	0.0655262727287431
Smp_311610	0.0448323211399395
Smp_311630	0.526688103914418
Smp_311640	0.582234922996898
Smp_311650	0.143605755254736
Smp_311670	0.845626329892249
Smp_311700	2.60443330597285
Smp_311770	0.0522919992642429
Smp_311780	0.0562350360824448
Smp_311790	0.183305577836889
Smp_311860	0.241966692043906
Smp_311870	0.44882412658148
Smp_311890	1.08029914222592
Smp_311920	0.0420617855965095
Smp_311940	0.100474786932002
Smp_311970	0.0673060185803658
Smp_311980	0.411792263046268
Smp_312010	0.276059386932968
Smp_312150	0.267989989560144
Smp_312230	0.149266690019822
Smp_312360	0.0516069318739903
Smp_312390	0.406824225377488
Smp_312440	1.60952456985707
Smp_312450	1.7796202584775
Smp_312460	0.511479249129649
Smp_312560	0.267661737031546
Smp_312580	1.65593770954518
Smp_312610	0.0661133534889574
Smp_312620	0.117194466648498
Smp_312630	0.171809397121215
Smp_312640	0.968342173333134
Smp_312650	15.4369494855461
Smp_312660	0.054448457350439
Smp_312720	0.105518559920408
Smp_312730	0.551720757467403
Smp_312760	0.0156390032806124
Smp_312770	0.039211054928498
Smp_312820	0.055853204959335
Smp_312850	0.109856075061507
Smp_312860	2.98441187113563
Smp_312870	0.0849740860001882
Smp_312880	0.0603563976522881
Smp_312900	0.190895429639275
Smp_312910	0.0621175028145426
Smp_312920	0.0534153992016224
Smp_312950	0.0503091112533086
Smp_312990	0.0910281165114994
Smp_313100	1.39040718885221
Smp_313110	0.657719001061103
Smp_313210	0.0420711664562313
Smp_313310	0.182351950102829
Smp_313320	0.0680586352954327
Smp_313330	0.595431254188406
Smp_313440	0.102664124198355
Smp_313450	0.0749662562399799
Smp_313490	0.248403908122099
Smp_313530	0.958662443392112
Smp_313540	0.394210508327544
Smp_313560	0.121658085776838
Smp_313630	0.281381150715155
Smp_313640	0.071444827775134
Smp_313730	0.099688375295291
Smp_313740	20
Smp_313750	20
Smp_313760	0.844169102813669
Smp_313810	0.0969523247973564
Smp_313830	0.871835947847484
Smp_313840	0.195587486664352
Smp_313980	0.226694437777566
Smp_313990	0.350419253274738
Smp_314000	0.544106895601255
Smp_314010	0.891979305257791
Smp_314030	0.429020926324855
Smp_314170	1.20491288793572
Smp_314200	0.0322661478979492
Smp_314210	0.112067740618672
Smp_314220	0.121074074949465
Smp_314240	0.048522650441945
Smp_314250	1.81414060551018
Smp_314280	0.0887123524053732
Smp_314290	12.4321321021456
Smp_314310	0.0427632016367836
Smp_314320	0.157989451062694
Smp_314350	1.27848160836686
Smp_314360	0.374577914024102
Smp_314500	0.209961015077364
Smp_314620	0.0682960654246618
Smp_314630	0.0679173926893098
Smp_314640	0.27785570290085
Smp_314650	0.542845349395706
Smp_314660	0.562683319706066
Smp_314670	20
Smp_314730	0.787416086720311
Smp_314740	0.232034637301462
Smp_314750	0.367125550078204
Smp_314790	1.59019152561399
Smp_314800	0.450836133253576
Smp_314990	0.161198929651545
Smp_315000	0.201101503046108
Smp_315010	0.0227422348617275
Smp_315060	0.39172030253769
Smp_315070	0.14393764686078
Smp_315110	0.051772181867201
Smp_315140	0.776755673807716
Smp_315230	0.320364314815766
Smp_315360	0.132351575124212
Smp_315420	0.16599455644314
Smp_315480	0.484485188411396
Smp_315490	0.0373106774561935
Smp_315500	1.57395622164929
Smp_315510	1.98615756757848
Smp_315560	0.209975116235508
Smp_315570	0.240354203395476
Smp_315580	0.0765165171107124
Smp_315600	0.143292033731946
Smp_315610	0.266448828484098
Smp_315650	0.29280916935118
Smp_315690	1.73694026537165
Smp_315700	0.1950136103481
Smp_315710	0.0713545293071278
Smp_315720	0.335394183126966
Smp_315730	0.181583954173833
Smp_315740	0.11610407392761
Smp_315750	0.0596176714476656
Smp_315760	0.0701797687194671
Smp_315770	0.0585284889601487
Smp_315780	0.124295772941466
Smp_315790	0.248251936544359
Smp_315800	0.0933656778087669
Smp_315810	0.285950684995123
Smp_315820	0.0810241718752324
Smp_315830	0.126781063546585
Smp_315840	0.0785381579016198
Smp_315850	0.0661773868419672
Smp_315860	0.176246203139028
Smp_315870	0.0365953371321418
Smp_315880	0.245622196675741
Smp_315890	0.0764611611272393
Smp_315900	0.104255921647327
Smp_315910	0.055412725687083
Smp_315980	0.0451085876189213
Smp_315990	0.0425873323321223
Smp_316000	0.0834832719154772
Smp_316020	0.127043654534987
Smp_316080	0.213205644221127
Smp_316090	0.191759355810598
Smp_316100	0.0747881133702985
Smp_316110	0.0560080826579232
Smp_316120	0.135839340793443
Smp_316130	1.14802886397392
Smp_316140	20
Smp_316180	0.0892474103533893
Smp_316210	0.774356452388769
Smp_316220	0.635507533341554
Smp_316230	0.612747152280935
Smp_316240	0.872932709939212
Smp_316250	0.332797258565454
Smp_316270	0.0936326055228824
Smp_316320	0.216126903054745
Smp_316340	0.0443338854625331
Smp_316360	0.575866092039966
Smp_316380	0.275125500268343
Smp_316440	0.119816674061685
Smp_316460	0.0377041552915296
Smp_316470	4.64791185386831
Smp_316480	0.548646825460149
Smp_316490	0.111618351802077
Smp_316530	0.162740055960396
Smp_316540	0.209332453935993
Smp_316550	0.710909250191016
Smp_316570	0.482809840861724
Smp_316580	0.585313751110355
Smp_316610	20
Smp_316620	0.127288713773756
Smp_316630	0.0123215893657347
Smp_316640	0.230193889816788
Smp_316660	0.26340968525503
Smp_316680	0.0753421670781128
Smp_316690	0.137114713100914
Smp_316700	0.0809642039339262
Smp_316710	0.0652786934060574
Smp_316720	0.088554443412464
Smp_316730	0.072828282304103
Smp_316780	0.132825512121324
Smp_316790	0.873810529331059
Smp_316800	0.246443415870765
Smp_316810	0.212979489599279
Smp_316850	0.484733783285781
Smp_316910	2.39934641260943
Smp_317020	0.0985047033103831
Smp_317040	4.66992129125767
Smp_317060	0.698809874125829
Smp_317070	2.79005271709145
Smp_317120	0.593939946116062
Smp_317130	0.0956423007293859
Smp_317140	0.324463458837485
Smp_317150	0.0365664094369744
Smp_317160	8.43935941205841
Smp_317170	20
Smp_317190	11.3686393149403
Smp_317200	5.83364251398959
Smp_317210	0.0541024197851148
Smp_317220	0.46131100325886
Smp_317230	5.95726300420926
Smp_317240	3.04310173918369
Smp_317250	9.56106663054238
Smp_317370	0.0671106424095223
Smp_317400	0.680851264255074
Smp_317420	0.0426254029112294
Smp_317430	0.252187478466041
Smp_317470	2.95604627818695
Smp_317480	0.41415509929446
Smp_317490	1.16018669850021
Smp_317500	0.888755827291007
Smp_317510	13.596336510991
Smp_317530	2.26548434156945
Smp_317540	0.0649973860079692
Smp_317550	0.189072260633531
Smp_317560	0.557124750728215
Smp_317580	1.13571957696591
Smp_317590	19.2428075301178
Smp_317600	0.0557042767089843
Smp_317620	0.462026089788381
Smp_317630	0.547895260935877
Smp_317640	0.123163886723262
Smp_317660	0.204217459849353
Smp_317670	0.103536112740091
Smp_317690	0.931591030900263
Smp_317700	0.299884791203189
Smp_317730	2.02344833084809
Smp_317740	0.457916441081003
Smp_317750	20
Smp_317760	0.70177777171761
Smp_317770	0.638888559005342
Smp_317810	14.2204183775459
Smp_317820	1.61811264791912
Smp_317840	1.02408100021027
Smp_317860	0.039975691344923
Smp_317970	0.52736995413877
Smp_317980	5.71489815387742
Smp_318000	1.19223978590596
Smp_318010	0.0711530278576628
Smp_318020	2.83324571874028
Smp_318030	2.08912244934501
Smp_318040	9.86779669100715
Smp_318060	4.85714907516945
Smp_318070	20
Smp_318080	20
Smp_318100	2.7628810738582
Smp_318110	0.244113969169024
Smp_318120	0.0991787310463635
Smp_318130	0.350405615278576
Smp_318140	0.183369619921046
Smp_318150	1.80231956844169
Smp_318160	0.150022087964472
Smp_318200	0.189006556286162
Smp_318210	0.963216513955697
Smp_318240	20
Smp_318260	0.728236950266622
Smp_318280	1.80720921983087
Smp_318290	1.62638709730515
Smp_318300	0.419023109122212
Smp_318310	2.76092640273311
Smp_318320	0.0766976868768209
Smp_318330	10.8034080634567
Smp_318340	0.243478979683236
Smp_318350	0.689094828473133
Smp_318380	10.3309900395651
Smp_318470	0.151641289716399
Smp_318480	0.624705056004887
Smp_318490	20
Smp_318500	0.0515716324458872
Smp_318510	0.36895888931293
Smp_318630	20
Smp_318640	0.0690654008085995
Smp_318660	0.0982923368724104
Smp_318680	0.0873664382844645
Smp_318690	0.0583737987805916
Smp_318710	6.61214192602396
Smp_318800	0.043758657183561
Smp_318850	0.111905235784927
Smp_318870	19.9276397133884
Smp_318880	0.204535130944697
Smp_318890	1.68133144197417
Smp_318900	1.97939154217636
Smp_318910	0.0437759982828933
Smp_318920	1.30520397481557
Smp_318950	1.72382278293175
Smp_318970	1.20301394939211
Smp_318980	0.0386459619836152
Smp_319000	2.50047439545572
Smp_319010	0.331850760804252
Smp_319020	0.810400243312942
Smp_319030	0.280269846912551
Smp_319040	5.66827593568796
Smp_319050	0.0214241227278554
Smp_319060	0.0772899363133301
Smp_319070	0.302138948641613
Smp_319080	0.150199550737003
Smp_319090	0.692508757594553
Smp_319100	0.037138634020914
Smp_319110	0.112499281328067
Smp_319120	0.0315263451373454
Smp_319130	0.0471179356841936
Smp_319140	0.134120205863659
Smp_319170	0.93239989519114
Smp_319210	0.033161115298963
Smp_319220	0.14480369736084
Smp_319230	0.0551189664557134
Smp_319240	0.110071807739568
Smp_319250	0.529129650024408
Smp_319260	1.18051435240572
Smp_319270	0.230248737198389
Smp_319290	1.27852445565938
Smp_319310	0.377416578504996
Smp_319320	0.110437432476188
Smp_319330	0.309109874337493
Smp_319340	0.215390964375079
Smp_319370	0.0896340764829591
Smp_319390	0.292382458167564
Smp_319400	1.04498745327524
Smp_319410	2.90816578476626
Smp_319420	6.21560728420245
Smp_319450	3.50323705495346
Smp_319460	0.768631529224054
Smp_319480	0.582258567595048
Smp_319490	1.42075955069786
Smp_319500	0.0746044834239055
Smp_319520	1.13664064772849
Smp_319540	0.537766469534479
Smp_319560	0.220672166844432
Smp_319570	2.39341177250099
Smp_319580	1.84413183526174
Smp_319610	0.304563147848858
Smp_319620	0.0718968309827641
Smp_319640	0.604840427627868
Smp_319650	0.909302249685221
Smp_319660	0.156542571506552
Smp_319720	0.724257694093349
Smp_319730	0.165988493517394
Smp_319760	0.536186087958352
Smp_319770	6.38602863303894
Smp_319780	3.18654224590592
Smp_319790	0.199203726518987
Smp_319810	0.437322449529364
Smp_319820	18.064661560716
Smp_319860	0.0991665100633195
Smp_319870	0.557946248261527
Smp_319890	0.312607041723728
Smp_319900	0.396501942868019
Smp_319910	0.694188414671758
Smp_319920	2.28939872900473
Smp_319930	0.692881984999388
Smp_319940	20
Smp_319950	0.10779946455068
Smp_319960	0.350040495996744
Smp_319970	0.521674481352561
Smp_320000	10.0740226541383
Smp_320030	13.6331888120314
Smp_320100	0.461837167695457
Smp_320110	0.496419589883333
Smp_320120	0.466571503917397
Smp_320200	0.883131472940797
Smp_320210	0.891264195865744
Smp_320230	0.420404172017927
Smp_320240	0.506790892613413
Smp_320260	0.728400655528213
Smp_320270	0.121808242328055
Smp_320280	0.0898646657028906
Smp_320300	0.654323281404658
Smp_320310	0.165032285624208
Smp_320320	0.346684101948316
Smp_320330	0.272436869926087
Smp_320340	0.210009423439381
Smp_320360	0.389334244502793
Smp_320400	0.150514329745697
Smp_320410	0.746711112305979
Smp_320440	0.275018005109379
Smp_320450	0.141912659850684
Smp_320460	0.807579129625095
Smp_320480	2.4981295435939
Smp_320490	3.99067394680922
Smp_320500	0.208959637037216
Smp_320510	7.38936871735592
Smp_320530	0.0634764358846799
Smp_320540	0.402415149572999
Smp_320670	0.0665908173247498
Smp_320680	6.52498769270292
Smp_320690	9.12586889749339
Smp_320760	0.309489941840912
Smp_320810	0.245130728713419
Smp_320880	3.25263878191685
Smp_320890	0.875064571390491
Smp_320940	0.401055353835708
Smp_321250	0.202347218870096
Smp_321255	0.116263993151589
Smp_321620	0.0607685654828933
Smp_321740	1.00868726546353
Smp_321750	13.6612280662335
Smp_321760	0.453627075420226
Smp_321770	0.123805227672326
Smp_321780	0.159080072563596
Smp_321790	1.21058763917653
Smp_321830	0.744103243333293
Smp_321840	0.461201929136243
Smp_321850	0.341244515819598
Smp_321860	0.471753183947181
Smp_321880	1.04539769192765
Smp_321890	0.0446131361187981
Smp_321910	0.123511511667512
Smp_321920	0.557958532739949
Smp_321930	0.127695332389261
Smp_321950	5.60975612038149
Smp_322000	0.136734378354709
Smp_322010	0.930152781741291
Smp_322040	0.34402133626911
Smp_322050	20
Smp_322070	0.138890464472222
Smp_322080	2.94901499514847
Smp_322130	0.585984907739583
Smp_322150	0.340993413724574
Smp_322160	20
Smp_322170	4.04749208971162
Smp_322190	0.864390357035751
Smp_322210	0.296718290718437
Smp_322220	0.18905571462665
Smp_322230	0.63939588310739
Smp_322240	0.155132244939731
Smp_322250	0.108759449932609
Smp_322270	4.61129976736469
Smp_322280	0.408798645856884
Smp_322330	0.187831202913565
Smp_322340	0.97140630475506
Smp_322350	0.0455417136361951
Smp_322380	1.38067780706952
Smp_322410	0.103806931820071
Smp_322430	1.39688130790544
Smp_322440	0.19414776355387
Smp_322450	1.61332747528309
Smp_322460	0.184883622753967
Smp_322480	0.219727484856578
Smp_322500	0.284222307761102
Smp_322560	0.295728039264294
Smp_322570	0.0837864470770351
Smp_322580	1.79956383931212
Smp_322590	0.12547525779157
Smp_322610	0.0704902580897976
Smp_322640	0.358212817869256
Smp_322650	0.166877457411923
Smp_322680	0.264605415947014
Smp_322690	0.169089577027532
Smp_322700	0.131042161551922
Smp_322710	0.171848269925709
Smp_322720	3.03653616384071
Smp_322730	0.0961534089702292
Smp_322770	1.17612931515479
Smp_322780	0.217113404241231
Smp_322800	0.200238127014741
Smp_322810	0.154555962786171
Smp_322820	0.114378034334737
Smp_322830	1.05564536298341
Smp_322850	0.422926596686609
Smp_322860	0.416042907998559
Smp_322870	0.549193851502213
Smp_322880	0.195072061903637
Smp_322890	0.0621962119166553
Smp_322900	0.0676342631772055
Smp_322910	0.374461505615324
Smp_322920	3.1174153995517
Smp_322930	0.267500736237725
Smp_322940	0.295122900627492
Smp_322950	0.26906770538386
Smp_322970	0.0868563399504089
Smp_322980	1.04653537490226
Smp_322990	0.552716917027908
Smp_323010	0.366687472902883
Smp_323040	0.116740922833213
Smp_323050	3.82788395040069
Smp_323090	0.0749352198162296
Smp_323140	0.183349944027983
Smp_323170	1.36497170574001
Smp_323190	1.05445023639953
Smp_323210	0.512961764475412
Smp_323230	6.94664339672446
Smp_323240	0.278522131790542
Smp_323250	0.624271826207586
Smp_323270	0.277847665827241
Smp_323280	0.385490928493232
Smp_323290	1.25594356342666
Smp_323300	2.31165337640961
Smp_323320	1.38737390864153
Smp_323330	0.0860288370357633
Smp_323340	0.107060264026649
Smp_323350	0.960024058928947
Smp_323360	1.4152039105512
Smp_323370	0.909861176649622
Smp_323380	0.0340914725581863
Smp_323420	2.07633666617878
Smp_323430	0.169929165051331
Smp_323440	1.32884803556277
Smp_323500	1.68200852857323
Smp_323510	0.286470054584762
Smp_323530	1.90599802638532
Smp_323540	0.0913131212918825
Smp_323560	0.107367965502042
Smp_323580	0.415736784471209
Smp_323640	0.287283541380302
Smp_323650	0.0295383199142781
Smp_323660	0.0537104184707665
Smp_323680	20
Smp_323690	0.270699498262069
Smp_323700	0.354822916619433
Smp_323730	1.57174394031007
Smp_323740	0.176453101480427
Smp_323770	0.225977966709422
Smp_323790	0.158982921892114
Smp_323800	10.4639152845599
Smp_323810	0.723106495010907
Smp_323820	1.89285114330182
Smp_323830	0.207222089318264
Smp_323870	2.66360152978523
Smp_323890	0.218686892732514
Smp_323900	0.527075776174654
Smp_323910	0.323656788734656
Smp_323920	0.157549180132216
Smp_323960	1.13688378153244
Smp_323980	0.335181110090885
Smp_324050	0.153691090864566
Smp_324060	0.648466098407733
Smp_324070	0.134837855981226
Smp_324080	0.0545728966032187
Smp_324090	0.155932110881008
Smp_324100	0.207842633775274
Smp_324120	1.02985684899802
Smp_324140	0.134922404668121
Smp_324150	2.77761524214516
Smp_324160	4.522266210902
Smp_324180	0.996081276592008
Smp_324190	0.299334765831425
Smp_324200	0.263555258263738
Smp_324210	0.335046907537947
Smp_324230	1.43715089101543
Smp_324240	0.538329846543401
Smp_324250	0.440832368546787
Smp_324260	0.218242321629564
Smp_324270	0.209263900292772
Smp_324280	0.444942886395178
Smp_324290	0.893797487896562
Smp_324300	0.472488175779282
Smp_324310	0.396257079447169
Smp_324330	7.8791811979829
Smp_324400	0.184072383928687
Smp_324410	0.358483668802057
Smp_324420	0.484469429595028
Smp_324450	5.04801804925878
Smp_324630	0.0911564813116029
Smp_324700	0.0948371029856519
Smp_324710	0.343755724954922
Smp_325490	0.289589250142003
Smp_325540	0.752155172225897
Smp_325550	1.50945636859658
Smp_325560	0.717521671101192
Smp_325570	0.305381904824591
Smp_325580	5.717355269534
Smp_325610	0.283644123985283
Smp_325620	3.73364823738185
Smp_325640	0.0982295268862227
Smp_325650	0.0897477611856454
Smp_325670	0.49797104111517
Smp_325680	1.54165385127313
Smp_325690	0.736888458108363
Smp_325700	0.858135177651028
Smp_325740	0.162402210507805
Smp_325760	0.110543225842953
Smp_325770	0.569704253696813
Smp_325790	0.207471567450414
Smp_325820	0.631525009764691
Smp_325900	0.254806403082937
Smp_325920	0.113484545298507
Smp_325960	0.61104223925771
Smp_325970	3.26756505618701
Smp_325980	4.70219115811687
Smp_325990	0.728387636069435
Smp_326000	3.61221010653009
Smp_326040	0.23714824008862
Smp_326080	0.105242613159738
Smp_326090	0.0957813679851626
Smp_326130	0.0732161035438968
Smp_326150	0.4483130837035
Smp_326160	0.109756245201163
Smp_326170	20
Smp_326180	0.266448066489806
Smp_326190	0.687877713858114
Smp_326230	4.09498520646961
Smp_326250	0.0878614570928443
Smp_326270	1.44629016923576
Smp_326300	5.27228330571914
Smp_326360	2.59460561464151
Smp_326390	0.471454916707079
Smp_326400	0.0923282084403335
Smp_326410	0.0906810996208079
Smp_326430	0.103536750467547
Smp_326440	0.23027774180029
Smp_326450	1.60049320783744
Smp_326460	8.650333290701
Smp_326480	0.416904326598225
Smp_326490	0.801408408534581
Smp_326500	0.0780059027036654
Smp_326510	3.00752210013361
Smp_326520	0.0562158111890324
Smp_326570	4.88223486882525
Smp_326580	1.79545379227064
Smp_326610	1.82525771871261
Smp_326620	0.0936897629077427
Smp_326650	2.0970836748945
Smp_326660	3.70067619394431
Smp_326670	2.42482360576597
Smp_326690	0.386415987968732
Smp_326700	20
Smp_326710	0.767020746700366
Smp_326720	1.22337265920489
Smp_326730	0.168974420703111
Smp_326740	0.295025981220625
Smp_326750	0.0542879523700121
Smp_326760	2.28672939391319
Smp_326770	0.138573694860102
Smp_326800	0.369194904720381
Smp_326810	0.577426576279981
Smp_327030	0.0553989276518443
Smp_327040	0.469986782304173
Smp_327050	20
Smp_327200	0.304004699164547
Smp_327210	0.15488776569165
Smp_327220	0.257003898430154
Smp_327230	0.190902456261269
Smp_327240	0.281378475907835
Smp_327260	0.315213683746057
Smp_327270	0.20021205907823
Smp_327280	0.420818947388077
Smp_327290	5.04946837453192
Smp_327300	1.25270267370745
Smp_327360	0.626937388095415
Smp_327370	5.26330237702858
Smp_327400	0.0928652992973875
Smp_327410	0.952813739581589
Smp_327420	0.161428250698796
Smp_327430	0.645994745409492
Smp_327480	0.0791951972497811
Smp_327500	0.127412118033911
Smp_327510	0.352710300736441
Smp_327520	7.35092811242078
Smp_327530	0.329028977635607
Smp_327540	2.076092001769
Smp_327550	7.35665527870101
Smp_327560	0.0417748187625046
Smp_327570	0.297216215305609
Smp_327580	0.123953773484854
Smp_327590	0.184464817695671
Smp_327610	0.254609941357932
Smp_327630	0.394917325103094
Smp_327640	0.0559768730979721
Smp_327680	0.115078307282298
Smp_327720	1.20330319741039
Smp_327730	0.200540830865274
Smp_327770	0.561079597842448
Smp_327780	0.57349108176204
Smp_327790	20
Smp_327800	0.709379603958958
Smp_327810	0.42865842527801
Smp_327820	20
Smp_327860	1.47552495498773
Smp_327870	1.85656722433863
Smp_327890	0.549046031857627
Smp_327910	11.4620666341144
Smp_327930	0.204571441392423
Smp_327950	0.374031364911906
Smp_327960	0.407730587836276
Smp_327970	0.144507905962822
Smp_327980	0.296079664432745
Smp_328000	0.0568262018566487
Smp_328010	0.307297275099578
Smp_328070	0.574707269734532
Smp_328080	0.0845146455978658
Smp_328090	0.172372574849922
Smp_328110	0.187095754672864
Smp_328120	0.293069644963842
Smp_328130	2.88953783963156
Smp_328140	0.264220336847181
Smp_328150	0.109549234504801
Smp_328180	0.052419678270356
Smp_328190	1.16876540889633
Smp_328200	0.137886481397806
Smp_328220	0.560549699083922
Smp_328230	0.0680424362879806
Smp_328240	0.213556080676445
Smp_328260	0.14057062716249
Smp_328320	1.72909163284944
Smp_328330	0.289987693157471
Smp_328350	0.146104711223913
Smp_328360	0.243555160065768
Smp_328380	0.534997869611797
Smp_328390	1.28060026257841
Smp_328400	0.972709096587069
Smp_328410	0.0924388342905578
Smp_328430	5.18415899857165
Smp_328440	20
Smp_328460	2.49359649015133
Smp_328470	5.52014551167599
Smp_328480	0.8475828218679
Smp_328500	0.113565868071639
Smp_328520	1.07844509011056
Smp_328530	0.223377395371607
Smp_328540	0.213151974458833
Smp_328550	0.937243823155978
Smp_328570	1.25682847372867
Smp_328580	0.410447846245308
Smp_328590	0.793758423165956
Smp_328600	0.0743507409436494
Smp_328620	0.420492595562574
Smp_328640	0.309470225570919
Smp_328650	0.251546969964339
Smp_328690	0.159978884927948
Smp_328700	1.61005238323551
Smp_328710	0.0761793087912051
Smp_328730	0.282606110421046
Smp_328750	0.380287432575567
Smp_328910	0.603073836899061
Smp_328930	2.89392549298398
Smp_328940	0.237920576107269
Smp_328950	7.02521805270257
Smp_328980	0.29310080365505
Smp_328990	2.45131069710868
Smp_329010	0.316232959165249
Smp_329040	1.9936764615884
Smp_329050	15.5297942874576
Smp_329060	2.10895307629401
Smp_329080	4.13157407788907
Smp_329090	0.156918649198385
Smp_329100	0.361970000512178
Smp_329110	1.12538416109998
Smp_329130	2.23958038105086
Smp_329150	0.826620540549828
Smp_329200	0.762273221428093
Smp_329210	0.253194341338738
Smp_329220	0.86686668615243
Smp_329250	0.787246955232909
Smp_329260	0.330246757332244
Smp_329270	0.219100013933056
Smp_329280	0.217843836792581
Smp_329300	0.59011821025472
Smp_329330	0.11775682121777
Smp_329340	0.081887928260545
Smp_329370	0.32641289618145
Smp_329410	5.75103972015563
Smp_329420	0.311600749259322
Smp_329430	0.11495280464318
Smp_329440	2.23453153965702
Smp_329490	0.410141401791562
Smp_329500	0.494233106830803
Smp_329510	0.366162284836527
Smp_329520	0.0640371996181856
Smp_329530	0.959922479658269
Smp_329550	0.220271883536935
Smp_329560	3.86428042585474
Smp_329570	0.205112145531438
Smp_329590	0.634025585835572
Smp_329600	0.10221385171376
Smp_329610	0.564739808259063
Smp_329620	0.0599711203949324
Smp_329650	0.0819843366277216
Smp_329670	0.605223609668806
Smp_329680	0.125926137977837
Smp_329690	1.15849839147578
Smp_329700	1.38005670652753
Smp_329710	3.16667169907797
Smp_329720	1.2302732130817
Smp_329730	1.56255442121241
Smp_329760	0.101199682328845
Smp_329770	0.435456175861072
Smp_329780	2.05442944620398
Smp_329940	10.0311951543924
Smp_329950	0.276223773391765
Smp_329970	0.773010617768972
Smp_330000	0.0646874719421088
Smp_330010	0.0528361574396988
Smp_330050	12.0418877170244
Smp_330090	20
Smp_330110	20
Smp_330150	1.69264134545631
Smp_330160	0.905921458117046
Smp_330170	4.21697277336788
Smp_330180	1.35989808320739
Smp_330190	0.0991092910610172
Smp_330210	1.04609931909614
Smp_330220	1.49714541240297
Smp_330230	1.72657402981992
Smp_330240	1.19548542047248
Smp_330250	0.0815130430075217
Smp_330260	0.115979363865011
Smp_330270	1.03945346037651
Smp_330280	0.257913719816597
Smp_330290	1.21023342934605
Smp_330320	2.36414684195989
Smp_330330	0.172848923587895
Smp_330350	0.588898566556222
Smp_330380	0.100162254561678
Smp_330390	11.1108260989735
Smp_330430	0.684023029912406
Smp_330440	1.29160063254534
Smp_330450	0.364374421527997
Smp_330470	3.28920208050013
Smp_330490	0.25189286714949
Smp_330500	0.0706045367517948
Smp_330510	3.12870190821305
Smp_330520	2.96032336433852
Smp_330530	1.70870432253395
Smp_330540	4.00705781107269
Smp_330550	0.645594685510451
Smp_330570	0.61798371038703
Smp_330590	0.304928659958151
Smp_330620	0.0547141760939102
Smp_330630	0.418943490779473
Smp_330640	3.8165590694747
Smp_330650	0.0773564617833758
Smp_330670	20
Smp_330680	0.512888841172776
Smp_330700	16.84654526917
Smp_330710	0.408320538724268
Smp_330730	3.07598631556662
Smp_330760	0.158984313054295
Smp_330780	12.4824579613043
Smp_330790	11.1233793073817
Smp_330810	2.39257362414806
Smp_330830	0.229834509027936
Smp_330840	8.06052456560811
Smp_330850	6.63502608937968
Smp_330860	0.521983563325794
Smp_330900	8.5766635139984
Smp_331110	1.06948255864152
Smp_331120	0.173444796666883
Smp_331130	10.4236353640527
Smp_331140	1.93564130751557
Smp_331150	0.566307504562548
Smp_331160	0.368578873044349
Smp_331170	0.0995031805696841
Smp_331180	0.610051251395895
Smp_331190	0.836661119038059
Smp_331200	0.0860890441153706
Smp_331210	0.938196281068491
Smp_331220	0.21517611957413
Smp_331230	0.160226847537284
Smp_331240	0.392827093246501
Smp_331250	0.396775819868188
Smp_331270	1.2376368451358
Smp_331280	0.947878718449805
Smp_331290	1.6704196347354
Smp_331310	0.279931137529876
Smp_331320	0.344003405634439
Smp_331330	0.244062288493193
Smp_331340	0.226132592412841
Smp_331360	0.531538659878073
Smp_331370	4.32035918109693
Smp_331380	0.295348596164646
Smp_331390	0.231685296525561
Smp_331400	0.482121282878342
Smp_331410	0.229147670381028
Smp_331420	0.287744689858541
Smp_331460	0.281111312002443
Smp_331470	0.432363703919311
Smp_331480	0.703803810636915
Smp_331490	0.0398308398524851
Smp_331510	0.204582775240269
Smp_331530	0.168642142960415
Smp_331540	0.289233577008757
Smp_331550	0.68674018417272
Smp_331560	0.246935455851808
Smp_331570	0.113585782743699
Smp_331580	0.503953324992565
Smp_331590	0.254314222902144
Smp_331600	2.24562005305366
Smp_331610	0.415176707330949
Smp_331630	0.457734976466312
Smp_331650	0.0661047753111612
Smp_331660	0.86200407658559
Smp_331670	0.370305518865454
Smp_331700	0.245816482286216
Smp_331710	0.111733558148872
Smp_331720	0.167927940948779
Smp_331730	0.52931417445789
Smp_331780	0.183720985021617
Smp_331790	0.174325609997022
Smp_331810	0.0691922348934851
Smp_331820	0.100698358780406
Smp_331830	0.742599093643662
Smp_331870	0.150604612799684
Smp_331880	0.42813384838553
Smp_331890	0.391709380856136
Smp_331900	0.106779641548063
Smp_331910	1.57376740972733
Smp_331920	0.0451148447428486
Smp_331930	1.68390730900695
Smp_331940	0.285831733375862
Smp_331960	0.0748762505104916
Smp_331970	1.90989164725626
Smp_331980	0.06118708711773
Smp_331990	0.083899666648671
Smp_332010	0.0949309436534378
Smp_332020	0.847278298304441
Smp_332080	0.120514086746199
Smp_332090	0.0226526408051139
Smp_332100	0.363361879268085
Smp_332120	0.436817614511979
Smp_332140	4.3711599708572
Smp_332150	16.7519058197476
Smp_332160	0.0786060564278382
Smp_332170	0.08097688034776
Smp_332240	0.488634180893234
Smp_332245	20
Smp_332250	0.204887030088543
Smp_332260	0.287253280182916
Smp_332270	0.108663573211016
Smp_332280	0.0881813616471058
Smp_332290	0.140481688662853
Smp_332300	0.0423429083895677
Smp_332310	0.579363546485644
Smp_332320	0.0930497751140165
Smp_332330	0.0943513083511433
Smp_332350	6.08633101356474
Smp_332360	0.221999779964398
Smp_332370	0.0419691763275878
Smp_332380	0.239910064872063
Smp_332390	0.245021726751849
Smp_332400	0.0268668579483891
Smp_332420	0.0595625993087031
Smp_332450	0.266690113854847
Smp_332460	0.48417564565085
Smp_332470	0.0820625217078612
Smp_332480	0.22948432857046
Smp_332490	0.367949988887749
Smp_332500	0.119135768851836
Smp_332510	0.08090522177456
Smp_332520	0.178637968309119
Smp_332540	0.0935488797149578
Smp_332550	0.0980914760755418
Smp_332560	0.460347473911141
Smp_332570	0.141943305991493
Smp_332580	0.178817123052427
Smp_332590	0.202255965015145
Smp_332600	0.0485490567083273
Smp_332610	0.760482961388273
Smp_332620	0.0274062895776233
Smp_332630	0.0933631944917125
Smp_332640	7.02238160890743
Smp_332650	0.173437243581352
Smp_332660	0.0288571024099156
Smp_332680	0.0650555144438101
Smp_332690	0.0971377737450335
Smp_332700	0.185893289548465
Smp_332710	0.138959885383322
Smp_332720	0.219427375404655
Smp_332740	0.0759608422885972
Smp_332750	0.0374108523317003
Smp_332780	0.0944739973150623
Smp_332790	0.164522551066554
Smp_332800	0.355670979577492
Smp_332820	0.131799659513522
Smp_332830	0.0369141705875494
Smp_332840	9.53952904201371
Smp_332850	0.0425611560235615
Smp_332860	0.00947258918195708
Smp_332870	0.0399406889351799
Smp_332880	0.058294851305719
Smp_332890	0.111825127079332
Smp_332900	0.046859804999713
Smp_332910	0.0864473150148149
Smp_332920	0.0470930900814092
Smp_332930	0.0303134498091886
Smp_332940	0.0974153165316942
Smp_332950	0.0456437774594716
Smp_332960	0.405218845434583
Smp_332970	0.0917921268681692
Smp_332980	0.0837689669627448
Smp_333000	2.01162462789591
Smp_333010	0.0827375650891148
Smp_333030	0.0641129244048118
Smp_333040	0.0967218738045486
Smp_333050	0.0744310988765576
Smp_333070	0.0698980094031877
Smp_333080	0.0398840266479076
Smp_333090	0.0559750701529426
Smp_333100	0.31360611341936
Smp_333120	0.861833071021149
Smp_333140	0.380006328755327
Smp_333150	0.0392752767329417
Smp_333160	0.133547212696878
Smp_333170	0.109261677845422
Smp_333180	1.10558142591747
Smp_333190	0.347405373581505
Smp_333200	0.0657488051569749
Smp_333210	0.240458743248949
Smp_333230	0.430304855147141
Smp_333240	0.172631973842782
Smp_333250	0.0588023893910283
Smp_333260	0.0635075282328406
Smp_333270	0.672915188665513
Smp_333280	15.5589986995561
Smp_333290	0.299160768272594
Smp_333300	0.112011721049161
Smp_333310	0.0546513127128764
Smp_333320	0.0650016383350466
Smp_333330	0.114221127746764
Smp_333340	0.679917098019541
Smp_333350	0.0711925830339067
Smp_333360	1.05767081353288
Smp_333370	0.0957124192816409
Smp_333380	1.12723285778495
Smp_333390	0.132669904159172
Smp_333400	0.035111324570498
Smp_333410	0.125468760543314
Smp_333420	0.127015678246184
Smp_333450	0.201929917866003
Smp_333460	0.0836729466673915
Smp_333470	0.616674297673003
Smp_333480	0.113311293524297
Smp_333490	0.150492064117224
Smp_333500	0.0427415673025531
Smp_333510	0.0470712551958417
Smp_333520	0.101194720688037
Smp_333540	1.51668762245136
Smp_333550	0.0699421030214625
Smp_333560	0.168885015288413
Smp_333570	0.29665321397004
Smp_333580	0.176449845533392
Smp_333590	0.289070410895673
Smp_333600	0.336602883162078
Smp_333610	0.128874888793464
Smp_333620	0.0252820692999156
Smp_333630	0.059025448195732
Smp_333640	0.0593370980939312
Smp_333650	0.0558427681639574
Smp_333660	0.0434099970621286
Smp_333670	0.802687555915729
Smp_333680	0.0907596791948869
Smp_333690	0.666685376485068
Smp_333700	0.0543143295811094
Smp_333710	0.167198073053755
Smp_333720	0.215648210034135
Smp_333730	0.195813870725439
Smp_333740	0.0896337775048683
Smp_333750	0.217004553122618
Smp_333760	0.0515504781236339
Smp_333770	0.120578268498212
Smp_333780	0.177430181601367
Smp_333790	0.180617100606801
Smp_333800	0.204619486638579
Smp_333810	0.104412566108893
Smp_333830	0.851120737242816
Smp_333840	0.150451131503696
Smp_333850	0.4559617964849
Smp_333860	0.11959945719814
Smp_333880	0.0917629639267599
Smp_333890	0.08963316044174
Smp_333900	0.184104819151714
Smp_333910	0.0262195268384664
Smp_333920	0.230709291926668
Smp_333940	0.0409800465942232
Smp_333950	0.171713515032916
Smp_333960	0.149666753246227
Smp_333970	0.0501103696693789
Smp_333980	1.0464946794586
Smp_333990	0.423229419763722
Smp_334000	0.251924058059686
Smp_334010	0.0991759552052068
Smp_334020	0.0322476596388659
Smp_334030	0.131055053103472
Smp_334040	20
Smp_334050	0.133603895318539
Smp_334060	0.0277270716486557
Smp_334080	0.107681580955999
Smp_334100	0.0328920810889605
Smp_334110	0.0869487328047075
Smp_334120	0.17557674384704
Smp_334130	0.146919614366476
Smp_334140	0.0696069126575401
Smp_334150	0.076055019146107
Smp_334160	0.101483249858321
Smp_334180	0.0500096362129012
Smp_334190	18.8738935526442
Smp_334200	0.104399183901729
Smp_334210	0.137402749627352
Smp_334220	0.0927088688340467
Smp_334230	0.0912762798338313
Smp_334250	0.043053345252863
Smp_334260	0.0703109869528838
Smp_334280	0.0246154962663139
Smp_334290	0.118450029961661
Smp_334300	0.10966637190263
Smp_334310	0.103890295436009
Smp_334320	0.370471237243377
Smp_334330	0.0558438208312614
Smp_334340	0.0711667181428409
Smp_334360	0.718577525424058
Smp_334370	0.0901398523632693
Smp_334390	0.284229169622939
Smp_334400	0.701018521183011
Smp_334410	0.393719839348895
Smp_334415	1.04065867915684
Smp_334420	0.0813832063733583
Smp_334430	0.16871137304053
Smp_334440	0.224084878711745
Smp_334450	0.581352888153256
Smp_334460	0.36886917519119
Smp_334470	0.0640714197303933
Smp_334480	0.266785894792497
Smp_334490	0.076519884208648
Smp_334500	0.253109950508973
Smp_334510	0.135246028298494
Smp_334530	0.0362239452659657
Smp_334540	0.0958027010222762
Smp_334550	0.210455087978066
Smp_334555	5.33782967664969
Smp_334560	0.257331013969085
Smp_334570	0.392913110640948
Smp_334580	0.0946708946416261
Smp_334600	0.091900751239853
Smp_334610	0.241518469085967
Smp_334620	2.51150976561401
Smp_334630	0.169982717635536
Smp_334650	4.90620009468613
Smp_334670	0.12502781667894
Smp_334680	0.215556908236565
Smp_334700	0.40127405257971
Smp_334710	0.135308937952835
Smp_334730	0.116348610836859
Smp_334740	0.0733141782295608
Smp_334750	0.0804934654172124
Smp_334770	0.0637436610705462
Smp_334780	0.118149698497877
Smp_334790	0.392198732969682
Smp_334810	1.15664171396579
Smp_334820	1.6761539695818
Smp_334830	0.872605083353926
Smp_334850	0.142382313770222
Smp_334880	0.0349990994071411
Smp_334890	0.0959615433470027
Smp_334900	0.434225563344948
Smp_334910	0.140646789320904
Smp_334920	0.687278303415057
Smp_334950	0.491302335196234
Smp_334970	0.171260790827334
Smp_334980	0.154731105553817
Smp_334990	7.43947135666382
Smp_335010	0.0434049174779238
Smp_335020	0.807486797685151
Smp_335040	0.448515076068654
Smp_335050	0.541609581215311
Smp_335080	5.43588771407783
Smp_335110	0.196778008158303
Smp_335120	1.54574757527255
Smp_335130	1.30898853798115
Smp_335135	1.33244484605707
Smp_335140	0.681151453563059
Smp_335150	0.158322471467904
Smp_335170	0.891461843283957
Smp_335180	0.17583394501401
Smp_335190	20
Smp_335200	0.400717376665113
Smp_335210	0.356861984602207
Smp_335220	4.13572442524389
Smp_335280	0.0619789750865876
Smp_335300	0.134776358236342
Smp_335330	0.720995062137795
Smp_335340	0.0855539777361975
Smp_335350	0.0493736179869215
Smp_335370	0.738394421580081
Smp_335380	5.8091324735847
Smp_335400	5.34443627247724
Smp_335460	6.16746597506896
Smp_335530	0.270829804783488
Smp_335540	20
Smp_335550	0.192280002178445
Smp_335560	0.372667442220397
Smp_335570	0.112382152931733
Smp_335590	0.565889842674052
Smp_335600	0.606808154497742
Smp_335610	1.31735527050578
Smp_335620	0.0625152631664165
Smp_335630	0.0924206368205542
Smp_335650	0.045276177237956
Smp_335660	0.0621276077078219
Smp_335670	0.593896254839837
Smp_335675	0.199430647466508
Smp_335710	0.913556383905403
Smp_335720	0.288580509781684
Smp_335730	0.0710298182717971
Smp_335750	0.221757118517877
Smp_335760	0.239974872011598
Smp_335770	0.259968578038718
Smp_335780	19.318124869373
Smp_335785	1.01452753681465
Smp_335820	1.19830426049741
Smp_335830	0.108268066201756
Smp_335840	0.17129795071594
Smp_335850	0.180754391708441
Smp_335880	0.373412812308705
Smp_335890	0.119508689724062
Smp_335900	0.317839288982449
Smp_335930	0.93421504472817
Smp_335950	0.191266037590328
Smp_335960	0.651858595638267
Smp_335980	0.039856089721545
Smp_335990	0.145823686238525
Smp_336010	0.153543952890588
Smp_336050	0.0790166361717725
Smp_336070	0.410212196345827
Smp_336080	0.0924401637563652
Smp_336100	0.334421755981671
Smp_336110	0.339895806843357
Smp_336120	0.265649698397284
Smp_336140	1.95410810686158
Smp_336150	0.322326461541324
Smp_336170	0.190602102103466
Smp_336180	0.155852703882921
Smp_336190	0.668090070366681
Smp_336200	1.87905153260666
Smp_336210	0.302817897352015
Smp_336230	0.652720276342065
Smp_336250	0.0956906645809785
Smp_336270	0.243954507904952
Smp_336280	0.137725257083717
Smp_336290	0.2591471965137
Smp_336310	0.126565972956416
Smp_336320	0.134323770829542
Smp_336330	0.0453870374189971
Smp_336340	1.01261576304498
Smp_336350	0.194711739139071
Smp_336360	0.0728847521903081
Smp_336365	0.146887337687605
Smp_336370	0.128539226927335
Smp_336380	0.348579998943189
Smp_336610	0.253258755898953
Smp_336620	0.127474309146258
Smp_336630	0.275051729433144
Smp_336640	0.0249939866613303
Smp_336650	0.0633388475364536
Smp_336660	0.0687614819527458
Smp_336670	0.210251551369163
Smp_336680	0.0326257991940794
Smp_336700	0.0606587870862372
Smp_336710	0.0938092787138025
Smp_336720	0.158103519160986
Smp_336730	0.10454165063218
Smp_336740	0.407906895365322
Smp_336750	0.163351349805363
Smp_336770	0.0986792478227744
Smp_336780	0.291267701047719
Smp_336790	0.0965075946977486
Smp_336800	0.194392539194129
Smp_336830	0.110844656017438
Smp_336840	0.0492689607113781
Smp_336870	0.144422994552584
Smp_336900	0.240876895547289
Smp_336990	3.90021274430486
Smp_337000	0.689538858055883
Smp_337010	0.0748634629888152
Smp_337040	0.0760127663091971
Smp_337060	0.473152536352379
Smp_337070	0.195439228291716
Smp_337080	0.0535337896837434
Smp_337090	0.20976713161239
Smp_337100	0.357932002425403
Smp_337110	0.174132927415453
Smp_337130	0.0226537321057876
Smp_337140	0.0849440043160981
Smp_337145	0.0762661632513461
Smp_337150	0.0747521923473826
Smp_337190	0.0984665067352605
Smp_337200	0.125368266850157
Smp_337210	0.867245792181182
Smp_337220	1.17951540067002
Smp_337230	1.25180211124298
Smp_337240	0.11208990703321
Smp_337250	0.450798841314705
Smp_337260	0.0436264302400388
Smp_337280	0.186082314866353
Smp_337290	0.0686891962501817
Smp_337300	0.54015078429769
Smp_337310	1.28120377389467
Smp_337320	0.0469924072398359
Smp_337330	0.154463020533998
Smp_337335	0.404518570949877
Smp_337340	0.127923840594461
Smp_337350	0.169144572721925
Smp_337360	20
Smp_337370	0.236056523407012
Smp_337380	2.14659238204655
Smp_337390	0.128143542386811
Smp_337395	0.0699411982681587
Smp_337400	0.06942868431272
Smp_337410	0.11398520937559
Smp_337420	0.0737332799470587
Smp_337425	0.0287880711600941
Smp_337430	0.0601698081249225
Smp_337440	0.357950568658191
Smp_337450	11.5427393265938
Smp_337460	0.0584744048514813
Smp_337470	0.0402019578410331
Smp_337480	0.107695460832621
Smp_337490	0.0560650971165445
Smp_337500	5.8412711989799
Smp_337510	0.781172764983725
Smp_337520	0.574314454835857
Smp_337530	0.0388897237229589
Smp_337540	1.34072528959512
Smp_337550	0.0497976694710366
Smp_337560	0.0192942508076455
Smp_337570	0.104265044702581
Smp_337580	0.0384229444632703
Smp_337590	0.202438474904279
Smp_337610	0.0322616309657279
Smp_337620	0.120033607227484
Smp_337630	0.0287853855643789
Smp_337640	1.10871768682266
Smp_337650	0.194317587413368
Smp_337660	0.0755796295227832
Smp_337730	0.579293675564134
Smp_337740	0.14546183008916
Smp_337750	0.0159189742677528
Smp_337760	0.0578751549997606
Smp_337770	0.151386604774203
Smp_337780	0.0426908012833858
Smp_337785	0.0502522592189968
Smp_337790	0.0777452998250008
Smp_337795	0.135939584510627
Smp_337800	0.0634993942344791
Smp_337805	0.0716696165801779
Smp_337830	0.0531858154757024
Smp_337850	0.0338641402651029
Smp_337860	0.0445973741069316
Smp_337870	0.0456268563403782
Smp_337875	0.190187839372746
Smp_337890	0.0407678811686029
Smp_337900	0.066273461642697
Smp_340010	6.55291819857539
Smp_340020	0.0499493458596469
Smp_340030	0.0660804078436756
Smp_340040	6.05597311102189
Smp_340050	0.0166312370884878
Smp_340060	1.1331805827818
Smp_340070	0.0639218916770371
Smp_340080	0.174603153577841
Smp_340090	0.0400650476384852
Smp_340100	0.113808117595017
Smp_340110	0.19604679385383
Smp_340120	0.136720213685487
Smp_340130	0.0657881027887829
Smp_340140	0.320366287562317
Smp_340150	0.0935082585265382
Smp_340160	0.545171236703037
Smp_340170	0.0833876051034385
Smp_340190	0.137619367006953
Smp_340200	0.0754753708870977
Smp_340210	0.189109235874398
Smp_340220	0.16576757463889
Smp_340230	0.0607370752782021
Smp_340240	0.0689795177121491
Smp_340250	0.0564941756380678
Smp_340260	0.0950879148185661
Smp_340265	0.0788212491543751
Smp_340270	0.20634760872197
Smp_340280	0.140888073463995
Smp_340290	0.14522482451158
Smp_340300	0.112551026441766
Smp_340310	0.0403110225598442
Smp_340320	0.107175163706804
Smp_340330	4.21562430183695
Smp_340340	0.233129765762301
Smp_340350	0.0573820554855226
Smp_340360	0.153280540911515
Smp_340370	0.0375173343311494
Smp_340380	0.0704176321217217
Smp_340390	0.106334747688247
Smp_340400	0.114503622970517
Smp_340410	0.0818524094417373
Smp_340420	0.104575210766896
Smp_340430	0.0511786520984124
Smp_340440	0.1348988518019
Smp_340450	0.0716104232309088
Smp_340460	0.31009057795539
Smp_340470	0.0500897269541564
Smp_340480	0.201929493661461
Smp_340490	0.179635125963639
Smp_340500	0.0652266558994989
Smp_340510	0.0539218101199311
Smp_340520	0.0725563439450569
Smp_340530	0.335770091642204
Smp_340540	0.212581809256298
Smp_340550	0.339605587333596
Smp_340560	0.321979593735529
Smp_340570	0.154671340030281
Smp_340580	0.0855165455998542
Smp_340590	0.0475235572930438
Smp_340600	0.100125732323678
Smp_340610	0.192625304990207
Smp_340620	1.28668918251884
Smp_340630	0.293573387309178
Smp_340650	0.135158878904948
Smp_340660	0.133657147884239
Smp_340670	0.140571402301598
Smp_340680	0.0183627159162605
Smp_340690	0.260826909762097
Smp_340700	0.0329269436873461
Smp_340710	0.040022133878546
Smp_340720	0.227130077183204
Smp_340730	0.018707240480748
Smp_340740	0.178725908628284
Smp_340750	0.184764427312804
Smp_340760	0.067575480105134
Smp_340770	0.281735045837084
Smp_340780	0.0600760664815406
Smp_340790	0.0164836260907752
Smp_340800	0.0646430466533638
Smp_340810	0.0413511220353155
Smp_340820	0.0814565232395326
Smp_340830	0.060967110654628
Smp_340840	0.333685731482502
Smp_340850	0.153305917696268
Smp_340860	0.327333681317347
Smp_340870	0.258474025711391
Smp_340880	0.172581725719757
Smp_340890	0.171681233349307
Smp_340900	0.193470835632116
Smp_340910	0.0587742953738039
Smp_340920	0.0563354753674834
Smp_340930	0.733826656060009
Smp_340940	0.0882426160686238
Smp_340960	0.577421589717056
Smp_340970	0.0484237953933368
Smp_340980	0.0295127252238656
Smp_340990	0.066583373123301
Smp_341010	0.122264874602947
Smp_341020	0.1043872703185
Smp_341030	0.180360186625828
Smp_341040	0.0704754521157845
Smp_341050	0.0391158204727037
Smp_341060	0.141085775204376
Smp_341070	0.0543887528824846
Smp_341080	0.367278194468948
Smp_341090	0.0358282158598178
Smp_341100	0.0248431243638317
Smp_341110	0.0228999645697696
Smp_341120	0.0533952016996058
Smp_341130	2.25154088821759
Smp_341140	0.300470410739865
Smp_341150	0.0580264852502799
Smp_341160	0.0255366037058575
Smp_341170	0.0707362663624793
Smp_341180	0.0313322958496167
Smp_341190	1.55951622617322
Smp_341200	0.0365446979655747
Smp_341210	0.102240976586928
Smp_341220	0.115494566306088
Smp_341230	0.13308358861916
Smp_341240	0.111378095156273
Smp_341260	0.292601475823698
Smp_341270	0.559765603811198
Smp_341280	1.11712961693221
Smp_341290	0.100443230605694
Smp_341300	0.0491588243257218
Smp_341310	0.24831646996469
Smp_341320	0.0639527893634124
Smp_341330	0.0468347485318321
Smp_341340	0.729131327244539
Smp_341350	0.726501572303719
Smp_341360	0.0806044309376003
Smp_341370	0.0877307084393258
Smp_341380	0.297522098607012
Smp_341390	0.246135842917215
Smp_341400	0.0755196477563511
Smp_341410	0.359030644642461
Smp_341420	0.0553221411250686
Smp_341430	0.173521488515562
Smp_341440	0.0470000624337783
Smp_341450	0.118044739778645
Smp_341460	0.377441141932958
Smp_341470	0.0572454721903793
Smp_341490	0.601608383289553
Smp_341500	0.217908177731306
Smp_341510	0.261084320193534
Smp_341520	0.0329497716336715
Smp_341530	0.0527497955533279
Smp_341540	0.459839847599979
Smp_341550	0.0529065787753836
Smp_341560	0.175824037260206
Smp_341570	0.0362060557488873
Smp_341580	0.0514740696687409
Smp_341590	0.103380462452799
Smp_341600	0.492200257135652
Smp_341620	0.0603332040617413
Smp_341630	0.0963242620939933
Smp_341640	0.403138876110832
Smp_341650	0.0250264097670609
Smp_341660	0.103285173812991
Smp_341670	0.211643175891391
Smp_341680	0.0282282554462565
Smp_341690	0.0687873553264622
Smp_341700	0.0985668638343099
Smp_341710	0.732562228029694
Smp_341720	0.121001083437028
Smp_341730	0.0529294613874891
Smp_341740	0.113819770223499
Smp_341750	0.257109653153515
Smp_341770	0.390852028602122
Smp_341780	0.565305839455633
Smp_341790	0.262955834475619
Smp_341800	0.0673710163600794
Smp_341810	0.352234576411653
Smp_341820	0.159870605499711
Smp_341830	0.0963305996740887
Smp_341840	0.0791098428249393
Smp_341850	3.10836435559767
Smp_341860	0.332201866389286
Smp_341870	0.0429582800777871
Smp_341880	0.213972191356856
Smp_341890	0.043343345543185
Smp_341900	0.103012215512186
Smp_341910	0.284900032304938
Smp_341920	0.0548311277877103
Smp_341930	0.52570581737325
Smp_341940	0.319003571270275
Smp_341950	0.0711508527558383
Smp_341960	0.338692475114129
Smp_341970	0.479624170191827
Smp_341980	0.0586544487305449
Smp_341990	0.0200567237858274
Smp_342000	0.135253598747409
Smp_342010	0.280388405082482
Smp_342020	0.0750258180016368
Smp_342030	0.105997058988747
Smp_342040	0.184042567973411
Smp_342050	0.194316966415903
Smp_342060	0.132237579751441
Smp_342070	0.0806929099616584
Smp_342080	0.191935917370731
Smp_342090	0.19265366429607
Smp_342100	0.0563710466522129
Smp_342110	0.147910472818993
Smp_342120	0.787525216798018
Smp_342130	0.206702421349909
Smp_342140	0.705938062474127
Smp_342150	0.898086995986007
Smp_342160	0.129068463461728
Smp_342170	0.0735913622982774
Smp_342180	0.0545830900341071
Smp_342190	0.10086352438216
Smp_342200	0.19847478696318
Smp_342210	0.205045870671606
Smp_342230	0.283855427856681
Smp_342240	0.0322578567568364
Smp_342250	0.0420895592949587
Smp_342260	0.0864491800455573
Smp_342270	0.183777185381493
Smp_342280	0.156290529956906
Smp_342290	0.0789864599626717
Smp_342300	0.455123738181802
Smp_342310	0.384385591665649
Smp_342320	1.53180636256988
Smp_342330	0.088227884148766
Smp_342340	20
Smp_342350	0.148602933968999
Smp_342360	0.266861152428811
Smp_342370	2.25742306246648
Smp_342380	0.525486721672881
Smp_342390	6.21276018281829
Smp_342400	0.0873517464184736
Smp_342410	0.560906558871136
Smp_342420	0.0757572252430094
Smp_342440	0.303268177846972
Smp_342450	0.348612364281326
Smp_342460	0.378424330811404
Smp_342470	0.137565752843682
Smp_342480	0.121593175443421
Smp_342490	0.103117111061276
Smp_342500	0.271883841281448
Smp_342510	0.130678205499165
Smp_342520	0.284090751407998
Smp_342530	0.188187924076079
Smp_342540	0.145438636549971
Smp_342550	0.121354733741237
Smp_342560	3.87318277525935
Smp_342570	0.0533024449940191
Smp_342580	0.0939532231115048
Smp_342590	0.0613587405985067
Smp_342600	0.10903740438307
Smp_342610	0.213750503692899
Smp_342620	0.143103542916862
Smp_342630	0.174826237769576
Smp_342640	0.208120550914715
Smp_342650	0.400751737909434
Smp_342660	0.764583812318348
Smp_342670	0.147150265029636
Smp_342680	0.382385259988885
Smp_342690	0.0719246168260017
Smp_342700	0.0376126336831505
Smp_342710	0.134424269067345
Smp_342720	0.153415873399721
Smp_342730	0.14233235743541
Smp_342740	0.110945325964271
Smp_342750	0.157621013531119
Smp_342760	0.166515605692099
Smp_342770	15.1454688746254
Smp_342780	0.792094839619919
Smp_342790	0.225791758516768
Smp_342800	0.0800932318416349
Smp_342810	0.191160135449363
Smp_342820	0.175126996805458
Smp_342830	0.143203145165721
Smp_342840	0.135036158057011
Smp_342850	0.37709231388639
Smp_342860	0.585814295851756
Smp_342870	0.0575833472797901
Smp_342880	0.0766833445596101
Smp_342890	0.123729984348532
Smp_342900	0.347209014805926
Smp_342910	0.125577945996407
Smp_342920	0.173562398541039
Smp_342930	0.051163010599046
Smp_342940	0.109127617984759
Smp_342950	0.111690919566392
Smp_342960	0.357570322724372
Smp_342970	0.161037951515388
Smp_342980	0.0287129945423624
Smp_342990	0.216533585278109
Smp_343010	1.69279279873789
Smp_343020	0.161575037067189
Smp_343030	0.157296690435037
Smp_343040	0.292783108606313
Smp_343050	0.051291108686769
Smp_343060	0.514168978902698
Smp_343070	0.235185332452524
Smp_343080	2.58682852306686
Smp_343090	0.0596369292175315
Smp_343100	0.177017540425482
Smp_343110	0.755410390161082
Smp_343120	0.137117777892124
Smp_343130	0.145649724569522
Smp_343140	0.258754202775897
Smp_343150	0.115295623915479
Smp_343160	0.0745844316882692
Smp_343170	0.268353175030963
Smp_343180	0.0554502284497787
Smp_343190	0.068685601277497
Smp_343200	0.066840663965799
Smp_343210	5.31733602514402
Smp_343220	0.162172790584655
Smp_343230	1.39009662157992
Smp_343240	0.15373115545189
Smp_343250	0.37396778525026
Smp_343260	0.50242870698023
Smp_343270	0.0958147047548633
Smp_343280	0.10657582094375
Smp_343290	0.200140885214928
Smp_343300	0.309942291859952
Smp_343310	0.186447199986692
Smp_343320	0.235442994567108
Smp_343330	0.211206255953342
Smp_343340	0.518549909730107
Smp_343350	0.0595094553392129
Smp_343360	0.0970452143643932
Smp_343370	1.32860599062646
Smp_343380	0.0634566250640773
Smp_343390	1.01376669737681
Smp_343400	0.250855559482819
Smp_343410	0.0870523797088771
Smp_343420	0.544500052638124
Smp_343430	0.038692918626122
Smp_343440	0.0650830695571015
Smp_343450	0.0881905189221873
Smp_343460	0.362813272051703
Smp_343470	0.037501870762611
Smp_343480	0.408183680147128
Smp_343490	0.47465040690784
Smp_343500	0.199383578175941
Smp_343510	0.463833118511913
Smp_343520	0.101736174412394
Smp_343530	0.103462686230171
Smp_343540	0.0813200717002142
Smp_343550	0.131416116874471
Smp_343560	0.183566506271235
Smp_343570	0.128582568147538
Smp_343580	0.057339674693758
Smp_343590	0.293206757656419
Smp_343600	0.0931362818261625
Smp_343610	0.0983179210488909
Smp_343620	0.0337430545035389
Smp_343630	0.0758118779932009
Smp_343640	0.14047834391132
Smp_343650	0.521461804519636
Smp_343660	0.369499826723134
Smp_343670	0.382687585095464
Smp_343680	0.132702513268619
Smp_343690	0.292284982613058
Smp_343700	0.0411544157843424
Smp_343710	0.147062697497215
Smp_343720	0.0573745589019393
Smp_343730	0.129683242923214
Smp_343740	0.365479793860728
Smp_343750	0.159006470543708
Smp_343760	0.236075537515018
Smp_343770	0.174202168319763
Smp_343780	0.399011828428775
Smp_343790	0.0129601620913481
Smp_343800	0.25232651953497
Smp_343810	0.0853480397080805
Smp_343820	0.453930892942052
Smp_343830	0.226435394089654
Smp_343840	0.135626574411286
Smp_343850	0.0831659219352492
Smp_343860	0.0395960807520268
Smp_343870	0.509171810388967
Smp_343880	0.0559954335875584
Smp_343890	0.0514316720618237
Smp_343900	0.187337229156959
Smp_343910	0.0554492683027111
Smp_343920	0.531329093003466
Smp_343930	0.0970619479610615
Smp_343940	0.13685460010859
Smp_343950	0.131774056439705
Smp_343960	1.45673060887098
Smp_343970	0.0694244294883989
Smp_343980	1.12438292468112
Smp_343990	0.102783115692186
Smp_344000	0.0997325061947732
Smp_344010	0.130216769355104
Smp_344020	0.0891226316315273
Smp_344030	0.0446644468358113
Smp_344040	1.09802735448032
Smp_344050	0.774897586092598
Smp_344060	0.175331273076703
Smp_344070	1.51951374242251
Smp_344080	0.0356216493981671
Smp_344090	0.0825391578955656
Smp_344100	0.0508479526454266
Smp_344110	0.0428124640139066
Smp_344120	1.63676758842365
Smp_344130	0.295138195515034
Smp_344140	0.0920543996274711
Smp_344150	0.376216888292602
Smp_344160	0.196388344417357
Smp_344170	0.122361485774135
Smp_344180	0.0599916607557635
Smp_344190	0.371940857052148
Smp_344200	0.0381888069256743
Smp_344210	0.247579042291415
Smp_344220	0.242091526595896
Smp_344230	0.430023915646237
Smp_344240	0.129118925024006
Smp_344250	0.091460492991725
Smp_344270	0.0959613089925209
Smp_344280	0.158523433116739
Smp_344290	0.134488806336331
Smp_344300	0.727092243146394
Smp_344310	0.274782694722374
Smp_344320	0.080410287145431
Smp_344330	0.444826177184949
Smp_344340	0.0515669506046009
Smp_344350	0.126031782561121
Smp_344360	0.380986882271853
Smp_344370	0.135924206678721
Smp_344380	0.203030656821242
Smp_344390	0.0992218402927976
Smp_344400	0.143058932734704
Smp_344410	0.232509713332347
Smp_344420	0.158268167327898
Smp_344430	0.0339052498287555
Smp_344440	0.107913921605258
Smp_344450	0.0757070212937188
Smp_344460	0.256070462796766
Smp_344480	0.113067130455641
Smp_344490	0.901073758507521
Smp_344500	0.156220482247073
Smp_344510	0.0497228161290842
Smp_344520	1.20332960421272
Smp_344530	0.0912258365299847
Smp_344540	0.136422155056475
Smp_344550	0.0683702476604259
Smp_344560	0.0423787540469848
Smp_344570	2.06550903120485
Smp_344580	0.099565857778343
Smp_344590	12.1703043552875
Smp_344600	0.0969063498187658
Smp_344610	1.17600612076056
Smp_344620	0.300986062096345
Smp_344630	0.0599858929026241
Smp_344640	0.393338885624599
Smp_344650	0.0528611533698349
Smp_344660	10.9281070296211
Smp_344680	0.330897584724303
Smp_344690	0.076029497655435
Smp_344710	0.0219090116692551
Smp_344720	0.179576651774697
Smp_344730	0.192492771461604
Smp_344740	0.490837067827563
Smp_344750	4.13178233606028
Smp_344760	0.125799665656284
Smp_344770	0.0972584600410075
Smp_344780	0.0621098528346611
Smp_344800	0.134600716495292
Smp_344810	0.190561897790495
Smp_344820	0.59393698384173
Smp_344830	4.06733849455554
Smp_344840	0.253858331439334
Smp_344850	0.12176623656247
Smp_344860	0.918625089219708
Smp_344870	0.165033151132922
Smp_344880	0.10996800930147
Smp_344890	0.250585414580646
Smp_344900	0.0317323923708049
Smp_344910	0.357337432320651
Smp_344920	0.0475049947239557
Smp_344930	0.216933051432284
Smp_344940	0.36487131722146
Smp_344950	0.378510092779837
Smp_344960	0.0556926357904676
Smp_344970	0.0995927121072367
Smp_344980	0.117814612288805
Smp_344990	0.0542177507502936
Smp_345000	0.0872095795057047
Smp_345010	0.0831315177769582
Smp_345020	0.204178310302991
Smp_345030	0.0773187096731489
Smp_345040	0.332241484808478
Smp_345050	0.806465935851083
Smp_345060	2.74482211791356
Smp_345070	0.271843748505263
Smp_345080	0.174468084581988
Smp_345090	0.0802926535062111
Smp_345100	2.64361887015249
Smp_345110	1.46222650008468
Smp_345120	0.119752227291543
Smp_345130	1.05708120225248
Smp_345140	0.111620896867561
Smp_345150	0.190276098047586
Smp_345160	0.142513803727462
Smp_345170	0.0735324407734104
Smp_345180	0.458455913951396
Smp_345190	1.09633841576964
Smp_345200	20
Smp_345210	0.0617386564561435
Smp_345220	0.138054593690831
Smp_345230	0.0457670633407622
Smp_345240	0.940057565842878
Smp_345250	0.816881449447948
Smp_345260	0.0259836752975413
Smp_345270	0.0519371695982187
Smp_345280	0.0904724333562758
Smp_345290	4.18497733933651
Smp_345300	0.0320126473968761
Smp_345310	0.251774872518852
Smp_345320	0.0683853973008025
Smp_345330	0.096016703340496
Smp_345340	0.0496215837139549
Smp_345350	0.0606885957683799
Smp_345360	0.168289402027074
Smp_345370	0.469205037410338
Smp_345380	0.719699716866423
Smp_345390	0.143852446185167
Smp_345400	0.0418805161421277
Smp_345410	0.0421535977475336
Smp_345420	0.105627369436006
Smp_345430	0.25129974192357
Smp_345440	0.16752782674302
Smp_345450	0.0332502009745305
Smp_345460	0.049328904016835
Smp_345470	0.712638737634243
Smp_345480	0.213288955060383
Smp_345490	0.172300406787061
Smp_345500	0.297761066174137
Smp_345510	0.0548370664380236
Smp_345520	0.0508683921368306
Smp_345530	0.0523148595850375
Smp_345540	0.0500553666937314
Smp_345550	0.195273657673696
Smp_345560	0.0403701055395924
Smp_345565	0.0404659784578813
Smp_345570	0.0439763310221783
Smp_345580	0.0590076549172095
Smp_345590	1.79171220802136
Smp_345600	0.044365599400316
Smp_345610	0.0967466940115589
Smp_345620	0.143957148783981
Smp_345630	0.160204462722329
Smp_345640	1.14786575896901
Smp_345650	2.04784591169331
Smp_345660	7.17538894067861
Smp_345670	0.104229913764381
Smp_345680	0.323321910713259
Smp_345690	0.141819372622125
Smp_345700	0.0691835690479956
Smp_345710	0.0653484918118424
Smp_345720	0.0680075771795035
Smp_345740	0.157944877283989
Smp_345750	10.9843578837889
Smp_345760	0.673914045345253
Smp_345770	0.165644156156129
Smp_345780	0.0429865457925657
Smp_345800	4.02023410657563
Smp_345810	0.579903456034477
Smp_345820	0.916446487970071
Smp_345830	0.178441616487908
Smp_345840	0.174987889916499
Smp_345850	0.372553529607723
Smp_345860	0.0282577059048825
Smp_345870	0.150865877130724
Smp_345880	0.321448442241553
Smp_345885	0.264817825900271
Smp_345890	0.226953299457127
Smp_345900	0.159485112133044
Smp_345910	0.120348531452954
Smp_345920	0.0323544499315137
Smp_345930	1.85887525362456
Smp_345940	0.117715694887873
Smp_345950	0.0336907315267253
Smp_345960	0.299901544749591
Smp_345970	0.132133712016429
Smp_345980	0.189944468147542
Smp_345990	0.291844190330782
Smp_346000	0.116649454776086
Smp_346010	0.165294401656708
Smp_346020	0.233082801835286
Smp_346030	0.0568767269263574
Smp_346040	0.322096396408454
Smp_346050	0.0896051711547717
Smp_346060	0.197836010573802
Smp_346070	1.22001425264925
Smp_346080	0.375552464256078
Smp_346090	0.106668796708549
Smp_346100	0.265158978779476
Smp_346110	0.163567969356063
Smp_346120	0.747081982940654
Smp_346130	0.0724994338408642
Smp_346140	0.348717868278271
Smp_346150	0.0762636141720596
Smp_346160	0.0560955371397962
Smp_346170	0.191209047088555
Smp_346180	0.134209555660881
Smp_346190	0.0504767437014012
Smp_346200	0.0347332775331527
Smp_346220	0.0954153438472929
Smp_346230	0.0839505647243239
Smp_346240	1.88521041015346
Smp_346250	0.0964701498781132
Smp_346260	0.0565256068406637
Smp_346270	0.0950671527312629
Smp_346280	0.0668783151600237
Smp_346290	0.413087853971055
Smp_346300	0.165240957451667
Smp_346310	0.123364998815405
Smp_346320	0.0642228134783419
Smp_346330	0.0317595175287422
Smp_346340	0.0489344727333172
Smp_346350	0.0571972317230089
Smp_346360	0.0430717037640867
Smp_346370	2.67082872885618
Smp_346380	0.0744263683654113
Smp_346390	0.0687927417942327
Smp_346400	0.194247777444399
Smp_346410	0.191668182968385
Smp_346420	0.101804447441703
Smp_346430	0.146171002983166
Smp_346440	0.0667517582591853
Smp_346450	0.0317813953895958
Smp_346460	0.0761659295865074
Smp_346470	0.0725556144387941
Smp_346480	0.0639543753957712
Smp_346490	0.109867032834451
Smp_346500	0.168484418112873
Smp_346510	0.698036110695832
Smp_346520	0.129822465272338
Smp_346530	0.195064970502636
Smp_346540	0.198844139889456
Smp_346550	1.20767172841871
Smp_346570	0.113062124175722
Smp_346580	1.24107116249782
Smp_346585	0.82840252434158
Smp_346590	0.0239711120835441
Smp_346600	3.03358966028322
Smp_346610	0.330111136459297
Smp_346620	0.154564294347144
Smp_346630	0.311272895754632
Smp_346640	0.117789910640567
Smp_346650	0.0495253940699347
Smp_346660	0.143288256240867
Smp_346670	0.068542779454777
Smp_346680	0.459977107342262
Smp_346690	0.0848569198351863
Smp_346700	0.324821298657738
Smp_346720	0.0621533975361473
Smp_346730	2.03892348216885
Smp_346750	0.0738271340786581
Smp_346760	0.489700388462213
Smp_346770	0.493365643346073
Smp_346780	0.174227501549046
Smp_346790	0.0811403423978698
Smp_346800	0.611739832736196
Smp_346810	0.0344217725298825
Smp_346830	0.0544112897151387
Smp_346840	0.131054157209697
Smp_346850	6.91494033107569
Smp_346860	0.20910732540142
Smp_346880	0.213845557693126
Smp_346890	0.0686543941994733
Smp_346900	2.3183733116986
Smp_346910	1.45771581207382
Smp_346920	0.0386622150442076
Smp_346930	0.0453873130278539
Smp_346940	0.120590802452047
Smp_346950	0.841217323457247
Smp_346960	0.675529606038962
Smp_346970	0.0643626236386727
Smp_346980	0.128417644048862
Smp_346990	0.367292157825359
Smp_347000	11.1258553998777
Smp_347010	0.151130396148622
Smp_347020	0.149359173095086
Smp_347030	0.271438501128814
Smp_347040	0.0392575333939115
Smp_347050	0.0146964050671333
Smp_347060	0.0561060317259357
Smp_347070	0.28944975435968
Smp_347080	0.396617118917891
Smp_347090	0.158056836950452
Smp_347100	0.0721300868920544
Smp_347110	0.125751047525556
Smp_347120	1.91117942781385
Smp_347130	0.295222527509233
Smp_347140	0.112633317530442
Smp_347150	0.236683813341867
Smp_347160	0.0419444806117091
Smp_347170	0.100581937222009
Smp_347180	1.13506818488513
Smp_347190	0.123338278133526
Smp_347200	0.0576936458613352
Smp_347210	0.164706426572194
Smp_347220	0.187412990040497
Smp_347230	0.513363647163598
Smp_347240	0.140772360394408
Smp_347250	0.332632068369108
Smp_347260	5.70971411701502
Smp_347270	0.482143038405115
Smp_347280	0.13862242361351
Smp_347290	0.0668005957892685
Smp_347300	0.152986736332933
Smp_347310	0.0882623316738036
Smp_347330	0.210640387169894
Smp_347340	0.0768196249506182
Smp_347350	0.0199872290968911
Smp_347360	0.0482280543193004
Smp_347370	1.31690893269691
Smp_347380	0.191695819621025
Smp_347390	0.0905473407667429
Smp_347400	0.0195305874157017
Smp_347410	0.263671486352315
Smp_347420	0.0434928327726578
Smp_347430	0.107594601477693
Smp_347450	0.50850126958152
Smp_347460	0.263545167714193
Smp_347470	13.250999317542
Smp_347480	0.0486017300691992
Smp_347500	0.132202208332419
Smp_347510	0.611502543754622
Smp_347520	7.64126316930494
Smp_347530	0.553779008473972
Smp_347540	0.353131012740043
Smp_347550	0.959510861864123
Smp_347560	0.348529871810996
Smp_347570	0.115612522731704
Smp_347580	0.970175487156771
Smp_347590	0.132553794759347
Smp_347600	0.138681619575985
Smp_347610	0.345889724757109
Smp_347620	0.653165155527001
Smp_347630	0.314884416356654
Smp_347640	0.131141857196855
Smp_347650	0.120749728434409
Smp_347660	0.0561138560820399
Smp_347670	0.0370722408909597
Smp_347680	0.0431266339302389
Smp_347690	0.0605028911898838
Smp_347700	0.0635745127654149
Smp_347710	0.835980361673647
Smp_347720	0.23730915474849
Smp_347730	0.221952269957464
Smp_347740	0.245194330647229
Smp_347760	0.287807332921914
Smp_347770	0.124830765230783
Smp_347780	0.229515806967798
Smp_347790	0.0690181327452901
Smp_347800	0.112210545842925
Smp_347810	0.099878043998507
Smp_347820	0.112150640053518
Smp_347830	0.0940495217544278
Smp_347840	0.235043488258381
Smp_347850	0.301485306588965
Smp_347860	0.090933326441915
Smp_347870	2.08250523682374
Smp_347880	0.464098199793561
Smp_347890	0.263712171071226
Smp_347900	0.321734150370507
Smp_347910	0.0283857096902772
Smp_347920	0.617930851786419
Smp_347930	0.0609835906847011
Smp_347940	0.0430341870760226
Smp_347950	0.0801407786008026
Smp_347960	0.123628251496337
Smp_347990	0.0525246129276601
Smp_348050	4.35401717737535
Smp_348060	0.709805919407173
Smp_348070	1.84194549684723
Smp_348090	0.523149144316757
Smp_348100	3.98963854540065
Smp_348200	16.7018054654004
Smp_348210	0.748724836062796
Smp_348220	0.199131610629059
Smp_348230	0.0877483581007903
Smp_348240	1.88334299276219
Smp_348250	0.410165802652426
Smp_348260	0.129659572434211
Smp_348270	0.690096661106499
Smp_348310	1.35004733845805
Smp_348320	2.09290048915396
Smp_348330	1.42806154427338
Smp_348340	0.0414918025234261
Smp_348400	0.108436618222745
Smp_348460	0.467616128425496
Smp_348500	0.458987628365881
Smp_348510	0.289066028280123
Smp_348520	1.09941497902374
Smp_348540	3.32695310635657
Smp_348610	0.607483898923724
Smp_348670	0.0527738214439241
Smp_348710	15.1717349917402
Smp_348730	0.0663665837237171
Smp_348790	0.112431940619128
Smp_348800	0.130661861473599
Smp_348810	0.0650875657676646
Smp_348820	0.103402007365955
Smp_348830	0.0826038842499068
Smp_348840	0.103382019118331
Smp_348850	0.0919420435645751
Smp_348860	4.45181226243461
Smp_348910	0.95460855478108
Smp_348930	0.37295149461527
Smp_348950	0.851729522331863
Smp_349010	0.329318612107599
Smp_349020	0.0678368050074188
Smp_349030	0.0436724672058801
Smp_349040	0.0709723532771892
Smp_349050	7.16177920972937
Smp_349080	0.265512084391736
Smp_349090	8.48339945195502
Smp_349100	2.4601869245498
Smp_349110	0.120015014470504
Smp_349130	0.043982780329715
Smp_349140	4.91266191163807
Smp_349150	1.38954261756046
Smp_349170	1.42574667073401
Smp_349190	6.66457466590738
Smp_349200	0.891426331620578
Smp_349210	0.666449683230394
Smp_349240	6.12963178874781
Smp_349250	2.23110867959941
Smp_349260	1.80116257874046
Smp_349280	7.54422072005916
Smp_349300	4.57941335401299
Smp_349310	20
Smp_349320	20
Smp_349330	1.36704412847579
Smp_349340	0.211213975493849
Smp_349350	1.41840789420208
Smp_349360	0.488024792200366
Smp_349370	0.464693484222107
Smp_349410	5.44176241207706
Smp_349420	0.0749088471833907
Smp_349440	0.161046563021121
Smp_349450	0.121071421853948
Smp_349460	0.310149632505844
Smp_349470	0.237414398033039
Smp_349480	0.247536047309824
Smp_349490	0.0731236000333789
Smp_349500	0.248329563246401
Smp_349510	0.126089775577646
Smp_349520	2.11039437756276
Smp_349530	0.571711421253595
Smp_349550	0.272452473751714
Smp_349560	2.81070514284673
Smp_349580	0.468675124990296
Smp_349590	0.630336722877842
Smp_349600	0.736478677781722
Smp_349610	0.377870917005747
Smp_349620	0.173034764991822
Smp_349630	3.08325801264082
Smp_349640	0.388452490056539
Smp_349650	0.576079260458905
Smp_349660	0.135080499831037
Smp_349670	17.7736443081598
Smp_349680	2.08863884764934
Smp_349690	3.97435036502108
Smp_349710	0.433732170331376
Smp_349720	0.403972010625987
Smp_349730	11.0668583144869
Smp_349740	2.87819908560291
Smp_349760	0.933180699247065
Smp_349770	0.159756009259513
Smp_349780	0.0872394868617623
Smp_349810	1.85881272684004
Smp_349830	0.331967867617643
Smp_349850	0.142797409430637
Smp_349860	1.26754430209952
Smp_349870	0.169145246253417
Smp_349880	0.0863921982447482
Smp_349890	1.3440132334745
Smp_349900	0.335837737096989
Smp_349910	0.0673408165309006
Smp_349920	0.0911514738347652
Smp_349940	0.0692067113728926
Smp_349950	0.229735064570544
Smp_349960	0.211423630879251
Smp_349970	0.0822453679609212
Smp_349980	0.422007303087388
Smp_349990	0.124300876164261
Smp_350000	0.37852510449658
Smp_350010	0.0283520122897392
Smp_350020	0.233229639549271
Smp_350030	0.107366534980619
Smp_350040	0.133166246473659
Smp_350050	16.8481623168071
Smp_350060	0.270359165384711
Smp_350070	0.0873999822318848
Smp_350080	0.431905762963484
Smp_350090	0.0697632180844742
Smp_350100	20
Smp_350110	0.344368436648936
Smp_350120	0.508782825197135
Smp_350130	0.183403536940888
Smp_350140	0.126450526414145
Smp_350150	1.04621157096338
Smp_350160	11.1991557897504
Smp_350170	0.189713876412403
Smp_350180	0.266736451494701
Smp_350200	0.272957472078572
Smp_350210	2.44810989872646
Smp_350220	1.48500503182175
Smp_350230	0.917042065153795
Smp_350240	10.778898523665
Smp_350250	0.104326713156188
Smp_350260	0.149675877014167
Smp_350270	0.0605895965289897
Smp_350280	0.238058354134071
Smp_350290	0.133153829282694
Smp_350300	0.263043902872715
Smp_350310	0.284410529928264
Smp_350320	2.08940073650805
Smp_350330	2.0198499698138
Smp_350340	0.237694088815433
Smp_350350	0.242414538747215
Smp_350360	0.122313167592264
Smp_350370	0.20396790518156
Smp_350380	0.0768249314976499
Smp_350390	0.195007503371689
Smp_350400	0.158513441885295
Smp_350410	0.109567346703536
Smp_350430	0.0207163277643969
Smp_350450	0.0572278793177592
Smp_350480	0.0297971628583706
Smp_350490	0.828720684928537
Smp_350500	0.244655747757783
Smp_350520	4.08367047332167
Smp_350530	0.998366150606762
Smp_900000	0.35490563243552
Smp_900010	0.245819697722638
Smp_900020	0.3546511031223
Smp_900030	0.223884551999137
Smp_900040	0.319933286511482
Smp_900050	0.40225002405043
Smp_900060	0.506383144126869
Smp_900070	0.446737862451385
Smp_900080	0.354046354500972
Smp_900090	0.369166381029906
Smp_900100	0.300908421027256
Smp_900110	0.343181581190659
